[warn] no manifest.json, skip hash check
[index] 572 sessions / 1970 turns from /share/dai-sys/zhoulongsheng/agentkv/experiments/evict_position/workload/workload.jsonl
[arrival] {"type": "waves", "horizon_s": 300.0, "n_waves": 9, "wave_width_s": 20.0, "wave_start_s": [0.0, 37.5, 75.0, 112.5, 150.0, 187.5, 225.0, 262.5, 280.0], "wave_class_counts": [{"openhands": 4, "request": 60}, {"openhands": 4, "request": 60}, {"openhands": 4, "request": 60}, {"openhands": 4, "request": 60}, {"openhands": 4, "request": 60}, {"openhands": 4, "request": 60}, {"openhands": 3, "request": 60}, {"openhands": 3, "request": 60}, {"openhands": 3, "request": 59}], "arrival_seed": 42, "classes": ["openhands", "request"]}
[ok] request s309 turn0 ttft=1562.109ms hit=0.0 e2e=7522.558ms
[ok] request s547 turn0 ttft=2364.638ms hit=0.0 e2e=11045.85ms
[ok] request s281 turn0 ttft=1730.142ms hit=0.0 e2e=10413.467ms
[ok] request s100 turn0 ttft=1095.808ms hit=0.0 e2e=9778.77ms
[ok] request s362 turn0 ttft=1244.506ms hit=0.0 e2e=7557.045ms
[ok] request s113 turn0 ttft=2196.759ms hit=0.0 e2e=8510.091ms
[ok] request s206 turn0 ttft=2683.918ms hit=0.0 e2e=11366.907ms
[ok] openhands s195 turn0 ttft=1052.544ms hit=0.224097 e2e=7239.885ms
[ok] openhands s448 turn0 ttft=3633.845ms hit=0.0 e2e=12320.983ms
[ok] request s124 turn0 ttft=780.535ms hit=0.0 e2e=9467.449ms
[ok] request s143 turn0 ttft=1415.953ms hit=0.0 e2e=10102.606ms
[ok] request s144 turn0 ttft=2935.095ms hit=0.0 e2e=11621.4ms
[ok] request s400 turn0 ttft=2052.004ms hit=0.0 e2e=10738.089ms
[ok] request s9 turn0 ttft=2236.698ms hit=0.0 e2e=8832.887ms
[ok] request s565 turn0 ttft=2374.189ms hit=0.0 e2e=9151.063ms
[ok] request s191 turn0 ttft=2936.965ms hit=0.0 e2e=11623.297ms
[ok] request s507 turn0 ttft=1880.586ms hit=0.0 e2e=8199.412ms
[ok] request s401 turn0 ttft=734.966ms hit=0.0 e2e=6934.204ms
[ok] request s522 turn0 ttft=418.601ms hit=0.0 e2e=6617.181ms
[ok] request s223 turn0 ttft=3560.942ms hit=0.0 e2e=4725.683ms
[ok] request s288 turn0 ttft=2609.287ms hit=0.0 e2e=3773.923ms
[ok] request s158 turn0 ttft=1736.179ms hit=0.0 e2e=2504.212ms
[ok] request s397 turn0 ttft=2371.646ms hit=0.0 e2e=3139.543ms
[ok] request s44 turn0 ttft=4831.914ms hit=0.0 e2e=5997.183ms
[ok] request s182 turn0 ttft=4514.463ms hit=0.0 e2e=5679.649ms
[ok] request s80 turn0 ttft=4198.837ms hit=0.0 e2e=5362.91ms
[ok] request s160 turn0 ttft=2054.109ms hit=0.0 e2e=2823.115ms
[ok] openhands s512 turn0 ttft=1543.872ms hit=0.225208 e2e=2188.839ms
[ok] request s495 turn0 ttft=3882.092ms hit=0.0 e2e=5046.461ms
[ok] request s233 turn0 ttft=2687.907ms hit=0.0 e2e=3459.996ms
[ok] request s180 turn0 ttft=2929.387ms hit=0.0 e2e=4095.253ms
[ok] request s521 turn0 ttft=4980.251ms hit=0.0 e2e=6318.25ms
[ok] request s228 turn0 ttft=3247.61ms hit=0.0 e2e=4413.455ms
[ok] request s326 turn0 ttft=592.368ms hit=0.0 e2e=1239.809ms
[ok] request s30 turn0 ttft=908.571ms hit=0.0 e2e=1557.6ms
[ok] request s340 turn0 ttft=1228.045ms hit=0.0 e2e=1876.061ms
[ok] request s222 turn0 ttft=283.971ms hit=0.0 e2e=923.606ms
[ok] request s54 turn0 ttft=147.802ms hit=0.0 e2e=727.435ms
[ok] request s75 turn0 ttft=136.651ms hit=0.0 e2e=3408.265ms
[ok] request s557 turn0 ttft=383.053ms hit=0.0 e2e=7491.966ms
[ok] request s309 turn1 ttft=306.984ms hit=0.0 e2e=7580.779ms
[ok] openhands s512 turn1 ttft=382.753ms hit=0.948954 e2e=7768.576ms
[ok] openhands s195 turn1 ttft=315.624ms hit=0.988028 e2e=7825.146ms
[ok] request s501 turn0 ttft=187.121ms hit=0.0 e2e=7458.636ms
[ok] openhands s448 turn1 ttft=423.258ms hit=0.954386 e2e=7815.184ms
[ok] request s340 turn1 ttft=2275.156ms hit=0.0 e2e=7365.279ms
[ok] request s547 turn1 ttft=2075.086ms hit=0.0 e2e=7403.32ms
[ok] request s113 turn1 ttft=2309.12ms hit=0.0 e2e=7399.185ms
[ok] request s522 turn1 ttft=2298.693ms hit=0.0 e2e=7388.452ms
[ok] request s180 turn1 ttft=2279.94ms hit=0.0 e2e=7369.403ms
[ok] request s80 turn1 ttft=2283.123ms hit=0.0 e2e=7372.319ms
[ok] request s160 turn1 ttft=2282.375ms hit=0.0 e2e=7371.328ms
[ok] request s144 turn1 ttft=2306.91ms hit=0.0 e2e=7395.632ms
[ok] request s247 turn0 ttft=2217.139ms hit=0.0 e2e=7305.629ms
[ok] request s54 turn1 ttft=2159.32ms hit=0.0 e2e=7247.651ms
[ok] request s362 turn1 ttft=2314.638ms hit=0.450308 e2e=7402.783ms
[ok] request s400 turn1 ttft=2307.637ms hit=0.0 e2e=7395.443ms
[ok] request s565 turn1 ttft=2306.783ms hit=0.0 e2e=7394.373ms
[ok] request s44 turn1 ttft=2288.723ms hit=0.0 e2e=7376.145ms
[ok] request s223 turn1 ttft=2290.603ms hit=0.0 e2e=7377.888ms
[ok] request s521 turn1 ttft=2284.2ms hit=0.268625 e2e=7371.355ms
[ok] request s360 turn0 ttft=1586.59ms hit=0.0 e2e=6683.684ms
[ok] request s418 turn0 ttft=634.555ms hit=0.0 e2e=5731.598ms
[ok] request s474 turn0 ttft=317.581ms hit=0.0 e2e=5414.552ms
[ok] request s329 turn0 ttft=953.021ms hit=0.0 e2e=6049.908ms
[ok] request s491 turn0 ttft=1894.966ms hit=0.0 e2e=7002.076ms
[ok] request s135 turn0 ttft=1271.014ms hit=0.0 e2e=6368.288ms
[ok] request s37 turn0 ttft=3445.041ms hit=0.0 e2e=8721.513ms
[ok] request s493 turn0 ttft=2175.52ms hit=0.0 e2e=7452.401ms
[ok] openhands s449 turn0 ttft=4274.768ms hit=0.224884 e2e=9679.057ms
[ok] request s354 turn0 ttft=935.783ms hit=0.0 e2e=6188.601ms
[ok] request s550 turn0 ttft=2493.542ms hit=0.0 e2e=7776.186ms
[ok] request s91 turn0 ttft=618.501ms hit=0.0 e2e=5871.276ms
[ok] request s173 turn0 ttft=1889.113ms hit=0.0 e2e=7141.69ms
[ok] request s186 turn0 ttft=4080.971ms hit=0.0 e2e=9364.209ms
[ok] request s318 turn0 ttft=2812.024ms hit=0.0 e2e=8095.152ms
[ok] request s455 turn0 ttft=3764.171ms hit=0.0 e2e=9047.209ms
[ok] request s29 turn0 ttft=3130.553ms hit=0.0 e2e=8413.513ms
[ok] request s89 turn0 ttft=302.713ms hit=0.0 e2e=5556.778ms
[ok] request s178 turn0 ttft=1572.956ms hit=0.0 e2e=6826.964ms
[ok] request s252 turn0 ttft=1255.417ms hit=0.0 e2e=6509.438ms
[ok] request s413 turn0 ttft=140.063ms hit=0.0 e2e=5311.551ms
[ok] request s102 turn0 ttft=159.5ms hit=0.0 e2e=7197.5ms
[ok] request s354 turn1 ttft=1544.894ms hit=0.469509 e2e=1715.624ms
[ok] request s309 turn2 ttft=4067.23ms hit=0.0 e2e=6532.43ms
[ok] request s340 turn2 ttft=3899.955ms hit=0.0 e2e=6367.122ms
[ok] request s247 turn1 ttft=3893.944ms hit=0.0 e2e=6360.932ms
[ok] request s329 turn1 ttft=3913.732ms hit=0.0 e2e=6350.893ms
[ok] request s400 turn2 ttft=3919.127ms hit=0.0 e2e=6358.512ms
[ok] request s180 turn2 ttft=3924.882ms hit=0.358042 e2e=6363.742ms
[ok] openhands s448 turn2 ttft=4658.963ms hit=0.905137 e2e=7131.222ms
[ok] request s113 turn2 ttft=3926.889ms hit=0.422442 e2e=6370.409ms
[ok] openhands s195 turn2 ttft=2609.381ms hit=0.944934 e2e=7134.421ms
[ok] request s362 turn2 ttft=3893.719ms hit=0.288045 e2e=6366.663ms
[ok] request s547 turn2 ttft=3900.271ms hit=0.596737 e2e=6373.157ms
[ok] request s501 turn1 ttft=4065.255ms hit=0.0 e2e=6538.033ms
[ok] request s491 turn1 ttft=3884.378ms hit=0.0 e2e=6357.078ms
[ok] request s223 turn2 ttft=3890.87ms hit=0.52459 e2e=6363.503ms
[ok] openhands s512 turn2 ttft=4652.479ms hit=0.974496 e2e=7125.045ms
[ok] request s44 turn2 ttft=3920.014ms hit=0.348774 e2e=6365.828ms
[ok] request s521 turn2 ttft=3914.191ms hit=0.507937 e2e=6366.081ms
[ok] request s550 turn1 ttft=1541.862ms hit=0.286353 e2e=5994.827ms
[ok] request s29 turn1 ttft=1801.944ms hit=0.0 e2e=6254.672ms
[ok] request s413 turn1 ttft=1467.117ms hit=0.0 e2e=5919.557ms
[ok] openhands s449 turn1 ttft=2079.834ms hit=0.923146 e2e=6589.059ms
[ok] request s178 turn1 ttft=1540.953ms hit=0.0 e2e=5992.882ms
[ok] request s252 turn1 ttft=1539.926ms hit=0.0 e2e=5991.621ms
[ok] request s455 turn1 ttft=1923.326ms hit=0.0 e2e=6374.811ms
[ok] request s173 turn1 ttft=1539.803ms hit=0.0 e2e=5999.688ms
[ok] request s309 turn3 ttft=3588.654ms hit=0.51927 e2e=4070.729ms
[ok] request s247 turn2 ttft=3584.865ms hit=0.0 e2e=4068.456ms
[ok] request s547 turn3 ttft=3577.318ms hit=0.740741 e2e=4060.681ms
[ok] request s180 turn3 ttft=3596.9ms hit=0.593968 e2e=4065.853ms
[ok] request s501 turn2 ttft=3576.016ms hit=0.0 e2e=4059.453ms
[ok] request s354 turn2 ttft=3638.743ms hit=0.914286 e2e=4126.507ms
[ok] request s400 turn3 ttft=3598.081ms hit=0.392037 e2e=4073.073ms
[ok] openhands s448 turn3 ttft=2153.135ms hit=0.968874 e2e=4662.515ms
[ok] request s44 turn3 ttft=3571.645ms hit=0.363121 e2e=4059.967ms
[ok] request s113 turn3 ttft=3582.109ms hit=0.485999 e2e=4070.34ms
[ok] openhands s512 turn3 ttft=4167.085ms hit=0.940024 e2e=4655.169ms
[ok] request s340 turn3 ttft=3590.328ms hit=0.0 e2e=4078.281ms
[ok] request s491 turn2 ttft=3577.575ms hit=0.350205 e2e=4065.403ms
[ok] request s223 turn3 ttft=3577.552ms hit=0.320401 e2e=4064.396ms
[ok] openhands s195 turn3 ttft=4175.139ms hit=0.971935 e2e=4661.742ms
[ok] request s521 turn3 ttft=3583.515ms hit=0.587965 e2e=4060.834ms
[ok] openhands s449 turn2 ttft=183.772ms hit=0.983306 e2e=558.454ms
[ok] request s413 turn2 ttft=642.712ms hit=0.328838 e2e=1118.478ms
[ok] request s455 turn2 ttft=640.161ms hit=0.0 e2e=1117.58ms
[ok] request s247 turn3 ttft=341.668ms hit=0.0 e2e=679.526ms
[ok] request s44 turn4 ttft=350.069ms hit=0.730177 e2e=673.187ms
[ok] openhands s512 turn4 ttft=671.19ms hit=0.910372 e2e=1148.913ms
[ok] openhands s448 turn4 ttft=629.442ms hit=0.71081 e2e=1276.704ms
[ok] request s501 turn3 ttft=339.456ms hit=0.0 e2e=683.268ms
[ok] request s521 turn4 ttft=346.589ms hit=0.745541 e2e=674.729ms
[ok] request s173 turn2 ttft=638.529ms hit=0.466586 e2e=1121.325ms
[ok] openhands s449 turn3 ttft=517.069ms hit=0.946495 e2e=1166.189ms
[ok] request s178 turn2 ttft=643.162ms hit=0.0 e2e=1126.065ms
[ok] request s354 turn3 ttft=353.546ms hit=0.823813 e2e=681.972ms
[ok] request s309 turn4 ttft=342.996ms hit=0.609524 e2e=689.326ms
[ok] openhands s195 turn4 ttft=336.203ms hit=0.977171 e2e=1274.262ms
[ok] request s491 turn3 ttft=348.766ms hit=0.0 e2e=678.759ms
[ok] request s413 turn3 ttft=850.273ms hit=0.0 e2e=1413.061ms
[ok] request s44 turn5 ttft=845.835ms hit=0.0 e2e=1409.799ms
[ok] request s501 turn4 ttft=1101.215ms hit=0.0 e2e=1407.046ms
[ok] openhands s449 turn4 ttft=1137.663ms hit=0.494686 e2e=1999.981ms
[ok] openhands s448 turn5 ttft=319.942ms hit=0.98594 e2e=2009.139ms
[ok] request s354 turn4 ttft=1092.555ms hit=0.0 e2e=1403.465ms
[ok] request s521 turn5 ttft=1098.01ms hit=0.0 e2e=1409.861ms
[ok] openhands s512 turn5 ttft=497.84ms hit=0.984102 e2e=1997.134ms
[ok] request s247 turn4 ttft=848.673ms hit=0.0 e2e=1418.043ms
[ok] request s178 turn3 ttft=1100.762ms hit=0.0 e2e=1406.506ms
[ok] request s173 turn3 ttft=1101.986ms hit=0.0 e2e=1408.607ms
[ok] openhands s195 turn5 ttft=501.834ms hit=0.984973 e2e=2001.935ms
[ok] openhands s512 turn6 ttft=376.77ms hit=0.842951 e2e=645.451ms
[ok] openhands s449 turn5 ttft=372.388ms hit=0.992861 e2e=641.409ms
[ok] openhands s448 turn6 ttft=338.324ms hit=0.910608 e2e=652.631ms
[ok] openhands s195 turn6 ttft=321.279ms hit=0.842367 e2e=792.658ms
[ok] openhands s449 turn6 ttft=424.886ms hit=0.927715 e2e=720.683ms
[ok] openhands s512 turn7 ttft=347.272ms hit=0.942959 e2e=621.404ms
[ok] request s173 turn4 ttft=476.237ms hit=0.757396 e2e=774.429ms
[ok] openhands s448 turn7 ttft=443.46ms hit=0.934232 e2e=717.658ms
[ok] request s178 turn4 ttft=477.814ms hit=0.483475 e2e=777.14ms
[ok] openhands s512 turn8 ttft=389.8ms hit=0.977351 e2e=634.364ms
[ok] openhands s448 turn8 ttft=383.967ms hit=0.949404 e2e=629.583ms
[ok] openhands s449 turn7 ttft=382.215ms hit=0.916477 e2e=641.176ms
[ok] request s82 turn0 ttft=134.109ms hit=0.0 e2e=228.063ms
[ok] request s555 turn0 ttft=589.346ms hit=0.0 e2e=1095.434ms
[ok] openhands s66 turn0 ttft=786.387ms hit=0.0 e2e=1413.777ms
[ok] openhands s512 turn9 ttft=333.139ms hit=0.97225 e2e=1636.127ms
[ok] openhands s448 turn9 ttft=781.369ms hit=0.970196 e2e=1630.667ms
[ok] request s104 turn0 ttft=277.026ms hit=0.0 e2e=781.298ms
[ok] openhands s449 turn8 ttft=502.483ms hit=0.978996 e2e=1624.708ms
[ok] request s377 turn0 ttft=130.498ms hit=0.0 e2e=873.437ms
[ok] request s26 turn0 ttft=300.262ms hit=0.0 e2e=810.982ms
[ok] openhands s512 turn10 ttft=336.4ms hit=0.936882 e2e=848.338ms
[ok] openhands s448 turn10 ttft=333.19ms hit=0.970425 e2e=982.565ms
[ok] openhands s449 turn9 ttft=415.421ms hit=0.989757 e2e=928.305ms
[ok] openhands s66 turn1 ttft=453.942ms hit=0.963311 e2e=973.951ms
[ok] request s505 turn0 ttft=143.377ms hit=0.0 e2e=758.13ms
[ok] request s98 turn0 ttft=2789.334ms hit=0.0 e2e=3784.281ms
[ok] request s203 turn0 ttft=237.206ms hit=0.0 e2e=295.239ms
[ok] request s198 turn0 ttft=137.781ms hit=0.0 e2e=4324.349ms
[ok] request s509 turn0 ttft=1158.547ms hit=0.0 e2e=2099.321ms
[ok] openhands s195 turn7 ttft=1731.3ms hit=0.795423 e2e=2674.681ms
[ok] request s387 turn0 ttft=2780.274ms hit=0.0 e2e=4007.519ms
[ok] openhands s449 turn10 ttft=2854.018ms hit=0.990003 e2e=4389.054ms
[ok] request s357 turn0 ttft=749.387ms hit=0.0 e2e=1466.551ms
[ok] openhands s448 turn11 ttft=348.333ms hit=0.972536 e2e=4467.83ms
[ok] request s330 turn0 ttft=2145.289ms hit=0.0 e2e=3378.0ms
[ok] request s108 turn0 ttft=1828.219ms hit=0.0 e2e=3060.618ms
[ok] request s96 turn0 ttft=2463.016ms hit=0.0 e2e=3695.114ms
[ok] openhands s512 turn11 ttft=2740.952ms hit=0.914804 e2e=4455.494ms
[ok] request s26 turn1 ttft=2640.386ms hit=0.0 e2e=3872.432ms
[ok] request s377 turn1 ttft=2585.059ms hit=0.0 e2e=4126.566ms
[ok] request s256 turn0 ttft=1511.718ms hit=0.0 e2e=2743.78ms
[ok] openhands s260 turn0 ttft=1067.451ms hit=0.0 e2e=1792.441ms
[ok] openhands s66 turn2 ttft=2743.921ms hit=0.971274 e2e=4459.162ms
[ok] request s562 turn0 ttft=1477.526ms hit=0.0 e2e=2428.249ms
[ok] request s311 turn0 ttft=548.242ms hit=0.0 e2e=1157.968ms
[ok] request s485 turn0 ttft=150.794ms hit=0.0 e2e=907.928ms
[ok] request s450 turn0 ttft=142.137ms hit=0.0 e2e=1412.926ms
[ok] request s387 turn1 ttft=370.328ms hit=0.0 e2e=802.278ms
[ok] request s551 turn0 ttft=417.318ms hit=0.0 e2e=1093.438ms
[ok] request s311 turn1 ttft=359.394ms hit=0.0 e2e=922.097ms
[ok] openhands s449 turn11 ttft=842.109ms hit=0.986792 e2e=1519.558ms
[ok] openhands s448 turn12 ttft=700.291ms hit=0.9766 e2e=1513.035ms
[ok] openhands s195 turn8 ttft=385.461ms hit=0.985191 e2e=1528.241ms
[ok] request s256 turn1 ttft=362.337ms hit=0.0 e2e=929.386ms
[ok] request s198 turn1 ttft=573.925ms hit=0.0 e2e=1255.266ms
[ok] openhands s512 turn12 ttft=450.236ms hit=0.93827 e2e=1503.365ms
[ok] request s564 turn0 ttft=735.726ms hit=0.0 e2e=1418.071ms
[ok] openhands s260 turn1 ttft=690.003ms hit=0.715043 e2e=1507.633ms
[ok] request s562 turn1 ttft=362.155ms hit=0.439108 e2e=929.525ms
[ok] openhands s66 turn3 ttft=457.251ms hit=0.95794 e2e=1510.938ms
[ok] request s349 turn0 ttft=222.559ms hit=0.0 e2e=784.365ms
[ok] request s199 turn0 ttft=130.911ms hit=0.0 e2e=862.849ms
[ok] request s534 turn0 ttft=148.818ms hit=0.0 e2e=1135.138ms
[ok] openhands s512 turn13 ttft=708.281ms hit=0.971969 e2e=1366.986ms
[ok] request s544 turn0 ttft=563.5ms hit=0.0 e2e=1226.308ms
[ok] openhands s260 turn2 ttft=596.683ms hit=0.986233 e2e=1380.327ms
[ok] openhands s448 turn13 ttft=396.467ms hit=0.956382 e2e=1393.443ms
[ok] request s562 turn2 ttft=134.344ms hit=0.590883 e2e=793.953ms
[ok] request s551 turn1 ttft=141.785ms hit=0.0 e2e=802.644ms
[ok] openhands s195 turn9 ttft=475.036ms hit=0.984426 e2e=1385.955ms
[ok] request s25 turn0 ttft=249.646ms hit=0.0 e2e=910.535ms
[ok] openhands s449 turn12 ttft=520.806ms hit=0.95778 e2e=1305.503ms
[ok] openhands s66 turn4 ttft=468.301ms hit=0.909165 e2e=1379.509ms
[ok] request s161 turn0 ttft=126.851ms hit=0.0 e2e=1184.811ms
[ok] request s199 turn1 ttft=244.238ms hit=0.0 e2e=4437.158ms
[ok] request s19 turn0 ttft=131.003ms hit=0.0 e2e=4316.579ms
[ok] openhands s66 turn5 ttft=884.942ms hit=0.980316 e2e=4466.229ms
[ok] request s479 turn0 ttft=2594.849ms hit=0.0 e2e=3185.978ms
[ok] request s266 turn0 ttft=3230.543ms hit=0.0 e2e=3821.289ms
[ok] request s426 turn0 ttft=874.238ms hit=0.0 e2e=4463.598ms
[ok] openhands s448 turn14 ttft=730.503ms hit=0.912369 e2e=4496.564ms
[ok] request s53 turn0 ttft=1960.677ms hit=0.0 e2e=2558.405ms
[ok] openhands s512 turn14 ttft=593.047ms hit=0.988894 e2e=4504.557ms
[ok] request s562 turn3 ttft=3309.581ms hit=0.0 e2e=3905.717ms
[ok] request s25 turn1 ttft=3307.475ms hit=0.0 e2e=3904.306ms
[ok] request s544 turn1 ttft=3161.802ms hit=0.0 e2e=3907.497ms
[ok] openhands s449 turn13 ttft=716.017ms hit=0.982528 e2e=4483.991ms
[ok] openhands s194 turn0 ttft=3401.288ms hit=0.0 e2e=4146.914ms
[ok] openhands s260 turn3 ttft=882.481ms hit=0.922547 e2e=4473.423ms
[ok] request s36 turn0 ttft=2281.749ms hit=0.0 e2e=2877.908ms
[ok] openhands s195 turn10 ttft=577.05ms hit=0.832771 e2e=4490.054ms
[ok] request s472 turn0 ttft=2917.604ms hit=0.0 e2e=3513.624ms
[ok] request s284 turn0 ttft=691.363ms hit=0.0 e2e=1291.369ms
[ok] request s39 turn0 ttft=1326.388ms hit=0.0 e2e=1926.195ms
[ok] request s442 turn0 ttft=1011.143ms hit=0.0 e2e=1609.807ms
[ok] request s488 turn0 ttft=484.453ms hit=0.0 e2e=975.981ms
[ok] request s374 turn0 ttft=1646.192ms hit=0.0 e2e=2246.447ms
[ok] request s73 turn0 ttft=173.969ms hit=0.0 e2e=658.839ms
[ok] request s34 turn0 ttft=138.522ms hit=0.0 e2e=6448.622ms
[ok] request s5 turn0 ttft=639.114ms hit=0.0 e2e=6337.347ms
[ok] openhands s195 turn11 ttft=3530.305ms hit=0.878356 e2e=6348.649ms
[ok] openhands s513 turn0 ttft=4954.5ms hit=0.0 e2e=5466.889ms
[ok] request s36 turn1 ttft=3248.806ms hit=0.0 e2e=5797.021ms
[ok] openhands s260 turn4 ttft=3545.898ms hit=0.905718 e2e=6365.618ms
[ok] openhands s194 turn1 ttft=3559.587ms hit=0.99717 e2e=6384.119ms
[ok] request s10 turn0 ttft=4318.108ms hit=0.0 e2e=4836.041ms
[ok] openhands s448 turn15 ttft=3057.385ms hit=0.985461 e2e=6400.834ms
[ok] request s39 turn1 ttft=2977.419ms hit=0.0 e2e=5802.271ms
[ok] request s488 turn1 ttft=3246.632ms hit=0.0 e2e=5801.008ms
[ok] request s544 turn2 ttft=2980.656ms hit=0.0 e2e=5805.532ms
[ok] openhands s66 turn6 ttft=3208.547ms hit=0.984093 e2e=6369.229ms
[ok] request s515 turn0 ttft=3283.872ms hit=0.0 e2e=6108.826ms
[ok] openhands s449 turn14 ttft=3541.156ms hit=0.993177 e2e=6365.935ms
[ok] request s351 turn0 ttft=4641.311ms hit=0.0 e2e=5157.773ms
[ok] openhands s512 turn15 ttft=3233.433ms hit=0.99543 e2e=6394.764ms
[ok] request s394 turn0 ttft=3238.049ms hit=0.0 e2e=5794.0ms
[ok] request s316 turn0 ttft=958.174ms hit=0.0 e2e=1360.032ms
[ok] request s537 turn0 ttft=1913.376ms hit=0.0 e2e=2313.646ms
[ok] request s372 turn0 ttft=1594.588ms hit=0.0 e2e=1996.219ms
[ok] request s202 turn0 ttft=1276.133ms hit=0.0 e2e=1678.693ms
[ok] request s139 turn0 ttft=642.516ms hit=0.0 e2e=1044.457ms
[ok] request s147 turn0 ttft=3051.061ms hit=0.0 e2e=3584.979ms
[ok] request s412 turn0 ttft=3685.73ms hit=0.0 e2e=4219.542ms
[ok] request s235 turn0 ttft=3369.708ms hit=0.0 e2e=3903.454ms
[ok] request s497 turn0 ttft=2735.231ms hit=0.0 e2e=3268.732ms
[ok] request s328 turn0 ttft=4005.164ms hit=0.0 e2e=4538.582ms
[ok] request s438 turn0 ttft=2418.736ms hit=0.0 e2e=2952.124ms
[ok] request s373 turn0 ttft=2213.562ms hit=0.0 e2e=2633.688ms
[ok] request s112 turn0 ttft=326.602ms hit=0.0 e2e=731.056ms
[ok] openhands s195 turn12 ttft=673.011ms hit=0.960207 e2e=1297.889ms
[ok] openhands s449 turn15 ttft=728.998ms hit=0.988865 e2e=1304.841ms
[ok] request s112 turn1 ttft=378.318ms hit=0.0 e2e=734.386ms
[ok] openhands s512 turn16 ttft=844.677ms hit=0.990349 e2e=1298.39ms
[ok] request s537 turn1 ttft=383.234ms hit=0.482109 e2e=745.006ms
[ok] openhands s66 turn7 ttft=662.531ms hit=0.984038 e2e=1122.999ms
[ok] openhands s260 turn5 ttft=758.669ms hit=0.930784 e2e=1342.354ms
[ok] request s394 turn1 ttft=394.595ms hit=0.0 e2e=756.99ms
[ok] request s351 turn1 ttft=396.429ms hit=0.0 e2e=758.71ms
[ok] request s515 turn1 ttft=398.291ms hit=0.336842 e2e=760.48ms
[ok] openhands s448 turn16 ttft=642.914ms hit=0.996697 e2e=1323.74ms
[ok] request s5 turn1 ttft=488.675ms hit=0.0 e2e=851.268ms
[ok] openhands s513 turn1 ttft=878.553ms hit=0.988337 e2e=1340.875ms
[ok] request s316 turn1 ttft=387.076ms hit=0.0 e2e=750.061ms
[ok] request s372 turn1 ttft=385.062ms hit=0.0 e2e=747.998ms
[ok] openhands s194 turn2 ttft=656.106ms hit=0.989462 e2e=1339.634ms
[ok] request s412 turn1 ttft=384.02ms hit=0.0 e2e=747.439ms
[ok] openhands s260 turn6 ttft=401.038ms hit=0.839566 e2e=1109.695ms
[ok] openhands s513 turn2 ttft=566.312ms hit=0.957009 e2e=1116.232ms
[ok] openhands s66 turn8 ttft=540.309ms hit=0.970371 e2e=1091.745ms
[ok] openhands s448 turn17 ttft=549.053ms hit=0.976393 e2e=1101.451ms
[ok] openhands s194 turn3 ttft=548.209ms hit=0.973234 e2e=1116.712ms
[ok] request s394 turn2 ttft=272.227ms hit=0.683578 e2e=946.946ms
[ok] request s316 turn2 ttft=266.201ms hit=0.503937 e2e=942.757ms
[ok] request s515 turn2 ttft=269.618ms hit=0.422442 e2e=944.856ms
[ok] request s351 turn2 ttft=270.114ms hit=0.0 e2e=947.753ms
[ok] request s112 turn2 ttft=261.521ms hit=0.265285 e2e=957.965ms
[ok] openhands s448 turn18 ttft=564.798ms hit=0.969697 e2e=835.353ms
[ok] openhands s194 turn4 ttft=581.916ms hit=0.989247 e2e=853.106ms
[ok] openhands s260 turn7 ttft=434.369ms hit=0.850745 e2e=873.462ms
[ok] openhands s66 turn9 ttft=579.847ms hit=0.971507 e2e=860.184ms
[ok] openhands s513 turn3 ttft=583.55ms hit=0.809922 e2e=863.842ms
[ok] request s394 turn3 ttft=847.484ms hit=0.0 e2e=998.995ms
[ok] openhands s448 turn19 ttft=987.044ms hit=0.96909 e2e=1285.554ms
[ok] request s515 turn3 ttft=843.074ms hit=0.0 e2e=1141.502ms
[ok] request s351 turn3 ttft=840.775ms hit=0.0 e2e=1142.711ms
[ok] openhands s513 turn4 ttft=709.737ms hit=0.978875 e2e=1269.3ms
[ok] openhands s194 turn5 ttft=467.901ms hit=0.989601 e2e=1305.391ms
[ok] openhands s66 turn10 ttft=714.614ms hit=0.86718 e2e=1275.679ms
[ok] request s316 turn3 ttft=852.335ms hit=0.0 e2e=1148.381ms
[ok] openhands s260 turn8 ttft=530.902ms hit=0.993043 e2e=1282.087ms
[ok] openhands s194 turn6 ttft=833.954ms hit=0.988714 e2e=1231.773ms
[ok] request s515 turn4 ttft=342.481ms hit=0.0 e2e=648.142ms
[ok] request s351 turn4 ttft=339.045ms hit=0.0 e2e=646.057ms
[ok] openhands s513 turn5 ttft=674.119ms hit=0.948658 e2e=1209.602ms
[ok] openhands s448 turn20 ttft=458.569ms hit=0.93027 e2e=1246.675ms
[ok] openhands s260 turn9 ttft=679.409ms hit=0.938468 e2e=1216.004ms
[ok] request s316 turn4 ttft=337.489ms hit=0.690559 e2e=647.508ms
[ok] request s394 turn4 ttft=396.021ms hit=0.0 e2e=798.548ms
[ok] openhands s66 turn11 ttft=508.711ms hit=0.980684 e2e=1222.376ms
[ok] openhands s66 turn12 ttft=1118.606ms hit=0.961252 e2e=1390.913ms
[ok] request s394 turn5 ttft=647.378ms hit=0.0 e2e=919.855ms
[ok] openhands s194 turn7 ttft=1167.944ms hit=0.881391 e2e=1441.168ms
[ok] openhands s260 turn10 ttft=572.06ms hit=0.818811 e2e=1519.696ms
[ok] openhands s448 turn21 ttft=783.012ms hit=0.962974 e2e=1485.918ms
[ok] request s515 turn5 ttft=651.284ms hit=0.0 e2e=925.881ms
[ok] openhands s513 turn6 ttft=808.832ms hit=0.924085 e2e=1511.586ms
[ok] openhands s448 turn22 ttft=2556.231ms hit=0.975215 e2e=2847.552ms
[ok] openhands s194 turn8 ttft=2571.077ms hit=0.971612 e2e=2982.005ms
[ok] openhands s66 turn13 ttft=501.356ms hit=0.980492 e2e=2988.122ms
[ok] openhands s513 turn7 ttft=571.948ms hit=0.947998 e2e=2961.202ms
[ok] request s515 turn6 ttft=2110.799ms hit=0.839738 e2e=2389.36ms
[ok] openhands s260 turn11 ttft=480.119ms hit=0.995439 e2e=2968.079ms
[ok] openhands s448 turn23 ttft=441.133ms hit=0.975605 e2e=714.866ms
[ok] openhands s66 turn14 ttft=649.454ms hit=0.954334 e2e=930.753ms
[ok] openhands s194 turn9 ttft=518.07ms hit=0.989898 e2e=1053.589ms
[ok] openhands s513 turn8 ttft=748.451ms hit=0.956201 e2e=1031.994ms
[ok] request s515 turn7 ttft=178.758ms hit=0.860866 e2e=454.99ms
[ok] openhands s260 turn12 ttft=632.563ms hit=0.914956 e2e=1039.142ms
[ok] openhands s448 turn24 ttft=322.36ms hit=0.972693 e2e=596.505ms
[ok] openhands s194 turn10 ttft=753.246ms hit=0.98848 e2e=1031.969ms
[ok] openhands s66 turn15 ttft=437.322ms hit=0.981366 e2e=1038.598ms
[ok] openhands s513 turn9 ttft=603.744ms hit=0.854495 e2e=1009.305ms
[ok] openhands s260 turn13 ttft=538.121ms hit=0.993857 e2e=1016.848ms
[ok] openhands s260 turn14 ttft=643.776ms hit=0.993893 e2e=918.465ms
[ok] openhands s66 turn16 ttft=701.458ms hit=0.91707 e2e=982.236ms
[ok] openhands s194 turn11 ttft=574.016ms hit=0.990901 e2e=1016.885ms
[ok] openhands s513 turn10 ttft=706.057ms hit=0.985132 e2e=989.137ms
[ok] openhands s448 turn25 ttft=597.481ms hit=0.993698 e2e=1000.676ms
[ok] openhands s513 turn11 ttft=886.393ms hit=0.923027 e2e=1035.933ms
[ok] openhands s66 turn17 ttft=551.825ms hit=0.986709 e2e=1060.912ms
[ok] openhands s260 turn15 ttft=758.044ms hit=0.994894 e2e=1151.159ms
[ok] openhands s194 turn12 ttft=588.782ms hit=0.988589 e2e=1194.599ms
[ok] openhands s448 turn26 ttft=762.608ms hit=0.91419 e2e=1166.659ms
[ok] openhands s448 turn27 ttft=2564.549ms hit=0.933869 e2e=3211.145ms
[ok] openhands s133 turn0 ttft=684.401ms hit=0.0 e2e=1217.892ms
[ok] request s433 turn0 ttft=481.065ms hit=0.0 e2e=904.912ms
[ok] openhands s194 turn13 ttft=2612.55ms hit=0.99172 e2e=3262.433ms
[ok] openhands s66 turn18 ttft=562.097ms hit=0.992904 e2e=3411.094ms
[ok] request s126 turn0 ttft=173.423ms hit=0.0 e2e=588.086ms
[ok] openhands s260 turn16 ttft=2326.199ms hit=0.981018 e2e=3271.229ms
[ok] openhands s513 turn12 ttft=2248.506ms hit=0.991168 e2e=3401.464ms
[ok] request s441 turn0 ttft=144.935ms hit=0.0 e2e=816.761ms
[ok] request s306 turn0 ttft=500.778ms hit=0.0 e2e=1254.263ms
[ok] openhands s513 turn13 ttft=511.364ms hit=0.957084 e2e=1265.017ms
[ok] openhands s448 turn28 ttft=546.31ms hit=0.972848 e2e=1303.14ms
[ok] openhands s133 turn1 ttft=1097.496ms hit=0.954545 e2e=1268.525ms
[ok] openhands s260 turn17 ttft=673.535ms hit=0.995047 e2e=1421.344ms
[ok] request s237 turn0 ttft=435.161ms hit=0.0 e2e=1185.103ms
[ok] request s127 turn0 ttft=243.405ms hit=0.0 e2e=867.857ms
[ok] request s433 turn1 ttft=312.692ms hit=0.0 e2e=951.091ms
[ok] request s126 turn1 ttft=312.136ms hit=0.0 e2e=950.172ms
[ok] openhands s194 turn14 ttft=670.335ms hit=0.980974 e2e=1538.03ms
[ok] request s317 turn0 ttft=135.203ms hit=0.0 e2e=1439.469ms
[ok] request s155 turn0 ttft=545.121ms hit=0.0 e2e=1201.233ms
[ok] openhands s448 turn29 ttft=566.665ms hit=0.988789 e2e=1505.433ms
[ok] request s313 turn0 ttft=241.975ms hit=0.0 e2e=1183.152ms
[ok] openhands s133 turn2 ttft=567.187ms hit=0.714902 e2e=1511.366ms
[ok] openhands s513 turn14 ttft=550.612ms hit=0.944406 e2e=1494.381ms
[ok] openhands s260 turn18 ttft=967.491ms hit=0.984399 e2e=1265.782ms
[ok] openhands s194 turn15 ttft=592.964ms hit=0.98164 e2e=1370.179ms
[ok] request s217 turn0 ttft=211.785ms hit=0.0 e2e=982.298ms
[ok] request s126 turn2 ttft=340.742ms hit=0.0 e2e=1121.303ms
[ok] request s237 turn1 ttft=251.509ms hit=0.0 e2e=783.681ms
[ok] request s306 turn1 ttft=261.756ms hit=0.0 e2e=1032.325ms
[ok] request s127 turn1 ttft=249.916ms hit=0.0 e2e=784.354ms
[ok] request s433 turn2 ttft=248.439ms hit=0.0 e2e=782.089ms
[ok] request s128 turn0 ttft=145.528ms hit=0.0 e2e=666.903ms
[ok] request s47 turn0 ttft=126.652ms hit=0.0 e2e=1154.543ms
[ok] request s126 turn3 ttft=149.257ms hit=0.574635 e2e=226.519ms
[ok] openhands s133 turn3 ttft=449.77ms hit=0.909737 e2e=1084.89ms
[ok] request s241 turn0 ttft=367.524ms hit=0.0 e2e=1002.05ms
[ok] openhands s513 turn15 ttft=441.234ms hit=0.960137 e2e=1075.099ms
[ok] openhands s194 turn16 ttft=463.07ms hit=0.998211 e2e=2010.281ms
[ok] request s317 turn1 ttft=480.55ms hit=0.0 e2e=1910.98ms
[ok] openhands s260 turn19 ttft=514.527ms hit=0.993314 e2e=1944.639ms
[ok] request s165 turn0 ttft=297.985ms hit=0.0 e2e=1729.36ms
[ok] openhands s448 turn30 ttft=278.009ms hit=0.974064 e2e=1695.161ms
[ok] request s127 turn2 ttft=146.667ms hit=0.0 e2e=1862.674ms
[ok] request s476 turn0 ttft=145.097ms hit=0.0 e2e=1860.32ms
[ok] request s126 turn4 ttft=433.053ms hit=0.0 e2e=1668.336ms
[ok] request s405 turn0 ttft=305.417ms hit=0.0 e2e=1538.046ms
[ok] request s241 turn1 ttft=290.842ms hit=0.0 e2e=1523.146ms
[ok] request s47 turn1 ttft=452.094ms hit=0.0 e2e=1687.378ms
[ok] openhands s324 turn0 ttft=819.181ms hit=0.0 e2e=2173.584ms
[ok] openhands s133 turn4 ttft=766.325ms hit=0.81961 e2e=2119.833ms
[ok] request s24 turn0 ttft=620.923ms hit=0.0 e2e=1856.248ms
[ok] openhands s513 turn16 ttft=757.531ms hit=0.968385 e2e=2111.982ms
[ok] request s506 turn0 ttft=143.609ms hit=0.0 e2e=1376.956ms
[ok] openhands s260 turn20 ttft=452.96ms hit=0.989576 e2e=1604.011ms
[ok] openhands s448 turn31 ttft=1024.574ms hit=0.949359 e2e=1550.198ms
[ok] openhands s194 turn17 ttft=615.176ms hit=0.981752 e2e=1546.247ms
[ok] request s165 turn1 ttft=350.781ms hit=0.0 e2e=1038.39ms
[ok] request s553 turn0 ttft=531.744ms hit=0.0 e2e=1463.844ms
[ok] request s70 turn0 ttft=155.021ms hit=0.0 e2e=827.543ms
[ok] request s369 turn0 ttft=334.899ms hit=0.0 e2e=1145.0ms
[ok] request s299 turn0 ttft=262.227ms hit=0.0 e2e=1521.722ms
[ok] openhands s324 turn1 ttft=298.137ms hit=0.963689 e2e=1566.967ms
[ok] openhands s133 turn5 ttft=286.358ms hit=0.926675 e2e=1547.329ms
[ok] openhands s513 turn17 ttft=294.148ms hit=0.954651 e2e=1554.76ms
[ok] request s84 turn0 ttft=136.992ms hit=0.0 e2e=1389.486ms
[ok] openhands s260 turn21 ttft=522.294ms hit=0.979836 e2e=1681.894ms
[ok] request s165 turn2 ttft=373.337ms hit=0.396899 e2e=1189.535ms
[ok] request s369 turn1 ttft=371.563ms hit=0.0 e2e=1189.665ms
[ok] request s126 turn5 ttft=452.674ms hit=0.532225 e2e=1751.614ms
[ok] openhands s448 turn32 ttft=512.728ms hit=0.9918 e2e=1811.291ms
[ok] request s65 turn0 ttft=225.266ms hit=0.0 e2e=1033.917ms
[ok] request s183 turn0 ttft=719.991ms hit=0.0 e2e=1668.969ms
[ok] request s405 turn1 ttft=559.343ms hit=0.0 e2e=1753.337ms
[ok] request s261 turn0 ttft=403.095ms hit=0.0 e2e=1355.213ms
[ok] openhands s194 turn18 ttft=637.69ms hit=0.995818 e2e=1712.896ms
[ok] openhands s324 turn2 ttft=299.026ms hit=0.858884 e2e=784.059ms
[ok] openhands s133 turn6 ttft=299.324ms hit=0.942414 e2e=774.073ms
[ok] request s142 turn0 ttft=248.323ms hit=0.0 e2e=738.469ms
[ok] openhands s513 turn18 ttft=294.463ms hit=0.964824 e2e=786.022ms
[ok] request s17 turn0 ttft=142.028ms hit=0.0 e2e=925.013ms
[ok] request s341 turn0 ttft=739.345ms hit=0.0 e2e=1230.774ms
[ok] openhands s260 turn22 ttft=662.601ms hit=0.987412 e2e=2263.692ms
[ok] request s267 turn0 ttft=605.839ms hit=0.0 e2e=2207.343ms
[ok] openhands s259 turn0 ttft=909.258ms hit=0.0 e2e=1722.788ms
[ok] openhands s324 turn3 ttft=515.196ms hit=0.955412 e2e=2254.499ms
[ok] request s126 turn6 ttft=1008.474ms hit=0.0 e2e=1675.237ms
[ok] request s165 turn3 ttft=867.304ms hit=0.0 e2e=1679.921ms
[ok] openhands s194 turn19 ttft=776.448ms hit=0.991937 e2e=2188.574ms
[ok] request s381 turn0 ttft=536.194ms hit=0.0 e2e=1088.694ms
[ok] request s65 turn1 ttft=1004.969ms hit=0.0 e2e=1678.259ms
[ok] request s142 turn1 ttft=988.768ms hit=0.0 e2e=1660.4ms
[ok] request s379 turn0 ttft=629.05ms hit=0.0 e2e=2047.415ms
[ok] request s405 turn2 ttft=857.96ms hit=0.0 e2e=1677.573ms
[ok] request s245 turn0 ttft=223.605ms hit=0.0 e2e=777.692ms
[ok] request s369 turn2 ttft=863.642ms hit=0.0 e2e=1683.217ms
[ok] openhands s513 turn19 ttft=624.86ms hit=0.963154 e2e=2248.753ms
[ok] openhands s448 turn33 ttft=519.342ms hit=0.983467 e2e=2276.831ms
[ok] openhands s133 turn7 ttft=511.407ms hit=0.886929 e2e=2258.904ms
[ok] request s55 turn0 ttft=138.328ms hit=0.0 e2e=1095.264ms
[ok] request s105 turn0 ttft=780.144ms hit=0.0 e2e=780.528ms
[ok] openhands s260 turn23 ttft=1890.519ms hit=0.974915 e2e=2182.605ms
[ok] request s341 turn1 ttft=916.601ms hit=0.0 e2e=1612.034ms
[ok] request s369 turn3 ttft=848.98ms hit=0.0 e2e=1572.982ms
[ok] request s65 turn2 ttft=732.793ms hit=0.0 e2e=1577.676ms
[ok] request s405 turn3 ttft=730.585ms hit=0.0 e2e=1575.128ms
[ok] openhands s448 turn34 ttft=1053.748ms hit=0.977083 e2e=2136.392ms
[ok] openhands s259 turn1 ttft=1088.435ms hit=0.776935 e2e=2171.874ms
[ok] request s321 turn0 ttft=643.816ms hit=0.0 e2e=1368.236ms
[ok] request s356 turn0 ttft=841.746ms hit=0.0 e2e=1686.508ms
[ok] request s55 turn1 ttft=556.188ms hit=0.0 e2e=1282.14ms
[ok] openhands s194 turn20 ttft=1085.521ms hit=0.9946 e2e=2170.297ms
[ok] request s267 turn1 ttft=890.803ms hit=0.0 e2e=1735.76ms
[ok] openhands s324 turn4 ttft=816.204ms hit=0.604063 e2e=2177.253ms
[ok] request s117 turn0 ttft=918.535ms hit=0.0 e2e=2004.765ms
[ok] openhands s133 turn8 ttft=780.658ms hit=0.952685 e2e=2143.307ms
[ok] request s126 turn7 ttft=740.351ms hit=0.0 e2e=1585.785ms
[ok] openhands s513 turn20 ttft=789.257ms hit=0.964669 e2e=2151.845ms
[ok] request s142 turn2 ttft=853.278ms hit=0.0 e2e=1579.516ms
[ok] request s105 turn1 ttft=230.203ms hit=0.0 e2e=944.628ms
[ok] request s240 turn0 ttft=341.986ms hit=0.0 e2e=1056.224ms
[ok] request s454 turn0 ttft=155.798ms hit=0.0 e2e=739.501ms
[ok] request s72 turn0 ttft=134.112ms hit=0.0 e2e=1454.158ms
[ok] request s341 turn2 ttft=600.953ms hit=0.0 e2e=804.245ms
[ok] openhands s260 turn24 ttft=779.2ms hit=0.990105 e2e=2253.544ms
[ok] openhands s513 turn21 ttft=1106.296ms hit=0.992218 e2e=2057.787ms
[ok] openhands s324 turn5 ttft=593.52ms hit=0.98712 e2e=2070.571ms
[ok] openhands s448 turn35 ttft=627.02ms hit=0.991486 e2e=2105.843ms
[ok] openhands s133 turn9 ttft=588.143ms hit=0.978931 e2e=2066.608ms
[ok] request s134 turn0 ttft=730.797ms hit=0.0 e2e=2210.618ms
[ok] openhands s259 turn2 ttft=583.304ms hit=0.969938 e2e=2061.694ms
[ok] request s267 turn2 ttft=406.702ms hit=0.274678 e2e=1550.771ms
[ok] request s65 turn3 ttft=412.253ms hit=0.833488 e2e=1556.089ms
[ok] request s321 turn1 ttft=408.774ms hit=0.0 e2e=1552.317ms
[ok] openhands s194 turn21 ttft=869.79ms hit=0.980063 e2e=2135.717ms
[ok] request s105 turn2 ttft=406.577ms hit=0.0 e2e=1550.165ms
[ok] request s55 turn2 ttft=592.676ms hit=0.0 e2e=1736.031ms
[ok] request s439 turn0 ttft=170.785ms hit=0.0 e2e=1303.391ms
[ok] request s291 turn0 ttft=671.332ms hit=0.0 e2e=1938.913ms
[ok] request s164 turn0 ttft=477.919ms hit=0.0 e2e=1621.144ms
[ok] request s405 turn4 ttft=413.507ms hit=0.749634 e2e=1556.539ms
[ok] request s303 turn0 ttft=167.65ms hit=0.0 e2e=1049.751ms
[ok] request s504 turn0 ttft=474.781ms hit=0.0 e2e=1367.936ms
[ok] openhands s130 turn0 ttft=678.153ms hit=0.0 e2e=1685.843ms
[ok] request s549 turn0 ttft=566.566ms hit=0.0 e2e=1523.701ms
[ok] openhands s133 turn10 ttft=731.006ms hit=0.979904 e2e=2217.006ms
[ok] request s164 turn1 ttft=512.44ms hit=0.424544 e2e=1587.541ms
[ok] request s439 turn1 ttft=514.946ms hit=0.3819 e2e=1589.643ms
[ok] request s319 turn0 ttft=514.784ms hit=0.0 e2e=1593.802ms
[ok] request s232 turn0 ttft=726.591ms hit=0.0 e2e=2218.588ms
[ok] openhands s194 turn22 ttft=848.523ms hit=0.98705 e2e=2196.117ms
[ok] request s321 turn2 ttft=516.918ms hit=0.0 e2e=1597.083ms
[ok] openhands s448 turn36 ttft=731.819ms hit=0.974004 e2e=1811.221ms
[ok] openhands s513 turn22 ttft=725.307ms hit=0.974068 e2e=2218.732ms
[ok] openhands s130 turn1 ttft=881.512ms hit=0.0 e2e=1497.087ms
[ok] openhands s260 turn25 ttft=743.642ms hit=0.98961 e2e=2242.173ms
[ok] openhands s259 turn3 ttft=706.394ms hit=0.970408 e2e=2204.613ms
[ok] request s267 turn3 ttft=520.351ms hit=0.637874 e2e=1600.516ms
[ok] request s55 turn3 ttft=551.177ms hit=0.566372 e2e=1900.258ms
[ok] openhands s324 turn6 ttft=732.787ms hit=0.849692 e2e=2231.289ms
[ok] request s405 turn5 ttft=514.55ms hit=0.782875 e2e=1595.109ms
[ok] request s81 turn0 ttft=663.731ms hit=0.0 e2e=1289.571ms
[ok] request s21 turn0 ttft=150.317ms hit=0.0 e2e=655.208ms
[ok] request s561 turn0 ttft=459.963ms hit=0.0 e2e=973.079ms
[ok] request s120 turn0 ttft=148.397ms hit=0.0 e2e=1482.603ms
[ok] request s439 turn2 ttft=507.013ms hit=0.620499 e2e=800.648ms
[ok] request s508 turn0 ttft=573.426ms hit=0.0 e2e=878.166ms
[ok] request s164 turn2 ttft=300.227ms hit=0.517172 e2e=591.556ms
[ok] openhands s324 turn7 ttft=855.416ms hit=0.87747 e2e=1418.486ms
[ok] request s456 turn0 ttft=269.463ms hit=0.0 e2e=820.332ms
[ok] openhands s130 turn2 ttft=870.3ms hit=0.955075 e2e=1437.74ms
[ok] request s267 turn4 ttft=290.127ms hit=0.471021 e2e=846.884ms
[ok] openhands s259 turn4 ttft=599.889ms hit=0.987702 e2e=1419.109ms
[ok] request s137 turn0 ttft=451.428ms hit=0.0 e2e=1460.36ms
[ok] openhands s133 turn11 ttft=437.206ms hit=0.982904 e2e=1445.85ms
[ok] openhands s513 turn23 ttft=595.478ms hit=0.967328 e2e=1416.125ms
[ok] request s405 turn6 ttft=290.62ms hit=0.83442 e2e=846.268ms
[ok] openhands s260 turn26 ttft=468.291ms hit=0.993538 e2e=1437.215ms
[ok] request s249 turn0 ttft=135.42ms hit=0.0 e2e=973.868ms
[ok] request s499 turn0 ttft=135.045ms hit=0.0 e2e=1173.285ms
[ok] openhands s513 turn24 ttft=707.426ms hit=0.992641 e2e=1334.54ms
[ok] request s405 turn7 ttft=309.702ms hit=0.0 e2e=747.523ms
[ok] request s367 turn0 ttft=594.819ms hit=0.0 e2e=1223.081ms
[ok] request s456 turn1 ttft=316.299ms hit=0.0 e2e=758.69ms
[ok] openhands s130 turn3 ttft=547.818ms hit=0.894292 e2e=1325.96ms
[ok] request s508 turn1 ttft=516.815ms hit=0.0 e2e=1018.726ms
[ok] openhands s324 turn8 ttft=467.861ms hit=0.891559 e2e=1353.528ms
[ok] openhands s260 turn27 ttft=651.615ms hit=0.996573 e2e=1154.669ms
[ok] openhands s259 turn5 ttft=550.586ms hit=0.977332 e2e=1331.01ms
[ok] request s267 turn5 ttft=312.607ms hit=0.794723 e2e=755.785ms
[ok] request s439 turn3 ttft=396.231ms hit=0.730101 e2e=1029.864ms
[ok] openhands s133 turn12 ttft=567.833ms hit=0.980426 e2e=1348.63ms
[ok] request s249 turn1 ttft=134.331ms hit=0.0 e2e=787.522ms
[ok] openhands s260 turn28 ttft=855.112ms hit=0.910087 e2e=1615.61ms
[ok] openhands s133 turn13 ttft=1027.544ms hit=0.941869 e2e=1604.226ms
[ok] openhands s448 turn37 ttft=691.121ms hit=0.908543 e2e=1118.696ms
[ok] openhands s513 turn25 ttft=836.237ms hit=0.990412 e2e=1601.237ms
[ok] request s249 turn2 ttft=230.211ms hit=0.0 e2e=530.629ms
[ok] openhands s324 turn9 ttft=500.866ms hit=0.909271 e2e=1631.889ms
[ok] request s499 turn1 ttft=843.048ms hit=0.0 e2e=1425.111ms
[ok] openhands s130 turn4 ttft=630.897ms hit=0.974934 e2e=1591.912ms
[ok] request s456 turn2 ttft=602.094ms hit=0.0 e2e=1034.273ms
[ok] openhands s259 turn6 ttft=665.603ms hit=0.975553 e2e=1626.701ms
[ok] openhands s448 turn38 ttft=2504.705ms hit=0.995505 e2e=2772.269ms
[ok] request s456 turn3 ttft=2076.989ms hit=0.0 e2e=2344.324ms
[ok] openhands s133 turn14 ttft=2473.657ms hit=0.932839 e2e=2744.383ms
[ok] openhands s324 turn10 ttft=2489.602ms hit=0.957309 e2e=2759.001ms
[ok] openhands s260 turn29 ttft=2419.194ms hit=0.991937 e2e=2787.643ms
[ok] request s499 turn2 ttft=1919.512ms hit=0.0 e2e=2188.729ms
[ok] openhands s259 turn7 ttft=2480.725ms hit=0.976647 e2e=2749.538ms
[ok] openhands s130 turn5 ttft=2484.866ms hit=0.973582 e2e=2753.297ms
[ok] openhands s260 turn30 ttft=648.321ms hit=0.993654 e2e=930.765ms
[ok] request s456 turn4 ttft=509.943ms hit=0.0 e2e=792.686ms
[ok] request s499 turn3 ttft=258.124ms hit=0.0 e2e=532.523ms
[ok] openhands s130 turn6 ttft=715.745ms hit=0.973254 e2e=1124.322ms
[ok] openhands s324 turn11 ttft=529.208ms hit=0.926597 e2e=1131.745ms
[ok] openhands s133 turn15 ttft=233.335ms hit=0.936567 e2e=508.855ms
[ok] openhands s448 turn39 ttft=706.77ms hit=0.982926 e2e=1116.511ms
[ok] openhands s259 turn8 ttft=585.501ms hit=0.982135 e2e=1121.192ms
[ok] openhands s324 turn12 ttft=766.456ms hit=0.992758 e2e=1046.46ms
[ok] openhands s133 turn16 ttft=766.632ms hit=0.978967 e2e=1040.572ms
[ok] request s499 turn4 ttft=192.841ms hit=0.4096 e2e=467.543ms
[ok] openhands s259 turn9 ttft=751.536ms hit=0.951829 e2e=1032.899ms
[ok] openhands s260 turn31 ttft=570.228ms hit=0.996511 e2e=1068.38ms
[ok] openhands s448 turn40 ttft=616.143ms hit=0.983966 e2e=1029.562ms
[ok] openhands s130 turn7 ttft=557.891ms hit=0.936605 e2e=1055.892ms
[ok] openhands s133 turn17 ttft=213.55ms hit=0.98343 e2e=484.565ms
[ok] openhands s130 turn8 ttft=761.647ms hit=0.990947 e2e=1043.601ms
[ok] openhands s324 turn13 ttft=510.37ms hit=0.904769 e2e=1087.462ms
[ok] openhands s448 turn41 ttft=788.845ms hit=0.994572 e2e=1072.667ms
[ok] openhands s259 turn10 ttft=667.392ms hit=0.833456 e2e=1078.2ms
[ok] openhands s324 turn14 ttft=457.845ms hit=0.993724 e2e=957.495ms
[ok] openhands s133 turn18 ttft=437.194ms hit=0.963205 e2e=814.733ms
[ok] openhands s259 turn11 ttft=686.111ms hit=0.892132 e2e=1069.843ms
[ok] openhands s448 turn42 ttft=560.356ms hit=0.993998 e2e=1088.258ms
[ok] openhands s130 turn9 ttft=708.862ms hit=0.976318 e2e=1093.374ms
[ok] openhands s130 turn10 ttft=476.764ms hit=0.976567 e2e=747.205ms
[ok] openhands s448 turn43 ttft=472.055ms hit=0.98409 e2e=742.978ms
[ok] openhands s324 turn15 ttft=464.702ms hit=0.988833 e2e=905.1ms
[ok] openhands s259 turn12 ttft=467.808ms hit=0.9702 e2e=755.134ms
[ok] openhands s133 turn19 ttft=355.199ms hit=0.962251 e2e=764.415ms
[ok] openhands s324 turn16 ttft=438.041ms hit=0.989128 e2e=808.476ms
[ok] openhands s259 turn13 ttft=424.489ms hit=0.984693 e2e=800.776ms
[ok] openhands s130 turn11 ttft=314.217ms hit=0.986097 e2e=815.282ms
[ok] openhands s133 turn20 ttft=197.774ms hit=0.981522 e2e=560.374ms
[ok] openhands s324 turn17 ttft=271.003ms hit=0.990813 e2e=636.024ms
[ok] openhands s133 turn21 ttft=196.769ms hit=0.94484 e2e=558.762ms
[ok] openhands s324 turn18 ttft=268.511ms hit=0.990227 e2e=629.591ms
[ok] openhands s133 turn22 ttft=196.057ms hit=0.940862 e2e=439.97ms
[ok] openhands s133 turn23 ttft=201.26ms hit=0.958314 e2e=453.896ms
[ok] openhands s133 turn24 ttft=197.35ms hit=0.980485 e2e=441.918ms
[ok] openhands s133 turn25 ttft=193.3ms hit=0.967842 e2e=437.75ms
[ok] openhands s133 turn26 ttft=199.725ms hit=0.977185 e2e=443.209ms
[ok] openhands s133 turn27 ttft=194.331ms hit=0.99173 e2e=437.328ms
[ok] openhands s133 turn28 ttft=198.292ms hit=0.984105 e2e=443.539ms
[ok] openhands s133 turn29 ttft=206.517ms hit=0.925227 e2e=451.706ms
[ok] request s432 turn0 ttft=487.038ms hit=0.0 e2e=858.856ms
[ok] request s489 turn0 ttft=172.774ms hit=0.0 e2e=542.316ms
[ok] openhands s133 turn30 ttft=387.973ms hit=0.963863 e2e=1287.636ms
[ok] openhands s257 turn0 ttft=682.444ms hit=0.0 e2e=1178.099ms
[ok] request s520 turn0 ttft=126.417ms hit=0.0 e2e=613.261ms
[ok] request s569 turn0 ttft=192.374ms hit=0.0 e2e=551.431ms
[ok] openhands s257 turn1 ttft=280.094ms hit=0.960177 e2e=642.591ms
[ok] request s64 turn0 ttft=130.654ms hit=0.0 e2e=607.381ms
[ok] request s189 turn0 ttft=200.866ms hit=0.0 e2e=560.932ms
[ok] openhands s257 turn2 ttft=279.121ms hit=0.928786 e2e=643.926ms
[ok] request s277 turn0 ttft=131.413ms hit=0.0 e2e=616.72ms
[ok] openhands s257 turn3 ttft=289.471ms hit=0.924188 e2e=908.087ms
[ok] request s482 turn0 ttft=225.668ms hit=0.0 e2e=836.905ms
[ok] request s200 turn0 ttft=205.974ms hit=0.0 e2e=250.052ms
[ok] request s188 turn0 ttft=137.966ms hit=0.0 e2e=893.491ms
[ok] request s189 turn1 ttft=244.578ms hit=0.417278 e2e=903.734ms
[ok] request s174 turn0 ttft=148.092ms hit=0.0 e2e=796.568ms
[ok] openhands s257 turn4 ttft=314.378ms hit=0.853618 e2e=961.374ms
[ok] request s277 turn1 ttft=257.901ms hit=0.0 e2e=899.645ms
[ok] request s422 turn0 ttft=151.896ms hit=0.0 e2e=1164.59ms
[ok] request s482 turn1 ttft=131.475ms hit=0.0 e2e=1030.898ms
[ok] request s536 turn0 ttft=148.317ms hit=0.0 e2e=915.373ms
[ok] openhands s257 turn5 ttft=296.804ms hit=0.916349 e2e=1294.965ms
[ok] request s189 turn2 ttft=209.366ms hit=0.558038 e2e=1064.571ms
[ok] request s421 turn0 ttft=321.858ms hit=0.0 e2e=1190.701ms
[ok] request s435 turn0 ttft=151.005ms hit=0.0 e2e=879.379ms
[ok] openhands s131 turn0 ttft=264.3ms hit=0.0 e2e=1893.956ms
[ok] request s516 turn0 ttft=193.183ms hit=0.0 e2e=1602.202ms
[ok] request s482 turn2 ttft=270.425ms hit=0.0 e2e=1688.825ms
[ok] request s552 turn0 ttft=301.395ms hit=0.0 e2e=824.127ms
[ok] request s536 turn1 ttft=244.946ms hit=0.0 e2e=1533.289ms
[ok] request s435 turn1 ttft=409.519ms hit=0.0 e2e=934.305ms
[ok] openhands s257 turn6 ttft=909.615ms hit=0.495874 e2e=1449.05ms
[ok] request s16 turn0 ttft=373.92ms hit=0.0 e2e=1464.357ms
[ok] request s325 turn0 ttft=607.094ms hit=0.0 e2e=1145.34ms
[ok] request s179 turn0 ttft=135.438ms hit=0.0 e2e=592.007ms
[ok] openhands s131 turn1 ttft=151.744ms hit=0.913796 e2e=1234.235ms
[ok] request s246 turn0 ttft=142.221ms hit=0.0 e2e=1226.119ms
[ok] openhands s257 turn7 ttft=319.287ms hit=0.95469 e2e=1538.409ms
[ok] request s230 turn0 ttft=200.94ms hit=0.0 e2e=1416.661ms
[ok] request s403 turn0 ttft=162.976ms hit=0.0 e2e=1188.19ms
[ok] request s516 turn1 ttft=236.713ms hit=0.0 e2e=1267.582ms
[ok] request s57 turn0 ttft=204.086ms hit=0.0 e2e=870.605ms
[ok] request s435 turn2 ttft=241.43ms hit=0.0 e2e=1032.12ms
[ok] request s179 turn1 ttft=275.928ms hit=0.0 e2e=949.812ms
[ok] request s170 turn0 ttft=219.966ms hit=0.0 e2e=857.398ms
[ok] openhands s131 turn2 ttft=260.124ms hit=0.896387 e2e=903.044ms
[ok] request s500 turn0 ttft=134.702ms hit=0.0 e2e=1112.783ms
[ok] openhands s257 turn8 ttft=333.332ms hit=0.966003 e2e=1076.181ms
[ok] request s406 turn0 ttft=168.371ms hit=0.0 e2e=907.906ms
[ok] openhands s131 turn3 ttft=270.826ms hit=0.930345 e2e=2226.796ms
[ok] request s273 turn0 ttft=194.146ms hit=0.0 e2e=2148.678ms
[ok] request s516 turn2 ttft=242.337ms hit=0.0 e2e=1984.798ms
[ok] request s119 turn0 ttft=141.124ms hit=0.0 e2e=1872.036ms
[ok] request s435 turn3 ttft=254.503ms hit=0.377025 e2e=1985.071ms
[ok] request s179 turn2 ttft=253.398ms hit=0.0 e2e=1983.614ms
[ok] request s215 turn0 ttft=146.296ms hit=0.0 e2e=2080.966ms
[ok] openhands s2 turn0 ttft=1040.886ms hit=0.0 e2e=1789.884ms
[ok] request s332 turn0 ttft=724.529ms hit=0.0 e2e=1475.359ms
[ok] request s436 turn0 ttft=212.833ms hit=0.0 e2e=840.72ms
[ok] openhands s257 turn9 ttft=862.424ms hit=0.702359 e2e=2072.933ms
[ok] request s242 turn0 ttft=519.719ms hit=0.0 e2e=1157.552ms
[ok] openhands s131 turn4 ttft=268.706ms hit=0.852538 e2e=892.169ms
[ok] request s32 turn0 ttft=210.432ms hit=0.0 e2e=830.106ms
[ok] request s224 turn0 ttft=127.24ms hit=0.0 e2e=865.055ms
[ok] openhands s2 turn1 ttft=286.295ms hit=0.975393 e2e=914.401ms
[ok] request s391 turn0 ttft=185.424ms hit=0.0 e2e=805.638ms
[ok] request s273 turn1 ttft=288.992ms hit=0.0 e2e=908.373ms
[ok] openhands s257 turn10 ttft=294.364ms hit=0.992425 e2e=914.428ms
[ok] request s179 turn3 ttft=252.906ms hit=0.451499 e2e=872.232ms
[ok] request s35 turn0 ttft=175.807ms hit=0.0 e2e=663.961ms
[ok] openhands s131 turn5 ttft=273.179ms hit=0.88772 e2e=766.965ms
[ok] request s292 turn0 ttft=141.405ms hit=0.0 e2e=192.677ms
[ok] request s15 turn0 ttft=130.784ms hit=0.0 e2e=1170.864ms
[ok] openhands s131 turn6 ttft=237.298ms hit=0.87456 e2e=922.244ms
[ok] openhands s2 turn2 ttft=299.175ms hit=0.946288 e2e=1115.002ms
[ok] request s409 turn0 ttft=275.734ms hit=0.0 e2e=969.11ms
[ok] openhands s257 turn11 ttft=418.178ms hit=0.986749 e2e=1112.305ms
[ok] request s333 turn0 ttft=327.304ms hit=0.0 e2e=1561.078ms
[ok] request s35 turn1 ttft=145.941ms hit=0.0 e2e=1256.398ms
[ok] request s343 turn0 ttft=223.372ms hit=0.0 e2e=615.409ms
[ok] openhands s131 turn7 ttft=560.005ms hit=0.833725 e2e=1214.322ms
[ok] request s169 turn0 ttft=251.937ms hit=0.0 e2e=1252.907ms
[ok] openhands s2 turn3 ttft=378.183ms hit=0.907423 e2e=1237.343ms
[ok] request s292 turn1 ttft=370.629ms hit=0.0 e2e=779.256ms
[ok] request s296 turn0 ttft=407.064ms hit=0.0 e2e=938.468ms
[ok] openhands s257 turn12 ttft=578.297ms hit=0.939349 e2e=1235.136ms
[ok] request s6 turn0 ttft=131.608ms hit=0.0 e2e=1489.578ms
[ok] request s272 turn0 ttft=135.358ms hit=0.0 e2e=232.597ms
[ok] request s140 turn0 ttft=501.797ms hit=0.0 e2e=917.015ms
[ok] openhands s384 turn0 ttft=1009.973ms hit=0.0 e2e=1549.031ms
[ok] openhands s131 turn8 ttft=1008.361ms hit=0.920094 e2e=1547.113ms
[ok] request s570 turn0 ttft=188.637ms hit=0.0 e2e=601.55ms
[ok] openhands s2 turn4 ttft=328.96ms hit=0.933273 e2e=1569.785ms
[ok] request s292 turn2 ttft=549.875ms hit=0.0 e2e=970.205ms
[ok] request s532 turn0 ttft=696.249ms hit=0.0 e2e=1239.096ms
[ok] openhands s257 turn13 ttft=496.511ms hit=0.983515 e2e=1558.933ms
[ok] request s169 turn1 ttft=553.473ms hit=0.0 e2e=973.456ms
[ok] openhands s131 turn9 ttft=593.205ms hit=0.869976 e2e=1284.014ms
[ok] openhands s257 turn14 ttft=591.632ms hit=0.977959 e2e=1262.422ms
[ok] request s408 turn0 ttft=570.118ms hit=0.0 e2e=1266.257ms
[ok] openhands s384 turn1 ttft=458.441ms hit=0.671413 e2e=1296.892ms
[ok] request s6 turn1 ttft=407.728ms hit=0.0 e2e=1082.268ms
[ok] openhands s2 turn5 ttft=600.878ms hit=0.943605 e2e=1294.651ms
[ok] request s250 turn0 ttft=275.752ms hit=0.0 e2e=949.503ms
[ok] request s292 turn3 ttft=264.259ms hit=0.0 e2e=697.681ms
[ok] request s477 turn0 ttft=215.218ms hit=0.0 e2e=635.178ms
[ok] request s169 turn2 ttft=261.726ms hit=0.0 e2e=696.573ms
[ok] request s140 turn1 ttft=268.408ms hit=0.0 e2e=704.771ms
[ok] request s446 turn0 ttft=144.577ms hit=0.0 e2e=580.361ms
[ok] request s382 turn0 ttft=225.817ms hit=0.0 e2e=555.523ms
[ok] request s305 turn0 ttft=434.451ms hit=0.0 e2e=1203.827ms
[ok] openhands s131 turn10 ttft=409.401ms hit=0.871603 e2e=1177.879ms
[ok] openhands s257 turn15 ttft=540.814ms hit=0.987691 e2e=1186.739ms
[ok] openhands s384 turn2 ttft=310.435ms hit=0.908331 e2e=1212.731ms
[ok] request s399 turn0 ttft=259.874ms hit=0.0 e2e=896.342ms
[ok] openhands s2 turn6 ttft=438.794ms hit=0.975445 e2e=1210.45ms
[ok] request s6 turn2 ttft=249.455ms hit=0.0 e2e=920.183ms
[ok] request s348 turn0 ttft=132.996ms hit=0.0 e2e=1439.826ms
[ok] request s49 turn0 ttft=767.698ms hit=0.0 e2e=892.093ms
[ok] openhands s131 turn11 ttft=1116.435ms hit=0.454406 e2e=1499.426ms
[ok] request s51 turn0 ttft=1083.287ms hit=0.0 e2e=1466.83ms
[ok] openhands s257 turn16 ttft=1107.32ms hit=0.976678 e2e=1490.601ms
[ok] openhands s384 turn3 ttft=379.574ms hit=0.985895 e2e=1513.445ms
[ok] request s236 turn0 ttft=448.765ms hit=0.0 e2e=834.126ms
[ok] openhands s2 turn7 ttft=737.804ms hit=0.978032 e2e=1510.782ms
[ok] request s382 turn1 ttft=563.435ms hit=0.0 e2e=948.218ms
[ok] request s49 turn1 ttft=133.358ms hit=0.0 e2e=749.452ms
[ok] openhands s2 turn8 ttft=425.263ms hit=0.973099 e2e=929.762ms
[ok] openhands s131 turn12 ttft=420.078ms hit=0.955556 e2e=927.225ms
[ok] openhands s384 turn4 ttft=311.143ms hit=0.980194 e2e=946.683ms
[ok] openhands s257 turn17 ttft=427.279ms hit=0.982616 e2e=939.853ms
[ok] request s382 turn2 ttft=141.344ms hit=0.0 e2e=1056.58ms
[ok] request s51 turn1 ttft=144.472ms hit=0.0 e2e=1060.079ms
[ok] request s49 turn2 ttft=134.518ms hit=0.0 e2e=933.827ms
[ok] openhands s384 turn5 ttft=597.967ms hit=0.931653 e2e=859.367ms
[ok] openhands s131 turn13 ttft=597.675ms hit=0.91072 e2e=865.666ms
[ok] openhands s257 turn18 ttft=431.812ms hit=0.994981 e2e=875.446ms
[ok] openhands s2 turn9 ttft=312.598ms hit=0.981356 e2e=881.268ms
[ok] openhands s384 turn6 ttft=926.774ms hit=0.965086 e2e=1350.928ms
[ok] request s51 turn2 ttft=677.66ms hit=0.0 e2e=947.278ms
[ok] openhands s131 turn14 ttft=1064.584ms hit=0.749471 e2e=1334.966ms
[ok] openhands s257 turn19 ttft=364.489ms hit=0.995911 e2e=1365.414ms
[ok] openhands s2 turn10 ttft=572.921ms hit=0.925035 e2e=1357.817ms
[ok] openhands s384 turn7 ttft=367.788ms hit=0.950004 e2e=727.601ms
[ok] openhands s257 turn20 ttft=372.543ms hit=0.991855 e2e=738.281ms
[ok] request s51 turn3 ttft=384.126ms hit=0.691892 e2e=703.046ms
[ok] openhands s2 turn11 ttft=358.777ms hit=0.979592 e2e=603.936ms
[ok] openhands s384 turn8 ttft=428.147ms hit=0.879948 e2e=673.935ms
[ok] openhands s257 turn21 ttft=378.339ms hit=0.961609 e2e=683.183ms
[ok] openhands s257 turn22 ttft=437.957ms hit=0.98289 e2e=817.245ms
[ok] openhands s384 turn9 ttft=448.054ms hit=0.910336 e2e=844.67ms
[ok] openhands s2 turn12 ttft=317.104ms hit=0.98074 e2e=852.023ms
[ok] request s51 turn4 ttft=161.801ms hit=0.0 e2e=639.05ms
[ok] openhands s257 turn23 ttft=452.021ms hit=0.959224 e2e=697.972ms
[ok] openhands s2 turn13 ttft=451.636ms hit=0.987953 e2e=712.09ms
[ok] openhands s384 turn10 ttft=329.143ms hit=0.989364 e2e=718.372ms
[ok] openhands s384 turn11 ttft=594.55ms hit=0.98719 e2e=842.279ms
[ok] openhands s2 turn14 ttft=550.259ms hit=0.987096 e2e=848.663ms
[ok] openhands s257 turn24 ttft=432.217ms hit=0.947226 e2e=858.806ms
[ok] request s51 turn5 ttft=462.623ms hit=0.0 e2e=711.457ms
[ok] openhands s384 turn12 ttft=381.439ms hit=0.984838 e2e=627.843ms
[ok] openhands s257 turn25 ttft=388.11ms hit=0.990874 e2e=638.874ms
[ok] openhands s384 turn13 ttft=228.724ms hit=0.989531 e2e=584.428ms
[ok] openhands s257 turn26 ttft=355.566ms hit=0.986763 e2e=674.732ms
[ok] openhands s384 turn14 ttft=453.739ms hit=0.992725 e2e=579.51ms
[ok] openhands s257 turn27 ttft=275.497ms hit=0.980825 e2e=516.003ms
[ok] openhands s257 turn28 ttft=276.192ms hit=0.988381 e2e=522.284ms
[ok] openhands s257 turn29 ttft=281.059ms hit=0.986736 e2e=525.446ms
[ok] openhands s257 turn30 ttft=276.609ms hit=0.985144 e2e=523.006ms
[ok] openhands s257 turn31 ttft=426.843ms hit=0.920818 e2e=671.075ms
[ok] openhands s257 turn32 ttft=289.242ms hit=0.985547 e2e=534.492ms
[ok] request s286 turn0 ttft=287.013ms hit=0.0 e2e=1416.312ms
[ok] openhands s447 turn0 ttft=801.521ms hit=0.0 e2e=2049.349ms
[ok] request s285 turn0 ttft=600.777ms hit=0.0 e2e=1735.377ms
[ok] request s429 turn0 ttft=167.907ms hit=0.0 e2e=776.384ms
[ok] request s462 turn0 ttft=476.136ms hit=0.0 e2e=1094.706ms
[ok] request s229 turn0 ttft=678.326ms hit=0.0 e2e=1412.385ms
[ok] request s347 turn0 ttft=135.838ms hit=0.0 e2e=615.563ms
[ok] request s300 turn0 ttft=130.048ms hit=0.0 e2e=607.153ms
[ok] openhands s447 turn1 ttft=293.302ms hit=0.977936 e2e=774.387ms
[ok] request s451 turn0 ttft=245.461ms hit=0.0 e2e=1128.944ms
[ok] request s286 turn1 ttft=136.582ms hit=0.0 e2e=1018.33ms
[ok] request s347 turn1 ttft=288.597ms hit=0.357043 e2e=676.301ms
[ok] request s462 turn1 ttft=325.098ms hit=0.0 e2e=832.385ms
[ok] openhands s447 turn2 ttft=346.148ms hit=0.836972 e2e=967.312ms
[ok] request s13 turn0 ttft=319.676ms hit=0.0 e2e=942.652ms
[ok] request s558 turn0 ttft=237.366ms hit=0.0 e2e=624.617ms
[ok] request s152 turn0 ttft=132.455ms hit=0.0 e2e=502.912ms
[ok] request s566 turn0 ttft=124.881ms hit=0.0 e2e=263.035ms
[ok] request s114 turn0 ttft=280.475ms hit=0.0 e2e=923.047ms
[ok] openhands s447 turn3 ttft=289.76ms hit=0.796551 e2e=932.686ms
[ok] request s451 turn1 ttft=153.403ms hit=0.0 e2e=540.698ms
[ok] request s103 turn0 ttft=294.274ms hit=0.0 e2e=683.492ms
[ok] openhands s447 turn4 ttft=330.586ms hit=0.882514 e2e=1475.916ms
[ok] request s244 turn0 ttft=306.185ms hit=0.0 e2e=1449.118ms
[ok] openhands s510 turn0 ttft=691.619ms hit=0.0 e2e=1222.208ms
[ok] request s503 turn0 ttft=489.432ms hit=0.0 e2e=904.611ms
[ok] request s114 turn1 ttft=554.565ms hit=0.0 e2e=969.377ms
[ok] request s466 turn0 ttft=180.308ms hit=0.0 e2e=587.544ms
[ok] request s524 turn0 ttft=133.107ms hit=0.0 e2e=393.354ms
[ok] openhands s510 turn1 ttft=245.048ms hit=0.923146 e2e=606.118ms
[ok] request s538 turn0 ttft=201.054ms hit=0.0 e2e=562.794ms
[ok] openhands s447 turn5 ttft=323.338ms hit=0.976605 e2e=689.681ms
[ok] request s168 turn0 ttft=132.576ms hit=0.0 e2e=623.706ms
[ok] request s97 turn0 ttft=170.855ms hit=0.0 e2e=445.511ms
[ok] request s466 turn1 ttft=242.774ms hit=0.0 e2e=744.339ms
[ok] request s503 turn1 ttft=243.342ms hit=0.0 e2e=747.038ms
[ok] openhands s510 turn2 ttft=242.444ms hit=0.983306 e2e=737.762ms
[ok] openhands s447 turn6 ttft=228.63ms hit=0.987921 e2e=725.18ms
[ok] request s437 turn0 ttft=131.335ms hit=0.0 e2e=1570.615ms
[ok] request s538 turn1 ttft=282.705ms hit=0.0 e2e=1588.941ms
[ok] request s97 turn1 ttft=544.039ms hit=0.0 e2e=1073.753ms
[ok] request s74 turn0 ttft=631.564ms hit=0.0 e2e=1166.574ms
[ok] openhands s510 turn3 ttft=914.995ms hit=0.472224 e2e=1450.67ms
[ok] openhands s447 turn7 ttft=904.215ms hit=0.989173 e2e=1442.818ms
[ok] request s359 turn0 ttft=320.694ms hit=0.0 e2e=852.253ms
[ok] request s225 turn0 ttft=337.262ms hit=0.0 e2e=1487.231ms
[ok] request s466 turn2 ttft=324.963ms hit=0.0 e2e=857.388ms
[ok] request s184 turn0 ttft=139.594ms hit=0.0 e2e=618.851ms
[ok] request s427 turn0 ttft=342.288ms hit=0.0 e2e=878.661ms
[ok] request s490 turn0 ttft=133.923ms hit=0.0 e2e=1225.164ms
[ok] openhands s447 turn8 ttft=324.015ms hit=0.987595 e2e=1767.92ms
[ok] request s163 turn0 ttft=148.934ms hit=0.0 e2e=1588.949ms
[ok] openhands s510 turn4 ttft=323.211ms hit=0.970733 e2e=2006.53ms
[ok] request s538 turn2 ttft=252.572ms hit=0.473198 e2e=1940.112ms
[ok] request s425 turn0 ttft=231.995ms hit=0.0 e2e=1803.804ms
[ok] request s225 turn1 ttft=361.891ms hit=0.0 e2e=1938.167ms
[ok] request s466 turn3 ttft=361.055ms hit=0.535565 e2e=1936.981ms
[ok] request s97 turn2 ttft=250.476ms hit=0.0 e2e=1942.212ms
[ok] request s359 turn1 ttft=248.865ms hit=0.266945 e2e=1939.718ms
[ok] openhands s258 turn0 ttft=740.809ms hit=0.0 e2e=1740.023ms
[ok] request s93 turn0 ttft=539.126ms hit=0.0 e2e=1423.072ms
[ok] request s43 turn0 ttft=228.761ms hit=0.0 e2e=1104.71ms
[ok] request s445 turn0 ttft=178.039ms hit=0.0 e2e=803.791ms
[ok] openhands s510 turn5 ttft=360.581ms hit=0.991364 e2e=1107.355ms
[ok] openhands s447 turn9 ttft=470.67ms hit=0.988825 e2e=1102.406ms
[ok] request s331 turn0 ttft=247.478ms hit=0.0 e2e=1122.064ms
[ok] request s335 turn0 ttft=131.897ms hit=0.0 e2e=1523.156ms
[ok] openhands s258 turn1 ttft=287.866ms hit=0.978536 e2e=1578.094ms
[ok] request s542 turn0 ttft=130.264ms hit=0.0 e2e=1416.992ms
[ok] request s225 turn2 ttft=381.794ms hit=0.0 e2e=1628.875ms
[ok] request s185 turn0 ttft=523.279ms hit=0.0 e2e=1176.593ms
[ok] request s97 turn3 ttft=647.995ms hit=0.0 e2e=1627.739ms
[ok] openhands s510 turn6 ttft=393.024ms hit=0.976184 e2e=1640.102ms
[ok] request s346 turn0 ttft=725.475ms hit=0.0 e2e=1493.649ms
[ok] request s43 turn1 ttft=607.316ms hit=0.0 e2e=1376.206ms
[ok] request s355 turn0 ttft=215.143ms hit=0.0 e2e=859.107ms
[ok] request s359 turn2 ttft=647.023ms hit=0.477315 e2e=1627.088ms
[ok] openhands s447 turn10 ttft=639.437ms hit=0.971112 e2e=1619.191ms
[ok] request s444 turn0 ttft=131.939ms hit=0.0 e2e=1120.116ms
[ok] openhands s258 turn2 ttft=290.966ms hit=0.978367 e2e=1342.169ms
[ok] request s40 turn0 ttft=167.985ms hit=0.0 e2e=1215.554ms
[ok] request s335 turn1 ttft=249.804ms hit=0.0 e2e=1104.858ms
[ok] openhands s510 turn7 ttft=315.288ms hit=0.985727 e2e=1046.638ms
[ok] request s468 turn0 ttft=275.374ms hit=0.0 e2e=1011.32ms
[ok] openhands s447 turn11 ttft=339.59ms hit=0.969011 e2e=1080.687ms
[ok] request s542 turn1 ttft=163.356ms hit=0.0 e2e=898.629ms
[ok] request s59 turn0 ttft=180.693ms hit=0.0 e2e=1570.545ms
[ok] request s90 turn0 ttft=147.07ms hit=0.0 e2e=1907.834ms
[ok] request s541 turn0 ttft=292.721ms hit=0.0 e2e=1426.575ms
[ok] request s185 turn1 ttft=261.856ms hit=0.0 e2e=1904.932ms
[ok] request s355 turn1 ttft=304.293ms hit=0.0 e2e=1901.271ms
[ok] request s43 turn2 ttft=306.658ms hit=0.561404 e2e=1904.782ms
[ok] request s346 turn1 ttft=308.458ms hit=0.830105 e2e=1906.286ms
[ok] request s359 turn3 ttft=305.391ms hit=0.665223 e2e=1902.927ms
[ok] request s335 turn2 ttft=579.029ms hit=0.0 e2e=1105.43ms
[ok] openhands s510 turn8 ttft=539.122ms hit=0.988939 e2e=1652.904ms
[ok] openhands s1 turn0 ttft=800.544ms hit=0.0 e2e=1443.51ms
[ok] openhands s447 turn12 ttft=376.49ms hit=0.890435 e2e=1678.741ms
[ok] openhands s258 turn3 ttft=297.324ms hit=0.978136 e2e=1765.104ms
[ok] request s559 turn0 ttft=287.427ms hit=0.0 e2e=810.611ms
[ok] request s410 turn0 ttft=482.253ms hit=0.0 e2e=1127.677ms
[ok] request s431 turn0 ttft=137.962ms hit=0.0 e2e=749.745ms
[ok] request s280 turn0 ttft=130.369ms hit=0.0 e2e=1116.199ms
[ok] openhands s1 turn1 ttft=456.948ms hit=0.975935 e2e=1234.732ms
[ok] request s59 turn1 ttft=384.699ms hit=0.0 e2e=1150.157ms
[ok] openhands s447 turn13 ttft=452.784ms hit=0.990033 e2e=1221.267ms
[ok] openhands s510 turn9 ttft=338.725ms hit=0.988094 e2e=1244.257ms
[ok] openhands s258 turn4 ttft=453.656ms hit=0.980092 e2e=1236.194ms
[ok] request s346 turn2 ttft=176.05ms hit=0.918807 e2e=944.63ms
[ok] request s355 turn2 ttft=177.991ms hit=0.0 e2e=946.345ms
[ok] request s146 turn0 ttft=336.269ms hit=0.0 e2e=1104.344ms
[ok] request s185 turn2 ttft=180.477ms hit=0.0 e2e=948.283ms
[ok] request s352 turn0 ttft=136.032ms hit=0.0 e2e=790.521ms
[ok] request s335 turn3 ttft=133.809ms hit=0.6658 e2e=918.525ms
[ok] request s310 turn0 ttft=141.977ms hit=0.0 e2e=740.287ms
[ok] request s248 turn0 ttft=149.57ms hit=0.0 e2e=233.107ms
[ok] request s125 turn0 ttft=129.822ms hit=0.0 e2e=1594.02ms
[ok] request s335 turn4 ttft=383.83ms hit=0.0 e2e=835.177ms
[ok] openhands s258 turn5 ttft=588.882ms hit=0.881348 e2e=1696.835ms
[ok] request s560 turn0 ttft=557.798ms hit=0.0 e2e=1542.171ms
[ok] request s352 turn1 ttft=408.981ms hit=0.0 e2e=1102.661ms
[ok] openhands s447 turn14 ttft=660.168ms hit=0.991783 e2e=1649.465ms
[ok] request s310 turn1 ttft=382.415ms hit=0.0 e2e=839.458ms
[ok] openhands s1 turn2 ttft=469.548ms hit=0.666348 e2e=1711.885ms
[ok] openhands s510 turn10 ttft=594.163ms hit=0.985443 e2e=1707.905ms
[ok] request s346 turn3 ttft=412.352ms hit=0.88105 e2e=1112.169ms
[ok] request s185 turn3 ttft=409.738ms hit=0.0 e2e=1110.35ms
[ok] request s148 turn0 ttft=337.685ms hit=0.0 e2e=912.92ms
[ok] request s293 turn0 ttft=372.165ms hit=0.0 e2e=1229.27ms
[ok] request s59 turn2 ttft=416.891ms hit=0.0 e2e=1117.098ms
[ok] request s79 turn0 ttft=140.09ms hit=0.0 e2e=1198.824ms
[ok] request s290 turn0 ttft=430.791ms hit=0.0 e2e=1103.556ms
[ok] request s125 turn1 ttft=261.985ms hit=0.0 e2e=815.225ms
[ok] openhands s510 turn11 ttft=537.416ms hit=0.984426 e2e=1091.969ms
[ok] openhands s1 turn3 ttft=349.483ms hit=0.845994 e2e=1146.264ms
[ok] openhands s447 turn15 ttft=448.489ms hit=0.96595 e2e=1126.1ms
[ok] openhands s258 turn6 ttft=542.976ms hit=0.964709 e2e=1099.91ms
[ok] request s171 turn0 ttft=234.287ms hit=0.0 e2e=790.361ms
[ok] request s148 turn1 ttft=266.253ms hit=0.0 e2e=830.946ms
[ok] request s185 turn4 ttft=256.267ms hit=0.636288 e2e=834.495ms
[ok] request s560 turn1 ttft=262.282ms hit=0.0 e2e=840.218ms
[ok] request s59 turn3 ttft=264.753ms hit=0.544681 e2e=832.152ms
[ok] request s335 turn5 ttft=265.195ms hit=0.873294 e2e=843.684ms
[ok] openhands s447 turn16 ttft=715.313ms hit=0.957384 e2e=1284.854ms
[ok] request s290 turn1 ttft=144.991ms hit=0.0 e2e=702.74ms
[ok] openhands s1 turn4 ttft=360.92ms hit=0.963375 e2e=1299.81ms
[ok] openhands s258 turn7 ttft=602.281ms hit=0.729665 e2e=1296.566ms
[ok] openhands s510 turn12 ttft=687.191ms hit=0.990643 e2e=1260.558ms
[ok] request s335 turn6 ttft=307.778ms hit=0.0 e2e=923.472ms
[ok] request s560 turn2 ttft=270.185ms hit=0.0 e2e=927.894ms
[ok] request s59 turn4 ttft=310.351ms hit=0.0 e2e=927.273ms
[ok] openhands s447 turn17 ttft=419.713ms hit=0.968055 e2e=678.484ms
[ok] openhands s510 turn13 ttft=357.975ms hit=0.97471 e2e=614.212ms
[ok] openhands s1 turn5 ttft=319.018ms hit=0.988117 e2e=698.417ms
[ok] openhands s510 turn14 ttft=359.239ms hit=0.975622 e2e=722.48ms
[ok] openhands s1 turn6 ttft=361.55ms hit=0.990329 e2e=727.784ms
[ok] request s560 turn3 ttft=147.66ms hit=0.448729 e2e=474.903ms
[ok] request s335 turn7 ttft=151.841ms hit=0.816066 e2e=478.982ms
[ok] openhands s1 turn7 ttft=333.624ms hit=0.917453 e2e=704.531ms
[ok] openhands s510 turn15 ttft=337.522ms hit=0.994729 e2e=713.199ms
[ok] request s560 turn4 ttft=145.861ms hit=0.770504 e2e=503.393ms
[ok] openhands s1 turn8 ttft=203.434ms hit=0.992876 e2e=446.225ms
[ok] openhands s1 turn9 ttft=192.269ms hit=0.966335 e2e=438.401ms
[ok] openhands s1 turn10 ttft=205.158ms hit=0.963733 e2e=451.142ms
[ok] openhands s1 turn11 ttft=210.154ms hit=0.945488 e2e=573.826ms
[ok] openhands s1 turn12 ttft=214.666ms hit=0.985659 e2e=459.874ms
[ok] openhands s1 turn13 ttft=206.393ms hit=0.977371 e2e=451.788ms
[ok] openhands s1 turn14 ttft=207.02ms hit=0.9876 e2e=452.723ms
[ok] request s239 turn0 ttft=135.613ms hit=0.0 e2e=229.127ms
[ok] request s424 turn0 ttft=267.425ms hit=0.0 e2e=631.804ms
[ok] openhands s193 turn0 ttft=872.859ms hit=0.0 e2e=1248.617ms
[ok] request s159 turn0 ttft=575.688ms hit=0.0 e2e=951.034ms
[ok] request s392 turn0 ttft=232.209ms hit=0.0 e2e=593.387ms
[ok] openhands s193 turn1 ttft=233.786ms hit=0.96437 e2e=591.424ms
[ok] request s94 turn0 ttft=132.556ms hit=0.0 e2e=492.251ms
[ok] request s265 turn0 ttft=135.442ms hit=0.0 e2e=205.732ms
[ok] openhands s193 turn2 ttft=176.414ms hit=0.927056 e2e=531.926ms
[ok] request s159 turn1 ttft=172.159ms hit=0.406349 e2e=527.76ms
[ok] request s463 turn0 ttft=133.653ms hit=0.0 e2e=879.423ms
[ok] openhands s193 turn3 ttft=291.424ms hit=0.967582 e2e=921.638ms
[ok] request s253 turn0 ttft=155.77ms hit=0.0 e2e=781.46ms
[ok] request s265 turn1 ttft=146.72ms hit=0.0 e2e=694.505ms
[ok] request s390 turn0 ttft=139.074ms hit=0.0 e2e=548.961ms
[ok] request s498 turn0 ttft=127.629ms hit=0.0 e2e=1557.325ms
[ok] request s470 turn0 ttft=150.764ms hit=0.0 e2e=531.732ms
[ok] request s278 turn0 ttft=462.706ms hit=0.0 e2e=850.485ms
[ok] openhands s193 turn4 ttft=1037.814ms hit=0.477461 e2e=1655.881ms
[ok] request s463 turn1 ttft=773.385ms hit=0.0 e2e=1275.86ms
[ok] request s539 turn0 ttft=868.93ms hit=0.0 e2e=1487.83ms
[ok] request s353 turn0 ttft=666.404ms hit=0.0 e2e=1169.807ms
[ok] request s361 turn0 ttft=136.071ms hit=0.0 e2e=1437.448ms
[ok] request s463 turn2 ttft=420.39ms hit=0.0 e2e=925.861ms
[ok] request s514 turn0 ttft=289.221ms hit=0.0 e2e=792.11ms
[ok] request s470 turn1 ttft=422.163ms hit=0.0 e2e=928.386ms
[ok] openhands s193 turn5 ttft=396.593ms hit=0.929782 e2e=1527.361ms
[ok] request s498 turn1 ttft=537.446ms hit=0.0 e2e=1174.655ms
[ok] openhands s385 turn0 ttft=791.191ms hit=0.0 e2e=1429.208ms
[ok] request s378 turn0 ttft=603.888ms hit=0.0 e2e=1112.227ms
[ok] request s58 turn0 ttft=129.137ms hit=0.0 e2e=610.652ms
[ok] request s525 turn0 ttft=134.718ms hit=0.0 e2e=641.417ms
[ok] openhands s193 turn6 ttft=340.099ms hit=0.970778 e2e=976.879ms
[ok] request s85 turn0 ttft=203.408ms hit=0.0 e2e=820.951ms
[ok] openhands s385 turn1 ttft=353.582ms hit=0.855778 e2e=971.858ms
[ok] request s494 turn0 ttft=193.151ms hit=0.0 e2e=209.057ms
[ok] request s219 turn0 ttft=134.654ms hit=0.0 e2e=897.764ms
[ok] request s498 turn2 ttft=149.71ms hit=0.0 e2e=782.721ms
[ok] request s470 turn2 ttft=150.89ms hit=0.25422 e2e=784.645ms
[ok] request s370 turn0 ttft=130.782ms hit=0.0 e2e=644.432ms
[ok] request s525 turn1 ttft=222.842ms hit=0.0 e2e=588.641ms
[ok] openhands s385 turn2 ttft=306.153ms hit=0.989758 e2e=693.318ms
[ok] openhands s193 turn7 ttft=322.774ms hit=0.947228 e2e=690.735ms
[ok] request s274 turn0 ttft=132.578ms hit=0.0 e2e=387.616ms
[ok] request s494 turn1 ttft=276.1ms hit=0.0 e2e=775.546ms
[ok] request s282 turn0 ttft=148.381ms hit=0.0 e2e=778.477ms
[ok] request s470 turn3 ttft=228.858ms hit=0.526388 e2e=859.802ms
[ok] openhands s385 turn3 ttft=289.855ms hit=0.969761 e2e=1168.47ms
[ok] request s365 turn0 ttft=336.755ms hit=0.0 e2e=1100.012ms
[ok] openhands s193 turn8 ttft=403.003ms hit=0.988357 e2e=1167.425ms
[ok] request s219 turn1 ttft=237.867ms hit=0.539705 e2e=870.958ms
[ok] request s458 turn0 ttft=244.42ms hit=0.0 e2e=880.076ms
[ok] request s274 turn1 ttft=221.862ms hit=0.0 e2e=844.294ms
[ok] request s368 turn0 ttft=131.948ms hit=0.0 e2e=1201.277ms
[ok] openhands s193 turn9 ttft=347.698ms hit=0.969213 e2e=2081.105ms
[ok] request s337 turn0 ttft=193.765ms hit=0.0 e2e=1915.069ms
[ok] openhands s385 turn4 ttft=354.514ms hit=0.939687 e2e=2076.585ms
[ok] request s494 turn2 ttft=249.279ms hit=0.0 e2e=2188.346ms
[ok] request s282 turn1 ttft=258.415ms hit=0.0 e2e=2104.786ms
[ok] request s470 turn4 ttft=257.683ms hit=0.623782 e2e=2104.228ms
[ok] request s518 turn0 ttft=362.928ms hit=0.0 e2e=2217.412ms
[ok] request s365 turn1 ttft=255.992ms hit=0.0 e2e=2104.736ms
[ok] request s458 turn1 ttft=536.965ms hit=0.0 e2e=1701.043ms
[ok] request s314 turn0 ttft=345.883ms hit=0.0 e2e=1280.627ms
[ok] request s106 turn0 ttft=151.368ms hit=0.0 e2e=962.969ms
[ok] request s420 turn0 ttft=549.198ms hit=0.0 e2e=1598.566ms
[ok] request s368 turn1 ttft=247.93ms hit=0.0 e2e=1066.635ms
[ok] openhands s323 turn0 ttft=749.435ms hit=0.0 e2e=1916.481ms
[ok] openhands s193 turn10 ttft=352.724ms hit=0.940682 e2e=1132.73ms
[ok] request s136 turn0 ttft=185.449ms hit=0.0 e2e=830.78ms
[ok] request s226 turn0 ttft=249.238ms hit=0.0 e2e=1148.425ms
[ok] openhands s385 turn5 ttft=459.78ms hit=0.946596 e2e=1124.203ms
[ok] openhands s323 turn1 ttft=241.645ms hit=0.963614 e2e=935.43ms
[ok] request s129 turn0 ttft=251.412ms hit=0.0 e2e=949.666ms
[ok] request s527 turn0 ttft=131.818ms hit=0.0 e2e=952.613ms
[ok] request s282 turn2 ttft=317.954ms hit=0.446771 e2e=978.119ms
[ok] request s470 turn5 ttft=316.96ms hit=0.770214 e2e=979.21ms
[ok] request s452 turn0 ttft=276.6ms hit=0.0 e2e=938.55ms
[ok] openhands s385 turn6 ttft=310.656ms hit=0.946122 e2e=1047.656ms
[ok] request s458 turn2 ttft=305.446ms hit=0.361582 e2e=965.278ms
[ok] request s420 turn1 ttft=300.842ms hit=0.0 e2e=962.815ms
[ok] openhands s193 turn11 ttft=364.496ms hit=0.989691 e2e=1028.21ms
[ok] request s494 turn3 ttft=305.199ms hit=0.0 e2e=1044.518ms
[ok] request s368 turn2 ttft=301.214ms hit=0.0 e2e=964.475ms
[ok] request s365 turn2 ttft=316.519ms hit=0.375918 e2e=980.465ms
[ok] request s533 turn0 ttft=248.846ms hit=0.0 e2e=1152.557ms
[ok] openhands s323 turn2 ttft=235.88ms hit=0.945076 e2e=1133.413ms
[ok] request s480 turn0 ttft=131.391ms hit=0.0 e2e=902.53ms
[ok] request s527 turn1 ttft=176.653ms hit=0.0 e2e=817.669ms
[ok] request s430 turn0 ttft=142.536ms hit=0.0 e2e=784.592ms
[ok] openhands s385 turn7 ttft=344.927ms hit=0.904928 e2e=1112.409ms
[ok] request s268 turn0 ttft=452.147ms hit=0.0 e2e=1101.969ms
[ok] request s129 turn1 ttft=253.63ms hit=0.608076 e2e=1141.684ms
[ok] openhands s193 turn12 ttft=459.479ms hit=0.975945 e2e=1110.256ms
[ok] request s420 turn2 ttft=240.464ms hit=0.304762 e2e=885.561ms
[ok] request s207 turn0 ttft=197.612ms hit=0.0 e2e=845.048ms
[ok] openhands s323 turn3 ttft=292.225ms hit=0.970346 e2e=949.327ms
[ok] request s494 turn4 ttft=240.445ms hit=0.0 e2e=887.587ms
[ok] request s470 turn6 ttft=246.527ms hit=0.862534 e2e=893.38ms
[ok] request s458 turn3 ttft=244.446ms hit=0.691892 e2e=891.0ms
[ok] request s279 turn0 ttft=135.068ms hit=0.0 e2e=2162.005ms
[ok] request s295 turn0 ttft=129.774ms hit=0.0 e2e=155.628ms
[ok] request s554 turn0 ttft=159.441ms hit=0.0 e2e=2081.637ms
[ok] openhands s385 turn8 ttft=310.139ms hit=0.954887 e2e=2247.958ms
[ok] request s480 turn1 ttft=243.126ms hit=0.0 e2e=2167.957ms
[ok] openhands s193 turn13 ttft=318.983ms hit=0.954806 e2e=2244.521ms
[ok] request s268 turn1 ttft=807.234ms hit=0.0 e2e=2427.862ms
[ok] request s527 turn2 ttft=810.625ms hit=0.0 e2e=2431.943ms
[ok] request s494 turn5 ttft=687.107ms hit=0.0 e2e=2054.42ms
[ok] request s420 turn3 ttft=689.591ms hit=0.0 e2e=2062.692ms
[ok] request s546 turn0 ttft=493.19ms hit=0.0 e2e=1599.3ms
[ok] request s255 turn0 ttft=698.953ms hit=0.0 e2e=1917.511ms
[ok] request s470 turn7 ttft=839.836ms hit=0.0 e2e=2058.069ms
[ok] request s458 turn4 ttft=836.047ms hit=0.0 e2e=2055.529ms
[ok] request s78 turn0 ttft=187.845ms hit=0.0 e2e=1283.915ms
[ok] openhands s323 turn4 ttft=360.857ms hit=0.977028 e2e=2649.31ms
[ok] request s294 turn0 ttft=1152.532ms hit=0.0 e2e=2235.513ms
[ok] openhands s68 turn0 ttft=926.912ms hit=0.0 e2e=2554.831ms
[ok] request s129 turn2 ttft=1061.467ms hit=0.0 e2e=2435.464ms
[ok] request s279 turn1 ttft=238.316ms hit=0.0 e2e=1014.825ms
[ok] openhands s385 turn9 ttft=319.695ms hit=0.980697 e2e=1375.741ms
[ok] request s481 turn0 ttft=447.502ms hit=0.0 e2e=1241.496ms
[ok] openhands s193 turn14 ttft=380.066ms hit=0.929387 e2e=1288.633ms
[ok] request s116 turn0 ttft=145.297ms hit=0.0 e2e=924.786ms
[ok] request s480 turn2 ttft=138.856ms hit=0.0 e2e=803.291ms
[ok] openhands s323 turn5 ttft=234.257ms hit=0.98576 e2e=786.87ms
[ok] request s33 turn0 ttft=243.181ms hit=0.0 e2e=803.202ms
[ok] openhands s68 turn1 ttft=230.864ms hit=0.988878 e2e=783.544ms
[ok] request s350 turn0 ttft=132.885ms hit=0.0 e2e=2244.308ms
[ok] request s255 turn1 ttft=508.331ms hit=0.388467 e2e=2255.535ms
[ok] openhands s193 turn15 ttft=520.96ms hit=0.993175 e2e=2269.201ms
[ok] request s480 turn3 ttft=1168.157ms hit=0.0 e2e=1651.706ms
[ok] openhands s385 turn10 ttft=325.598ms hit=0.920991 e2e=2277.486ms
[ok] request s78 turn1 ttft=508.292ms hit=0.0 e2e=2260.195ms
[ok] request s95 turn0 ttft=501.791ms hit=0.0 e2e=2256.045ms
[ok] request s375 turn0 ttft=608.842ms hit=0.0 e2e=985.611ms
[ok] request s366 turn0 ttft=1446.252ms hit=0.0 e2e=1939.153ms
[ok] request s212 turn0 ttft=811.93ms hit=0.0 e2e=1304.583ms
[ok] request s420 turn4 ttft=512.054ms hit=0.654313 e2e=2266.764ms
[ok] request s154 turn0 ttft=1129.485ms hit=0.0 e2e=1622.163ms
[ok] request s33 turn1 ttft=995.782ms hit=0.0 e2e=1488.247ms
[ok] openhands s68 turn2 ttft=1592.106ms hit=0.343441 e2e=2084.347ms
[ok] request s527 turn3 ttft=524.329ms hit=0.528926 e2e=2279.701ms
[ok] openhands s323 turn6 ttft=1469.876ms hit=0.964458 e2e=1965.33ms
[ok] request s458 turn5 ttft=509.961ms hit=0.781812 e2e=2265.457ms
[ok] request s304 turn0 ttft=305.772ms hit=0.0 e2e=671.048ms
[ok] openhands s193 turn16 ttft=368.033ms hit=0.982228 e2e=994.266ms
[ok] openhands s385 turn11 ttft=479.164ms hit=0.979949 e2e=985.184ms
[ok] openhands s68 turn3 ttft=474.774ms hit=0.986603 e2e=975.668ms
[ok] openhands s323 turn7 ttft=473.186ms hit=0.970031 e2e=981.061ms
[ok] request s420 turn5 ttft=251.49ms hit=0.806723 e2e=716.492ms
[ok] request s366 turn1 ttft=253.224ms hit=0.0 e2e=718.05ms
[ok] request s95 turn1 ttft=255.039ms hit=0.0 e2e=719.634ms
[ok] request s255 turn2 ttft=255.772ms hit=0.404423 e2e=728.771ms
[ok] openhands s385 turn12 ttft=460.178ms hit=0.978373 e2e=717.12ms
[ok] openhands s68 turn4 ttft=297.584ms hit=0.992225 e2e=544.134ms
[ok] openhands s193 turn17 ttft=352.419ms hit=0.995246 e2e=739.384ms
[ok] openhands s323 turn8 ttft=470.155ms hit=0.874093 e2e=728.843ms
[ok] openhands s385 turn13 ttft=210.406ms hit=0.965148 e2e=454.099ms
[ok] request s420 turn6 ttft=195.234ms hit=0.648649 e2e=439.152ms
[ok] openhands s68 turn5 ttft=361.605ms hit=0.994118 e2e=619.179ms
[ok] openhands s323 turn9 ttft=368.909ms hit=0.982313 e2e=614.483ms
[ok] openhands s68 turn6 ttft=430.711ms hit=0.930339 e2e=827.791ms
[ok] openhands s385 turn14 ttft=311.416ms hit=0.921608 e2e=556.978ms
[ok] openhands s323 turn10 ttft=567.51ms hit=0.850281 e2e=822.856ms
[ok] openhands s323 turn11 ttft=367.839ms hit=0.978721 e2e=614.154ms
[ok] openhands s385 turn15 ttft=312.591ms hit=0.930134 e2e=684.417ms
[ok] openhands s68 turn7 ttft=422.543ms hit=0.993559 e2e=677.223ms
[ok] openhands s385 turn16 ttft=424.257ms hit=0.968877 e2e=668.459ms
[ok] openhands s323 turn12 ttft=307.695ms hit=0.971417 e2e=682.594ms
[ok] openhands s68 turn8 ttft=424.669ms hit=0.985308 e2e=676.696ms
[ok] openhands s323 turn13 ttft=301.04ms hit=0.969 e2e=540.085ms
[ok] openhands s385 turn17 ttft=316.254ms hit=0.962065 e2e=562.006ms
[ok] openhands s323 turn14 ttft=215.399ms hit=0.980611 e2e=552.385ms
[ok] openhands s385 turn18 ttft=211.589ms hit=0.934648 e2e=494.845ms
[ok] openhands s323 turn15 ttft=422.408ms hit=0.982772 e2e=555.264ms
[ok] openhands s385 turn19 ttft=222.727ms hit=0.934744 e2e=470.247ms
[ok] openhands s323 turn16 ttft=194.302ms hit=0.96952 e2e=658.789ms
[ok] openhands s385 turn20 ttft=226.94ms hit=0.951362 e2e=590.732ms
[ok] openhands s68 turn9 ttft=489.36ms hit=0.916131 e2e=868.87ms
[ok] openhands s323 turn17 ttft=465.086ms hit=0.948727 e2e=720.485ms
[ok] openhands s385 turn21 ttft=238.541ms hit=0.960669 e2e=488.01ms
[ok] openhands s68 turn10 ttft=756.851ms hit=0.832844 e2e=995.741ms
[ok] openhands s385 turn22 ttft=746.734ms hit=0.967487 e2e=985.73ms
[ok] openhands s68 turn11 ttft=405.924ms hit=0.979302 e2e=654.353ms
[ok] openhands s385 turn23 ttft=318.686ms hit=0.980789 e2e=562.891ms
[ok] openhands s385 turn24 ttft=231.812ms hit=0.979706 e2e=477.798ms
[ok] openhands s385 turn25 ttft=234.524ms hit=0.98365 e2e=480.217ms
[ok] openhands s385 turn26 ttft=245.159ms hit=0.955539 e2e=489.303ms
[ok] openhands s385 turn27 ttft=241.63ms hit=0.965157 e2e=622.315ms
[ok] openhands s68 turn12 ttft=366.158ms hit=0.986202 e2e=656.164ms
[ok] openhands s385 turn28 ttft=243.869ms hit=0.980035 e2e=565.465ms
[ok] openhands s68 turn13 ttft=521.687ms hit=0.979218 e2e=656.97ms
[ok] openhands s385 turn29 ttft=242.848ms hit=0.985439 e2e=486.732ms
[ok] openhands s385 turn30 ttft=245.891ms hit=0.983154 e2e=489.879ms
[ok] openhands s385 turn31 ttft=239.685ms hit=0.987793 e2e=485.557ms
[ok] openhands s385 turn32 ttft=248.847ms hit=0.993447 e2e=492.875ms
[ok] openhands s385 turn33 ttft=245.61ms hit=0.982681 e2e=525.077ms
[ok] openhands s68 turn14 ttft=292.749ms hit=0.985157 e2e=653.137ms
[ok] openhands s385 turn34 ttft=249.472ms hit=0.964967 e2e=497.172ms
[ok] openhands s68 turn15 ttft=929.018ms hit=0.830305 e2e=1958.024ms
[ok] request s548 turn0 ttft=184.715ms hit=0.0 e2e=506.444ms
[ok] request s404 turn0 ttft=505.498ms hit=0.0 e2e=830.318ms
[ok] openhands s322 turn0 ttft=706.687ms hit=0.0 e2e=1152.183ms
[ok] openhands s385 turn35 ttft=703.186ms hit=0.989568 e2e=1028.195ms
[ok] request s345 turn0 ttft=752.968ms hit=0.0 e2e=955.659ms
[ok] request s428 turn0 ttft=1073.54ms hit=0.0 e2e=1775.074ms
[ok] request s271 turn0 ttft=1395.613ms hit=0.0 e2e=2098.191ms
[ok] request s227 turn0 ttft=587.06ms hit=0.0 e2e=1132.304ms
[ok] openhands s322 turn1 ttft=1518.922ms hit=0.0 e2e=2221.294ms
[ok] openhands s385 turn36 ttft=1008.085ms hit=0.984744 e2e=2236.414ms
[ok] request s457 turn0 ttft=272.362ms hit=0.0 e2e=812.357ms
[ok] openhands s68 turn16 ttft=1241.226ms hit=0.868385 e2e=2469.357ms
[ok] request s404 turn1 ttft=934.812ms hit=0.0 e2e=1639.877ms
[ok] request s11 turn0 ttft=1198.261ms hit=0.0 e2e=2426.305ms
[ok] request s389 turn0 ttft=136.594ms hit=0.0 e2e=171.28ms
[ok] request s440 turn0 ttft=132.291ms hit=0.0 e2e=654.022ms
[ok] request s389 turn1 ttft=352.912ms hit=0.0 e2e=386.184ms
[ok] request s531 turn0 ttft=141.336ms hit=0.0 e2e=868.326ms
[ok] openhands s322 turn2 ttft=289.281ms hit=0.933625 e2e=1025.574ms
[ok] request s345 turn1 ttft=196.887ms hit=0.497087 e2e=926.722ms
[ok] openhands s385 turn37 ttft=282.296ms hit=0.97833 e2e=1012.823ms
[ok] request s398 turn0 ttft=288.815ms hit=0.0 e2e=303.939ms
[ok] request s389 turn2 ttft=128.416ms hit=0.0 e2e=158.06ms
[ok] request s122 turn0 ttft=245.444ms hit=0.0 e2e=1301.339ms
[ok] request s227 turn1 ttft=359.195ms hit=0.868868 e2e=1181.024ms
[ok] request s187 turn0 ttft=159.241ms hit=0.0 e2e=981.611ms
[ok] request s457 turn1 ttft=358.549ms hit=0.0 e2e=1182.073ms
[ok] request s404 turn2 ttft=357.709ms hit=0.241737 e2e=1180.924ms
[ok] request s271 turn1 ttft=242.887ms hit=0.0 e2e=1184.633ms
[ok] openhands s322 turn3 ttft=364.653ms hit=0.797808 e2e=992.963ms
[ok] openhands s385 turn38 ttft=369.514ms hit=0.954951 e2e=980.618ms
[ok] request s118 turn0 ttft=131.122ms hit=0.0 e2e=754.029ms
[ok] request s121 turn0 ttft=132.978ms hit=0.0 e2e=857.493ms
[ok] request s389 turn3 ttft=245.605ms hit=0.0 e2e=291.833ms
[ok] openhands s322 turn4 ttft=307.742ms hit=0.976996 e2e=1163.972ms
[ok] openhands s385 turn39 ttft=308.799ms hit=0.971527 e2e=1151.484ms
[ok] request s28 turn0 ttft=256.861ms hit=0.0 e2e=1099.24ms
[ok] request s187 turn1 ttft=217.494ms hit=0.0 e2e=884.649ms
[ok] request s166 turn0 ttft=186.382ms hit=0.0 e2e=855.968ms
[ok] request s411 turn0 ttft=175.035ms hit=0.0 e2e=186.469ms
[ok] request s389 turn4 ttft=393.93ms hit=0.0 e2e=1310.541ms
[ok] request s118 turn1 ttft=183.076ms hit=0.0 e2e=1826.069ms
[ok] request s31 turn0 ttft=245.294ms hit=0.0 e2e=1892.997ms
[ok] request s151 turn0 ttft=136.802ms hit=0.0 e2e=1774.471ms
[ok] request s289 turn0 ttft=696.053ms hit=0.0 e2e=1217.257ms
[ok] openhands s322 turn5 ttft=345.775ms hit=0.939048 e2e=1732.477ms
[ok] request s187 turn2 ttft=649.092ms hit=0.0 e2e=1057.879ms
[ok] request s7 turn0 ttft=490.735ms hit=0.0 e2e=899.23ms
[ok] request s121 turn1 ttft=409.776ms hit=0.0 e2e=1699.568ms
[ok] openhands s67 turn0 ttft=1020.693ms hit=0.0 e2e=1545.358ms
[ok] openhands s385 turn40 ttft=485.577ms hit=0.948829 e2e=1567.452ms
[ok] request s389 turn5 ttft=358.678ms hit=0.654731 e2e=650.551ms
[ok] request s145 turn0 ttft=131.227ms hit=0.0 e2e=1364.425ms
[ok] openhands s385 turn41 ttft=570.259ms hit=0.946905 e2e=2827.345ms
[ok] openhands s67 turn1 ttft=288.594ms hit=0.988878 e2e=2845.275ms
[ok] openhands s322 turn6 ttft=407.549ms hit=0.91217 e2e=2836.899ms
[ok] request s563 turn0 ttft=198.654ms hit=0.0 e2e=2457.139ms
[ok] request s118 turn2 ttft=287.827ms hit=0.592593 e2e=2547.088ms
[ok] request s464 turn0 ttft=518.68ms hit=0.0 e2e=2780.782ms
[ok] request s289 turn1 ttft=259.132ms hit=0.0 e2e=2448.051ms
[ok] request s187 turn3 ttft=268.663ms hit=0.48855 e2e=2445.891ms
[ok] request s234 turn0 ttft=156.67ms hit=0.0 e2e=2337.393ms
[ok] request s519 turn0 ttft=494.534ms hit=0.0 e2e=724.811ms
[ok] request s121 turn2 ttft=268.097ms hit=0.342475 e2e=2448.761ms
[ok] request s145 turn1 ttft=1040.601ms hit=0.0 e2e=2428.88ms
[ok] request s87 turn0 ttft=1351.502ms hit=0.0 e2e=2801.643ms
[ok] request s52 turn0 ttft=706.014ms hit=0.0 e2e=2155.813ms
[ok] request s556 turn0 ttft=178.475ms hit=0.0 e2e=1510.709ms
[ok] request s20 turn0 ttft=1674.589ms hit=0.0 e2e=3124.2ms
[ok] request s380 turn0 ttft=1029.199ms hit=0.0 e2e=2478.025ms
[ok] openhands s68 turn17 ttft=1825.443ms hit=0.717148 e2e=3273.945ms
[ok] request s376 turn0 ttft=389.64ms hit=0.0 e2e=1452.772ms
[ok] openhands s67 turn2 ttft=201.285ms hit=0.888463 e2e=1573.034ms
[ok] openhands s385 turn42 ttft=429.205ms hit=0.966223 e2e=1564.825ms
[ok] openhands s322 turn7 ttft=413.72ms hit=0.899787 e2e=1144.582ms
[ok] request s8 turn0 ttft=134.568ms hit=0.0 e2e=489.884ms
[ok] request s262 turn0 ttft=403.263ms hit=0.0 e2e=1135.185ms
[ok] request s118 turn3 ttft=435.909ms hit=0.422442 e2e=979.636ms
[ok] request s283 turn0 ttft=287.415ms hit=0.0 e2e=815.536ms
[ok] request s289 turn2 ttft=257.755ms hit=0.221262 e2e=785.571ms
[ok] request s234 turn1 ttft=253.104ms hit=0.688542 e2e=780.692ms
[ok] request s121 turn3 ttft=252.552ms hit=0.614793 e2e=779.917ms
[ok] request s187 turn4 ttft=257.859ms hit=0.751836 e2e=784.965ms
[ok] request s20 turn1 ttft=1834.28ms hit=0.0 e2e=2879.779ms
[ok] request s145 turn2 ttft=1896.632ms hit=0.0 e2e=3090.437ms
[ok] request s556 turn1 ttft=1837.766ms hit=0.0 e2e=3182.197ms
[ok] request s469 turn0 ttft=2013.632ms hit=0.0 e2e=3429.966ms
[ok] openhands s67 turn3 ttft=1865.859ms hit=0.38474 e2e=3582.639ms
[ok] openhands s68 turn18 ttft=518.718ms hit=0.988103 e2e=3840.367ms
[ok] openhands s322 turn8 ttft=2013.079ms hit=0.809395 e2e=2713.878ms
[ok] request s52 turn1 ttft=1837.113ms hit=0.0 e2e=3259.715ms
[ok] request s14 turn0 ttft=1441.766ms hit=0.0 e2e=2146.975ms
[ok] request s92 turn0 ttft=1692.352ms hit=0.0 e2e=3114.962ms
[ok] request s121 turn4 ttft=1566.403ms hit=0.0 e2e=2988.713ms
[ok] request s48 turn0 ttft=1764.543ms hit=0.0 e2e=2469.441ms
[ok] request s187 turn5 ttft=1564.534ms hit=0.0 e2e=2986.822ms
[ok] openhands s3 turn0 ttft=2044.521ms hit=0.0 e2e=2792.981ms
[ok] request s459 turn0 ttft=1120.502ms hit=0.0 e2e=1825.677ms
[ok] openhands s385 turn43 ttft=1859.685ms hit=0.90796 e2e=3583.459ms
[ok] request s380 turn1 ttft=1836.531ms hit=0.0 e2e=3258.522ms
[ok] request s87 turn1 ttft=1840.725ms hit=0.0 e2e=3263.472ms
[ok] request s123 turn0 ttft=577.668ms hit=0.0 e2e=3761.202ms
[ok] request s529 turn0 ttft=274.14ms hit=0.0 e2e=861.81ms
[ok] request s99 turn0 ttft=796.036ms hit=0.0 e2e=1507.123ms
[ok] request s238 turn0 ttft=473.922ms hit=0.0 e2e=1184.344ms
[ok] request s453 turn0 ttft=141.835ms hit=0.0 e2e=1163.658ms
[ok] request s344 turn0 ttft=137.446ms hit=0.0 e2e=843.299ms
[ok] request s556 turn2 ttft=409.147ms hit=0.0 e2e=789.841ms
[ok] request s145 turn3 ttft=566.049ms hit=0.0 e2e=954.054ms
[ok] openhands s68 turn19 ttft=1069.185ms hit=0.996887 e2e=1350.691ms
[ok] request s218 turn0 ttft=184.685ms hit=0.0 e2e=842.84ms
[ok] openhands s322 turn9 ttft=892.038ms hit=0.967491 e2e=1560.158ms
[ok] request s307 turn0 ttft=499.149ms hit=0.0 e2e=1167.035ms
[ok] openhands s67 turn4 ttft=735.923ms hit=0.986196 e2e=1565.392ms
[ok] request s123 turn1 ttft=330.17ms hit=0.0 e2e=1001.717ms
[ok] request s529 turn1 ttft=329.232ms hit=0.0 e2e=1000.615ms
[ok] request s238 turn1 ttft=328.553ms hit=0.0 e2e=999.732ms
[ok] request s380 turn2 ttft=333.291ms hit=0.880734 e2e=1004.293ms
[ok] request s38 turn0 ttft=138.212ms hit=0.0 e2e=528.37ms
[ok] openhands s385 turn44 ttft=628.962ms hit=0.971342 e2e=1586.482ms
[ok] request s530 turn0 ttft=825.048ms hit=0.0 e2e=1496.62ms
[ok] openhands s3 turn1 ttft=918.818ms hit=0.984159 e2e=1589.759ms
[ok] request s145 turn4 ttft=267.281ms hit=0.0 e2e=2150.075ms
[ok] request s502 turn0 ttft=355.352ms hit=0.0 e2e=2444.126ms
[ok] openhands s67 turn5 ttft=373.525ms hit=0.991208 e2e=2464.611ms
[ok] request s540 turn0 ttft=154.578ms hit=0.0 e2e=2123.871ms
[ok] openhands s322 turn10 ttft=434.176ms hit=0.935627 e2e=2528.798ms
[ok] openhands s68 turn20 ttft=476.13ms hit=0.985025 e2e=2814.884ms
[ok] openhands s3 turn2 ttft=346.513ms hit=0.975558 e2e=2565.492ms
[ok] request s423 turn0 ttft=555.081ms hit=0.0 e2e=2773.789ms
[ok] request s556 turn3 ttft=278.189ms hit=0.0 e2e=2260.34ms
[ok] request s123 turn2 ttft=259.972ms hit=0.0 e2e=1995.479ms
[ok] request s529 turn2 ttft=389.621ms hit=0.333116 e2e=1994.29ms
[ok] request s115 turn0 ttft=236.925ms hit=0.0 e2e=1832.413ms
[ok] request s380 turn3 ttft=388.673ms hit=0.0 e2e=1993.332ms
[ok] request s210 turn0 ttft=170.338ms hit=0.0 e2e=1956.674ms
[ok] openhands s258 turn8 ttft=1220.098ms hit=0.0 e2e=1861.49ms
[ok] request s396 turn0 ttft=994.969ms hit=0.0 e2e=1637.899ms
[ok] request s393 turn0 ttft=679.663ms hit=0.0 e2e=1315.19ms
[ok] openhands s385 turn45 ttft=953.762ms hit=0.992385 e2e=1596.742ms
[ok] request s371 turn0 ttft=356.408ms hit=0.0 e2e=993.093ms
[ok] openhands s67 turn6 ttft=478.783ms hit=0.992271 e2e=1284.697ms
[ok] openhands s3 turn3 ttft=472.098ms hit=0.955768 e2e=1279.015ms
[ok] openhands s322 turn11 ttft=500.934ms hit=0.938794 e2e=1173.476ms
[ok] openhands s68 turn21 ttft=720.296ms hit=0.989171 e2e=1443.666ms
[ok] openhands s385 turn46 ttft=408.464ms hit=0.986237 e2e=962.17ms
[ok] openhands s258 turn9 ttft=388.558ms hit=0.972029 e2e=935.655ms
[ok] request s529 turn3 ttft=278.102ms hit=0.818327 e2e=826.687ms
[ok] request s393 turn1 ttft=133.651ms hit=0.610008 e2e=954.958ms
[ok] openhands s67 turn7 ttft=744.56ms hit=0.993278 e2e=2002.982ms
[ok] openhands s3 turn4 ttft=1839.429ms hit=0.964427 e2e=1992.067ms
[ok] openhands s258 turn10 ttft=661.955ms hit=0.982111 e2e=1994.13ms
[ok] openhands s68 turn22 ttft=562.476ms hit=0.971192 e2e=2010.956ms
[ok] request s393 turn2 ttft=452.782ms hit=0.0 e2e=850.296ms
[ok] request s529 turn4 ttft=1028.082ms hit=0.0 e2e=1426.417ms
[ok] openhands s385 turn47 ttft=773.759ms hit=0.97294 e2e=1897.917ms
[ok] openhands s322 turn12 ttft=1174.255ms hit=0.683837 e2e=1608.36ms
[ok] openhands s3 turn5 ttft=433.893ms hit=0.9815 e2e=921.609ms
[ok] openhands s67 turn8 ttft=430.284ms hit=0.959508 e2e=918.104ms
[ok] openhands s68 turn23 ttft=751.279ms hit=0.997552 e2e=956.158ms
[ok] openhands s385 turn48 ttft=330.295ms hit=0.968064 e2e=1515.416ms
[ok] request s529 turn5 ttft=142.102ms hit=0.807316 e2e=1382.365ms
[ok] openhands s67 turn9 ttft=485.815ms hit=0.935882 e2e=1233.716ms
[ok] openhands s3 turn6 ttft=829.853ms hit=0.579698 e2e=1122.092ms
[ok] openhands s258 turn11 ttft=470.813ms hit=0.985675 e2e=755.583ms
[ok] openhands s385 turn49 ttft=1188.416ms hit=0.982387 e2e=1328.832ms
[ok] openhands s67 turn10 ttft=838.991ms hit=0.841298 e2e=1112.809ms
[ok] openhands s3 turn7 ttft=830.326ms hit=0.979308 e2e=1104.239ms
[ok] request s529 turn6 ttft=289.992ms hit=0.0 e2e=540.913ms
[ok] openhands s3 turn8 ttft=341.757ms hit=0.941022 e2e=835.879ms
[ok] openhands s258 turn12 ttft=465.835ms hit=0.989311 e2e=725.119ms
[ok] openhands s385 turn50 ttft=341.975ms hit=0.969684 e2e=781.966ms
[ok] request s529 turn7 ttft=144.788ms hit=0.833101 e2e=614.367ms
[ok] openhands s3 turn9 ttft=374.041ms hit=0.944562 e2e=589.989ms
[ok] openhands s385 turn51 ttft=322.853ms hit=0.991547 e2e=1253.663ms
[ok] openhands s67 turn11 ttft=617.529ms hit=0.995922 e2e=928.754ms
[ok] openhands s258 turn13 ttft=400.395ms hit=0.992613 e2e=1086.419ms
[ok] openhands s3 turn10 ttft=746.27ms hit=0.73173 e2e=1058.167ms
[ok] openhands s385 turn52 ttft=536.456ms hit=0.990896 e2e=673.094ms
[ok] openhands s3 turn11 ttft=243.517ms hit=0.98317 e2e=487.568ms
[ok] openhands s3 turn12 ttft=601.709ms hit=0.968545 e2e=739.117ms
[ok] openhands s385 turn53 ttft=465.182ms hit=0.979298 e2e=951.684ms
[ok] openhands s258 turn14 ttft=418.357ms hit=0.985573 e2e=901.399ms
[ok] openhands s3 turn13 ttft=279.7ms hit=0.970964 e2e=1260.297ms
[ok] openhands s67 turn12 ttft=1067.799ms hit=0.825526 e2e=1284.692ms
[ok] openhands s258 turn15 ttft=722.828ms hit=0.989571 e2e=938.144ms
[ok] openhands s385 turn54 ttft=836.334ms hit=0.992665 e2e=1323.068ms
[ok] openhands s258 turn16 ttft=325.32ms hit=0.969924 e2e=680.294ms
[ok] openhands s3 turn14 ttft=277.929ms hit=0.984012 e2e=627.804ms
[ok] openhands s258 turn17 ttft=584.053ms hit=0.765985 e2e=838.659ms
[ok] openhands s385 turn55 ttft=512.793ms hit=0.984424 e2e=1040.057ms
[ok] openhands s3 turn15 ttft=545.576ms hit=0.984738 e2e=798.44ms
[ok] openhands s258 turn18 ttft=401.134ms hit=0.987098 e2e=742.782ms
[ok] openhands s3 turn16 ttft=595.631ms hit=0.990852 e2e=735.703ms
[ok] openhands s385 turn56 ttft=536.949ms hit=0.97379 e2e=1115.699ms
[ok] openhands s67 turn13 ttft=1284.381ms hit=0.823023 e2e=1423.583ms
[ok] openhands s258 turn19 ttft=544.196ms hit=0.834229 e2e=1596.456ms
[ok] openhands s3 turn17 ttft=762.038ms hit=0.99278 e2e=1589.157ms
[ok] openhands s385 turn57 ttft=366.206ms hit=0.972618 e2e=814.039ms
[ok] openhands s3 turn18 ttft=877.559ms hit=0.917058 e2e=1131.942ms
[ok] openhands s258 turn20 ttft=839.587ms hit=0.979815 e2e=1093.237ms
[ok] openhands s67 turn14 ttft=449.309ms hit=0.997117 e2e=990.959ms
[ok] openhands s385 turn58 ttft=420.133ms hit=0.960004 e2e=1086.125ms
[ok] openhands s3 turn19 ttft=458.773ms hit=0.968735 e2e=4370.769ms
[ok] openhands s258 turn21 ttft=4041.497ms hit=0.973847 e2e=4350.988ms
[ok] request s27 turn0 ttft=150.277ms hit=0.0 e2e=313.531ms
[ok] request s176 turn0 ttft=1530.261ms hit=0.0 e2e=2170.225ms
[ok] request s363 turn0 ttft=2354.665ms hit=0.0 e2e=3138.878ms
[ok] request s402 turn0 ttft=564.028ms hit=0.0 e2e=1203.344ms
[ok] request s56 turn0 ttft=886.524ms hit=0.0 e2e=1525.511ms
[ok] request s336 turn0 ttft=2677.33ms hit=0.0 e2e=3461.614ms
[ok] openhands s385 turn59 ttft=3289.527ms hit=0.937133 e2e=4073.404ms
[ok] request s190 turn0 ttft=2033.087ms hit=0.0 e2e=2816.665ms
[ok] request s214 turn0 ttft=1711.39ms hit=0.0 e2e=2494.683ms
[ok] openhands s67 turn15 ttft=3021.413ms hit=0.81889 e2e=4098.772ms
[ok] request s231 turn0 ttft=242.519ms hit=0.0 e2e=882.281ms
[ok] request s83 turn0 ttft=2235.808ms hit=0.0 e2e=4108.452ms
[ok] openhands s196 turn0 ttft=2558.956ms hit=0.571886 e2e=4431.205ms
[ok] request s209 turn0 ttft=1208.402ms hit=0.0 e2e=1850.369ms
[ok] request s473 turn0 ttft=2998.506ms hit=0.0 e2e=3785.834ms
[ok] request s486 turn0 ttft=870.146ms hit=0.0 e2e=872.592ms
[ok] openhands s3 turn20 ttft=898.791ms hit=0.99332 e2e=1266.417ms
[ok] openhands s258 turn22 ttft=889.05ms hit=0.982588 e2e=1256.284ms
[ok] openhands s196 turn1 ttft=1241.699ms hit=0.972115 e2e=1534.731ms
[ok] request s56 turn1 ttft=334.067ms hit=0.547945 e2e=978.272ms
[ok] openhands s67 turn16 ttft=1212.318ms hit=0.994341 e2e=1544.723ms
[ok] request s27 turn1 ttft=283.653ms hit=0.0 e2e=1224.209ms
[ok] request s42 turn0 ttft=229.836ms hit=0.0 e2e=1171.675ms
[ok] request s465 turn0 ttft=553.221ms hit=0.0 e2e=1494.742ms
[ok] request s46 turn0 ttft=205.0ms hit=0.0 e2e=1242.289ms
[ok] request s363 turn1 ttft=326.377ms hit=0.0 e2e=1374.142ms
[ok] openhands s385 turn60 ttft=676.733ms hit=0.974107 e2e=1725.251ms
[ok] request s214 turn1 ttft=333.328ms hit=0.651192 e2e=1371.959ms
[ok] request s83 turn1 ttft=333.227ms hit=0.0 e2e=1371.086ms
[ok] request s192 turn0 ttft=148.116ms hit=0.0 e2e=603.387ms
[ok] request s18 turn0 ttft=461.937ms hit=0.0 e2e=926.214ms
[ok] openhands s3 turn21 ttft=393.298ms hit=0.971269 e2e=977.215ms
[ok] openhands s258 turn23 ttft=479.194ms hit=0.973983 e2e=944.569ms
[ok] openhands s196 turn2 ttft=436.723ms hit=0.992643 e2e=1748.787ms
[ok] request s216 turn0 ttft=762.453ms hit=0.0 e2e=1798.283ms
[ok] openhands s67 turn17 ttft=876.744ms hit=0.929843 e2e=1913.303ms
[ok] request s83 turn2 ttft=361.642ms hit=0.0 e2e=925.775ms
[ok] openhands s385 turn61 ttft=536.485ms hit=0.995172 e2e=1521.288ms
[ok] request s192 turn1 ttft=358.752ms hit=0.0 e2e=922.831ms
[ok] openhands s386 turn0 ttft=583.901ms hit=0.0 e2e=1159.648ms
[ok] request s528 turn0 ttft=905.74ms hit=0.0 e2e=1481.194ms
[ok] request s141 turn0 ttft=273.338ms hit=0.0 e2e=837.468ms
[ok] request s18 turn1 ttft=358.71ms hit=0.0 e2e=922.565ms
[ok] request s465 turn1 ttft=747.832ms hit=0.0 e2e=1323.37ms
[ok] openhands s258 turn24 ttft=914.492ms hit=0.986968 e2e=1491.795ms
[ok] request s46 turn1 ttft=366.288ms hit=0.0 e2e=930.352ms
[ok] request s214 turn2 ttft=365.521ms hit=0.65071 e2e=929.343ms
[ok] openhands s3 turn22 ttft=674.323ms hit=0.991581 e2e=1503.362ms
[ok] request s23 turn0 ttft=135.318ms hit=0.0 e2e=1178.181ms
[ok] request s338 turn0 ttft=133.144ms hit=0.0 e2e=858.118ms
[ok] openhands s196 turn3 ttft=708.097ms hit=0.988657 e2e=1626.313ms
[ok] request s465 turn2 ttft=473.0ms hit=0.307508 e2e=1251.918ms
[ok] openhands s386 turn1 ttft=678.911ms hit=0.933625 e2e=1783.476ms
[ok] openhands s67 turn18 ttft=665.705ms hit=0.99194 e2e=1859.574ms
[ok] request s22 turn0 ttft=311.844ms hit=0.0 e2e=1085.949ms
[ok] request s71 turn0 ttft=623.688ms hit=0.0 e2e=1408.151ms
[ok] request s46 turn2 ttft=472.614ms hit=0.456328 e2e=1256.733ms
[ok] request s192 turn2 ttft=477.323ms hit=0.404423 e2e=1261.144ms
[ok] request s156 turn0 ttft=948.662ms hit=0.0 e2e=1732.241ms
[ok] request s214 turn3 ttft=472.63ms hit=0.699666 e2e=1255.929ms
[ok] request s18 turn2 ttft=477.265ms hit=0.0 e2e=1260.298ms
[ok] openhands s258 turn25 ttft=717.584ms hit=0.973919 e2e=1828.075ms
[ok] openhands s3 turn23 ttft=804.373ms hit=0.986962 e2e=1787.084ms
[ok] openhands s385 turn62 ttft=388.256ms hit=0.993244 e2e=636.119ms
[ok] request s251 turn0 ttft=157.748ms hit=0.0 e2e=771.048ms
[ok] request s517 turn0 ttft=198.931ms hit=0.0 e2e=448.315ms
[ok] request s269 turn0 ttft=792.186ms hit=0.0 e2e=1557.575ms
[ok] openhands s196 turn4 ttft=946.972ms hit=0.996189 e2e=1962.868ms
[ok] openhands s386 turn2 ttft=670.947ms hit=0.954037 e2e=1689.369ms
[ok] openhands s258 turn26 ttft=651.375ms hit=0.986631 e2e=1668.952ms
[ok] openhands s67 turn19 ttft=668.417ms hit=0.997034 e2e=1686.694ms
[ok] openhands s3 turn24 ttft=1306.263ms hit=0.957913 e2e=1628.0ms
[ok] request s46 turn3 ttft=500.121ms hit=0.659794 e2e=1144.754ms
[ok] openhands s385 turn63 ttft=866.859ms hit=0.991743 e2e=1710.967ms
[ok] request s214 turn4 ttft=497.485ms hit=0.862069 e2e=1142.044ms
[ok] request s12 turn0 ttft=576.042ms hit=0.0 e2e=1220.295ms
[ok] request s71 turn1 ttft=502.737ms hit=0.0 e2e=1146.668ms
[ok] request s342 turn0 ttft=264.751ms hit=0.0 e2e=897.463ms
[ok] request s18 turn3 ttft=496.07ms hit=0.0 e2e=1139.947ms
[ok] request s465 turn3 ttft=507.995ms hit=0.609524 e2e=1151.631ms
[ok] request s414 turn0 ttft=900.9ms hit=0.0 e2e=1544.304ms
[ok] request s192 turn3 ttft=501.989ms hit=0.628221 e2e=1145.166ms
[ok] request s517 turn1 ttft=495.974ms hit=0.395978 e2e=1138.935ms
[ok] request s60 turn0 ttft=142.533ms hit=0.0 e2e=1379.311ms
[ok] request s535 turn0 ttft=139.323ms hit=0.0 e2e=1058.488ms
[ok] openhands s3 turn25 ttft=1301.756ms hit=0.979138 e2e=1607.564ms
[ok] openhands s67 turn20 ttft=804.214ms hit=0.961988 e2e=1729.09ms
[ok] request s315 turn0 ttft=737.856ms hit=0.0 e2e=1662.471ms
[ok] openhands s196 turn5 ttft=842.07ms hit=0.991414 e2e=1765.791ms
[ok] openhands s386 turn3 ttft=811.985ms hit=0.970532 e2e=1736.502ms
[ok] request s467 turn0 ttft=358.43ms hit=0.0 e2e=1021.113ms
[ok] openhands s385 turn64 ttft=1018.34ms hit=0.996669 e2e=1723.692ms
[ok] request s478 turn0 ttft=160.798ms hit=0.0 e2e=700.964ms
[ok] request s483 turn0 ttft=640.543ms hit=0.0 e2e=1345.885ms
[ok] request s517 turn2 ttft=467.187ms hit=0.524805 e2e=1130.353ms
[ok] request s214 turn5 ttft=474.713ms hit=0.903823 e2e=1137.61ms
[ok] request s18 turn4 ttft=472.427ms hit=0.613174 e2e=1135.064ms
[ok] request s465 turn4 ttft=470.836ms hit=0.731196 e2e=1133.226ms
[ok] request s568 turn0 ttft=141.547ms hit=0.0 e2e=1157.711ms
[ok] openhands s3 turn26 ttft=958.153ms hit=0.991022 e2e=962.191ms
[ok] request s301 turn0 ttft=833.758ms hit=0.0 e2e=840.006ms
[ok] request s416 turn0 ttft=943.559ms hit=0.0 e2e=1107.159ms
[ok] openhands s196 turn6 ttft=780.648ms hit=0.996636 e2e=2989.452ms
[ok] openhands s386 turn4 ttft=1319.18ms hit=0.941649 e2e=3222.217ms
[ok] request s214 turn6 ttft=1893.785ms hit=0.0 e2e=2682.601ms
[ok] request s301 turn1 ttft=1112.912ms hit=0.0 e2e=1901.401ms
[ok] openhands s67 turn21 ttft=1010.443ms hit=0.925166 e2e=3255.027ms
[ok] request s270 turn0 ttft=1586.645ms hit=0.0 e2e=2374.421ms
[ok] request s45 turn0 ttft=1137.112ms hit=0.0 e2e=2697.626ms
[ok] request s162 turn0 ttft=619.821ms hit=0.0 e2e=1407.44ms
[ok] request s465 turn5 ttft=1423.121ms hit=0.0 e2e=2678.593ms
[ok] request s568 turn1 ttft=1119.213ms hit=0.0 e2e=1906.767ms
[ok] request s109 turn0 ttft=1266.183ms hit=0.0 e2e=2053.471ms
[ok] request s483 turn1 ttft=1124.544ms hit=0.0 e2e=2687.174ms
[ok] request s18 turn5 ttft=1425.977ms hit=0.0 e2e=2681.805ms
[ok] request s517 turn3 ttft=1703.841ms hit=0.0 e2e=2686.561ms
[ok] openhands s3 turn27 ttft=1711.651ms hit=0.990094 e2e=2501.914ms
[ok] request s63 turn0 ttft=301.561ms hit=0.0 e2e=1086.345ms
[ok] openhands s511 turn0 ttft=1458.322ms hit=0.0 e2e=3022.831ms
[ok] openhands s385 turn65 ttft=1683.408ms hit=0.988913 e2e=3247.089ms
[ok] request s211 turn0 ttft=141.16ms hit=0.0 e2e=768.158ms
[ok] request s86 turn0 ttft=143.792ms hit=0.0 e2e=445.243ms
[ok] request s149 turn0 ttft=242.657ms hit=0.0 e2e=1590.13ms
[ok] request s287 turn0 ttft=431.92ms hit=0.0 e2e=890.179ms
[ok] request s201 turn0 ttft=559.786ms hit=0.0 e2e=3048.88ms
[ok] openhands s196 turn7 ttft=1472.672ms hit=0.99343 e2e=3224.16ms
[ok] request s150 turn0 ttft=523.03ms hit=0.0 e2e=1719.707ms
[ok] openhands s3 turn28 ttft=437.836ms hit=0.993731 e2e=3237.11ms
[ok] openhands s386 turn5 ttft=521.749ms hit=0.948454 e2e=3200.565ms
[ok] openhands s385 turn66 ttft=827.037ms hit=0.997117 e2e=3222.636ms
[ok] request s109 turn1 ttft=312.679ms hit=0.451765 e2e=2640.711ms
[ok] request s86 turn1 ttft=306.022ms hit=0.0 e2e=2633.758ms
[ok] request s275 turn0 ttft=320.446ms hit=0.0 e2e=2716.187ms
[ok] request s568 turn2 ttft=315.182ms hit=0.447813 e2e=2642.832ms
[ok] openhands s511 turn1 ttft=546.679ms hit=0.988028 e2e=3226.252ms
[ok] request s483 turn2 ttft=313.193ms hit=0.368876 e2e=2640.83ms
[ok] request s45 turn1 ttft=317.578ms hit=0.0 e2e=2644.952ms
[ok] request s407 turn0 ttft=641.534ms hit=0.0 e2e=3039.707ms
[ok] request s517 turn4 ttft=310.04ms hit=0.753099 e2e=2637.455ms
[ok] request s18 turn6 ttft=313.343ms hit=0.586932 e2e=2640.542ms
[ok] openhands s67 turn22 ttft=482.226ms hit=0.996292 e2e=3079.957ms
[ok] request s334 turn0 ttft=320.698ms hit=0.0 e2e=2199.425ms
[ok] openhands s132 turn0 ttft=961.39ms hit=0.0 e2e=3076.479ms
[ok] request s172 turn0 ttft=643.834ms hit=0.0 e2e=2758.621ms
[ok] request s523 turn0 ttft=233.578ms hit=0.0 e2e=2103.841ms
[ok] openhands s258 turn27 ttft=425.798ms hit=0.966404 e2e=3087.736ms
[ok] request s419 turn0 ttft=729.46ms hit=0.0 e2e=2845.92ms
[ok] request s197 turn0 ttft=244.756ms hit=0.0 e2e=1881.656ms
[ok] request s471 turn0 ttft=145.577ms hit=0.0 e2e=1780.683ms
[ok] request s150 turn1 ttft=674.418ms hit=0.0 e2e=1212.365ms
[ok] request s111 turn0 ttft=245.966ms hit=0.0 e2e=2207.557ms
[ok] request s484 turn0 ttft=143.122ms hit=0.0 e2e=2103.299ms
[ok] request s320 turn0 ttft=414.704ms hit=0.0 e2e=2225.955ms
[ok] request s297 turn0 ttft=302.292ms hit=0.0 e2e=2115.164ms
[ok] request s150 turn2 ttft=153.906ms hit=0.0 e2e=366.481ms
[ok] request s434 turn0 ttft=451.242ms hit=0.0 e2e=2251.56ms
[ok] openhands s511 turn2 ttft=752.557ms hit=0.9433 e2e=2529.056ms
[ok] openhands s3 turn29 ttft=447.637ms hit=0.993773 e2e=2545.943ms
[ok] openhands s385 turn67 ttft=750.857ms hit=0.979046 e2e=2530.82ms
[ok] request s461 turn0 ttft=582.123ms hit=0.0 e2e=2361.835ms
[ok] request s107 turn0 ttft=584.297ms hit=0.0 e2e=2684.453ms
[ok] request s76 turn0 ttft=459.391ms hit=0.0 e2e=2239.068ms
[ok] openhands s196 turn8 ttft=755.412ms hit=0.990217 e2e=2856.538ms
[ok] openhands s386 turn6 ttft=695.949ms hit=0.906061 e2e=2477.716ms
[ok] request s517 turn5 ttft=620.028ms hit=0.767361 e2e=2029.167ms
[ok] request s302 turn0 ttft=133.879ms hit=0.0 e2e=1010.999ms
[ok] request s18 turn7 ttft=618.382ms hit=0.778116 e2e=2027.546ms
[ok] request s571 turn0 ttft=587.117ms hit=0.0 e2e=1995.521ms
[ok] request s86 turn2 ttft=399.15ms hit=0.272051 e2e=2033.198ms
[ok] request s45 turn2 ttft=398.071ms hit=0.0 e2e=2031.89ms
[ok] request s243 turn0 ttft=279.971ms hit=0.0 e2e=1668.489ms
[ok] openhands s67 turn23 ttft=467.254ms hit=0.996531 e2e=2107.672ms
[ok] openhands s132 turn1 ttft=445.618ms hit=0.831013 e2e=1861.033ms
[ok] request s475 turn0 ttft=250.063ms hit=0.0 e2e=1353.402ms
[ok] request s150 turn3 ttft=273.844ms hit=0.0 e2e=795.647ms
[ok] request s471 turn1 ttft=180.225ms hit=0.0 e2e=1268.601ms
[ok] request s172 turn1 ttft=183.645ms hit=0.0 e2e=1273.858ms
[ok] request s523 turn1 ttft=183.466ms hit=0.0 e2e=1273.065ms
[ok] request s175 turn0 ttft=176.708ms hit=0.0 e2e=1602.786ms
[ok] request s50 turn0 ttft=241.081ms hit=0.0 e2e=1277.606ms
[ok] openhands s258 turn28 ttft=376.634ms hit=0.965014 e2e=1565.444ms
[ok] request s484 turn1 ttft=479.643ms hit=0.0 e2e=1525.886ms
[ok] openhands s132 turn2 ttft=903.412ms hit=0.978485 e2e=1494.871ms
[ok] openhands s511 turn3 ttft=993.643ms hit=0.971862 e2e=1595.58ms
[ok] request s327 turn0 ttft=901.889ms hit=0.0 e2e=1503.648ms
[ok] openhands s386 turn7 ttft=919.423ms hit=0.957147 e2e=1514.475ms
[ok] openhands s196 turn9 ttft=957.301ms hit=0.994272 e2e=1687.214ms
[ok] openhands s67 turn24 ttft=1481.155ms hit=0.99686 e2e=1919.476ms
[ok] request s471 turn2 ttft=822.53ms hit=0.497087 e2e=2816.648ms
[ok] request s302 turn1 ttft=555.569ms hit=0.0 e2e=2549.437ms
[ok] request s523 turn2 ttft=541.094ms hit=0.555917 e2e=2540.243ms
[ok] request s461 turn1 ttft=643.042ms hit=0.0 e2e=2641.957ms
[ok] openhands s385 turn68 ttft=1143.887ms hit=0.994618 e2e=3222.18ms
[ok] openhands s258 turn29 ttft=359.378ms hit=0.95351 e2e=2210.053ms
[ok] request s434 turn1 ttft=860.875ms hit=0.0 e2e=2941.373ms
[ok] request s388 turn0 ttft=531.927ms hit=0.0 e2e=2531.27ms
[ok] request s77 turn0 ttft=325.746ms hit=0.0 e2e=2199.466ms
[ok] request s517 turn6 ttft=560.656ms hit=0.810796 e2e=2560.009ms
[ok] request s76 turn1 ttft=643.097ms hit=0.0 e2e=2642.229ms
[ok] openhands s3 turn30 ttft=1362.885ms hit=0.993975 e2e=3236.836ms
[ok] request s167 turn0 ttft=779.52ms hit=0.0 e2e=2861.073ms
[ok] request s45 turn3 ttft=777.638ms hit=0.0 e2e=2858.966ms
[ok] request s172 turn2 ttft=816.715ms hit=0.793552 e2e=2544.822ms
[ok] request s153 turn0 ttft=157.003ms hit=0.0 e2e=1880.068ms
[ok] openhands s511 turn4 ttft=395.915ms hit=0.968145 e2e=1919.71ms
[ok] openhands s132 turn3 ttft=390.003ms hit=0.978107 e2e=1912.663ms
[ok] openhands s386 turn8 ttft=313.235ms hit=0.917806 e2e=1836.75ms
[ok] request s545 turn0 ttft=308.919ms hit=0.0 e2e=1833.397ms
[ok] request s417 turn0 ttft=633.199ms hit=0.0 e2e=2195.069ms
[ok] request s208 turn0 ttft=321.806ms hit=0.0 e2e=1870.966ms
[ok] openhands s196 turn10 ttft=571.753ms hit=0.994709 e2e=2807.756ms
[ok] openhands s67 turn25 ttft=833.466ms hit=0.983675 e2e=2523.37ms
[ok] openhands s0 turn0 ttft=836.422ms hit=0.0 e2e=2525.987ms
[ok] request s364 turn0 ttft=145.126ms hit=0.0 e2e=1567.586ms
[ok] request s523 turn3 ttft=426.532ms hit=0.710453 e2e=1653.038ms
[ok] openhands s511 turn5 ttft=344.999ms hit=0.976326 e2e=1932.256ms
[ok] request s517 turn7 ttft=424.371ms hit=0.831651 e2e=1657.049ms
[ok] openhands s386 turn9 ttft=374.923ms hit=0.922695 e2e=1967.967ms
[ok] openhands s132 turn4 ttft=371.255ms hit=0.981607 e2e=1964.011ms
[ok] openhands s3 turn31 ttft=414.648ms hit=0.994207 e2e=2254.701ms
[ok] request s388 turn1 ttft=425.99ms hit=0.0 e2e=1659.136ms
[ok] request s298 turn0 ttft=389.213ms hit=0.0 e2e=1513.289ms
[ok] request s264 turn0 ttft=455.267ms hit=0.0 e2e=2169.463ms
[ok] request s172 turn3 ttft=419.364ms hit=0.625153 e2e=1652.712ms
[ok] request s167 turn1 ttft=420.972ms hit=0.616867 e2e=1654.135ms
[ok] openhands s258 turn30 ttft=511.789ms hit=0.958676 e2e=2226.221ms
[ok] request s157 turn0 ttft=379.267ms hit=0.0 e2e=1841.801ms
[ok] request s471 turn3 ttft=435.359ms hit=0.743106 e2e=1668.86ms
[ok] request s302 turn2 ttft=434.061ms hit=0.372635 e2e=1667.362ms
[ok] request s76 turn2 ttft=424.135ms hit=0.281938 e2e=1657.275ms
[ok] request s443 turn0 ttft=198.949ms hit=0.0 e2e=1190.824ms
[ok] request s545 turn1 ttft=358.38ms hit=0.0 e2e=1375.5ms
[ok] request s339 turn0 ttft=347.223ms hit=0.0 e2e=1229.437ms
[ok] request s204 turn0 ttft=481.76ms hit=0.0 e2e=2227.327ms
[ok] openhands s67 turn26 ttft=570.507ms hit=0.990114 e2e=2318.613ms
[ok] openhands s0 turn1 ttft=560.918ms hit=0.899993 e2e=2306.344ms
[ok] request s496 turn0 ttft=173.548ms hit=0.0 e2e=1835.212ms
[ok] request s308 turn0 ttft=484.477ms hit=0.0 e2e=2162.766ms
[ok] openhands s196 turn11 ttft=605.756ms hit=0.994899 e2e=2407.327ms
[ok] openhands s132 turn5 ttft=1618.957ms hit=0.901262 e2e=1957.486ms
[ok] openhands s386 turn10 ttft=381.608ms hit=0.919583 e2e=2338.578ms
[ok] openhands s3 turn32 ttft=462.575ms hit=0.994437 e2e=2423.624ms
[ok] request s443 turn1 ttft=516.61ms hit=0.0 e2e=1833.431ms
[ok] request s545 turn2 ttft=516.151ms hit=0.0 e2e=1832.585ms
[ok] request s76 turn3 ttft=520.087ms hit=0.554513 e2e=1836.293ms
[ok] request s101 turn0 ttft=217.074ms hit=0.0 e2e=1989.839ms
[ok] request s383 turn0 ttft=459.422ms hit=0.0 e2e=1662.935ms
[ok] openhands s511 turn6 ttft=660.861ms hit=0.848046 e2e=1977.155ms
[ok] request s567 turn0 ttft=151.938ms hit=0.0 e2e=1334.759ms
[ok] request s471 turn4 ttft=524.722ms hit=0.744619 e2e=1841.002ms
[ok] request s302 turn3 ttft=523.243ms hit=0.63745 e2e=1839.311ms
[ok] openhands s258 turn31 ttft=435.944ms hit=0.961311 e2e=1989.997ms
[ok] request s388 turn2 ttft=529.914ms hit=0.308806 e2e=1846.019ms
[ok] request s167 turn2 ttft=527.543ms hit=0.695652 e2e=1843.438ms
[ok] request s264 turn1 ttft=529.22ms hit=0.0 e2e=1844.927ms
[ok] openhands s0 turn2 ttft=270.024ms hit=0.976239 e2e=1709.899ms
[ok] request s110 turn0 ttft=330.708ms hit=0.0 e2e=333.437ms
[ok] request s312 turn0 ttft=387.145ms hit=0.0 e2e=1652.204ms
[ok] openhands s67 turn27 ttft=438.955ms hit=0.968732 e2e=1703.675ms
[ok] request s181 turn0 ttft=182.84ms hit=0.0 e2e=1561.677ms
[ok] openhands s132 turn6 ttft=463.092ms hit=0.987517 e2e=2355.375ms
[ok] request s339 turn1 ttft=471.735ms hit=0.0 e2e=2364.898ms
[ok] request s487 turn0 ttft=335.115ms hit=0.0 e2e=2227.359ms
[ok] request s496 turn1 ttft=403.341ms hit=0.0 e2e=2324.708ms
[ok] request s69 turn0 ttft=217.296ms hit=0.0 e2e=2140.404ms
[ok] openhands s196 turn12 ttft=927.241ms hit=0.98971 e2e=2398.963ms
[ok] openhands s386 turn11 ttft=532.795ms hit=0.958258 e2e=2308.04ms
[ok] openhands s3 turn33 ttft=412.562ms hit=0.993779 e2e=2404.904ms
[ok] openhands s4 turn0 ttft=755.311ms hit=0.0 e2e=1475.596ms
[ok] openhands s0 turn3 ttft=405.943ms hit=0.984401 e2e=1797.142ms
[ok] openhands s67 turn28 ttft=592.954ms hit=0.997377 e2e=1787.029ms
[ok] request s545 turn3 ttft=324.684ms hit=0.332468 e2e=1834.463ms
[ok] request s181 turn1 ttft=345.989ms hit=0.0 e2e=952.984ms
[ok] request s388 turn3 ttft=439.319ms hit=0.583144 e2e=1831.112ms
[ok] request s492 turn0 ttft=541.999ms hit=0.0 e2e=1149.001ms
[ok] request s443 turn2 ttft=326.859ms hit=0.332036 e2e=1837.16ms
[ok] request s263 turn0 ttft=412.489ms hit=0.0 e2e=1804.632ms
[ok] request s167 turn3 ttft=438.241ms hit=0.753828 e2e=1830.203ms
[ok] openhands s258 turn32 ttft=450.034ms hit=0.965043 e2e=1960.72ms
[ok] request s101 turn1 ttft=324.523ms hit=0.0 e2e=1835.052ms
[ok] request s567 turn1 ttft=323.962ms hit=0.0 e2e=1834.308ms
[ok] request s177 turn0 ttft=222.409ms hit=0.0 e2e=823.062ms
[ok] request s526 turn0 ttft=173.927ms hit=0.0 e2e=959.098ms
[ok] openhands s132 turn7 ttft=206.174ms hit=0.987529 e2e=991.811ms
[ok] request s339 turn2 ttft=730.447ms hit=0.0 e2e=1425.24ms
[ok] request s545 turn4 ttft=456.184ms hit=0.0 e2e=1216.442ms
[ok] openhands s386 turn12 ttft=1470.828ms hit=0.971103 e2e=1823.526ms
[ok] openhands s132 turn8 ttft=438.04ms hit=0.973333 e2e=1347.644ms
[ok] request s443 turn3 ttft=452.817ms hit=0.674868 e2e=1212.697ms
[ok] request s276 turn0 ttft=633.646ms hit=0.0 e2e=1983.317ms
[ok] openhands s4 turn1 ttft=1485.6ms hit=0.977955 e2e=1815.239ms
[ok] request s496 turn2 ttft=629.703ms hit=0.496124 e2e=1539.707ms
[ok] request s567 turn2 ttft=450.396ms hit=0.0 e2e=1210.737ms
[ok] request s101 turn2 ttft=452.174ms hit=0.0 e2e=1212.287ms
[ok] request s62 turn0 ttft=745.787ms hit=0.0 e2e=1656.041ms
[ok] openhands s67 turn29 ttft=904.173ms hit=0.997857 e2e=1814.101ms
[ok] request s395 turn0 ttft=419.412ms hit=0.0 e2e=1329.118ms
[ok] openhands s196 turn13 ttft=783.814ms hit=0.996243 e2e=2134.914ms
[ok] openhands s0 turn4 ttft=739.435ms hit=0.90387 e2e=1788.748ms
[ok] request s388 turn4 ttft=454.392ms hit=0.742459 e2e=1217.794ms
[ok] openhands s258 turn33 ttft=738.588ms hit=0.910872 e2e=1801.907ms
[ok] openhands s3 turn34 ttft=479.342ms hit=0.992782 e2e=1241.371ms
[ok] request s526 turn1 ttft=249.345ms hit=0.0 e2e=754.234ms
[ok] request s61 turn0 ttft=182.308ms hit=0.0 e2e=674.911ms
[ok] request s213 turn0 ttft=255.234ms hit=0.0 e2e=1003.615ms
[ok] request s339 turn3 ttft=613.712ms hit=0.0 e2e=674.497ms
[ok] request s220 turn0 ttft=137.974ms hit=0.0 e2e=1472.72ms
[ok] request s395 turn1 ttft=281.08ms hit=0.0 e2e=835.131ms
[ok] openhands s196 turn14 ttft=836.69ms hit=0.990795 e2e=1413.386ms
[ok] openhands s386 turn13 ttft=547.567ms hit=0.982133 e2e=1436.351ms
[ok] openhands s0 turn5 ttft=667.151ms hit=0.870646 e2e=1385.504ms
[ok] request s221 turn0 ttft=246.338ms hit=0.0 e2e=806.731ms
[ok] request s101 turn3 ttft=284.3ms hit=0.0 e2e=844.505ms
[ok] request s358 turn0 ttft=552.381ms hit=0.0 e2e=1134.678ms
[ok] request s388 turn5 ttft=281.227ms hit=0.0 e2e=841.577ms
[ok] openhands s3 turn35 ttft=713.669ms hit=0.986899 e2e=1434.703ms
[ok] request s61 turn1 ttft=279.466ms hit=0.0 e2e=840.009ms
[ok] openhands s511 turn7 ttft=630.351ms hit=0.664711 e2e=1536.483ms
[ok] request s138 turn0 ttft=554.821ms hit=0.0 e2e=1450.492ms
[ok] openhands s4 turn2 ttft=717.058ms hit=0.985776 e2e=1438.942ms
[ok] request s460 turn0 ttft=130.445ms hit=0.0 e2e=552.516ms
[ok] request s543 turn0 ttft=153.205ms hit=0.0 e2e=1818.531ms
[ok] openhands s386 turn14 ttft=1655.44ms hit=0.962613 e2e=1909.149ms
[ok] request s221 turn1 ttft=617.942ms hit=0.0 e2e=1422.431ms
[ok] openhands s511 turn8 ttft=752.56ms hit=0.989596 e2e=1919.981ms
[ok] openhands s4 turn3 ttft=733.176ms hit=0.696695 e2e=1905.289ms
[ok] openhands s258 turn34 ttft=755.14ms hit=0.901878 e2e=1408.367ms
[ok] request s220 turn1 ttft=875.663ms hit=0.0 e2e=1686.373ms
[ok] request s254 turn0 ttft=482.66ms hit=0.0 e2e=1135.851ms
[ok] request s388 turn6 ttft=558.299ms hit=0.787692 e2e=1369.001ms
[ok] request s41 turn0 ttft=983.287ms hit=0.0 e2e=1793.789ms
[ok] openhands s196 turn15 ttft=1151.594ms hit=0.986086 e2e=1961.777ms
[ok] request s138 turn1 ttft=697.974ms hit=0.0 e2e=1507.964ms
[ok] request s205 turn0 ttft=656.757ms hit=0.0 e2e=1466.542ms
[ok] openhands s3 turn36 ttft=747.42ms hit=0.996794 e2e=1923.265ms
[ok] openhands s0 turn6 ttft=817.342ms hit=0.941124 e2e=1905.042ms
[ok] request s88 turn0 ttft=277.519ms hit=0.0 e2e=1635.957ms
[ok] request s415 turn0 ttft=143.95ms hit=0.0 e2e=2549.091ms
[ok] request s88 turn1 ttft=569.052ms hit=0.0 e2e=881.974ms
[ok] openhands s258 turn35 ttft=1834.225ms hit=0.787045 e2e=2249.927ms
[ok] openhands s386 turn15 ttft=883.421ms hit=0.968474 e2e=2368.479ms
[ok] openhands s0 turn7 ttft=818.997ms hit=0.909045 e2e=2303.186ms
[ok] openhands s196 turn16 ttft=1868.704ms hit=0.994794 e2e=2284.085ms
[ok] request s220 turn2 ttft=1398.096ms hit=0.0 e2e=1714.577ms
[ok] request s221 turn2 ttft=1404.797ms hit=0.0 e2e=1721.059ms
[ok] openhands s3 turn37 ttft=1882.034ms hit=0.992433 e2e=2302.359ms
[ok] request s388 turn7 ttft=1397.353ms hit=0.0 e2e=1715.991ms
[ok] request s138 turn2 ttft=1394.954ms hit=0.0 e2e=1713.425ms
[ok] openhands s511 turn9 ttft=827.2ms hit=0.827784 e2e=2316.305ms
[ok] openhands s4 turn4 ttft=1891.164ms hit=0.679892 e2e=2311.585ms
[ok] openhands s0 turn8 ttft=861.013ms hit=0.885216 e2e=1302.401ms
[ok] openhands s386 turn16 ttft=783.13ms hit=0.965152 e2e=1226.067ms
[ok] openhands s258 turn36 ttft=858.826ms hit=0.994403 e2e=1300.458ms
[ok] openhands s511 turn10 ttft=808.132ms hit=0.964387 e2e=1252.111ms
[ok] openhands s3 turn38 ttft=804.441ms hit=0.997656 e2e=1247.068ms
[ok] openhands s4 turn5 ttft=788.224ms hit=0.977929 e2e=1231.544ms
[ok] request s221 turn3 ttft=502.494ms hit=0.471455 e2e=1292.462ms
[ok] request s88 turn2 ttft=508.801ms hit=0.622366 e2e=1298.61ms
[ok] request s415 turn1 ttft=748.697ms hit=0.0 e2e=1541.945ms
[ok] openhands s196 turn17 ttft=1078.66ms hit=0.997477 e2e=1872.713ms
[ok] request s220 turn3 ttft=505.201ms hit=0.538192 e2e=1295.209ms
[ok] request s138 turn3 ttft=502.28ms hit=0.435374 e2e=1292.025ms
[ok] openhands s258 turn37 ttft=923.086ms hit=0.995751 e2e=1131.567ms
[ok] openhands s0 turn9 ttft=585.884ms hit=0.975454 e2e=1143.43ms
[ok] openhands s4 turn6 ttft=543.622ms hit=0.895276 e2e=1100.352ms
[ok] openhands s386 turn17 ttft=842.77ms hit=0.935205 e2e=1053.249ms
[ok] openhands s511 turn11 ttft=581.314ms hit=0.97535 e2e=1140.293ms
[ok] openhands s3 turn39 ttft=913.826ms hit=0.979035 e2e=1121.304ms
[ok] openhands s196 turn18 ttft=427.92ms hit=0.99766 e2e=1628.033ms
[ok] openhands s4 turn7 ttft=894.299ms hit=0.984055 e2e=1457.278ms
[ok] openhands s0 turn10 ttft=414.552ms hit=0.844125 e2e=1463.183ms
[ok] openhands s3 turn40 ttft=883.692ms hit=0.98626 e2e=1446.575ms
[ok] request s88 turn3 ttft=859.98ms hit=0.0 e2e=1422.546ms
[ok] openhands s386 turn18 ttft=948.236ms hit=0.547242 e2e=1370.903ms
[ok] openhands s511 turn12 ttft=581.534ms hit=0.980843 e2e=1453.528ms
[ok] request s220 turn4 ttft=858.889ms hit=0.0 e2e=1421.581ms
[ok] request s221 turn4 ttft=863.013ms hit=0.0 e2e=1425.441ms
[ok] openhands s511 turn13 ttft=915.309ms hit=0.985709 e2e=1062.54ms
[ok] openhands s196 turn19 ttft=740.792ms hit=0.992294 e2e=1358.801ms
[ok] openhands s386 turn19 ttft=640.056ms hit=0.963547 e2e=1098.272ms
[ok] openhands s0 turn11 ttft=611.656ms hit=0.986878 e2e=1070.484ms
[ok] request s221 turn5 ttft=227.109ms hit=0.702011 e2e=506.093ms
[ok] openhands s3 turn41 ttft=506.25ms hit=0.992753 e2e=1088.648ms
[ok] openhands s4 turn8 ttft=802.774ms hit=0.970055 e2e=1094.314ms
[ok] openhands s386 turn20 ttft=553.75ms hit=0.951437 e2e=999.367ms
[ok] openhands s4 turn9 ttft=513.143ms hit=0.984706 e2e=1026.072ms
[ok] openhands s3 turn42 ttft=506.911ms hit=0.991479 e2e=1021.007ms
[ok] openhands s196 turn20 ttft=808.15ms hit=0.991702 e2e=1362.57ms
[ok] request s221 turn6 ttft=233.488ms hit=0.718093 e2e=771.724ms
[ok] openhands s386 turn21 ttft=366.93ms hit=0.973384 e2e=785.099ms
[ok] openhands s132 turn9 ttft=260.202ms hit=0.983254 e2e=515.095ms
[ok] openhands s4 turn10 ttft=445.122ms hit=0.954428 e2e=699.968ms
[ok] openhands s3 turn43 ttft=460.671ms hit=0.99416 e2e=725.248ms
[ok] openhands s4 turn11 ttft=482.448ms hit=0.989576 e2e=888.111ms
[ok] openhands s386 turn22 ttft=377.07ms hit=0.940658 e2e=919.039ms
[ok] openhands s3 turn44 ttft=494.21ms hit=0.969697 e2e=908.104ms
[ok] openhands s196 turn21 ttft=586.735ms hit=0.990442 e2e=1213.296ms
[ok] request s221 turn7 ttft=331.256ms hit=0.0 e2e=739.336ms
[ok] openhands s132 turn10 ttft=209.53ms hit=0.988417 e2e=875.494ms
[ok] openhands s386 turn23 ttft=741.248ms hit=0.992882 e2e=991.609ms
[ok] openhands s4 turn12 ttft=499.977ms hit=0.964824 e2e=975.273ms
[ok] openhands s3 turn45 ttft=577.71ms hit=0.996481 e2e=1054.248ms
[ok] openhands s196 turn22 ttft=937.05ms hit=0.995549 e2e=1445.83ms
[ok] openhands s132 turn11 ttft=212.948ms hit=0.980151 e2e=836.586ms
[ok] openhands s3 turn46 ttft=360.218ms hit=0.996979 e2e=729.763ms
[ok] openhands s386 turn24 ttft=309.42ms hit=0.986848 e2e=812.374ms
[ok] openhands s4 turn13 ttft=360.942ms hit=0.971121 e2e=741.073ms
[ok] openhands s132 turn12 ttft=202.309ms hit=0.969125 e2e=903.775ms
[ok] openhands s3 turn47 ttft=597.898ms hit=0.994061 e2e=1328.88ms
[ok] openhands s4 turn14 ttft=1170.712ms hit=0.982745 e2e=1311.045ms
[ok] openhands s196 turn23 ttft=668.873ms hit=0.993588 e2e=1433.874ms
[ok] openhands s0 turn12 ttft=850.115ms hit=0.719082 e2e=1305.011ms
[ok] openhands s4 turn15 ttft=652.785ms hit=0.984418 e2e=856.848ms
[ok] openhands s3 turn48 ttft=646.537ms hit=0.993843 e2e=945.936ms
[ok] openhands s0 turn13 ttft=388.71ms hit=0.98092 e2e=690.641ms
[ok] openhands s196 turn24 ttft=533.767ms hit=0.983471 e2e=1142.169ms
[ok] openhands s4 turn16 ttft=372.756ms hit=0.981075 e2e=852.674ms
[ok] openhands s3 turn49 ttft=436.664ms hit=0.986041 e2e=767.6ms
[ok] openhands s0 turn14 ttft=425.368ms hit=0.942558 e2e=749.273ms
[ok] openhands s196 turn25 ttft=557.387ms hit=0.994438 e2e=921.716ms
[ok] openhands s4 turn17 ttft=261.247ms hit=0.984461 e2e=625.049ms
[ok] openhands s3 turn50 ttft=382.953ms hit=0.992679 e2e=964.538ms
[ok] openhands s4 turn18 ttft=346.413ms hit=0.988725 e2e=775.939ms
[ok] openhands s196 turn26 ttft=569.77ms hit=0.979061 e2e=1087.689ms
[ok] openhands s4 turn19 ttft=276.522ms hit=0.978518 e2e=521.194ms
[ok] openhands s3 turn51 ttft=491.543ms hit=0.98284 e2e=752.326ms
[ok] openhands s3 turn52 ttft=623.218ms hit=0.991501 e2e=868.393ms
[ok] openhands s4 turn20 ttft=604.256ms hit=0.942808 e2e=848.995ms
[ok] openhands s196 turn27 ttft=454.154ms hit=0.993529 e2e=829.126ms
[ok] openhands s4 turn21 ttft=256.11ms hit=0.938875 e2e=772.418ms
[ok] openhands s3 turn53 ttft=588.606ms hit=0.991951 e2e=794.198ms
[ok] openhands s196 turn28 ttft=947.643ms hit=0.998025 e2e=1082.439ms
[ok] openhands s132 turn13 ttft=326.211ms hit=0.979655 e2e=721.707ms
[ok] openhands s4 turn22 ttft=392.439ms hit=0.978171 e2e=647.656ms
[ok] openhands s3 turn54 ttft=386.539ms hit=0.990295 e2e=635.61ms
[ok] openhands s3 turn55 ttft=449.083ms hit=0.995345 e2e=968.211ms
[ok] openhands s4 turn23 ttft=548.244ms hit=0.977195 e2e=948.131ms
[ok] openhands s132 turn14 ttft=793.115ms hit=0.911762 e2e=935.696ms
[ok] openhands s0 turn15 ttft=259.718ms hit=0.986476 e2e=674.234ms
[ok] openhands s4 turn24 ttft=602.123ms hit=0.988128 e2e=723.88ms
[ok] openhands s3 turn56 ttft=517.557ms hit=0.99197 e2e=813.12ms
[ok] openhands s0 turn16 ttft=264.836ms hit=0.977733 e2e=557.456ms
[ok] openhands s4 turn25 ttft=445.766ms hit=0.976447 e2e=584.008ms
[ok] openhands s3 turn57 ttft=324.266ms hit=0.984758 e2e=593.766ms
[ok] openhands s4 turn26 ttft=393.998ms hit=0.9844 e2e=602.933ms
[ok] openhands s3 turn58 ttft=348.834ms hit=0.976923 e2e=714.799ms
[ok] openhands s4 turn27 ttft=232.451ms hit=0.980542 e2e=709.89ms
[ok] openhands s4 turn28 ttft=369.252ms hit=0.977187 e2e=619.995ms
[ok] openhands s3 turn59 ttft=470.964ms hit=0.982875 e2e=891.861ms
[ok] openhands s132 turn15 ttft=602.272ms hit=0.845477 e2e=858.364ms
[ok] openhands s4 turn29 ttft=471.896ms hit=0.984528 e2e=591.741ms
[ok] openhands s3 turn60 ttft=437.588ms hit=0.987908 e2e=720.222ms
[ok] openhands s4 turn30 ttft=479.679ms hit=0.981897 e2e=615.242ms
[ok] openhands s3 turn61 ttft=371.323ms hit=0.971573 e2e=629.64ms
[ok] openhands s4 turn31 ttft=328.819ms hit=0.98118 e2e=608.887ms
[ok] openhands s3 turn62 ttft=359.292ms hit=0.996303 e2e=601.87ms
[ok] openhands s4 turn32 ttft=474.703ms hit=0.978445 e2e=1208.654ms
[ok] openhands s3 turn63 ttft=367.009ms hit=0.995952 e2e=1085.36ms
[ok] openhands s0 turn17 ttft=676.629ms hit=0.983261 e2e=678.799ms
[ok] openhands s132 turn16 ttft=1307.54ms hit=0.794291 e2e=1445.265ms
[ok] openhands s0 turn18 ttft=648.482ms hit=0.958429 e2e=789.194ms
[ok] openhands s4 turn33 ttft=640.64ms hit=0.985297 e2e=781.344ms
[ok] openhands s3 turn64 ttft=538.665ms hit=0.990932 e2e=1037.338ms
[ok] openhands s4 turn34 ttft=492.276ms hit=0.994435 e2e=845.02ms
[ok] openhands s132 turn17 ttft=502.445ms hit=0.975424 e2e=856.597ms
[ok] openhands s0 turn19 ttft=691.609ms hit=0.941662 e2e=833.484ms
[ok] openhands s3 turn65 ttft=358.704ms hit=0.992307 e2e=880.548ms
[ok] openhands s132 turn18 ttft=772.133ms hit=0.911955 e2e=1031.214ms
[ok] openhands s4 turn35 ttft=411.841ms hit=0.976967 e2e=1056.096ms
[ok] openhands s0 turn20 ttft=650.858ms hit=0.885339 e2e=1044.223ms
[ok] openhands s3 turn66 ttft=363.852ms hit=0.988862 e2e=617.401ms
[ok] openhands s4 turn36 ttft=591.402ms hit=0.983407 e2e=730.487ms
[ok] openhands s0 turn21 ttft=602.322ms hit=0.991833 e2e=734.602ms
[ok] openhands s3 turn67 ttft=375.246ms hit=0.985756 e2e=850.964ms
[ok] openhands s4 turn37 ttft=748.604ms hit=0.981281 e2e=887.08ms
[ok] openhands s132 turn19 ttft=443.026ms hit=0.930269 e2e=822.453ms
[ok] openhands s0 turn22 ttft=520.185ms hit=0.948319 e2e=900.456ms
[ok] openhands s3 turn68 ttft=353.258ms hit=0.988749 e2e=769.821ms
[ok] openhands s4 turn38 ttft=573.881ms hit=0.986564 e2e=1414.562ms
[ok] openhands s132 turn20 ttft=1205.024ms hit=0.973322 e2e=1346.239ms
[ok] openhands s3 turn69 ttft=1145.423ms hit=0.992626 e2e=1418.562ms
[ok] openhands s0 turn23 ttft=1031.156ms hit=0.811053 e2e=1381.836ms
[ok] openhands s132 turn21 ttft=479.193ms hit=0.853473 e2e=918.992ms
[ok] openhands s4 turn39 ttft=520.075ms hit=0.988264 e2e=836.862ms
[ok] openhands s0 turn24 ttft=471.472ms hit=0.953993 e2e=722.104ms
[ok] openhands s132 turn22 ttft=396.971ms hit=0.943359 e2e=755.376ms
[ok] openhands s4 turn40 ttft=607.039ms hit=0.986979 e2e=747.523ms
[ok] openhands s0 turn25 ttft=508.358ms hit=0.982916 e2e=939.58ms
[ok] openhands s132 turn23 ttft=391.356ms hit=0.9552 e2e=729.831ms
[ok] openhands s4 turn41 ttft=578.156ms hit=0.996388 e2e=718.183ms
[ok] openhands s0 turn26 ttft=329.02ms hit=0.991962 e2e=745.203ms
[ok] openhands s132 turn24 ttft=410.06ms hit=0.996256 e2e=757.122ms
[ok] openhands s4 turn42 ttft=400.984ms hit=0.960377 e2e=748.076ms
[ok] openhands s0 turn27 ttft=339.375ms hit=0.970202 e2e=744.665ms
[ok] openhands s132 turn25 ttft=420.675ms hit=0.96477 e2e=742.632ms
[ok] openhands s4 turn43 ttft=410.164ms hit=0.990148 e2e=732.131ms
[ok] openhands s0 turn28 ttft=333.809ms hit=0.985771 e2e=644.334ms
[ok] openhands s4 turn44 ttft=772.925ms hit=0.971998 e2e=898.18ms
[ok] openhands s0 turn29 ttft=613.308ms hit=0.938275 e2e=899.53ms
[ok] openhands s132 turn26 ttft=538.457ms hit=0.983108 e2e=821.509ms
[ok] openhands s4 turn45 ttft=659.592ms hit=0.982013 e2e=799.483ms
[ok] openhands s132 turn27 ttft=547.042ms hit=0.982394 e2e=685.954ms
[ok] openhands s0 turn30 ttft=501.145ms hit=0.963544 e2e=748.332ms
[ok] openhands s4 turn46 ttft=498.317ms hit=0.983777 e2e=634.888ms
[ok] openhands s0 turn31 ttft=455.401ms hit=0.987181 e2e=750.124ms
[ok] openhands s4 turn47 ttft=365.236ms hit=0.981377 e2e=679.439ms
[ok] openhands s0 turn32 ttft=413.05ms hit=0.96552 e2e=674.772ms
[ok] openhands s4 turn48 ttft=366.28ms hit=0.987065 e2e=692.176ms
[ok] openhands s0 turn33 ttft=430.853ms hit=0.966774 e2e=693.017ms
[ok] openhands s4 turn49 ttft=482.063ms hit=0.992115 e2e=618.647ms
[ok] openhands s0 turn34 ttft=344.604ms hit=0.99464 e2e=622.982ms
[ok] openhands s4 turn50 ttft=375.305ms hit=0.983643 e2e=736.661ms
[ok] openhands s0 turn35 ttft=471.693ms hit=0.963398 e2e=746.732ms
[ok] openhands s4 turn51 ttft=387.54ms hit=0.979031 e2e=641.99ms
[ok] openhands s0 turn36 ttft=384.131ms hit=0.988199 e2e=633.102ms
[ok] openhands s4 turn52 ttft=373.991ms hit=0.989219 e2e=708.39ms
[ok] openhands s0 turn37 ttft=454.684ms hit=0.968649 e2e=724.766ms
[ok] openhands s4 turn53 ttft=401.825ms hit=0.988646 e2e=630.288ms
[ok] openhands s0 turn38 ttft=374.397ms hit=0.993223 e2e=734.857ms
[ok] openhands s4 turn54 ttft=272.044ms hit=0.986133 e2e=528.215ms
[ok] openhands s4 turn55 ttft=460.031ms hit=0.990196 e2e=755.824ms
[ok] openhands s0 turn39 ttft=717.72ms hit=0.961055 e2e=1014.969ms
[ok] openhands s132 turn28 ttft=255.4ms hit=0.986988 e2e=785.254ms
[ok] openhands s0 turn40 ttft=506.725ms hit=0.988369 e2e=909.638ms
[ok] openhands s4 turn56 ttft=492.954ms hit=0.979366 e2e=753.221ms
[ok] openhands s132 turn29 ttft=283.487ms hit=0.994129 e2e=539.853ms
[ok] openhands s4 turn57 ttft=477.611ms hit=0.985385 e2e=766.806ms
[ok] openhands s132 turn30 ttft=610.175ms hit=0.981173 e2e=737.568ms
[ok] openhands s0 turn41 ttft=532.697ms hit=0.98736 e2e=919.814ms
[ok] openhands s4 turn58 ttft=509.435ms hit=0.986944 e2e=808.99ms
[ok] openhands s132 turn31 ttft=641.449ms hit=0.987584 e2e=768.412ms
[ok] openhands s0 turn42 ttft=410.211ms hit=0.982472 e2e=804.95ms
[ok] openhands s4 turn59 ttft=514.79ms hit=0.989001 e2e=828.47ms
[ok] openhands s132 turn32 ttft=476.341ms hit=0.988873 e2e=788.936ms
[ok] openhands s0 turn43 ttft=453.94ms hit=0.9764 e2e=827.373ms
[ok] openhands s132 turn33 ttft=536.853ms hit=0.995739 e2e=895.2ms
[ok] openhands s4 turn60 ttft=526.706ms hit=0.988938 e2e=884.253ms
[ok] openhands s0 turn44 ttft=540.028ms hit=0.963214 e2e=789.836ms
[ok] openhands s4 turn61 ttft=427.444ms hit=0.992883 e2e=674.455ms
[ok] openhands s0 turn45 ttft=432.185ms hit=0.988521 e2e=764.069ms
[ok] openhands s4 turn62 ttft=419.619ms hit=0.989272 e2e=728.074ms
[ok] openhands s0 turn46 ttft=494.38ms hit=0.973748 e2e=859.206ms
[ok] openhands s4 turn63 ttft=302.351ms hit=0.991169 e2e=567.759ms
[ok] openhands s0 turn47 ttft=651.366ms hit=0.988259 e2e=773.792ms
[ok] openhands s4 turn64 ttft=287.158ms hit=0.992852 e2e=762.639ms
[ok] openhands s0 turn48 ttft=488.351ms hit=0.978282 e2e=862.239ms
[ok] openhands s4 turn65 ttft=339.325ms hit=0.992098 e2e=581.02ms
[ok] openhands s4 turn66 ttft=432.728ms hit=0.986162 e2e=692.435ms
[ok] openhands s0 turn49 ttft=574.731ms hit=0.992207 e2e=824.27ms
[ok] openhands s4 turn67 ttft=416.548ms hit=0.981331 e2e=673.483ms
[ok] openhands s0 turn50 ttft=485.653ms hit=0.989242 e2e=745.148ms
[ok] openhands s4 turn68 ttft=448.43ms hit=0.993974 e2e=658.079ms
[ok] openhands s0 turn51 ttft=438.841ms hit=0.997244 e2e=808.777ms
[ok] openhands s4 turn69 ttft=301.464ms hit=0.984936 e2e=620.513ms
[ok] openhands s0 turn52 ttft=555.811ms hit=0.974781 e2e=999.305ms
[ok] openhands s4 turn70 ttft=452.651ms hit=0.990276 e2e=694.518ms
[ok] openhands s0 turn53 ttft=661.551ms hit=0.984485 e2e=917.331ms
[ok] openhands s4 turn71 ttft=593.023ms hit=0.991649 e2e=840.592ms
[ok] openhands s4 turn72 ttft=672.033ms hit=0.991388 e2e=810.01ms
[ok] openhands s0 turn54 ttft=612.762ms hit=0.996039 e2e=859.804ms
[ok] openhands s4 turn73 ttft=289.612ms hit=0.988851 e2e=533.019ms
[ok] openhands s4 turn74 ttft=289.12ms hit=0.994679 e2e=533.384ms
[ok] openhands s4 turn75 ttft=289.352ms hit=0.993768 e2e=532.155ms
[ok] openhands s4 turn76 ttft=431.018ms hit=0.928603 e2e=680.252ms
[ok] openhands s4 turn77 ttft=300.829ms hit=0.995434 e2e=544.654ms
[ok] openhands s4 turn78 ttft=305.812ms hit=0.992534 e2e=549.535ms
[ok] openhands s4 turn79 ttft=302.335ms hit=0.989722 e2e=545.926ms
[ok] openhands s4 turn80 ttft=302.351ms hit=0.991934 e2e=546.623ms
[ok] openhands s4 turn81 ttft=305.015ms hit=0.994699 e2e=549.124ms
[ok] openhands s4 turn82 ttft=313.33ms hit=0.995125 e2e=557.241ms
[ok] openhands s4 turn83 ttft=304.882ms hit=0.994881 e2e=548.701ms
[ok] openhands s4 turn84 ttft=307.246ms hit=0.99311 e2e=551.579ms
[ok] openhands s4 turn85 ttft=308.061ms hit=0.994259 e2e=552.084ms
[ok] openhands s4 turn86 ttft=305.888ms hit=0.990374 e2e=550.069ms
[ok] openhands s4 turn87 ttft=308.518ms hit=0.992793 e2e=553.361ms
[ok] openhands s4 turn88 ttft=310.801ms hit=0.986565 e2e=557.123ms
[ok] openhands s4 turn89 ttft=308.273ms hit=0.992949 e2e=554.215ms
[ok] openhands s4 turn90 ttft=314.232ms hit=0.992114 e2e=559.969ms
[ok] openhands s4 turn91 ttft=320.669ms hit=0.989793 e2e=566.399ms
[ok] openhands s4 turn92 ttft=322.018ms hit=0.989143 e2e=572.642ms
[ok] openhands s4 turn93 ttft=328.185ms hit=0.995847 e2e=574.679ms
[ok] openhands s4 turn94 ttft=448.597ms hit=0.994269 e2e=694.11ms
[ok] openhands s4 turn95 ttft=328.667ms hit=0.991689 e2e=574.911ms
[ok] openhands s4 turn96 ttft=327.059ms hit=0.997331 e2e=573.475ms
[ok] openhands s4 turn97 ttft=333.542ms hit=0.991479 e2e=580.252ms
[ok] openhands s4 turn98 ttft=334.672ms hit=0.991386 e2e=581.42ms
[ok] openhands s4 turn99 ttft=345.748ms hit=0.990189 e2e=591.966ms
[ok] openhands s4 turn100 ttft=356.108ms hit=0.991566 e2e=603.106ms
[ok] openhands s4 turn101 ttft=405.47ms hit=0.99258 e2e=652.23ms
[ok] openhands s4 turn102 ttft=339.49ms hit=0.995805 e2e=586.121ms
[ok] openhands s4 turn103 ttft=337.345ms hit=0.991674 e2e=584.649ms
[ok] openhands s4 turn104 ttft=353.472ms hit=0.986734 e2e=599.827ms
[ok] openhands s4 turn105 ttft=352.622ms hit=0.9899 e2e=606.038ms
[ok] openhands s4 turn106 ttft=336.498ms hit=0.990515 e2e=582.533ms
[ok] openhands s4 turn107 ttft=378.258ms hit=0.995615 e2e=611.544ms
[ok] openhands s4 turn108 ttft=347.184ms hit=0.997096 e2e=595.081ms
[ok] openhands s4 turn109 ttft=350.37ms hit=0.992975 e2e=597.26ms
[ok] openhands s4 turn110 ttft=345.579ms hit=0.997195 e2e=592.72ms
[ok] openhands s4 turn111 ttft=348.641ms hit=0.994208 e2e=595.838ms
[ok] openhands s4 turn112 ttft=369.144ms hit=0.994135 e2e=621.792ms
[done] issued=1970 ok=1970 err=0 wall=383.3s
[done] /share/dai-sys/zhoulongsheng/agentkv/experiments/evict_position/online_runs/20260913_103350_formal_rep2/on_demand/replay/replay.jsonl
[done] /share/dai-sys/zhoulongsheng/agentkv/experiments/evict_position/online_runs/20260913_103350_formal_rep2/on_demand/replay/summary.json
[done] /share/dai-sys/zhoulongsheng/agentkv/experiments/evict_position/online_runs/20260913_103350_formal_rep2/on_demand/replay/report.md
