method,weighting,age_s,horizon_s,end_s,n_at_risk,observed_events,mean_predicted_risk,km_observed_risk,signed_bias,km_ece10
log_survival,object,0.0,1.0,1.0,23786,1,0.00684694904273833,4.204153703857294e-05,0.006804907505699757,0.006804907505699735
log_survival,token,0.0,1.0,1.0,23786,1,0.00487329559005242,7.938932766848872e-06,0.004865356657285571,0.004865356657285559
log_survival,object,0.0,2.0,2.0,23786,231,0.01339106370860871,0.009711595055915234,0.0036794686526934756,0.007579352579602213
log_survival,token,0.0,2.0,2.0,23786,231,0.009667473359692265,0.008121167359919745,0.0015463059997725195,0.008658692889941649
log_survival,object,0.0,3.0,3.0,23786,2205,0.08800001625084578,0.09312654326840197,-0.005126527017556198,0.028531033213724962
log_survival,token,0.0,3.0,3.0,23786,2205,0.07179140949626664,0.08305948758401405,-0.011268078087747407,0.02214389775831878
log_survival,object,0.0,5.0,5.0,23786,5341,0.20821293031763613,0.22564390780455057,-0.01743097748691444,0.04326102652206569
log_survival,token,0.0,5.0,5.0,23786,5341,0.17601861769032487,0.20693093745854563,-0.03091231976822076,0.05043727412800436
log_survival,object,0.0,10.0,10.0,23786,8969,0.35743118764589216,0.37934820281780257,-0.021917015171910414,0.051909507658495245
log_survival,token,0.0,10.0,10.0,23786,8969,0.3375626458536763,0.3628365665246679,-0.0252739206709916,0.052935760151065575
log_survival,object,0.0,20.0,20.0,23786,10939,0.4592934075937022,0.4630719383640034,-0.003778530770301214,0.047485592233625744
log_survival,token,0.0,20.0,20.0,23786,10939,0.4512829780995514,0.45389758664441904,-0.0026146085448676137,0.04101292235866683
log_survival,object,0.0,30.0,30.0,23786,11530,0.4664670531819465,0.48826863189205594,-0.02180157871010946,0.047437706329733376
log_survival,token,0.0,30.0,30.0,23786,11530,0.45863293285899137,0.4885601664085818,-0.029927233549590426,0.053598869666892944
log_survival,object,0.0,60.0,60.0,23786,11724,0.48699971137625825,0.496629356575907,-0.009629645199648762,0.045421177890618884
log_survival,token,0.0,60.0,60.0,23786,11724,0.4795698709911282,0.49948663371262847,-0.01991676272150028,0.043452737537426615
log_survival,object,0.0,120.0,120.0,23786,11724,0.4871525572439783,0.496629356575907,-0.009476799331928687,0.04521734976061582
log_survival,token,0.0,120.0,120.0,23786,11724,0.4796786885911663,0.49948663371262847,-0.019807945121462167,0.04349480043433054
log_survival,object,0.0,180.0,180.0,23786,11724,0.48730529670557093,0.496629356575907,-0.009324059870336077,0.045013634959217466
log_survival,token,0.0,180.0,180.0,23786,11724,0.4797874458431298,0.49948663371262847,-0.019699187869498647,0.04358376006308928
log_survival,object,0.0,300.0,300.0,23786,11724,0.4874023773983597,0.496629356575907,-0.009226979177547334,0.044735650422260305
log_survival,token,0.0,300.0,300.0,23786,11724,0.4798524152677536,0.49948663371262847,-0.019634218444874896,0.04338399871662549
log_survival,object,0.0,600.0,600.0,23786,11724,0.4876448853976961,0.496629356575907,-0.008984471178210884,0.04501909268469279
log_survival,token,0.0,600.0,600.0,23786,11724,0.48001474186404897,0.49948663371262847,-0.019471891848579503,0.04353281640524544
log_survival,object,0.0,900.0,900.0,23786,11724,0.4877427722304345,0.496629356575907,-0.008886584345472515,0.044742791184006724
log_survival,token,0.0,900.0,900.0,23786,11724,0.4800830309747509,0.49948663371262847,-0.019403602737877557,0.043716623096829825
log_survival,object,0.0,1200.0,1200.0,23786,11724,0.48784061353382263,0.496629356575907,-0.00878874304208438,0.044383074284860824
log_survival,token,0.0,1200.0,1200.0,23786,11724,0.4801512956569494,0.49948663371262847,-0.019335338055679052,0.04367690336188008
log_survival,object,0.0,1800.0,1800.0,23786,11724,0.4880361596971355,0.496629356575907,-0.008593196878771525,0.04459372084869346
log_survival,token,0.0,1800.0,1800.0,23786,11724,0.4802877517978112,0.49948663371262847,-0.01919888191481728,0.04418673514047376
log_survival,object,0.0,2400.0,2400.0,23786,11724,0.4901223353610042,0.496629356575907,-0.0065070212149028195,0.04608222460238852
log_survival,token,0.0,2400.0,2400.0,23786,11724,0.4808820112664363,0.49948663371262847,-0.018604622446192154,0.043169344520230676
log_survival,object,0.0,3600.0,3600.0,23786,11866,0.49376279211496327,0.5027759410944572,-0.009013148979493957,0.050047996216869874
log_survival,token,0.0,3600.0,3600.0,23786,11866,0.4819723318819069,0.5018334662481468,-0.01986113436623993,0.04176029425954236
log_survival,object,1.0,1.0,2.0,23785,230,0.006838693683929162,0.009669960058860783,-0.0028312663749316203,0.00475707461372232
log_survival,token,1.0,1.0,2.0,23785,230,0.004871284666962024,0.008113292838039188,-0.003242008171077164,0.005849535035651317
log_survival,object,1.0,2.0,3.0,23785,2204,0.08198614206952934,0.09308841531142342,-0.011102273241894084,0.028472417800903014
log_survival,token,1.0,2.0,3.0,23785,2204,0.06731483886915392,0.08305220799714308,-0.015737369127989162,0.02626086254257127
log_survival,object,1.0,3.0,4.0,23785,3803,0.1466913095390372,0.16065989958135607,-0.013968590042318874,0.046432630264058604
log_survival,token,1.0,3.0,4.0,23785,3803,0.12262866156681748,0.15295576737793903,-0.030327105811121552,0.038631056679997576
log_survival,object,1.0,5.0,6.0,23785,6571,0.2364248745086715,0.2776617090315321,-0.04123683452286059,0.05683275382078844
log_survival,token,1.0,5.0,6.0,23785,6571,0.2082438336845667,0.25451336307520667,-0.04626952939063997,0.05841412322854322
log_survival,object,1.0,10.0,11.0,23785,9167,0.364670268342399,0.38777392876474204,-0.02310366042234302,0.048952308209977174
log_survival,token,1.0,10.0,11.0,23785,9167,0.3471709292976399,0.37791367457351954,-0.030742745275879668,0.05646335704200284
log_survival,object,1.0,20.0,21.0,23785,11059,0.45665232689502094,0.46819925529912765,-0.011546928404106704,0.050844665244198874
log_survival,token,1.0,20.0,21.0,23785,11059,0.44953579579978475,0.4616451100382817,-0.012109314238496927,0.043046303890137416
log_survival,object,1.0,30.0,31.0,23785,11529,0.463845741571474,0.4882471170142699,-0.024401375442795914,0.0486098701588351
log_survival,token,1.0,30.0,31.0,23785,11529,0.45689897557829645,0.4885561060898953,-0.03165713051159885,0.051515035300727575
log_survival,object,1.0,60.0,61.0,23785,11723,0.48377506699255446,0.496608193210616,-0.012833126218061541,0.045669191411418966
log_survival,token,1.0,60.0,61.0,23785,11723,0.47720282893770005,0.4994826601391199,-0.022279831201419853,0.0456999519490272
log_survival,object,1.0,120.0,121.0,23785,11723,0.4839293435815757,0.496608193210616,-0.012678849629040312,0.04541365456171662
log_survival,token,1.0,120.0,121.0,23785,11723,0.4773124329735634,0.4994826601391199,-0.0221702271655565,0.045578368793607396
log_survival,object,1.0,180.0,181.0,23785,11723,0.48408176099422195,0.496608193210616,-0.012526432216394046,0.0456830025943446
log_survival,token,1.0,180.0,181.0,23785,11723,0.47742069638772894,0.4994826601391199,-0.022061963751390967,0.04478514134531051
log_survival,object,1.0,300.0,301.0,23785,11723,0.4841798090999574,0.496608193210616,-0.012428384110658608,0.04557832257860937
log_survival,token,1.0,300.0,301.0,23785,11723,0.4774861512999234,0.4994826601391199,-0.021996508839196516,0.04475408299297673
log_survival,object,1.0,600.0,601.0,23785,11723,0.48442424573427245,0.496608193210616,-0.012183947476343548,0.04553125316508459
log_survival,token,1.0,600.0,601.0,23785,11723,0.4776493749104328,0.4994826601391199,-0.021833285228687105,0.04486754890081659
log_survival,object,1.0,900.0,901.0,23785,11723,0.48452299714864167,0.496608193210616,-0.012085196061974335,0.04533854774068777
log_survival,token,1.0,900.0,901.0,23785,11723,0.4777181459925674,0.4994826601391199,-0.021764514146552505,0.04465892664725014
log_survival,object,1.0,1200.0,1201.0,23785,11723,0.4846217024757507,0.496608193210616,-0.011986490734865296,0.04531480278651583
log_survival,token,1.0,1200.0,1201.0,23785,11723,0.4777868924095961,0.4994826601391199,-0.021695767729523807,0.044553649843159675
log_survival,object,1.0,1800.0,1801.0,23785,11723,0.4848224437741664,0.496608193210616,-0.01178574943644961,0.045103558501257024
log_survival,token,1.0,1800.0,1801.0,23785,11723,0.47792513615334437,0.4994826601391199,-0.02155752398577554,0.04464145393302653
log_survival,object,1.0,2400.0,2401.0,23785,11723,0.48699149108358736,0.496608193210616,-0.009616702127028642,0.047429625800148534
log_survival,token,1.0,2400.0,2401.0,23785,11723,0.478537470490872,0.4994826601391199,-0.02094518964824793,0.044267441572761135
log_survival,object,1.0,3600.0,3601.0,23785,11865,0.4907687038131785,0.5027550361518914,-0.011986332338712935,0.048424082996935375
log_survival,token,1.0,3600.0,3601.0,23785,11865,0.47965852351995797,0.5018295113061318,-0.02217098778617388,0.04234093619703591
log_survival,object,2.0,1.0,3.0,23494,1974,0.07559833398556917,0.08423298485171815,-0.00863465086614898,0.022310448918658583
log_survival,token,2.0,1.0,3.0,23494,1974,0.06254562699148382,0.07555188976523597,-0.01300626277375215,0.021776965500992132
log_survival,object,2.0,2.0,4.0,23494,3573,0.14068939969315192,0.1524642628547046,-0.011774863161552684,0.04584389530260854
log_survival,token,2.0,2.0,4.0,23494,3573,0.11795752236299657,0.14602723627008873,-0.02806971390709216,0.037744313022104445
log_survival,object,2.0,3.0,5.0,23494,5110,0.19741657566576623,0.21804992532536827,-0.020633349659602035,0.04504592226981219
log_survival,token,2.0,3.0,5.0,23494,5110,0.16751313996564965,0.20043755704459953,-0.032924417078949886,0.051307675749648896
log_survival,object,2.0,5.0,7.0,23494,7141,0.26278065535455286,0.3047723662273858,-0.04199171087283293,0.06127792246140443
log_survival,token,2.0,5.0,7.0,23494,7141,0.2380796038924122,0.2877158659032041,-0.04963626201079188,0.06074264705528172
log_survival,object,2.0,10.0,12.0,23494,9472,0.3711590488281039,0.40475116589400895,-0.033592117065905036,0.04828934580666479
log_survival,token,2.0,10.0,12.0,23494,9472,0.35561261358703017,0.3952714513743111,-0.03965883778728091,0.05917371662578359
log_survival,object,2.0,20.0,22.0,23494,10942,0.4534736424688083,0.46786291341914665,-0.014389270950338373,0.047718655236257616
log_survival,token,2.0,20.0,22.0,23494,10942,0.4468381254266073,0.465465097682372,-0.018626972255764707,0.04837203081387962
log_survival,object,2.0,30.0,32.0,23494,11365,0.46070660573109906,0.48610609449997666,-0.0253994887688776,0.05047724148085076
log_survival,token,2.0,30.0,32.0,23494,11365,0.4542121901028897,0.48823190324309185,-0.034019713140202135,0.05342663181928258
log_survival,object,2.0,60.0,62.0,23494,11493,0.48008269871582115,0.49169288369834574,-0.011610184982524585,0.044056672547052395
log_survival,token,2.0,60.0,62.0,23494,11493,0.47387600859687307,0.495388600082173,-0.021512591485299937,0.04774109474933037
log_survival,object,2.0,120.0,122.0,23494,11493,0.48023854781350966,0.49169288369834574,-0.011454335884836075,0.04394888005936383
log_survival,token,2.0,120.0,122.0,23494,11493,0.47398622456030315,0.495388600082173,-0.021402375521869854,0.04759474879959724
log_survival,object,2.0,180.0,182.0,23494,11493,0.48039075041767815,0.49169288369834574,-0.011302133280667592,0.043908403065862675
log_survival,token,2.0,180.0,182.0,23494,11493,0.4740938056729229,0.495388600082173,-0.021294794409250084,0.047271922724523636
log_survival,object,2.0,300.0,302.0,23494,11493,0.4804898670501236,0.49169288369834574,-0.011203016648222153,0.04374739414943995
log_survival,token,2.0,300.0,302.0,23494,11493,0.4741596352851499,0.495388600082173,-0.021228964797023075,0.04734631854595339
log_survival,object,2.0,600.0,602.0,23494,11493,0.4807364733408386,0.49169288369834574,-0.010956410357507163,0.04363510622830008
log_survival,token,2.0,600.0,602.0,23494,11493,0.47432347536866504,0.495388600082173,-0.021065124713507966,0.04690222040495557
log_survival,object,2.0,900.0,902.0,23494,11493,0.4808361862456267,0.49169288369834574,-0.010856697452719055,0.043591030758071886
log_survival,token,2.0,900.0,902.0,23494,11493,0.4743926143635869,0.495388600082173,-0.02099598571858613,0.04677400349053799
log_survival,object,2.0,1200.0,1202.0,23494,11493,0.4809358524760287,0.49169288369834574,-0.010757031222317026,0.0434616012719915
log_survival,token,2.0,1200.0,1202.0,23494,11493,0.4744617285215507,0.495388600082173,-0.020926871560622284,0.04649745350137819
log_survival,object,2.0,1800.0,1802.0,23494,11493,0.4811418839174811,0.49169288369834574,-0.010550999780864656,0.043604832546284715
log_survival,token,2.0,1800.0,1802.0,23494,11493,0.47460153491503004,0.495388600082173,-0.02078706516714296,0.04647060144394413
log_survival,object,2.0,2400.0,2402.0,23494,11493,0.4832835245894137,0.49169288369834574,-0.008409359108932035,0.045734851434696355
log_survival,token,2.0,2400.0,2402.0,23494,11493,0.4752151633168776,0.495388600082173,-0.020173436765295427,0.04500907354418057
log_survival,object,2.0,3600.0,3602.0,23494,11635,0.4870100450432066,0.49789974675749415,-0.010889701714287547,0.04821515907363683
log_survival,token,2.0,3600.0,3602.0,23494,11635,0.47633775055483174,0.49775464768626576,-0.02141689713143402,0.043433293341682826
log_survival,object,3.0,1.0,4.0,21461,1599,0.07045937565788717,0.07450724570150491,-0.004047870043617743,0.039505584760185494
log_survival,token,3.0,1.0,4.0,21461,1599,0.05841569874223269,0.0762350484841765,-0.017819349741943817,0.028022821112287453
log_survival,object,3.0,2.0,5.0,21461,3136,0.1316771784115038,0.14612553003121964,-0.014448351619715832,0.03750756466736087
log_survival,token,3.0,2.0,5.0,21461,3136,0.11068941565663935,0.13509213323790425,-0.0244027175812649,0.04559590508239165
log_survival,object,3.0,3.0,6.0,21461,4367,0.1680317660206787,0.20351850923096315,-0.035486743210284444,0.04757672611868637
log_survival,token,3.0,3.0,6.0,21461,4367,0.14940909977934394,0.18699118594696384,-0.037582086167619905,0.05407305586964946
log_survival,object,3.0,5.0,8.0,21461,5868,0.2351477696773484,0.27365321032053913,-0.038505440643190725,0.05476439007730314
log_survival,token,3.0,5.0,8.0,21461,5868,0.220702008473917,0.2703686963064772,-0.0496666878325602,0.06304975038490541
log_survival,object,3.0,10.0,13.0,21461,7702,0.33157796981107557,0.3595578394235408,-0.027979869612465236,0.03999931082095967
log_survival,token,3.0,10.0,13.0,21461,7702,0.32456101780190816,0.35262975583669,-0.028068738034781826,0.04143570729002787
log_survival,object,3.0,20.0,23.0,21461,9009,0.4097094662406277,0.4208412796602453,-0.011131813419617609,0.042264206408611414
log_survival,token,3.0,20.0,23.0,21461,9009,0.40998860284255073,0.4251707875664432,-0.015182184723892489,0.03518697596179302
log_survival,object,3.0,30.0,33.0,21461,9404,0.41747612007046053,0.4394519940241898,-0.02197587395372924,0.04555274977567406
log_survival,token,3.0,30.0,33.0,21461,9404,0.41785133281832143,0.4482348691857436,-0.030383536367422193,0.04683811659327251
log_survival,object,3.0,60.0,63.0,21461,9519,0.4375625568115644,0.44493838728254653,-0.007375830470982114,0.04305912563520287
log_survival,token,3.0,60.0,63.0,21461,9519,0.43809827844774935,0.4541484867228722,-0.01605020827512288,0.0355444451965953
log_survival,object,3.0,120.0,123.0,21461,9519,0.4377320673205399,0.44493838728254653,-0.007206319962006658,0.04333081137427675
log_survival,token,3.0,120.0,123.0,21461,9519,0.43821625888861754,0.4541484867228722,-0.015932227834254686,0.035829531892462844
log_survival,object,3.0,180.0,183.0,21461,9519,0.43789568683399127,0.44493838728254653,-0.007042700448555261,0.0432549353554249
log_survival,token,3.0,180.0,183.0,21461,9519,0.438330042886296,0.4541484867228722,-0.015818443836576213,0.03538747724699375
log_survival,object,3.0,300.0,303.0,21461,9519,0.4380034296806916,0.44493838728254653,-0.006934957601854919,0.04324857079978956
log_survival,token,3.0,300.0,303.0,21461,9519,0.43840053927050016,0.4541484867228722,-0.01574794745237207,0.03436826062640655
log_survival,object,3.0,600.0,603.0,21461,9519,0.43827096371206553,0.44493838728254653,-0.006667423570481001,0.04351196270901101
log_survival,token,3.0,600.0,603.0,21461,9519,0.4385756557713755,0.4541484867228722,-0.015572830951496697,0.03423389563654767
log_survival,object,3.0,900.0,903.0,21461,9519,0.4383793197626884,0.44493838728254653,-0.0065590675198581305,0.043502676025775434
log_survival,token,3.0,900.0,903.0,21461,9519,0.43864969897499034,0.4541484867228722,-0.015498787747881881,0.03413620961717929
log_survival,object,3.0,1200.0,1203.0,21461,9519,0.4384876252657311,0.44493838728254653,-0.006450762016815437,0.04387023769148473
log_survival,token,3.0,1200.0,1203.0,21461,9519,0.43872371585193964,0.4541484867228722,-0.01542477087093258,0.03416237060792113
log_survival,object,3.0,1800.0,1803.0,21461,9519,0.43871570285933525,0.44493838728254653,-0.006222684423211278,0.043755042113958656
log_survival,token,3.0,1800.0,1803.0,21461,9519,0.43887444357463273,0.4541484867228722,-0.015274043148239491,0.03419351382258729
log_survival,object,3.0,2400.0,2403.0,21461,9519,0.44113119909092763,0.44493838728254653,-0.0038071881916189043,0.047761051627255705
log_survival,token,3.0,2400.0,2403.0,21461,9519,0.43955406321330065,0.4541484867228722,-0.014594423509571575,0.03046931156671822
log_survival,object,3.0,3600.0,3603.0,21461,9661,0.4453278174705147,0.45171616258617364,-0.006388345115658944,0.04934254938633935
log_survival,token,3.0,3600.0,3603.0,21461,9661,0.44079522147067063,0.4567079030685791,-0.015912681597908485,0.03051600226353958
log_survival,object,5.0,1.0,6.0,18325,1231,0.04163666285812561,0.06721477362104755,-0.025578110762921942,0.034307467339080855
log_survival,token,5.0,1.0,6.0,18325,1231,0.04298915465808474,0.06000529617489858,-0.01701614151681384,0.02175189201600282
log_survival,object,5.0,2.0,7.0,18325,2031,0.08108986311773067,0.1109053425669192,-0.029815479449188526,0.038642612514470084
log_survival,token,5.0,2.0,7.0,18325,2031,0.08366598619657206,0.10915758941353015,-0.025491603216958092,0.027839875722491508
log_survival,object,5.0,3.0,8.0,18325,2732,0.11849386334736665,0.14935178972382424,-0.03085792637645758,0.0461810282012145
log_survival,token,5.0,3.0,8.0,18325,2732,0.12217436297624129,0.1564057494065807,-0.034231386430339406,0.03756871830403108
log_survival,object,5.0,5.0,10.0,18325,3628,0.18764476143659992,0.1984930402981282,-0.010848278861528282,0.03535902983045305
log_survival,token,5.0,5.0,10.0,18325,3628,0.19321229640955484,0.19658518586831508,-0.003372889458760242,0.022592779317860176
log_survival,object,5.0,10.0,15.0,18325,4998,0.25478796301490714,0.273662092451315,-0.01887412943640787,0.0436883034293805
log_survival,token,5.0,10.0,15.0,18325,4998,0.2659365044742437,0.2746372838186888,-0.008700779344445075,0.0277500000569576
log_survival,object,5.0,20.0,25.0,18325,5927,0.31976288076844583,0.3246975840612396,-0.004934703292793774,0.06014979835251015
log_survival,token,5.0,20.0,25.0,18325,5927,0.3351919732570206,0.3439641039135012,-0.008772130656480581,0.031985779743034896
log_survival,object,5.0,30.0,35.0,18325,6296,0.32857769043892615,0.34508820792866846,-0.016510517489742305,0.05696770992097392
log_survival,token,5.0,30.0,35.0,18325,6296,0.3439824778853796,0.3649278244333166,-0.020945346547937005,0.04243756702183954
log_survival,object,5.0,60.0,65.0,18325,6383,0.3497507171743508,0.34994939860686014,-0.00019868143250934,0.0497720989785737
log_survival,token,5.0,60.0,65.0,18325,6383,0.36500762814555804,0.36889056712988466,-0.0038829389843266227,0.03629014191592428
log_survival,object,5.0,120.0,125.0,18325,6383,0.3499377362461773,0.34994939860686014,-1.1662360682840323e-05,0.04949185439093194
log_survival,token,5.0,120.0,125.0,18325,6383,0.36513799128877744,0.36889056712988466,-0.0037525758411072196,0.03591201492614512
log_survival,object,5.0,180.0,185.0,18325,6383,0.3501139980911751,0.34994939860686014,0.00016459948431496452,0.049331869401375524
log_survival,token,5.0,180.0,185.0,18325,6383,0.36526067303786314,0.36889056712988466,-0.003629894092021524,0.037567253713260425
log_survival,object,5.0,300.0,305.0,18325,6383,0.35023244650547514,0.34994939860686014,0.00028304789861499646,0.049078064266773136
log_survival,token,5.0,300.0,305.0,18325,6383,0.36533851468498546,0.36889056712988466,-0.003552052444899201,0.03730723523212577
log_survival,object,5.0,600.0,605.0,18325,6383,0.35052542263554476,0.34994939860686014,0.0005760240286846185,0.04881300000568067
log_survival,token,5.0,600.0,605.0,18325,6383,0.3655311325701782,0.36889056712988466,-0.0033594345597064423,0.03665239616042417
log_survival,object,5.0,900.0,905.0,18325,6383,0.35064565852629725,0.34994939860686014,0.0006962599194371144,0.0483401815632036
log_survival,token,5.0,900.0,905.0,18325,6383,0.3656130509601741,0.36889056712988466,-0.0032775161697105593,0.036560522514878534
log_survival,object,5.0,1200.0,1205.0,18325,6383,0.3507658409252494,0.34994939860686014,0.0008164423183892322,0.04830646006901282
log_survival,token,5.0,1200.0,1205.0,18325,6383,0.36569494079708054,0.36889056712988466,-0.0031956263328041246,0.03667312366831284
log_survival,object,5.0,1800.0,1805.0,18325,6383,0.3510230933921926,0.34994939860686014,0.0010736947853324796,0.047886700028239026
log_survival,token,5.0,1800.0,1805.0,18325,6383,0.3658625332419809,0.36889056712988466,-0.003028033887903736,0.0375724814643478
log_survival,object,5.0,2400.0,2405.0,18325,6383,0.35320836341611256,0.34994939860686014,0.003258964809252418,0.04740372095697804
log_survival,token,5.0,2400.0,2405.0,18325,6383,0.36647630538063936,0.36889056712988466,-0.0024142617492453056,0.03311533217628233
log_survival,object,5.0,3600.0,3605.0,18325,6525,0.35706334829962383,0.35788707040992374,-0.000823722110299907,0.05031034188217778
log_survival,token,5.0,3600.0,3605.0,18325,6525,0.36761234301750173,0.3718497451464846,-0.004237402128982881,0.033618685155996114
log_survival,object,7.0,1.0,8.0,16211,701,0.03948755691255169,0.043242242921473495,-0.003754686008921808,0.016887626391525426
log_survival,token,7.0,1.0,8.0,16211,701,0.04144986862003123,0.05303761858614886,-0.011587749966117632,0.02069184957992458
log_survival,object,7.0,2.0,9.0,16211,1332,0.07701487476025183,0.0821664302017151,-0.005151555441463271,0.018133643288068317
log_survival,token,7.0,2.0,9.0,16211,1332,0.08074345519939898,0.08336589952397255,-0.002622444324573578,0.022711118185776456
log_survival,object,7.0,3.0,10.0,16211,1597,0.11269575829561464,0.09851335512923354,0.0141824031663811,0.020991082012663566
log_survival,token,7.0,3.0,10.0,16211,1597,0.11801051111500517,0.09814036176974161,0.019870149345263557,0.027784842801261547
log_survival,object,7.0,5.0,12.0,16211,2331,0.14309076200358145,0.1438072867214637,-0.0007165247178822498,0.014476439976423623
log_survival,token,7.0,5.0,12.0,16211,2331,0.15094994546365562,0.15100095639149924,-5.1010927843625486e-05,0.02424259138343464
log_survival,object,7.0,10.0,17.0,16211,3417,0.213709847289167,0.21084821729391412,0.0028616299952528845,0.043778561033688275
log_survival,token,7.0,10.0,17.0,16211,3417,0.2268884674834007,0.21461316459115343,0.012275302892247264,0.015947568093295294
log_survival,object,7.0,20.0,27.0,16211,4123,0.25960533366636096,0.2545400740868329,0.005065259579528081,0.036359861189766245
log_survival,token,7.0,20.0,27.0,16211,4123,0.27530459465066087,0.2724013531562548,0.0029032414944060725,0.022785475909496224
log_survival,object,7.0,30.0,37.0,16211,4321,0.2693152529951676,0.2669132943749116,0.002401958620255995,0.04091269641348683
log_survival,token,7.0,30.0,37.0,16211,4321,0.28493357785624535,0.28927314048222497,-0.0043395626259796205,0.03377439202886293
log_survival,object,7.0,60.0,67.0,16211,4352,0.29083112348545215,0.26886232420976397,0.021968799275688178,0.03796541960488355
log_survival,token,7.0,60.0,67.0,16211,4352,0.30618381130189243,0.2915588376011007,0.014624973700791744,0.029237662117890542
log_survival,object,7.0,120.0,127.0,16211,4352,0.2910372801524266,0.26886232420976397,0.02217495594266261,0.03797207613623866
log_survival,token,7.0,120.0,127.0,16211,4352,0.3063279019856273,0.2915588376011007,0.014769064384526631,0.026754817195567836
log_survival,object,7.0,180.0,187.0,16211,4352,0.29122689104333055,0.26886232420976397,0.02236456683356658,0.03772372229378964
log_survival,token,7.0,180.0,187.0,16211,4352,0.3064601405194524,0.2915588376011007,0.014901302918351733,0.024655723410761297
log_survival,object,7.0,300.0,307.0,16211,4352,0.29135749535427474,0.26886232420976397,0.022495171144510773,0.03793035203522469
log_survival,token,7.0,300.0,307.0,16211,4352,0.3065462483563066,0.2915588376011007,0.014987410755205932,0.024519241896427898
log_survival,object,7.0,600.0,607.0,16211,4352,0.291679245525829,0.26886232420976397,0.022816921316065053,0.038150589498263394
log_survival,token,7.0,600.0,607.0,16211,4352,0.3067584882282525,0.2915588376011007,0.01519965062715184,0.0246304948504135
log_survival,object,7.0,900.0,907.0,16211,4352,0.2918117638370278,0.26886232420976397,0.022949439627263812,0.0381544192655215
log_survival,token,7.0,900.0,907.0,16211,4352,0.3068490381220494,0.2915588376011007,0.015290200520948705,0.024419410540010875
log_survival,object,7.0,1200.0,1207.0,16211,4352,0.29194422276265597,0.26886232420976397,0.023081898552892,0.038281657404723654
log_survival,token,7.0,1200.0,1207.0,16211,4352,0.3069395560676375,0.2915588376011007,0.015380718466536825,0.024450838180888612
log_survival,object,7.0,1800.0,1807.0,16211,4352,0.29223664580813435,0.26886232420976397,0.023374321598370384,0.038517074942940446
log_survival,token,7.0,1800.0,1807.0,16211,4352,0.30712678979228597,0.2915588376011007,0.015567952191185286,0.025054469416334428
log_survival,object,7.0,2400.0,2407.0,16211,4352,0.29475570628162334,0.26886232420976397,0.025893382071859372,0.03837085869882835
log_survival,token,7.0,2400.0,2407.0,16211,4352,0.3078264036066575,0.2915588376011007,0.01626756600555679,0.027569896768460164
log_survival,object,7.0,3600.0,3607.0,16211,4494,0.2991892650982893,0.2777901382919906,0.021399126806298685,0.04478131506137647
log_survival,token,7.0,3600.0,3607.0,16211,4494,0.3091187605912559,0.29488061256537523,0.014238148025880693,0.028376109190507887
log_survival,object,10.0,1.0,11.0,14614,199,0.017203433185173624,0.013617079512795671,0.0035863536723779524,0.00892551786277182
log_survival,token,10.0,1.0,11.0,14614,199,0.0188545270116429,0.02367060938839538,-0.004816082376752479,0.012136344822907739
log_survival,object,10.0,2.0,12.0,14614,734,0.034049018185683094,0.05024359689623936,-0.016194578710556268,0.022726068729144372
log_survival,token,10.0,2.0,12.0,14614,734,0.037274372281680034,0.058612884290384026,-0.021338512008703993,0.024506886256814818
log_survival,object,10.0,3.0,13.0,14614,938,0.05054489442546859,0.0642095960480572,-0.013664701622588614,0.022058872435682726
log_survival,token,10.0,3.0,13.0,14614,938,0.055270536415587705,0.06837088850462147,-0.013100352089033769,0.023506386454552674
log_survival,object,10.0,5.0,15.0,14614,1370,0.08251910638723915,0.09378465307543582,-0.011265546688196668,0.03153125751171371
log_survival,token,10.0,5.0,15.0,14614,1370,0.09003436616536462,0.09715043409391255,-0.007116067928547937,0.02656305744955682
log_survival,object,10.0,10.0,20.0,14614,1970,0.15686807092325136,0.1348964684003363,0.02197160252291505,0.0437766013962602
log_survival,token,10.0,10.0,20.0,14614,1970,0.17024509742479896,0.14291626815912772,0.027328829265671234,0.04309825211898356
log_survival,object,10.0,20.0,30.0,14614,2561,0.1680156876998946,0.1754936174659586,-0.007477929766063984,0.029699630147518658
log_survival,token,10.0,20.0,30.0,14614,2561,0.18140755752288568,0.197317663379032,-0.015910105856146328,0.030058111107109955
log_survival,object,10.0,30.0,40.0,14614,2724,0.17890413244336048,0.1868024781108304,-0.007898345667469914,0.03709723555295466
log_survival,token,10.0,30.0,40.0,14614,2724,0.19228543741720336,0.2119318468310083,-0.01964640941380494,0.033839624654661137
log_survival,object,10.0,60.0,70.0,14614,2755,0.1999707802479455,0.18896449553609318,0.011006284711852332,0.04269459470843997
log_survival,token,10.0,60.0,70.0,14614,2755,0.21324994476061776,0.2144662735000642,-0.0012163287394464373,0.02892177769272979
log_survival,object,10.0,120.0,130.0,14614,2755,0.2002020120484198,0.18896449553609318,0.011237516512326629,0.04272517414709516
log_survival,token,10.0,120.0,130.0,14614,2755,0.21341453498606827,0.2144662735000642,-0.0010517385139959257,0.02621143160056364
log_survival,object,10.0,180.0,190.0,14614,2755,0.20040682225917875,0.18896449553609318,0.011442326723085566,0.04300942167774353
log_survival,token,10.0,180.0,190.0,14614,2755,0.21355984503691783,0.2144662735000642,-0.0009064284631463693,0.02617372589152382
log_survival,object,10.0,300.0,310.0,14614,2755,0.20055361323602514,0.18896449553609318,0.011589117699931956,0.04313156196458009
log_survival,token,10.0,300.0,310.0,14614,2755,0.2136584713268157,0.2144662735000642,-0.0008078021732484952,0.026151905559519347
log_survival,object,10.0,600.0,610.0,14614,2755,0.20091305561727746,0.18896449553609318,0.011948560081184278,0.04338223406057058
log_survival,token,10.0,600.0,610.0,14614,2755,0.2139001326554389,0.2144662735000642,-0.0005661408446253069,0.026470652653542363
log_survival,object,10.0,900.0,910.0,14614,2755,0.2010617632371205,0.18896449553609318,0.012097267701027314,0.043629446668440666
log_survival,token,10.0,900.0,910.0,14614,2755,0.2140036194063663,0.2144662735000642,-0.00046265409369788957,0.026386673260626915
log_survival,object,10.0,1200.0,1210.0,14614,2755,0.2012104041203588,0.18896449553609318,0.012245908584265608,0.043947206971607436
log_survival,token,10.0,1200.0,1210.0,14614,2755,0.21410706956494638,0.2144662735000642,-0.0003592039351178189,0.026380400445390945
log_survival,object,10.0,1800.0,1810.0,14614,2755,0.20155357578377991,0.18896449553609318,0.012589080247686735,0.044384576237762256
log_survival,token,10.0,1800.0,1810.0,14614,2755,0.21432434772435263,0.2144662735000642,-0.0001419257757115655,0.026310298106424622
log_survival,object,10.0,2400.0,2410.0,14614,2755,0.20447598486789653,0.18896449553609318,0.015511489331803352,0.03884686322956023
log_survival,token,10.0,2400.0,2410.0,14614,2755,0.21513590761862603,0.2144662735000642,0.0006696341185618293,0.023816809564135746
log_survival,object,10.0,3600.0,3610.0,14614,2897,0.20961035273274028,0.1988679301937487,0.010742422538991575,0.04540933193061462
log_survival,token,10.0,3600.0,3610.0,14614,2897,0.21663380024927617,0.21814952400098797,-0.0015157237517118005,0.025638790428070258
log_survival,object,15.0,1.0,16.0,13237,176,0.017086861565862553,0.013296064062854107,0.003790797503008446,0.004467267729677068
log_survival,token,15.0,1.0,16.0,13237,176,0.018537169445819308,0.008536237257188883,0.010000932188630424,0.01130533877544454
log_survival,object,15.0,2.0,17.0,13237,450,0.03381865428520555,0.0340162249335102,-0.00019757064830464716,0.007533197104485048
log_survival,token,15.0,2.0,17.0,13237,450,0.03664941659388741,0.035439944608885665,0.0012094719850017435,0.016835022918919057
log_survival,object,15.0,3.0,18.0,13237,471,0.05020345064809696,0.03560526294670119,0.014598187701395773,0.014562441812215339
log_survival,token,15.0,3.0,18.0,13237,471,0.05434746600796597,0.037201651924070545,0.017145814083895428,0.019198147721867582
log_survival,object,15.0,5.0,20.0,13237,600,0.08196338112298789,0.045366496456303196,0.03659688466668469,0.03653082176219346
log_survival,token,15.0,5.0,20.0,13237,600,0.08854245223442393,0.050690431488755516,0.037852020745668416,0.03770543970571453
log_survival,object,15.0,10.0,25.0,13237,929,0.0883093282977304,0.07026411685184353,0.018045211445886875,0.026789055102143702
log_survival,token,15.0,10.0,25.0,13237,929,0.09489544738686695,0.09557538394003118,-0.0006799365531642287,0.03024805664165526
log_survival,object,15.0,20.0,35.0,13237,1298,0.10077556041648644,0.09833730930884343,0.002438251107643008,0.018668918202396835
log_survival,token,15.0,20.0,35.0,13237,1298,0.10735487307105065,0.12447640139262262,-0.01712152832157196,0.03287940568035573
log_survival,object,15.0,30.0,45.0,13237,1354,0.11294796839518287,0.10264428355916799,0.010303684836014876,0.021203224276039347
log_survival,token,15.0,30.0,45.0,13237,1354,0.1194940782438446,0.12713237849530656,-0.007638300251461963,0.03261730987093691
log_survival,object,15.0,60.0,75.0,13237,1385,0.13073702950413094,0.10503004918606906,0.025706980318061873,0.025789015503357226
log_survival,token,15.0,60.0,75.0,13237,1385,0.1371697158893087,0.12993952019948662,0.007230195689822083,0.028245550419282762
log_survival,object,15.0,120.0,135.0,13237,1385,0.13099056636593243,0.10503004918606906,0.025960517179863363,0.026088342766720816
log_survival,token,15.0,120.0,135.0,13237,1385,0.13735207094613708,0.12993952019948662,0.007412550746650454,0.028076888555252633
log_survival,object,15.0,180.0,195.0,13237,1385,0.13120074933921075,0.10503004918606906,0.026170700153141685,0.02626636324814359
log_survival,token,15.0,180.0,195.0,13237,1385,0.1375024377716483,0.12993952019948662,0.0075629175721616815,0.028532658852795052
log_survival,object,15.0,300.0,315.0,13237,1385,0.1313618452269934,0.10503004918606906,0.026331796040924338,0.02641474674633443
log_survival,token,15.0,300.0,315.0,13237,1385,0.1376117497960127,0.12993952019948662,0.007672229596526081,0.028608683733541262
log_survival,object,15.0,600.0,615.0,13237,1385,0.13175234144421796,0.10503004918606906,0.0267222922581489,0.026926276093813435
log_survival,token,15.0,600.0,615.0,13237,1385,0.1378769580949425,0.12993952019948662,0.007937437895455868,0.028634956455781353
log_survival,object,15.0,900.0,915.0,13237,1385,0.13191572962583514,0.10503004918606906,0.02688568043976608,0.027078557225668466
log_survival,token,15.0,900.0,915.0,13237,1385,0.13799172844412877,0.12993952019948662,0.008052208244642145,0.028489077785662245
log_survival,object,15.0,1200.0,1215.0,13237,1385,0.1320790444370874,0.10503004918606906,0.027048995251018337,0.027383391149228147
log_survival,token,15.0,1200.0,1215.0,13237,1385,0.13810645785257344,0.12993952019948662,0.00816693765308682,0.028645163488056326
log_survival,object,15.0,1800.0,1815.0,13237,1385,0.13248125841221883,0.10503004918606906,0.02745120922614977,0.027761782509063943
log_survival,token,15.0,1800.0,1815.0,13237,1385,0.13835315182821895,0.12993952019948662,0.008413631628732321,0.02851807578465557
log_survival,object,15.0,2400.0,2415.0,13237,1385,0.13568273143869622,0.10503004918606906,0.030652682252627156,0.031502998610101626
log_survival,token,15.0,2400.0,2415.0,13237,1385,0.13924923385457993,0.12993952019948662,0.00930971365509331,0.0273719853742995
log_survival,object,15.0,3600.0,3615.0,13237,1527,0.14129587453450027,0.11595839496090599,0.02533747957359428,0.02631672222728298
log_survival,token,15.0,3600.0,3615.0,13237,1527,0.14090162604945639,0.13401910404159356,0.0068825220078628235,0.027872375251190358
log_survival,object,20.0,1.0,21.0,12616,121,0.0014073238549926134,0.00959099556119214,-0.008183671706199526,0.008224584664211845
log_survival,token,20.0,1.0,21.0,12616,121,0.0014093778817643593,0.014194768540769065,-0.012785390659004706,0.012919808561749718
log_survival,object,20.0,2.0,22.0,12616,234,0.0028112627214784878,0.01854787571337979,-0.015736612991901305,0.015818252619474376
log_survival,token,20.0,2.0,22.0,12616,234,0.0028150745537548556,0.0291310897925543,-0.026316015238799444,0.02662349086366489
log_survival,object,20.0,3.0,23.0,12616,275,0.0042118262772375984,0.02179880650970467,-0.017586980232467072,0.017894826681449958
log_survival,token,20.0,3.0,23.0,12616,275,0.004217101627217427,0.03482537394079166,-0.03060827231357423,0.031087250017596244
log_survival,object,20.0,5.0,25.0,12616,329,0.007002866015663496,0.02608081562517761,-0.019077949609514117,0.019127502577707168
log_survival,token,20.0,5.0,25.0,12616,329,0.00701019322328604,0.0472816812767054,-0.04027148805341936,0.04033236507641162
log_survival,object,20.0,10.0,30.0,12616,591,0.013922069036756734,0.04692750356775677,-0.033005434531000036,0.03311989922566176
log_survival,token,20.0,10.0,30.0,12616,591,0.013929509347183582,0.06347267273765544,-0.049543163390471864,0.049694316685024394
log_survival,object,20.0,20.0,40.0,12616,754,0.0275142161048412,0.05999976628752679,-0.03248555018268559,0.033577201520112
log_survival,token,20.0,20.0,40.0,12616,754,0.027501172656406517,0.08052372960532905,-0.053022556948922536,0.05364729764896268
log_survival,object,20.0,30.0,50.0,12616,785,0.040785717936271254,0.06249890927595614,-0.021713191339684884,0.023854016447008717
log_survival,token,20.0,30.0,50.0,12616,785,0.04072607398658467,0.0834807646940855,-0.04275469070750083,0.04389654683299157
log_survival,object,20.0,60.0,80.0,12616,785,0.05383736981764244,0.06249890927595614,-0.008661539458313695,0.015564149110286616
log_survival,token,20.0,60.0,80.0,12616,785,0.05368144140008633,0.0834807646940855,-0.029799323293999168,0.03177822658685139
log_survival,object,20.0,120.0,140.0,12616,785,0.05411266183622963,0.06249890927595614,-0.008386247439726512,0.014998351769022025
log_survival,token,20.0,120.0,140.0,12616,785,0.05388092598183544,0.0834807646940855,-0.029599838712250054,0.03158974419587773
log_survival,object,20.0,180.0,200.0,12616,785,0.05432524657107687,0.06249890927595614,-0.008173662704879271,0.014931654669968503
log_survival,token,20.0,180.0,200.0,12616,785,0.05403379974289011,0.0834807646940855,-0.029446964951195385,0.031471198619543464
log_survival,object,20.0,300.0,320.0,12616,785,0.05450015784799936,0.06249890927595614,-0.00799875142795678,0.01487313727597354
log_survival,token,20.0,300.0,320.0,12616,785,0.05415344797643301,0.0834807646940855,-0.029327316717652485,0.03157197011071332
log_survival,object,20.0,600.0,620.0,12616,785,0.05491982019677739,0.06249890927595614,-0.007579089079178751,0.014623249238841335
log_survival,token,20.0,600.0,620.0,12616,785,0.05444084076051074,0.0834807646940855,-0.029039923933574754,0.03129297905437107
log_survival,object,20.0,900.0,920.0,12616,785,0.05509720985485448,0.06249890927595614,-0.007401699421101658,0.014576483255306198
log_survival,token,20.0,900.0,920.0,12616,785,0.05456637405553851,0.0834807646940855,-0.028914390638546984,0.031183909785793842
log_survival,object,20.0,1200.0,1220.0,12616,785,0.05527451998204821,0.06249890927595614,-0.0072243892939079304,0.014211674717065612
log_survival,token,20.0,1200.0,1220.0,12616,785,0.05469186254501759,0.0834807646940855,-0.02878890214906791,0.031066931642992453
log_survival,object,20.0,1800.0,1820.0,12616,785,0.0557371148795748,0.06249890927595614,-0.006761794396381339,0.013700571352878617
log_survival,token,20.0,1800.0,1820.0,12616,785,0.05496785110994149,0.0834807646940855,-0.028512913584144005,0.03027538202835256
log_survival,object,20.0,2400.0,2420.0,12616,785,0.05916975720864336,0.06249890927595614,-0.0033291520673127753,0.01386043208817778
log_survival,token,20.0,2400.0,2420.0,12616,785,0.05594336252847035,0.0834807646940855,-0.02753740216561515,0.027682091637750785
log_survival,object,20.0,3600.0,3620.0,12616,927,0.06519682681168253,0.07394659651327795,-0.008749769701595425,0.017078875444664125
log_survival,token,20.0,3600.0,3620.0,12616,927,0.05774500737249358,0.08777818671260029,-0.030033179340106714,0.03363605486478011
log_survival,object,30.0,1.0,31.0,11942,0,0.0013611723376229495,0.0,0.0013611723376229495,0.0013611723376229495
log_survival,token,30.0,1.0,31.0,11942,0,0.0013383625367987713,0.0,0.0013383625367987713,0.0013383625367987713
log_survival,object,30.0,2.0,32.0,11942,66,0.0027191079805164876,0.005526712443476689,-0.0028076044629602014,0.004624884074497298
log_survival,token,30.0,2.0,32.0,11942,66,0.0026732764910116194,0.007484538642326455,-0.004811262151314836,0.006922617825029809
log_survival,object,30.0,3.0,33.0,11942,79,0.004073816150714996,0.006615307318706964,-0.0025414911679919683,0.003841996434191468
log_survival,token,30.0,3.0,33.0,11942,79,0.004004752752133644,0.010761836383899936,-0.006757083631766293,0.00836853892377075
log_survival,object,30.0,5.0,35.0,11942,107,0.006773586816317976,0.008982119043951853,-0.002208532227633877,0.005033408173896316
log_survival,token,30.0,5.0,35.0,11942,107,0.0066574355641618455,0.015219265605355359,-0.008561830041193513,0.010624989150554535
log_survival,object,30.0,10.0,40.0,11942,163,0.013467172694375614,0.01371591643731751,-0.0002487437429418964,0.009671864710501347
log_survival,token,30.0,10.0,40.0,11942,163,0.013229737985336857,0.018206683746770258,-0.004976945761433401,0.010764800528769453
log_survival,object,30.0,20.0,50.0,11942,194,0.026618848920235826,0.01633811254284434,0.010280736377391485,0.01176849633609852
log_survival,token,30.0,20.0,50.0,11942,194,0.026124253003464368,0.02136413041455787,0.0047601225889064985,0.010861790372562394
log_survival,object,30.0,30.0,60.0,11942,194,0.03946386863054838,0.01633811254284434,0.023125756087704036,0.02320161146579022
log_survival,token,30.0,30.0,60.0,11942,194,0.038693937288021577,0.02136413041455787,0.017329806873463707,0.017348100885976707
log_survival,object,30.0,60.0,90.0,11942,194,0.03960290812056025,0.01633811254284434,0.023264795577715908,0.02334065095580209
log_survival,token,30.0,60.0,90.0,11942,194,0.03879450411158688,0.02136413041455787,0.01743037369702901,0.01744864208080045
log_survival,object,30.0,120.0,150.0,11942,194,0.039880845770315705,0.01633811254284434,0.023542733227471364,0.023618590396056766
log_survival,token,30.0,120.0,150.0,11942,194,0.03899555290140793,0.02136413041455787,0.01763142248685006,0.017649755440667846
log_survival,object,30.0,180.0,210.0,11942,194,0.040063934412195405,0.01633811254284434,0.023725821869351064,0.0238021023137612
log_survival,token,30.0,180.0,210.0,11942,194,0.039126234680510526,0.02136413041455787,0.017762104265952657,0.017780575812174175
log_survival,object,30.0,300.0,330.0,11942,194,0.040240647961131366,0.01633811254284434,0.023902535418287026,0.02397909382124262
log_survival,token,30.0,300.0,330.0,11942,194,0.03924700789610674,0.02136413041455787,0.01788287748154887,0.017901881765570025
log_survival,object,30.0,600.0,630.0,11942,194,0.040655902409487965,0.01633811254284434,0.024317789866643624,0.024394767671948637
log_survival,token,30.0,600.0,630.0,11942,194,0.03953125905550509,0.02136413041455787,0.018167128640947224,0.01818613371860249
log_survival,object,30.0,900.0,930.0,11942,194,0.04083516206831162,0.01633811254284434,0.02449704952546728,0.024574240275400595
log_survival,token,30.0,900.0,930.0,11942,194,0.03965786343582461,0.02136413041455787,0.018293733021266738,0.018312585762162388
log_survival,object,30.0,1200.0,1230.0,11942,194,0.0410143402841149,0.01633811254284434,0.02467622774127056,0.02475341849120387
log_survival,token,30.0,1200.0,1230.0,11942,194,0.03978442174667407,0.02136413041455787,0.0184202913321162,0.018439131751698586
log_survival,object,30.0,1800.0,1830.0,11942,194,0.04154293120213054,0.01633811254284434,0.0252048186592862,0.025250693006589706
log_survival,token,30.0,1800.0,1830.0,11942,194,0.04007768309832559,0.02136413041455787,0.018713552683767717,0.018731315536692845
log_survival,object,30.0,2400.0,2430.0,11942,194,0.04513049132078999,0.01633811254284434,0.028792378777945646,0.028740907538812265
log_survival,token,30.0,2400.0,2430.0,11942,194,0.04110382481568407,0.02136413041455787,0.019739694401126204,0.019715163950067106
log_survival,object,30.0,3600.0,3630.0,11942,336,0.05142256859605949,0.028349462445580342,0.023073106150479146,0.022200432498814142
log_survival,token,30.0,3600.0,3630.0,11942,336,0.04299541602664107,0.025952808068072653,0.01704260795856842,0.017822564048535522
log_survival,object,45.0,1.0,46.0,11660,0,0.0013498124902658112,0.0,0.0013498124902658112,0.0013498124902658112
log_survival,token,45.0,1.0,46.0,11660,0,0.0013116612779899544,0.0,0.0013116612779899544,0.0013116612779899544
log_survival,object,45.0,2.0,47.0,11660,1,0.002696452741028117,8.576329331044796e-05,0.002610689447717669,0.002761836935996228
log_survival,token,45.0,2.0,47.0,11660,1,0.0026199820353854744,1.6227519660461098e-05,0.0026037545157250133,0.0026105600385279244
log_survival,object,45.0,3.0,48.0,11660,31,0.004039929711390675,0.002658662092624331,0.001381267618766344,0.003610345371996531
log_survival,token,45.0,3.0,48.0,11660,31,0.0039249727529281605,0.0032159993508992235,0.0007089734020289369,0.0032852052606264265
log_survival,object,45.0,5.0,50.0,11660,31,0.006717429507508779,0.002658662092624331,0.004058767414884448,0.005944661202258639
log_survival,token,45.0,5.0,50.0,11660,31,0.006525005810245539,0.0032159993508992235,0.003309006459346315,0.004463815405319219
log_survival,object,45.0,10.0,55.0,11660,31,0.013356443364498198,0.002658662092624331,0.010697781271873867,0.011727046764945775
log_survival,token,45.0,10.0,55.0,11660,31,0.012967539460611181,0.0032159993508992235,0.009751540109711958,0.009751540109711975
log_survival,object,45.0,20.0,65.0,11660,31,0.01994197235393617,0.002658662092624331,0.01728331026131184,0.01759237476582351
log_survival,token,45.0,20.0,65.0,11660,31,0.01934605614697692,0.0032159993508992235,0.016130056796077697,0.016130056796077694
log_survival,object,45.0,30.0,75.0,11660,31,0.01998963165127598,0.002658662092624331,0.017330969558651647,0.017633091391210116
log_survival,token,45.0,30.0,75.0,11660,31,0.019380397729425097,0.0032159993508992235,0.016164398378525874,0.01616439837852589
log_survival,object,45.0,60.0,105.0,11660,31,0.020132577161723036,0.002658662092624331,0.017473915069098706,0.01767702288908618
log_survival,token,45.0,60.0,105.0,11660,31,0.019483403106771293,0.0032159993508992235,0.01626740375587207,0.016267403755872083
log_survival,object,45.0,120.0,165.0,11660,31,0.020418322560431332,0.002658662092624331,0.017759660467807,0.018107246194394876
log_survival,token,45.0,120.0,165.0,11660,31,0.019689326744450324,0.0032159993508992235,0.0164733273935511,0.016473327393551104
log_survival,object,45.0,180.0,225.0,11660,31,0.02055786110131829,0.002658662092624331,0.01789919900869396,0.018233031849609255
log_survival,token,45.0,180.0,225.0,11660,31,0.019787198985428463,0.0032159993508992235,0.01657119963452924,0.016571199634529257
log_survival,object,45.0,300.0,345.0,11660,31,0.020739493123849793,0.002658662092624331,0.018080831031225462,0.018395994084885164
log_survival,token,45.0,300.0,345.0,11660,31,0.01991092824761968,0.0032159993508992235,0.016694928896720456,0.01669492889672047
log_survival,object,45.0,600.0,645.0,11660,31,0.02115285999555124,0.002658662092624331,0.01849419790292691,0.018767340235211906
log_survival,token,45.0,600.0,645.0,11660,31,0.020193171233689036,0.0032159993508992235,0.016977171882789813,0.01697717188278983
log_survival,object,45.0,900.0,945.0,11660,31,0.021337228995376278,0.002658662092624331,0.018678566902751947,0.01893654064478964
log_survival,token,45.0,900.0,945.0,11660,31,0.020322876203180948,0.0032159993508992235,0.017106876852281724,0.017106876852281742
log_survival,object,45.0,1200.0,1245.0,11660,31,0.021521513967018402,0.002658662092624331,0.01886285187439407,0.019106904821067562
log_survival,token,45.0,1200.0,1245.0,11660,31,0.020452533827088518,0.0032159993508992235,0.017236534476189294,0.017236534476189308
log_survival,object,45.0,1800.0,1845.0,11660,31,0.02207656540523358,0.002658662092624331,0.019417903312609248,0.020073263636375765
log_survival,token,45.0,1800.0,1845.0,11660,31,0.020760394245135295,0.0032159993508992235,0.017544394894236072,0.017544394894236072
log_survival,object,45.0,2400.0,2445.0,11660,31,0.024815987090577644,0.002658662092624331,0.022157324997953313,0.023079013141998513
log_survival,token,45.0,2400.0,2445.0,11660,31,0.02164715923566662,0.0032159993508992235,0.018431159884767397,0.01843115988476741
log_survival,object,45.0,3600.0,3645.0,11660,173,0.02973021368140004,0.014837049742710162,0.014893163938689877,0.015432669257205893
log_survival,token,45.0,3600.0,3645.0,11660,173,0.023316585850344823,0.007889770884633496,0.015426814965711327,0.015426814965711421
log_survival,object,60.0,1.0,61.0,11629,0,4.913133036414032e-06,0.0,4.913133036414032e-06,4.913133036414033e-06
log_survival,token,60.0,1.0,61.0,11629,0,3.543650635890445e-06,0.0,3.543650635890445e-06,3.5436506358904453e-06
log_survival,object,60.0,2.0,62.0,11629,0,9.826210343571749e-06,0.0,9.826210343571749e-06,9.826210343571747e-06
log_survival,token,60.0,2.0,62.0,11629,0,7.087267876227239e-06,0.0,7.087267876227239e-06,7.087267876227239e-06
log_survival,object,60.0,3.0,63.0,11629,0,1.4739231922575744e-05,0.0,1.4739231922575744e-05,1.4739231922575746e-05
log_survival,token,60.0,3.0,63.0,11629,0,1.0630851721575048e-05,0.0,1.0630851721575048e-05,1.0630851721575048e-05
log_survival,object,60.0,5.0,65.0,11629,0,2.456510790048758e-05,0.0,2.456510790048758e-05,2.456510790048758e-05
log_survival,token,60.0,5.0,65.0,11629,0,1.771791922953621e-05,0.0,1.771791922953621e-05,1.771791922953621e-05
log_survival,object,60.0,10.0,70.0,11629,0,4.912882267886846e-05,0.0,4.912882267886846e-05,4.912882267886846e-05
log_survival,token,60.0,10.0,70.0,11629,0,3.543500362581978e-05,0.0,3.543500362581978e-05,3.543500362581978e-05
log_survival,object,60.0,20.0,80.0,11629,0,9.82520734141074e-05,0.0,9.82520734141074e-05,9.825207341410743e-05
log_survival,token,60.0,20.0,80.0,11629,0,7.086666819454122e-05,0.0,7.086666819454122e-05,7.086666819454122e-05
log_survival,object,60.0,30.0,90.0,11629,0,0.00014736975329500876,0.0,0.00014736975329500876,0.00014736975329500876
log_survival,token,60.0,30.0,90.0,11629,0,0.00010629499425779262,0.0,0.00010629499425779262,0.00010629499425779262
log_survival,object,60.0,60.0,120.0,11629,0,0.0002946893786997571,0.0,0.0002946893786997571,0.0002946893786997571
log_survival,token,60.0,60.0,120.0,11629,0,0.00021255994692886786,0.0,0.00021255994692886786,0.00021255994692886786
log_survival,object,60.0,120.0,180.0,11629,0,0.0005891783633525117,0.0,0.0005891783633525117,0.0005891783633525117
log_survival,token,60.0,120.0,180.0,11629,0,0.0004249997870290209,0.0,0.0004249997870290209,0.00042499978702902096
log_survival,object,60.0,180.0,240.0,11629,0,0.0006827842749717001,0.0,0.0006827842749717001,0.0006827842749717001
log_survival,token,60.0,180.0,240.0,11629,0,0.0004888096035922022,0.0,0.0004888096035922022,0.0004888096035922022
log_survival,object,60.0,300.0,360.0,11629,0,0.0008699345589066453,0.0,0.0008699345589066453,0.0008699345589066452
log_survival,token,60.0,300.0,360.0,11629,0,0.0006163961505806867,0.0,0.0006163961505806867,0.0006163961505806867
log_survival,object,60.0,600.0,660.0,11629,0,0.0012820173472054442,0.0,0.0012820173472054442,0.0012820173472054442
log_survival,token,60.0,600.0,660.0,11629,0,0.0008982080300937268,0.0,0.0008982080300937268,0.0008982080300937269
log_survival,object,60.0,900.0,960.0,11629,0,0.0014721060472934252,0.0,0.0014721060472934252,0.0014721060472934252
log_survival,token,60.0,900.0,960.0,11629,0,0.001032033803409085,0.0,0.001032033803409085,0.0010320338034090853
log_survival,object,60.0,1200.0,1260.0,11629,0,0.0016621079928608592,0.0,0.0016621079928608592,0.001662107992860859
log_survival,token,60.0,1200.0,1260.0,11629,0,0.0011658106046066393,0.0,0.0011658106046066393,0.0011658106046066393
log_survival,object,60.0,1800.0,1860.0,11629,0,0.002292357366956823,0.0,0.002292357366956823,0.002292357366956823
log_survival,token,60.0,1800.0,1860.0,11629,0,0.0014986855223147538,0.0,0.0014986855223147538,0.0014986855223147535
log_survival,object,60.0,2400.0,2460.0,11629,0,0.005055659516790866,0.0,0.005055659516790866,0.005055659516790866
log_survival,token,60.0,2400.0,2460.0,11629,0,0.002398669487867533,0.0,0.002398669487867533,0.0023986694878675324
log_survival,object,60.0,3600.0,3660.0,11629,142,0.010018016489784074,0.012210852179895149,-0.002192835690111075,0.006134083634594258
log_survival,token,60.0,3600.0,3660.0,11629,142,0.004094477276144386,0.004688850875105066,-0.0005943735989606801,0.003085383515757576
log_survival,object,90.0,1.0,91.0,11629,0,4.913000682508429e-06,0.0,4.913000682508429e-06,4.913000682508429e-06
log_survival,token,90.0,1.0,91.0,11629,0,3.5435823825143418e-06,0.0,3.5435823825143418e-06,3.5435823825143418e-06
log_survival,object,90.0,2.0,92.0,11629,0,9.825945640490766e-06,0.0,9.825945640490766e-06,9.825945640490765e-06
log_survival,token,90.0,2.0,92.0,11629,0,7.087131371640511e-06,0.0,7.087131371640511e-06,7.087131371640511e-06
log_survival,object,90.0,3.0,93.0,11629,0,1.4738834875043258e-05,0.0,1.4738834875043258e-05,1.4738834875043258e-05
log_survival,token,90.0,3.0,93.0,11629,0,1.0630646967942742e-05,0.0,1.0630646967942742e-05,1.0630646967942742e-05
log_survival,object,90.0,5.0,95.0,11629,0,2.456444617820832e-05,0.0,2.456444617820832e-05,2.456444617820832e-05
log_survival,token,90.0,5.0,95.0,11629,0,1.771757798430012e-05,0.0,1.771757798430012e-05,1.7717577984300117e-05
log_survival,object,90.0,10.0,100.0,11629,0,4.912749935231116e-05,0.0,4.912749935231116e-05,4.912749935231116e-05
log_survival,token,90.0,10.0,100.0,11629,0,3.543432118936899e-05,0.0,3.543432118936899e-05,3.5434321189368986e-05
log_survival,object,90.0,20.0,110.0,11629,0,9.824942723286341e-05,0.0,9.824942723286341e-05,9.824942723286341e-05
log_survival,token,90.0,20.0,110.0,11629,0,7.086530353765572e-05,0.0,7.086530353765572e-05,7.086530353765574e-05
log_survival,object,90.0,30.0,120.0,11629,0,0.0001473657847307472,0.0,0.0001473657847307472,0.00014736578473074718
log_survival,token,90.0,30.0,120.0,11629,0,0.00010629294759640432,0.0,0.00010629294759640432,0.0001062929475964043
log_survival,object,90.0,60.0,150.0,11629,0,0.00029468144581474973,0.0,0.00029468144581474973,0.0002946814458147497
log_survival,token,90.0,60.0,150.0,11629,0,0.00021255585554887332,0.0,0.00021255585554887332,0.00021255585554887332
log_survival,object,90.0,120.0,210.0,11629,0,0.0004887669891674592,0.0,0.0004887669891674592,0.0004887669891674592
log_survival,token,90.0,120.0,210.0,11629,0,0.0003507034113816675,0.0,0.0003507034113816675,0.0003507034113816675
log_survival,object,90.0,180.0,270.0,11629,0,0.0005823915458866703,0.0,0.0005823915458866703,0.0005823915458866704
log_survival,token,90.0,180.0,270.0,11629,0,0.0004145244798408688,0.0,0.0004145244798408688,0.00041452447984086874
log_survival,object,90.0,300.0,390.0,11629,0,0.0007695791015926951,0.0,0.0007695791015926951,0.0007695791015926951
log_survival,token,90.0,300.0,390.0,11629,0,0.0005421335214590906,0.0,0.0005421335214590906,0.0005421335214590905
log_survival,object,90.0,600.0,690.0,11629,0,0.0011540185229898037,0.0,0.0011540185229898037,0.0011540185229898035
log_survival,token,90.0,600.0,690.0,11629,0,0.0008055095277593725,0.0,0.0008055095277593725,0.0008055095277593727
log_survival,object,90.0,900.0,990.0,11629,0,0.0013441571819704852,0.0,0.0013441571819704852,0.001344157181970485
log_survival,token,90.0,900.0,990.0,11629,0,0.0009393653111116346,0.0,0.0009393653111116346,0.0009393653111116348
log_survival,object,90.0,1200.0,1290.0,11629,0,0.001534209051323076,0.0,0.001534209051323076,0.001534209051323076
log_survival,token,90.0,1200.0,1290.0,11629,0,0.0010731721049020578,0.0,0.0010731721049020578,0.0010731721049020578
log_survival,object,90.0,1800.0,1890.0,11629,0,0.0022889668199859462,0.0,0.0022889668199859462,0.0022889668199859467
log_survival,token,90.0,1800.0,1890.0,11629,0,0.001438691557747299,0.0,0.001438691557747299,0.0014386915577472993
log_survival,object,90.0,2400.0,2490.0,11629,0,0.005041907230187303,0.0,0.005041907230187303,0.005041907230187303
log_survival,token,90.0,2400.0,2490.0,11629,0,0.0023368523216174258,0.0,0.0023368523216174258,0.0023368523216174258
log_survival,object,90.0,3600.0,3690.0,11629,142,0.009987920307483814,0.012210852179895149,-0.002222931872411335,0.006013033463268241
log_survival,token,90.0,3600.0,3690.0,11629,142,0.004029730405923703,0.004688850875105066,-0.000659120469181363,0.0030764006992430003
log_survival,object,120.0,1.0,121.0,11629,0,4.912868335497559e-06,0.0,4.912868335497559e-06,4.912868335497559e-06
log_survival,token,120.0,1.0,121.0,11629,0,3.5435141319895998e-06,0.0,3.5435141319895998e-06,3.5435141319895998e-06
log_survival,object,120.0,2.0,122.0,11629,0,9.825680951180902e-06,0.0,9.825680951180902e-06,9.825680951180902e-06
log_survival,token,120.0,2.0,122.0,11629,0,7.086994872753575e-06,0.0,7.086994872753575e-06,7.086994872753575e-06
log_survival,object,120.0,3.0,123.0,11629,0,1.4738437848149691e-05,0.0,1.4738437848149691e-05,1.4738437848149691e-05
log_survival,token,120.0,3.0,123.0,11629,0,1.0630442222851015e-05,0.0,1.0630442222851015e-05,1.0630442222851015e-05
log_survival,object,120.0,5.0,125.0,11629,0,2.4563784490310022e-05,0.0,2.4563784490310022e-05,2.4563784490310022e-05
log_survival,token,120.0,5.0,125.0,11629,0,1.7717236753260595e-05,0.0,1.7717236753260595e-05,1.771723675326059e-05
log_survival,object,120.0,10.0,130.0,11629,0,4.912617609448108e-05,0.0,4.912617609448108e-05,4.912617609448108e-05
log_survival,token,120.0,10.0,130.0,11629,0,3.543363878130128e-05,0.0,3.543363878130128e-05,3.543363878130128e-05
log_survival,object,120.0,20.0,140.0,11629,0,9.82467811890112e-05,0.0,9.82467811890112e-05,9.824678118901119e-05
log_survival,token,120.0,20.0,140.0,11629,0,7.086393893750509e-05,0.0,7.086393893750509e-05,7.086393893750509e-05
log_survival,object,120.0,30.0,150.0,11629,0,0.00014736181637252073,0.0,0.00014736181637252073,0.00014736181637252073
log_survival,token,120.0,30.0,150.0,11629,0,0.00010629090102010057,0.0,0.00010629090102010057,0.00010629090102010056
log_survival,object,120.0,60.0,180.0,11629,0,0.0002946735133413993,0.0,0.0002946735133413993,0.0002946735133413993
log_survival,token,120.0,60.0,180.0,11629,0,0.00021255176433885182,0.0,0.00021255176433885182,0.00021255176433885187
log_survival,object,120.0,120.0,240.0,11629,0,0.0003883372560567221,0.0,0.0003883372560567221,0.00038833725605672204
log_survival,token,120.0,120.0,240.0,11629,0,0.00027639512682966886,0.0,0.00027639512682966886,0.00027639512682966886
log_survival,object,120.0,180.0,300.0,11629,0,0.0004819804628351969,0.0,0.0004819804628351969,0.00048198046283519694
log_survival,token,120.0,180.0,300.0,11629,0,0.0003402274499195938,0.0,0.0003402274499195938,0.0003402274499195938
log_survival,object,120.0,300.0,420.0,11629,0,0.0006692053002243825,0.0,0.0006692053002243825,0.0006692053002243827
log_survival,token,120.0,300.0,420.0,11629,0,0.00046785899163388485,0.0,0.00046785899163388485,0.00046785899163388485
log_survival,object,120.0,600.0,720.0,11629,0,0.001025988515321414,0.0,0.001025988515321414,0.0010259885153214143
log_survival,token,120.0,600.0,720.0,11629,0,0.0007127916448572911,0.0,0.0007127916448572911,0.0007127916448572911
log_survival,object,120.0,900.0,1020.0,11629,0,0.0012161771518345089,0.0,0.0012161771518345089,0.0012161771518345087
log_survival,token,120.0,900.0,1020.0,11629,0,0.0008466774480900973,0.0,0.0008466774480900973,0.0008466774480900973
log_survival,object,120.0,1200.0,1320.0,11629,0,0.0014062789635939745,0.0,0.0014062789635939745,0.0014062789635939745
log_survival,token,120.0,1200.0,1320.0,11629,0,0.0009805142443088614,0.0,0.0009805142443088614,0.0009805142443088614
log_survival,object,120.0,1800.0,1920.0,11629,0,0.0022849886887358964,0.0,0.0022849886887358964,0.002284988688735896
log_survival,token,120.0,1800.0,1920.0,11629,0,0.0013785796288430495,0.0,0.0013785796288430495,0.0013785796288430497
log_survival,object,120.0,2400.0,2520.0,11629,0,0.0050276520409563335,0.0,0.0050276520409563335,0.005027652040956334
log_survival,token,120.0,2400.0,2520.0,11629,0,0.0022749309638692467,0.0,0.0022749309638692467,0.0022749309638692467
log_survival,object,120.0,3600.0,3720.0,11629,142,0.0099574487676484,0.012210852179895149,-0.002253403412246748,0.005891419362199283
log_survival,token,120.0,3600.0,3720.0,11629,142,0.003964900393994041,0.004688850875105066,-0.0007239504811110253,0.0030652010003194624
log_survival,object,180.0,1.0,181.0,11629,0,1.5621955924345558e-06,0.0,1.5621955924345558e-06,1.5621955924345558e-06
log_survival,token,180.0,1.0,181.0,11629,0,1.0647061426079085e-06,0.0,1.0647061426079085e-06,1.0647061426079085e-06
log_survival,object,180.0,2.0,182.0,11629,0,3.1243854726426222e-06,0.0,3.1243854726426222e-06,3.1243854726426222e-06
log_survival,token,180.0,2.0,182.0,11629,0,2.129409215096891e-06,0.0,2.129409215096891e-06,2.129409215096891e-06
log_survival,object,180.0,3.0,183.0,11629,0,4.686569640677614e-06,0.0,4.686569640677614e-06,4.686569640677615e-06
log_survival,token,180.0,3.0,183.0,11629,0,3.1941092175110124e-06,0.0,3.1941092175110124e-06,3.1941092175110128e-06
log_survival,object,180.0,5.0,185.0,11629,0,7.810920840367228e-06,0.0,7.810920840367228e-06,7.810920840367228e-06
log_survival,token,180.0,5.0,185.0,11629,0,5.323500012172052e-06,0.0,5.323500012172052e-06,5.323500012172052e-06
log_survival,object,180.0,10.0,190.0,11629,0,1.56216988791092e-05,0.0,1.56216988791092e-05,1.56216988791092e-05
log_survival,token,180.0,10.0,190.0,11629,0,1.064692327355693e-05,0.0,1.064692327355693e-05,1.0646923273556931e-05
log_survival,object,180.0,20.0,200.0,11629,0,3.124282657012659e-05,0.0,3.124282657012659e-05,3.124282657012659e-05
log_survival,token,180.0,20.0,200.0,11629,0,2.1293539551985177e-05,0.0,2.1293539551985177e-05,2.129353955198518e-05
log_survival,object,180.0,30.0,210.0,11629,0,4.686338310977749e-05,0.0,4.686338310977749e-05,4.686338310977749e-05
log_survival,token,180.0,30.0,210.0,11629,0,3.1939848851233736e-05,0.0,3.1939848851233736e-05,3.1939848851233736e-05
log_survival,object,180.0,60.0,240.0,11629,0,9.372162618752737e-05,0.0,9.372162618752737e-05,9.372162618752737e-05
log_survival,token,180.0,60.0,240.0,11629,0,6.387693503320198e-05,0.0,6.387693503320198e-05,6.387693503320198e-05
log_survival,object,180.0,120.0,300.0,11629,0,0.0001874226962100023,0.0,0.0001874226962100023,0.0001874226962100023
log_survival,token,180.0,120.0,300.0,11629,0,0.0001277428211094787,0.0,0.0001277428211094787,0.00012774282110947872
log_survival,object,180.0,180.0,360.0,11629,0,0.0002811032179904571,0.0,0.0002811032179904571,0.0002811032179904571
log_survival,token,180.0,180.0,360.0,11629,0,0.0001915976616679598,0.0,0.0001915976616679598,0.00019159766166795976
log_survival,object,180.0,300.0,480.0,11629,0,0.0004684026484936991,0.0,0.0004684026484936991,0.0004684026484936991
log_survival,token,180.0,300.0,480.0,11629,0,0.0003192742199794022,0.0,0.0003192742199794022,0.0003192742199794022
log_survival,object,180.0,600.0,780.0,11629,0,0.0007698349076941223,0.0,0.0007698349076941223,0.0007698349076941223
log_survival,token,180.0,600.0,780.0,11629,0,0.0005272977142847338,0.0,0.0005272977142847338,0.0005272977142847338
log_survival,object,180.0,900.0,1080.0,11629,0,0.0009601235552256984,0.0,0.0009601235552256984,0.0009601235552256985
log_survival,token,180.0,900.0,1080.0,11629,0,0.000661243586826131,0.0,0.000661243586826131,0.000661243586826131
log_survival,object,180.0,1200.0,1380.0,11629,0,0.0011503253076985199,0.0,0.0011503253076985199,0.0011503253076985199
log_survival,token,180.0,1200.0,1380.0,11629,0,0.0007951404174246222,0.0,0.0007951404174246222,0.0007951404174246222
log_survival,object,180.0,1800.0,1980.0,11629,0,0.0022752880998963597,0.0,0.0022752880998963597,0.0022752880998963597
log_survival,token,180.0,1800.0,1980.0,11629,0,0.0012580048442836244,0.0,0.0012580048442836244,0.0012580048442836244
log_survival,object,180.0,2400.0,2580.0,11629,0,0.004997648107835301,0.0,0.004997648107835301,0.004997648107835302
log_survival,token,180.0,2400.0,2580.0,11629,0,0.002150778133700195,0.0,0.002150778133700195,0.002150778133700195
log_survival,object,180.0,3600.0,3780.0,11629,142,0.009895389979510854,0.012210852179895149,-0.002315462200384295,0.005645639128296408
log_survival,token,180.0,3600.0,3780.0,11629,142,0.003834992658126425,0.004688850875105066,-0.0008538582169786411,0.0030390984065742713
log_survival,object,300.0,1.0,301.0,11629,0,1.5621184053995368e-06,0.0,1.5621184053995368e-06,1.5621184053995368e-06
log_survival,token,300.0,1.0,301.0,11629,0,1.064675117526917e-06,0.0,1.064675117526917e-06,1.064675117526917e-06
log_survival,object,300.0,2.0,302.0,11629,0,3.1242310994583375e-06,0.0,3.1242310994583375e-06,3.124231099458337e-06
log_survival,token,300.0,2.0,302.0,11629,0,2.1293471652524044e-06,0.0,2.1293471652524044e-06,2.1293471652524044e-06
log_survival,object,300.0,3.0,303.0,11629,0,4.68633808221818e-06,0.0,4.68633808221818e-06,4.68633808221818e-06
log_survival,token,300.0,3.0,303.0,11629,0,3.1940161432041405e-06,0.0,3.1940161432041405e-06,3.19401614320414e-06
log_survival,object,300.0,5.0,305.0,11629,0,7.810534913980528e-06,0.0,7.810534913980528e-06,7.810534913980528e-06
log_survival,token,300.0,5.0,305.0,11629,0,5.323344889837447e-06,0.0,5.323344889837447e-06,5.323344889837446e-06
log_survival,object,300.0,10.0,310.0,11629,0,1.562092704818833e-05,0.0,1.562092704818833e-05,1.5620927048188326e-05
log_survival,token,300.0,10.0,310.0,11629,0,1.0646613036407175e-05,0.0,1.0646613036407175e-05,1.0646613036407175e-05
log_survival,object,300.0,20.0,320.0,11629,0,3.124128299563666e-05,0.0,3.124128299563666e-05,3.124128299563666e-05
log_survival,token,300.0,20.0,320.0,11629,0,2.129291910773152e-05,0.0,2.129291910773152e-05,2.1292919107731518e-05
log_survival,object,300.0,30.0,330.0,11629,0,4.6861067879046355e-05,0.0,4.6861067879046355e-05,4.686106787904636e-05
log_survival,token,300.0,30.0,330.0,11629,0,3.193891822989926e-05,0.0,3.193891822989926e-05,3.193891822989926e-05
log_survival,object,300.0,60.0,360.0,11629,0,9.37169965119333e-05,0.0,9.37169965119333e-05,9.371699651193332e-05
log_survival,token,300.0,60.0,360.0,11629,0,6.387507406068133e-05,0.0,6.387507406068133e-05,6.387507406068133e-05
log_survival,object,300.0,120.0,420.0,11629,0,0.00018741344000100193,0.0,0.00018741344000100193,0.00018741344000100193
log_survival,token,300.0,120.0,420.0,11629,0,0.00012773910024467205,0.0,0.00012773910024467205,0.00012773910024467202
log_survival,object,300.0,180.0,480.0,11629,0,0.00028108933838774506,0.0,0.00028108933838774506,0.000281089338387745
log_survival,token,300.0,180.0,480.0,11629,0,0.0001915920819903448,0.0,0.0001915920819903448,0.00019159208199034483
log_survival,object,300.0,300.0,600.0,11629,0,0.0004683795315127552,0.0,0.0004683795315127552,0.0004683795315127552
log_survival,token,300.0,300.0,600.0,11629,0,0.00031926492591154984,0.0,0.00031926492591154984,0.0003192649259115499
log_survival,object,300.0,600.0,900.0,11629,0,0.0006587942402681319,0.0,0.0006587942402681319,0.0006587942402681319
log_survival,token,300.0,600.0,900.0,11629,0,0.000453282264455905,0.0,0.000453282264455905,0.00045328226445590504
log_survival,object,300.0,900.0,1200.0,11629,0,0.0008491219601118856,0.0,0.0008491219601118856,0.0008491219601118854
log_survival,token,300.0,900.0,1200.0,11629,0,0.0005872505170788799,0.0,0.0005872505170788799,0.0005872505170788798
log_survival,object,300.0,1200.0,1500.0,11629,0,0.0010393627597327056,0.0,0.0010393627597327056,0.0010393627597327056
log_survival,token,300.0,1200.0,1500.0,11629,0,0.0007211697154804213,0.0,0.0007211697154804213,0.0007211697154804212
log_survival,object,300.0,1800.0,2100.0,11629,0,0.002649830437876857,0.0,0.002649830437876857,0.0026498304378768565
log_survival,token,300.0,1800.0,2100.0,11629,0,0.0013122278173375267,0.0,0.0013122278173375267,0.0013122278173375267
log_survival,object,300.0,2400.0,2700.0,11629,0,0.005331844095848885,0.0,0.005331844095848885,0.005331844095848886
log_survival,token,300.0,2400.0,2700.0,11629,0,0.002197694406005066,0.0,0.002197694406005066,0.0021976944060050664
log_survival,object,300.0,3600.0,3900.0,11629,142,0.010165539362021435,0.012210852179895149,-0.0020453128178737137,0.005360124174232751
log_survival,token,300.0,3600.0,3900.0,11629,142,0.003870028020864243,0.004688850875105066,-0.0008188228542408233,0.002936331519041778
log_survival,object,600.0,1.0,601.0,11629,0,6.3547682379112e-07,0.0,6.3547682379112e-07,6.3547682379112e-07
log_survival,token,600.0,1.0,601.0,11629,0,4.4715663617916527e-07,0.0,4.4715663617916527e-07,4.471566361791653e-07
log_survival,object,600.0,2.0,602.0,11629,0,1.2709526787929885e-06,0.0,1.2709526787929885e-06,1.2709526787929885e-06
log_survival,token,600.0,2.0,602.0,11629,0,8.943127258925015e-07,0.0,8.943127258925015e-07,8.943127258925015e-07
log_survival,object,600.0,3.0,603.0,11629,0,1.9064275650266284e-06,0.0,1.9064275650266284e-06,1.9064275650266284e-06
log_survival,token,600.0,3.0,603.0,11629,0,1.34146826916722e-06,0.0,1.34146826916722e-06,1.3414682691672202e-06
log_survival,object,600.0,5.0,605.0,11629,0,3.1773744311981193e-06,0.0,3.1773744311981193e-06,3.1773744311981197e-06
log_survival,token,600.0,5.0,605.0,11629,0,2.2357777163826115e-06,0.0,2.2357777163826115e-06,2.2357777163826115e-06
log_survival,object,600.0,10.0,610.0,11629,0,6.354724643348379e-06,0.0,6.354724643348379e-06,6.354724643348379e-06
log_survival,token,600.0,10.0,610.0,11629,0,4.471541771710684e-06,0.0,4.471541771710684e-06,4.471541771710685e-06
log_survival,object,600.0,20.0,620.0,11629,0,1.2709352411838282e-05,0.0,1.2709352411838282e-05,1.2709352411838282e-05
log_survival,token,600.0,20.0,620.0,11629,0,8.943028899918443e-06,0.0,8.943028899918443e-06,8.943028899918443e-06
log_survival,object,600.0,30.0,630.0,11629,0,1.906388330804216e-05,0.0,1.906388330804216e-05,1.906388330804216e-05
log_survival,token,600.0,30.0,630.0,11629,0,1.3414461385810136e-05,0.0,1.3414461385810136e-05,1.3414461385810136e-05
log_survival,object,600.0,60.0,660.0,11629,0,3.812689478845009e-05,0.0,3.812689478845009e-05,3.812689478845009e-05
log_survival,token,600.0,60.0,660.0,11629,0,2.6828431001362985e-05,0.0,2.6828431001362985e-05,2.6828431001362985e-05
log_survival,object,600.0,120.0,720.0,11629,0,7.625030254218981e-05,0.0,7.625030254218981e-05,7.625030254218981e-05
log_survival,token,600.0,120.0,720.0,11629,0,5.365489504888432e-05,0.0,5.365489504888432e-05,5.365489504888431e-05
log_survival,object,600.0,180.0,780.0,11629,0,0.00011437022381272523,0.0,0.00011437022381272523,0.00011437022381272525
log_survival,token,600.0,180.0,780.0,11629,0,8.047939239698308e-05,0.0,8.047939239698308e-05,8.047939239698307e-05
log_survival,object,600.0,300.0,900.0,11629,0,0.0001905996091094666,0.0,0.0001905996091094666,0.0001905996091094666
log_survival,token,600.0,300.0,900.0,11629,0,0.00013412248801219123,0.0,0.00013412248801219123,0.00013412248801219123
log_survival,object,600.0,600.0,1200.0,11629,0,0.0003811120974737146,0.0,0.0003811120974737146,0.0003811120974737145
log_survival,token,600.0,600.0,1200.0,11629,0,0.0002681958276073516,0.0,0.0002681958276073516,0.00026819582760735156
log_survival,object,600.0,900.0,1500.0,11629,0,0.0005715375339289902,0.0,0.0005715375339289902,0.0005715375339289902
log_survival,token,600.0,900.0,1500.0,11629,0,0.0004022200505450351,0.0,0.0004022200505450351,0.0004022200505450351
log_survival,object,600.0,1200.0,1800.0,11629,0,0.000761875987228584,0.0,0.000761875987228584,0.0007618759872285841
log_survival,token,600.0,1200.0,1800.0,11629,0,0.000536195188552288,0.0,0.000536195188552288,0.0005361951885522881
log_survival,object,600.0,1800.0,2400.0,11629,0,0.003549240144503398,0.0,0.003549240144503398,0.003549240144503398
log_survival,token,600.0,1800.0,2400.0,11629,0,0.0014410837311223286,0.0,0.0014410837311223286,0.0014410837311223286
log_survival,object,600.0,2400.0,3000.0,11629,0,0.0061358318948922606,0.0,0.0061358318948922606,0.0061358318948922606
log_survival,token,600.0,2400.0,3000.0,11629,0,0.00230917193599738,0.0,0.00230917193599738,0.00230917193599738
log_survival,object,600.0,3600.0,4200.0,11629,142,0.01081763145514889,0.012210852179895149,-0.0013932207247462584,0.004657716348281759
log_survival,token,600.0,3600.0,4200.0,11629,142,0.003953164701520253,0.004688850875105066,-0.0007356861735848133,0.002804000335126824
log_survival,object,900.0,1.0,901.0,11629,0,6.354374925306158e-07,0.0,6.354374925306158e-07,6.354374925306158e-07
log_survival,token,900.0,1.0,901.0,11629,0,4.4713922090715995e-07,0.0,4.4713922090715995e-07,4.471392209071599e-07
log_survival,object,900.0,2.0,902.0,11629,0,1.2708740164601235e-06,0.0,1.2708740164601235e-06,1.2708740164601233e-06
log_survival,token,900.0,2.0,902.0,11629,0,8.942778954267632e-07,0.0,8.942778954267632e-07,8.942778954267631e-07
log_survival,object,900.0,3.0,903.0,11629,0,1.9063095717943083e-06,0.0,1.9063095717943083e-06,1.9063095717943083e-06
log_survival,token,900.0,3.0,903.0,11629,0,1.3414160235766363e-06,0.0,1.3414160235766363e-06,1.3414160235766365e-06
log_survival,object,900.0,5.0,905.0,11629,0,3.17717777668598e-06,0.0,3.17717777668598e-06,3.1771777766859803e-06
log_survival,token,900.0,5.0,905.0,11629,0,2.235690640737615e-06,0.0,2.235690640737615e-06,2.2356906407376153e-06
log_survival,object,900.0,10.0,910.0,11629,0,6.354331338664319e-06,0.0,6.354331338664319e-06,6.354331338664319e-06
log_survival,token,900.0,10.0,910.0,11629,0,4.471367622130379e-06,0.0,4.471367622130379e-06,4.471367622130379e-06
log_survival,object,900.0,20.0,920.0,11629,0,1.2708565819775081e-05,0.0,1.2708565819775081e-05,1.2708565819775083e-05
log_survival,token,900.0,20.0,920.0,11629,0,8.942680607454822e-06,0.0,8.942680607454822e-06,8.942680607454822e-06
log_survival,object,900.0,30.0,930.0,11629,0,1.9062703445886527e-05,0.0,1.9062703445886527e-05,1.9062703445886527e-05
log_survival,token,900.0,30.0,930.0,11629,0,1.3413938957148876e-05,0.0,1.3413938957148876e-05,1.3413938957148876e-05
log_survival,object,900.0,60.0,960.0,11629,0,3.812453521975272e-05,0.0,3.812453521975272e-05,3.812453521975272e-05
log_survival,token,900.0,60.0,960.0,11629,0,2.6827386204248095e-05,0.0,2.6827386204248095e-05,2.6827386204248095e-05
log_survival,object,900.0,120.0,1020.0,11629,0,7.624558402711962e-05,0.0,7.624558402711962e-05,7.62455840271196e-05
log_survival,token,900.0,120.0,1020.0,11629,0,5.365280569546038e-05,0.0,5.365280569546038e-05,5.365280569546039e-05
log_survival,object,900.0,180.0,1080.0,11629,0,0.0001143631469734015,0.0,0.0001143631469734015,0.0001143631469734015
log_survival,token,900.0,180.0,1080.0,11629,0,8.047625872797114e-05,0.0,8.047625872797114e-05,8.047625872797113e-05
log_survival,object,900.0,300.0,1200.0,11629,0,0.0001905878174872087,0.0,0.0001905878174872087,0.0001905878174872087
log_survival,token,900.0,300.0,1200.0,11629,0,0.0001341172664339027,0.0,0.0001341172664339027,0.00013411726643390267
log_survival,object,900.0,600.0,1500.0,11629,0,0.00038108852976789906,0.0,0.00038108852976789906,0.0003810885297678991
log_survival,token,900.0,600.0,1500.0,11629,0,0.0002681853904639834,0.0,0.0002681853904639834,0.00026818539046398346
log_survival,object,900.0,900.0,1800.0,11629,0,0.0005715022056545155,0.0,0.0005715022056545155,0.0005715022056545157
log_survival,token,900.0,900.0,1800.0,11629,0,0.00040220440384151505,0.0,0.00040220440384151505,0.000402204403841515
log_survival,object,900.0,1200.0,2100.0,11629,0,0.0019925006096922814,0.0,0.0019925006096922814,0.0019925006096922814
log_survival,token,900.0,1200.0,2100.0,11629,0,0.0008596533994751722,0.0,0.0008596533994751722,0.000859653399475172
log_survival,object,900.0,1800.0,2700.0,11629,0,0.004675857300386577,0.0,0.004675857300386577,0.004675857300386577
log_survival,token,900.0,1800.0,2700.0,11629,0,0.0017456371316920296,0.0,0.0017456371316920296,0.0017456371316920296
log_survival,object,900.0,2400.0,3300.0,11629,0,0.007173623777340545,0.0,0.007173623777340545,0.007173623777340547
log_survival,token,900.0,2400.0,3300.0,11629,0,0.0025973021512977427,0.0,0.0025973021512977427,0.0025973021512977427
log_survival,object,900.0,3600.0,4500.0,11629,142,0.011713265562188513,0.012210852179895149,-0.0004975866177066354,0.004128543504457302
log_survival,token,900.0,3600.0,4500.0,11629,142,0.004214327080125264,0.004688850875105066,-0.00047452379497980174,0.0027844020378064395
log_survival,object,1200.0,1.0,1201.0,11629,0,6.353981657012085e-07,0.0,6.353981657012085e-07,6.353981657012085e-07
log_survival,token,1200.0,1.0,1201.0,11629,0,4.47121806943824e-07,0.0,4.47121806943824e-07,4.4712180694382397e-07
log_survival,object,1200.0,2.0,1202.0,11629,0,1.2707953629661572e-06,0.0,1.2707953629661572e-06,1.2707953629661572e-06
log_survival,token,1200.0,2.0,1202.0,11629,0,8.942430675659478e-07,0.0,8.942430675659478e-07,8.942430675659479e-07
log_survival,object,1200.0,3.0,1203.0,11629,0,1.906191591808403e-06,0.0,1.906191591808403e-06,1.906191591808403e-06
log_survival,token,1200.0,3.0,1203.0,11629,0,1.3413637818750447e-06,0.0,1.3413637818750447e-06,1.341363781875045e-06
log_survival,object,1200.0,5.0,1205.0,11629,0,3.176981144232136e-06,0.0,3.176981144232136e-06,3.1769811442321366e-06
log_survival,token,1200.0,5.0,1205.0,11629,0,2.235603571570202e-06,0.0,2.235603571570202e-06,2.235603571570202e-06
log_survival,object,1200.0,10.0,1210.0,11629,0,6.353938078073718e-06,0.0,6.353938078073718e-06,6.353938078073718e-06
log_survival,token,1200.0,10.0,1210.0,11629,0,4.471193485461652e-06,0.0,4.471193485461652e-06,4.471193485461651e-06
log_survival,object,1200.0,20.0,1220.0,11629,0,1.2707779315874207e-05,0.0,1.2707779315874207e-05,1.2707779315874207e-05
log_survival,token,1200.0,20.0,1220.0,11629,0,8.94233234079132e-06,0.0,8.94233234079132e-06,8.942332340791318e-06
log_survival,object,1200.0,30.0,1230.0,11629,0,1.906152371596024e-05,0.0,1.906152371596024e-05,1.906152371596024e-05
log_survival,token,1200.0,30.0,1230.0,11629,0,1.3413416567181288e-05,0.0,1.3413416567181288e-05,1.3413416567181288e-05
log_survival,object,1200.0,60.0,1260.0,11629,0,3.81221759154618e-05,0.0,3.81221759154618e-05,3.81221759154618e-05
log_survival,token,1200.0,60.0,1260.0,11629,0,2.682634148449632e-05,0.0,2.682634148449632e-05,2.682634148449632e-05
log_survival,object,1200.0,120.0,1320.0,11629,0,7.624086604071676e-05,0.0,7.624086604071676e-05,7.624086604071676e-05
log_survival,token,1200.0,120.0,1320.0,11629,0,5.365071649671731e-05,0.0,5.365071649671731e-05,5.365071649671732e-05
log_survival,object,1200.0,180.0,1380.0,11629,0,0.00011435607092688087,0.0,0.00011435607092688087,0.00011435607092688087
log_survival,token,1200.0,180.0,1380.0,11629,0,8.047312529091367e-05,0.0,8.047312529091367e-05,8.047312529091367e-05
log_survival,object,1200.0,300.0,1500.0,11629,0,0.00019057602718570283,0.0,0.00019057602718570283,0.00019057602718570283
log_survival,token,1200.0,300.0,1500.0,11629,0,0.00013411204524203454,0.0,0.00013411204524203454,0.00013411204524203454
log_survival,object,1200.0,600.0,1800.0,11629,0,0.00038106496470055324,0.0,0.00038106496470055324,0.0003810649647005533
log_survival,token,1200.0,600.0,1800.0,11629,0,0.0002681749540925215,0.0,0.0002681749540925215,0.0002681749540925215
log_survival,object,1200.0,900.0,2100.0,11629,0,0.0018022451570849068,0.0,0.0018022451570849068,0.0018022451570849063
log_survival,token,1200.0,900.0,2100.0,11629,0,0.0007256966634603282,0.0,0.0007256966634603282,0.0007256966634603282
log_survival,object,1200.0,1200.0,2400.0,11629,0,0.0031691528295706532,0.0,0.0031691528295706532,0.0031691528295706532
log_survival,token,1200.0,1200.0,2400.0,11629,0,0.0011733536560017323,0.0,0.0011733536560017323,0.0011733536560017323
log_survival,object,1200.0,1800.0,3000.0,11629,0,0.0057564558783368466,0.0,0.0057564558783368466,0.005756455878336846
log_survival,token,1200.0,1800.0,3000.0,11629,0,0.0020417296000046613,0.0,0.0020417296000046613,0.0020417296000046613
log_survival,object,1200.0,2400.0,3600.0,11629,142,0.008171962411874368,0.012210852179895149,-0.004038889768020781,0.00593100852184115
log_survival,token,1200.0,2400.0,3600.0,11629,142,0.0028780526856380423,0.004688850875105066,-0.0018107981894670238,0.0030119224973623637
log_survival,object,1200.0,3600.0,4800.0,11629,142,0.012579414050885827,0.012210852179895149,0.0003685618709906788,0.0036255771641950396
log_survival,token,1200.0,3600.0,4800.0,11629,142,0.004469777080754399,0.004688850875105066,-0.00021907379435066703,0.0030289598693486854
log_survival,object,1800.0,1.0,1801.0,11629,0,4.833598602947262e-06,0.0,4.833598602947262e-06,4.833598602947262e-06
log_survival,token,1800.0,1.0,1801.0,11629,0,1.5427492369141107e-06,0.0,1.5427492369141107e-06,1.5427492369141105e-06
log_survival,object,1800.0,2.0,1802.0,11629,0,9.666543634717878e-06,0.0,9.666543634717878e-06,9.666543634717878e-06
log_survival,token,1800.0,2.0,1802.0,11629,0,3.085380675074433e-06,0.0,3.085380675074433e-06,3.0853806750744326e-06
log_survival,object,1800.0,3.0,1803.0,11629,0,1.4498835274029983e-05,0.0,1.4498835274029983e-05,1.4498835274029983e-05
log_survival,token,1800.0,3.0,1803.0,11629,0,4.627894343392693e-06,0.0,4.627894343392693e-06,4.627894343392692e-06
log_survival,object,1800.0,5.0,1805.0,11629,0,2.416145908975033e-05,0.0,2.416145908975033e-05,2.416145908975033e-05
log_survival,token,1800.0,5.0,1805.0,11629,0,7.712568485955621e-06,0.0,7.712568485955621e-06,7.712568485955623e-06
log_survival,object,1800.0,10.0,1810.0,11629,0,4.8306596758291106e-05,0.0,4.8306596758291106e-05,4.83065967582911e-05
log_survival,token,1800.0,10.0,1810.0,11629,0,1.5422194889855934e-05,0.0,1.5422194889855934e-05,1.542219488985593e-05
log_survival,object,1800.0,20.0,1820.0,11629,0,9.654799696645788e-05,0.0,9.654799696645788e-05,9.654799696645788e-05
log_survival,token,1800.0,20.0,1820.0,11629,0,3.083263585871409e-05,0.0,3.083263585871409e-05,3.083263585871409e-05
log_survival,object,1800.0,30.0,1830.0,11629,0,0.00014472437852808905,0.0,0.00014472437852808905,0.00014472437852808902
log_survival,token,1800.0,30.0,1830.0,11629,0,4.623135166451442e-05,0.0,4.623135166451442e-05,4.623135166451442e-05
log_survival,object,1800.0,60.0,1860.0,11629,0,0.00028886518162547087,0.0,0.00028886518162547087,0.00028886518162547087
log_survival,token,1800.0,60.0,1860.0,11629,0,9.235743433335407e-05,0.0,9.235743433335407e-05,9.235743433335407e-05
log_survival,object,1800.0,120.0,1920.0,11629,0,0.0005754150402624913,0.0,0.0005754150402624913,0.0005754150402624912
log_survival,token,1800.0,120.0,1920.0,11629,0,0.00018429686229507424,0.0,0.00018429686229507424,0.00018429686229507424
log_survival,object,1800.0,180.0,1980.0,11629,0,0.0008596870702513249,0.0,0.0008596870702513249,0.000859687070251325
log_survival,token,1800.0,180.0,1980.0,11629,0,0.00027582435161384316,0.0,0.00027582435161384316,0.0002758243516138431
log_survival,object,1800.0,300.0,2100.0,11629,0,0.0014215439874227984,0.0,0.0014215439874227984,0.0014215439874227984
log_survival,token,1800.0,300.0,2100.0,11629,0,0.00045766722398733804,0.0,0.00045766722398733804,0.0004576672239873381
log_survival,object,1800.0,600.0,2400.0,11629,0,0.002788812154097115,0.0,0.002788812154097115,0.002788812154097115
log_survival,token,1800.0,600.0,2400.0,11629,0,0.0009054690934545995,0.0,0.0009054690934545995,0.0009054690934545996
log_survival,object,1800.0,900.0,2700.0,11629,0,0.004105977295205532,0.0,0.004105977295205532,0.00410597729520553
log_survival,token,1800.0,900.0,2700.0,11629,0,0.0013440845932095756,0.0,0.0013440845932095756,0.0013440845932095756
log_survival,object,1800.0,1200.0,3000.0,11629,0,0.005376827080779726,0.0,0.005376827080779726,0.005376827080779726
log_survival,token,1800.0,1200.0,3000.0,11629,0,0.001774133008166546,0.0,0.001774133008166546,0.001774133008166546
log_survival,object,1800.0,1800.0,3600.0,11629,142,0.007793034500928798,0.012210852179895149,-0.00441781767896635,0.006078845110607063
log_survival,token,1800.0,1800.0,3600.0,11629,142,0.002610741877896205,0.004688850875105066,-0.002078108997208861,0.0030709301059770305
log_survival,object,1800.0,2400.0,4200.0,11629,142,0.010061409434187225,0.012210852179895149,-0.002149442745707924,0.00467408298246335
log_survival,token,1800.0,2400.0,4200.0,11629,142,0.003419264472095528,0.004688850875105066,-0.0012695864030095381,0.0027832986680869387
log_survival,object,1800.0,3600.0,5400.0,11629,142,0.014230984183108286,0.012210852179895149,0.0020201320032131372,0.002865873371119541
log_survival,token,1800.0,3600.0,5400.0,11629,142,0.004964853961753403,0.004688850875105066,0.00027600308664833643,0.0034751965028026873
log_survival,object,2400.0,1.0,2401.0,11629,0,4.816012460311344e-06,0.0,4.816012460311344e-06,4.816012460311343e-06
log_survival,token,2400.0,1.0,2401.0,11629,0,1.5398529294482751e-06,0.0,1.5398529294482751e-06,1.539852929448275e-06
log_survival,object,2400.0,2.0,2402.0,11629,0,9.631379154745745e-06,0.0,9.631379154745745e-06,9.631379154745747e-06
log_survival,token,2400.0,2.0,2402.0,11629,0,3.0795893477237483e-06,0.0,3.0795893477237483e-06,3.079589347723748e-06
log_survival,object,2400.0,3.0,2403.0,11629,0,1.4446100258705269e-05,0.0,1.4446100258705269e-05,1.4446100258705267e-05
log_survival,token,2400.0,3.0,2403.0,11629,0,4.619209283151558e-06,0.0,4.619209283151558e-06,4.6192092831515576e-06
log_survival,object,2400.0,5.0,2405.0,11629,0,2.4073606396508238e-05,0.0,2.4073606396508238e-05,2.4073606396508234e-05
log_survival,token,2400.0,5.0,2405.0,11629,0,7.698099818704183e-06,0.0,7.698099818704183e-06,7.698099818704183e-06
log_survival,object,2400.0,10.0,2410.0,11629,0,4.81310861746255e-05,0.0,4.81310861746255e-05,4.81310861746255e-05
log_survival,token,2400.0,10.0,2410.0,11629,0,1.5393289688665244e-05,0.0,1.5393289688665244e-05,1.5393289688665244e-05
log_survival,object,2400.0,20.0,2420.0,11629,0,9.619775336796285e-05,0.0,9.619775336796285e-05,9.619775336796286e-05
log_survival,token,2400.0,20.0,2420.0,11629,0,3.077495371206527e-05,0.0,3.077495371206527e-05,3.077495371206527e-05
log_survival,object,2400.0,30.0,2430.0,11629,0,0.00014420017620751313,0.0,0.00014420017620751313,0.0001442001762075132
log_survival,token,2400.0,30.0,2430.0,11629,0,4.614502027468411e-05,0.0,4.614502027468411e-05,4.6145020274684126e-05
log_survival,object,2400.0,60.0,2460.0,11629,0,0.0002878237163427492,0.0,0.0002878237163427492,0.00028782371634274926
log_survival,token,2400.0,60.0,2460.0,11629,0,9.218591592919085e-05,0.0,9.218591592919085e-05,9.218591592919084e-05
log_survival,object,2400.0,120.0,2520.0,11629,0,0.000573359518903257,0.0,0.000573359518903257,0.000573359518903257
log_survival,token,2400.0,120.0,2520.0,11629,0,0.00018395834417891715,0.0,0.00018395834417891715,0.00018395834417891715
log_survival,object,2400.0,180.0,2580.0,11629,0,0.000856644216556507,0.0,0.000856644216556507,0.000856644216556507
log_survival,token,2400.0,180.0,2580.0,11629,0,0.00027532323674786877,0.0,0.00027532323674786877,0.0002753232367478687
log_survival,object,2400.0,300.0,2700.0,11629,0,0.001416603984334925,0.0,0.001416603984334925,0.001416603984334925
log_survival,token,2400.0,300.0,2700.0,11629,0,0.0004568536763563195,0.0,0.0004568536763563195,0.0004568536763563195
log_survival,object,2400.0,600.0,3000.0,11629,0,0.002779552178550268,0.0,0.002779552178550268,0.0027795521785502677
log_survival,token,2400.0,600.0,3000.0,11629,0,0.0009039439676300108,0.0,0.0009039439676300108,0.0009039439676300108
log_survival,object,2400.0,900.0,3300.0,11629,0,0.004092943709561351,0.0,0.004092943709561351,0.0040929437095613514
log_survival,token,2400.0,900.0,3300.0,11629,0,0.001341937455901329,0.0,0.001341937455901329,0.001341937455901329
log_survival,object,2400.0,1200.0,3600.0,11629,142,0.00536050139237579,0.012210852179895149,-0.006850350787519359,0.00767179972652848
log_survival,token,2400.0,1200.0,3600.0,11629,142,0.0017714425346375949,0.004688850875105066,-0.0029174083404674713,0.0035350636562795222
log_survival,object,2400.0,1800.0,4200.0,11629,142,0.007771347535365302,0.012210852179895149,-0.0044395046445298465,0.0061003338263051045
log_survival,token,2400.0,1800.0,4200.0,11629,142,0.0026071636656261853,0.004688850875105066,-0.002081687209478881,0.003074420292735813
log_survival,object,2400.0,2400.0,4800.0,11629,142,0.010035685803854022,0.012210852179895149,-0.0021751663760411263,0.004699525338966884
log_survival,token,2400.0,2400.0,4800.0,11629,142,0.003415012764048405,0.004688850875105066,-0.001273838111056661,0.002787433133042616
log_survival,object,2400.0,3600.0,6000.0,11629,142,0.014200048178059893,0.012210852179895149,0.0019891959981647445,0.0028958626654201807
log_survival,token,2400.0,3600.0,6000.0,11629,142,0.004959713695096729,0.004688850875105066,0.00027086281999166243,0.003470082908963838
log_survival,object,3600.0,1.0,3601.0,11311,0,4.212234486234739e-06,0.0,4.212234486234739e-06,4.212234486234739e-06
log_survival,token,3600.0,1.0,3601.0,11311,0,1.4300826079410494e-06,0.0,1.4300826079410494e-06,1.4300826079410496e-06
log_survival,object,3600.0,2.0,3602.0,11311,0,8.423879629390932e-06,0.0,8.423879629390932e-06,8.42387962939093e-06
log_survival,token,3600.0,2.0,3602.0,11311,0,2.8600589279797415e-06,0.0,2.8600589279797415e-06,2.8600589279797424e-06
log_survival,object,3600.0,3.0,3603.0,11311,0,1.2634935597285563e-05,0.0,1.2634935597285563e-05,1.2634935597285563e-05
log_survival,token,3600.0,3.0,3603.0,11311,0,4.2899289869803256e-06,0.0,4.2899289869803256e-06,4.289928986980326e-06
log_survival,object,3600.0,5.0,3605.0,11311,0,2.105528067831009e-05,0.0,2.105528067831009e-05,2.1055280678310086e-05
log_survival,token,3600.0,5.0,3605.0,11311,0,7.149350429309049e-06,0.0,7.149350429309049e-06,7.14935042930905e-06
log_survival,object,3600.0,10.0,3610.0,11311,0,4.209584455065915e-05,0.0,4.209584455065915e-05,4.209584455065915e-05
log_survival,token,3600.0,10.0,3610.0,11311,0,1.4296046346096601e-05,0.0,1.4296046346096601e-05,1.4296046346096604e-05
log_survival,object,3600.0,20.0,3620.0,11311,0,8.413290558739881e-05,0.0,8.413290558739881e-05,8.413290558739881e-05
log_survival,token,3600.0,20.0,3620.0,11311,0,2.8581488045274417e-05,0.0,2.8581488045274417e-05,2.8581488045274417e-05
log_survival,object,3600.0,30.0,3630.0,11311,0,0.00012611135018452988,0.0,0.00012611135018452988,0.00012611135018452988
log_survival,token,3600.0,30.0,3630.0,11311,0,4.2856351851335744e-05,0.0,4.2856351851335744e-05,4.2856351851335744e-05
log_survival,object,3600.0,60.0,3660.0,11311,0,0.00025169664782195134,0.0,0.00025169664782195134,0.00025169664782195134
log_survival,token,3600.0,60.0,3660.0,11311,0,8.56177421939115e-05,0.0,8.56177421939115e-05,8.561774219391152e-05
log_survival,object,3600.0,120.0,3720.0,11311,0,0.0005013069076368654,0.0,0.0005013069076368654,0.0005013069076368654
log_survival,token,3600.0,120.0,3720.0,11311,0,0.00017085849405294232,0.0,0.00017085849405294232,0.00017085849405294232
log_survival,object,3600.0,180.0,3780.0,11311,0,0.0007488659862882988,0.0,0.0007488659862882988,0.0007488659862882988
log_survival,token,3600.0,180.0,3780.0,11311,0,0.0002557279004700237,0.0,0.0002557279004700237,0.0002557279004700237
log_survival,object,3600.0,300.0,3900.0,11311,0,0.001237967993779051,0.0,0.001237967993779051,0.0012379679937790508
log_survival,token,3600.0,300.0,3900.0,11311,0,0.00042437473432535984,0.0,0.00042437473432535984,0.00042437473432535984
log_survival,object,3600.0,600.0,4200.0,11311,0,0.0024271626179887956,0.0,0.0024271626179887956,0.0024271626179887956
log_survival,token,3600.0,600.0,4200.0,11311,0,0.0008398687538220277,0.0,0.0008398687538220277,0.0008398687538220277
log_survival,object,3600.0,900.0,4500.0,11311,0,0.0035714989146134394,0.0,0.0035714989146134394,0.0035714989146134394
log_survival,token,3600.0,900.0,4500.0,11311,0,0.0012471136664313153,0.0,0.0012471136664313153,0.0012471136664313157
log_survival,object,3600.0,1200.0,4800.0,11311,0,0.0046745276838182975,0.0,0.0046745276838182975,0.004674527683818298
log_survival,token,3600.0,1200.0,4800.0,11311,0,0.0016466854281977192,0.0,0.0016466854281977192,0.0016466854281977192
log_survival,object,3600.0,1800.0,5400.0,11311,0,0.0067692599550814485,0.0,0.0067692599550814485,0.006769259955081448
log_survival,token,3600.0,1800.0,5400.0,11311,0,0.0024248670318268322,0.0,0.0024248670318268322,0.0024248670318268322
log_survival,object,3600.0,2400.0,6000.0,11311,0,0.008733776352809754,0.0,0.008733776352809754,0.008733776352809752
log_survival,token,3600.0,2400.0,6000.0,11311,0,0.0031781006326102737,0.0,0.0031781006326102737,0.0031781006326102737
log_survival,object,3600.0,3600.0,7200.0,11311,0,0.012343274133971186,0.0,0.012343274133971186,0.012343274133971186
log_survival,token,3600.0,3600.0,7200.0,11311,0,0.004621595501888365,0.0,0.004621595501888365,0.004621595501888365
linear_survival,object,0.0,1.0,1.0,23786,1,0.006695531785599077,4.204153703857294e-05,0.006653490248560504,0.006653490248560484
linear_survival,token,0.0,1.0,1.0,23786,1,0.004833736512042486,7.938932766848872e-06,0.004825797579275637,0.004825797579275619
linear_survival,object,0.0,2.0,2.0,23786,231,0.01339106370860871,0.009711595055915234,0.0036794686526934756,0.007579352579602213
linear_survival,token,0.0,2.0,2.0,23786,231,0.009667473359692265,0.008121167359919745,0.0015463059997725195,0.008658692889941649
linear_survival,object,0.0,3.0,3.0,23786,2205,0.07833168589987437,0.09312654326840197,-0.014794857368527606,0.031378073206453444
linear_survival,token,0.0,3.0,3.0,23786,2205,0.06511785491116272,0.08305948758401405,-0.01794163267285133,0.02649733334827406
linear_survival,object,0.0,5.0,5.0,23786,5341,0.20821293031763613,0.22564390780455057,-0.01743097748691444,0.04326102652206569
linear_survival,token,0.0,5.0,5.0,23786,5341,0.17601861769032487,0.20693093745854563,-0.03091231976822076,0.05043727412800436
linear_survival,object,0.0,10.0,10.0,23786,8969,0.35743118764589216,0.37934820281780257,-0.021917015171910414,0.051909507658495245
linear_survival,token,0.0,10.0,10.0,23786,8969,0.3375626458536763,0.3628365665246679,-0.0252739206709916,0.052935760151065575
linear_survival,object,0.0,20.0,20.0,23786,10939,0.4592934075937022,0.4630719383640034,-0.003778530770301214,0.047485592233625744
linear_survival,token,0.0,20.0,20.0,23786,10939,0.4512829780995514,0.45389758664441904,-0.0026146085448676137,0.04101292235866683
linear_survival,object,0.0,30.0,30.0,23786,11530,0.46621998353502053,0.48826863189205594,-0.022048648357035405,0.04753277543772889
linear_survival,token,0.0,30.0,30.0,23786,11530,0.4583547013099183,0.4885601664085818,-0.03020546509866351,0.05393855370627168
linear_survival,object,0.0,60.0,60.0,23786,11724,0.48699971137625825,0.496629356575907,-0.009629645199648762,0.045421177890618884
linear_survival,token,0.0,60.0,60.0,23786,11724,0.4795698709911282,0.49948663371262847,-0.01991676272150028,0.043452737537426615
linear_survival,object,0.0,120.0,120.0,23786,11724,0.4871525040563342,0.496629356575907,-0.00947685251957281,0.04521737285507148
linear_survival,token,0.0,120.0,120.0,23786,11724,0.47967865837457474,0.49948663371262847,-0.01980797533805373,0.04349480890603357
linear_survival,object,0.0,180.0,180.0,23786,11724,0.48730529670557093,0.496629356575907,-0.009324059870336077,0.045013634959217466
linear_survival,token,0.0,180.0,180.0,23786,11724,0.4797874458431298,0.49948663371262847,-0.019699187869498647,0.04358376006308928
linear_survival,object,0.0,300.0,300.0,23786,11724,0.4874023220474245,0.496629356575907,-0.009227034528482503,0.044735673900606385
linear_survival,token,0.0,300.0,300.0,23786,11724,0.47985238753531223,0.49948663371262847,-0.01963424617731624,0.04338400653630058
linear_survival,object,0.0,600.0,600.0,23786,11724,0.4876448853976961,0.496629356575907,-0.008984471178210884,0.04501909268469279
linear_survival,token,0.0,600.0,600.0,23786,11724,0.48001474186404897,0.49948663371262847,-0.019471891848579503,0.04353281640524544
linear_survival,object,0.0,900.0,900.0,23786,11724,0.48774270397258657,0.496629356575907,-0.008886652603320444,0.04474281920361617
linear_survival,token,0.0,900.0,900.0,23786,11724,0.4800829943415703,0.49948663371262847,-0.019403639371058157,0.04371663319538878
linear_survival,object,0.0,1200.0,1200.0,23786,11724,0.48784052254747684,0.496629356575907,-0.00878883402843017,0.04438311166185354
linear_survival,token,0.0,1200.0,1200.0,23786,11724,0.48015124681909166,0.49948663371262847,-0.01933538689353681,0.04367691683758219
linear_survival,object,0.0,1800.0,1800.0,23786,11724,0.4880361596971355,0.496629356575907,-0.008593196878771525,0.04459372084869346
linear_survival,token,0.0,1800.0,1800.0,23786,11724,0.4802877517978112,0.49948663371262847,-0.01919888191481728,0.04418673514047376
linear_survival,object,0.0,2400.0,2400.0,23786,11724,0.4895755319842373,0.496629356575907,-0.0070538245916696996,0.04547519768491074
linear_survival,token,0.0,2400.0,2400.0,23786,11724,0.48077873652029285,0.49948663371262847,-0.01870789719233562,0.04267292533058424
linear_survival,object,0.0,3600.0,3600.0,23786,11866,0.49265427655844124,0.5027759410944572,-0.010121664536015984,0.05133924975121007
linear_survival,token,0.0,3600.0,3600.0,23786,11866,0.4817607059652562,0.5018334662481468,-0.020072760282890623,0.04251141992550188
linear_survival,object,1.0,1.0,2.0,23785,230,0.006987583949924217,0.009669960058860783,-0.0026823761089365657,0.004898053161354331
linear_survival,token,1.0,1.0,2.0,23785,230,0.0049104414900843696,0.008113292838039188,-0.0032028513479548182,0.005881597943032919
linear_survival,object,1.0,2.0,3.0,23785,2204,0.07238620996690852,0.09308841531142342,-0.020702205344514904,0.03167203183120454
linear_survival,token,1.0,2.0,3.0,23785,2204,0.06064617912316394,0.08305220799714308,-0.02240602887397914,0.03198518591502964
linear_survival,object,1.0,3.0,4.0,23785,3803,0.13778483598389282,0.16065989958135607,-0.022875063597463247,0.04201423142229836
linear_survival,token,1.0,3.0,4.0,23785,3803,0.1163819167562435,0.15295576737793903,-0.03657385062169553,0.044186410506651425
linear_survival,object,1.0,5.0,6.0,23785,6571,0.23324704204056457,0.2776617090315321,-0.04441466699096752,0.05837317627399004
linear_survival,token,1.0,5.0,6.0,23785,6571,0.2046000473225116,0.25451336307520667,-0.04991331575269506,0.0627561599446405
linear_survival,object,1.0,10.0,11.0,23785,9167,0.36375010084722226,0.38777392876474204,-0.02402382791751978,0.04878230396192683
linear_survival,token,1.0,10.0,11.0,23785,9167,0.345957418468133,0.37791367457351954,-0.03195625610538655,0.05569035620314113
linear_survival,object,1.0,20.0,21.0,23785,11059,0.45668495356529254,0.46819925529912765,-0.011514301733835108,0.05106245588547438
linear_survival,token,1.0,20.0,21.0,23785,11059,0.4495178920657118,0.4616451100382817,-0.012127217972569881,0.042981981252815285
linear_survival,object,1.0,30.0,31.0,23785,11529,0.4636469826657969,0.4882471170142699,-0.024600134348473024,0.0487461655960392
linear_survival,token,1.0,30.0,31.0,23785,11529,0.4566208280934346,0.4885561060898953,-0.031935277996460676,0.052368931685769685
linear_survival,object,1.0,60.0,61.0,23785,11723,0.4838394369352294,0.496608193210616,-0.012768756275386595,0.045715888713360554
linear_survival,token,1.0,60.0,61.0,23785,11723,0.4772211687360776,0.4994826601391199,-0.02226149140304229,0.045687582040999986
linear_survival,object,1.0,120.0,121.0,23785,11723,0.4839936285680689,0.496608193210616,-0.012614564642547121,0.04542664420543224
linear_survival,token,1.0,120.0,121.0,23785,11723,0.47733073544037613,0.4994826601391199,-0.022151924698743775,0.04560263691712135
linear_survival,object,1.0,180.0,181.0,23785,11723,0.4841460666810436,0.496608193210616,-0.012462126529572404,0.04564434281627914
linear_survival,token,1.0,180.0,181.0,23785,11723,0.4774390212945274,0.4994826601391199,-0.022043638844592484,0.04479379056013566
linear_survival,object,1.0,300.0,301.0,23785,11723,0.48424403122005527,0.496608193210616,-0.01236416199056073,0.045624471253104225
linear_survival,token,1.0,300.0,301.0,23785,11723,0.47750444241024537,0.4994826601391199,-0.02197821772887454,0.04470939600611763
linear_survival,object,1.0,600.0,601.0,23785,11723,0.48448845508009,0.496608193210616,-0.012119738130526025,0.045748555480568616
linear_survival,token,1.0,600.0,601.0,23785,11723,0.47766767922218034,0.4994826601391199,-0.021814980916939564,0.04481367495281143
linear_survival,object,1.0,900.0,901.0,23785,11723,0.4845871213592164,0.496608193210616,-0.012021071851399612,0.045384606967402326
linear_survival,token,1.0,900.0,901.0,23785,11723,0.4777364092460826,0.4994826601391199,-0.021746250893037278,0.044618444244347764
linear_survival,object,1.0,1200.0,1201.0,23785,11723,0.4846857876383429,0.496608193210616,-0.011922405572273087,0.04536105896529782
linear_survival,token,1.0,1200.0,1201.0,23785,11723,0.477805139269985,0.4994826601391199,-0.02167752086913488,0.04457700337468085
linear_survival,object,1.0,1800.0,1801.0,23785,11723,0.48488544033447784,0.496608193210616,-0.011722752876138165,0.0452342739812211
linear_survival,token,1.0,1800.0,1801.0,23785,11723,0.4779432082951496,0.4994826601391199,-0.021539451843970325,0.04462578206645833
linear_survival,object,1.0,2400.0,2401.0,23785,11723,0.48647485552309694,0.496608193210616,-0.010133337687519062,0.04700091555983323
linear_survival,token,1.0,2400.0,2401.0,23785,11723,0.47844604034706417,0.4994826601391199,-0.021036619792055733,0.043800905319944586
linear_survival,object,1.0,3600.0,3601.0,23785,11865,0.4896536859003351,0.5027550361518914,-0.013101350251556343,0.04899946140875955
linear_survival,token,1.0,3600.0,3601.0,23785,11865,0.4794517044508935,0.5018295113061318,-0.022377806855238325,0.04476512350518632
linear_survival,object,2.0,1.0,3.0,23494,1974,0.06580552521698689,0.08423298485171815,-0.01842745963473126,0.02839662929869456
linear_survival,token,2.0,1.0,3.0,23494,1974,0.05583771342927616,0.07555188976523597,-0.01971417633595981,0.027722109819111423
linear_survival,object,2.0,2.0,4.0,23494,3573,0.13161105043397375,0.1524642628547046,-0.02085321242073085,0.04145660591482303
linear_survival,token,2.0,2.0,4.0,23494,3573,0.11167542685855232,0.14602723627008873,-0.03435180941153641,0.04201408717516421
linear_survival,object,2.0,3.0,5.0,23494,5110,0.19741657566576623,0.21804992532536827,-0.020633349659602035,0.04504592226981219
linear_survival,token,2.0,3.0,5.0,23494,5110,0.16751313996564965,0.20043755704459953,-0.032924417078949886,0.051307675749648896
linear_survival,object,2.0,5.0,7.0,23494,7141,0.2579464629243354,0.3047723662273858,-0.04682590330305042,0.06339563584860526
linear_survival,token,2.0,5.0,7.0,23494,7141,0.2326863753925769,0.2877158659032041,-0.055029490510627194,0.06490461789428488
linear_survival,object,2.0,10.0,12.0,23494,9472,0.3693943155184744,0.40475116589400895,-0.03535685037553454,0.048790463218174665
linear_survival,token,2.0,10.0,12.0,23494,9472,0.3534249995933827,0.3952714513743111,-0.041846451780928384,0.060676920642453155
linear_survival,object,2.0,20.0,22.0,23494,10942,0.45340995765224296,0.46786291341914665,-0.014452955766903697,0.0476484676766583
linear_survival,token,2.0,20.0,22.0,23494,10942,0.44676669493790855,0.465465097682372,-0.018698402744463438,0.04852274494279062
linear_survival,object,2.0,30.0,32.0,23494,11365,0.4604277324409015,0.48610609449997666,-0.025678362059075144,0.050592735722413684
linear_survival,token,2.0,30.0,32.0,23494,11365,0.4538997577514122,0.48823190324309185,-0.03433214549167962,0.0541056669024634
linear_survival,object,2.0,60.0,62.0,23494,11493,0.48008269513375923,0.49169288369834574,-0.01161018856458651,0.04405667397834069
linear_survival,token,2.0,60.0,62.0,23494,11493,0.4738760065832383,0.495388600082173,-0.021512593498934696,0.047741096120800304
linear_survival,object,2.0,120.0,122.0,23494,11493,0.48023849326412577,0.49169288369834574,-0.011454390434219974,0.043948920359881634
linear_survival,token,2.0,120.0,122.0,23494,11493,0.473986193866849,0.495388600082173,-0.02140240621532402,0.047594769702928766
linear_survival,object,2.0,180.0,182.0,23494,11493,0.4803907490867457,0.49169288369834574,-0.011302134611600012,0.043908403575591316
linear_survival,token,2.0,180.0,182.0,23494,11493,0.47409380501598397,0.495388600082173,-0.02129479506618903,0.047271923173501464
linear_survival,object,2.0,300.0,302.0,23494,11493,0.48048980918676626,0.49169288369834574,-0.01120307451157948,0.04374743581527045
linear_survival,token,2.0,300.0,302.0,23494,11493,0.4741596067145189,0.495388600082173,-0.021228993367654103,0.04734633806957517
linear_survival,object,2.0,600.0,602.0,23494,11493,0.48073647271972136,0.49169288369834574,-0.010956410978624376,0.04363510666849439
linear_survival,token,2.0,600.0,602.0,23494,11493,0.474323475038093,0.495388600082173,-0.02106512504407998,0.04690222062896555
linear_survival,object,2.0,900.0,902.0,23494,11493,0.48083611596229625,0.49169288369834574,-0.010856767736049489,0.04359108061225469
linear_survival,token,2.0,900.0,902.0,23494,11493,0.47439257695383447,0.495388600082173,-0.020996023128338537,0.046774028831050495
linear_survival,object,2.0,1200.0,1202.0,23494,11493,0.4809357592048712,0.49169288369834574,-0.010757124493474546,0.04346166746367119
linear_survival,token,2.0,1200.0,1202.0,23494,11493,0.474461678869576,0.495388600082173,-0.020926921212596983,0.046497487124772106
linear_survival,object,2.0,1800.0,1802.0,23494,11493,0.48113962354296413,0.49169288369834574,-0.010553260155381605,0.04360336213031995
linear_survival,token,2.0,1800.0,1802.0,23494,11493,0.47460110274540895,0.495388600082173,-0.02078749733676405,0.046470367115795
linear_survival,object,2.0,2400.0,2402.0,23494,11493,0.48271226718798144,0.49169288369834574,-0.008980616510364303,0.04516203705986609
linear_survival,token,2.0,2400.0,2402.0,23494,11493,0.4751053137666725,0.495388600082173,-0.020283286315500526,0.046796305646082066
linear_survival,object,2.0,3600.0,3602.0,23494,11635,0.4858575544780161,0.49789974675749415,-0.012042192279478059,0.0492030815488849
linear_survival,token,2.0,3600.0,3602.0,23494,11635,0.4761137358091996,0.49775464768626576,-0.021640911877066182,0.04406499647201209
linear_survival,object,3.0,1.0,4.0,21461,1599,0.06918557780121624,0.07450724570150491,-0.005321667900288665,0.038450430118644165
linear_survival,token,3.0,1.0,4.0,21461,1599,0.057693675467230296,0.0762350484841765,-0.018541373016946208,0.027535554139968353
linear_survival,object,3.0,2.0,5.0,21461,3136,0.1383711555829835,0.14612553003121964,-0.007754374448236151,0.04066953099957635
linear_survival,token,3.0,2.0,5.0,21461,3136,0.11538735054244073,0.13509213323790425,-0.019704782695463524,0.0462024960841733
linear_survival,object,3.0,3.0,6.0,21461,4367,0.17077060507137462,0.20351850923096315,-0.03274790415958853,0.045213754804755014
linear_survival,token,3.0,3.0,6.0,21461,4367,0.1499092633173659,0.18699118594696384,-0.037081922629597946,0.051885619788752
linear_survival,object,3.0,5.0,8.0,21461,5868,0.2355695040481569,0.27365321032053913,-0.03808370627238222,0.05418450740119934
linear_survival,token,3.0,5.0,8.0,21461,5868,0.2189530888672162,0.2703686963064772,-0.05141560743926099,0.06796497253104951
linear_survival,object,3.0,10.0,13.0,21461,7702,0.33373230859137865,0.3595578394235408,-0.025825530832162158,0.036211813580241344
linear_survival,token,3.0,10.0,13.0,21461,7702,0.3247428110865617,0.35262975583669,-0.027886944750128262,0.04367887662014848
linear_survival,object,3.0,20.0,23.0,21461,9009,0.4138368153328401,0.4208412796602453,-0.007004464327405202,0.03749405811045109
linear_survival,token,3.0,20.0,23.0,21461,9009,0.41276226348040895,0.4251707875664432,-0.012408524086034267,0.03943878757989516
linear_survival,object,3.0,30.0,33.0,21461,9404,0.4213547936982531,0.4394519940241898,-0.018097200325936647,0.03931407814690476
linear_survival,token,3.0,30.0,33.0,21461,9404,0.42035902302148087,0.4482348691857436,-0.027875846164262752,0.04795236710096247
linear_survival,object,3.0,60.0,63.0,21461,9519,0.4416617515608274,0.44493838728254653,-0.0032766357217191566,0.037988793438308195
linear_survival,token,3.0,60.0,63.0,21461,9519,0.4408761410442706,0.4541484867228722,-0.013272345678601638,0.03705959651395484
linear_survival,object,3.0,120.0,123.0,21461,9519,0.44183007688002557,0.44493838728254653,-0.003108310402520964,0.037884363591132134
linear_survival,token,3.0,120.0,123.0,21461,9519,0.4409934850545701,0.4541484867228722,-0.013155001668302135,0.03578960309195079
linear_survival,object,3.0,180.0,183.0,21461,9519,0.4419926593208475,0.44493838728254653,-0.0029457279616990073,0.037872821121913945
linear_survival,token,3.0,180.0,183.0,21461,9519,0.44110671418426545,0.4541484867228722,-0.013041772538606777,0.03541145544028934
linear_survival,object,3.0,300.0,303.0,21461,9519,0.4420995964416743,0.44493838728254653,-0.0028387908408722407,0.03767991587751768
linear_survival,token,3.0,300.0,303.0,21461,9519,0.4411768032526112,0.4541484867228722,-0.012971683470261008,0.03520589564149722
linear_survival,object,3.0,600.0,603.0,21461,9519,0.44236534142084494,0.44493838728254653,-0.002573045861701595,0.03766508451611385
linear_survival,token,3.0,600.0,603.0,21461,9519,0.44135100997292215,0.4541484867228722,-0.012797476749950076,0.03549970750223592
linear_survival,object,3.0,900.0,903.0,21461,9519,0.4424729028806008,0.44493838728254653,-0.0024654844019457167,0.037941055666398264
linear_survival,token,3.0,900.0,903.0,21461,9519,0.44142462725804055,0.4541484867228722,-0.012723859464831677,0.03465464175445461
linear_survival,object,3.0,1200.0,1203.0,21461,9519,0.44258046434035675,0.44493838728254653,-0.002357922942189783,0.03774709674654287
linear_survival,token,3.0,1200.0,1203.0,21461,9519,0.44149824454315895,0.4541484867228722,-0.012650242179713278,0.034536480595750756
linear_survival,object,3.0,1800.0,1803.0,21461,9519,0.4428032931603443,0.44493838728254653,-0.0021350941222022524,0.037072332874548475
linear_survival,token,3.0,1800.0,1803.0,21461,9519,0.4416475104376989,0.4541484867228722,-0.012500976285173326,0.03463688437781336
linear_survival,object,3.0,2400.0,2403.0,21461,9519,0.44455959801334055,0.44493838728254653,-0.0003787892692059813,0.03816753718786022
linear_survival,token,3.0,2400.0,2403.0,21461,9519,0.4422010094170481,0.4541484867228722,-0.011947477305824128,0.03246368072462738
linear_survival,object,3.0,3600.0,3603.0,21461,9661,0.448072207719333,0.45171616258617364,-0.0036439548668406596,0.04747003367582206
linear_survival,token,3.0,3600.0,3603.0,21461,9661,0.4433080073757467,0.4567079030685791,-0.013399895692832398,0.034340860109115086
linear_survival,object,5.0,1.0,6.0,18325,1231,0.03752895229918848,0.06721477362104755,-0.029685821321859075,0.035393088099920686
linear_survival,token,5.0,1.0,6.0,18325,1231,0.03864245917830826,0.06000529617489858,-0.02136283699659032,0.024910251256145155
linear_survival,object,5.0,2.0,7.0,18325,2031,0.07505790459837694,0.1109053425669192,-0.035847437968542256,0.04151199305640571
linear_survival,token,5.0,2.0,7.0,18325,2031,0.07728491835661651,0.10915758941353015,-0.031872671056913646,0.03258702796445394
linear_survival,object,5.0,3.0,8.0,18325,2732,0.11258685689756542,0.14935178972382424,-0.03676493282625881,0.04899460577308212
linear_survival,token,5.0,3.0,8.0,18325,2732,0.11592737753492477,0.1564057494065807,-0.04047837187165593,0.043215206638969536
linear_survival,object,5.0,5.0,10.0,18325,3628,0.18764476143659992,0.1984930402981282,-0.010848278861528282,0.03535902983045305
linear_survival,token,5.0,5.0,10.0,18325,3628,0.19321229640955484,0.19658518586831508,-0.003372889458760242,0.022592779317860176
linear_survival,object,5.0,10.0,15.0,18325,4998,0.2514609764561087,0.273662092451315,-0.0222011159952063,0.04278939048668101
linear_survival,token,5.0,10.0,15.0,18325,4998,0.2619615166609751,0.2746372838186888,-0.01267576715771368,0.034098156145114654
linear_survival,object,5.0,20.0,25.0,18325,5927,0.3195844333793119,0.3246975840612396,-0.005113150681927692,0.060654395067167965
linear_survival,token,5.0,20.0,25.0,18325,5927,0.3349964898416735,0.3439641039135012,-0.008967614071827668,0.032134353210546696
linear_survival,object,5.0,30.0,35.0,18325,6296,0.3281989171694117,0.34508820792866846,-0.01688929075925677,0.05751750592943044
linear_survival,token,5.0,30.0,35.0,18325,6296,0.3435679959989419,0.3649278244333166,-0.021359828434374728,0.04268900025265607
linear_survival,object,5.0,60.0,65.0,18325,6383,0.34975070728626917,0.34994939860686014,-0.00019869132059097128,0.04977210455139725
linear_survival,token,5.0,60.0,65.0,18325,6383,0.3650076225255624,0.36889056712988466,-0.003882944604322258,0.03629014112356602
linear_survival,object,5.0,120.0,125.0,18325,6383,0.34993767480384175,0.34994939860686014,-1.1723803018393042e-05,0.049491889260414576
linear_survival,token,5.0,120.0,125.0,18325,6383,0.365137956329929,0.36889056712988466,-0.003752610799955647,0.03591201001990992
linear_survival,object,5.0,180.0,185.0,18325,6383,0.350113994464405,0.34994939860686014,0.00016459585754485806,0.049331871262370916
linear_survival,token,5.0,180.0,185.0,18325,6383,0.36526067119952815,0.36889056712988466,-0.003629895930356508,0.037567253543626014
linear_survival,object,5.0,300.0,305.0,18325,6383,0.3502323820709204,0.34994939860686014,0.0002829834640602491,0.04907809741309297
linear_survival,token,5.0,300.0,305.0,18325,6383,0.3653384820145523,0.36889056712988466,-0.0035520851153323374,0.03730723225167741
linear_survival,object,5.0,600.0,605.0,18325,6383,0.3505254208604921,0.34994939860686014,0.0005760222536319581,0.04881300095570425
linear_survival,token,5.0,600.0,605.0,18325,6383,0.3655311316228157,0.36889056712988466,-0.003359435507068964,0.03665239604275227
linear_survival,object,5.0,900.0,905.0,18325,6383,0.3506455774532403,0.34994939860686014,0.0006961788463801799,0.04834022521868863
linear_survival,token,5.0,900.0,905.0,18325,6383,0.3656130076913847,0.36889056712988466,-0.003277559438499944,0.0365605172004868
linear_survival,object,5.0,1200.0,1205.0,18325,6383,0.35076573404598854,0.34994939860686014,0.0008163354391284017,0.04830651772612828
linear_survival,token,5.0,1200.0,1205.0,18325,6383,0.3656948837599536,0.36889056712988466,-0.003195683369931035,0.036673116655899604
linear_survival,object,5.0,1800.0,1805.0,18325,6383,0.35101781662347165,0.34994939860686014,0.0010684180166115054,0.04789185328673286
linear_survival,token,5.0,1800.0,1805.0,18325,6383,0.3658615842070875,0.36889056712988466,-0.0030289829227971854,0.03757175917768798
linear_survival,object,5.0,2400.0,2405.0,18325,6383,0.35267046134608054,0.34994939860686014,0.0027210627392204034,0.04725332276765247
linear_survival,token,5.0,2400.0,2405.0,18325,6383,0.3663791410055368,0.36889056712988466,-0.0025114261243478486,0.03566352908910139
linear_survival,object,5.0,3600.0,3605.0,18325,6525,0.3559757507912984,0.35788707040992374,-0.00191131961862534,0.053191299421647645
linear_survival,token,5.0,3600.0,3605.0,18325,6525,0.3674142546024355,0.3718497451464846,-0.0044354905440491255,0.0348255851032457
linear_survival,object,7.0,1.0,8.0,16211,701,0.039261481042579795,0.043242242921473495,-0.0039807618788937,0.016755739134606474
linear_survival,token,7.0,1.0,8.0,16211,701,0.04118896510735811,0.05303761858614886,-0.01184865347879075,0.020622454384256583
linear_survival,object,7.0,2.0,9.0,16211,1332,0.07852296208515959,0.0821664302017151,-0.003643468116555512,0.01742973772713859
linear_survival,token,7.0,2.0,9.0,16211,1332,0.08237793021471622,0.08336589952397255,-0.000987969309256334,0.022861727697719197
linear_survival,object,7.0,3.0,10.0,16211,1597,0.11778444309369702,0.09851335512923354,0.019271087964463487,0.02475832595325275
linear_survival,token,7.0,3.0,10.0,16211,1597,0.1235668957608661,0.09814036176974161,0.02542653399112449,0.03086571157043876
linear_survival,object,7.0,5.0,12.0,16211,2331,0.1456094194140704,0.1438072867214637,0.001802132692606706,0.01714087962842712
linear_survival,token,7.0,5.0,12.0,16211,2331,0.15343389268329238,0.15100095639149924,0.002432936291793142,0.03309315328375102
linear_survival,object,7.0,10.0,17.0,16211,3417,0.21517186021500384,0.21084821729391412,0.004323642921089721,0.04346317555364275
linear_survival,token,7.0,10.0,17.0,16211,3417,0.22810138498935809,0.21461316459115343,0.013488220398204659,0.019598673126092647
linear_survival,object,7.0,20.0,27.0,16211,4123,0.2635454582259954,0.2545400740868329,0.00900538413916252,0.0408329740389225
linear_survival,token,7.0,20.0,27.0,16211,4123,0.2794613757585065,0.2724013531562548,0.007060022602251692,0.025096591454329617
linear_survival,object,7.0,30.0,37.0,16211,4321,0.2730256490395326,0.2669132943749116,0.006112354664620956,0.04004483997726974
linear_survival,token,7.0,30.0,37.0,16211,4321,0.2888320837796921,0.28927314048222497,-0.00044105670253286045,0.036389213249186494
linear_survival,object,7.0,60.0,67.0,16211,4352,0.2948539493991405,0.26886232420976397,0.025991625189376533,0.04141175093135174
linear_survival,token,7.0,60.0,67.0,16211,4352,0.310401370691013,0.2915588376011007,0.018842533089912294,0.0294370733999203
linear_survival,object,7.0,120.0,127.0,16211,4352,0.2950584763944471,0.26886232420976397,0.02619615218468313,0.041606755491422925
linear_survival,token,7.0,120.0,127.0,16211,4352,0.3105441574996537,0.2915588376011007,0.01898531989855301,0.02857331222467658
linear_survival,object,7.0,180.0,187.0,16211,4352,0.29524669865471054,0.26886232420976397,0.026384374444946568,0.041787215731303284
linear_survival,token,7.0,180.0,187.0,16211,4352,0.3106752623845896,0.2915588376011007,0.019116424783488906,0.028405050915105073
linear_survival,object,7.0,300.0,307.0,16211,4352,0.2953762436252261,0.26886232420976397,0.026513919415462106,0.04191039095403491
linear_survival,token,7.0,300.0,307.0,16211,4352,0.3107605730739994,0.2915588376011007,0.019201735472898718,0.028674837106930612
linear_survival,object,7.0,600.0,607.0,16211,4352,0.2956956159212515,0.26886232420976397,0.026833291711487517,0.04221361562104966
linear_survival,token,7.0,600.0,607.0,16211,4352,0.31097096644313615,0.2915588376011007,0.01941212884203547,0.0279796852975935
linear_survival,object,7.0,900.0,907.0,16211,4352,0.2958270443846213,0.26886232420976397,0.02696472017485735,0.042462914280375276
linear_survival,token,7.0,900.0,907.0,16211,4352,0.31106066629507034,0.2915588376011007,0.01950182869396966,0.028527356541465293
linear_survival,object,7.0,1200.0,1207.0,16211,4352,0.2959584728479912,0.26886232420976397,0.027096148638227235,0.04258844881741457
linear_survival,token,7.0,1200.0,1207.0,16211,4352,0.3111503661470046,0.2915588376011007,0.019591528545903902,0.02932279253196548
linear_survival,object,7.0,1800.0,1807.0,16211,4352,0.2962402947787791,0.26886232420976397,0.027377970569015142,0.04282894870140443
linear_survival,token,7.0,1800.0,1807.0,16211,4352,0.3113344928081441,0.2915588376011007,0.01977565520704344,0.029064997209872996
linear_survival,object,7.0,2400.0,2407.0,16211,4352,0.29812872533413626,0.26886232420976397,0.029266401124372288,0.04256639833792467
linear_survival,token,7.0,2400.0,2407.0,16211,4352,0.311919061348166,0.2915588376011007,0.02036022374706531,0.029476813586969818
linear_survival,object,7.0,3600.0,3607.0,16211,4494,0.3019055864448506,0.2777901382919906,0.024115448152859986,0.0474994701158494
linear_survival,token,7.0,3600.0,3607.0,16211,4494,0.31308819842820973,0.29488061256537523,0.018207585862834497,0.031029109639422788
linear_survival,object,10.0,1.0,11.0,14614,199,0.015686807098059235,0.013617079512795671,0.0020697275852635637,0.007835036389572766
linear_survival,token,10.0,1.0,11.0,14614,199,0.01702450975894257,0.02367060938839538,-0.006646099629452812,0.011393410414772095
linear_survival,object,10.0,2.0,12.0,14614,734,0.03137361419611847,0.05024359689623936,-0.018869982700120892,0.023219465980165943
linear_survival,token,10.0,2.0,12.0,14614,734,0.034049019517885123,0.058612884290384026,-0.024563864772498903,0.027619048696102523
linear_survival,object,10.0,3.0,13.0,14614,938,0.04706042129417771,0.0642095960480572,-0.017149174753879497,0.022478343644315644
linear_survival,token,10.0,3.0,13.0,14614,938,0.05107352927682769,0.06837088850462147,-0.017297359227793782,0.02251273181614135
linear_survival,object,10.0,5.0,15.0,14614,1370,0.07843403549029616,0.09378465307543582,-0.015350617585139656,0.030177511690099256
linear_survival,token,10.0,5.0,15.0,14614,1370,0.08512254879471282,0.09715043409391255,-0.012027885299199736,0.026190629024436776
linear_survival,object,10.0,10.0,20.0,14614,1970,0.15686807092325136,0.1348964684003363,0.02197160252291505,0.0437766013962602
linear_survival,token,10.0,10.0,20.0,14614,1970,0.17024509742479896,0.14291626815912772,0.027328829265671234,0.04309825211898356
linear_survival,object,10.0,20.0,30.0,14614,2561,0.1676341098220851,0.1754936174659586,-0.007859507643873498,0.02977209517500015
linear_survival,token,10.0,20.0,30.0,14614,2561,0.18098944911550824,0.197317663379032,-0.016328214263523766,0.03018386744091732
linear_survival,object,10.0,30.0,40.0,14614,2724,0.17840014872091886,0.1868024781108304,-0.008402329389911534,0.035493487354600416
linear_survival,token,10.0,30.0,40.0,14614,2724,0.19173380080621744,0.2119318468310083,-0.02019804602479086,0.035494353960652154
linear_survival,object,10.0,60.0,70.0,14614,2755,0.19997075656650626,0.18896449553609318,0.011006261030413078,0.04269457396308828
linear_survival,token,10.0,60.0,70.0,14614,2755,0.2132499309835614,0.2144662735000642,-0.0012163425165027941,0.028921778540503623
linear_survival,object,10.0,120.0,130.0,14614,2755,0.2002019367514207,0.18896449553609318,0.01123744121532752,0.04272510813749918
linear_survival,token,10.0,120.0,130.0,14614,2755,0.21341449112728142,0.2144662735000642,-0.001051782372782778,0.02621142380134365
linear_survival,object,10.0,180.0,190.0,14614,2755,0.20040681327218438,0.18896449553609318,0.011442317736091195,0.043009414049165445
linear_survival,token,10.0,180.0,190.0,14614,2755,0.2135598403527343,0.2144662735000642,-0.0009064331473299103,0.026173724867367198
linear_survival,object,10.0,300.0,310.0,14614,2755,0.2005535306190053,0.18896449553609318,0.01158903508291212,0.04313151858888133
linear_survival,token,10.0,300.0,310.0,14614,2755,0.21365842825235232,0.2144662735000642,-0.0008078452477118803,0.026151896252455106
linear_survival,object,10.0,600.0,610.0,14614,2755,0.20091305120626293,0.18896449553609318,0.011948555670169753,0.04338223021417701
linear_survival,token,10.0,600.0,610.0,14614,2755,0.21390013023688065,0.2144662735000642,-0.0005661432631835495,0.026470652224403108
linear_survival,object,10.0,900.0,910.0,14614,2755,0.20106166099378256,0.18896449553609318,0.01209716545768938,0.04362935735502131
linear_survival,token,10.0,900.0,910.0,14614,2755,0.21400356334488657,0.2144662735000642,-0.0004627101551776258,0.026386663373031156
linear_survival,object,10.0,1200.0,1210.0,14614,2755,0.20121027078130224,0.18896449553609318,0.012245775245209062,0.043947131321207415
linear_survival,token,10.0,1200.0,1210.0,14614,2755,0.2141069964528925,0.2144662735000642,-0.00035927704717170217,0.02638038759922704
linear_survival,object,10.0,1800.0,1810.0,14614,2755,0.20153905058066635,0.18896449553609318,0.012574555044573166,0.044371673749059586
linear_survival,token,10.0,1800.0,1810.0,14614,2755,0.21432175371860276,0.2144662735000642,-0.00014451978146143296,0.02630781732941955
linear_survival,object,10.0,2400.0,2410.0,14614,2755,0.20372988353341723,0.18896449553609318,0.014765387997324048,0.03928543620340069
linear_survival,token,10.0,2400.0,2410.0,14614,2755,0.21500208396952675,0.2144662735000642,0.0005358104694625498,0.0280121968816481
linear_survival,object,10.0,3600.0,3610.0,14614,2897,0.2081115494389191,0.1988679301937487,0.009243619245170392,0.04335807870793094
linear_survival,token,10.0,3600.0,3610.0,14614,2897,0.21636274447137457,0.21814952400098797,-0.001786779529613397,0.028529525886239464
linear_survival,object,15.0,1.0,16.0,13237,176,0.0171987101408292,0.013296064062854107,0.0039026460779750943,0.004519594949660239
linear_survival,token,15.0,1.0,16.0,13237,176,0.01866182264703016,0.008536237257188883,0.010125585389841277,0.011416465261762657
linear_survival,object,15.0,2.0,17.0,13237,450,0.03439742028165841,0.0340162249335102,0.0003811953481482125,0.007539408590371272
linear_survival,token,15.0,2.0,17.0,13237,450,0.03732364529406032,0.035439944608885665,0.0018837006851746552,0.01683387152433526
linear_survival,object,15.0,3.0,18.0,13237,471,0.05159613042248761,0.03560526294670119,0.015990867475786423,0.015955121586605978
linear_survival,token,15.0,3.0,18.0,13237,471,0.05598546794109049,0.037201651924070545,0.018783816017019943,0.020674142212530736
linear_survival,object,15.0,5.0,20.0,13237,600,0.08599355065152223,0.045366496456303196,0.04062705419521903,0.04056099129072779
linear_survival,token,15.0,5.0,20.0,13237,600,0.09330911316788584,0.050690431488755516,0.04261868167913033,0.04247210802879464
linear_survival,object,15.0,10.0,25.0,13237,929,0.09204226634726524,0.07026411685184353,0.021778149495421714,0.028833585480583644
linear_survival,token,15.0,10.0,25.0,13237,929,0.09933092649345408,0.09557538394003118,0.0037555425534229053,0.030885739353938117
linear_survival,object,15.0,20.0,35.0,13237,1298,0.1041396977387513,0.09833730930884343,0.005802388429907865,0.017950042450648414
linear_survival,token,15.0,20.0,35.0,13237,1298,0.11137455314459059,0.12447640139262262,-0.013101848248032025,0.029837757183096923
linear_survival,object,15.0,30.0,45.0,13237,1354,0.11623712913023733,0.10264428355916799,0.013592845571069337,0.023659508723122134
linear_survival,token,15.0,30.0,45.0,13237,1354,0.12341817979572708,0.12713237849530656,-0.0037141986995794796,0.029918986679642663
linear_survival,object,15.0,60.0,75.0,13237,1385,0.13444624220817147,0.10503004918606906,0.02941619302210241,0.029386610261263872
linear_survival,token,15.0,60.0,75.0,13237,1385,0.14152882977675896,0.12993952019948662,0.011589309577272333,0.028361878881020965
linear_survival,object,15.0,120.0,135.0,13237,1385,0.1346981060409786,0.10503004918606906,0.02966805685490953,0.02964114541757394
linear_survival,token,15.0,120.0,135.0,13237,1385,0.14170966917213498,0.12993952019948662,0.011770148972648359,0.02841828648771471
linear_survival,object,15.0,180.0,195.0,13237,1385,0.13490700519734028,0.10503004918606906,0.029876956011271216,0.029855173134983825
linear_survival,token,15.0,180.0,195.0,13237,1385,0.1418588488935171,0.12993952019948662,0.011919328694030479,0.028358265597498034
linear_survival,object,15.0,300.0,315.0,13237,1385,0.135067016014303,0.10503004918606906,0.030036966828233924,0.030011379712690665
linear_survival,token,15.0,300.0,315.0,13237,1385,0.14196724974521127,0.12993952019948662,0.012027729545724647,0.0286381955853642
linear_survival,object,15.0,600.0,615.0,13237,1385,0.13545515380426293,0.10503004918606906,0.030425104618193866,0.03051374121395363
linear_survival,token,15.0,600.0,615.0,13237,1385,0.14223039086920142,0.12993952019948662,0.012290870669714793,0.02867509483198868
linear_survival,object,15.0,900.0,915.0,13237,1385,0.135617395419547,0.10503004918606906,0.030587346233477947,0.03066451306685753
linear_survival,token,15.0,900.0,915.0,13237,1385,0.1423441705164862,0.12993952019948662,0.012404650316999583,0.026992355735472123
linear_survival,object,15.0,1200.0,1215.0,13237,1385,0.1357796370348311,0.10503004918606906,0.030749587848762028,0.030815861359845674
linear_survival,token,15.0,1200.0,1215.0,13237,1385,0.142457950163771,0.12993952019948662,0.012518429964284372,0.026948966314817767
linear_survival,object,15.0,1800.0,1815.0,13237,1385,0.13615565756810366,0.10503004918606906,0.031125608382034597,0.031165030349594027
linear_survival,token,15.0,1800.0,1815.0,13237,1385,0.14269850396936903,0.12993952019948662,0.01275898376988241,0.02690074825236306
linear_survival,object,15.0,2400.0,2415.0,13237,1385,0.13854163277087855,0.10503004918606906,0.03351158358480949,0.034170521067864015
linear_survival,token,15.0,2400.0,2415.0,13237,1385,0.1434458403917595,0.12993952019948662,0.01350632019227288,0.026272182600280823
linear_survival,object,15.0,3600.0,3615.0,13237,1527,0.14331358317642828,0.11595839496090599,0.027355188215522297,0.02829826133113814
linear_survival,token,15.0,3600.0,3615.0,13237,1527,0.14494051323654045,0.13401910404159356,0.010921409194946885,0.028141360348602894
linear_survival,object,20.0,1.0,21.0,12616,121,0.001343639118805592,0.00959099556119214,-0.008247356442386547,0.008284682412480694
linear_survival,token,20.0,1.0,21.0,12616,121,0.0013403730457660957,0.014194768540769065,-0.012854395495002969,0.012985229388939689
linear_survival,object,20.0,2.0,22.0,12616,234,0.002687278237611183,0.01854787571337979,-0.01586059747576861,0.015935249415956934
linear_survival,token,20.0,2.0,22.0,12616,234,0.002680746091532195,0.0291310897925543,-0.026450343701022103,0.02675081755557748
linear_survival,object,20.0,3.0,23.0,12616,275,0.004030917356416774,0.02179880650970467,-0.017767889153287898,0.01806172170352024
linear_survival,token,20.0,3.0,23.0,12616,275,0.004021119137298291,0.03482537394079166,-0.03080425480349337,0.03127297905731796
linear_survival,object,20.0,5.0,25.0,12616,329,0.006718195594027958,0.02608081562517761,-0.019362620031149653,0.019412118935240127
linear_survival,token,20.0,5.0,25.0,12616,329,0.0067018652288304845,0.0472816812767054,-0.04057981604787492,0.04064061980253099
linear_survival,object,20.0,10.0,30.0,12616,591,0.013436391188055914,0.04692750356775677,-0.03349111237970086,0.03360447217582983
linear_survival,token,20.0,10.0,30.0,12616,591,0.013403730457660972,0.06347267273765544,-0.05006894227999447,0.05021910355753506
linear_survival,object,20.0,20.0,40.0,12616,754,0.026872782376111827,0.05999976628752679,-0.03312698391141496,0.0341683917126367
linear_survival,token,20.0,20.0,40.0,12616,754,0.026807460915321938,0.08052372960532905,-0.05371626869000712,0.05433649034923454
linear_survival,object,20.0,30.0,50.0,12616,785,0.04030917356416774,0.06249890927595614,-0.0221897357117884,0.02430323431056316
linear_survival,token,20.0,30.0,50.0,12616,785,0.0402111913729829,0.0834807646940855,-0.043269573321102595,0.044408044864392475
linear_survival,object,20.0,60.0,80.0,12616,785,0.05383731856688231,0.06249890927595614,-0.008661590709073831,0.015564163942715925
linear_survival,token,20.0,60.0,80.0,12616,785,0.05368141074634555,0.0834807646940855,-0.02979935394773995,0.03177825633705772
linear_survival,object,20.0,120.0,140.0,12616,785,0.054112579906499245,0.06249890927595614,-0.008386329369456894,0.014998378116970997
linear_survival,token,20.0,120.0,140.0,12616,785,0.05388087692342604,0.0834807646940855,-0.029599887770659458,0.031589791777936894
linear_survival,object,20.0,180.0,200.0,12616,785,0.05432522565179898,0.06249890927595614,-0.008173683624157158,0.014931661098225392
linear_survival,token,20.0,180.0,200.0,12616,785,0.05403378852547988,0.0834807646940855,-0.029446976168605615,0.031471209427344764
linear_survival,object,20.0,300.0,320.0,12616,785,0.054500055367086915,0.06249890927595614,-0.007998853908869223,0.014873165422323515
linear_survival,token,20.0,300.0,320.0,12616,785,0.05415339300723081,0.0834807646940855,-0.02932737168685469,0.03157202306307746
linear_survival,object,20.0,600.0,620.0,12616,785,0.054919809771319356,0.06249890927595614,-0.007579099504636783,0.014623252707642363
linear_survival,token,20.0,600.0,620.0,12616,785,0.05444083488560699,0.0834807646940855,-0.029039929808478505,0.031292984756397385
linear_survival,object,20.0,900.0,920.0,12616,785,0.055097085486508886,0.06249890927595614,-0.0074018237894472524,0.014576525330059965
linear_survival,token,20.0,900.0,920.0,12616,785,0.054566303963668364,0.0834807646940855,-0.028914460730417132,0.031183977807844137
linear_survival,object,20.0,1200.0,1220.0,12616,785,0.055274361201698416,0.06249890927595614,-0.007224548074257722,0.01421172921058414
linear_survival,token,20.0,1200.0,1220.0,12616,785,0.054691773041729744,0.0834807646940855,-0.028788991652355753,0.03106701846717551
linear_survival,object,20.0,1800.0,1820.0,12616,785,0.055702858167723225,0.06249890927595614,-0.006796051108232913,0.013862091160545199
linear_survival,token,20.0,1800.0,1820.0,12616,785,0.0549616658124921,0.0834807646940855,-0.028519098881593395,0.03080839011374058
linear_survival,object,20.0,2400.0,2420.0,12616,785,0.05827577496223266,0.06249890927595614,-0.004223134313723481,0.01511309382127408
linear_survival,token,20.0,2400.0,2420.0,12616,785,0.05578123978288085,0.0834807646940855,-0.02769952491120465,0.02779228595449782
linear_survival,object,20.0,3600.0,3620.0,12616,927,0.06342160855125153,0.07394659651327795,-0.010524987962026416,0.01855997552609992
linear_survival,token,20.0,3600.0,3620.0,12616,927,0.057420387723658324,0.08777818671260029,-0.03035779898894197,0.03391706728585745
linear_survival,object,30.0,1.0,31.0,11942,0,0.0013300840953848272,0.0,0.0013300840953848272,0.0013300840953848272
linear_survival,token,30.0,1.0,31.0,11942,0,0.0013052050167169265,0.0,0.0013052050167169265,0.0013052050167169267
linear_survival,object,30.0,2.0,32.0,11942,66,0.0026601681907696567,0.005526712443476689,-0.0028665442527070323,0.004661255704412797
linear_survival,token,30.0,2.0,32.0,11942,66,0.002610410033433856,0.007484538642326455,-0.004874128608892599,0.006952880818421705
linear_survival,object,30.0,3.0,33.0,11942,79,0.003990252286154486,0.006615307318706964,-0.0026250550325524783,0.003893575065579181
linear_survival,token,30.0,3.0,33.0,11942,79,0.003915615050150782,0.010761836383899936,-0.006846221333749155,0.008443479403543539
linear_survival,object,30.0,5.0,35.0,11942,107,0.006650420476924142,0.008982119043951853,-0.0023316985670277105,0.0050702744353416235
linear_survival,token,30.0,5.0,35.0,11942,107,0.006526025083584636,0.015219265605355359,-0.008693240521770722,0.01072366402668841
linear_survival,object,30.0,10.0,40.0,11942,163,0.013300840953848285,0.01371591643731751,-0.0004150754834692256,0.009722142751750405
linear_survival,token,30.0,10.0,40.0,11942,163,0.01305205016716928,0.018206683746770258,-0.005154633579600979,0.01089540644849997
linear_survival,object,30.0,20.0,50.0,11942,194,0.026601681907696573,0.01633811254284434,0.010263569364852232,0.011769401779401596
linear_survival,token,30.0,20.0,50.0,11942,194,0.026104100334338565,0.02136413041455787,0.004739969919780696,0.010851598995231096
linear_survival,object,30.0,30.0,60.0,11942,194,0.03990252287910153,0.01633811254284434,0.02356441033625719,0.023640265714343373
linear_survival,token,30.0,30.0,60.0,11942,194,0.03915615072136412,0.02136413041455787,0.017792020306806253,0.01781031444662567
linear_survival,object,30.0,60.0,90.0,11942,194,0.04004138630781797,0.01633811254284434,0.02370327376497363,0.023779129143059817
linear_survival,token,30.0,60.0,90.0,11942,194,0.0392565786130813,0.02136413041455787,0.017892448198523432,0.017910716582294844
linear_survival,object,30.0,120.0,150.0,11942,194,0.04031911316525086,0.01633811254284434,0.023981000622406518,0.024056857790991915
linear_survival,token,30.0,120.0,150.0,11942,194,0.03945743439651566,0.02136413041455787,0.01809330398195779,0.018111636145426005
linear_survival,object,30.0,180.0,210.0,11942,194,0.04050210279039989,0.01633811254284434,0.02416399024755555,0.02424027069196568
linear_survival,token,30.0,180.0,210.0,11942,194,0.03958801708980914,0.02136413041455787,0.018223886675251273,0.01824235822147279
linear_survival,object,30.0,300.0,330.0,11942,194,0.040678608055500505,0.01633811254284434,0.024340495512656164,0.02441705391561175
linear_survival,token,30.0,300.0,330.0,11942,194,0.03970863573636295,0.02136413041455787,0.01834450532180508,0.018363506305622997
linear_survival,object,30.0,600.0,630.0,11942,194,0.04109364574624875,0.01633811254284434,0.024755533203404408,0.024832511008709417
linear_survival,token,30.0,600.0,630.0,11942,194,0.039992669473484524,0.02136413041455787,0.018628539058926655,0.01864754480678683
linear_survival,object,30.0,900.0,930.0,11942,194,0.04127265399310017,0.01633811254284434,0.02493454145025583,0.025011519255560843
linear_survival,token,30.0,900.0,930.0,11942,194,0.040119086810759444,0.02136413041455787,0.018754956396201575,0.018773999295295857
linear_survival,object,30.0,1200.0,1230.0,11942,194,0.04145166223995159,0.01633811254284434,0.025113549697107246,0.025190740447040567
linear_survival,token,30.0,1200.0,1230.0,11942,194,0.04024550414803438,0.02136413041455787,0.01888137373347651,0.018900213068924906
linear_survival,object,30.0,1800.0,1830.0,11942,194,0.04192601326108115,0.01633811254284434,0.025587900718236807,0.025670833493907922
linear_survival,token,30.0,1800.0,1830.0,11942,194,0.04052863311585153,0.02136413041455787,0.019164502701293662,0.019183575774245155
linear_survival,object,30.0,2400.0,2430.0,11942,194,0.04461071999219633,0.01633811254284434,0.02827260744935199,0.02836218415270313
linear_survival,token,30.0,2400.0,2430.0,11942,194,0.04138735251199622,0.02136413041455787,0.02002322209743835,0.02003218932858707
linear_survival,object,30.0,3600.0,3630.0,11942,336,0.049980133454426715,0.028349462445580342,0.021630671008846372,0.02286096929907368
linear_survival,token,30.0,3600.0,3630.0,11942,336,0.04310479130428557,0.025952808068072653,0.01715198323621292,0.017931425651959508
linear_survival,object,45.0,1.0,46.0,11660,0,0.0013663149551509282,0.0,0.0013663149551509282,0.0013663149551509284
linear_survival,token,45.0,1.0,46.0,11660,0,0.0013289239221678606,0.0,0.0013289239221678606,0.0013289239221678606
linear_survival,object,45.0,2.0,47.0,11660,1,0.0027326299103018602,8.576329331044796e-05,0.0026468666169914123,0.002798005973207368
linear_survival,token,45.0,2.0,47.0,11660,1,0.00265784784433571,1.6227519660461098e-05,0.002641620324675249,0.0026484146452381476
linear_survival,object,45.0,3.0,48.0,11660,31,0.004098944865452788,0.002658662092624331,0.0014402827728284568,0.0036678844785768966
linear_survival,token,45.0,3.0,48.0,11660,31,0.00398677176650357,0.0032159993508992235,0.0007707724156043464,0.0033167160070344047
linear_survival,object,45.0,5.0,50.0,11660,31,0.00683157477575465,0.002658662092624331,0.004172912683130319,0.006055965268754531
linear_survival,token,45.0,5.0,50.0,11660,31,0.0066446196108392785,0.0032159993508992235,0.003428620259940055,0.004539231931511303
linear_survival,object,45.0,10.0,55.0,11660,31,0.0136631495515093,0.002658662092624331,0.011004487458884969,0.012026167244198614
linear_survival,token,45.0,10.0,55.0,11660,31,0.013289239221678554,0.0032159993508992235,0.01007323987077933,0.010073239870779342
linear_survival,object,45.0,20.0,65.0,11660,31,0.02051851750594281,0.002658662092624331,0.017859855413318478,0.018157714988739394
linear_survival,token,45.0,20.0,65.0,11660,31,0.01995100065537189,0.0032159993508992235,0.016735001304472665,0.01673500130447267
linear_survival,object,45.0,30.0,75.0,11660,31,0.02056610379429127,0.002658662092624331,0.01790744170166694,0.01819835986627615
linear_survival,token,45.0,30.0,75.0,11660,31,0.01998528387549445,0.0032159993508992235,0.016769284524595227,0.01676928452459523
linear_survival,object,45.0,60.0,105.0,11660,31,0.02070886265933667,0.002658662092624331,0.01805020056671234,0.018250160521562277
linear_survival,token,45.0,60.0,105.0,11660,31,0.020088133535862147,0.0032159993508992235,0.016872134184962924,0.01687213418496293
linear_survival,object,45.0,120.0,165.0,11660,31,0.020994380389427473,0.002658662092624331,0.018335718296803142,0.018680148828757195
linear_survival,token,45.0,120.0,165.0,11660,31,0.020293832856597527,0.0032159993508992235,0.017077833505698303,0.017077833505698307
linear_survival,object,45.0,180.0,225.0,11660,31,0.021133781065459597,0.002658662092624331,0.018475118972835266,0.018805793993273597
linear_survival,token,45.0,180.0,225.0,11660,31,0.020391586588564017,0.0032159993508992235,0.017175587237664793,0.017175587237664814
linear_survival,object,45.0,300.0,345.0,11660,31,0.021315171390737495,0.002658662092624331,0.018656509298113164,0.018968508595004707
linear_survival,token,45.0,300.0,345.0,11660,31,0.020515129946140957,0.0032159993508992235,0.017299130595241734,0.01729913059524173
linear_survival,object,45.0,600.0,645.0,11660,31,0.02172823716409564,0.002658662092624331,0.01906957507147131,0.01933953433599874
linear_survival,token,45.0,600.0,645.0,11660,31,0.02079708158268434,0.0032159993508992235,0.017581082231785117,0.01758108223178512
linear_survival,object,45.0,900.0,945.0,11660,31,0.021912312458832458,0.002658662092624331,0.019253650366208127,0.01950856496767409
linear_survival,token,45.0,900.0,945.0,11660,31,0.020926561591333378,0.0032159993508992235,0.017710562240434154,0.017710562240434158
linear_survival,object,45.0,1200.0,1245.0,11660,31,0.02209638775356928,0.002658662092624331,0.019437725660944948,0.019678713243368527
linear_survival,token,45.0,1200.0,1245.0,11660,31,0.02105604159998241,0.0032159993508992235,0.017840042249083185,0.017840042249083185
linear_survival,object,45.0,1800.0,1845.0,11660,31,0.022599375334396238,0.002658662092624331,0.019940713241771907,0.02044413943731105
linear_survival,token,45.0,1800.0,1845.0,11660,31,0.0213539114275905,0.0032159993508992235,0.018137912076691277,0.018137912076691274
linear_survival,object,45.0,2400.0,2445.0,11660,31,0.024765352335830354,0.002658662092624331,0.022106690243206023,0.023024240653539318
linear_survival,token,45.0,2400.0,2445.0,11660,31,0.022131668099616388,0.0032159993508992235,0.018915668748717165,0.018915668748717175
linear_survival,object,45.0,3600.0,3645.0,11660,173,0.029097306338698583,0.014837049742710162,0.01426025659598842,0.014794383914178833
linear_survival,token,45.0,3600.0,3645.0,11660,173,0.02368718144366816,0.007889770884633496,0.015797410559034664,0.015797410559034723
linear_survival,object,60.0,1.0,61.0,11629,0,4.909820810355753e-06,0.0,4.909820810355753e-06,4.909820810355753e-06
linear_survival,token,60.0,1.0,61.0,11629,0,3.5416635848493427e-06,0.0,3.5416635848493427e-06,3.541663584849343e-06
linear_survival,object,60.0,2.0,62.0,11629,0,9.819641620710416e-06,0.0,9.819641620710416e-06,9.819641620710416e-06
linear_survival,token,60.0,2.0,62.0,11629,0,7.083327169705581e-06,0.0,7.083327169705581e-06,7.083327169705581e-06
linear_survival,object,60.0,3.0,63.0,11629,0,1.4729462431068709e-05,0.0,1.4729462431068709e-05,1.4729462431068709e-05
linear_survival,token,60.0,3.0,63.0,11629,0,1.0624990754564758e-05,0.0,1.0624990754564758e-05,1.062499075456476e-05
linear_survival,object,60.0,5.0,65.0,11629,0,2.4549104051781712e-05,0.0,2.4549104051781712e-05,2.4549104051781715e-05
linear_survival,token,60.0,5.0,65.0,11629,0,1.7708317924267455e-05,0.0,1.7708317924267455e-05,1.770831792426746e-05
linear_survival,object,60.0,10.0,70.0,11629,0,4.909820810356088e-05,0.0,4.909820810356088e-05,4.909820810356089e-05
linear_survival,token,60.0,10.0,70.0,11629,0,3.541663584854289e-05,0.0,3.541663584854289e-05,3.5416635848542887e-05
linear_survival,object,60.0,20.0,80.0,11629,0,9.819641620712544e-05,0.0,9.819641620712544e-05,9.819641620712545e-05
linear_survival,token,60.0,20.0,80.0,11629,0,7.083327169708186e-05,0.0,7.083327169708186e-05,7.083327169708187e-05
linear_survival,object,60.0,30.0,90.0,11629,0,0.0001472946243106883,0.0,0.0001472946243106883,0.0001472946243106883
linear_survival,token,60.0,30.0,90.0,11629,0,0.0001062499075456233,0.0,0.0001062499075456233,0.0001062499075456233
linear_survival,object,60.0,60.0,120.0,11629,0,0.0002945892486213767,0.0,0.0002945892486213767,0.0002945892486213767
linear_survival,token,60.0,60.0,120.0,11629,0,0.00021249981509124436,0.0,0.00021249981509124436,0.0002124998150912444
linear_survival,object,60.0,120.0,180.0,11629,0,0.0005891783633525117,0.0,0.0005891783633525117,0.0005891783633525117
linear_survival,token,60.0,120.0,180.0,11629,0,0.0004249997870290209,0.0,0.0004249997870290209,0.00042499978702902096
linear_survival,object,60.0,180.0,240.0,11629,0,0.0006827227631299602,0.0,0.0006827227631299602,0.0006827227631299602
linear_survival,token,60.0,180.0,240.0,11629,0,0.0004887765330894951,0.0,0.0004887765330894951,0.0004887765330894951
linear_survival,object,60.0,300.0,360.0,11629,0,0.000869811562684858,0.0,0.000869811562684858,0.000869811562684858
linear_survival,token,60.0,300.0,360.0,11629,0,0.0006163300252104405,0.0,0.0006163300252104405,0.0006163300252104405
linear_survival,object,60.0,600.0,660.0,11629,0,0.0012819843853732293,0.0,0.0012819843853732293,0.0012819843853732293
linear_survival,token,60.0,600.0,660.0,11629,0,0.0008981894211251042,0.0,0.0008981894211251042,0.0008981894211251042
linear_survival,object,60.0,900.0,960.0,11629,0,0.001471960359148512,0.0,0.001471960359148512,0.0014719603591485117
linear_survival,token,60.0,900.0,960.0,11629,0,0.0010319515467796774,0.0,0.0010319515467796774,0.0010319515467796772
linear_survival,object,60.0,1200.0,1260.0,11629,0,0.0016619363329237963,0.0,0.0016619363329237963,0.0016619363329237963
linear_survival,token,60.0,1200.0,1260.0,11629,0,0.0011657136724342525,0.0,0.0011657136724342525,0.0011657136724342525
linear_survival,object,60.0,1800.0,1860.0,11629,0,0.0022232861707561415,0.0,0.0022232861707561415,0.0022232861707561415
linear_survival,token,60.0,1800.0,1860.0,11629,0,0.0014856756534007151,0.0,0.0014856756534007151,0.0014856756534007151
linear_survival,object,60.0,2400.0,2460.0,11629,0,0.004417216959815147,0.0,0.004417216959815147,0.004417216959815147
linear_survival,token,60.0,2400.0,2460.0,11629,0,0.0022775768089626502,0.0,0.0022775768089626502,0.0022775768089626502
linear_survival,object,60.0,3600.0,3660.0,11629,142,0.00880507853793316,0.012210852179895149,-0.003405773641961988,0.007330396115551195
linear_survival,token,60.0,3600.0,3660.0,11629,142,0.003861379120086527,0.004688850875105066,-0.0008274717550185392,0.0033104505327975087
linear_survival,object,90.0,1.0,91.0,11629,0,4.911357779348758e-06,0.0,4.911357779348758e-06,4.911357779348758e-06
linear_survival,token,90.0,1.0,91.0,11629,0,3.5425958868654062e-06,0.0,3.5425958868654062e-06,3.5425958868654067e-06
linear_survival,object,90.0,2.0,92.0,11629,0,9.822715558694393e-06,0.0,9.822715558694393e-06,9.822715558694395e-06
linear_survival,token,90.0,2.0,92.0,11629,0,7.085191773728662e-06,0.0,7.085191773728662e-06,7.085191773728661e-06
linear_survival,object,90.0,3.0,93.0,11629,0,1.4734073338042844e-05,0.0,1.4734073338042844e-05,1.4734073338042846e-05
linear_survival,token,90.0,3.0,93.0,11629,0,1.0627787660597671e-05,0.0,1.0627787660597671e-05,1.0627787660597671e-05
linear_survival,object,90.0,5.0,95.0,11629,0,2.455678889673701e-05,0.0,2.455678889673701e-05,2.455678889673701e-05
linear_survival,token,90.0,5.0,95.0,11629,0,1.771297943432872e-05,0.0,1.771297943432872e-05,1.7712979434328724e-05
linear_survival,object,90.0,10.0,100.0,11629,0,4.9113577793474675e-05,0.0,4.9113577793474675e-05,4.911357779347468e-05
linear_survival,token,90.0,10.0,100.0,11629,0,3.5425958868656954e-05,0.0,3.5425958868656954e-05,3.5425958868656954e-05
linear_survival,object,90.0,20.0,110.0,11629,0,9.822715558694902e-05,0.0,9.822715558694902e-05,9.822715558694902e-05
linear_survival,token,90.0,20.0,110.0,11629,0,7.085191773731533e-05,0.0,7.085191773731533e-05,7.085191773731534e-05
linear_survival,object,90.0,30.0,120.0,11629,0,0.00014734073338042747,0.0,0.00014734073338042747,0.00014734073338042744
linear_survival,token,90.0,30.0,120.0,11629,0,0.00010627787660597734,0.0,0.00010627787660597734,0.00010627787660597733
linear_survival,object,90.0,60.0,150.0,11629,0,0.00029468146676085434,0.0,0.00029468146676085434,0.00029468146676085434
linear_survival,token,90.0,60.0,150.0,11629,0,0.00021255575321195948,0.0,0.00021255575321195948,0.00021255575321195948
linear_survival,object,90.0,120.0,210.0,11629,0,0.0004888086937912027,0.0,0.0004888086937912027,0.0004888086937912028
linear_survival,token,90.0,120.0,210.0,11629,0,0.00035073053152692273,0.0,0.00035073053152692273,0.0003507305315269227
linear_survival,object,90.0,180.0,270.0,11629,0,0.0005823819489095782,0.0,0.0005823819489095782,0.0005823819489095782
linear_survival,token,90.0,180.0,270.0,11629,0,0.0004145240212783174,0.0,0.0004145240212783174,0.0004145240212783174
linear_survival,object,90.0,300.0,390.0,11629,0,0.0007695284591463257,0.0,0.0007695284591463257,0.0007695284591463256
linear_survival,token,90.0,300.0,390.0,11629,0,0.0005421110007811123,0.0,0.0005421110007811123,0.0005421110007811123
linear_survival,object,90.0,600.0,690.0,11629,0,0.0011540452350351793,0.0,0.0011540452350351793,0.0011540452350351793
linear_survival,token,90.0,600.0,690.0,11629,0,0.000805527297158895,0.0,0.000805527297158895,0.0008055272971588951
linear_survival,object,90.0,900.0,990.0,11629,0,0.0013440797488747283,0.0,0.0013440797488747283,0.0013440797488747283
linear_survival,token,90.0,900.0,990.0,11629,0,0.0009393242828908758,0.0,0.0009393242828908758,0.0009393242828908758
linear_survival,object,90.0,1200.0,1290.0,11629,0,0.0015341142627142753,0.0,0.0015341142627142753,0.0015341142627142753
linear_survival,token,90.0,1200.0,1290.0,11629,0,0.0010731212686228542,0.0,0.0010731212686228542,0.0010731212686228542
linear_survival,object,90.0,1800.0,1890.0,11629,0,0.002186302241565,0.0,0.002186302241565,0.002186302241565
linear_survival,token,90.0,1800.0,1890.0,11629,0,0.0014193781336980294,0.0,0.0014193781336980294,0.001419378133698029
linear_survival,object,90.0,2400.0,2490.0,11629,0,0.004380497569496405,0.0,0.004380497569496405,0.0043804975694964055
linear_survival,token,90.0,2400.0,2490.0,11629,0,0.0022113911345208086,0.0,0.0022113911345208086,0.0022113911345208077
linear_survival,object,90.0,3600.0,3690.0,11629,142,0.008768888225359216,0.012210852179895149,-0.003441963954535932,0.007215505605036544
linear_survival,token,90.0,3600.0,3690.0,11629,142,0.0037954171361663743,0.004688850875105066,-0.0008934337389386918,0.0033082030264410126
linear_survival,object,120.0,1.0,121.0,11629,0,4.912896288045681e-06,0.0,4.912896288045681e-06,4.912896288045681e-06
linear_survival,token,120.0,1.0,121.0,11629,0,3.5435289887742183e-06,0.0,3.5435289887742183e-06,3.5435289887742183e-06
linear_survival,object,120.0,2.0,122.0,11629,0,9.825792576094751e-06,0.0,9.825792576094751e-06,9.825792576094751e-06
linear_survival,token,120.0,2.0,122.0,11629,0,7.087057977543963e-06,0.0,7.087057977543963e-06,7.087057977543963e-06
linear_survival,object,120.0,3.0,123.0,11629,0,1.4738688864142283e-05,0.0,1.4738688864142283e-05,1.4738688864142285e-05
linear_survival,token,120.0,3.0,123.0,11629,0,1.0630586966327722e-05,0.0,1.0630586966327722e-05,1.0630586966327722e-05
linear_survival,object,120.0,5.0,125.0,11629,0,2.4564481440236595e-05,0.0,2.4564481440236595e-05,2.4564481440236592e-05
linear_survival,token,120.0,5.0,125.0,11629,0,1.7717644943872918e-05,0.0,1.7717644943872918e-05,1.7717644943872918e-05
linear_survival,object,120.0,10.0,130.0,11629,0,4.9128962880475014e-05,0.0,4.9128962880475014e-05,4.9128962880475014e-05
linear_survival,token,120.0,10.0,130.0,11629,0,3.543528988774163e-05,0.0,3.543528988774163e-05,3.5435289887741635e-05
linear_survival,object,120.0,20.0,140.0,11629,0,9.825792576095023e-05,0.0,9.825792576095023e-05,9.825792576095023e-05
linear_survival,token,120.0,20.0,140.0,11629,0,7.087057977548315e-05,0.0,7.087057977548315e-05,7.087057977548315e-05
linear_survival,object,120.0,30.0,150.0,11629,0,0.00014738688864142474,0.0,0.00014738688864142474,0.00014738688864142474
linear_survival,token,120.0,30.0,150.0,11629,0,0.00010630586966322581,0.0,0.00010630586966322581,0.0001063058696632258
linear_survival,object,120.0,60.0,180.0,11629,0,0.0002947736434452338,0.0,0.0002947736434452338,0.00029477364344523374
linear_survival,token,120.0,60.0,180.0,11629,0,0.00021261189629449617,0.0,0.00021261189629449617,0.00021261189629449622
linear_survival,object,120.0,120.0,240.0,11629,0,0.00038837578244593107,0.0,0.00038837578244593107,0.000388375782445931
linear_survival,token,120.0,120.0,240.0,11629,0,0.00027642214398119363,0.0,0.00027642214398119363,0.0002764221439811937
linear_survival,object,120.0,180.0,300.0,11629,0,0.00048197792153731024,0.0,0.00048197792153731024,0.0004819779215373102
linear_survival,token,120.0,180.0,300.0,11629,0,0.000340232391815923,0.0,0.000340232391815923,0.00034023239181592296
linear_survival,object,120.0,300.0,420.0,11629,0,0.0006691821997200676,0.0,0.0006691821997200676,0.0006691821997200676
linear_survival,token,120.0,300.0,420.0,11629,0,0.0004678528874853926,0.0,0.0004678528874853926,0.0004678528874853926
linear_survival,object,120.0,600.0,720.0,11629,0,0.0010260258904259076,0.0,0.0010260258904259076,0.0010260258904259076
linear_survival,token,120.0,600.0,720.0,11629,0,0.000712816367641597,0.0,0.000712816367641597,0.0007128163676415969
linear_survival,object,120.0,900.0,1020.0,11629,0,0.0012161190019506554,0.0,0.0012161190019506554,0.0012161190019506557
linear_survival,token,120.0,900.0,1020.0,11629,0,0.0008466482429849088,0.0,0.0008466482429849088,0.0008466482429849086
linear_survival,object,120.0,1200.0,1320.0,11629,0,0.0014062121134754055,0.0,0.0014062121134754055,0.0014062121134754057
linear_survival,token,120.0,1200.0,1320.0,11629,0,0.0009804801183282183,0.0,0.0009804801183282183,0.0009804801183282183
linear_survival,object,120.0,1800.0,1920.0,11629,0,0.002149253114606099,0.0,0.002149253114606099,0.0021492531146060988
linear_survival,token,120.0,1800.0,1920.0,11629,0,0.001353036144377033,0.0,0.001353036144377033,0.0013530361443770329
linear_survival,object,120.0,2400.0,2520.0,11629,0,0.004343713197378441,0.0,0.004343713197378441,0.00434371319737844
linear_survival,token,120.0,2400.0,2520.0,11629,0,0.0021451610759609732,0.0,0.0021451610759609732,0.0021451610759609732
linear_survival,object,120.0,3600.0,3720.0,11629,142,0.00873263336292313,0.012210852179895149,-0.0034782188169720177,0.007099652693241585
linear_survival,token,120.0,3600.0,3720.0,11629,142,0.003729410939128865,0.004688850875105066,-0.0009594399359762014,0.0033011923370379094
linear_survival,object,180.0,1.0,181.0,11629,0,1.560999886112552e-06,0.0,1.560999886112552e-06,1.5609998861125522e-06
linear_survival,token,180.0,1.0,181.0,11629,0,1.0640634546713188e-06,0.0,1.0640634546713188e-06,1.0640634546713188e-06
linear_survival,object,180.0,2.0,182.0,11629,0,3.1219997722228225e-06,0.0,3.1219997722228225e-06,3.1219997722228225e-06
linear_survival,token,180.0,2.0,182.0,11629,0,2.1281269093255195e-06,0.0,2.1281269093255195e-06,2.1281269093255195e-06
linear_survival,object,180.0,3.0,183.0,11629,0,4.682999658333131e-06,0.0,4.682999658333131e-06,4.682999658333131e-06
linear_survival,token,180.0,3.0,183.0,11629,0,3.1921903639901946e-06,0.0,3.1921903639901946e-06,3.1921903639901946e-06
linear_survival,object,180.0,5.0,185.0,11629,0,7.804999430555829e-06,0.0,7.804999430555829e-06,7.80499943055583e-06
linear_survival,token,180.0,5.0,185.0,11629,0,5.320317273315381e-06,0.0,5.320317273315381e-06,5.32031727331538e-06
linear_survival,object,180.0,10.0,190.0,11629,0,1.5609998861111745e-05,0.0,1.5609998861111745e-05,1.5609998861111745e-05
linear_survival,token,180.0,10.0,190.0,11629,0,1.0640634546633489e-05,0.0,1.0640634546633489e-05,1.0640634546633487e-05
linear_survival,object,180.0,20.0,200.0,11629,0,3.121999772222261e-05,0.0,3.121999772222261e-05,3.121999772222261e-05
linear_survival,token,180.0,20.0,200.0,11629,0,2.1281269093264793e-05,0.0,2.1281269093264793e-05,2.1281269093264793e-05
linear_survival,object,180.0,30.0,210.0,11629,0,4.6829996583334596e-05,0.0,4.6829996583334596e-05,4.6829996583334596e-05
linear_survival,token,180.0,30.0,210.0,11629,0,3.192190363990185e-05,0.0,3.192190363990185e-05,3.1921903639901846e-05
linear_survival,object,180.0,60.0,240.0,11629,0,9.365999316666625e-05,0.0,9.365999316666625e-05,9.365999316666625e-05
linear_survival,token,180.0,60.0,240.0,11629,0,6.384380727979719e-05,0.0,6.384380727979719e-05,6.384380727979719e-05
linear_survival,object,180.0,120.0,300.0,11629,0,0.00018731998633333448,0.0,0.00018731998633333448,0.00018731998633333448
linear_survival,token,180.0,120.0,300.0,11629,0,0.00012768761455959297,0.0,0.00012768761455959297,0.00012768761455959294
linear_survival,object,180.0,180.0,360.0,11629,0,0.0002809799795000023,0.0,0.0002809799795000023,0.00028097997950000226
linear_survival,token,180.0,180.0,360.0,11629,0,0.00019153142183939338,0.0,0.00019153142183939338,0.00019153142183939338
linear_survival,object,180.0,300.0,480.0,11629,0,0.00046829996583333755,0.0,0.00046829996583333755,0.00046829996583333744
linear_survival,token,180.0,300.0,480.0,11629,0,0.0003192190363989855,0.0,0.0003192190363989855,0.0003192190363989855
linear_survival,object,180.0,600.0,780.0,11629,0,0.000769746269120739,0.0,0.000769746269120739,0.0007697462691207389
linear_survival,token,180.0,600.0,780.0,11629,0,0.0005272476834690985,0.0,0.0005272476834690985,0.0005272476834690986
linear_survival,object,180.0,900.0,1080.0,11629,0,0.0009599567493441605,0.0,0.0009599567493441605,0.0009599567493441606
linear_survival,token,180.0,900.0,1080.0,11629,0,0.0006611494268409326,0.0,0.0006611494268409326,0.0006611494268409326
linear_survival,object,180.0,1200.0,1380.0,11629,0,0.0011501672295675832,0.0,0.0011501672295675832,0.001150167229567583
linear_survival,token,180.0,1200.0,1380.0,11629,0,0.0007950511702127627,0.0,0.0007950511702127627,0.0007950511702127628
linear_survival,object,180.0,1800.0,1980.0,11629,0,0.002074958980490006,0.0,0.002074958980490006,0.002074958980490006
linear_survival,token,180.0,1800.0,1980.0,11629,0,0.0012202183651421968,0.0,0.0012202183651421968,0.0012202183651421968
linear_survival,object,180.0,2400.0,2580.0,11629,0,0.00426994922204775,0.0,0.00426994922204775,0.00426994922204775
linear_survival,token,180.0,2400.0,2580.0,11629,0,0.002012567415394032,0.0,0.002012567415394032,0.002012567415394032
linear_survival,object,180.0,3600.0,3780.0,11629,142,0.008659929705163235,0.012210852179895149,-0.0035509224747319133,0.006864499801150788
linear_survival,token,180.0,3600.0,3780.0,11629,142,0.0035972655158977053,0.004688850875105066,-0.0010915853592073609,0.0032713101924667673
linear_survival,object,300.0,1.0,301.0,11629,0,1.561607057954818e-06,0.0,1.561607057954818e-06,1.561607057954818e-06
linear_survival,token,300.0,1.0,301.0,11629,0,1.0644003418157952e-06,0.0,1.0644003418157952e-06,1.064400341815795e-06
linear_survival,object,300.0,2.0,302.0,11629,0,3.1232141159082036e-06,0.0,3.1232141159082036e-06,3.1232141159082036e-06
linear_survival,token,300.0,2.0,302.0,11629,0,2.1288006836278262e-06,0.0,2.1288006836278262e-06,2.1288006836278262e-06
linear_survival,object,300.0,3.0,303.0,11629,0,4.684821173861274e-06,0.0,4.684821173861274e-06,4.684821173861275e-06
linear_survival,token,300.0,3.0,303.0,11629,0,3.193201025444611e-06,0.0,3.193201025444611e-06,3.193201025444611e-06
linear_survival,object,300.0,5.0,305.0,11629,0,7.808035289766605e-06,0.0,7.808035289766605e-06,7.808035289766605e-06
linear_survival,token,300.0,5.0,305.0,11629,0,5.322001709070054e-06,0.0,5.322001709070054e-06,5.322001709070053e-06
linear_survival,object,300.0,10.0,310.0,11629,0,1.5616070579534422e-05,0.0,1.5616070579534422e-05,1.5616070579534422e-05
linear_survival,token,300.0,10.0,310.0,11629,0,1.0644003418143037e-05,0.0,1.0644003418143037e-05,1.0644003418143039e-05
linear_survival,object,300.0,20.0,320.0,11629,0,3.123214115906642e-05,0.0,3.123214115906642e-05,3.123214115906642e-05
linear_survival,token,300.0,20.0,320.0,11629,0,2.1288006836277475e-05,0.0,2.1288006836277475e-05,2.128800683627748e-05
linear_survival,object,300.0,30.0,330.0,11629,0,4.684821173860106e-05,0.0,4.684821173860106e-05,4.684821173860106e-05
linear_survival,token,300.0,30.0,330.0,11629,0,3.193201025441308e-05,0.0,3.193201025441308e-05,3.1932010254413074e-05
linear_survival,object,300.0,60.0,360.0,11629,0,9.369642347720222e-05,0.0,9.369642347720222e-05,9.369642347720222e-05
linear_survival,token,300.0,60.0,360.0,11629,0,6.386402050882978e-05,0.0,6.386402050882978e-05,6.386402050882978e-05
linear_survival,object,300.0,120.0,420.0,11629,0,0.0001873928469544047,0.0,0.0001873928469544047,0.00018739284695440468
linear_survival,token,300.0,120.0,420.0,11629,0,0.000127728041017655,0.0,0.000127728041017655,0.000127728041017655
linear_survival,object,300.0,180.0,480.0,11629,0,0.00028108927043160776,0.0,0.00028108927043160776,0.00028108927043160776
linear_survival,token,300.0,180.0,480.0,11629,0,0.00019159206152648243,0.0,0.00019159206152648243,0.0001915920615264824
linear_survival,object,300.0,300.0,600.0,11629,0,0.000468482146206522,0.0,0.000468482146206522,0.0004684821462065219
linear_survival,token,300.0,300.0,600.0,11629,0,0.00031932008901743757,0.0,0.00031932008901743757,0.00031932008901743757
linear_survival,object,300.0,600.0,900.0,11629,0,0.0006587663751393276,0.0,0.0006587663751393276,0.0006587663751393277
linear_survival,token,300.0,600.0,900.0,11629,0,0.00045326379102512846,0.0,0.00045326379102512846,0.00045326379102512846
linear_survival,object,300.0,900.0,1200.0,11629,0,0.0008490506040721337,0.0,0.0008490506040721337,0.0008490506040721337
linear_survival,token,300.0,900.0,1200.0,11629,0,0.0005872074930328145,0.0,0.0005872074930328145,0.0005872074930328145
linear_survival,object,300.0,1200.0,1500.0,11629,0,0.0010393348330049374,0.0,0.0010393348330049374,0.0010393348330049374
linear_survival,token,300.0,1200.0,1500.0,11629,0,0.0007211511950405082,0.0,0.0007211511950405082,0.0007211511950405083
linear_survival,object,300.0,1800.0,2100.0,11629,0,0.0023272969836790358,0.0,0.0023272969836790358,0.0023272969836790358
linear_survival,token,300.0,1800.0,2100.0,11629,0,0.0012513411697809402,0.0,0.0012513411697809402,0.0012513411697809404
linear_survival,object,300.0,2400.0,2700.0,11629,0,0.004522652814863956,0.0,0.004522652814863956,0.004522652814863956
linear_survival,token,300.0,2400.0,2700.0,11629,0,0.002043833637037859,0.0,0.002043833637037859,0.002043833637037859
linear_survival,object,300.0,3600.0,3900.0,11629,142,0.008913364477233796,0.012210852179895149,-0.0032974877026613527,0.0065956068242447085
linear_survival,token,300.0,3600.0,3900.0,11629,142,0.0036288185715516973,0.004688850875105066,-0.0010600323035533689,0.0031672522023387965
linear_survival,object,600.0,1.0,601.0,11629,0,6.348966508884417e-07,0.0,6.348966508884417e-07,6.348966508884417e-07
linear_survival,token,600.0,1.0,601.0,11629,0,4.468292912678479e-07,0.0,4.468292912678479e-07,4.4682929126784797e-07
linear_survival,object,600.0,2.0,602.0,11629,0,1.2697933017738953e-06,0.0,1.2697933017738953e-06,1.2697933017738953e-06
linear_survival,token,600.0,2.0,602.0,11629,0,8.936585825362137e-07,0.0,8.936585825362137e-07,8.936585825362137e-07
linear_survival,object,600.0,3.0,603.0,11629,0,1.9046899526596734e-06,0.0,1.9046899526596734e-06,1.9046899526596732e-06
linear_survival,token,600.0,3.0,603.0,11629,0,1.3404878738014449e-06,0.0,1.3404878738014449e-06,1.3404878738014449e-06
linear_survival,object,600.0,5.0,605.0,11629,0,3.17448325443291e-06,0.0,3.17448325443291e-06,3.17448325443291e-06
linear_survival,token,600.0,5.0,605.0,11629,0,2.234146456340109e-06,0.0,2.234146456340109e-06,2.2341464563401086e-06
linear_survival,object,600.0,10.0,610.0,11629,0,6.34896650886265e-06,0.0,6.34896650886265e-06,6.34896650886265e-06
linear_survival,token,600.0,10.0,610.0,11629,0,4.468292912672997e-06,0.0,4.468292912672997e-06,4.468292912672997e-06
linear_survival,object,600.0,20.0,620.0,11629,0,1.269793301772471e-05,0.0,1.269793301772471e-05,1.269793301772471e-05
linear_survival,token,600.0,20.0,620.0,11629,0,8.936585825345267e-06,0.0,8.936585825345267e-06,8.936585825345267e-06
linear_survival,object,600.0,30.0,630.0,11629,0,1.9046899526587626e-05,0.0,1.9046899526587626e-05,1.9046899526587626e-05
linear_survival,token,600.0,30.0,630.0,11629,0,1.3404878738017438e-05,0.0,1.3404878738017438e-05,1.3404878738017436e-05
linear_survival,object,600.0,60.0,660.0,11629,0,3.809379905317219e-05,0.0,3.809379905317219e-05,3.809379905317218e-05
linear_survival,token,600.0,60.0,660.0,11629,0,2.6809757476039443e-05,0.0,2.6809757476039443e-05,2.6809757476039436e-05
linear_survival,object,600.0,120.0,720.0,11629,0,7.618759810634138e-05,0.0,7.618759810634138e-05,7.618759810634138e-05
linear_survival,token,600.0,120.0,720.0,11629,0,5.36195149520765e-05,0.0,5.36195149520765e-05,5.361951495207651e-05
linear_survival,object,600.0,180.0,780.0,11629,0,0.00011428139715951296,0.0,0.00011428139715951296,0.00011428139715951297
linear_survival,token,600.0,180.0,780.0,11629,0,8.042927242811422e-05,0.0,8.042927242811422e-05,8.042927242811425e-05
linear_survival,object,600.0,300.0,900.0,11629,0,0.00019046899526585503,0.0,0.00019046899526585503,0.00019046899526585503
linear_survival,token,600.0,300.0,900.0,11629,0,0.00013404878738018736,0.0,0.00013404878738018736,0.0001340487873801874
linear_survival,object,600.0,600.0,1200.0,11629,0,0.00038093799053170947,0.0,0.00038093799053170947,0.0003809379905317094
linear_survival,token,600.0,600.0,1200.0,11629,0,0.0002680975747603716,0.0,0.0002680975747603716,0.0002680975747603716
linear_survival,object,600.0,900.0,1500.0,11629,0,0.0005714069857975623,0.0,0.0005714069857975623,0.0005714069857975623
linear_survival,token,600.0,900.0,1500.0,11629,0,0.0004021463621405642,0.0,0.0004021463621405642,0.0004021463621405642
linear_survival,object,600.0,1200.0,1800.0,11629,0,0.000761875987228584,0.0,0.000761875987228584,0.0007618759872285841
linear_survival,token,600.0,1200.0,1800.0,11629,0,0.000536195188552288,0.0,0.000536195188552288,0.0005361951885522881
linear_survival,object,600.0,1800.0,2400.0,11629,0,0.002958147383161931,0.0,0.002958147383161931,0.0029581473831619305
linear_survival,token,600.0,1800.0,2400.0,11629,0,0.001329046773276475,0.0,0.001329046773276475,0.001329046773276475
linear_survival,object,600.0,2400.0,3000.0,11629,0,0.005154418779095279,0.0,0.005154418779095279,0.005154418779095278
linear_survival,token,600.0,2400.0,3000.0,11629,0,0.0021218983580006635,0.0,0.0021218983580006635,0.0021218983580006635
linear_survival,object,600.0,3600.0,4200.0,11629,142,0.00954696157096197,0.012210852179895149,-0.0026638906089331785,0.005911268205277977
linear_survival,token,600.0,3600.0,4200.0,11629,142,0.003707601527449031,0.004688850875105066,-0.000981249347656035,0.0030427213903482134
linear_survival,object,900.0,1.0,901.0,11629,0,6.351473928103215e-07,0.0,6.351473928103215e-07,6.351473928103215e-07
linear_survival,token,900.0,1.0,901.0,11629,0,4.469755425414607e-07,0.0,4.469755425414607e-07,4.469755425414607e-07
linear_survival,object,900.0,2.0,902.0,11629,0,1.2702947856211968e-06,0.0,1.2702947856211968e-06,1.2702947856211968e-06
linear_survival,token,900.0,2.0,902.0,11629,0,8.939510850818529e-07,0.0,8.939510850818529e-07,8.939510850818529e-07
linear_survival,object,900.0,3.0,903.0,11629,0,1.9054421784306876e-06,0.0,1.9054421784306876e-06,1.9054421784306876e-06
linear_survival,token,900.0,3.0,903.0,11629,0,1.340926627622622e-06,0.0,1.340926627622622e-06,1.3409266276226218e-06
linear_survival,object,900.0,5.0,905.0,11629,0,3.1757369640526865e-06,0.0,3.1757369640526865e-06,3.1757369640526865e-06
linear_survival,token,900.0,5.0,905.0,11629,0,2.234877712702509e-06,0.0,2.234877712702509e-06,2.234877712702509e-06
linear_survival,object,900.0,10.0,910.0,11629,0,6.351473928101611e-06,0.0,6.351473928101611e-06,6.351473928101611e-06
linear_survival,token,900.0,10.0,910.0,11629,0,4.469755425406495e-06,0.0,4.469755425406495e-06,4.469755425406495e-06
linear_survival,object,900.0,20.0,920.0,11629,0,1.2702947856202792e-05,0.0,1.2702947856202792e-05,1.2702947856202792e-05
linear_survival,token,900.0,20.0,920.0,11629,0,8.939510850813515e-06,0.0,8.939510850813515e-06,8.939510850813515e-06
linear_survival,object,900.0,30.0,930.0,11629,0,1.905442178430511e-05,0.0,1.905442178430511e-05,1.905442178430511e-05
linear_survival,token,900.0,30.0,930.0,11629,0,1.3409266276214077e-05,0.0,1.3409266276214077e-05,1.3409266276214077e-05
linear_survival,object,900.0,60.0,960.0,11629,0,3.810884356860982e-05,0.0,3.810884356860982e-05,3.810884356860982e-05
linear_survival,token,900.0,60.0,960.0,11629,0,2.6818532552437414e-05,0.0,2.6818532552437414e-05,2.6818532552437417e-05
linear_survival,object,900.0,120.0,1020.0,11629,0,7.621768713721976e-05,0.0,7.621768713721976e-05,7.621768713721977e-05
linear_survival,token,900.0,120.0,1020.0,11629,0,5.363706510487179e-05,0.0,5.363706510487179e-05,5.36370651048718e-05
linear_survival,object,900.0,180.0,1080.0,11629,0,0.00011432653070583051,0.0,0.00011432653070583051,0.00011432653070583051
linear_survival,token,900.0,180.0,1080.0,11629,0,8.04555976573116e-05,0.0,8.04555976573116e-05,8.045559765731158e-05
linear_survival,object,900.0,300.0,1200.0,11629,0,0.00019054421784305264,0.0,0.00019054421784305264,0.00019054421784305266
linear_survival,token,900.0,300.0,1200.0,11629,0,0.00013409266276217814,0.0,0.00013409266276217814,0.00013409266276217816
linear_survival,object,900.0,600.0,1500.0,11629,0,0.00038108843568610413,0.0,0.00038108843568610413,0.0003810884356861041
linear_survival,token,900.0,600.0,1500.0,11629,0,0.000268185325524372,0.0,0.000268185325524372,0.000268185325524372
linear_survival,object,900.0,900.0,1800.0,11629,0,0.0005716326596979129,0.0,0.0005716326596979129,0.000571632659697913
linear_survival,token,900.0,900.0,1800.0,11629,0,0.0004022780272872617,0.0,0.0004022780272872617,0.00040227802728726164
linear_survival,object,900.0,1200.0,2100.0,11629,0,0.0016699393192859669,0.0,0.0016699393192859669,0.0016699393192859666
linear_survival,token,900.0,1200.0,2100.0,11629,0,0.0007987743068788166,0.0,0.0007987743068788166,0.0007987743068788163
linear_survival,object,900.0,1800.0,2700.0,11629,0,0.0038665526384620698,0.0,0.0038665526384620698,0.0038665526384620698
linear_survival,token,900.0,1800.0,2700.0,11629,0,0.0015917668660619022,0.0,0.0015917668660619022,0.0015917668660619022
linear_survival,object,900.0,2400.0,3300.0,11629,0,0.006063165957638173,0.0,0.006063165957638173,0.006063165957638174
linear_survival,token,900.0,2400.0,3300.0,11629,0,0.0023847594252449874,0.0,0.0023847594252449874,0.002384759425244987
linear_survival,object,900.0,3600.0,4500.0,11629,142,0.010456392595990382,0.012210852179895149,-0.0017544595839047664,0.005368348516861637
linear_survival,token,900.0,3600.0,4500.0,11629,142,0.003970744543611174,0.004688850875105066,-0.0007181063314938918,0.0029469804926728713
linear_survival,object,1200.0,1.0,1201.0,11629,0,6.353984421938944e-07,0.0,6.353984421938944e-07,6.353984421938944e-07
linear_survival,token,1200.0,1.0,1201.0,11629,0,4.4712194650584073e-07,0.0,4.4712194650584073e-07,4.4712194650584073e-07
linear_survival,object,1200.0,2.0,1202.0,11629,0,1.2707968843888293e-06,0.0,1.2707968843888293e-06,1.2707968843888293e-06
linear_survival,token,1200.0,2.0,1202.0,11629,0,8.94243893013181e-07,0.0,8.94243893013181e-07,8.942438930131811e-07
linear_survival,object,1200.0,3.0,1203.0,11629,0,1.9061953265828955e-06,0.0,1.9061953265828955e-06,1.9061953265828955e-06
linear_survival,token,1200.0,3.0,1203.0,11629,0,1.341365839516896e-06,0.0,1.341365839516896e-06,1.3413658395168962e-06
linear_survival,object,1200.0,5.0,1205.0,11629,0,3.176992210970417e-06,0.0,3.176992210970417e-06,3.1769922109704166e-06
linear_survival,token,1200.0,5.0,1205.0,11629,0,2.2356097325230496e-06,0.0,2.2356097325230496e-06,2.23560973252305e-06
linear_survival,object,1200.0,10.0,1210.0,11629,0,6.353984421944328e-06,0.0,6.353984421944328e-06,6.353984421944328e-06
linear_survival,token,1200.0,10.0,1210.0,11629,0,4.471219465040233e-06,0.0,4.471219465040233e-06,4.471219465040233e-06
linear_survival,object,1200.0,20.0,1220.0,11629,0,1.2707968843888495e-05,0.0,1.2707968843888495e-05,1.2707968843888493e-05
linear_survival,token,1200.0,20.0,1220.0,11629,0,8.9424389300819e-06,0.0,8.9424389300819e-06,8.942438930081898e-06
linear_survival,object,1200.0,30.0,1230.0,11629,0,1.9061953265832965e-05,0.0,1.9061953265832965e-05,1.9061953265832965e-05
linear_survival,token,1200.0,30.0,1230.0,11629,0,1.3413658395108657e-05,0.0,1.3413658395108657e-05,1.3413658395108654e-05
linear_survival,object,1200.0,60.0,1260.0,11629,0,3.8123906531664826e-05,0.0,3.8123906531664826e-05,3.8123906531664826e-05
linear_survival,token,1200.0,60.0,1260.0,11629,0,2.6827316790217216e-05,0.0,2.6827316790217216e-05,2.6827316790217216e-05
linear_survival,object,1200.0,120.0,1320.0,11629,0,7.624781306332926e-05,0.0,7.624781306332926e-05,7.624781306332926e-05
linear_survival,token,1200.0,120.0,1320.0,11629,0,5.365463358043084e-05,0.0,5.365463358043084e-05,5.365463358043085e-05
linear_survival,object,1200.0,180.0,1380.0,11629,0,0.00011437171959499398,0.0,0.00011437171959499398,0.00011437171959499396
linear_survival,token,1200.0,180.0,1380.0,11629,0,8.048195037064479e-05,0.0,8.048195037064479e-05,8.048195037064477e-05
linear_survival,object,1200.0,300.0,1500.0,11629,0,0.00019061953265832302,0.0,0.00019061953265832302,0.000190619532658323
linear_survival,token,1200.0,300.0,1500.0,11629,0,0.0001341365839510725,0.0,0.0001341365839510725,0.00013413658395107248
linear_survival,object,1200.0,600.0,1800.0,11629,0,0.0003812390714889943,0.0,0.0003812390714889943,0.00038123907148899426
linear_survival,token,1200.0,600.0,1800.0,11629,0,0.000268273206871979,0.0,0.000268273206871979,0.00026827320687197904
linear_survival,object,1200.0,900.0,2100.0,11629,0,0.0014797168700665022,0.0,0.0014797168700665022,0.0014797168700665022
linear_survival,token,1200.0,900.0,2100.0,11629,0,0.0006648400409734326,0.0,0.0006648400409734326,0.0006648400409734326
linear_survival,object,1200.0,1200.0,2400.0,11629,0,0.0025781946686440067,0.0,0.0025781946686440067,0.0025781946686440067
linear_survival,token,1200.0,1200.0,2400.0,11629,0,0.0010614068750748654,0.0,0.0010614068750748654,0.0010614068750748652
linear_survival,object,1200.0,1800.0,3000.0,11629,0,0.004775150265799017,0.0,0.004775150265799017,0.004775150265799017
linear_survival,token,1200.0,1800.0,3000.0,11629,0,0.0018545405432777524,0.0,0.0018545405432777524,0.0018545405432777527
linear_survival,object,1200.0,2400.0,3600.0,11629,142,0.006972105862954026,0.012210852179895149,-0.0052387463169411225,0.007123160716741654
linear_survival,token,1200.0,2400.0,3600.0,11629,142,0.0026476742114806356,0.004688850875105066,-0.0020411766636244306,0.00323439868559956
linear_survival,object,1200.0,3600.0,4800.0,11629,142,0.011366017057264052,0.012210852179895149,-0.0008448351226310966,0.0048222436032670166
linear_survival,token,1200.0,3600.0,4800.0,11629,142,0.004233941547886413,0.004688850875105066,-0.0004549093272186531,0.0028689142911651057
linear_survival,object,1800.0,1.0,1801.0,11629,0,3.6627353698276473e-06,0.0,3.6627353698276473e-06,3.6627353698276473e-06
linear_survival,token,1800.0,1.0,1801.0,11629,0,1.3223604852875952e-06,0.0,1.3223604852875952e-06,1.3223604852875952e-06
linear_survival,object,1800.0,2.0,1802.0,11629,0,7.32547073965497e-06,0.0,7.32547073965497e-06,7.32547073965497e-06
linear_survival,token,1800.0,2.0,1802.0,11629,0,2.6447209705764727e-06,0.0,2.6447209705764727e-06,2.6447209705764727e-06
linear_survival,object,1800.0,3.0,1803.0,11629,0,1.0988206109480164e-05,0.0,1.0988206109480164e-05,1.0988206109480164e-05
linear_survival,token,1800.0,3.0,1803.0,11629,0,3.967081455857804e-06,0.0,3.967081455857804e-06,3.967081455857804e-06
linear_survival,object,1800.0,5.0,1805.0,11629,0,1.831367684913752e-05,0.0,1.831367684913752e-05,1.831367684913752e-05
linear_survival,token,1800.0,5.0,1805.0,11629,0,6.611802426431108e-06,0.0,6.611802426431108e-06,6.611802426431108e-06
linear_survival,object,1800.0,10.0,1810.0,11629,0,3.662735369827081e-05,0.0,3.662735369827081e-05,3.662735369827081e-05
linear_survival,token,1800.0,10.0,1810.0,11629,0,1.3223604852859835e-05,0.0,1.3223604852859835e-05,1.3223604852859833e-05
linear_survival,object,1800.0,20.0,1820.0,11629,0,7.325470739654272e-05,0.0,7.325470739654272e-05,7.325470739654272e-05
linear_survival,token,1800.0,20.0,1820.0,11629,0,2.6447209705711454e-05,0.0,2.6447209705711454e-05,2.6447209705711454e-05
linear_survival,object,1800.0,30.0,1830.0,11629,0,0.00010988206109480967,0.0,0.00010988206109480967,0.00010988206109480969
linear_survival,token,1800.0,30.0,1830.0,11629,0,3.967081455856289e-05,0.0,3.967081455856289e-05,3.9670814558562885e-05
linear_survival,object,1800.0,60.0,1860.0,11629,0,0.0002197641221896198,0.0,0.0002197641221896198,0.0002197641221896198
linear_survival,token,1800.0,60.0,1860.0,11629,0,7.934162911712496e-05,0.0,7.934162911712496e-05,7.934162911712494e-05
linear_survival,object,1800.0,120.0,1920.0,11629,0,0.0004395282443792385,0.0,0.0004395282443792385,0.00043952824437923854
linear_survival,token,1800.0,120.0,1920.0,11629,0,0.00015868325823424734,0.0,0.00015868325823424734,0.0001586832582342473
linear_survival,object,1800.0,180.0,1980.0,11629,0,0.0006592923665688567,0.0,0.0006592923665688567,0.0006592923665688567
linear_survival,token,1800.0,180.0,1980.0,11629,0,0.000238024887351375,0.0,0.000238024887351375,0.00023802488735137506
linear_survival,object,1800.0,300.0,2100.0,11629,0,0.001098820610948096,0.0,0.001098820610948096,0.0010988206109480959
linear_survival,token,1800.0,300.0,2100.0,11629,0,0.0003967081455856269,0.0,0.0003967081455856269,0.0003967081455856269
linear_survival,object,1800.0,600.0,2400.0,11629,0,0.0021976412218961882,0.0,0.0021976412218961882,0.0021976412218961882
linear_survival,token,1800.0,600.0,2400.0,11629,0,0.0007934162911712357,0.0,0.0007934162911712357,0.0007934162911712355
linear_survival,object,1800.0,900.0,2700.0,11629,0,0.003296461832844281,0.0,0.003296461832844281,0.0032964618328442815
linear_survival,token,1800.0,900.0,2700.0,11629,0,0.0011901244367568543,0.0,0.0011901244367568543,0.001190124436756854
linear_survival,object,1800.0,1200.0,3000.0,11629,0,0.004395282443792375,0.0,0.004395282443792375,0.004395282443792375
linear_survival,token,1800.0,1200.0,3000.0,11629,0,0.0015868325823424696,0.0,0.0015868325823424696,0.0015868325823424696
linear_survival,object,1800.0,1800.0,3600.0,11629,142,0.00659292366568856,0.012210852179895149,-0.005617928514206588,0.007443138601990538
linear_survival,token,1800.0,1800.0,3600.0,11629,142,0.0023802488735137016,0.004688850875105066,-0.0023086020015913645,0.003361796312208313
linear_survival,object,1800.0,2400.0,4200.0,11629,142,0.008790564887584748,0.012210852179895149,-0.003420287292310401,0.006107284833573886
linear_survival,token,1800.0,2400.0,4200.0,11629,142,0.003173665164684934,0.004688850875105066,-0.001515185710420132,0.003088821276113361
linear_survival,object,1800.0,3600.0,5400.0,11629,142,0.01318584733137712,0.012210852179895149,0.0009749951514819721,0.0038957989112069543
linear_survival,token,1800.0,3600.0,5400.0,11629,142,0.0047604977470274016,0.004688850875105066,7.164687192233541e-05,0.0032715981385542715
linear_survival,object,2400.0,1.0,2401.0,11629,0,3.7960943359544764e-06,0.0,3.7960943359544764e-06,3.7960943359544764e-06
linear_survival,token,2400.0,1.0,2401.0,11629,0,1.3497525684860843e-06,0.0,1.3497525684860843e-06,1.3497525684860841e-06
linear_survival,object,2400.0,2.0,2402.0,11629,0,7.592188671909545e-06,0.0,7.592188671909545e-06,7.592188671909545e-06
linear_survival,token,2400.0,2.0,2402.0,11629,0,2.6995051369713703e-06,0.0,2.6995051369713703e-06,2.69950513697137e-06
linear_survival,object,2400.0,3.0,2403.0,11629,0,1.1388283007863945e-05,0.0,1.1388283007863945e-05,1.1388283007863946e-05
linear_survival,token,2400.0,3.0,2403.0,11629,0,4.049257705457458e-06,0.0,4.049257705457458e-06,4.049257705457457e-06
linear_survival,object,2400.0,5.0,2405.0,11629,0,1.8980471679772536e-05,0.0,1.8980471679772536e-05,1.8980471679772536e-05
linear_survival,token,2400.0,5.0,2405.0,11629,0,6.748762842427399e-06,0.0,6.748762842427399e-06,6.748762842427399e-06
linear_survival,object,2400.0,10.0,2410.0,11629,0,3.796094335954737e-05,0.0,3.796094335954737e-05,3.796094335954737e-05
linear_survival,token,2400.0,10.0,2410.0,11629,0,1.3497525684855434e-05,0.0,1.3497525684855434e-05,1.3497525684855434e-05
linear_survival,object,2400.0,20.0,2420.0,11629,0,7.592188671909413e-05,0.0,7.592188671909413e-05,7.592188671909413e-05
linear_survival,token,2400.0,20.0,2420.0,11629,0,2.6995051369710126e-05,0.0,2.6995051369710126e-05,2.6995051369710123e-05
linear_survival,object,2400.0,30.0,2430.0,11629,0,0.00011388283007864082,0.0,0.00011388283007864082,0.00011388283007864082
linear_survival,token,2400.0,30.0,2430.0,11629,0,4.049257705456308e-05,0.0,4.049257705456308e-05,4.0492577054563074e-05
linear_survival,object,2400.0,60.0,2460.0,11629,0,0.00022776566015728073,0.0,0.00022776566015728073,0.00022776566015728073
linear_survival,token,2400.0,60.0,2460.0,11629,0,8.09851541091204e-05,0.0,8.09851541091204e-05,8.09851541091204e-05
linear_survival,object,2400.0,120.0,2520.0,11629,0,0.00045553132031456113,0.0,0.00045553132031456113,0.00045553132031456113
linear_survival,token,2400.0,120.0,2520.0,11629,0,0.0001619703082182466,0.0,0.0001619703082182466,0.0001619703082182466
linear_survival,object,2400.0,180.0,2580.0,11629,0,0.0006832969804718437,0.0,0.0006832969804718437,0.0006832969804718438
linear_survival,token,2400.0,180.0,2580.0,11629,0,0.00024295546232737318,0.0,0.00024295546232737318,0.00024295546232737318
linear_survival,object,2400.0,300.0,2700.0,11629,0,0.0011388283007864066,0.0,0.0011388283007864066,0.0011388283007864063
linear_survival,token,2400.0,300.0,2700.0,11629,0,0.0004049257705456202,0.0,0.0004049257705456202,0.00040492577054562025
linear_survival,object,2400.0,600.0,3000.0,11629,0,0.002277656601572811,0.0,0.002277656601572811,0.002277656601572811
linear_survival,token,2400.0,600.0,3000.0,11629,0,0.0008098515410912324,0.0,0.0008098515410912324,0.0008098515410912323
linear_survival,object,2400.0,900.0,3300.0,11629,0,0.0034164849023592164,0.0,0.0034164849023592164,0.003416484902359216
linear_survival,token,2400.0,900.0,3300.0,11629,0,0.001214777311636848,0.0,0.001214777311636848,0.001214777311636848
linear_survival,object,2400.0,1200.0,3600.0,11629,142,0.004555313203145622,0.012210852179895149,-0.007655538976749527,0.008644628329874194
linear_survival,token,2400.0,1200.0,3600.0,11629,142,0.0016197030821824626,0.004688850875105066,-0.003069147792922604,0.00368618315326536
linear_survival,object,2400.0,1800.0,4200.0,11629,142,0.006832969804718433,0.012210852179895149,-0.005377882375176716,0.007205484071903047
linear_survival,token,2400.0,1800.0,4200.0,11629,142,0.002429554623273693,0.004688850875105066,-0.002259296251831373,0.0033136006721095263
linear_survival,object,2400.0,2400.0,4800.0,11629,142,0.009110626406291247,0.012210852179895149,-0.0031002257736039013,0.0057907788335856865
linear_survival,token,2400.0,2400.0,4800.0,11629,142,0.0032394061643649303,0.004688850875105066,-0.0014494447107401358,0.003024560422648326
linear_survival,object,2400.0,3600.0,6000.0,11629,142,0.013665939609436868,0.012210852179895149,0.001455087429541719,0.0034248632436329842
linear_survival,token,2400.0,3600.0,6000.0,11629,142,0.004859109246547387,0.004688850875105066,0.00017025837144232087,0.0033697318919212117
linear_survival,object,3600.0,1.0,3601.0,11311,0,3.6015378806889405e-06,0.0,3.6015378806889405e-06,3.6015378806889405e-06
linear_survival,token,3600.0,1.0,3601.0,11311,0,1.3202708232593198e-06,0.0,1.3202708232593198e-06,1.3202708232593198e-06
linear_survival,object,3600.0,2.0,3602.0,11311,0,7.2030757613787255e-06,0.0,7.2030757613787255e-06,7.203075761378725e-06
linear_survival,token,3600.0,2.0,3602.0,11311,0,2.640541646518226e-06,0.0,2.640541646518226e-06,2.640541646518226e-06
linear_survival,object,3600.0,3.0,3603.0,11311,0,1.0804613642066694e-05,0.0,1.0804613642066694e-05,1.0804613642066694e-05
linear_survival,token,3600.0,3.0,3603.0,11311,0,3.96081246977175e-06,0.0,3.96081246977175e-06,3.960812469771749e-06
linear_survival,object,3600.0,5.0,3605.0,11311,0,1.8007689403444822e-05,0.0,1.8007689403444822e-05,1.800768940344482e-05
linear_survival,token,3600.0,5.0,3605.0,11311,0,6.6013541162838585e-06,0.0,6.6013541162838585e-06,6.6013541162838585e-06
linear_survival,object,3600.0,10.0,3610.0,11311,0,3.601537880688867e-05,0.0,3.601537880688867e-05,3.6015378806888675e-05
linear_survival,token,3600.0,10.0,3610.0,11311,0,1.3202708232572454e-05,0.0,1.3202708232572454e-05,1.3202708232572452e-05
linear_survival,object,3600.0,20.0,3620.0,11311,0,7.203075761377304e-05,0.0,7.203075761377304e-05,7.203075761377304e-05
linear_survival,token,3600.0,20.0,3620.0,11311,0,2.640541646514026e-05,0.0,2.640541646514026e-05,2.6405416465140262e-05
linear_survival,object,3600.0,30.0,3630.0,11311,0,0.00010804613642065926,0.0,0.00010804613642065926,0.00010804613642065928
linear_survival,token,3600.0,30.0,3630.0,11311,0,3.960812469771135e-05,0.0,3.960812469771135e-05,3.960812469771135e-05
linear_survival,object,3600.0,60.0,3660.0,11311,0,0.00021609227284132,0.0,0.00021609227284132,0.00021609227284132
linear_survival,token,3600.0,60.0,3660.0,11311,0,7.921624939542228e-05,0.0,7.921624939542228e-05,7.921624939542228e-05
linear_survival,object,3600.0,120.0,3720.0,11311,0,0.00043218454568263824,0.0,0.00043218454568263824,0.00043218454568263824
linear_survival,token,3600.0,120.0,3720.0,11311,0,0.00015843249879084274,0.0,0.00015843249879084274,0.00015843249879084274
linear_survival,object,3600.0,180.0,3780.0,11311,0,0.0006482768185239541,0.0,0.0006482768185239541,0.0006482768185239541
linear_survival,token,3600.0,180.0,3780.0,11311,0,0.0002376487481862648,0.0,0.0002376487481862648,0.0002376487481862648
linear_survival,object,3600.0,300.0,3900.0,11311,0,0.001080461364206591,0.0,0.001080461364206591,0.0010804613642065907
linear_survival,token,3600.0,300.0,3900.0,11311,0,0.00039608124697710755,0.0,0.00039608124697710755,0.00039608124697710755
linear_survival,object,3600.0,600.0,4200.0,11311,0,0.0021609227284131796,0.0,0.0021609227284131796,0.002160922728413179
linear_survival,token,3600.0,600.0,4200.0,11311,0,0.000792162493954213,0.0,0.000792162493954213,0.0007921624939542132
linear_survival,object,3600.0,900.0,4500.0,11311,0,0.0032413840926197716,0.0,0.0032413840926197716,0.0032413840926197716
linear_survival,token,3600.0,900.0,4500.0,11311,0,0.0011882437409313261,0.0,0.0011882437409313261,0.0011882437409313263
linear_survival,object,3600.0,1200.0,4800.0,11311,0,0.004321845456826362,0.0,0.004321845456826362,0.004321845456826362
linear_survival,token,3600.0,1200.0,4800.0,11311,0,0.0015843249879084322,0.0,0.0015843249879084322,0.0015843249879084324
linear_survival,object,3600.0,1800.0,5400.0,11311,0,0.0064827681852395415,0.0,0.0064827681852395415,0.006482768185239541
linear_survival,token,3600.0,1800.0,5400.0,11311,0,0.002376487481862645,0.0,0.002376487481862645,0.0023764874818626453
linear_survival,object,3600.0,2400.0,6000.0,11311,0,0.008643690913652722,0.0,0.008643690913652722,0.008643690913652722
linear_survival,token,3600.0,2400.0,6000.0,11311,0,0.003168649975816852,0.0,0.003168649975816852,0.0031686499758168526
linear_survival,object,3600.0,3600.0,7200.0,11311,0,0.0129655363464781,0.0,0.0129655363464781,0.0129655363464781
linear_survival,token,3600.0,3600.0,7200.0,11311,0,0.004752974597380145,0.0,0.004752974597380145,0.0047529745973801454
right_step,object,0.0,1.0,1.0,23786,1,0.0,4.204153703857294e-05,-4.204153703857294e-05,4.2041537038593405e-05
right_step,token,0.0,1.0,1.0,23786,1,0.0,7.938932766848872e-06,-7.938932766848872e-06,7.938932766862118e-06
right_step,object,0.0,2.0,2.0,23786,231,0.01339106370860871,0.009711595055915234,0.0036794686526934756,0.007579352579602213
right_step,token,0.0,2.0,2.0,23786,231,0.009667473359692265,0.008121167359919745,0.0015463059997725195,0.008658692889941649
right_step,object,0.0,3.0,3.0,23786,2205,0.01339106370860871,0.09312654326840197,-0.07973547955979327,0.07984125404624678
right_step,token,0.0,3.0,3.0,23786,2205,0.009667473359692265,0.08305948758401405,-0.07339201422432179,0.07341694422102206
right_step,object,0.0,5.0,5.0,23786,5341,0.20821293031763613,0.22564390780455057,-0.01743097748691444,0.04326102652206569
right_step,token,0.0,5.0,5.0,23786,5341,0.17601861769032487,0.20693093745854563,-0.03091231976822076,0.05043727412800436
right_step,object,0.0,10.0,10.0,23786,8969,0.35743118764589216,0.37934820281780257,-0.021917015171910414,0.051909507658495245
right_step,token,0.0,10.0,10.0,23786,8969,0.3375626458536763,0.3628365665246679,-0.0252739206709916,0.052935760151065575
right_step,object,0.0,20.0,20.0,23786,10939,0.4592934075937022,0.4630719383640034,-0.003778530770301214,0.047485592233625744
right_step,token,0.0,20.0,20.0,23786,10939,0.4512829780995514,0.45389758664441904,-0.0026146085448676137,0.04101292235866683
right_step,object,0.0,30.0,30.0,23786,11530,0.4592934075937022,0.48826863189205594,-0.028975224298353752,0.04879469317735522
right_step,token,0.0,30.0,30.0,23786,11530,0.4512829780995514,0.4885601664085818,-0.037277188309030374,0.0547728402766311
right_step,object,0.0,60.0,60.0,23786,11724,0.48699971137625825,0.496629356575907,-0.009629645199648762,0.045421177890618884
right_step,token,0.0,60.0,60.0,23786,11724,0.4795698709911282,0.49948663371262847,-0.01991676272150028,0.043452737537426615
right_step,object,0.0,120.0,120.0,23786,11724,0.48699971137625825,0.496629356575907,-0.009629645199648762,0.045421177890618884
right_step,token,0.0,120.0,120.0,23786,11724,0.4795698709911282,0.49948663371262847,-0.01991676272150028,0.043452737537426615
right_step,object,0.0,180.0,180.0,23786,11724,0.48730529670557093,0.496629356575907,-0.009324059870336077,0.045013634959217466
right_step,token,0.0,180.0,180.0,23786,11724,0.4797874458431298,0.49948663371262847,-0.019699187869498647,0.04358376006308928
right_step,object,0.0,300.0,300.0,23786,11724,0.48730529670557093,0.496629356575907,-0.009324059870336077,0.045013634959217466
right_step,token,0.0,300.0,300.0,23786,11724,0.4797874458431298,0.49948663371262847,-0.019699187869498647,0.04358376006308928
right_step,object,0.0,600.0,600.0,23786,11724,0.4876448853976961,0.496629356575907,-0.008984471178210884,0.04501909268469279
right_step,token,0.0,600.0,600.0,23786,11724,0.48001474186404897,0.49948663371262847,-0.019471891848579503,0.04353281640524544
right_step,object,0.0,900.0,900.0,23786,11724,0.4876448853976961,0.496629356575907,-0.008984471178210884,0.04501909268469279
right_step,token,0.0,900.0,900.0,23786,11724,0.48001474186404897,0.49948663371262847,-0.019471891848579503,0.04353281640524544
right_step,object,0.0,1200.0,1200.0,23786,11724,0.4876448853976961,0.496629356575907,-0.008984471178210884,0.04501909268469279
right_step,token,0.0,1200.0,1200.0,23786,11724,0.48001474186404897,0.49948663371262847,-0.019471891848579503,0.04353281640524544
right_step,object,0.0,1800.0,1800.0,23786,11724,0.4880361596971355,0.496629356575907,-0.008593196878771525,0.04459372084869346
right_step,token,0.0,1800.0,1800.0,23786,11724,0.4802877517978112,0.49948663371262847,-0.01919888191481728,0.04418673514047376
right_step,object,0.0,2400.0,2400.0,23786,11724,0.4880361596971355,0.496629356575907,-0.008593196878771525,0.04459372084869346
right_step,token,0.0,2400.0,2400.0,23786,11724,0.4802877517978112,0.49948663371262847,-0.01919888191481728,0.04418673514047376
right_step,object,0.0,3600.0,3600.0,23786,11866,0.4880361596971355,0.5027759410944572,-0.014739781397321738,0.04869326416430487
right_step,token,0.0,3600.0,3600.0,23786,11866,0.4802877517978112,0.5018334662481468,-0.02154571445033565,0.04449350753948707
right_step,object,1.0,1.0,2.0,23785,230,0.013390816813402042,0.009669960058860783,0.003720856754541259,0.00762111440068094
right_step,token,1.0,1.0,2.0,23785,230,0.009667397177145471,0.008113292838039188,0.0015541043391062836,0.008668700969599943
right_step,object,1.0,2.0,3.0,23785,2204,0.013390816813402042,0.09308841531142342,-0.07969759849802138,0.07980334566981141
right_step,token,1.0,2.0,3.0,23785,2204,0.009667397177145471,0.08305220799714308,-0.0733848108199976,0.07340973671557188
right_step,object,1.0,3.0,4.0,23785,3803,0.013390816813402042,0.16065989958135607,-0.14726908276795403,0.1473803708756724
right_step,token,1.0,3.0,4.0,23785,3803,0.009667397177145471,0.15295576737793903,-0.14328837020079357,0.1433114679950275
right_step,object,1.0,5.0,6.0,23785,6571,0.20821943458224662,0.2776617090315321,-0.06944227444928547,0.07638979570051442
right_step,token,1.0,5.0,6.0,23785,6571,0.17601959029369174,0.25451336307520667,-0.07849377278151493,0.08641161989557529
right_step,object,1.0,10.0,11.0,23785,9167,0.3574419781214745,0.38777392876474204,-0.030331950643267547,0.051552060444240655
right_step,token,1.0,10.0,11.0,23785,9167,0.3375645256722817,0.37791367457351954,-0.04034914890123786,0.058510488262983926
right_step,object,1.0,20.0,21.0,23785,11059,0.4593072049571558,0.46819925529912765,-0.008892050341971824,0.048502227223614094
right_step,token,1.0,20.0,21.0,23785,11059,0.45128551984733534,0.4616451100382817,-0.010359590190946344,0.042018229963668795
right_step,object,1.0,30.0,31.0,23785,11529,0.4593072049571558,0.4882471170142699,-0.028939912057114103,0.04878357823228353
right_step,token,1.0,30.0,31.0,23785,11529,0.45128551984733534,0.4885561060898953,-0.03727058624255997,0.054743839821523865
right_step,object,1.0,60.0,61.0,23785,11723,0.4870146366848309,0.496608193210616,-0.009593556525785085,0.04549880481657131
right_step,token,1.0,60.0,61.0,23785,11723,0.4795726303369724,0.4994826601391199,-0.01991002980214751,0.04351420194215803
right_step,object,1.0,120.0,121.0,23785,11723,0.4870146366848309,0.496608193210616,-0.009593556525785085,0.04549880481657131
right_step,token,1.0,120.0,121.0,23785,11723,0.4795726303369724,0.4994826601391199,-0.01991002980214751,0.04351420194215803
right_step,object,1.0,180.0,181.0,23785,11723,0.4873202341130726,0.496608193210616,-0.009287959097543375,0.04500488425270728
right_step,token,1.0,180.0,181.0,23785,11723,0.47979020677488804,0.4994826601391199,-0.019692453364231866,0.04361652859101847
right_step,object,1.0,300.0,301.0,23785,11723,0.4873202341130726,0.496608193210616,-0.009287959097543375,0.04500488425270728
right_step,token,1.0,300.0,301.0,23785,11723,0.47979020677488804,0.4994826601391199,-0.019692453364231866,0.04361652859101847
right_step,object,1.0,600.0,601.0,23785,11723,0.4876598354195873,0.496608193210616,-0.008948357791028705,0.045095245240865826
right_step,token,1.0,600.0,601.0,23785,11723,0.4800175042862789,0.4994826601391199,-0.019465155852841032,0.0433975226631044
right_step,object,1.0,900.0,901.0,23785,11723,0.4876598354195873,0.496608193210616,-0.008948357791028705,0.045095245240865826
right_step,token,1.0,900.0,901.0,23785,11723,0.4800175042862789,0.4994826601391199,-0.019465155852841032,0.0433975226631044
right_step,object,1.0,1200.0,1201.0,23785,11723,0.4876598354195873,0.496608193210616,-0.008948357791028705,0.045095245240865826
right_step,token,1.0,1200.0,1201.0,23785,11723,0.4800175042862789,0.4994826601391199,-0.019465155852841032,0.0433975226631044
right_step,object,1.0,1800.0,1801.0,23785,11723,0.48805112528850925,0.496608193210616,-0.008557067922106754,0.044670825917813406
right_step,token,1.0,1800.0,1801.0,23785,11723,0.48029051622111085,0.4994826601391199,-0.019192143918009053,0.044238127983769686
right_step,object,1.0,2400.0,2401.0,23785,11723,0.48805112528850925,0.496608193210616,-0.008557067922106754,0.044670825917813406
right_step,token,1.0,2400.0,2401.0,23785,11723,0.48029051622111085,0.4994826601391199,-0.019192143918009053,0.044238127983769686
right_step,object,1.0,3600.0,3601.0,23785,11865,0.48805112528850925,0.5027550361518914,-0.014703910863382186,0.04867358656342597
right_step,token,1.0,3600.0,3601.0,23785,11865,0.48029051622111085,0.5018295113061318,-0.021538995085020995,0.044544929132244504
right_step,object,2.0,1.0,3.0,23494,1974,0.0,0.08423298485171815,-0.08423298485171815,0.08405325451485714
right_step,token,2.0,1.0,3.0,23494,1974,0.0,0.07555188976523597,-0.07555188976523597,0.07544196717292405
right_step,object,2.0,2.0,4.0,23494,3573,0.0,0.1524642628547046,-0.1524642628547046,0.15232812391382658
right_step,token,2.0,2.0,4.0,23494,3573,0.0,0.14602723627008873,-0.14602723627008873,0.14584727158509936
right_step,object,2.0,3.0,5.0,23494,5110,0.19741657566576623,0.21804992532536827,-0.020633349659602035,0.04504592226981219
right_step,token,2.0,3.0,5.0,23494,5110,0.16751313996564965,0.20043755704459953,-0.032924417078949886,0.051307675749648896
right_step,object,2.0,5.0,7.0,23494,7141,0.19741657566576623,0.3047723662273858,-0.10735579056161956,0.10880610757439461
right_step,token,2.0,5.0,7.0,23494,7141,0.16751313996564965,0.2877158659032041,-0.12020272593755443,0.12020624193106362
right_step,object,2.0,10.0,12.0,23494,9472,0.3487412937281955,0.40475116589400895,-0.056009872165813435,0.06032755376464091
right_step,token,2.0,10.0,12.0,23494,9472,0.33044622886062847,0.3952714513743111,-0.06482522251368261,0.07643487241164726
right_step,object,2.0,20.0,22.0,23494,10942,0.45200640269451126,0.46786291341914665,-0.015856510724635398,0.049185892771101594
right_step,token,2.0,20.0,22.0,23494,10942,0.4453400823752079,0.465465097682372,-0.020125015307164096,0.048417690956177234
right_step,object,2.0,30.0,32.0,23494,11365,0.45200640269451126,0.48610609449997666,-0.034099691805465404,0.05264748977208536
right_step,token,2.0,30.0,32.0,23494,11365,0.4453400823752079,0.48823190324309185,-0.042891820867883956,0.06118139702063678
right_step,object,2.0,60.0,62.0,23494,11493,0.48007750186274706,0.49169288369834574,-0.011615381835598682,0.04405770950398788
right_step,token,2.0,60.0,62.0,23494,11493,0.4738723336737846,0.495388600082173,-0.021516266408388385,0.047743456606900464
right_step,object,2.0,120.0,122.0,23494,11493,0.48007750186274706,0.49169288369834574,-0.011615381835598682,0.04405770950398788
right_step,token,2.0,120.0,122.0,23494,11493,0.4738723336737846,0.495388600082173,-0.021516266408388385,0.047743456606900464
right_step,object,2.0,180.0,182.0,23494,11493,0.4803890980850787,0.49169288369834574,-0.011303785613267059,0.04390871577934885
right_step,token,2.0,180.0,182.0,23494,11493,0.47409270832100836,0.495388600082173,-0.021295891761164643,0.04727262192304555
right_step,object,2.0,300.0,302.0,23494,11493,0.4803890980850787,0.49169288369834574,-0.011303785613267059,0.04390871577934885
right_step,token,2.0,300.0,302.0,23494,11493,0.47409270832100836,0.495388600082173,-0.021295891761164643,0.04727262192304555
right_step,object,2.0,600.0,602.0,23494,11493,0.4807358084314375,0.49169288369834574,-0.010957075266908256,0.04363541343740176
right_step,token,2.0,600.0,602.0,23494,11493,0.4743230143586547,0.495388600082173,-0.0210655857235183,0.04690251465577039
right_step,object,2.0,900.0,902.0,23494,11493,0.4807358084314375,0.49169288369834574,-0.010957075266908256,0.04363541343740176
right_step,token,2.0,900.0,902.0,23494,11493,0.4743230143586547,0.495388600082173,-0.0210655857235183,0.04690251465577039
right_step,object,2.0,1200.0,1202.0,23494,11493,0.4807358084314375,0.49169288369834574,-0.010957075266908256,0.04363541343740176
right_step,token,2.0,1200.0,1202.0,23494,11493,0.4743230143586547,0.495388600082173,-0.0210655857235183,0.04690251465577039
right_step,object,2.0,1800.0,1802.0,23494,11493,0.4811343813974808,0.49169288369834574,-0.010558502300864914,0.043516026723620725
right_step,token,2.0,1800.0,1802.0,23494,11493,0.4745994220420047,0.495388600082173,-0.020789178040168277,0.04647137249359711
right_step,object,2.0,2400.0,2402.0,23494,11493,0.4811343813974808,0.49169288369834574,-0.010558502300864914,0.043516026723620725
right_step,token,2.0,2400.0,2402.0,23494,11493,0.4745994220420047,0.495388600082173,-0.020789178040168277,0.04647137249359711
right_step,object,2.0,3600.0,3602.0,23494,11635,0.4811343813974808,0.49789974675749415,-0.01676536536001333,0.046868771826957305
right_step,token,2.0,3600.0,3602.0,23494,11635,0.4745994220420047,0.49775464768626576,-0.023155225644261035,0.04685460301198522
right_step,object,3.0,1.0,4.0,21461,1599,0.0,0.07450724570150491,-0.07450724570150491,0.07450724570150503
right_step,token,3.0,1.0,4.0,21461,1599,0.0,0.0762350484841765,-0.0762350484841765,0.07623504848417635
right_step,object,3.0,2.0,5.0,21461,3136,0.18562170632447092,0.14612553003121964,0.03949617629325128,0.04940395927334175
right_step,token,3.0,2.0,5.0,21461,3136,0.15793519039569262,0.13509213323790425,0.022843057157788366,0.044102592397818996
right_step,object,3.0,3.0,6.0,21461,4367,0.18562170632447092,0.20351850923096315,-0.017896802906492232,0.03725230977609686
right_step,token,3.0,3.0,6.0,21461,4367,0.15793519039569262,0.18699118594696384,-0.029055995551271224,0.05043427724090844
right_step,object,3.0,5.0,8.0,21461,5868,0.18562170632447092,0.27365321032053913,-0.08803150399606821,0.09014043754879011
right_step,token,3.0,5.0,8.0,21461,5868,0.15793519039569262,0.2703686963064772,-0.11243350591078458,0.11610354970304304
right_step,object,3.0,10.0,13.0,21461,7702,0.3362919048107893,0.3595578394235408,-0.023265934612751504,0.042678810367917396
right_step,token,3.0,10.0,13.0,21461,7702,0.3201045128772026,0.35262975583669,-0.03252524295948739,0.06480367586296075
right_step,object,3.0,20.0,23.0,21461,9009,0.4420276305033061,0.4208412796602453,0.02118635084306081,0.04085182827089018
right_step,token,3.0,20.0,23.0,21461,9009,0.4370921094762591,0.4251707875664432,0.011921321909815874,0.04634487440219274
right_step,object,3.0,30.0,33.0,21461,9404,0.4420276305033061,0.4394519940241898,0.00257563647911635,0.04206072995279323
right_step,token,3.0,30.0,33.0,21461,9404,0.4370921094762591,0.4482348691857436,-0.011142759709484529,0.04733671669060782
right_step,object,3.0,60.0,63.0,21461,9519,0.4706245634080127,0.44493838728254653,0.025686176125466142,0.04510316966460718
right_step,token,3.0,60.0,63.0,21461,9519,0.4660825384616194,0.4541484867228722,0.011934051738747176,0.03395125382719724
right_step,object,3.0,120.0,123.0,21461,9519,0.4706245634080127,0.44493838728254653,0.025686176125466142,0.04510316966460718
right_step,token,3.0,120.0,123.0,21461,9519,0.4660825384616194,0.4541484867228722,0.011934051738747176,0.03395125382719724
right_step,object,3.0,180.0,183.0,21461,9519,0.47094130058934175,0.44493838728254653,0.026002913306795217,0.045604287263796
right_step,token,3.0,180.0,183.0,21461,9519,0.46630463715227105,0.4541484867228722,0.012156150429398827,0.03394753527465729
right_step,object,3.0,300.0,303.0,21461,9519,0.47094130058934175,0.44493838728254653,0.026002913306795217,0.045604287263796
right_step,token,3.0,300.0,303.0,21461,9519,0.46630463715227105,0.4541484867228722,0.012156150429398827,0.03394753527465729
right_step,object,3.0,600.0,603.0,21461,9519,0.4712931299572632,0.44493838728254653,0.026354742674716658,0.045846920223078985
right_step,token,3.0,600.0,603.0,21461,9519,0.46653655742004496,0.4541484867228722,0.012388070697172737,0.03406090027990826
right_step,object,3.0,900.0,903.0,21461,9519,0.4712931299572632,0.44493838728254653,0.026354742674716658,0.045846920223078985
right_step,token,3.0,900.0,903.0,21461,9519,0.46653655742004496,0.4541484867228722,0.012388070697172737,0.03406090027990826
right_step,object,3.0,1200.0,1203.0,21461,9519,0.4712931299572632,0.44493838728254653,0.026354742674716658,0.045846920223078985
right_step,token,3.0,1200.0,1203.0,21461,9519,0.46653655742004496,0.4541484867228722,0.012388070697172737,0.03406090027990826
right_step,object,3.0,1800.0,1803.0,21461,9519,0.47169796373816325,0.44493838728254653,0.026759576455616718,0.046198531228586234
right_step,token,3.0,1800.0,1803.0,21461,9519,0.4668151078307562,0.4541484867228722,0.012666621107883969,0.03409681264972702
right_step,object,3.0,2400.0,2403.0,21461,9519,0.47169796373816325,0.44493838728254653,0.026759576455616718,0.046198531228586234
right_step,token,3.0,2400.0,2403.0,21461,9519,0.4668151078307562,0.4541484867228722,0.012666621107883969,0.03409681264972702
right_step,object,3.0,3600.0,3603.0,21461,9661,0.47169796373816325,0.45171616258617364,0.01998180115198961,0.04683083698131487
right_step,token,3.0,3600.0,3603.0,21461,9661,0.4668151078307562,0.4567079030685791,0.01010720476217708,0.03444539561576406
right_step,object,5.0,1.0,6.0,18325,1231,0.0,0.06721477362104755,-0.06721477362104755,0.06719905041582844
right_step,token,5.0,1.0,6.0,18325,1231,0.0,0.06000529617489858,-0.06000529617489858,0.05999574143993667
right_step,object,5.0,2.0,7.0,18325,2031,0.0,0.1109053425669192,-0.1109053425669192,0.11090511095181936
right_step,token,5.0,2.0,7.0,18325,2031,0.0,0.10915758941353015,-0.10915758941353015,0.10916544905017478
right_step,object,5.0,3.0,8.0,18325,2732,0.0,0.14935178972382424,-0.14935178972382424,0.14915886265713996
right_step,token,5.0,3.0,8.0,18325,2732,0.0,0.1564057494065807,-0.1564057494065807,0.15620472476596767
right_step,object,5.0,5.0,10.0,18325,3628,0.18764476143659992,0.1984930402981282,-0.010848278861528282,0.03535902983045305
right_step,token,5.0,5.0,10.0,18325,3628,0.19321229640955484,0.19658518586831508,-0.003372889458760242,0.022592779317860176
right_step,object,5.0,10.0,15.0,18325,4998,0.18764476143659992,0.273662092451315,-0.08601733101471509,0.0862276378834152
right_step,token,5.0,10.0,15.0,18325,4998,0.19321229640955484,0.2746372838186888,-0.08142498740913395,0.0816645794094217
right_step,object,5.0,20.0,25.0,18325,5927,0.31527719148426203,0.3246975840612396,-0.009420392576977576,0.0598085386823221
right_step,token,5.0,20.0,25.0,18325,5927,0.3307107367630394,0.3439641039135012,-0.01325336715046177,0.03642737721874035
right_step,object,5.0,30.0,35.0,18325,6296,0.31527719148426203,0.34508820792866846,-0.029811016444406424,0.05992740744168849
right_step,token,5.0,30.0,35.0,18325,6296,0.3307107367630394,0.3649278244333166,-0.0342170876702772,0.05366864062704111
right_step,object,5.0,60.0,65.0,18325,6383,0.34973512665980483,0.34994939860686014,-0.00021427194705531116,0.049776930517616766
right_step,token,5.0,60.0,65.0,18325,6383,0.3649967613751986,0.36889056712988466,-0.003893805754686064,0.03628911028731586
right_step,object,5.0,120.0,125.0,18325,6383,0.34973512665980483,0.34994939860686014,-0.00021427194705531116,0.049776930517616766
right_step,token,5.0,120.0,125.0,18325,6383,0.3649967613751986,0.36889056712988466,-0.003893805754686064,0.03628911028731586
right_step,object,5.0,180.0,185.0,18325,6383,0.35010906164746686,0.34994939860686014,0.00015966304060671677,0.04933332375188255
right_step,token,5.0,180.0,185.0,18325,6383,0.36525742908223546,0.36889056712988466,-0.003633138047649198,0.03756697163458598
right_step,object,5.0,300.0,305.0,18325,6383,0.35010906164746686,0.34994939860686014,0.00015966304060671677,0.04933332375188255
right_step,token,5.0,300.0,305.0,18325,6383,0.36525742908223546,0.36889056712988466,-0.003633138047649198,0.03756697163458598
right_step,object,5.0,600.0,605.0,18325,6383,0.35052341825061295,0.34994939860686014,0.00057401964375281,0.04881361634612908
right_step,token,5.0,600.0,605.0,18325,6383,0.3655297670216729,0.36889056712988466,-0.00336080010821177,0.036652263976274344
right_step,object,5.0,900.0,905.0,18325,6383,0.35052341825061295,0.34994939860686014,0.00057401964375281,0.04881361634612908
right_step,token,5.0,900.0,905.0,18325,6383,0.3655297670216729,0.36889056712988466,-0.00336080010821177,0.036652263976274344
right_step,object,5.0,1200.0,1205.0,18325,6383,0.35052341825061295,0.34994939860686014,0.00057401964375281,0.04881361634612908
right_step,token,5.0,1200.0,1205.0,18325,6383,0.3655297670216729,0.36889056712988466,-0.00336080010821177,0.036652263976274344
right_step,object,5.0,1800.0,1805.0,18325,6383,0.35100404458411655,0.34994939860686014,0.0010546459772564076,0.047790989527265446
right_step,token,5.0,1800.0,1805.0,18325,6383,0.36585727123376716,0.36889056712988466,-0.003033295896117505,0.037546366959074595
right_step,object,5.0,2400.0,2405.0,18325,6383,0.35100404458411655,0.34994939860686014,0.0010546459772564076,0.047790989527265446
right_step,token,5.0,2400.0,2405.0,18325,6383,0.36585727123376716,0.36889056712988466,-0.003033295896117505,0.037546366959074595
right_step,object,5.0,3600.0,3605.0,18325,6525,0.35100404458411655,0.35788707040992374,-0.0068830258258071875,0.053291274575695484
right_step,token,5.0,3600.0,3605.0,18325,6525,0.36585727123376716,0.3718497451464846,-0.005992473912717455,0.03831043422075437
right_step,object,7.0,1.0,8.0,16211,701,0.0,0.043242242921473495,-0.043242242921473495,0.04324224292147312
right_step,token,7.0,1.0,8.0,16211,701,0.0,0.05303761858614886,-0.05303761858614886,0.053037618586148846
right_step,object,7.0,2.0,9.0,16211,1332,0.0,0.0821664302017151,-0.0821664302017151,0.08216643020171496
right_step,token,7.0,2.0,9.0,16211,1332,0.0,0.08336589952397255,-0.08336589952397255,0.08336589952397272
right_step,object,7.0,3.0,10.0,16211,1597,0.17906355422590686,0.09851335512923354,0.08055019909667333,0.08055019909667355
right_step,token,7.0,3.0,10.0,16211,1597,0.18705102704720836,0.09814036176974161,0.08891066527746674,0.08891066527746666
right_step,object,7.0,5.0,12.0,16211,2331,0.17906355422590686,0.1438072867214637,0.03525626750444316,0.03620286097303429
right_step,token,7.0,5.0,12.0,16211,2331,0.18705102704720836,0.15100095639149924,0.036050070655709116,0.04943964258015693
right_step,object,7.0,10.0,17.0,16211,3417,0.17906355422590686,0.21084821729391412,-0.03178466306800726,0.0318022387237082
right_step,token,7.0,10.0,17.0,16211,3417,0.18705102704720836,0.21461316459115343,-0.02756213754394507,0.03740030441763331
right_step,object,7.0,20.0,27.0,16211,4123,0.3080635482359489,0.2545400740868329,0.05352347414911601,0.05647746491406404
right_step,token,7.0,20.0,27.0,16211,4123,0.3247036057044909,0.2724013531562548,0.05230225254823612,0.053541651510857276
right_step,object,7.0,30.0,37.0,16211,4321,0.3080635482359489,0.2669132943749116,0.04115025386103727,0.04832282634027352
right_step,token,7.0,30.0,37.0,16211,4321,0.3247036057044909,0.28927314048222497,0.03543046522226595,0.051670895675599085
right_step,object,7.0,60.0,67.0,16211,4352,0.34326832533316687,0.26886232420976397,0.0744060011234029,0.07655264964625973
right_step,token,7.0,60.0,67.0,16211,4352,0.35920951266822027,0.2915588376011007,0.06765067506711958,0.0678700897186441
right_step,object,7.0,120.0,127.0,16211,4352,0.34326832533316687,0.26886232420976397,0.0744060011234029,0.07655264964625973
right_step,token,7.0,120.0,127.0,16211,4352,0.35920951266822027,0.2915588376011007,0.06765067506711958,0.0678700897186441
right_step,object,7.0,180.0,187.0,16211,4352,0.34364316865177297,0.26886232420976397,0.074780844442009,0.07703121347190509
right_step,token,7.0,180.0,187.0,16211,4352,0.359469577716648,0.2915588376011007,0.06791074011554732,0.06861487261912641
right_step,object,7.0,300.0,307.0,16211,4352,0.34364316865177297,0.26886232420976397,0.074780844442009,0.07703121347190509
right_step,token,7.0,300.0,307.0,16211,4352,0.359469577716648,0.2915588376011007,0.06791074011554732,0.06861487261912641
right_step,object,7.0,600.0,607.0,16211,4352,0.3440587934705152,0.26886232420976397,0.07519646926075124,0.07754768020043486
right_step,token,7.0,600.0,607.0,16211,4352,0.3597414616289307,0.2915588376011007,0.06818262402783004,0.06927096843668193
right_step,object,7.0,900.0,907.0,16211,4352,0.3440587934705152,0.26886232420976397,0.07519646926075124,0.07754768020043486
right_step,token,7.0,900.0,907.0,16211,4352,0.3597414616289307,0.2915588376011007,0.06818262402783004,0.06927096843668193
right_step,object,7.0,1200.0,1207.0,16211,4352,0.3440587934705152,0.26886232420976397,0.07519646926075124,0.07754768020043486
right_step,token,7.0,1200.0,1207.0,16211,4352,0.3597414616289307,0.2915588376011007,0.06818262402783004,0.06927096843668193
right_step,object,7.0,1800.0,1807.0,16211,4352,0.3445407862322995,0.26886232420976397,0.07567846202253553,0.07813092072310274
right_step,token,7.0,1800.0,1807.0,16211,4352,0.36006817968189614,0.2915588376011007,0.06850934208079545,0.06993565573166655
right_step,object,7.0,2400.0,2407.0,16211,4352,0.3445407862322995,0.26886232420976397,0.07567846202253553,0.07813092072310274
right_step,token,7.0,2400.0,2407.0,16211,4352,0.36006817968189614,0.2915588376011007,0.06850934208079545,0.06993565573166655
right_step,object,7.0,3600.0,3607.0,16211,4494,0.3445407862322995,0.2777901382919906,0.06675064794030888,0.0791283129047749
right_step,token,7.0,3600.0,3607.0,16211,4494,0.36006817968189614,0.29488061256537523,0.0651875671165209,0.0673292403164539
right_step,object,10.0,1.0,11.0,14614,199,0.0,0.013617079512795671,-0.013617079512795671,0.013617079512795923
right_step,token,10.0,1.0,11.0,14614,199,0.0,0.02367060938839538,-0.02367060938839538,0.023670609388395502
right_step,object,10.0,2.0,12.0,14614,734,0.0,0.05024359689623936,-0.05024359689623936,0.05025225629053996
right_step,token,10.0,2.0,12.0,14614,734,0.0,0.058612884290384026,-0.058612884290384026,0.058651778330825306
right_step,object,10.0,3.0,13.0,14614,938,0.0,0.0642095960480572,-0.0642095960480572,0.06421147347953682
right_step,token,10.0,3.0,13.0,14614,938,0.0,0.06837088850462147,-0.06837088850462147,0.06839787268693974
right_step,object,10.0,5.0,15.0,14614,1370,0.0,0.09378465307543582,-0.09378465307543582,0.09378208573738761
right_step,token,10.0,5.0,15.0,14614,1370,0.0,0.09715043409391255,-0.09715043409391255,0.09718052030312258
right_step,object,10.0,10.0,20.0,14614,1970,0.15686807092325136,0.1348964684003363,0.02197160252291505,0.0437766013962602
right_step,token,10.0,10.0,20.0,14614,1970,0.17024509742479896,0.14291626815912772,0.027328829265671234,0.04309825211898356
right_step,object,10.0,20.0,30.0,14614,2561,0.15686807092325136,0.1754936174659586,-0.018625546542707233,0.03227109528695635
right_step,token,10.0,20.0,30.0,14614,2561,0.17024509742479896,0.197317663379032,-0.027072565954233047,0.03433916791273203
right_step,object,10.0,30.0,40.0,14614,2724,0.15686807092325136,0.1868024781108304,-0.029934407187579032,0.037948662589539085
right_step,token,10.0,30.0,40.0,14614,2724,0.17024509742479896,0.2119318468310083,-0.04168674940620934,0.0472445776339585
right_step,object,10.0,60.0,70.0,14614,2755,0.19993222653568715,0.18896449553609318,0.010967730999593972,0.042664517736540335
right_step,token,10.0,60.0,70.0,14614,2755,0.21322250429294146,0.2144662735000642,-0.0012437692071227413,0.02892346948724474
right_step,object,10.0,120.0,130.0,14614,2755,0.19993222653568715,0.18896449553609318,0.010967730999593972,0.042664517736540335
right_step,token,10.0,120.0,130.0,14614,2755,0.21322250429294146,0.2144662735000642,-0.0012437692071227413,0.02892346948724474
right_step,object,10.0,180.0,190.0,14614,2755,0.20039458682661596,0.18896449553609318,0.011430091290522776,0.04300059853747257
right_step,token,10.0,180.0,190.0,14614,2755,0.21355162469443276,0.2144662735000642,-0.0009146488056314406,0.026172546930759374
right_step,object,10.0,300.0,310.0,14614,2755,0.20039458682661596,0.18896449553609318,0.011430091290522776,0.04300059853747257
right_step,token,10.0,300.0,310.0,14614,2755,0.21355162469443276,0.2144662735000642,-0.0009146488056314406,0.026172546930759374
right_step,object,10.0,600.0,610.0,14614,2755,0.20090809754667893,0.18896449553609318,0.011943602010585752,0.04337856925414809
right_step,token,10.0,600.0,610.0,14614,2755,0.2138966824666138,0.2144662735000642,-0.0005695910334503895,0.026470326791684828
right_step,object,10.0,900.0,910.0,14614,2755,0.20090809754667893,0.18896449553609318,0.011943602010585752,0.04337856925414809
right_step,token,10.0,900.0,910.0,14614,2755,0.2138966824666138,0.2144662735000642,-0.0005695910334503895,0.026470326791684828
right_step,object,10.0,1200.0,1210.0,14614,2755,0.20090809754667893,0.18896449553609318,0.011943602010585752,0.04337856925414809
right_step,token,10.0,1200.0,1210.0,14614,2755,0.2138966824666138,0.2144662735000642,-0.0005695910334503895,0.026470326791684828
right_step,object,10.0,1800.0,1810.0,14614,2755,0.20150253669812052,0.18896449553609318,0.012538041162027336,0.0443501322299721
right_step,token,10.0,1800.0,1810.0,14614,2755,0.21431041488108737,0.2144662735000642,-0.00015585861897682296,0.02616380628110096
right_step,object,10.0,2400.0,2410.0,14614,2755,0.20150253669812052,0.18896449553609318,0.012538041162027336,0.0443501322299721
right_step,token,10.0,2400.0,2410.0,14614,2755,0.21431041488108737,0.2144662735000642,-0.00015585861897682296,0.02616380628110096
right_step,object,10.0,3600.0,3610.0,14614,2897,0.20150253669812052,0.1988679301937487,0.002634606504371806,0.044946757896824556
right_step,token,10.0,3600.0,3610.0,14614,2897,0.21431041488108737,0.21814952400098797,-0.0038391091199005967,0.026846206332251966
right_step,object,15.0,1.0,16.0,13237,176,0.0,0.013296064062854107,-0.013296064062854107,0.013296064062854121
right_step,token,15.0,1.0,16.0,13237,176,0.0,0.008536237257188883,-0.008536237257188883,0.008536237257188812
right_step,object,15.0,2.0,17.0,13237,450,0.0,0.0340162249335102,-0.0340162249335102,0.03406315448391737
right_step,token,15.0,2.0,17.0,13237,450,0.0,0.035439944608885665,-0.035439944608885665,0.035424477808918525
right_step,object,15.0,3.0,18.0,13237,471,0.0,0.03560526294670119,-0.03560526294670119,0.03564961667323519
right_step,token,15.0,3.0,18.0,13237,471,0.0,0.037201651924070545,-0.037201651924070545,0.037181298817972656
right_step,object,15.0,5.0,20.0,13237,600,0.15590366168161016,0.045366496456303196,0.11053716522530696,0.1104711023208157
right_step,token,15.0,5.0,20.0,13237,600,0.16755200776982437,0.050690431488755516,0.11686157628106886,0.11671500263073313
right_step,object,15.0,10.0,25.0,13237,929,0.15590366168161016,0.07026411685184353,0.08563954482976663,0.08550181644563097
right_step,token,15.0,10.0,25.0,13237,929,0.16755200776982437,0.09557538394003118,0.0719766238297932,0.07174381185663295
right_step,object,15.0,20.0,35.0,13237,1298,0.15590366168161016,0.09833730930884343,0.05756635237276672,0.05740142202448156
right_step,token,15.0,20.0,35.0,13237,1298,0.16755200776982437,0.12447640139262262,0.04307560637720176,0.0436414226505039
right_step,object,15.0,30.0,45.0,13237,1354,0.15590366168161016,0.10264428355916799,0.053259378122442164,0.053775441499130376
right_step,token,15.0,30.0,45.0,13237,1354,0.16755200776982437,0.12713237849530656,0.04041962927451781,0.04093290367016758
right_step,object,15.0,60.0,75.0,13237,1385,0.1994806398129041,0.10503004918606906,0.09445059062683503,0.09439998899975145
right_step,token,15.0,60.0,75.0,13237,1385,0.21039079809506403,0.12993952019948662,0.0804512778955774,0.08014389472441241
right_step,object,15.0,120.0,135.0,13237,1385,0.1994806398129041,0.10503004918606906,0.09445059062683503,0.09439998899975145
right_step,token,15.0,120.0,135.0,13237,1385,0.21039079809506403,0.12993952019948662,0.0804512778955774,0.08014389472441241
right_step,object,15.0,180.0,195.0,13237,1385,0.19993483907542836,0.10503004918606906,0.0949047898893593,0.09485334052578698
right_step,token,15.0,180.0,195.0,13237,1385,0.21071280794787103,0.12993952019948662,0.08077328774838441,0.08046519144263388
right_step,object,15.0,300.0,315.0,13237,1385,0.19993483907542836,0.10503004918606906,0.0949047898893593,0.09485334052578698
right_step,token,15.0,300.0,315.0,13237,1385,0.21071280794787103,0.12993952019948662,0.08077328774838441,0.08046519144263388
right_step,object,15.0,600.0,615.0,13237,1385,0.20044064335502643,0.10503004918606906,0.09541059416895736,0.09536218755742254
right_step,token,15.0,600.0,615.0,13237,1385,0.21105121163912247,0.12993952019948662,0.08111169143963584,0.0808047293380284
right_step,object,15.0,900.0,915.0,13237,1385,0.20044064335502643,0.10503004918606906,0.09541059416895736,0.09536218755742254
right_step,token,15.0,900.0,915.0,13237,1385,0.21105121163912247,0.12993952019948662,0.08111169143963584,0.0808047293380284
right_step,object,15.0,1200.0,1215.0,13237,1385,0.20044064335502643,0.10503004918606906,0.09541059416895736,0.09536218755742254
right_step,token,15.0,1200.0,1215.0,13237,1385,0.21105121163912247,0.12993952019948662,0.08111169143963584,0.0808047293380284
right_step,object,15.0,1800.0,1815.0,13237,1385,0.20102608599570937,0.10503004918606906,0.0959960368096403,0.09594251427648862
right_step,token,15.0,1800.0,1815.0,13237,1385,0.21145658973286843,0.12993952019948662,0.08151706953338181,0.0811883593979322
right_step,object,15.0,2400.0,2415.0,13237,1385,0.20102608599570937,0.10503004918606906,0.0959960368096403,0.09594251427648862
right_step,token,15.0,2400.0,2415.0,13237,1385,0.21145658973286843,0.12993952019948662,0.08151706953338181,0.0811883593979322
right_step,object,15.0,3600.0,3615.0,13237,1527,0.20102608599570937,0.11595839496090599,0.08506769103480338,0.09085879947972371
right_step,token,15.0,3600.0,3615.0,13237,1527,0.21145658973286843,0.13401910404159356,0.07743748569127487,0.07710140768797343
right_step,object,20.0,1.0,21.0,12616,121,0.0,0.00959099556119214,-0.00959099556119214,0.00959099556119212
right_step,token,20.0,1.0,21.0,12616,121,0.0,0.014194768540769065,-0.014194768540769065,0.014194768540769226
right_step,object,20.0,2.0,22.0,12616,234,0.0,0.01854787571337979,-0.01854787571337979,0.01854787571337981
right_step,token,20.0,2.0,22.0,12616,234,0.0,0.0291310897925543,-0.0291310897925543,0.02913108979255481
right_step,object,20.0,3.0,23.0,12616,275,0.0,0.02179880650970467,-0.02179880650970467,0.021797717184527568
right_step,token,20.0,3.0,23.0,12616,275,0.0,0.03482537394079166,-0.03482537394079166,0.03481595553806061
right_step,object,20.0,5.0,25.0,12616,329,0.0,0.02608081562517761,-0.02608081562517761,0.026077996195307537
right_step,token,20.0,5.0,25.0,12616,329,0.0,0.0472816812767054,-0.0472816812767054,0.04724571711492506
right_step,object,20.0,10.0,30.0,12616,591,0.0,0.04692750356775677,-0.04692750356775677,0.04701135368541835
right_step,token,20.0,10.0,30.0,12616,591,0.0,0.06347267273765544,-0.06347267273765544,0.06362272227128249
right_step,object,20.0,20.0,40.0,12616,754,0.0,0.05999976628752679,-0.05999976628752679,0.0600524526820575
right_step,token,20.0,20.0,40.0,12616,754,0.0,0.08052372960532905,-0.08052372960532905,0.08090094375173953
right_step,object,20.0,30.0,50.0,12616,785,0.0,0.06249890927595614,-0.06249890927595614,0.06303891644951014
right_step,token,20.0,30.0,50.0,12616,785,0.0,0.0834807646940855,-0.0834807646940855,0.08432733455265876
right_step,object,20.0,60.0,80.0,12616,785,0.05374556478701,0.06249890927595614,-0.008753344488946137,0.015433156597120993
right_step,token,20.0,60.0,80.0,12616,785,0.053614922020652045,0.0834807646940855,-0.02986584267343345,0.03183610547535454
right_step,object,20.0,120.0,140.0,12616,785,0.05374556478701,0.06249890927595614,-0.008753344488946137,0.015433156597120993
right_step,token,20.0,120.0,140.0,12616,785,0.053614922020652045,0.0834807646940855,-0.02986584267343345,0.03183610547535454
right_step,object,20.0,180.0,200.0,12616,785,0.05429608736591766,0.06249890927595614,-0.008202821910038481,0.014940627071861735
right_step,token,20.0,180.0,200.0,12616,785,0.05401385444518806,0.0834807646940855,-0.029466910248897436,0.03148855635749701
right_step,object,20.0,300.0,320.0,12616,785,0.05429608736591766,0.06249890927595614,-0.008202821910038481,0.014940627071861735
right_step,token,20.0,300.0,320.0,12616,785,0.05401385444518806,0.0834807646940855,-0.029466910248897436,0.03148855635749701
right_step,object,20.0,600.0,620.0,12616,785,0.054907991390306714,0.06249890927595614,-0.0075909178856494244,0.014626225893749033
right_step,token,20.0,600.0,620.0,12616,785,0.0544324702804029,0.0834807646940855,-0.029048294413682597,0.03130048871338878
right_step,object,20.0,900.0,920.0,12616,785,0.054907991390306714,0.06249890927595614,-0.0075909178856494244,0.014626225893749033
right_step,token,20.0,900.0,920.0,12616,785,0.0544324702804029,0.0834807646940855,-0.029048294413682597,0.03130048871338878
right_step,object,20.0,1200.0,1220.0,12616,785,0.054907991390306714,0.06249890927595614,-0.0075909178856494244,0.014626225893749033
right_step,token,20.0,1200.0,1220.0,12616,785,0.0544324702804029,0.0834807646940855,-0.029048294413682597,0.03130048871338878
right_step,object,20.0,1800.0,1820.0,12616,785,0.055617094274572905,0.06249890927595614,-0.006881815001383233,0.013810101081591893
right_step,token,20.0,1800.0,1820.0,12616,785,0.05493434668014582,0.0834807646940855,-0.02854641801393968,0.030797288172684407
right_step,object,20.0,2400.0,2420.0,12616,785,0.055617094274572905,0.06249890927595614,-0.006881815001383233,0.013810101081591893
right_step,token,20.0,2400.0,2420.0,12616,785,0.05493434668014582,0.0834807646940855,-0.02854641801393968,0.030797288172684407
right_step,object,20.0,3600.0,3620.0,12616,927,0.055617094274572905,0.07394659651327795,-0.018329502238705046,0.023854135785365698
right_step,token,20.0,3600.0,3620.0,12616,927,0.05493434668014582,0.08777818671260029,-0.032843840032454476,0.03402023664908404
right_step,object,30.0,1.0,31.0,11942,0,0.0,0.0,0.0,0.0
right_step,token,30.0,1.0,31.0,11942,0,0.0,0.0,0.0,0.0
right_step,object,30.0,2.0,32.0,11942,66,0.0,0.005526712443476689,-0.005526712443476689,0.005526712443476807
right_step,token,30.0,2.0,32.0,11942,66,0.0,0.007484538642326455,-0.007484538642326455,0.007484538642326306
right_step,object,30.0,3.0,33.0,11942,79,0.0,0.006615307318706964,-0.006615307318706964,0.006615307318707082
right_step,token,30.0,3.0,33.0,11942,79,0.0,0.010761836383899936,-0.010761836383899936,0.010761836383899787
right_step,object,30.0,5.0,35.0,11942,107,0.0,0.008982119043951853,-0.008982119043951853,0.008959973203818458
right_step,token,30.0,5.0,35.0,11942,107,0.0,0.015219265605355359,-0.015219265605355359,0.015212089597918081
right_step,object,30.0,10.0,40.0,11942,163,0.0,0.01371591643731751,-0.01371591643731751,0.013649304974041212
right_step,token,30.0,10.0,40.0,11942,163,0.0,0.018206683746770258,-0.018206683746770258,0.018194644682313132
right_step,object,30.0,20.0,50.0,11942,194,0.0,0.01633811254284434,-0.01633811254284434,0.016537990492752903
right_step,token,30.0,20.0,50.0,11942,194,0.0,0.02136413041455787,-0.02136413041455787,0.02146515206969468
right_step,object,30.0,30.0,60.0,11942,194,0.05201700653841684,0.01633811254284434,0.0356788939955725,0.03575474937365869
right_step,token,30.0,30.0,60.0,11942,194,0.05095508701947628,0.02136413041455787,0.02959095660491841,0.02960925074473783
right_step,object,30.0,60.0,90.0,11942,194,0.05201700653841684,0.01633811254284434,0.0356788939955725,0.03575474937365869
right_step,token,30.0,60.0,90.0,11942,194,0.05095508701947628,0.02136413041455787,0.02959095660491841,0.02960925074473783
right_step,object,30.0,120.0,150.0,11942,194,0.05201700653841684,0.01633811254284434,0.0356788939955725,0.03575474937365869
right_step,token,30.0,120.0,150.0,11942,194,0.05095508701947628,0.02136413041455787,0.02959095660491841,0.02960925074473783
right_step,object,30.0,180.0,210.0,11942,194,0.052562036987127934,0.01633811254284434,0.036223924444283594,0.036299781612868995
right_step,token,30.0,180.0,210.0,11942,194,0.0513484598184826,0.02136413041455787,0.02998432940392473,0.030002662357742522
right_step,object,30.0,300.0,330.0,11942,194,0.052562036987127934,0.01633811254284434,0.036223924444283594,0.036299781612868995
right_step,token,30.0,300.0,330.0,11942,194,0.0513484598184826,0.02136413041455787,0.02998432940392473,0.030002662357742522
right_step,object,30.0,600.0,630.0,11942,194,0.053168369859658934,0.01633811254284434,0.036830257316814594,0.03690681571977019
right_step,token,30.0,600.0,630.0,11942,194,0.051762014706315994,0.02136413041455787,0.030397884291758125,0.030416884359602894
right_step,object,30.0,900.0,930.0,11942,194,0.053168369859658934,0.01633811254284434,0.036830257316814594,0.03690681571977019
right_step,token,30.0,900.0,930.0,11942,194,0.051762014706315994,0.02136413041455787,0.030397884291758125,0.030416884359602894
right_step,object,30.0,1200.0,1230.0,11942,194,0.053168369859658934,0.01633811254284434,0.036830257316814594,0.03690681571977019
right_step,token,30.0,1200.0,1230.0,11942,194,0.051762014706315994,0.02136413041455787,0.030397884291758125,0.030416884359602894
right_step,object,30.0,1800.0,1830.0,11942,194,0.05387085405594126,0.01633811254284434,0.03753274151309692,0.03760993226303023
right_step,token,30.0,1800.0,1830.0,11942,194,0.05225712757759541,0.02136413041455787,0.03089299716303754,0.030911849902147154
right_step,object,30.0,2400.0,2430.0,11942,194,0.05387085405594126,0.01633811254284434,0.03753274151309692,0.03760993226303023
right_step,token,30.0,2400.0,2430.0,11942,194,0.05225712757759541,0.02136413041455787,0.03089299716303754,0.030911849902147154
right_step,object,30.0,3600.0,3630.0,11942,336,0.05387085405594126,0.028349462445580342,0.02552139161036092,0.03925170204516163
right_step,token,30.0,3600.0,3630.0,11942,336,0.05225712757759541,0.025952808068072653,0.026304319509522757,0.02816884677042491
right_step,object,45.0,1.0,46.0,11660,0,0.0,0.0,0.0,0.0
right_step,token,45.0,1.0,46.0,11660,0,0.0,0.0,0.0,0.0
right_step,object,45.0,2.0,47.0,11660,1,0.0,8.576329331044796e-05,-8.576329331044796e-05,8.576329331045908e-05
right_step,token,45.0,2.0,47.0,11660,1,0.0,1.6227519660461098e-05,-1.6227519660461098e-05,1.622751966050418e-05
right_step,object,45.0,3.0,48.0,11660,31,0.0,0.002658662092624331,-0.002658662092624331,0.0026586620926243535
right_step,token,45.0,3.0,48.0,11660,31,0.0,0.0032159993508992235,-0.0032159993508992235,0.003215999350899224
right_step,object,45.0,5.0,50.0,11660,31,0.0,0.002658662092624331,-0.002658662092624331,0.0026586620926243535
right_step,token,45.0,5.0,50.0,11660,31,0.0,0.0032159993508992235,-0.0032159993508992235,0.003215999350899224
right_step,object,45.0,10.0,55.0,11660,31,0.0,0.002658662092624331,-0.002658662092624331,0.0026586620926243535
right_step,token,45.0,10.0,55.0,11660,31,0.0,0.0032159993508992235,-0.0032159993508992235,0.003215999350899224
right_step,object,45.0,20.0,65.0,11660,31,0.05161965411866289,0.002658662092624331,0.04896099202603856,0.04896099202603855
right_step,token,45.0,20.0,65.0,11660,31,0.049976645115025996,0.0032159993508992235,0.04676064576412677,0.046760645764126786
right_step,object,45.0,30.0,75.0,11660,31,0.05161965411866289,0.002658662092624331,0.04896099202603856,0.04896099202603855
right_step,token,45.0,30.0,75.0,11660,31,0.049976645115025996,0.0032159993508992235,0.04676064576412677,0.046760645764126786
right_step,object,45.0,60.0,105.0,11660,31,0.05161965411866289,0.002658662092624331,0.04896099202603856,0.04896099202603855
right_step,token,45.0,60.0,105.0,11660,31,0.049976645115025996,0.0032159993508992235,0.04676064576412677,0.046760645764126786
right_step,object,45.0,120.0,165.0,11660,31,0.05161965411866289,0.002658662092624331,0.04896099202603856,0.04896099202603855
right_step,token,45.0,120.0,165.0,11660,31,0.049976645115025996,0.0032159993508992235,0.04676064576412677,0.046760645764126786
right_step,object,45.0,180.0,225.0,11660,31,0.052164017815263725,0.002658662092624331,0.049505355722639394,0.04950535572263937
right_step,token,45.0,180.0,225.0,11660,31,0.05036679422682222,0.0032159993508992235,0.047150794875923,0.04715079487592301
right_step,object,45.0,300.0,345.0,11660,31,0.052164017815263725,0.002658662092624331,0.049505355722639394,0.04950535572263937
right_step,token,45.0,300.0,345.0,11660,31,0.05036679422682222,0.0032159993508992235,0.047150794875923,0.04715079487592301
right_step,object,45.0,600.0,645.0,11660,31,0.05276959957118828,0.002658662092624331,0.05011093747856395,0.050110937478563926
right_step,token,45.0,600.0,645.0,11660,31,0.050777240369184684,0.0032159993508992235,0.04756124101828546,0.04756124101828546
right_step,object,45.0,900.0,945.0,11660,31,0.05276959957118828,0.002658662092624331,0.05011093747856395,0.050110937478563926
right_step,token,45.0,900.0,945.0,11660,31,0.050777240369184684,0.0032159993508992235,0.04756124101828546,0.04756124101828546
right_step,object,45.0,1200.0,1245.0,11660,31,0.05276959957118828,0.002658662092624331,0.05011093747856395,0.050110937478563926
right_step,token,45.0,1200.0,1245.0,11660,31,0.050777240369184684,0.0032159993508992235,0.04756124101828546,0.04756124101828546
right_step,object,45.0,1800.0,1845.0,11660,31,0.05347120052234752,0.002658662092624331,0.05081253842972319,0.050812538429723164
right_step,token,45.0,1800.0,1845.0,11660,31,0.05126824482794584,0.0032159993508992235,0.04805224547704662,0.04805224547704661
right_step,object,45.0,2400.0,2445.0,11660,31,0.05347120052234752,0.002658662092624331,0.05081253842972319,0.050812538429723164
right_step,token,45.0,2400.0,2445.0,11660,31,0.05126824482794584,0.0032159993508992235,0.04805224547704662,0.04805224547704661
right_step,object,45.0,3600.0,3645.0,11660,173,0.05347120052234752,0.014837049742710162,0.03863415077963736,0.05184139407033529
right_step,token,45.0,3600.0,3645.0,11660,173,0.05126824482794584,0.007889770884633496,0.043378473943312346,0.04516970993369751
right_step,object,60.0,1.0,61.0,11629,0,0.0,0.0,0.0,0.0
right_step,token,60.0,1.0,61.0,11629,0,0.0,0.0,0.0,0.0
right_step,object,60.0,2.0,62.0,11629,0,0.0,0.0,0.0,0.0
right_step,token,60.0,2.0,62.0,11629,0,0.0,0.0,0.0,0.0
right_step,object,60.0,3.0,63.0,11629,0,0.0,0.0,0.0,0.0
right_step,token,60.0,3.0,63.0,11629,0,0.0,0.0,0.0,0.0
right_step,object,60.0,5.0,65.0,11629,0,0.0,0.0,0.0,0.0
right_step,token,60.0,5.0,65.0,11629,0,0.0,0.0,0.0,0.0
right_step,object,60.0,10.0,70.0,11629,0,0.0,0.0,0.0,0.0
right_step,token,60.0,10.0,70.0,11629,0,0.0,0.0,0.0,0.0
right_step,object,60.0,20.0,80.0,11629,0,0.0,0.0,0.0,0.0
right_step,token,60.0,20.0,80.0,11629,0,0.0,0.0,0.0,0.0
right_step,object,60.0,30.0,90.0,11629,0,0.0,0.0,0.0,0.0
right_step,token,60.0,30.0,90.0,11629,0,0.0,0.0,0.0,0.0
right_step,object,60.0,60.0,120.0,11629,0,0.0,0.0,0.0,0.0
right_step,token,60.0,60.0,120.0,11629,0,0.0,0.0,0.0,0.0
right_step,object,60.0,120.0,180.0,11629,0,0.0005891783633525117,0.0,0.0005891783633525117,0.0005891783633525117
right_step,token,60.0,120.0,180.0,11629,0,0.0004249997870290209,0.0,0.0004249997870290209,0.00042499978702902096
right_step,object,60.0,180.0,240.0,11629,0,0.0005891783633525117,0.0,0.0005891783633525117,0.0005891783633525117
right_step,token,60.0,180.0,240.0,11629,0,0.0004249997870290209,0.0,0.0004249997870290209,0.00042499978702902096
right_step,object,60.0,300.0,360.0,11629,0,0.0005891783633525117,0.0,0.0005891783633525117,0.0005891783633525117
right_step,token,60.0,300.0,360.0,11629,0,0.0004249997870290209,0.0,0.0004249997870290209,0.00042499978702902096
right_step,object,60.0,600.0,660.0,11629,0,0.0012439891906181715,0.0,0.0012439891906181715,0.0012439891906181715
right_step,token,60.0,600.0,660.0,11629,0,0.0008714369959941863,0.0,0.0008714369959941863,0.0008714369959941864
right_step,object,60.0,900.0,960.0,11629,0,0.0012439891906181715,0.0,0.0012439891906181715,0.0012439891906181715
right_step,token,60.0,900.0,960.0,11629,0,0.0008714369959941863,0.0,0.0008714369959941863,0.0008714369959941864
right_step,object,60.0,1200.0,1260.0,11629,0,0.0012439891906181715,0.0,0.0012439891906181715,0.0012439891906181715
right_step,token,60.0,1200.0,1260.0,11629,0,0.0008714369959941863,0.0,0.0008714369959941863,0.0008714369959941864
right_step,object,60.0,1800.0,1860.0,11629,0,0.0020038930918502397,0.0,0.0020038930918502397,0.0020038930918502397
right_step,token,60.0,1800.0,1860.0,11629,0,0.0014064855378445186,0.0,0.0014064855378445186,0.0014064855378445188
right_step,object,60.0,2400.0,2460.0,11629,0,0.0020038930918502397,0.0,0.0020038930918502397,0.0020038930918502397
right_step,token,60.0,2400.0,2460.0,11629,0,0.0014064855378445186,0.0,0.0014064855378445186,0.0014064855378445188
right_step,object,60.0,3600.0,3660.0,11629,142,0.0020038930918502397,0.012210852179895149,-0.01020695908804491,0.01072076462401692
right_step,token,60.0,3600.0,3660.0,11629,142,0.0014064855378445186,0.004688850875105066,-0.0032823653372605474,0.0038500723174749005
right_step,object,90.0,1.0,91.0,11629,0,0.0,0.0,0.0,0.0
right_step,token,90.0,1.0,91.0,11629,0,0.0,0.0,0.0,0.0
right_step,object,90.0,2.0,92.0,11629,0,0.0,0.0,0.0,0.0
right_step,token,90.0,2.0,92.0,11629,0,0.0,0.0,0.0,0.0
right_step,object,90.0,3.0,93.0,11629,0,0.0,0.0,0.0,0.0
right_step,token,90.0,3.0,93.0,11629,0,0.0,0.0,0.0,0.0
right_step,object,90.0,5.0,95.0,11629,0,0.0,0.0,0.0,0.0
right_step,token,90.0,5.0,95.0,11629,0,0.0,0.0,0.0,0.0
right_step,object,90.0,10.0,100.0,11629,0,0.0,0.0,0.0,0.0
right_step,token,90.0,10.0,100.0,11629,0,0.0,0.0,0.0,0.0
right_step,object,90.0,20.0,110.0,11629,0,0.0,0.0,0.0,0.0
right_step,token,90.0,20.0,110.0,11629,0,0.0,0.0,0.0,0.0
right_step,object,90.0,30.0,120.0,11629,0,0.0,0.0,0.0,0.0
right_step,token,90.0,30.0,120.0,11629,0,0.0,0.0,0.0,0.0
right_step,object,90.0,60.0,150.0,11629,0,0.0,0.0,0.0,0.0
right_step,token,90.0,60.0,150.0,11629,0,0.0,0.0,0.0,0.0
right_step,object,90.0,120.0,210.0,11629,0,0.0005891783633525117,0.0,0.0005891783633525117,0.0005891783633525117
right_step,token,90.0,120.0,210.0,11629,0,0.0004249997870290209,0.0,0.0004249997870290209,0.00042499978702902096
right_step,object,90.0,180.0,270.0,11629,0,0.0005891783633525117,0.0,0.0005891783633525117,0.0005891783633525117
right_step,token,90.0,180.0,270.0,11629,0,0.0004249997870290209,0.0,0.0004249997870290209,0.00042499978702902096
right_step,object,90.0,300.0,390.0,11629,0,0.0005891783633525117,0.0,0.0005891783633525117,0.0005891783633525117
right_step,token,90.0,300.0,390.0,11629,0,0.0004249997870290209,0.0,0.0004249997870290209,0.00042499978702902096
right_step,object,90.0,600.0,690.0,11629,0,0.0012439891906181715,0.0,0.0012439891906181715,0.0012439891906181715
right_step,token,90.0,600.0,690.0,11629,0,0.0008714369959941863,0.0,0.0008714369959941863,0.0008714369959941864
right_step,object,90.0,900.0,990.0,11629,0,0.0012439891906181715,0.0,0.0012439891906181715,0.0012439891906181715
right_step,token,90.0,900.0,990.0,11629,0,0.0008714369959941863,0.0,0.0008714369959941863,0.0008714369959941864
right_step,object,90.0,1200.0,1290.0,11629,0,0.0012439891906181715,0.0,0.0012439891906181715,0.0012439891906181715
right_step,token,90.0,1200.0,1290.0,11629,0,0.0008714369959941863,0.0,0.0008714369959941863,0.0008714369959941864
right_step,object,90.0,1800.0,1890.0,11629,0,0.0020038930918502397,0.0,0.0020038930918502397,0.0020038930918502397
right_step,token,90.0,1800.0,1890.0,11629,0,0.0014064855378445186,0.0,0.0014064855378445186,0.0014064855378445188
right_step,object,90.0,2400.0,2490.0,11629,0,0.0020038930918502397,0.0,0.0020038930918502397,0.0020038930918502397
right_step,token,90.0,2400.0,2490.0,11629,0,0.0014064855378445186,0.0,0.0014064855378445186,0.0014064855378445188
right_step,object,90.0,3600.0,3690.0,11629,142,0.0020038930918502397,0.012210852179895149,-0.01020695908804491,0.01072076462401692
right_step,token,90.0,3600.0,3690.0,11629,142,0.0014064855378445186,0.004688850875105066,-0.0032823653372605474,0.0038500723174749005
right_step,object,120.0,1.0,121.0,11629,0,0.0,0.0,0.0,0.0
right_step,token,120.0,1.0,121.0,11629,0,0.0,0.0,0.0,0.0
right_step,object,120.0,2.0,122.0,11629,0,0.0,0.0,0.0,0.0
right_step,token,120.0,2.0,122.0,11629,0,0.0,0.0,0.0,0.0
right_step,object,120.0,3.0,123.0,11629,0,0.0,0.0,0.0,0.0
right_step,token,120.0,3.0,123.0,11629,0,0.0,0.0,0.0,0.0
right_step,object,120.0,5.0,125.0,11629,0,0.0,0.0,0.0,0.0
right_step,token,120.0,5.0,125.0,11629,0,0.0,0.0,0.0,0.0
right_step,object,120.0,10.0,130.0,11629,0,0.0,0.0,0.0,0.0
right_step,token,120.0,10.0,130.0,11629,0,0.0,0.0,0.0,0.0
right_step,object,120.0,20.0,140.0,11629,0,0.0,0.0,0.0,0.0
right_step,token,120.0,20.0,140.0,11629,0,0.0,0.0,0.0,0.0
right_step,object,120.0,30.0,150.0,11629,0,0.0,0.0,0.0,0.0
right_step,token,120.0,30.0,150.0,11629,0,0.0,0.0,0.0,0.0
right_step,object,120.0,60.0,180.0,11629,0,0.0005891783633525117,0.0,0.0005891783633525117,0.0005891783633525117
right_step,token,120.0,60.0,180.0,11629,0,0.0004249997870290209,0.0,0.0004249997870290209,0.00042499978702902096
right_step,object,120.0,120.0,240.0,11629,0,0.0005891783633525117,0.0,0.0005891783633525117,0.0005891783633525117
right_step,token,120.0,120.0,240.0,11629,0,0.0004249997870290209,0.0,0.0004249997870290209,0.00042499978702902096
right_step,object,120.0,180.0,300.0,11629,0,0.0005891783633525117,0.0,0.0005891783633525117,0.0005891783633525117
right_step,token,120.0,180.0,300.0,11629,0,0.0004249997870290209,0.0,0.0004249997870290209,0.00042499978702902096
right_step,object,120.0,300.0,420.0,11629,0,0.0005891783633525117,0.0,0.0005891783633525117,0.0005891783633525117
right_step,token,120.0,300.0,420.0,11629,0,0.0004249997870290209,0.0,0.0004249997870290209,0.00042499978702902096
right_step,object,120.0,600.0,720.0,11629,0,0.0012439891906181715,0.0,0.0012439891906181715,0.0012439891906181715
right_step,token,120.0,600.0,720.0,11629,0,0.0008714369959941863,0.0,0.0008714369959941863,0.0008714369959941864
right_step,object,120.0,900.0,1020.0,11629,0,0.0012439891906181715,0.0,0.0012439891906181715,0.0012439891906181715
right_step,token,120.0,900.0,1020.0,11629,0,0.0008714369959941863,0.0,0.0008714369959941863,0.0008714369959941864
right_step,object,120.0,1200.0,1320.0,11629,0,0.0012439891906181715,0.0,0.0012439891906181715,0.0012439891906181715
right_step,token,120.0,1200.0,1320.0,11629,0,0.0008714369959941863,0.0,0.0008714369959941863,0.0008714369959941864
right_step,object,120.0,1800.0,1920.0,11629,0,0.0020038930918502397,0.0,0.0020038930918502397,0.0020038930918502397
right_step,token,120.0,1800.0,1920.0,11629,0,0.0014064855378445186,0.0,0.0014064855378445186,0.0014064855378445188
right_step,object,120.0,2400.0,2520.0,11629,0,0.0020038930918502397,0.0,0.0020038930918502397,0.0020038930918502397
right_step,token,120.0,2400.0,2520.0,11629,0,0.0014064855378445186,0.0,0.0014064855378445186,0.0014064855378445188
right_step,object,120.0,3600.0,3720.0,11629,142,0.0020038930918502397,0.012210852179895149,-0.01020695908804491,0.01072076462401692
right_step,token,120.0,3600.0,3720.0,11629,142,0.0014064855378445186,0.004688850875105066,-0.0032823653372605474,0.0038500723174749005
right_step,object,180.0,1.0,181.0,11629,0,0.0,0.0,0.0,0.0
right_step,token,180.0,1.0,181.0,11629,0,0.0,0.0,0.0,0.0
right_step,object,180.0,2.0,182.0,11629,0,0.0,0.0,0.0,0.0
right_step,token,180.0,2.0,182.0,11629,0,0.0,0.0,0.0,0.0
right_step,object,180.0,3.0,183.0,11629,0,0.0,0.0,0.0,0.0
right_step,token,180.0,3.0,183.0,11629,0,0.0,0.0,0.0,0.0
right_step,object,180.0,5.0,185.0,11629,0,0.0,0.0,0.0,0.0
right_step,token,180.0,5.0,185.0,11629,0,0.0,0.0,0.0,0.0
right_step,object,180.0,10.0,190.0,11629,0,0.0,0.0,0.0,0.0
right_step,token,180.0,10.0,190.0,11629,0,0.0,0.0,0.0,0.0
right_step,object,180.0,20.0,200.0,11629,0,0.0,0.0,0.0,0.0
right_step,token,180.0,20.0,200.0,11629,0,0.0,0.0,0.0,0.0
right_step,object,180.0,30.0,210.0,11629,0,0.0,0.0,0.0,0.0
right_step,token,180.0,30.0,210.0,11629,0,0.0,0.0,0.0,0.0
right_step,object,180.0,60.0,240.0,11629,0,0.0,0.0,0.0,0.0
right_step,token,180.0,60.0,240.0,11629,0,0.0,0.0,0.0,0.0
right_step,object,180.0,120.0,300.0,11629,0,0.0,0.0,0.0,0.0
right_step,token,180.0,120.0,300.0,11629,0,0.0,0.0,0.0,0.0
right_step,object,180.0,180.0,360.0,11629,0,0.0,0.0,0.0,0.0
right_step,token,180.0,180.0,360.0,11629,0,0.0,0.0,0.0,0.0
right_step,object,180.0,300.0,480.0,11629,0,0.0,0.0,0.0,0.0
right_step,token,180.0,300.0,480.0,11629,0,0.0,0.0,0.0,0.0
right_step,object,180.0,600.0,780.0,11629,0,0.0006556199809866839,0.0,0.0006556199809866839,0.0006556199809866839
right_step,token,180.0,600.0,780.0,11629,0,0.00044690663744599904,0.0,0.00044690663744599904,0.00044690663744599904
right_step,object,180.0,900.0,1080.0,11629,0,0.0006556199809866839,0.0,0.0006556199809866839,0.0006556199809866839
right_step,token,180.0,900.0,1080.0,11629,0,0.00044690663744599904,0.0,0.00044690663744599904,0.00044690663744599904
right_step,object,180.0,1200.0,1380.0,11629,0,0.0006556199809866839,0.0,0.0006556199809866839,0.0006556199809866839
right_step,token,180.0,1200.0,1380.0,11629,0,0.00044690663744599904,0.0,0.00044690663744599904,0.00044690663744599904
right_step,object,180.0,1800.0,1980.0,11629,0,0.001416461908022682,0.0,0.001416461908022682,0.0014164619080226817
right_step,token,180.0,1800.0,1980.0,11629,0,0.0009825136500666372,0.0,0.0009825136500666372,0.0009825136500666372
right_step,object,180.0,2400.0,2580.0,11629,0,0.001416461908022682,0.0,0.001416461908022682,0.0014164619080226817
right_step,token,180.0,2400.0,2580.0,11629,0,0.0009825136500666372,0.0,0.0009825136500666372,0.0009825136500666372
right_step,object,180.0,3600.0,3780.0,11629,142,0.001416461908022682,0.012210852179895149,-0.010794390271872466,0.011158734795187477
right_step,token,180.0,3600.0,3780.0,11629,142,0.0009825136500666372,0.004688850875105066,-0.003706337225038429,0.004105486039991001
right_step,object,300.0,1.0,301.0,11629,0,0.0,0.0,0.0,0.0
right_step,token,300.0,1.0,301.0,11629,0,0.0,0.0,0.0,0.0
right_step,object,300.0,2.0,302.0,11629,0,0.0,0.0,0.0,0.0
right_step,token,300.0,2.0,302.0,11629,0,0.0,0.0,0.0,0.0
right_step,object,300.0,3.0,303.0,11629,0,0.0,0.0,0.0,0.0
right_step,token,300.0,3.0,303.0,11629,0,0.0,0.0,0.0,0.0
right_step,object,300.0,5.0,305.0,11629,0,0.0,0.0,0.0,0.0
right_step,token,300.0,5.0,305.0,11629,0,0.0,0.0,0.0,0.0
right_step,object,300.0,10.0,310.0,11629,0,0.0,0.0,0.0,0.0
right_step,token,300.0,10.0,310.0,11629,0,0.0,0.0,0.0,0.0
right_step,object,300.0,20.0,320.0,11629,0,0.0,0.0,0.0,0.0
right_step,token,300.0,20.0,320.0,11629,0,0.0,0.0,0.0,0.0
right_step,object,300.0,30.0,330.0,11629,0,0.0,0.0,0.0,0.0
right_step,token,300.0,30.0,330.0,11629,0,0.0,0.0,0.0,0.0
right_step,object,300.0,60.0,360.0,11629,0,0.0,0.0,0.0,0.0
right_step,token,300.0,60.0,360.0,11629,0,0.0,0.0,0.0,0.0
right_step,object,300.0,120.0,420.0,11629,0,0.0,0.0,0.0,0.0
right_step,token,300.0,120.0,420.0,11629,0,0.0,0.0,0.0,0.0
right_step,object,300.0,180.0,480.0,11629,0,0.0,0.0,0.0,0.0
right_step,token,300.0,180.0,480.0,11629,0,0.0,0.0,0.0,0.0
right_step,object,300.0,300.0,600.0,11629,0,0.0006556199809866839,0.0,0.0006556199809866839,0.0006556199809866839
right_step,token,300.0,300.0,600.0,11629,0,0.00044690663744599904,0.0,0.00044690663744599904,0.00044690663744599904
right_step,object,300.0,600.0,900.0,11629,0,0.0006556199809866839,0.0,0.0006556199809866839,0.0006556199809866839
right_step,token,300.0,600.0,900.0,11629,0,0.00044690663744599904,0.0,0.00044690663744599904,0.00044690663744599904
right_step,object,300.0,900.0,1200.0,11629,0,0.0006556199809866839,0.0,0.0006556199809866839,0.0006556199809866839
right_step,token,300.0,900.0,1200.0,11629,0,0.00044690663744599904,0.0,0.00044690663744599904,0.00044690663744599904
right_step,object,300.0,1200.0,1500.0,11629,0,0.0006556199809866839,0.0,0.0006556199809866839,0.0006556199809866839
right_step,token,300.0,1200.0,1500.0,11629,0,0.00044690663744599904,0.0,0.00044690663744599904,0.00044690663744599904
right_step,object,300.0,1800.0,2100.0,11629,0,0.001416461908022682,0.0,0.001416461908022682,0.0014164619080226817
right_step,token,300.0,1800.0,2100.0,11629,0,0.0009825136500666372,0.0,0.0009825136500666372,0.0009825136500666372
right_step,object,300.0,2400.0,2700.0,11629,0,0.001416461908022682,0.0,0.001416461908022682,0.0014164619080226817
right_step,token,300.0,2400.0,2700.0,11629,0,0.0009825136500666372,0.0,0.0009825136500666372,0.0009825136500666372
right_step,object,300.0,3600.0,3900.0,11629,142,0.001416461908022682,0.012210852179895149,-0.010794390271872466,0.011158734795187477
right_step,token,300.0,3600.0,3900.0,11629,142,0.0009825136500666372,0.004688850875105066,-0.003706337225038429,0.004105486039991001
right_step,object,600.0,1.0,601.0,11629,0,0.0,0.0,0.0,0.0
right_step,token,600.0,1.0,601.0,11629,0,0.0,0.0,0.0,0.0
right_step,object,600.0,2.0,602.0,11629,0,0.0,0.0,0.0,0.0
right_step,token,600.0,2.0,602.0,11629,0,0.0,0.0,0.0,0.0
right_step,object,600.0,3.0,603.0,11629,0,0.0,0.0,0.0,0.0
right_step,token,600.0,3.0,603.0,11629,0,0.0,0.0,0.0,0.0
right_step,object,600.0,5.0,605.0,11629,0,0.0,0.0,0.0,0.0
right_step,token,600.0,5.0,605.0,11629,0,0.0,0.0,0.0,0.0
right_step,object,600.0,10.0,610.0,11629,0,0.0,0.0,0.0,0.0
right_step,token,600.0,10.0,610.0,11629,0,0.0,0.0,0.0,0.0
right_step,object,600.0,20.0,620.0,11629,0,0.0,0.0,0.0,0.0
right_step,token,600.0,20.0,620.0,11629,0,0.0,0.0,0.0,0.0
right_step,object,600.0,30.0,630.0,11629,0,0.0,0.0,0.0,0.0
right_step,token,600.0,30.0,630.0,11629,0,0.0,0.0,0.0,0.0
right_step,object,600.0,60.0,660.0,11629,0,0.0,0.0,0.0,0.0
right_step,token,600.0,60.0,660.0,11629,0,0.0,0.0,0.0,0.0
right_step,object,600.0,120.0,720.0,11629,0,0.0,0.0,0.0,0.0
right_step,token,600.0,120.0,720.0,11629,0,0.0,0.0,0.0,0.0
right_step,object,600.0,180.0,780.0,11629,0,0.0,0.0,0.0,0.0
right_step,token,600.0,180.0,780.0,11629,0,0.0,0.0,0.0,0.0
right_step,object,600.0,300.0,900.0,11629,0,0.0,0.0,0.0,0.0
right_step,token,600.0,300.0,900.0,11629,0,0.0,0.0,0.0,0.0
right_step,object,600.0,600.0,1200.0,11629,0,0.0,0.0,0.0,0.0
right_step,token,600.0,600.0,1200.0,11629,0,0.0,0.0,0.0,0.0
right_step,object,600.0,900.0,1500.0,11629,0,0.0,0.0,0.0,0.0
right_step,token,600.0,900.0,1500.0,11629,0,0.0,0.0,0.0,0.0
right_step,object,600.0,1200.0,1800.0,11629,0,0.000761875987228584,0.0,0.000761875987228584,0.0007618759872285841
right_step,token,600.0,1200.0,1800.0,11629,0,0.000536195188552288,0.0,0.000536195188552288,0.0005361951885522881
right_step,object,600.0,1800.0,2400.0,11629,0,0.000761875987228584,0.0,0.000761875987228584,0.0007618759872285841
right_step,token,600.0,1800.0,2400.0,11629,0,0.000536195188552288,0.0,0.000536195188552288,0.0005361951885522881
right_step,object,600.0,2400.0,3000.0,11629,0,0.000761875987228584,0.0,0.000761875987228584,0.0007618759872285841
right_step,token,600.0,2400.0,3000.0,11629,0,0.000536195188552288,0.0,0.000536195188552288,0.0005361951885522881
right_step,object,600.0,3600.0,4200.0,11629,142,0.000761875987228584,0.012210852179895149,-0.011448976192666565,0.011542224315521344
right_step,token,600.0,3600.0,4200.0,11629,142,0.000536195188552288,0.004688850875105066,-0.004152655686552778,0.004264537736744108
right_step,object,900.0,1.0,901.0,11629,0,0.0,0.0,0.0,0.0
right_step,token,900.0,1.0,901.0,11629,0,0.0,0.0,0.0,0.0
right_step,object,900.0,2.0,902.0,11629,0,0.0,0.0,0.0,0.0
right_step,token,900.0,2.0,902.0,11629,0,0.0,0.0,0.0,0.0
right_step,object,900.0,3.0,903.0,11629,0,0.0,0.0,0.0,0.0
right_step,token,900.0,3.0,903.0,11629,0,0.0,0.0,0.0,0.0
right_step,object,900.0,5.0,905.0,11629,0,0.0,0.0,0.0,0.0
right_step,token,900.0,5.0,905.0,11629,0,0.0,0.0,0.0,0.0
right_step,object,900.0,10.0,910.0,11629,0,0.0,0.0,0.0,0.0
right_step,token,900.0,10.0,910.0,11629,0,0.0,0.0,0.0,0.0
right_step,object,900.0,20.0,920.0,11629,0,0.0,0.0,0.0,0.0
right_step,token,900.0,20.0,920.0,11629,0,0.0,0.0,0.0,0.0
right_step,object,900.0,30.0,930.0,11629,0,0.0,0.0,0.0,0.0
right_step,token,900.0,30.0,930.0,11629,0,0.0,0.0,0.0,0.0
right_step,object,900.0,60.0,960.0,11629,0,0.0,0.0,0.0,0.0
right_step,token,900.0,60.0,960.0,11629,0,0.0,0.0,0.0,0.0
right_step,object,900.0,120.0,1020.0,11629,0,0.0,0.0,0.0,0.0
right_step,token,900.0,120.0,1020.0,11629,0,0.0,0.0,0.0,0.0
right_step,object,900.0,180.0,1080.0,11629,0,0.0,0.0,0.0,0.0
right_step,token,900.0,180.0,1080.0,11629,0,0.0,0.0,0.0,0.0
right_step,object,900.0,300.0,1200.0,11629,0,0.0,0.0,0.0,0.0
right_step,token,900.0,300.0,1200.0,11629,0,0.0,0.0,0.0,0.0
right_step,object,900.0,600.0,1500.0,11629,0,0.0,0.0,0.0,0.0
right_step,token,900.0,600.0,1500.0,11629,0,0.0,0.0,0.0,0.0
right_step,object,900.0,900.0,1800.0,11629,0,0.000761875987228584,0.0,0.000761875987228584,0.0007618759872285841
right_step,token,900.0,900.0,1800.0,11629,0,0.000536195188552288,0.0,0.000536195188552288,0.0005361951885522881
right_step,object,900.0,1200.0,2100.0,11629,0,0.000761875987228584,0.0,0.000761875987228584,0.0007618759872285841
right_step,token,900.0,1200.0,2100.0,11629,0,0.000536195188552288,0.0,0.000536195188552288,0.0005361951885522881
right_step,object,900.0,1800.0,2700.0,11629,0,0.000761875987228584,0.0,0.000761875987228584,0.0007618759872285841
right_step,token,900.0,1800.0,2700.0,11629,0,0.000536195188552288,0.0,0.000536195188552288,0.0005361951885522881
right_step,object,900.0,2400.0,3300.0,11629,0,0.000761875987228584,0.0,0.000761875987228584,0.0007618759872285841
right_step,token,900.0,2400.0,3300.0,11629,0,0.000536195188552288,0.0,0.000536195188552288,0.0005361951885522881
right_step,object,900.0,3600.0,4500.0,11629,142,0.000761875987228584,0.012210852179895149,-0.011448976192666565,0.011542224315521344
right_step,token,900.0,3600.0,4500.0,11629,142,0.000536195188552288,0.004688850875105066,-0.004152655686552778,0.004264537736744108
right_step,object,1200.0,1.0,1201.0,11629,0,0.0,0.0,0.0,0.0
right_step,token,1200.0,1.0,1201.0,11629,0,0.0,0.0,0.0,0.0
right_step,object,1200.0,2.0,1202.0,11629,0,0.0,0.0,0.0,0.0
right_step,token,1200.0,2.0,1202.0,11629,0,0.0,0.0,0.0,0.0
right_step,object,1200.0,3.0,1203.0,11629,0,0.0,0.0,0.0,0.0
right_step,token,1200.0,3.0,1203.0,11629,0,0.0,0.0,0.0,0.0
right_step,object,1200.0,5.0,1205.0,11629,0,0.0,0.0,0.0,0.0
right_step,token,1200.0,5.0,1205.0,11629,0,0.0,0.0,0.0,0.0
right_step,object,1200.0,10.0,1210.0,11629,0,0.0,0.0,0.0,0.0
right_step,token,1200.0,10.0,1210.0,11629,0,0.0,0.0,0.0,0.0
right_step,object,1200.0,20.0,1220.0,11629,0,0.0,0.0,0.0,0.0
right_step,token,1200.0,20.0,1220.0,11629,0,0.0,0.0,0.0,0.0
right_step,object,1200.0,30.0,1230.0,11629,0,0.0,0.0,0.0,0.0
right_step,token,1200.0,30.0,1230.0,11629,0,0.0,0.0,0.0,0.0
right_step,object,1200.0,60.0,1260.0,11629,0,0.0,0.0,0.0,0.0
right_step,token,1200.0,60.0,1260.0,11629,0,0.0,0.0,0.0,0.0
right_step,object,1200.0,120.0,1320.0,11629,0,0.0,0.0,0.0,0.0
right_step,token,1200.0,120.0,1320.0,11629,0,0.0,0.0,0.0,0.0
right_step,object,1200.0,180.0,1380.0,11629,0,0.0,0.0,0.0,0.0
right_step,token,1200.0,180.0,1380.0,11629,0,0.0,0.0,0.0,0.0
right_step,object,1200.0,300.0,1500.0,11629,0,0.0,0.0,0.0,0.0
right_step,token,1200.0,300.0,1500.0,11629,0,0.0,0.0,0.0,0.0
right_step,object,1200.0,600.0,1800.0,11629,0,0.000761875987228584,0.0,0.000761875987228584,0.0007618759872285841
right_step,token,1200.0,600.0,1800.0,11629,0,0.000536195188552288,0.0,0.000536195188552288,0.0005361951885522881
right_step,object,1200.0,900.0,2100.0,11629,0,0.000761875987228584,0.0,0.000761875987228584,0.0007618759872285841
right_step,token,1200.0,900.0,2100.0,11629,0,0.000536195188552288,0.0,0.000536195188552288,0.0005361951885522881
right_step,object,1200.0,1200.0,2400.0,11629,0,0.000761875987228584,0.0,0.000761875987228584,0.0007618759872285841
right_step,token,1200.0,1200.0,2400.0,11629,0,0.000536195188552288,0.0,0.000536195188552288,0.0005361951885522881
right_step,object,1200.0,1800.0,3000.0,11629,0,0.000761875987228584,0.0,0.000761875987228584,0.0007618759872285841
right_step,token,1200.0,1800.0,3000.0,11629,0,0.000536195188552288,0.0,0.000536195188552288,0.0005361951885522881
right_step,object,1200.0,2400.0,3600.0,11629,142,0.000761875987228584,0.012210852179895149,-0.011448976192666565,0.011542224315521344
right_step,token,1200.0,2400.0,3600.0,11629,142,0.000536195188552288,0.004688850875105066,-0.004152655686552778,0.004264537736744108
right_step,object,1200.0,3600.0,4800.0,11629,142,0.000761875987228584,0.012210852179895149,-0.011448976192666565,0.011542224315521344
right_step,token,1200.0,3600.0,4800.0,11629,142,0.000536195188552288,0.004688850875105066,-0.004152655686552778,0.004264537736744108
right_step,object,1800.0,1.0,1801.0,11629,0,0.0,0.0,0.0,0.0
right_step,token,1800.0,1.0,1801.0,11629,0,0.0,0.0,0.0,0.0
right_step,object,1800.0,2.0,1802.0,11629,0,0.0,0.0,0.0,0.0
right_step,token,1800.0,2.0,1802.0,11629,0,0.0,0.0,0.0,0.0
right_step,object,1800.0,3.0,1803.0,11629,0,0.0,0.0,0.0,0.0
right_step,token,1800.0,3.0,1803.0,11629,0,0.0,0.0,0.0,0.0
right_step,object,1800.0,5.0,1805.0,11629,0,0.0,0.0,0.0,0.0
right_step,token,1800.0,5.0,1805.0,11629,0,0.0,0.0,0.0,0.0
right_step,object,1800.0,10.0,1810.0,11629,0,0.0,0.0,0.0,0.0
right_step,token,1800.0,10.0,1810.0,11629,0,0.0,0.0,0.0,0.0
right_step,object,1800.0,20.0,1820.0,11629,0,0.0,0.0,0.0,0.0
right_step,token,1800.0,20.0,1820.0,11629,0,0.0,0.0,0.0,0.0
right_step,object,1800.0,30.0,1830.0,11629,0,0.0,0.0,0.0,0.0
right_step,token,1800.0,30.0,1830.0,11629,0,0.0,0.0,0.0,0.0
right_step,object,1800.0,60.0,1860.0,11629,0,0.0,0.0,0.0,0.0
right_step,token,1800.0,60.0,1860.0,11629,0,0.0,0.0,0.0,0.0
right_step,object,1800.0,120.0,1920.0,11629,0,0.0,0.0,0.0,0.0
right_step,token,1800.0,120.0,1920.0,11629,0,0.0,0.0,0.0,0.0
right_step,object,1800.0,180.0,1980.0,11629,0,0.0,0.0,0.0,0.0
right_step,token,1800.0,180.0,1980.0,11629,0,0.0,0.0,0.0,0.0
right_step,object,1800.0,300.0,2100.0,11629,0,0.0,0.0,0.0,0.0
right_step,token,1800.0,300.0,2100.0,11629,0,0.0,0.0,0.0,0.0
right_step,object,1800.0,600.0,2400.0,11629,0,0.0,0.0,0.0,0.0
right_step,token,1800.0,600.0,2400.0,11629,0,0.0,0.0,0.0,0.0
right_step,object,1800.0,900.0,2700.0,11629,0,0.0,0.0,0.0,0.0
right_step,token,1800.0,900.0,2700.0,11629,0,0.0,0.0,0.0,0.0
right_step,object,1800.0,1200.0,3000.0,11629,0,0.0,0.0,0.0,0.0
right_step,token,1800.0,1200.0,3000.0,11629,0,0.0,0.0,0.0,0.0
right_step,object,1800.0,1800.0,3600.0,11629,142,0.0,0.012210852179895149,-0.012210852179895149,0.012210852179895093
right_step,token,1800.0,1800.0,3600.0,11629,142,0.0,0.004688850875105066,-0.004688850875105066,0.004688850875104998
right_step,object,1800.0,2400.0,4200.0,11629,142,0.0,0.012210852179895149,-0.012210852179895149,0.012210852179895093
right_step,token,1800.0,2400.0,4200.0,11629,142,0.0,0.004688850875105066,-0.004688850875105066,0.004688850875104998
right_step,object,1800.0,3600.0,5400.0,11629,142,0.0,0.012210852179895149,-0.012210852179895149,0.012210852179895093
right_step,token,1800.0,3600.0,5400.0,11629,142,0.0,0.004688850875105066,-0.004688850875105066,0.004688850875104998
right_step,object,2400.0,1.0,2401.0,11629,0,0.0,0.0,0.0,0.0
right_step,token,2400.0,1.0,2401.0,11629,0,0.0,0.0,0.0,0.0
right_step,object,2400.0,2.0,2402.0,11629,0,0.0,0.0,0.0,0.0
right_step,token,2400.0,2.0,2402.0,11629,0,0.0,0.0,0.0,0.0
right_step,object,2400.0,3.0,2403.0,11629,0,0.0,0.0,0.0,0.0
right_step,token,2400.0,3.0,2403.0,11629,0,0.0,0.0,0.0,0.0
right_step,object,2400.0,5.0,2405.0,11629,0,0.0,0.0,0.0,0.0
right_step,token,2400.0,5.0,2405.0,11629,0,0.0,0.0,0.0,0.0
right_step,object,2400.0,10.0,2410.0,11629,0,0.0,0.0,0.0,0.0
right_step,token,2400.0,10.0,2410.0,11629,0,0.0,0.0,0.0,0.0
right_step,object,2400.0,20.0,2420.0,11629,0,0.0,0.0,0.0,0.0
right_step,token,2400.0,20.0,2420.0,11629,0,0.0,0.0,0.0,0.0
right_step,object,2400.0,30.0,2430.0,11629,0,0.0,0.0,0.0,0.0
right_step,token,2400.0,30.0,2430.0,11629,0,0.0,0.0,0.0,0.0
right_step,object,2400.0,60.0,2460.0,11629,0,0.0,0.0,0.0,0.0
right_step,token,2400.0,60.0,2460.0,11629,0,0.0,0.0,0.0,0.0
right_step,object,2400.0,120.0,2520.0,11629,0,0.0,0.0,0.0,0.0
right_step,token,2400.0,120.0,2520.0,11629,0,0.0,0.0,0.0,0.0
right_step,object,2400.0,180.0,2580.0,11629,0,0.0,0.0,0.0,0.0
right_step,token,2400.0,180.0,2580.0,11629,0,0.0,0.0,0.0,0.0
right_step,object,2400.0,300.0,2700.0,11629,0,0.0,0.0,0.0,0.0
right_step,token,2400.0,300.0,2700.0,11629,0,0.0,0.0,0.0,0.0
right_step,object,2400.0,600.0,3000.0,11629,0,0.0,0.0,0.0,0.0
right_step,token,2400.0,600.0,3000.0,11629,0,0.0,0.0,0.0,0.0
right_step,object,2400.0,900.0,3300.0,11629,0,0.0,0.0,0.0,0.0
right_step,token,2400.0,900.0,3300.0,11629,0,0.0,0.0,0.0,0.0
right_step,object,2400.0,1200.0,3600.0,11629,142,0.0,0.012210852179895149,-0.012210852179895149,0.012210852179895093
right_step,token,2400.0,1200.0,3600.0,11629,142,0.0,0.004688850875105066,-0.004688850875105066,0.004688850875104998
right_step,object,2400.0,1800.0,4200.0,11629,142,0.0,0.012210852179895149,-0.012210852179895149,0.012210852179895093
right_step,token,2400.0,1800.0,4200.0,11629,142,0.0,0.004688850875105066,-0.004688850875105066,0.004688850875104998
right_step,object,2400.0,2400.0,4800.0,11629,142,0.0,0.012210852179895149,-0.012210852179895149,0.012210852179895093
right_step,token,2400.0,2400.0,4800.0,11629,142,0.0,0.004688850875105066,-0.004688850875105066,0.004688850875104998
right_step,object,2400.0,3600.0,6000.0,11629,142,0.0,0.012210852179895149,-0.012210852179895149,0.012210852179895093
right_step,token,2400.0,3600.0,6000.0,11629,142,0.0,0.004688850875105066,-0.004688850875105066,0.004688850875104998
right_step,object,3600.0,1.0,3601.0,11311,0,0.0,0.0,0.0,0.0
right_step,token,3600.0,1.0,3601.0,11311,0,0.0,0.0,0.0,0.0
right_step,object,3600.0,2.0,3602.0,11311,0,0.0,0.0,0.0,0.0
right_step,token,3600.0,2.0,3602.0,11311,0,0.0,0.0,0.0,0.0
right_step,object,3600.0,3.0,3603.0,11311,0,0.0,0.0,0.0,0.0
right_step,token,3600.0,3.0,3603.0,11311,0,0.0,0.0,0.0,0.0
right_step,object,3600.0,5.0,3605.0,11311,0,0.0,0.0,0.0,0.0
right_step,token,3600.0,5.0,3605.0,11311,0,0.0,0.0,0.0,0.0
right_step,object,3600.0,10.0,3610.0,11311,0,0.0,0.0,0.0,0.0
right_step,token,3600.0,10.0,3610.0,11311,0,0.0,0.0,0.0,0.0
right_step,object,3600.0,20.0,3620.0,11311,0,0.0,0.0,0.0,0.0
right_step,token,3600.0,20.0,3620.0,11311,0,0.0,0.0,0.0,0.0
right_step,object,3600.0,30.0,3630.0,11311,0,0.0,0.0,0.0,0.0
right_step,token,3600.0,30.0,3630.0,11311,0,0.0,0.0,0.0,0.0
right_step,object,3600.0,60.0,3660.0,11311,0,0.0,0.0,0.0,0.0
right_step,token,3600.0,60.0,3660.0,11311,0,0.0,0.0,0.0,0.0
right_step,object,3600.0,120.0,3720.0,11311,0,0.0,0.0,0.0,0.0
right_step,token,3600.0,120.0,3720.0,11311,0,0.0,0.0,0.0,0.0
right_step,object,3600.0,180.0,3780.0,11311,0,0.0,0.0,0.0,0.0
right_step,token,3600.0,180.0,3780.0,11311,0,0.0,0.0,0.0,0.0
right_step,object,3600.0,300.0,3900.0,11311,0,0.0,0.0,0.0,0.0
right_step,token,3600.0,300.0,3900.0,11311,0,0.0,0.0,0.0,0.0
right_step,object,3600.0,600.0,4200.0,11311,0,0.0,0.0,0.0,0.0
right_step,token,3600.0,600.0,4200.0,11311,0,0.0,0.0,0.0,0.0
right_step,object,3600.0,900.0,4500.0,11311,0,0.0,0.0,0.0,0.0
right_step,token,3600.0,900.0,4500.0,11311,0,0.0,0.0,0.0,0.0
right_step,object,3600.0,1200.0,4800.0,11311,0,0.0,0.0,0.0,0.0
right_step,token,3600.0,1200.0,4800.0,11311,0,0.0,0.0,0.0,0.0
right_step,object,3600.0,1800.0,5400.0,11311,0,0.0,0.0,0.0,0.0
right_step,token,3600.0,1800.0,5400.0,11311,0,0.0,0.0,0.0,0.0
right_step,object,3600.0,2400.0,6000.0,11311,0,0.0,0.0,0.0,0.0
right_step,token,3600.0,2400.0,6000.0,11311,0,0.0,0.0,0.0,0.0
right_step,object,3600.0,3600.0,7200.0,11311,0,0.017233700006418478,0.0,0.017233700006418478,0.017233700006418474
right_step,token,3600.0,3600.0,7200.0,11311,0,0.006676259656020978,0.0,0.006676259656020978,0.006676259656020979
