method,weighting,age_s,end_s,horizon_s,end_is_edge,n_at_risk,observed_events_by_end,mean_predicted_risk,km_observed_risk,signed_bias,absolute_bias,relative_absolute_bias,km_ece10,prevalence_normalized_ece
log_survival,object,0.0,0.2,0.2,0,23786,0,0.001396252171852975,0.0,0.001396252171852975,0.001396252171852975,1396.252171852975,0.0013962521718529752,1396.2521718529752
log_survival,token,0.0,0.2,0.2,0,23786,0,0.000981439251351578,0.0,0.000981439251351578,0.000981439251351578,981.439251351578,0.000981439251351578,981.439251351578
log_survival,object,0.0,0.5,0.5,0,23786,0,0.00346470343909219,0.0,0.00346470343909219,0.00346470343909219,3464.7034390921904,0.00346470343909219,3464.7034390921904
log_survival,token,0.0,0.5,0.5,0,23786,0,0.002447115336024777,0.0,0.002447115336024777,0.002447115336024777,2447.115336024777,0.0024471153360247767,2447.1153360247768
log_survival,object,0.0,1.0,1.0,0,23786,1,0.00684694904273833,4.204153703857294e-05,0.006804907505699757,0.006804907505699757,161.86152993065602,0.006804907505699735,161.86152993065548
log_survival,token,0.0,1.0,1.0,0,23786,1,0.00487329559005242,7.938932766848872e-06,0.004865356657285571,0.004865356657285571,612.8476963052469,0.004865356657285559,612.8476963052453
log_survival,object,0.0,1.5,1.5,0,23786,1,0.010153665297765365,4.204153703857294e-05,0.010111623760726792,0.010111623760726792,240.51508277276872,0.01011162376072677,240.51508277276818
log_survival,token,0.0,1.5,1.5,0,23786,1,0.007279724819362171,7.938932766848872e-06,0.0072717858865953226,0.0072717858865953226,915.9651681345132,0.007271785886595311,915.9651681345117
log_survival,object,0.0,1.8,1.8,0,23786,46,0.012104052334951883,0.0019339107037752434,0.01017014163117664,0.01017014163117664,5.258847583460399,0.010170141631176535,5.258847583460345
log_survival,token,0.0,1.8,1.8,0,23786,46,0.008714551483398785,0.00293824713175983,0.005776304351638955,0.005776304351638955,1.9659014686689416,0.006994770541899605,2.380592995834957
log_survival,object,0.0,2.0,2.0,1,23786,231,0.01339106370860871,0.009711595055915234,0.0036794686526934756,0.0036794686526934756,0.37887377217734675,0.007579352579602213,0.7804436383481317
log_survival,token,0.0,2.0,2.0,1,23786,231,0.009667473359692265,0.008121167359919745,0.0015463059997725195,0.0015463059997725195,0.19040440016098872,0.008658692889941649,1.0661882099209954
log_survival,object,0.0,2.3,2.3,0,23786,676,0.03701734747047429,0.028515876694495068,0.008501470775979222,0.008501470775979222,0.2981311382097684,0.010829161137681668,0.37975901122381467
log_survival,token,0.0,2.3,2.3,0,23786,676,0.029141234626615633,0.02358387304672538,0.005557361579890254,0.005557361579890254,0.23564244807796292,0.010351339555027893,0.4389160141135163
log_survival,object,0.0,2.75,2.75,0,23786,1728,0.07041800789325815,0.07297004362435111,-0.002552035731092958,0.002552035731092958,0.03497374544862282,0.030631998891400766,0.4197886882059975
log_survival,token,0.0,2.75,2.75,0,23786,1728,0.05698377466524424,0.06353971323415386,-0.006555938568909618,0.006555938568909618,0.10317859863090585,0.020900217781676125,0.3289315723641296
log_survival,object,0.0,3.5,3.5,0,23786,2998,0.12126691070664569,0.12663619571647788,-0.005369285009832192,0.005369285009832192,0.042399291762154075,0.037416882461147084,0.2954675181882332
log_survival,token,0.0,3.5,3.5,0,23786,2998,0.10010403907891553,0.11456399711019705,-0.014459958031281514,0.014459958031281514,0.12621729684739214,0.02796230281794095,0.24407583117970746
log_survival,object,0.0,4.25,4.25,0,23786,4334,0.16693455778803346,0.18309129744488795,-0.01615673965685449,0.01615673965685449,0.0882441704347953,0.034270430335621674,0.18717672993680853
log_survival,token,0.0,4.25,4.25,0,23786,4334,0.13962227080706766,0.16376849976351793,-0.024146228956450272,0.024146228956450272,0.14744122948746236,0.03616294817399201,0.2208174845969242
log_survival,object,0.0,4.7,4.7,0,23786,5002,0.19218457460459748,0.2113188483090931,-0.019134273704495608,0.019134273704495608,0.09054693349695044,0.040458433926792055,0.19145681632531933
log_survival,token,0.0,4.7,4.7,0,23786,5002,0.16180788723556017,0.1917095327329158,-0.029901645497355633,0.029901645497355633,0.1559737018347113,0.043899163912033766,0.22898790313777884
log_survival,object,0.0,5.0,5.0,1,23786,5341,0.20821293031763613,0.22564390780455057,-0.01743097748691444,0.01743097748691444,0.07724993622257639,0.04326102652206569,0.19172255498933194
log_survival,token,0.0,5.0,5.0,1,23786,5341,0.17601861769032487,0.20693093745854563,-0.03091231976822076,0.03091231976822076,0.14938471814739354,0.05043727412800436,0.24373964931226602
log_survival,object,0.0,5.5,5.5,0,23786,6011,0.224979076197043,0.2539717269147771,-0.028992650717734103,0.028992650717734103,0.11415700113525981,0.0517743184198964,0.2038585910677759
log_survival,token,0.0,5.5,5.5,0,23786,6011,0.19424847305233162,0.23302708979965847,-0.038778616747326855,0.038778616747326855,0.16641248354715404,0.05211194169594783,0.22363040168741877
log_survival,object,0.0,6.25,6.25,0,23786,6655,0.24929969400710683,0.2812015051888014,-0.03190181118169455,0.03190181118169455,0.11344822340220181,0.058982695621320795,0.20975241786746215
log_survival,token,0.0,6.25,6.25,0,23786,6655,0.22065892053958108,0.2593138514352161,-0.03865493089563504,0.03865493089563504,0.1490662017539473,0.054038944357308126,0.20839204715914902
log_survival,object,0.0,7.5,7.5,0,23786,7755,0.2877359848996523,0.32779002013139336,-0.04005403523174106,0.04005403523174106,0.12219418765612679,0.0713052154966874,0.21753321064535455
log_survival,token,0.0,7.5,7.5,0,23786,7755,0.26231384061537805,0.3139091059642911,-0.051595265348913066,0.051595265348913066,0.16436371028619448,0.06800090739446078,0.2166261064188315
log_survival,object,0.0,8.75,8.75,0,23786,8512,0.32371943198832076,0.3599395623831326,-0.03622013039481187,0.03622013039481187,0.10062836703751353,0.06831058612151604,0.18978348939815567
log_survival,token,0.0,8.75,8.75,0,23786,8512,0.30121197323717225,0.3469924657266904,-0.045780492489518154,0.045780492489518154,0.13193511966792182,0.062330556383917025,0.17963086389608202
log_survival,object,0.0,9.5,9.5,0,23786,8774,0.3442081330579077,0.37106661663670704,-0.02685848357879933,0.02685848357879933,0.07238183758550057,0.06082096788100383,0.1639084874631841
log_survival,token,0.0,9.5,9.5,0,23786,8774,0.32331542296883503,0.35648927012426224,-0.033173847155427205,0.033173847155427205,0.09305707053641117,0.05757209571512133,0.1614974153220749
log_survival,object,0.0,10.0,10.0,1,23786,8969,0.35743118764589216,0.37934820281780257,-0.021917015171910414,0.021917015171910414,0.05777545539720654,0.051909507658495245,0.13683868085550652
log_survival,token,0.0,10.0,10.0,1,23786,8969,0.3375626458536763,0.3628365665246679,-0.0252739206709916,0.0252739206709916,0.06965648725284507,0.052935760151065575,0.14589422631267973
log_survival,object,0.0,11.0,11.0,0,23786,9168,0.3686033961700205,0.38779966768979224,-0.019196271519771713,0.019196271519771713,0.04950048470677687,0.049043289453335574,0.12646552727983812
log_survival,token,0.0,11.0,11.0,0,23786,9168,0.35016338452075496,0.3779186132750315,-0.02775522875427655,0.02775522875427655,0.07344234387862128,0.054670951415304966,0.1446632938809976
log_survival,object,0.0,12.5,12.5,0,23786,9869,0.38492711637793514,0.41758537236424087,-0.03265825598630573,0.03265825598630573,0.07820737541979657,0.04773025020071673,0.11430057985624024
log_survival,token,0.0,12.5,12.5,0,23786,9869,0.3685193305361989,0.40548907815099333,-0.036969747614794435,0.036969747614794435,0.0911732266214773,0.057919521275266145,0.14283867160954322
log_survival,object,0.0,15.0,15.0,0,23786,10339,0.41101792745872234,0.4375558162971809,-0.026537888838458534,0.026537888838458534,0.06065029385973109,0.04387822208888926,0.10028028529070648
log_survival,token,0.0,15.0,15.0,0,23786,10339,0.39771982523980376,0.42473727067556455,-0.02701744543576079,0.02701744543576079,0.06360978256696964,0.04660557332745443,0.10972800492249263
log_survival,object,0.0,17.5,17.5,0,23786,10795,0.435782080704389,0.4569433999306186,-0.021161319226229602,0.021161319226229602,0.04631059170444894,0.04842400219565468,0.10597374248759756
log_survival,token,0.0,17.5,17.5,0,23786,10795,0.4252736133808454,0.44524195897026186,-0.01996834558941646,0.01996834558941646,0.04484830143951048,0.04566686341497289,0.10256639675332806
log_survival,object,0.0,19.0,19.0,0,23786,10872,0.45003467468633795,0.4602204656206923,-0.010185790934354344,0.010185790934354344,0.02213241629882088,0.04756927889151679,0.1033619372562253
log_survival,token,0.0,19.0,19.0,0,23786,10872,0.4410583014962598,0.4492001292266703,-0.0081418277304105,0.0081418277304105,0.01812516782759442,0.04489275242209808,0.09993931323970036
log_survival,object,0.0,20.0,20.0,1,23786,10939,0.4592934075937022,0.4630719383640034,-0.003778530770301214,0.003778530770301214,0.008159705776278444,0.047485592233625744,0.10254474153927054
log_survival,token,0.0,20.0,20.0,1,23786,10939,0.4512829780995514,0.45389758664441904,-0.0026146085448676137,0.0026146085448676137,0.0057603490782952415,0.04101292235866683,0.0903572161770407
log_survival,object,0.0,24.0,24.0,0,23786,11228,0.4621833168470519,0.4753724002514579,-0.013189083404405999,0.013189083404405999,0.027744739487251185,0.04409247782705932,0.092753550277079
log_survival,token,0.0,24.0,24.0,0,23786,11228,0.45424608313375275,0.47515244166096204,-0.02090635852720929,0.02090635852720929,0.04399926569697964,0.04407694271424191,0.0927637929422498
log_survival,object,0.0,30.0,30.0,0,23786,11530,0.4664670531819465,0.48826863189205594,-0.02180157871010946,0.02180157871010946,0.044650787058811606,0.047437706329733376,0.09715493322991241
log_survival,token,0.0,30.0,30.0,0,23786,11530,0.45863293285899137,0.4885601664085818,-0.029927233549590426,0.029927233549590426,0.061255983617302,0.053598869666892944,0.10970781768988577
log_survival,object,0.0,40.0,40.0,0,23786,11693,0.47347285236706876,0.4952874965753785,-0.021814644208309752,0.021814644208309752,0.044044407256684605,0.05209426480336429,0.10517985041731412
log_survival,token,0.0,40.0,40.0,0,23786,11693,0.4657934531677244,0.49787178971428137,-0.03207833654655695,0.03207833654655695,0.06443091817868625,0.04900778508467097,0.09843454900868265
log_survival,object,0.0,50.0,50.0,0,23786,11724,0.48031554200714793,0.496629356575907,-0.016313814568759077,0.016313814568759077,0.03284907416919,0.04871854687678368,0.09809840322908363
log_survival,token,0.0,50.0,50.0,0,23786,11724,0.4727705107082063,0.49948663371262847,-0.026716123004422165,0.026716123004422165,0.05348716302144905,0.04510807202970292,0.09030886711506102
log_survival,object,0.0,56.0,56.0,0,23786,11724,0.4843447783386697,0.496629356575907,-0.012284578237237331,0.012284578237237331,0.0247359083279639,0.047216217453670585,0.09507335164238091
log_survival,token,0.0,56.0,56.0,0,23786,11724,0.4768710899057433,0.49948663371262847,-0.022615543806885186,0.022615543806885186,0.04527757557551915,0.044086496369292266,0.08826361586816098
log_survival,object,0.0,60.0,60.0,1,23786,11724,0.48699971137625825,0.496629356575907,-0.009629645199648762,0.009629645199648762,0.019390003978101374,0.045421177890618884,0.0914589065048081
log_survival,token,0.0,60.0,60.0,1,23786,11724,0.4795698709911282,0.49948663371262847,-0.01991676272150028,0.01991676272150028,0.03987446585599539,0.043452737537426615,0.08699479546519046
log_survival,object,0.0,72.0,72.0,0,23786,11724,0.4870302890682594,0.496629356575907,-0.009599067507647607,0.009599067507647607,0.01932843353004736,0.04541458441882529,0.09144563006090423
log_survival,token,0.0,72.0,72.0,0,23786,11724,0.479591639341769,0.49948663371262847,-0.019894994370859453,0.019894994370859453,0.039830884408221655,0.04350248248257254,0.08709438760998155
log_survival,object,0.0,90.0,90.0,0,23786,11724,0.4870761476186527,0.496629356575907,-0.009553208957254311,0.009553208957254311,0.019236093941607652,0.04540259688772395,0.0914214922789898
log_survival,token,0.0,90.0,90.0,0,23786,11724,0.4796242873382854,0.49948663371262847,-0.019862346374343087,0.019862346374343087,0.039765521304761416,0.04346627989754636,0.087021908022776
log_survival,object,0.0,120.0,120.0,0,23786,11724,0.4871525572439783,0.496629356575907,-0.009476799331928687,0.009476799331928687,0.01908223750055382,0.04521734976061582,0.09104848346536397
log_survival,token,0.0,120.0,120.0,0,23786,11724,0.4796786885911663,0.49948663371262847,-0.019807945121462167,0.019807945121462167,0.039656606973107404,0.04349480043433054,0.08707900772246603
log_survival,object,0.0,150.0,150.0,0,23786,11724,0.4872289402677754,0.496629356575907,-0.009400416308131598,0.009400416308131598,0.018928434623648346,0.04502956186718447,0.09067035863052521
log_survival,token,0.0,150.0,150.0,0,23786,11724,0.4797330747570299,0.49948663371262847,-0.01975355895559855,0.01975355895559855,0.03954772284650051,0.043448542624959896,0.08698639701729699
log_survival,object,0.0,168.0,168.0,0,23786,11724,0.4872747573197797,0.496629356575907,-0.009354599256127305,0.009354599256127305,0.018836178595289115,0.04501987464904341,0.09065085269916455
log_survival,token,0.0,168.0,168.0,0,23786,11724,0.47976569921779755,0.49948663371262847,-0.019720934494830922,0.019720934494830922,0.03948240686291726,0.04351517352377921,0.0871197957797905
log_survival,object,0.0,180.0,180.0,1,23786,11724,0.48730529670557093,0.496629356575907,-0.009324059870336077,0.009324059870336077,0.01877468527962653,0.045013634959217466,0.09063828862146087
log_survival,token,0.0,180.0,180.0,1,23786,11724,0.4797874458431298,0.49948663371262847,-0.019699187869498647,0.019699187869498647,0.03943886891041864,0.04358376006308928,0.08725710984323255
log_survival,object,0.0,222.0,222.0,0,23786,11724,0.487339279989379,0.496629356575907,-0.009290076586528029,0.009290076586528029,0.018706257420181508,0.04483595452778119,0.09028051591011468
log_survival,token,0.0,222.0,222.0,0,23786,11724,0.4798101876645178,0.49948663371262847,-0.019676446048110696,0.019676446048110696,0.039393338520107866,0.043534072586022564,0.08715763275272985
log_survival,object,0.0,285.0,285.0,0,23786,11724,0.4873902447351348,0.496629356575907,-0.009239111840772196,0.009239111840772196,0.01860363612911,0.04482396654049954,0.0902563772096474
log_survival,token,0.0,285.0,285.0,0,23786,11724,0.47984429530241157,0.49948663371262847,-0.019642338410216897,0.019642338410216897,0.03932505313348945,0.04352137679317949,0.08713221506988074
log_survival,object,0.0,390.0,390.0,0,23786,11724,0.48747515884433273,0.496629356575907,-0.009154197731574276,0.009154197731574276,0.018432655279763167,0.044887678944554435,0.09038466685505653
log_survival,token,0.0,390.0,390.0,0,23786,11724,0.47990112778607225,0.49948663371262847,-0.019585505926556224,0.019585505926556224,0.039211271342697085,0.04336569276242729,0.0868205269880696
log_survival,object,0.0,495.0,495.0,0,23786,11724,0.48756003905718753,0.496629356575907,-0.009069317518719477,0.009069317518719477,0.018261742683214264,0.044868155265684,0.09034535448132767
log_survival,token,0.0,495.0,495.0,0,23786,11724,0.4799579433034937,0.49948663371262847,-0.019528690409134797,0.019528690409134797,0.0390975235192586,0.043377947750529555,0.08684506215532957
log_survival,object,0.0,558.0,558.0,0,23786,11724,0.4876109509246396,0.496629356575907,-0.009018405651267436,0.009018405651267436,0.01815922786652469,0.045026162271179435,0.09066351329212541
log_survival,token,0.0,558.0,558.0,0,23786,11724,0.47999202447405126,0.49948663371262847,-0.01949460923857721,0.01949460923857721,0.03902929112171822,0.04345259867085104,0.08699451744658855
log_survival,object,0.0,600.0,600.0,1,23786,11724,0.4876448853976961,0.496629356575907,-0.008984471178210884,0.008984471178210884,0.018090898291143725,0.04501909268469279,0.09064927815601628
log_survival,token,0.0,600.0,600.0,1,23786,11724,0.48001474186404897,0.49948663371262847,-0.019471891848579503,0.019471891848579503,0.03898380964440851,0.04353281640524544,0.08715511780900095
log_survival,object,0.0,720.0,720.0,0,23786,11724,0.48768404559662937,0.496629356575907,-0.008945310979277643,0.008945310979277643,0.018012046329585838,0.04492643980277435,0.0904627147145048
log_survival,token,0.0,720.0,720.0,0,23786,11724,0.48004206044074266,0.49948663371262847,-0.019444573271885812,0.019444573271885812,0.038929116335619365,0.043801048631660865,0.08769213363347193
log_survival,object,0.0,900.0,900.0,0,23786,11724,0.4877427722304345,0.496629356575907,-0.008886584345472515,0.008886584345472515,0.017893795901922787,0.044742791184006724,0.09009292461584083
log_survival,token,0.0,900.0,900.0,0,23786,11724,0.4800830309747509,0.49948663371262847,-0.019403602737877557,0.019403602737877557,0.03884709104956972,0.043716623096829825,0.08752310902073403
log_survival,object,0.0,1200.0,1200.0,0,23786,11724,0.48784061353382263,0.496629356575907,-0.00878874304208438,0.00878874304208438,0.017696785189421377,0.044383074284860824,0.08936860799141486
log_survival,token,0.0,1200.0,1200.0,0,23786,11724,0.4801512956569494,0.49948663371262847,-0.019335338055679052,0.019335338055679052,0.03871042136195245,0.04367690336188008,0.08744358790391352
log_survival,object,0.0,1500.0,1500.0,0,23786,11724,0.48793840934401816,0.496629356575907,-0.008690947231888846,0.008690947231888846,0.01749986608083343,0.044528910166290465,0.08966225934226357
log_survival,token,0.0,1500.0,1500.0,0,23786,11724,0.48021953592614214,0.49948663371262847,-0.01926709778648633,0.01926709778648633,0.03857380055052953,0.04371415263769034,0.08751816302423933
log_survival,object,0.0,1680.0,1680.0,0,23786,11724,0.4879970650084283,0.496629356575907,-0.00863229156747869,0.00863229156747869,0.017381758555304598,0.04460308388065866,0.08981161361096729
log_survival,token,0.0,1680.0,1680.0,0,23786,11724,0.4802604683758562,0.49948663371262847,-0.019226165336772294,0.019226165336772294,0.03849185151135347,0.043935677776482635,0.08796166866351085
log_survival,object,0.0,1800.0,1800.0,1,23786,11724,0.4880361596971355,0.496629356575907,-0.008593196878771525,0.008593196878771525,0.017303038503439946,0.04459372084869346,0.08979276045248759
log_survival,token,0.0,1800.0,1800.0,1,23786,11724,0.4802877517978112,0.49948663371262847,-0.01919888191481728,0.01919888191481728,0.03843722858430491,0.04418673514047376,0.0884642994589038
log_survival,object,0.0,2340.0,2340.0,0,23786,11724,0.4899225911562169,0.496629356575907,-0.006706765419690119,0.006706765419690119,0.013504569012857032,0.04611724683967241,0.09286049289883984
log_survival,token,0.0,2340.0,2340.0,0,23786,11724,0.4808242083218522,0.49948663371262847,-0.018662425390776283,0.018662425390776283,0.03736321280924087,0.043675601462813046,0.08744098142962739
log_survival,object,0.0,3150.0,3150.0,0,23786,11724,0.4924713510674175,0.496629356575907,-0.004158005508489493,0.004158005508489493,0.00837245211833136,0.04850645916926844,0.09767134891844538
log_survival,token,0.0,3150.0,3150.0,0,23786,11724,0.4815772280192198,0.49948663371262847,-0.017909405693408653,0.017909405693408653,0.03585562552553216,0.04228405260146119,0.08465502327293233
log_survival,object,0.0,4500.0,4500.0,0,23786,11866,0.49612293309388944,0.5027759410944572,-0.006653008000567784,0.006653008000567784,0.013232550440033634,0.049366476945199224,0.09818782664448272
log_survival,token,0.0,4500.0,4500.0,0,23786,11866,0.4827202353165521,0.5018334662481468,-0.019113230931594727,0.019113230931594727,0.03808680013808327,0.03944656447303371,0.07860489012011837
log_survival,object,0.0,5850.0,5850.0,0,23786,11866,0.49921279949324904,0.5027759410944572,-0.0035631416012081862,0.0035631416012081862,0.007086937361107289,0.048158117882553544,0.0957844517733318
log_survival,token,0.0,5850.0,5850.0,0,23786,11866,0.4837546683373038,0.5018334662481468,-0.018078797910843047,0.018078797910843047,0.03602549277154712,0.03916806156743379,0.07804991934927263
log_survival,object,0.0,6660.0,6660.0,0,23786,11866,0.5008614687810232,0.5027759410944572,-0.0019144723134340014,0.0019144723134340014,0.0038078041468462523,0.04429856424316874,0.08810796345333936
log_survival,token,0.0,6660.0,6660.0,0,23786,11866,0.4843344215859254,0.5018334662481468,-0.017499044662221463,0.017499044662221463,0.034870222572140154,0.03694772547319376,0.07362547131307468
log_survival,object,0.0,7200.0,7200.0,1,23786,11866,0.5018905102556559,0.5027759410944572,-0.0008854308388013266,0.0008854308388013266,0.0017610843447956063,0.04523568253215486,0.08997185194200924
log_survival,token,0.0,7200.0,7200.0,1,23786,11866,0.48470661409186033,0.5018334662481468,-0.01712685215628651,0.01712685215628651,0.03412855719713523,0.03708256083650334,0.07389415678819383
log_survival,object,5.0,5.5,0.5,0,18325,670,0.021100049203266913,0.03658241911665194,-0.01548236991338503,0.01548236991338503,0.4232188654341236,0.018776749927446563,0.5132725057785907
log_survival,token,5.0,5.5,0.5,0,18325,670,0.02179301939079198,0.03290527089467554,-0.011112251503883563,0.011112251503883563,0.3377043009143455,0.01587885909262121,0.48256278282731285
log_survival,object,5.0,6.25,1.25,0,18325,1314,0.05169924808352039,0.07174683320012931,-0.020047585116608924,0.020047585116608924,0.27942118449588643,0.03189748115882787,0.44458381974649136
log_survival,token,5.0,6.25,1.25,0,18325,1314,0.05336934577273738,0.06605088566789508,-0.012681539895157697,0.012681539895157697,0.1919965155186667,0.02075466956668956,0.3142224264946934
log_survival,object,5.0,7.5,2.5,0,18325,2414,0.10004000142957331,0.13191103338160481,-0.0318710319520315,0.0318710319520315,0.24161005440562308,0.04673026798686454,0.35425594651873255
log_survival,token,5.0,7.5,2.5,0,18325,2414,0.10318263683119747,0.13489136515163624,-0.03170872832043878,0.03170872832043878,0.23506862937293171,0.03348752389972271,0.24825550443557434
log_survival,object,5.0,8.75,3.75,0,18325,3171,0.14527748043680463,0.1734288086994038,-0.028151328262599168,0.028151328262599168,0.16232209904291375,0.05143294453927852,0.2965651723320367
log_survival,token,5.0,8.75,3.75,0,18325,3171,0.14971351831172386,0.17660697521008606,-0.0268934568983622,0.0268934568983622,0.15227856581751992,0.03685509376435937,0.2086842477230456
log_survival,object,5.0,9.5,4.5,0,18325,3433,0.17102820754031758,0.18779823688072927,-0.01677002934041169,0.01677002934041169,0.08929811918874586,0.04416561996848026,0.23517590315041062
log_survival,token,5.0,9.5,4.5,0,18325,3433,0.1761615224923355,0.18858172601821688,-0.012420203525881385,0.012420203525881385,0.0658611191451371,0.027454558983834528,0.1455844082219421
log_survival,object,5.0,10.0,5.0,1,18325,3628,0.18764476143659992,0.1984930402981282,-0.010848278861528282,0.010848278861528282,0.05465319512076909,0.03535902983045305,0.1781373784055364
log_survival,token,5.0,10.0,5.0,1,18325,3628,0.19321229640955484,0.19658518586831508,-0.003372889458760242,0.003372889458760242,0.01715739384868813,0.022592779317860176,0.11492615386082153
log_survival,object,5.0,11.0,6.0,0,18325,3827,0.20164328913284538,0.2094072242984476,-0.007763935165602226,0.007763935165602226,0.037075775163024224,0.03544230361669301,0.16925062511778757
log_survival,token,5.0,11.0,6.0,0,18325,3827,0.2084433226444809,0.21560250411047666,-0.0071591814659957564,0.0071591814659957564,0.03320546528683789,0.02811190535168248,0.13038765698786917
log_survival,object,5.0,12.5,7.5,0,18325,4528,0.2220965776431015,0.24787235032334953,-0.025775772680248027,0.025775772680248027,0.10398809163919867,0.03453220692957029,0.13931447732884697
log_survival,token,5.0,12.5,7.5,0,18325,4528,0.2306328249377039,0.25036677140847263,-0.019733946470768732,0.019733946470768732,0.07882014997338788,0.02844316006272324,0.11360597056355497
log_survival,object,5.0,15.0,10.0,0,18325,4998,0.25478796301490714,0.273662092451315,-0.01887412943640787,0.01887412943640787,0.06896873902901117,0.0436883034293805,0.15964324118859366
log_survival,token,5.0,15.0,10.0,0,18325,4998,0.2659365044742437,0.2746372838186888,-0.008700779344445075,0.008700779344445075,0.03168098381787519,0.0277500000569576,0.10104236275245757
log_survival,object,5.0,17.5,12.5,0,18325,5454,0.2858173060900404,0.2986991313909453,-0.01288182530090487,0.01288182530090487,0.043126423705748235,0.05675686759097834,0.19001350063081857
log_survival,token,5.0,17.5,12.5,0,18325,5454,0.2992548418776565,0.3004921421950687,-0.0012373003174122044,0.0012373003174122044,0.004117579609149958,0.0348120620260813,0.11585015758409603
log_survival,object,5.0,19.0,14.0,0,18325,5531,0.3036758774563543,0.30293111939117234,0.000744758065181983,0.000744758065181983,0.0024585062989856887,0.05685153874778946,0.1876715038786674
log_survival,token,5.0,19.0,14.0,0,18325,5531,0.3183443466480604,0.30548309499270276,0.01286125165535762,0.01286125165535762,0.042101353122878514,0.031739777440240306,0.10390027455037566
log_survival,object,5.0,20.0,15.0,1,18325,5598,0.31527719148426203,0.30661349856020115,0.008663692924060884,0.008663692924060884,0.028256071453944275,0.061171070976801606,0.19950547273374902
log_survival,token,5.0,20.0,15.0,1,18325,5598,0.3307107367630394,0.311406232887775,0.01930450387526439,0.01930450387526439,0.06199138564519796,0.03378218230406494,0.10848267868883474
log_survival,object,5.0,24.0,19.0,0,18325,5887,0.31886996169130577,0.3224982601207128,-0.0036282984294070397,0.0036282984294070397,0.01125059846229542,0.062187626315367346,0.19283088935763618
log_survival,token,5.0,24.0,19.0,0,18325,5887,0.33430036516772516,0.338206994663086,-0.003906629495360858,0.003906629495360858,0.011551001478406892,0.03375683833329582,0.09981117737355964
log_survival,object,5.0,30.0,25.0,0,18325,6189,0.32419613380506984,0.3391523960803521,-0.01495626227528224,0.01495626227528224,0.0440989432719172,0.057975628666521804,0.17094270698528752
log_survival,token,5.0,30.0,25.0,0,18325,6189,0.33961558520844765,0.35511311971687887,-0.015497534508431221,0.015497534508431221,0.04364112066821678,0.036799016533119365,0.10362618132063982
log_survival,object,5.0,40.0,35.0,0,18325,6352,0.3329082789991104,0.3482165265935152,-0.0153082475944048,0.0153082475944048,0.04396186402799494,0.059155108275745986,0.1698802433487016
log_survival,token,5.0,40.0,35.0,0,18325,6352,0.34829354097171517,0.36685437119863484,-0.018560830226919678,0.018560830226919678,0.05059454564020947,0.04422870864695412,0.12056203256470481
log_survival,object,5.0,50.0,45.0,0,18325,6383,0.3414194087812933,0.34994939860686014,-0.008529989825566853,0.008529989825566853,0.024374923516155566,0.05667680040255123,0.16195713045423185
log_survival,token,5.0,50.0,45.0,0,18325,6383,0.35675166088357735,0.36889056712988466,-0.012138906246307313,0.012138906246307313,0.0329065238527318,0.04019988554845892,0.10897509757766381
log_survival,object,5.0,56.0,51.0,0,18325,6383,0.3464319375487155,0.34994939860686014,-0.0035174610581446553,0.0035174610581446553,0.010051341914424144,0.05486152874949991,0.15676989006954234
log_survival,token,5.0,56.0,51.0,0,18325,6383,0.3617238569965107,0.36889056712988466,-0.007166710133373944,0.007166710133373944,0.019427740289305304,0.037321384711523284,0.10117196815819526
log_survival,object,5.0,60.0,55.0,1,18325,6383,0.34973512665980483,0.34994939860686014,-0.00021427194705531116,0.00021427194705531116,0.000612294085683023,0.049776930517616766,0.14224036593798273
log_survival,token,5.0,60.0,55.0,1,18325,6383,0.3649967613751986,0.36889056712988466,-0.003893805754686064,0.003893805754686064,0.010555449506289687,0.03628911028731586,0.09837364660652499
log_survival,object,5.0,72.0,67.0,0,18325,6383,0.34977254244896205,0.34994939860686014,-0.0001768561578980865,0.0001768561578980865,0.0005053763732760978,0.049766672193028334,0.14221105220111313
log_survival,token,5.0,72.0,67.0,0,18325,6383,0.36502284080320135,0.36889056712988466,-0.0038677263266833073,0.0038677263266833073,0.01048475258333591,0.03557622857656821,0.09644114473667738
log_survival,object,5.0,90.0,85.0,0,18325,6383,0.3498286568399775,0.34994939860686014,-0.00012074176688264826,0.00012074176688264826,0.0003450263591345441,0.04974905977424027,0.14216072372831626
log_survival,token,5.0,90.0,85.0,0,18325,6383,0.36506195466891866,0.36889056712988466,-0.0038286124609659966,0.0038286124609659966,0.010378721502027347,0.03564309438662594,0.09662240665014395
log_survival,object,5.0,120.0,115.0,0,18325,6383,0.34992215605341004,0.34994939860686014,-2.724255345010196e-05,2.724255345010196e-05,7.784712177975984e-05,0.049496704622223685,0.141439604752198
log_survival,token,5.0,120.0,115.0,0,18325,6383,0.36512713037930566,0.36889056712988466,-0.0037634367505789967,0.0037634367505789967,0.010202041163210086,0.03590950851392346,0.09734461033610514
log_survival,object,5.0,150.0,145.0,0,18325,6383,0.3500156243169588,0.34994939860686014,6.622571009867739e-05,6.622571009867739e-05,0.00018924367454929285,0.04957868912123387,0.14167388004838816
log_survival,token,5.0,150.0,145.0,0,18325,6383,0.3651922885143998,0.36889056712988466,-0.0036982786154848846,0.0036982786154848846,0.010025408468042334,0.03721889984901473,0.10089414901170442
log_survival,object,5.0,168.0,163.0,0,18325,6383,0.35007169042615116,0.34994939860686014,0.0001222918192910205,0.0001222918192910205,0.0003494557206780786,0.049454252950424035,0.14131829672318394
log_survival,token,5.0,168.0,163.0,0,18325,6383,0.3652313749626582,0.36889056712988466,-0.003659192167226488,0.003659192167226488,0.009919451710832453,0.03754365912565499,0.10177451653957864
log_survival,object,5.0,180.0,175.0,1,18325,6383,0.35010906164746686,0.34994939860686014,0.00015966304060671677,0.00015966304060671677,0.0004562460779825065,0.04933332375188255,0.14097273476759006
log_survival,token,5.0,180.0,175.0,1,18325,6383,0.36525742908223546,0.36889056712988466,-0.003633138047649198,0.003633138047649198,0.009848823394744022,0.03756697163458598,0.10183771281242554
log_survival,object,5.0,222.0,217.0,0,18325,6383,0.35015052505625216,0.34994939860686014,0.0002011264493920195,0.0002011264493920195,0.0005747300901007372,0.04921122776915819,0.14062383866086603
log_survival,token,5.0,222.0,217.0,0,18325,6383,0.36528467693269495,0.36889056712988466,-0.0036058901971897095,0.0036058901971897095,0.009774959075925875,0.0374696012469768,0.10157375814324882
log_survival,object,5.0,285.0,280.0,0,18325,6383,0.3502127086003204,0.34994939860686014,0.00026330999346024786,0.00026330999346024786,0.0007524230488992935,0.04919340707713231,0.140572915035631
log_survival,token,5.0,285.0,280.0,0,18325,6383,0.3653255428485607,0.36889056712988466,-0.0035650242813239363,0.0035650242813239363,0.009664178482689984,0.037366875822520525,0.10129528687396287
log_survival,object,5.0,390.0,385.0,0,18325,6383,0.35031631700236465,0.34994939860686014,0.0003669183955045119,0.0003669183955045119,0.0010484898587201604,0.049167766666839266,0.14049964612762567
log_survival,token,5.0,390.0,385.0,0,18325,6383,0.36539363708737277,0.36889056712988466,-0.003496930042511892,0.003496930042511892,0.009479586506424924,0.03735946856421805,0.10127520704822997
log_survival,object,5.0,495.0,490.0,0,18325,6383,0.3504198868777523,0.34994939860686014,0.0004704882708921332,0.0004704882708921332,0.0013444465764625838,0.04891832210520058,0.13978684432647465
log_survival,token,5.0,495.0,490.0,0,18325,6383,0.3654617118084776,0.36889056712988466,-0.003428855321407076,0.003428855321407076,0.00929504743936646,0.037485246556772676,0.10161616993468497
log_survival,object,5.0,558.0,553.0,0,18325,6383,0.35048201032022863,0.34994939860686014,0.0005326117133684916,0.0005326117133684916,0.0015219677915973154,0.04882598809491421,0.13952299472234916
log_survival,token,5.0,558.0,553.0,0,18325,6383,0.36550254727671716,0.36889056712988466,-0.003388019853167501,0.003388019853167501,0.009184349384500783,0.036762718824752856,0.09965751933095343
log_survival,object,5.0,600.0,595.0,1,18325,6383,0.35052341825061295,0.34994939860686014,0.00057401964375281,0.00057401964375281,0.0016402932710785272,0.04881361634612908,0.13948764175750802
log_survival,token,5.0,600.0,595.0,1,18325,6383,0.3655297670216729,0.36889056712988466,-0.00336080010821177,0.00336080010821177,0.009110561254954637,0.036652263976274344,0.0993580948991012
log_survival,object,5.0,720.0,715.0,0,18325,6383,0.35057151938528175,0.34994939860686014,0.0006221207784216087,0.0006221207784216087,0.001777744956551593,0.04869176116163471,0.13913943374520832
log_survival,token,5.0,720.0,715.0,0,18325,6383,0.36556253799558064,0.36889056712988466,-0.0033280291343040225,0.0033280291343040225,0.00902172468165129,0.03661906027411105,0.09926808527261052
log_survival,object,5.0,900.0,895.0,0,18325,6383,0.3506436550332299,0.34994939860686014,0.000694256426369777,0.000694256426369777,0.0019838766094000863,0.0483408623163937,0.13813672064829222
log_survival,token,5.0,900.0,895.0,0,18325,6383,0.3656116858876983,0.36889056712988466,-0.003278881242186338,0.003278881242186338,0.008888493050113312,0.03656039316560324,0.09910904865379899
log_survival,object,5.0,1200.0,1195.0,0,18325,6383,0.35076383832338864,0.34994939860686014,0.0008144397165285033,0.0008144397165285033,0.0023273070900272086,0.04830707929062201,0.13804018376065594
log_survival,token,5.0,1200.0,1195.0,0,18325,6383,0.36569357620034965,0.36889056712988466,-0.003196990929535015,0.003196990929535015,0.008666502248644839,0.03667299158959591,0.09941428395669309
log_survival,object,5.0,1500.0,1495.0,0,18325,6383,0.35088396816054623,0.34994939860686014,0.0009345695536860932,0.0009345695536860932,0.002670584825710778,0.04826841593722755,0.13792970106359065
log_survival,token,5.0,1500.0,1495.0,0,18325,6383,0.36577543797669027,0.36889056712988466,-0.003115129153194396,0.003115129153194396,0.008444588804293208,0.03749404952927956,0.10164003330580713
log_survival,object,5.0,1680.0,1675.0,0,18325,6383,0.3509560204217982,0.34994939860686014,0.0010066218149380468,0.0010066218149380468,0.002876478196406061,0.04802635233013515,0.1372379907533114
log_survival,token,5.0,1680.0,1675.0,0,18325,6383,0.36582454135215764,0.36889056712988466,-0.0030660257777270217,0.0030660257777270217,0.008311477849872718,0.037464003924984945,0.10155858474904847
log_survival,object,5.0,1800.0,1795.0,1,18325,6383,0.35100404458411655,0.34994939860686014,0.0010546459772564076,0.0010546459772564076,0.00301370992907811,0.047790989527265446,0.13656542836627292
log_survival,token,5.0,1800.0,1795.0,1,18325,6383,0.36585727123376716,0.36889056712988466,-0.003033295896117505,0.003033295896117505,0.008222752670846949,0.037546366959074595,0.10178185701846557
log_survival,object,5.0,2340.0,2335.0,0,18325,6383,0.3529808246936849,0.34994939860686014,0.0030314260868247733,0.0030314260868247733,0.00866246977103777,0.04728058595081329,0.13510692156933582
log_survival,token,5.0,2340.0,2335.0,0,18325,6383,0.3664114344714334,0.36889056712988466,-0.0024791326584512885,0.0024791326584512885,0.00672050976456223,0.035519655347617474,0.09628778427156466
log_survival,object,5.0,3150.0,3145.0,0,18325,6383,0.35567379547522393,0.34994939860686014,0.00572439686836379,0.00572439686836379,0.016357784557288774,0.04564797739696716,0.130441651217835
log_survival,token,5.0,3150.0,3145.0,0,18325,6383,0.3671945080877989,0.36889056712988466,-0.0016960590420857513,0.0016960590420857513,0.004597729498159211,0.03216524948828102,0.08719455674494324
log_survival,object,5.0,4500.0,4495.0,0,18325,6525,0.35957964465737285,0.35788707040992374,0.001692574247449119,0.001692574247449119,0.004729352880813618,0.05353506846266426,0.14958648380715517
log_survival,token,5.0,4500.0,4495.0,0,18325,6525,0.3683948773873406,0.3718497451464846,-0.003454867759143998,0.003454867759143998,0.009291031671362327,0.03609982757404021,0.09708175962261109
log_survival,object,5.0,5850.0,5845.0,0,18325,6525,0.362932738681488,0.35788707040992374,0.005045668271564274,0.005045668271564274,0.014098492761375725,0.04901196082201723,0.136948118203541
log_survival,token,5.0,5850.0,5845.0,0,18325,6525,0.36949361383932294,0.3718497451464846,-0.0023561313071616685,0.0023561313071616685,0.006336245588210652,0.03401123624741427,0.09146499813793352
log_survival,object,5.0,6660.0,6655.0,0,18325,6525,0.36474152106443314,0.35788707040992374,0.006854450654509403,0.006854450654509403,0.019152551799813046,0.05035257485010465,0.1406940317582047
log_survival,token,5.0,6660.0,6655.0,0,18325,6525,0.3701146196713453,0.3718497451464846,-0.0017351254751393208,0.0017351254751393208,0.00466620052262183,0.035985891075004085,0.09677535495103805
log_survival,object,5.0,7200.0,7195.0,1,18325,6525,0.3658778470650201,0.35788707040992374,0.007990776655096343,0.007990776655096343,0.02232764834433306,0.04979784701540928,0.13914402372337967
log_survival,token,5.0,7200.0,7195.0,1,18325,6525,0.37051528217218826,0.3718497451464846,-0.0013344629742963465,0.0013344629742963465,0.003588715581264295,0.03607949419606922,0.09702707791787311
log_survival,object,20.0,24.0,4.0,0,12616,289,0.005609024169623107,0.02290895702112361,-0.017299932851500503,0.017299932851500503,0.7551602124683717,0.01792117067916448,0.7822778951761071
log_survival,token,20.0,24.0,4.0,0,12616,289,0.005615470673317433,0.03892100546844346,-0.033305534795126025,0.033305534795126025,0.8557213359282209,0.0339565388243219,0.8724476260474135
log_survival,object,20.0,30.0,10.0,0,12616,591,0.013922069036756734,0.04692750356775677,-0.033005434531000036,0.033005434531000036,0.7033281555952533,0.03311989922566176,0.7057673370125315
log_survival,token,20.0,30.0,10.0,0,12616,591,0.013929509347183582,0.06347267273765544,-0.049543163390471864,0.049543163390471864,0.780543204714935,0.049694316685024394,0.7829245963915904
log_survival,object,20.0,40.0,20.0,0,12616,754,0.0275142161048412,0.05999976628752679,-0.03248555018268559,0.03248555018268559,0.541427945352496,0.033577201520112,0.5596222051800274
log_survival,token,20.0,40.0,20.0,0,12616,754,0.027501172656406517,0.08052372960532905,-0.053022556948922536,0.053022556948922536,0.6584712010832333,0.05364729764896268,0.6662296680978909
log_survival,object,20.0,50.0,30.0,0,12616,785,0.040785717936271254,0.06249890927595614,-0.021713191339684884,0.021713191339684884,0.3474171244143317,0.023854016447008717,0.3816709239145964
log_survival,token,20.0,50.0,30.0,0,12616,785,0.04072607398658467,0.0834807646940855,-0.04275469070750083,0.04275469070750083,0.5121502044713534,0.04389654683299157,0.5258282790514686
log_survival,object,20.0,56.0,36.0,0,12616,785,0.04859846090040668,0.06249890927595614,-0.013900448375549455,0.013900448375549455,0.2224110554341638,0.01828697690176646,0.2925967367049974
log_survival,token,20.0,56.0,36.0,0,12616,785,0.048499039056334764,0.0834807646940855,-0.03498172563775073,0.03498172563775073,0.4190393531484881,0.036620907482835405,0.43867479672751425
log_survival,object,20.0,60.0,40.0,1,12616,785,0.05374556478701,0.06249890927595614,-0.008753344488946137,0.008753344488946137,0.14005595602151769,0.015433156597120993,0.24693481495777495
log_survival,token,20.0,60.0,40.0,1,12616,785,0.053614922020652045,0.0834807646940855,-0.02986584267343345,0.02986584267343345,0.35775717655290484,0.03183610547535454,0.38135857514024524
log_survival,object,20.0,72.0,52.0,0,12616,785,0.05380065026792258,0.06249890927595614,-0.00869825900803356,0.00869825900803356,0.13917457294538504,0.015416619733194132,0.24667022051735288
log_survival,token,20.0,72.0,52.0,0,12616,785,0.05365483511997873,0.0834807646940855,-0.029825929574106763,0.029825929574106763,0.3572790652242299,0.03180223498012884,0.3809528470021548
log_survival,object,20.0,90.0,70.0,0,12616,785,0.05388326463842556,0.06249890927595614,-0.008615644637530576,0.008615644637530576,0.13785271994890777,0.015550299097565945,0.24880912767462132
log_survival,token,20.0,90.0,70.0,0,12616,785,0.05371469649128958,0.0834807646940855,-0.02976606820279592,0.02976606820279592,0.3565619973879421,0.03172976111817631,0.3800846965699192
log_survival,object,20.0,120.0,100.0,0,12616,785,0.05402091833441005,0.06249890927595614,-0.008477990941546089,0.008477990941546089,0.13565022237608304,0.015185053560498018,0.2429650970939398
log_survival,token,20.0,120.0,100.0,0,12616,785,0.05381444337674507,0.0834807646940855,-0.029666321317340427,0.029666321317340427,0.3553671486605614,0.03163907883768313,0.3789984309993356
log_survival,object,20.0,150.0,130.0,0,12616,785,0.054158525901427106,0.06249890927595614,-0.008340383374529033,0.008340383374529033,0.13344846287961779,0.014983891700705871,0.23974645116679344
log_survival,token,20.0,150.0,130.0,0,12616,785,0.05391416269029054,0.0834807646940855,-0.029566602003794955,0.029566602003794955,0.3541726302117799,0.031550118105829486,0.37793278752829595
log_survival,object,20.0,168.0,148.0,0,12616,785,0.05424106831073335,0.06249890927595614,-0.008257840965222786,0.008257840965222786,0.13212776128238204,0.014956887443730015,0.23931437551477489
log_survival,token,20.0,168.0,148.0,0,12616,785,0.05397398104941846,0.0834807646940855,-0.029506783644667037,0.029506783644667037,0.3534560776101462,0.03152242385142442,0.37760104338931316
log_survival,object,20.0,180.0,160.0,1,12616,785,0.05429608736591766,0.06249890927595614,-0.008202821910038481,0.008202821910038481,0.13124744103644984,0.014940627071861735,0.23905420502449506
log_survival,token,20.0,180.0,160.0,1,12616,785,0.05401385444518806,0.0834807646940855,-0.029466910248897436,0.029466910248897436,0.35297844188273386,0.03148855635749701,0.3771953512031968
log_survival,object,20.0,222.0,202.0,0,12616,785,0.054357319278786224,0.06249890927595614,-0.008141589997169914,0.008141589997169914,0.13026771333275175,0.014921030993888116,0.23874066230509983
log_survival,token,20.0,222.0,202.0,0,12616,785,0.054055738274753316,0.0834807646940855,-0.02942502641933218,0.02942502641933218,0.352476723556138,0.0314489917616417,0.37672141453047586
log_survival,object,20.0,285.0,265.0,0,12616,785,0.05444914984071981,0.06249890927595614,-0.00804975943523633,0.00804975943523633,0.12879839869994564,0.014884171138908312,0.23815089433303724
log_survival,token,20.0,285.0,265.0,0,12616,785,0.05411855474503616,0.0834807646940855,-0.02936220994904934,0.02936220994904934,0.35172425715848304,0.03160254899173657,0.37856084701121057
log_survival,object,20.0,390.0,370.0,0,12616,785,0.054602154644491516,0.06249890927595614,-0.007896754631464623,0.007896754631464623,0.12635027911603205,0.014852691545050312,0.23764721204125508
log_survival,token,20.0,390.0,370.0,0,12616,785,0.05422322414001363,0.0834807646940855,-0.029257540554071863,0.029257540554071863,0.3504704426377244,0.03149919099077581,0.3773227414267743
log_survival,object,20.0,495.0,475.0,0,12616,785,0.05475510181508325,0.06249890927595614,-0.007743807460872887,0.007743807460872887,0.12390308167909092,0.014659781437715513,0.234560596457565
log_survival,token,20.0,495.0,475.0,0,12616,785,0.05432786264638551,0.0834807646940855,-0.029152902047699984,0.029152902047699984,0.34921699812562246,0.03141184998894049,0.37627650038962784
log_survival,object,20.0,558.0,538.0,0,12616,785,0.05484684246924319,0.06249890927595614,-0.0076520668067129455,0.0076520668067129455,0.12243520559576807,0.014639191177201414,0.23423114653991628
log_survival,token,20.0,558.0,538.0,0,12616,785,0.054390630930438985,0.0834807646940855,-0.02909013376364651,0.02909013376364651,0.3484651089415273,0.03132234003277058,0.3752042778662967
log_survival,object,20.0,600.0,580.0,1,12616,785,0.054907991390306714,0.06249890927595614,-0.0075909178856494244,0.0075909178856494244,0.12145680578412454,0.014626225893749033,0.23402369838437911
log_survival,token,20.0,600.0,580.0,1,12616,785,0.0544324702804029,0.0834807646940855,-0.029048294413682597,0.029048294413682597,0.3479639234275082,0.03130048871338878,0.374942525120477
log_survival,object,20.0,720.0,700.0,0,12616,785,0.054978958923349634,0.06249890927595614,-0.007519950352606504,0.007519950352606504,0.12032130543915737,0.014608403569243034,0.23373853621575139
log_survival,token,20.0,720.0,700.0,0,12616,785,0.05448269017231082,0.0834807646940855,-0.028998074521774678,0.028998074521774678,0.34736234901582247,0.031261437814167,0.3744747419207797
log_survival,object,20.0,900.0,880.0,0,12616,785,0.05508538635262106,0.06249890927595614,-0.007413522923335081,0.007413522923335081,0.11861843685305923,0.014579493711042175,0.23327597041203135
log_survival,token,20.0,900.0,880.0,0,12616,785,0.05455800656346368,0.0834807646940855,-0.02892275813062182,0.02892275813062182,0.3464601484738311,0.031191964532463784,0.3736425348613714
log_survival,object,20.0,1200.0,1180.0,0,12616,785,0.05526270177996837,0.06249890927595614,-0.007236207495987766,0.007236207495987766,0.11578134050367495,0.01421470207554235,0.2274392023831825
log_survival,token,20.0,1200.0,1180.0,0,12616,785,0.05468349803910774,0.0834807646940855,-0.028797266654977755,0.028797266654977755,0.3449569102595679,0.0310744222197886,0.3722345181391251
log_survival,object,20.0,1500.0,1480.0,0,12616,785,0.05543993773356944,0.06249890927595614,-0.007058971542386695,0.007058971542386695,0.11294551575642203,0.01401247223156166,0.22420346841080596
log_survival,token,20.0,1500.0,1480.0,0,12616,785,0.05480894473534208,0.0834807646940855,-0.02867181995874342,0.02867181995874342,0.3434542084492283,0.030905281543714903,0.3702084145607318
log_survival,object,20.0,1680.0,1660.0,0,12616,785,0.05554624118377273,0.06249890927595614,-0.006952668092183409,0.006952668092183409,0.11124463087003279,0.013826295203926333,0.2212245839823868
log_survival,token,20.0,1680.0,1660.0,0,12616,785,0.05488419127060649,0.0834807646940855,-0.02859657342347901,0.02859657342347901,0.34255284469746883,0.03084395170795923,0.3694737562717185
log_survival,object,20.0,1800.0,1780.0,1,12616,785,0.055617094274572905,0.06249890927595614,-0.006881815001383233,0.006881815001383233,0.11011096163290526,0.013810101081591893,0.2209654735031473
log_survival,token,20.0,1800.0,1780.0,1,12616,785,0.05493434668014582,0.0834807646940855,-0.02854641801393968,0.02854641801393968,0.3419520427076557,0.030797288172684407,0.3689147827711065
log_survival,object,20.0,2340.0,2320.0,0,12616,785,0.058729997558092016,0.06249890927595614,-0.003768911717864122,0.003768911717864122,0.06030363987990514,0.01401540800773507,0.22425044164933797
log_survival,token,20.0,2340.0,2320.0,0,12616,785,0.05581646574971238,0.0834807646940855,-0.027664298944373118,0.027664298944373118,0.3313853082892651,0.027783724075392334,0.3328158789297815
log_survival,object,20.0,3150.0,3130.0,0,12616,785,0.06295497308436758,0.06249890927595614,0.00045606380841144156,0.00045606380841144156,0.007297148281384379,0.010173090158478244,0.16277228316993875
log_survival,token,20.0,3150.0,3130.0,0,12616,785,0.05706070682466606,0.0834807646940855,-0.026420057869419436,0.026420057869419436,0.3164807841211745,0.02960280177798838,0.3546062603339533
log_survival,object,20.0,4500.0,4480.0,0,12616,927,0.06904733571680961,0.07394659651327795,-0.004899260796468338,0.004899260796468338,0.06625404044915874,0.01383050335182793,0.18703367029670537
log_survival,token,20.0,4500.0,4480.0,0,12616,927,0.05896305830871949,0.08777818671260029,-0.0288151284038808,0.0288151284038808,0.32827208538980307,0.02953384910075524,0.3364600045504898
log_survival,object,20.0,5850.0,5830.0,0,12616,927,0.07424097590821796,0.07394659651327795,0.00029437939494000864,0.00029437939494000864,0.003980972875298587,0.01686281518196757,0.22804045050186533
log_survival,token,20.0,5850.0,5830.0,0,12616,927,0.06069950718609385,0.08777818671260029,-0.027078679526506444,0.027078679526506444,0.3084898485675756,0.028269211661179815,0.3220528097001787
log_survival,object,20.0,6660.0,6640.0,0,12616,927,0.07702788559196548,0.07394659651327795,0.0030812890786875297,0.0030812890786875297,0.041669112900067674,0.018053347813390137,0.24414034809767687
log_survival,token,20.0,6660.0,6640.0,0,12616,927,0.061679117514040836,0.08777818671260029,-0.026099069198559456,0.026099069198559456,0.2973297828993888,0.029100344595925694,0.33152136864258586
log_survival,object,20.0,7200.0,7180.0,1,12616,927,0.07877334536513077,0.07394659651327795,0.004826748851852816,0.004826748851852816,0.0652734416381979,0.018995819737534333,0.2568856530688795
log_survival,token,20.0,7200.0,7180.0,1,12616,927,0.062310511953976654,0.08777818671260029,-0.02546767475862364,0.02546767475862364,0.2901367151956425,0.028712059201415348,0.3270978847560748
log_survival,object,60.0,72.0,12.0,0,11629,0,5.89539185465435e-05,0.0,5.89539185465435e-05,5.89539185465435e-05,58.9539185465435,5.89539185465435e-05,58.9539185465435
log_survival,token,60.0,72.0,12.0,0,11629,0,4.252160364647447e-05,0.0,4.252160364647447e-05,4.252160364647447e-05,42.521603646474475,4.252160364647447e-05,42.521603646474475
log_survival,object,60.0,90.0,30.0,0,11629,0,0.00014736975329500876,0.0,0.00014736975329500876,0.00014736975329500876,147.36975329500876,0.00014736975329500876,147.36975329500876
log_survival,token,60.0,90.0,30.0,0,11629,0,0.00010629499425779262,0.0,0.00010629499425779262,0.00010629499425779262,106.29499425779262,0.00010629499425779262,106.29499425779262
log_survival,object,60.0,120.0,60.0,0,11629,0,0.0002946893786997571,0.0,0.0002946893786997571,0.0002946893786997571,294.6893786997571,0.0002946893786997571,294.6893786997571
log_survival,token,60.0,120.0,60.0,0,11629,0,0.00021255994692886786,0.0,0.00021255994692886786,0.00021255994692886786,212.55994692886787,0.00021255994692886786,212.55994692886787
log_survival,object,60.0,150.0,90.0,0,11629,0,0.00044195890559919275,0.0,0.00044195890559919275,0.00044195890559919275,441.95890559919275,0.0004419589055991928,441.9589055991928
log_survival,token,60.0,150.0,90.0,0,11629,0,0.00031879487289563887,0.0,0.00031879487289563887,0.00031879487289563887,318.7948728956389,0.0003187948728956389,318.79487289563895
log_survival,object,60.0,168.0,108.0,0,11629,0,0.0005302965866707987,0.0,0.0005302965866707987,0.0005302965866707987,530.2965866707988,0.0005302965866707987,530.2965866707988
log_survival,token,60.0,168.0,108.0,0,11629,0,0.00038252142184441544,0.0,0.00038252142184441544,0.00038252142184441544,382.52142184441544,0.00038252142184441544,382.52142184441544
log_survival,object,60.0,180.0,120.0,1,11629,0,0.0005891783633525117,0.0,0.0005891783633525117,0.0005891783633525117,589.1783633525117,0.0005891783633525117,589.1783633525117
log_survival,token,60.0,180.0,120.0,1,11629,0,0.0004249997870290209,0.0,0.0004249997870290209,0.0004249997870290209,424.9997870290209,0.00042499978702902096,424.999787029021
log_survival,object,60.0,222.0,162.0,0,11629,0,0.0006547046559976996,0.0,0.0006547046559976996,0.0006547046559976996,654.7046559976997,0.0006547046559976997,654.7046559976998
log_survival,token,60.0,222.0,162.0,0,11629,0,0.0004696678169142616,0.0,0.0004696678169142616,0.0004696678169142616,469.6678169142616,0.0004696678169142615,469.6678169142615
log_survival,object,60.0,285.0,225.0,0,11629,0,0.0007529752448030238,0.0,0.0007529752448030238,0.0007529752448030238,752.9752448030238,0.0007529752448030239,752.9752448030239
log_survival,token,60.0,285.0,225.0,0,11629,0,0.000536659727483922,0.0,0.000536659727483922,0.000536659727483922,536.6597274839221,0.0005366597274839222,536.6597274839222
log_survival,object,60.0,390.0,330.0,0,11629,0,0.0009167093149618221,0.0,0.0009167093149618221,0.0009167093149618221,916.7093149618221,0.0009167093149618222,916.7093149618222
log_survival,token,60.0,390.0,330.0,0,11629,0,0.0006482858968831977,0.0,0.0006482858968831977,0.0006482858968831977,648.2858968831977,0.0006482858968831976,648.2858968831976
log_survival,object,60.0,495.0,435.0,0,11629,0,0.0010803806161434606,0.0,0.0010803806161434606,0.0010803806161434606,1080.3806161434607,0.0010803806161434606,1080.3806161434607
log_survival,token,60.0,495.0,435.0,0,11629,0,0.0007598783136007181,0.0,0.0007598783136007181,0.0007598783136007181,759.8783136007181,0.0007598783136007181,759.8783136007181
log_survival,object,60.0,558.0,498.0,0,11629,0,0.0011785532853296633,0.0,0.0011785532853296633,0.0011785532853296633,1178.5532853296634,0.0011785532853296633,1178.5532853296634
log_survival,token,60.0,558.0,498.0,0,11629,0,0.0008268175699814633,0.0,0.0008268175699814633,0.0008268175699814633,826.8175699814633,0.0008268175699814634,826.8175699814634
log_survival,object,60.0,600.0,540.0,1,11629,0,0.0012439891906181715,0.0,0.0012439891906181715,0.0012439891906181715,1243.9891906181715,0.0012439891906181715,1243.9891906181715
log_survival,token,60.0,600.0,540.0,1,11629,0,0.0008714369959941863,0.0,0.0008714369959941863,0.0008714369959941863,871.4369959941863,0.0008714369959941864,871.4369959941864
log_survival,object,60.0,720.0,660.0,0,11629,0,0.001320042030871847,0.0,0.001320042030871847,0.001320042030871847,1320.042030871847,0.001320042030871847,1320.042030871847
log_survival,token,60.0,720.0,660.0,0,11629,0,0.0009249771040436872,0.0,0.0009249771040436872,0.0009249771040436872,924.9771040436872,0.0009249771040436873,924.9771040436873
log_survival,object,60.0,900.0,840.0,0,11629,0,0.0014340952498285194,0.0,0.0014340952498285194,0.0014340952498285194,1434.0952498285194,0.0014340952498285194,1434.0952498285194
log_survival,token,60.0,900.0,840.0,0,11629,0,0.0010052725675269243,0.0,0.0010052725675269243,0.0010052725675269243,1005.2725675269244,0.0010052725675269243,1005.2725675269244
log_survival,object,60.0,1200.0,1140.0,0,11629,0,0.0016241145408234247,0.0,0.0016241145408234247,0.0016241145408234247,1624.1145408234247,0.001624114540823425,1624.114540823425
log_survival,token,60.0,1200.0,1140.0,0,11629,0,0.0011390591606196927,0.0,0.0011390591606196927,0.0011390591606196927,1139.0591606196926,0.0011390591606196929,1139.0591606196929
log_survival,object,60.0,1500.0,1440.0,0,11629,0,0.001814047132044313,0.0,0.001814047132044313,0.001814047132044313,1814.0471320443132,0.001814047132044313,1814.0471320443132
log_survival,token,60.0,1500.0,1440.0,0,11629,0,0.0012727968068703623,0.0,0.0012727968068703623,0.0012727968068703623,1272.7968068703624,0.0012727968068703623,1272.7968068703624
log_survival,object,60.0,1680.0,1620.0,0,11629,0,0.0019279650993261053,0.0,0.0019279650993261053,0.0019279650993261053,1927.9650993261055,0.0019279650993261053,1927.9650993261055
log_survival,token,60.0,1680.0,1620.0,0,11629,0,0.0013530159132691824,0.0,0.0013530159132691824,0.0013530159132691824,1353.0159132691824,0.0013530159132691824,1353.0159132691824
log_survival,object,60.0,1800.0,1740.0,1,11629,0,0.0020038930918502397,0.0,0.0020038930918502397,0.0020038930918502397,2003.89309185024,0.0020038930918502397,2003.89309185024
log_survival,token,60.0,1800.0,1740.0,1,11629,0,0.0014064855378445186,0.0,0.0014064855378445186,0.0014064855378445186,1406.4855378445186,0.0014064855378445188,1406.4855378445188
log_survival,object,60.0,2340.0,2280.0,0,11629,0,0.0045198120812279625,0.0,0.0045198120812279625,0.0045198120812279625,4519.812081227963,0.0045198120812279625,4519.812081227963
log_survival,token,60.0,2340.0,2280.0,0,11629,0,0.002221739167985715,0.0,0.002221739167985715,0.002221739167985715,2221.739167985715,0.002221739167985715,2221.739167985715
log_survival,object,60.0,3150.0,3090.0,0,11629,0,0.007991051517339998,0.0,0.007991051517339998,0.007991051517339998,7991.051517339998,0.007991051517339996,7991.051517339996
log_survival,token,60.0,3150.0,3090.0,0,11629,0,0.003389105904565674,0.0,0.003389105904565674,0.003389105904565674,3389.1059045656743,0.0033891059045656736,3389.105904565674
log_survival,object,60.0,4500.0,4440.0,0,11629,142,0.013133145728875128,0.012210852179895149,0.0009222935489799789,0.0009222935489799789,0.07553064564146565,0.004906711209087983,0.4018320045808724
log_survival,token,60.0,4500.0,4440.0,0,11629,142,0.005213607076221845,0.004688850875105066,0.000524756201116779,0.000524756201116779,0.11191573694589305,0.0032211566917835373,0.686982115145933
log_survival,object,60.0,5850.0,5790.0,0,11629,142,0.017666673147970196,0.012210852179895149,0.005455820968075047,0.005455820968075047,0.44680100026580577,0.005750140619281365,0.47090412156072303
log_survival,token,60.0,5850.0,5790.0,0,11629,142,0.006919441160447225,0.004688850875105066,0.002230590285342159,0.002230590285342159,0.47572216407760604,0.004531593344643188,0.9664613922151332
log_survival,object,60.0,6660.0,6600.0,0,11629,142,0.020162586286227312,0.012210852179895149,0.007951734106332164,0.007951734106332164,0.6512022248065936,0.008237934935748271,0.6746404603367336
log_survival,token,60.0,6660.0,6600.0,0,11629,142,0.007897581463145405,0.004688850875105066,0.0032087305880403386,0.0032087305880403386,0.684331976748661,0.005013347838397747,1.0692060745662784
log_survival,object,60.0,7200.0,7140.0,1,11629,142,0.02174927013203593,0.012210852179895149,0.00953841795214078,0.00953841795214078,0.7811426927143985,0.009819210288863327,0.8041380031633175
log_survival,token,60.0,7200.0,7140.0,1,11629,142,0.008533595517514965,0.004688850875105066,0.0038447446424098985,0.0038447446424098985,0.8199758842455716,0.0054002005789633755,1.1517108824328668
log_survival,object,180.0,222.0,42.0,0,11629,0,6.560729708922484e-05,0.0,6.560729708922484e-05,6.560729708922484e-05,65.60729708922484,6.560729708922485e-05,65.60729708922486
log_survival,token,180.0,222.0,42.0,0,11629,0,4.471501482024904e-05,0.0,4.471501482024904e-05,4.471501482024904e-05,44.71501482024904,4.471501482024904e-05,44.71501482024904
log_survival,object,180.0,285.0,105.0,0,11629,0,0.00016399935541148351,0.0,0.00016399935541148351,0.00016399935541148351,163.99935541148352,0.00016399935541148351,163.99935541148352
log_survival,token,180.0,285.0,105.0,0,11629,0,0.00011177738524200926,0.0,0.00011177738524200926,0.00011177738524200926,111.77738524200926,0.00011177738524200926,111.77738524200926
log_survival,object,180.0,390.0,210.0,0,11629,0,0.00032793577576456577,0.0,0.00032793577576456577,0.00032793577576456577,327.9357757645658,0.00032793577576456577,327.9357757645658
log_survival,token,180.0,390.0,210.0,0,11629,0,0.0002235209409522739,0.0,0.0002235209409522739,0.0002235209409522739,223.5209409522739,0.0002235209409522739,223.5209409522739
log_survival,object,180.0,495.0,315.0,0,11629,0,0.0004918093034931551,0.0,0.0004918093034931551,0.0004918093034931551,491.80930349315514,0.0004918093034931551,491.80930349315514
log_survival,token,180.0,495.0,315.0,0,11629,0,0.0003352306855519546,0.0,0.0003352306855519546,0.0003352306855519546,335.23068555195465,0.0003352306855519546,335.23068555195465
log_survival,object,180.0,558.0,378.0,0,11629,0,0.0005901032493064017,0.0,0.0005901032493064017,0.0005901032493064017,590.1032493064017,0.0005901032493064016,590.1032493064016
log_survival,token,180.0,558.0,378.0,0,11629,0,0.000402240310635813,0.0,0.000402240310635813,0.000402240310635813,402.24031063581305,0.000402240310635813,402.24031063581305
log_survival,object,180.0,600.0,420.0,1,11629,0,0.0006556199809866839,0.0,0.0006556199809866839,0.0006556199809866839,655.6199809866839,0.0006556199809866839,655.6199809866839
log_survival,token,180.0,600.0,420.0,1,11629,0,0.00044690663744599904,0.0,0.00044690663744599904,0.00044690663744599904,446.9066374459991,0.00044690663744599904,446.9066374459991
log_survival,object,180.0,720.0,540.0,0,11629,0,0.0007317667447398892,0.0,0.0007317667447398892,0.0007317667447398892,731.7667447398893,0.0007317667447398895,731.7667447398895
log_survival,token,180.0,720.0,540.0,0,11629,0,0.0005005026519552415,0.0,0.0005005026519552415,0.0005005026519552415,500.50265195524156,0.0005005026519552414,500.50265195524145
log_survival,object,180.0,900.0,720.0,0,11629,0,0.000845960798506368,0.0,0.000845960798506368,0.000845960798506368,845.9607985063681,0.0008459607985063679,845.960798506368
log_survival,token,180.0,900.0,720.0,0,11629,0,0.0005808819503618154,0.0,0.0005808819503618154,0.0005808819503618154,580.8819503618154,0.0005808819503618154,580.8819503618154
log_survival,object,180.0,1200.0,1020.0,0,11629,0,0.0010362146797795284,0.0,0.0010362146797795284,0.0010362146797795284,1036.2146797795285,0.0010362146797795286,1036.2146797795288
log_survival,token,180.0,1200.0,1020.0,0,11629,0,0.0007148082023251672,0.0,0.0007148082023251672,0.0007148082023251672,714.8082023251673,0.0007148082023251672,714.8082023251673
log_survival,object,180.0,1500.0,1320.0,0,11629,0,0.0012263816934359288,0.0,0.0012263816934359288,0.0012263816934359288,1226.3816934359288,0.0012263816934359286,1226.3816934359286
log_survival,token,180.0,1500.0,1320.0,0,11629,0,0.0008486854250121904,0.0,0.0008486854250121904,0.0008486854250121904,848.6854250121904,0.0008486854250121905,848.6854250121905
log_survival,object,180.0,1680.0,1500.0,0,11629,0,0.0013404402336927553,0.0,0.0013404402336927553,0.0013404402336927553,1340.4402336927553,0.0013404402336927553,1340.4402336927553
log_survival,token,180.0,1680.0,1500.0,0,11629,0,0.0009289882377369165,0.0,0.0009289882377369165,0.0009289882377369165,928.9882377369165,0.0009289882377369163,928.9882377369163
log_survival,object,180.0,1800.0,1620.0,1,11629,0,0.001416461908022682,0.0,0.001416461908022682,0.001416461908022682,1416.461908022682,0.0014164619080226817,1416.4619080226819
log_survival,token,180.0,1800.0,1620.0,1,11629,0,0.0009825136500666372,0.0,0.0009825136500666372,0.0009825136500666372,982.5136500666373,0.0009825136500666372,982.5136500666373
log_survival,object,180.0,2340.0,2160.0,0,11629,0,0.00393339221027751,0.0,0.00393339221027751,0.00393339221027751,3933.39221027751,0.00393339221027751,3933.39221027751
log_survival,token,180.0,2340.0,2160.0,0,11629,0,0.001798182140266058,0.0,0.001798182140266058,0.001798182140266058,1798.1821402660582,0.001798182140266058,1798.1821402660582
log_survival,object,180.0,3150.0,2970.0,0,11629,0,0.007406118359852461,0.0,0.007406118359852461,0.007406118359852461,7406.118359852461,0.007406118359852462,7406.118359852462
log_survival,token,180.0,3150.0,2970.0,0,11629,0,0.00296616524752523,0.0,0.00296616524752523,0.00296616524752523,2966.1652475252304,0.002966165247525231,2966.1652475252313
log_survival,object,180.0,4500.0,4320.0,0,11629,142,0.012550622650044503,0.012210852179895149,0.00033977047014935487,0.00033977047014935487,0.027825287305400202,0.004596283110876174,0.3764096922280195
log_survival,token,180.0,4500.0,4320.0,0,11629,142,0.004791680039180085,0.004688850875105066,0.00010282916407501879,0.00010282916407501879,0.021930568238153796,0.0030334281352538237,0.6469448946136193
log_survival,object,180.0,5850.0,5670.0,0,11629,142,0.017086491320222733,0.012210852179895149,0.004875639140327584,0.004875639140327584,0.3992873772033042,0.005172479504251037,0.4235969306685565
log_survival,token,180.0,5850.0,5670.0,0,11629,142,0.00649851331204886,0.004688850875105066,0.0018096624369437937,0.0018096624369437937,0.3859500942015443,0.0045736027930476444,0.9754208258852252
log_survival,object,180.0,6660.0,6480.0,0,11629,142,0.019583781879340935,0.012210852179895149,0.007372929699445786,0.007372929699445786,0.6038014047524974,0.007661665754923446,0.627447261014115
log_survival,token,180.0,6660.0,6480.0,0,11629,142,0.007477247167619621,0.004688850875105066,0.0027883962925145545,0.0027883962925145545,0.594686495004402,0.0053502071461239255,1.1410486894625413
log_survival,object,180.0,7200.0,7020.0,1,11629,142,0.021171374020673393,0.012210852179895149,0.008960521840778245,0.008960521840778245,0.7338162569465472,0.00924385711346773,0.7570198195247585
log_survival,token,180.0,7200.0,7020.0,1,11629,142,0.008113654681758845,0.004688850875105066,0.003424803806653779,0.003424803806653779,0.7304143164026382,0.005860183423592246,1.2498122844354551
log_survival,object,600.0,720.0,120.0,0,11629,0,7.625030254218981e-05,0.0,7.625030254218981e-05,7.625030254218981e-05,76.25030254218981,7.625030254218981e-05,76.25030254218981
log_survival,token,600.0,720.0,120.0,0,11629,0,5.365489504888432e-05,0.0,5.365489504888432e-05,5.365489504888432e-05,53.65489504888432,5.365489504888431e-05,53.65489504888431
log_survival,object,600.0,900.0,300.0,0,11629,0,0.0001905996091094666,0.0,0.0001905996091094666,0.0001905996091094666,190.5996091094666,0.0001905996091094666,190.5996091094666
log_survival,token,600.0,900.0,300.0,0,11629,0,0.00013412248801219123,0.0,0.00013412248801219123,0.00013412248801219123,134.12248801219124,0.00013412248801219123,134.12248801219124
log_survival,object,600.0,1200.0,600.0,0,11629,0,0.0003811120974737146,0.0,0.0003811120974737146,0.0003811120974737146,381.11209747371464,0.0003811120974737145,381.1120974737145
log_survival,token,600.0,1200.0,600.0,0,11629,0,0.0002681958276073516,0.0,0.0002681958276073516,0.0002681958276073516,268.19582760735165,0.00026819582760735156,268.1958276073516
log_survival,object,600.0,1500.0,900.0,0,11629,0,0.0005715375339289902,0.0,0.0005715375339289902,0.0005715375339289902,571.5375339289902,0.0005715375339289902,571.5375339289902
log_survival,token,600.0,1500.0,900.0,0,11629,0,0.0004022200505450351,0.0,0.0004022200505450351,0.0004022200505450351,402.2200505450351,0.0004022200505450351,402.2200505450351
log_survival,object,600.0,1680.0,1080.0,0,11629,0,0.000685751039490663,0.0,0.000685751039490663,0.000685751039490663,685.7510394906631,0.0006857510394906631,685.7510394906632
log_survival,token,600.0,1680.0,1080.0,0,11629,0,0.00048261102151185906,0.0,0.00048261102151185906,0.00048261102151185906,482.61102151185906,0.00048261102151185906,482.61102151185906
log_survival,object,600.0,1800.0,1200.0,1,11629,0,0.000761875987228584,0.0,0.000761875987228584,0.000761875987228584,761.875987228584,0.0007618759872285841,761.8759872285841
log_survival,token,600.0,1800.0,1200.0,1,11629,0,0.000536195188552288,0.0,0.000536195188552288,0.000536195188552288,536.195188552288,0.0005361951885522881,536.1951885522881
log_survival,object,600.0,2340.0,1740.0,0,11629,0,0.003280066107353863,0.0,0.003280066107353863,0.003280066107353863,3280.066107353863,0.0032800661073538627,3280.0661073538627
log_survival,token,600.0,2340.0,1740.0,0,11629,0,0.001352336923973404,0.0,0.001352336923973404,0.001352336923973404,1352.336923973404,0.0013523369239734039,1352.3369239734038
log_survival,object,600.0,3150.0,2550.0,0,11629,0,0.006754624251372501,0.0,0.006754624251372501,0.006754624251372501,6754.624251372501,0.0067546242513725,6754.6242513725
log_survival,token,600.0,3150.0,2550.0,0,11629,0,0.0025210189210285276,0.0,0.0025210189210285276,0.0025210189210285276,2521.0189210285275,0.0025210189210285276,2521.0189210285275
log_survival,object,600.0,4500.0,3900.0,0,11629,142,0.011902055805024164,0.012210852179895149,-0.000308796374870985,0.000308796374870985,0.025288683404046955,0.004238456772887001,0.3471057310697373
log_survival,token,600.0,4500.0,3900.0,0,11629,142,0.004347673940746439,0.004688850875105066,-0.00034117693435862725,0.00034117693435862725,0.07276344320738976,0.0028425967312425064,0.6062459239927972
log_survival,object,600.0,5850.0,5250.0,0,11629,142,0.016440728051356254,0.012210852179895149,0.004229875871461106,0.004229875871461106,0.34640300358606313,0.004529636895143209,0.3709517426311276
log_survival,token,600.0,5850.0,5250.0,0,11629,142,0.006055622490409677,0.004688850875105066,0.0013667716153046112,0.0013667716153046112,0.291493939924883,0.0042437639370761695,0.9050754758714898
log_survival,object,600.0,6660.0,6060.0,0,11629,142,0.018939653363740032,0.012210852179895149,0.006728801183844883,0.006728801183844883,0.5510509082178294,0.007020469543168947,0.5749369036444457
log_survival,token,600.0,6660.0,6060.0,0,11629,142,0.007035015615474337,0.004688850875105066,0.0023461647403692706,0.0023461647403692706,0.5003709443663419,0.005040271468841841,1.0749481276110964
log_survival,object,600.0,7200.0,6600.0,1,11629,142,0.020528318489234115,0.012210852179895149,0.008317466309338967,0.008317466309338967,0.6811536317697351,0.008603740890974113,0.7045979071911089
log_survival,token,600.0,7200.0,6600.0,1,11629,142,0.0076718590303020235,0.004688850875105066,0.0029830081551969574,0.0029830081551969574,0.6361917311200722,0.005569445392314116,1.1878060404702715
log_survival,object,1800.0,2340.0,540.0,0,11629,0,0.0025194944855266833,0.0,0.0025194944855266833,0.0025194944855266833,2519.4944855266835,0.002519494485526683,2519.494485526683
log_survival,token,1800.0,2340.0,540.0,0,11629,0,0.0008166644574937892,0.0,0.0008166644574937892,0.0008166644574937892,816.6644574937892,0.0008166644574937891,816.6644574937891
log_survival,object,1800.0,3150.0,1350.0,0,11629,0,0.005995971696702829,0.0,0.005995971696702829,0.005995971696702829,5995.97169670283,0.005995971696702828,5995.971696702829
log_survival,token,1800.0,3150.0,1350.0,0,11629,0,0.0019861232208255855,0.0,0.0019861232208255855,0.0019861232208255855,1986.1232208255856,0.0019861232208255855,1986.1232208255856
log_survival,object,1800.0,4500.0,2700.0,0,11629,142,0.011146517872999334,0.012210852179895149,-0.0010643343068958144,0.0010643343068958144,0.08716298348515047,0.004075453462230209,0.3337566782554568
log_survival,token,1800.0,4500.0,2700.0,0,11629,142,0.003814056008231651,0.004688850875105066,-0.000874794866873415,0.000874794866873415,0.18656913819077534,0.0026825409724329924,0.5721105328121323
log_survival,object,1800.0,5850.0,4050.0,0,11629,142,0.01568821967154183,0.012210852179895149,0.0034773674916466803,0.0034773674916466803,0.2847768067630919,0.003780896309056594,0.3096341068874572
log_survival,token,1800.0,5850.0,4050.0,0,11629,142,0.005523264582456999,0.004688850875105066,0.0008344137073519331,0.0008344137073519331,0.1779569727376403,0.003938293410586483,0.8399272050848141
log_survival,object,1800.0,6660.0,4860.0,0,11629,142,0.01818892890396271,0.012210852179895149,0.005978076724067562,0.005978076724067562,0.48957080439564327,0.006273519145077537,0.5137658742120164
log_survival,token,1800.0,6660.0,4860.0,0,11629,142,0.006503406404757265,0.004688850875105066,0.0018145555296521986,0.0018145555296521986,0.38699365323951335,0.004746989773026141,1.0123993915502318
log_survival,object,1800.0,7200.0,5400.0,1,11629,142,0.01977877093563956,0.012210852179895149,0.007567918755744411,0.007567918755744411,0.6197699099334602,0.007857970500137899,0.643523513704952
log_survival,token,1800.0,7200.0,5400.0,1,11629,142,0.007140746199532714,0.004688850875105066,0.002451895324427648,0.002451895324427648,0.5229203038735385,0.005270117690628464,1.123967861424122
linear_survival,object,0.0,0.2,0.2,0,23786,0,0.001339106357119815,0.0,0.001339106357119815,0.001339106357119815,1339.106357119815,0.001339106357119815,1339.106357119815
linear_survival,token,0.0,0.2,0.2,0,23786,0,0.0009667473024084971,0.0,0.0009667473024084971,0.0009667473024084971,966.7473024084971,0.0009667473024084971,966.7473024084971
linear_survival,object,0.0,0.5,0.5,0,23786,0,0.0033477658927995387,0.0,0.0033477658927995387,0.0033477658927995387,3347.765892799539,0.003347765892799539,3347.7658927995394
linear_survival,token,0.0,0.5,0.5,0,23786,0,0.002416868256021242,0.0,0.002416868256021242,0.002416868256021242,2416.868256021242,0.002416868256021242,2416.868256021242
linear_survival,object,0.0,1.0,1.0,0,23786,1,0.006695531785599077,4.204153703857294e-05,0.006653490248560504,0.006653490248560504,158.25991905233994,0.006653490248560484,158.25991905233943
linear_survival,token,0.0,1.0,1.0,0,23786,1,0.004833736512042486,7.938932766848872e-06,0.004825797579275637,0.004825797579275637,607.8647749011101,0.004825797579275619,607.8647749011079
linear_survival,object,0.0,1.5,1.5,0,23786,1,0.010043297678398616,4.204153703857294e-05,0.010001256141360043,0.010001256141360043,237.8898785785099,0.010001256141360021,237.88987857850935
linear_survival,token,0.0,1.5,1.5,0,23786,1,0.007250604768063726,7.938932766848872e-06,0.007242665835296877,0.007242665835296877,912.2971623516648,0.007242665835296862,912.2971623516629
linear_survival,object,0.0,1.8,1.8,0,23786,46,0.01205195721407834,0.0019339107037752434,0.010118046510303097,0.010118046510303097,5.231909875958266,0.010118046510302993,5.2319098759582126
linear_survival,token,0.0,1.8,1.8,0,23786,46,0.008700725721676471,0.00293824713175983,0.005762478589916641,0.005762478589916641,1.9611960231763315,0.006981496917213103,2.376075464091958
linear_survival,object,0.0,2.0,2.0,1,23786,231,0.01339106370860871,0.009711595055915234,0.0036794686526934756,0.0036794686526934756,0.37887377217734675,0.007579352579602213,0.7804436383481317
linear_survival,token,0.0,2.0,2.0,1,23786,231,0.009667473359692265,0.008121167359919745,0.0015463059997725195,0.0015463059997725195,0.19040440016098872,0.008658692889941649,1.0661882099209954
linear_survival,object,0.0,2.3,2.3,0,23786,676,0.032873250365988406,0.028515876694495068,0.004357373671493338,0.004357373671493338,0.1528051800116852,0.0125405147673687,0.439773074547963
linear_survival,token,0.0,2.3,2.3,0,23786,676,0.026302587825133394,0.02358387304672538,0.0027187147784080157,0.0027187147784080157,0.11527855382453855,0.009161680107415675,0.3884722449643518
linear_survival,object,0.0,2.75,2.75,0,23786,1728,0.06209653035205796,0.07297004362435111,-0.010873513272293148,0.010873513272293148,0.14901338593505384,0.02679358680535189,0.3671861146648746
linear_survival,token,0.0,2.75,2.75,0,23786,1728,0.05125525952329511,0.06353971323415386,-0.012284453710858748,0.012284453710858748,0.1933350511921355,0.02137021588517703,0.336328491229169
linear_survival,object,0.0,3.5,3.5,0,23786,2998,0.11080199699550723,0.12663619571647788,-0.015834198720970652,0.015834198720970652,0.1250369109035886,0.03681547341638394,0.2907184095991721
linear_survival,token,0.0,3.5,3.5,0,23786,2998,0.09284304568689795,0.11456399711019705,-0.021720951423299092,0.021720951423299092,0.18959666187629698,0.03225940520823639,0.2815841452983405
linear_survival,object,0.0,4.25,4.25,0,23786,4334,0.1595074636389565,0.18309129744488795,-0.02358383380593146,0.02358383380593146,0.1288091467756975,0.037984472234167475,0.20746192071527117
linear_survival,token,0.0,4.25,4.25,0,23786,4334,0.13443083185050078,0.16376849976351793,-0.029337667913017146,0.029337667913017146,0.1791410921842772,0.03972725811933129,0.24258180405082502
linear_survival,object,0.0,4.7,4.7,0,23786,5002,0.18873074362502604,0.2113188483090931,-0.02258810468406705,0.02258810468406705,0.10689110254390441,0.042218984194575634,0.19978806685914985
linear_survival,token,0.0,4.7,4.7,0,23786,5002,0.1593835035486625,0.1917095327329158,-0.03232602918425331,0.03232602918425331,0.1686198319062673,0.04488817229364041,0.23414679308710912
linear_survival,object,0.0,5.0,5.0,1,23786,5341,0.20821293031763613,0.22564390780455057,-0.01743097748691444,0.01743097748691444,0.07724993622257639,0.04326102652206569,0.19172255498933194
linear_survival,token,0.0,5.0,5.0,1,23786,5341,0.17601861769032487,0.20693093745854563,-0.03091231976822076,0.03091231976822076,0.14938471814739354,0.05043727412800436,0.24373964931226602
linear_survival,object,0.0,5.5,5.5,0,23786,6011,0.2231347560585977,0.2539717269147771,-0.030836970856179396,0.030836970856179396,0.12141891237573492,0.05264244604258658,0.20727679683908798
linear_survival,token,0.0,5.5,5.5,0,23786,6011,0.19217302047493867,0.23302708979965847,-0.0408540693247198,0.0408540693247198,0.17531896982382378,0.05394193622008851,0.2314835423918493
linear_survival,object,0.0,6.25,6.25,0,23786,6655,0.24551749467004008,0.2812015051888014,-0.0356840105187613,0.0356840105187613,0.12689836242093624,0.05965225130837234,0.21213347086574535
linear_survival,token,0.0,6.25,6.25,0,23786,6655,0.21640462465185936,0.2593138514352161,-0.04290922678335676,0.04290922678335676,0.1654721741467663,0.05803383824544608,0.22379767962354513
linear_survival,object,0.0,7.5,7.5,0,23786,7755,0.28282205902244406,0.32779002013139336,-0.044967961108949295,0.044967961108949295,0.13718526601549388,0.07410281421387246,0.2260679388108541
linear_survival,token,0.0,7.5,7.5,0,23786,7755,0.2567906316133938,0.3139091059642911,-0.057118474350897286,0.057118474350897286,0.18195864110229037,0.07257837325026899,0.23120824426968098
linear_survival,object,0.0,8.75,8.75,0,23786,8512,0.32012662337484804,0.3599395623831326,-0.03981293900828459,0.03981293900828459,0.1106100667142176,0.07106474546231147,0.19743521660080143
linear_survival,token,0.0,8.75,8.75,0,23786,8512,0.2971766385749283,0.3469924657266904,-0.04981582715176208,0.04981582715176208,0.14356457869318598,0.06683928814307995,0.19262460930701045
linear_survival,object,0.0,9.5,9.5,0,23786,8774,0.34250936198629034,0.37106661663670704,-0.028557254650416697,0.028557254650416697,0.07695991331490672,0.06303272428171923,0.16986902474018958
linear_survival,token,0.0,9.5,9.5,0,23786,8774,0.3214082427518491,0.35648927012426224,-0.03508102737241314,0.03508102737241314,0.09840696568562883,0.05881279441288482,0.1649777408234035
linear_survival,object,0.0,10.0,10.0,1,23786,8969,0.35743118764589216,0.37934820281780257,-0.021917015171910414,0.021917015171910414,0.05777545539720654,0.051909507658495245,0.13683868085550652
linear_survival,token,0.0,10.0,10.0,1,23786,8969,0.3375626458536763,0.3628365665246679,-0.0252739206709916,0.0252739206709916,0.06965648725284507,0.052935760151065575,0.14589422631267973
linear_survival,object,0.0,11.0,11.0,0,23786,9168,0.3676174096389508,0.38779966768979224,-0.02018225805084145,0.02018225805084145,0.052042999858848756,0.04896116027787912,0.1262537447996062
linear_survival,token,0.0,11.0,11.0,0,23786,9168,0.3489346790948579,0.3779186132750315,-0.028983934180173587,0.028983934180173587,0.07669358735469436,0.05430324611663185,0.14369031905055304
linear_survival,object,0.0,12.5,12.5,0,23786,9869,0.38289674262853884,0.41758537236424087,-0.034688629735702026,0.034688629735702026,0.08306955183632414,0.04859796694174841,0.11637851840116324
linear_survival,token,0.0,12.5,12.5,0,23786,9869,0.36599272895663043,0.40548907815099333,-0.0394963491943629,0.0394963491943629,0.09740422448482204,0.06043615560438124,0.14904508866173807
linear_survival,object,0.0,15.0,15.0,0,23786,10339,0.4083622976111855,0.4375558162971809,-0.0291935186859954,0.0291935186859954,0.0667195306259342,0.045981238614926936,0.10508656702142252
linear_survival,token,0.0,15.0,15.0,0,23786,10339,0.3944228120595846,0.42473727067556455,-0.030314458615979922,0.030314458615979922,0.07137225929752611,0.05149509281428183,0.12123987313940325
linear_survival,object,0.0,17.5,17.5,0,23786,10795,0.4338278525938321,0.4569433999306186,-0.0231155473367865,0.0231155473367865,0.05058733169205709,0.048695246694635395,0.10656734882707396
linear_survival,token,0.0,17.5,17.5,0,23786,10795,0.4228528951625389,0.44524195897026186,-0.022389063807722986,0.022389063807722986,0.0502851614872586,0.04546742823041228,0.10211847134885392
linear_survival,object,0.0,19.0,19.0,0,23786,10872,0.4491071855834202,0.4602204656206923,-0.011113280037272077,0.011113280037272077,0.024147731071202508,0.04774929373674075,0.10375308640901489
linear_survival,token,0.0,19.0,19.0,0,23786,10872,0.4399109450243114,0.4492001292266703,-0.009289184202358913,0.009289184202358913,0.02067938898047714,0.046387591226751894,0.10326709234614737
linear_survival,object,0.0,20.0,20.0,1,23786,10939,0.4592934075937022,0.4630719383640034,-0.003778530770301214,0.003778530770301214,0.008159705776278444,0.047485592233625744,0.10254474153927054
linear_survival,token,0.0,20.0,20.0,1,23786,10939,0.4512829780995514,0.45389758664441904,-0.0026146085448676137,0.0026146085448676137,0.0057603490782952415,0.04101292235866683,0.0903572161770407
linear_survival,object,0.0,24.0,24.0,0,23786,11228,0.4620640379702295,0.4753724002514579,-0.013308362281228392,0.013308362281228392,0.027995656193310053,0.04396285831797235,0.09248088087301094
linear_survival,token,0.0,24.0,24.0,0,23786,11228,0.4541116673836982,0.47515244166096204,-0.021040774277263863,0.021040774277263863,0.04428215543565952,0.04537758783862571,0.0955011147159467
linear_survival,object,0.0,30.0,30.0,0,23786,11530,0.46621998353502053,0.48826863189205594,-0.022048648357035405,0.022048648357035405,0.04515679877201248,0.04753277543772889,0.09734963979467189
linear_survival,token,0.0,30.0,30.0,0,23786,11530,0.4583547013099183,0.4885601664085818,-0.03020546509866351,0.03020546509866351,0.06182547652360742,0.05393855370627168,0.11040309344655615
linear_survival,object,0.0,40.0,40.0,0,23786,11693,0.473146559476339,0.4952874965753785,-0.022140937099039526,0.022140937099039526,0.0447032021848544,0.05223092021630846,0.10545576170901654
linear_survival,token,0.0,40.0,40.0,0,23786,11693,0.46542642452028515,0.49787178971428137,-0.03244536519399621,0.03244536519399621,0.06516811328598464,0.04931010439493794,0.09904177222661284
linear_survival,object,0.0,50.0,50.0,0,23786,11724,0.48007313541765734,0.496629356575907,-0.016556221158249673,0.016556221158249673,0.03333717779472255,0.048889416952418316,0.09844246278450888
linear_survival,token,0.0,50.0,50.0,0,23786,11724,0.472498147730652,0.49948663371262847,-0.02698848598197645,0.02698848598197645,0.05403244883926932,0.04385626842107702,0.08780268672076019
linear_survival,object,0.0,56.0,56.0,0,23786,11724,0.4842290809824483,0.496629356575907,-0.012400275593458687,0.012400275593458687,0.024968873525629723,0.04727094047846117,0.09518354050670397
linear_survival,token,0.0,56.0,56.0,0,23786,11724,0.4767411816568721,0.49948663371262847,-0.022745452055756343,0.022745452055756343,0.045537659109497954,0.04433164549323325,0.08875441803861911
linear_survival,object,0.0,60.0,60.0,1,23786,11724,0.48699971137625825,0.496629356575907,-0.009629645199648762,0.009629645199648762,0.019390003978101374,0.045421177890618884,0.0914589065048081
linear_survival,token,0.0,60.0,60.0,1,23786,11724,0.4795698709911282,0.49948663371262847,-0.01991676272150028,0.01991676272150028,0.03987446585599539,0.043452737537426615,0.08699479546519046
linear_survival,object,0.0,72.0,72.0,0,23786,11724,0.48703026991227344,0.496629356575907,-0.009599086663633571,0.009599086663633571,0.01932847210204418,0.04541459270757997,0.09144564675092581
linear_survival,token,0.0,72.0,72.0,0,23786,11724,0.4795916284678175,0.49948663371262847,-0.01989500524481097,0.01989500524481097,0.03983090617847692,0.04350248551930901,0.08709439368969674
linear_survival,object,0.0,90.0,90.0,0,23786,11724,0.4870761077162962,0.496629356575907,-0.009553248859610786,0.009553248859610786,0.0192361742879584,0.045402614167218684,0.09142152707253251
linear_survival,token,0.0,90.0,90.0,0,23786,11724,0.47962426468285146,0.49948663371262847,-0.019862369029777005,0.019862369029777005,0.03976556666219921,0.04346628623135937,0.08702192070342164
linear_survival,object,0.0,120.0,120.0,0,23786,11724,0.4871525040563342,0.496629356575907,-0.00947685251957281,0.00947685251957281,0.019082344597815423,0.04521737285507148,0.09104852996776129
linear_survival,token,0.0,120.0,120.0,0,23786,11724,0.47967865837457474,0.49948663371262847,-0.01980797533805373,0.01980797533805373,0.039656667468403024,0.04349480890603357,0.08707902468328632
linear_survival,object,0.0,150.0,150.0,0,23786,11724,0.48722890039637223,0.496629356575907,-0.009400456179534777,0.009400456179534777,0.018928514907672337,0.04502957921708384,0.09067039356583287
linear_survival,token,0.0,150.0,150.0,0,23786,11724,0.47973305206629796,0.49948663371262847,-0.01975358164633051,0.01975358164633051,0.039547768274606945,0.04344854903375813,0.08698640984806723
linear_survival,object,0.0,168.0,168.0,0,23786,11724,0.487274738200395,0.496629356575907,-0.009354618375511992,0.009354618375511992,0.018836217093586554,0.045019883035882134,0.09065086958668561
linear_survival,token,0.0,168.0,168.0,0,23786,11724,0.479765688281332,0.49948663371262847,-0.019720945431296488,0.019720945431296488,0.03948242875832913,0.043515176688706664,0.08711980211615115
linear_survival,object,0.0,180.0,180.0,1,23786,11724,0.48730529670557093,0.496629356575907,-0.009324059870336077,0.009324059870336077,0.01877468527962653,0.045013634959217466,0.09063828862146087
linear_survival,token,0.0,180.0,180.0,1,23786,11724,0.4797874458431298,0.49948663371262847,-0.019699187869498647,0.019699187869498647,0.03943886891041864,0.04358376006308928,0.08725710984323255
linear_survival,object,0.0,222.0,222.0,0,23786,11724,0.4873392555752196,0.496629356575907,-0.00929010100068739,0.00929010100068739,0.018706306579899995,0.04483596488242307,0.09028053675995319
linear_survival,token,0.0,222.0,222.0,0,23786,11724,0.4798101754353936,0.49948663371262847,-0.019676458277234854,0.019676458277234854,0.039393363003494074,0.043534076036964395,0.08715763966170718
linear_survival,object,0.0,285.0,285.0,0,23786,11724,0.4873901938796928,0.496629356575907,-0.00923916269621422,0.00923916269621422,0.01860373853030991,0.0448239880834886,0.09025642058805178
linear_survival,token,0.0,285.0,285.0,0,23786,11724,0.47984426982378936,0.49948663371262847,-0.01964236388883911,0.01964236388883911,0.03932510414310711,0.04352138398353329,0.08713222946536867
linear_survival,object,0.0,390.0,390.0,0,23786,11724,0.4874750910538147,0.496629356575907,-0.009154265522092309,0.009154265522092309,0.018432791780993177,0.044887707693463674,0.09038472474311501
linear_survival,token,0.0,390.0,390.0,0,23786,11724,0.47990109380444906,0.49948663371262847,-0.019585539908179406,0.019585539908179406,0.03921133937579525,0.04336570235521707,0.08682054619336786
linear_survival,object,0.0,495.0,495.0,0,23786,11724,0.48755998822793667,0.496629356575907,-0.009069368347970341,0.009069368347970341,0.018261845031676334,0.04486817669469061,0.09034539763021997
linear_survival,token,0.0,495.0,495.0,0,23786,11724,0.4799579177851086,0.49948663371262847,-0.01952871592751987,0.01952871592751987,0.03909757460848372,0.043377954909558814,0.08684507648810402
linear_survival,object,0.0,558.0,558.0,0,23786,11724,0.4876109265324098,0.496629356575907,-0.009018430043497228,0.009018430043497228,0.01815927698208636,0.045026172558179804,0.09066353400576271
linear_survival,token,0.0,558.0,558.0,0,23786,11724,0.4799920121735045,0.49948663371262847,-0.019494621539123957,0.019494621539123957,0.03902931574809642,0.043452602159898455,0.08699452443185537
linear_survival,object,0.0,600.0,600.0,1,23786,11724,0.4876448853976961,0.496629356575907,-0.008984471178210884,0.008984471178210884,0.018090898291143725,0.04501909268469279,0.09064927815601628
linear_survival,token,0.0,600.0,600.0,1,23786,11724,0.48001474186404897,0.49948663371262847,-0.019471891848579503,0.019471891848579503,0.03898380964440851,0.04353281640524544,0.08715511780900095
linear_survival,object,0.0,720.0,720.0,0,23786,11724,0.4876840128276523,0.496629356575907,-0.00894534374825473,0.00894534374825473,0.018012112312348748,0.04492645326252469,0.0904627418167092
linear_survival,token,0.0,720.0,720.0,0,23786,11724,0.48004204285505747,0.49948663371262847,-0.019444590857570998,0.019444590857570998,0.038929151543138446,0.04380105348222467,0.08769214334457025
linear_survival,object,0.0,900.0,900.0,0,23786,11724,0.48774270397258657,0.496629356575907,-0.008886652603320444,0.008886652603320444,0.017893933344156166,0.04474281920361617,0.09009298103540014
linear_survival,token,0.0,900.0,900.0,0,23786,11724,0.4800829943415703,0.49948663371262847,-0.019403639371058157,0.019403639371058157,0.03884716439123319,0.04371663319538878,0.08752312923861029
linear_survival,object,0.0,1200.0,1200.0,0,23786,11724,0.48784052254747684,0.496629356575907,-0.00878883402843017,0.00878883402843017,0.017696968397168937,0.04438311166185354,0.0893686832527586
linear_survival,token,0.0,1200.0,1200.0,0,23786,11724,0.48015124681909166,0.49948663371262847,-0.01933538689353681,0.01933538689353681,0.038710519138057876,0.04367691683758219,0.08744361488301805
linear_survival,object,0.0,1500.0,1500.0,0,23786,11724,0.4879383411223672,0.496629356575907,-0.008691015453539785,0.008691015453539785,0.01750000345018149,0.044528938015395765,0.08966231541850017
linear_survival,token,0.0,1500.0,1500.0,0,23786,11724,0.480219499296613,0.49948663371262847,-0.019267134416015463,0.019267134416015463,0.038573873884882565,0.04371416272428409,0.0875181832181606
linear_survival,object,0.0,1680.0,1680.0,0,23786,11724,0.4879970322673014,0.496629356575907,-0.00863232430860561,0.00863232430860561,0.01738182448198913,0.04460309721395187,0.08981164045854091
linear_survival,token,0.0,1680.0,1680.0,0,23786,11724,0.48026045078312585,0.49948663371262847,-0.019226182929502622,0.019226182929502622,0.038491886732977314,0.043935682651730874,0.08796167842402877
linear_survival,object,0.0,1800.0,1800.0,1,23786,11724,0.4880361596971355,0.496629356575907,-0.008593196878771525,0.008593196878771525,0.017303038503439946,0.04459372084869346,0.08979276045248759
linear_survival,token,0.0,1800.0,1800.0,1,23786,11724,0.4802877517978112,0.49948663371262847,-0.01919888191481728,0.01919888191481728,0.03843722858430491,0.04418673514047376,0.0884642994589038
linear_survival,object,0.0,2340.0,2340.0,0,23786,11724,0.48942159475552716,0.496629356575907,-0.007207761820379854,0.007207761820379854,0.01451336237969289,0.04548058864268459,0.09157853445526863
linear_survival,token,0.0,2340.0,2340.0,0,23786,11724,0.4807296380480447,0.49948663371262847,-0.018756995664583775,0.018756995664583775,0.03755254775321037,0.0434158816897871,0.0869210080099275
linear_survival,object,0.0,3150.0,3150.0,0,23786,11724,0.49149974734311475,0.496629356575907,-0.005129609232792265,0.005129609232792265,0.010328848194072138,0.049134988158149415,0.09893693859927792
linear_survival,token,0.0,3150.0,3150.0,0,23786,11724,0.4813924674233949,0.49948663371262847,-0.01809416628923355,0.01809416628923355,0.03622552650656861,0.04439689132112863,0.08888504381214665
linear_survival,object,0.0,4500.0,4500.0,0,23786,11866,0.4949633349890941,0.5027759410944572,-0.007812606105363107,0.007812606105363107,0.015538941836310624,0.05082669925009741,0.10109214681087639
linear_survival,token,0.0,4500.0,4500.0,0,23786,11866,0.48249718304897865,0.5018334662481468,-0.01933628319916819,0.01933628319916819,0.038531274814595125,0.040226142935263415,0.08015835060982636
linear_survival,object,0.0,5850.0,5850.0,0,23786,11866,0.49842692263507343,0.5027759410944572,-0.004349018459383791,0.004349018459383791,0.008650013065296485,0.049432320884569,0.09831878744429039
linear_survival,token,0.0,5850.0,5850.0,0,23786,11866,0.48360189867456244,0.5018334662481468,-0.018231567573584406,0.018231567573584406,0.036329915798340266,0.03791643769210186,0.07555581730245332
linear_survival,object,0.0,6660.0,6660.0,0,23786,11866,0.5005050752226611,0.5027759410944572,-0.002270865871796146,0.002270865871796146,0.004516655802687892,0.044352772698198914,0.08821578176881438
linear_survival,token,0.0,6660.0,6660.0,0,23786,11866,0.4842647280499127,0.5018334662481468,-0.017568738198234124,0.017568738198234124,0.03500910038858733,0.036605754542662954,0.07294402825769719
linear_survival,object,0.0,7200.0,7200.0,1,23786,11866,0.5018905102556559,0.5027759410944572,-0.0008854308388013266,0.0008854308388013266,0.0017610843447956063,0.04523568253215486,0.08997185194200924
linear_survival,token,0.0,7200.0,7200.0,1,23786,11866,0.48470661409186033,0.5018334662481468,-0.01712685215628651,0.01712685215628651,0.03412855719713523,0.03708256083650334,0.07389415678819383
linear_survival,object,5.0,5.5,0.5,0,18325,670,0.018764476149594235,0.03658241911665194,-0.017817942967057708,0.017817942967057708,0.4870630045060952,0.01990730953745385,0.5441769576247691
linear_survival,token,5.0,5.5,0.5,0,18325,670,0.019321229589154127,0.03290527089467554,-0.013584041305521415,0.013584041305521415,0.41282265534302204,0.016464206058680146,0.5003516339792312
linear_survival,object,5.0,6.25,1.25,0,18325,1314,0.04691119037398559,0.07174683320012931,-0.02483564282614372,0.02483564282614372,0.3461566416021127,0.033176639703872954,0.46241260030711934
linear_survival,token,5.0,6.25,1.25,0,18325,1314,0.04830307397288532,0.06605088566789508,-0.017747811695009753,0.017747811695009753,0.26869907217059946,0.023085755165196405,0.3495146950984421
linear_survival,object,5.0,7.5,2.5,0,18325,2414,0.09382238074797118,0.13191103338160481,-0.03808865263363363,0.03808865263363363,0.2887450098540821,0.04970589088159449,0.3768137479281248
linear_survival,token,5.0,7.5,2.5,0,18325,2414,0.09660614794577065,0.13489136515163624,-0.0382852172058656,0.0382852172058656,0.28382259429895906,0.039981591698087585,0.2963984511028029
linear_survival,object,5.0,8.75,3.75,0,18325,3171,0.14073357112195675,0.1734288086994038,-0.03269523757744705,0.03269523757744705,0.18852252876923237,0.05356219084741781,0.3088425230450305
linear_survival,token,5.0,8.75,3.75,0,18325,3171,0.14490922191865596,0.17660697521008606,-0.0316977532914301,0.0316977532914301,0.1794818876985094,0.040315254443393594,0.22827668270426943
linear_survival,object,5.0,9.5,4.5,0,18325,3433,0.1688802853463481,0.18779823688072927,-0.018917951534381167,0.018917951534381167,0.10073551194410821,0.045219400032241515,0.24078713827840872
linear_survival,token,5.0,9.5,4.5,0,18325,3433,0.17389106630238715,0.18858172601821688,-0.014690659715829724,0.014690659715829724,0.07790075966539099,0.02882163305151239,0.1528336475652378
linear_survival,object,5.0,10.0,5.0,1,18325,3628,0.18764476143659992,0.1984930402981282,-0.010848278861528282,0.010848278861528282,0.05465319512076909,0.03535902983045305,0.1781373784055364
linear_survival,token,5.0,10.0,5.0,1,18325,3628,0.19321229640955484,0.19658518586831508,-0.003372889458760242,0.003372889458760242,0.01715739384868813,0.022592779317860176,0.11492615386082153
linear_survival,object,5.0,11.0,6.0,0,18325,3827,0.20040800444050166,0.2094072242984476,-0.00899921985794594,0.00899921985794594,0.042974734458636595,0.0352602453616554,0.1683812269599755
linear_survival,token,5.0,11.0,6.0,0,18325,3827,0.2069621404598389,0.21560250411047666,-0.00864036365063775,0.00864036365063775,0.040075432733426654,0.028660744929271564,0.13293326553658924
linear_survival,object,5.0,12.5,7.5,0,18325,4528,0.21955286894635434,0.24787235032334953,-0.028319481376995193,0.028319481376995193,0.11425026365406397,0.03742240863395102,0.150974518074055
linear_survival,token,5.0,12.5,7.5,0,18325,4528,0.22758690653526498,0.25036677140847263,-0.022779864873207656,0.022779864873207656,0.09098597527561825,0.030550965406306904,0.12202484073440839
linear_survival,object,5.0,15.0,10.0,0,18325,4998,0.2514609764561087,0.273662092451315,-0.0222011159952063,0.0222011159952063,0.08112601857400444,0.04278939048668101,0.1563584861293616
linear_survival,token,5.0,15.0,10.0,0,18325,4998,0.2619615166609751,0.2746372838186888,-0.01267576715771368,0.01267576715771368,0.04615457515987531,0.034098156145114654,0.12415705424623162
linear_survival,object,5.0,17.5,12.5,0,18325,5454,0.2833690839658631,0.2986991313909453,-0.015330047425082205,0.015330047425082205,0.051322705070132375,0.057663269959642355,0.19304800014356638
linear_survival,token,5.0,17.5,12.5,0,18325,5454,0.29633612678668525,0.3004921421950687,-0.004156015408383451,0.004156015408383451,0.013830695797980352,0.03583065737925084,0.11923991461976688
linear_survival,object,5.0,19.0,14.0,0,18325,5531,0.3025139484717157,0.30293111939117234,-0.0004171709194566442,0.0004171709194566442,0.001377114772147113,0.05627141465691552,0.1857564675758938
linear_survival,token,5.0,19.0,14.0,0,18325,5531,0.3169608928621114,0.30548309499270276,0.011477797869408612,0.011477797869408612,0.03757261222485254,0.03203019748668552,0.10485096560728063
linear_survival,object,5.0,20.0,15.0,1,18325,5598,0.31527719148426203,0.30661349856020115,0.008663692924060884,0.008663692924060884,0.028256071453944275,0.061171070976801606,0.19950547273374902
linear_survival,token,5.0,20.0,15.0,1,18325,5598,0.3307107367630394,0.311406232887775,0.01930450387526439,0.01930450387526439,0.06199138564519796,0.03378218230406494,0.10848267868883474
linear_survival,object,5.0,24.0,19.0,0,18325,5887,0.31872298500030194,0.3224982601207128,-0.0037752751204108703,0.0037752751204108703,0.011706342598554687,0.061996029337643276,0.19223678699673552
linear_survival,token,5.0,24.0,19.0,0,18325,5887,0.33413933922594674,0.338206994663086,-0.004067655437139273,0.004067655437139273,0.012027118011534258,0.03376764668251222,0.09984313516682518
linear_survival,object,5.0,30.0,25.0,0,18325,6189,0.3238916752743618,0.3391523960803521,-0.01526072080599028,0.01526072080599028,0.04499664747282135,0.05815612961827098,0.17147491891666486
linear_survival,token,5.0,30.0,25.0,0,18325,6189,0.3392822429203077,0.35511311971687887,-0.01583087679657119,0.01583087679657119,0.044579813917302404,0.0378266825573763,0.10652009305523374
linear_survival,object,5.0,40.0,35.0,0,18325,6352,0.3325061590644616,0.3482165265935152,-0.01571036752905358,0.01571036752905358,0.04511666256263827,0.059461305263827396,0.17075957263004513
linear_survival,token,5.0,40.0,35.0,0,18325,6352,0.3478537490775761,0.36685437119863484,-0.01900062212105874,0.01900062212105874,0.051793364377743165,0.044432728578703125,0.12111816586381859
linear_survival,object,5.0,50.0,45.0,0,18325,6383,0.3411206428545613,0.34994939860686014,-0.008828755752298856,0.008828755752298856,0.025228663879537764,0.05699967308771441,0.16287975722955575
linear_survival,token,5.0,50.0,45.0,0,18325,6383,0.35642525523484436,0.36889056712988466,-0.012465311895040299,0.012465311895040299,0.03379135441717955,0.03939877288249864,0.10680341649567449
linear_survival,object,5.0,56.0,51.0,0,18325,6383,0.3462893331286212,0.34994939860686014,-0.0036600654782389386,0.0036600654782389386,0.010458842029189272,0.055030662377214386,0.1572531988804384
linear_survival,token,5.0,56.0,51.0,0,18325,6383,0.36156815892920535,0.36889056712988466,-0.007322408200679309,0.007322408200679309,0.019849811443134902,0.03672370153866822,0.09955175006071103
linear_survival,object,5.0,60.0,55.0,1,18325,6383,0.34973512665980483,0.34994939860686014,-0.00021427194705531116,0.00021427194705531116,0.000612294085683023,0.049776930517616766,0.14224036593798273
linear_survival,token,5.0,60.0,55.0,1,18325,6383,0.3649967613751986,0.36889056712988466,-0.003893805754686064,0.003893805754686064,0.010555449506289687,0.03628911028731586,0.09837364660652499
linear_survival,object,5.0,72.0,67.0,0,18325,6383,0.34977252016331933,0.34994939860686014,-0.00017687844354080662,0.00017687844354080662,0.0005054400557479319,0.04976668476202286,0.1422110881177187
linear_survival,token,5.0,72.0,67.0,0,18325,6383,0.36502282813607184,0.36889056712988466,-0.0038677389938128193,0.0038677389938128193,0.010484786921783788,0.035576226794737736,0.09644113990643602
linear_survival,object,5.0,90.0,85.0,0,18325,6383,0.3498286104185911,0.34994939860686014,-0.0001207881882690498,0.0001207881882690498,0.0003451590108452953,0.04974908598828606,0.14216079863641984
linear_survival,token,5.0,90.0,85.0,0,18325,6383,0.3650619282773819,0.36889056712988466,-0.003828638852502786,0.003828638852502786,0.010378793045024488,0.03564309068100062,0.0966223966048198
linear_survival,object,5.0,120.0,115.0,0,18325,6383,0.3499220941773774,0.34994939860686014,-2.7304429482732928e-05,2.7304429482732928e-05,7.802393600740903e-05,0.0494967397042191,0.14143970500096412
linear_survival,token,5.0,120.0,115.0,0,18325,6383,0.3651270951795652,0.36889056712988466,-0.0037634719503194525,0.0037634719503194525,0.010202136583759139,0.035909503558117783,0.09734459690175329
linear_survival,object,5.0,150.0,145.0,0,18325,6383,0.35001557793616367,0.34994939860686014,6.617932930352843e-05,6.617932930352843e-05,0.0001891111388303186,0.04957871547354516,0.14167395535159308
linear_survival,token,5.0,150.0,145.0,0,18325,6383,0.3651922620817485,0.36889056712988466,-0.0036983050481361746,0.0036983050481361746,0.010025480122493938,0.03721889617682666,0.10089413905702299
linear_survival,object,5.0,168.0,163.0,0,18325,6383,0.3500716681914354,0.34994939860686014,0.00012226958457528525,0.00012226958457528525,0.0003493921837329552,0.049454265704997426,0.14131833317009154
linear_survival,token,5.0,168.0,163.0,0,18325,6383,0.36523136222305846,0.36889056712988466,-0.0036592049068261967,0.0036592049068261967,0.009919486245734788,0.037543657434754914,0.10177451195583423
linear_survival,object,5.0,180.0,175.0,1,18325,6383,0.35010906164746686,0.34994939860686014,0.00015966304060671677,0.00015966304060671677,0.0004562460779825065,0.04933332375188255,0.14097273476759006
linear_survival,token,5.0,180.0,175.0,1,18325,6383,0.36525742908223546,0.36889056712988466,-0.003633138047649198,0.003633138047649198,0.009848823394744022,0.03756697163458598,0.10183771281242554
linear_survival,object,5.0,222.0,217.0,0,18325,6383,0.3501504973097473,0.34994939860686014,0.00020109870288714804,0.00020109870288714804,0.0005746508029095548,0.0492112420141641,0.14062387936676798
linear_survival,token,5.0,222.0,217.0,0,18325,6383,0.36528466286749395,0.36889056712988466,-0.0036059042623907134,0.0036059042623907134,0.009774997204309351,0.037469599951194484,0.1015737546306019
linear_survival,object,5.0,285.0,280.0,0,18325,6383,0.35021265080316777,0.34994939860686014,0.0002632521963076284,0.0002632521963076284,0.0007522578902996515,0.0491934368013081,0.14057299997412756
linear_survival,token,5.0,285.0,280.0,0,18325,6383,0.3653255135453816,0.36889056712988466,-0.0035650535845030418,0.0035650535845030418,0.009664257918657495,0.037366873147972254,0.1012952796237144
linear_survival,object,5.0,390.0,385.0,0,18325,6383,0.35031623995886874,0.34994939860686014,0.0003668413520085956,0.0003668413520085956,0.0010482697026169552,0.049167806337787924,0.1404997594895826
linear_survival,token,5.0,390.0,385.0,0,18325,6383,0.36539359800852783,0.36889056712988466,-0.00349696912135683,0.00349696912135683,0.009479692442570816,0.03735946497367819,0.10127519731488308
linear_survival,object,5.0,495.0,490.0,0,18325,6383,0.35041982911456976,0.34994939860686014,0.00047043050770961825,0.00047043050770961825,0.0013442815149344175,0.04891835189333294,0.1397869294477307
linear_survival,token,5.0,495.0,490.0,0,18325,6383,0.365461682471674,0.36889056712988466,-0.0034288846582106736,0.0034288846582106736,0.00929512696648429,0.03748524384999729,0.10161616259707423
linear_survival,object,5.0,558.0,553.0,0,18325,6383,0.3504819826079903,0.34994939860686014,0.0005325840011301541,0.0005325840011301541,0.0015218886023246727,0.0488260024773147,0.13952303582086384
linear_survival,token,5.0,558.0,553.0,0,18325,6383,0.3655025331495616,0.36889056712988466,-0.0033880339803230575,0.0033880339803230575,0.009184387680832582,0.03676271754301289,0.09965751585637295
linear_survival,object,5.0,600.0,595.0,1,18325,6383,0.35052341825061295,0.34994939860686014,0.00057401964375281,0.00057401964375281,0.0016402932710785272,0.04881361634612908,0.13948764175750802
linear_survival,token,5.0,600.0,595.0,1,18325,6383,0.3655297670216729,0.36889056712988466,-0.00336080010821177,0.00336080010821177,0.009110561254954637,0.036652263976274344,0.0993580948991012
linear_survival,object,5.0,720.0,715.0,0,18325,6383,0.35057148088771223,0.34994939860686014,0.0006220822808520876,0.0006220822808520876,0.001777634947591228,0.048691781865076694,0.13913949290645294
linear_survival,token,5.0,720.0,715.0,0,18325,6383,0.3655625174491004,0.36889056712988466,-0.003328049680784262,0.003328049680784262,0.0090217803796877,0.03661905774115215,0.09926807840618693
linear_survival,object,5.0,900.0,895.0,0,18325,6383,0.35064357484336117,0.34994939860686014,0.0006941762365010318,0.0006941762365010318,0.0019836474623603586,0.04834090549637609,0.1381368440375095
linear_survival,token,5.0,900.0,895.0,0,18325,6383,0.3656116430902418,0.36889056712988466,-0.003278924039642861,0.003278924039642861,0.008888609066786918,0.036560387908883725,0.09910903440372056
linear_survival,object,5.0,1200.0,1195.0,0,18325,6383,0.3507637314361094,0.34994939860686014,0.0008143328292492535,0.0008143328292492535,0.0023270016536421903,0.04830713695218793,0.13804034853180902
linear_survival,token,5.0,1200.0,1195.0,0,18325,6383,0.36569351915881076,0.36889056712988466,-0.0031970479710738964,0.0031970479710738964,0.008666656878619047,0.03667298457597052,0.09941426494393968
linear_survival,object,5.0,1500.0,1495.0,0,18325,6383,0.3508838880288577,0.34994939860686014,0.0009344894219975863,0.0009344894219975863,0.002670355844924339,0.048268459183160924,0.1379298246412666
linear_survival,token,5.0,1500.0,1495.0,0,18325,6383,0.36577539522737973,0.36889056712988466,-0.003115171902504932,0.003115171902504932,0.008444704690451178,0.03749404421239705,0.10164001889263699
linear_survival,object,5.0,1680.0,1675.0,0,18325,6383,0.35095598198450656,0.34994939860686014,0.0010065833776464195,0.0010065833776464195,0.0028763683596931527,0.04802637319470437,0.13723805037498613
linear_survival,token,5.0,1680.0,1675.0,0,18325,6383,0.36582452086852113,0.36889056712988466,-0.003066046261363531,0.003066046261363531,0.008311533377550395,0.03746400148613549,0.10155857813773966
linear_survival,object,5.0,1800.0,1795.0,1,18325,6383,0.35100404458411655,0.34994939860686014,0.0010546459772564076,0.0010546459772564076,0.00301370992907811,0.047790989527265446,0.13656542836627292
linear_survival,token,5.0,1800.0,1795.0,1,18325,6383,0.36585727123376716,0.36889056712988466,-0.003033295896117505,0.003033295896117505,0.008222752670846949,0.037546366959074595,0.10178185701846557
linear_survival,object,5.0,2340.0,2335.0,0,18325,6383,0.35249142483446455,0.34994939860686014,0.0025420262276044103,0.0025420262276044103,0.007263982272077488,0.047363802366856715,0.13534471713742283
linear_survival,token,5.0,2340.0,2335.0,0,18325,6383,0.3663230723523715,0.36889056712988466,-0.0025674947775131685,0.0025674947775131685,0.006960044539737894,0.035836515159992643,0.09714673768650411
linear_survival,object,5.0,3150.0,3145.0,0,18325,6383,0.3547224952099866,0.34994939860686014,0.00477309660312647,0.00477309660312647,0.013639390786576713,0.0464424120139332,0.13271179261578755
linear_survival,token,5.0,3150.0,3145.0,0,18325,6383,0.3670217740302781,0.36889056712988466,-0.0018687930996065805,0.0018687930996065805,0.005065982343074083,0.034102675992628936,0.0924465926520196
linear_survival,object,5.0,4500.0,4495.0,0,18325,6525,0.3584409458358566,0.35788707040992374,0.0005538754259328815,0.0005538754259328815,0.001547626253439312,0.04867378492431858,0.13600319471884703
linear_survival,token,5.0,4500.0,4495.0,0,18325,6525,0.3681862768267891,0.3718497451464846,-0.0036634683196954954,0.0036634683196954954,0.009852012452643546,0.03606652329318364,0.09699219581010006
linear_survival,object,5.0,5850.0,5845.0,0,18325,6525,0.3621593964617267,0.35788707040992374,0.004272326051802944,0.004272326051802944,0.011937637330427789,0.04763391112129854,0.1330976027346802
linear_survival,token,5.0,5850.0,5845.0,0,18325,6525,0.3693507796233,0.3718497451464846,-0.0024989655231846264,0.0024989655231846264,0.006720363683993373,0.03413875168087047,0.09180792007110836
linear_survival,object,5.0,6660.0,6655.0,0,18325,6525,0.3643904668372487,0.35788707040992374,0.006503396427324948,0.006503396427324948,0.018171643976620782,0.04982917115630395,0.13923154893310236
linear_survival,token,5.0,6660.0,6655.0,0,18325,6525,0.37004948130120663,0.3718497451464846,-0.0018002638452779829,0.0018002638452779829,0.004841374422802942,0.036018044656084706,0.09686182423466752
linear_survival,object,5.0,7200.0,7195.0,1,18325,6525,0.3658778470650201,0.35788707040992374,0.007990776655096343,0.007990776655096343,0.02232764834433306,0.04979784701540928,0.13914402372337967
linear_survival,token,5.0,7200.0,7195.0,1,18325,6525,0.37051528217218826,0.3718497451464846,-0.0013344629742963465,0.0013344629742963465,0.003588715581264295,0.03607949419606922,0.09702707791787311
linear_survival,object,20.0,24.0,4.0,0,12616,289,0.005374556475222365,0.02290895702112361,-0.017534400545901246,0.017534400545901246,0.7653949732296124,0.01813746364527706,0.7917193099866174
linear_survival,token,20.0,24.0,4.0,0,12616,289,0.005361492183064389,0.03892100546844346,-0.03355951328537907,0.03355951328537907,0.8622468222869677,0.034197178100582586,0.8786303870877417
linear_survival,object,20.0,30.0,10.0,0,12616,591,0.013436391188055914,0.04692750356775677,-0.03349111237970086,0.03349111237970086,0.7136776907670864,0.03360447217582983,0.7160933273876302
linear_survival,token,20.0,30.0,10.0,0,12616,591,0.013403730457660972,0.06347267273765544,-0.05006894227999447,0.05006894227999447,0.788826752056572,0.05021910355753506,0.7911925146921118
linear_survival,object,20.0,40.0,20.0,0,12616,754,0.026872782376111827,0.05999976628752679,-0.03312698391141496,0.03312698391141496,0.5521185491401098,0.0341683917126367,0.5694754134357334
linear_survival,token,20.0,40.0,20.0,0,12616,754,0.026807460915321938,0.08052372960532905,-0.05371626869000712,0.05371626869000712,0.6670861987303204,0.05433649034923454,0.6747885451351294
linear_survival,object,20.0,50.0,30.0,0,12616,785,0.04030917356416774,0.06249890927595614,-0.0221897357117884,0.0221897357117884,0.3550419674335818,0.02430323431056316,0.388858535166674
linear_survival,token,20.0,50.0,30.0,0,12616,785,0.0402111913729829,0.0834807646940855,-0.043269573321102595,0.043269573321102595,0.5183178841217322,0.044408044864392475,0.5319554154436097
linear_survival,object,20.0,56.0,36.0,0,12616,785,0.04837100827700129,0.06249890927595614,-0.014127900998954848,0.014127900998954848,0.22605036092029804,0.018467984562215656,0.29549290981499493
linear_survival,token,20.0,56.0,36.0,0,12616,785,0.048253429647579484,0.0834807646940855,-0.03522733504650601,0.03522733504650601,0.4219814609460786,0.03686488144777367,0.44159731385864387
linear_survival,object,20.0,60.0,40.0,1,12616,785,0.05374556478701,0.06249890927595614,-0.008753344488946137,0.008753344488946137,0.14005595602151769,0.015433156597120993,0.24693481495777495
linear_survival,token,20.0,60.0,40.0,1,12616,785,0.053614922020652045,0.0834807646940855,-0.02986584267343345,0.02986584267343345,0.35775717655290484,0.03183610547535454,0.38135857514024524
linear_survival,object,20.0,72.0,52.0,0,12616,785,0.053800617054933386,0.06249890927595614,-0.008698292221022752,0.008698292221022752,0.1391751043624862,0.01541662931571375,0.2466703738403425
linear_survival,token,20.0,72.0,52.0,0,12616,785,0.05365481525606814,0.0834807646940855,-0.029825949438017356,0.029825949438017356,0.3572793031701887,0.03180225425855769,0.3809530779347406
linear_survival,object,20.0,90.0,70.0,0,12616,785,0.05388319545681846,0.06249890927595614,-0.008615713819137678,0.008615713819137678,0.13785382687393902,0.015550319538789801,0.2488094547399108
linear_survival,token,20.0,90.0,70.0,0,12616,785,0.053714655109192294,0.0834807646940855,-0.029766109584893202,0.029766109584893202,0.3565624930961143,0.031729801277902564,0.38008517763554434
linear_survival,object,20.0,120.0,100.0,0,12616,785,0.054020826126626925,0.06249890927595614,-0.008478083149329213,0.008478083149329213,0.1356516977263602,0.015185082211860202,0.24296555552373508
linear_survival,token,20.0,120.0,100.0,0,12616,785,0.053814388197732536,0.0834807646940855,-0.02966637649635296,0.02966637649635296,0.35536780963932385,0.03163913237564793,0.3789990723203033
linear_survival,object,20.0,150.0,130.0,0,12616,785,0.054158456796435384,0.06249890927595614,-0.008340452479520755,0.008340452479520755,0.13344956857878154,0.014983913921188152,0.23974680670071455
linear_survival,token,20.0,150.0,130.0,0,12616,785,0.05391412128627278,0.0834807646940855,-0.029566643407812718,0.029566643407812718,0.3541731261825333,0.03155015824859583,0.37793326839076163
linear_survival,object,20.0,168.0,148.0,0,12616,785,0.05424103519832047,0.06249890927595614,-0.008257874077635667,0.008257874077635667,0.13212829109023413,0.014956898328413591,0.23931454967275145
linear_survival,token,20.0,168.0,148.0,0,12616,785,0.053973961139396925,0.0834807646940855,-0.02950680355468857,0.02950680355468857,0.35345631610845907,0.03152244314532727,0.37760127450725894
linear_survival,object,20.0,180.0,160.0,1,12616,785,0.05429608736591766,0.06249890927595614,-0.008202821910038481,0.008202821910038481,0.13124744103644984,0.014940627071861735,0.23905420502449506
linear_survival,token,20.0,180.0,160.0,1,12616,785,0.05401385444518806,0.0834807646940855,-0.029466910248897436,0.029466910248897436,0.35297844188273386,0.03148855635749701,0.3771953512031968
linear_survival,object,20.0,222.0,202.0,0,12616,785,0.05435727776626843,0.06249890927595614,-0.008141631509687705,0.008141631509687705,0.13026837754462797,0.01492104375043937,0.2387408664134819
linear_survival,token,20.0,222.0,202.0,0,12616,785,0.05405571601380089,0.0834807646940855,-0.02942504868028461,0.02942504868028461,0.3524769902157992,0.03144901320925677,0.37672167144732555
linear_survival,object,20.0,285.0,265.0,0,12616,785,0.0544490633667946,0.06249890927595614,-0.008049845909161538,0.008049845909161538,0.1287997823068951,0.01488419466165387,0.23815127070353445
linear_survival,token,20.0,285.0,265.0,0,12616,785,0.05411850836672012,0.0834807646940855,-0.029362256327365374,0.029362256327365374,0.3517248127153973,0.03160259366783619,0.37856138217760227
linear_survival,object,20.0,390.0,370.0,0,12616,785,0.05460203936767153,0.06249890927595614,-0.007896869908284608,0.007896869908284608,0.1263521235773406,0.014852724346489122,0.23764773687343518
linear_survival,token,20.0,390.0,370.0,0,12616,785,0.054223162288252184,0.0834807646940855,-0.029257602405833312,0.029257602405833312,0.3504711835480608,0.031499250545332806,0.377323454819341
linear_survival,object,20.0,495.0,475.0,0,12616,785,0.054755015368548474,0.06249890927595614,-0.007743893907407665,0.007743893907407665,0.12390446484778586,0.014659806580244916,0.23456099874505598
linear_survival,token,20.0,495.0,475.0,0,12616,785,0.05432781620978423,0.0834807646940855,-0.029152948484301264,0.029152948484301264,0.34921755438072444,0.031411894676353545,0.37627703569154103
linear_survival,object,20.0,558.0,538.0,0,12616,785,0.05484680096907464,0.06249890927595614,-0.007652108306881497,0.007652108306881497,0.122435869610053,0.014639203689328632,0.23423134673744553
linear_survival,token,20.0,558.0,538.0,0,12616,785,0.054390608562703474,0.0834807646940855,-0.029090156131382022,0.029090156131382022,0.3484653768803225,0.031322361540853896,0.3752045355074837
linear_survival,object,20.0,600.0,580.0,1,12616,785,0.054907991390306714,0.06249890927595614,-0.0075909178856494244,0.0075909178856494244,0.12145680578412454,0.014626225893749033,0.23402369838437911
linear_survival,token,20.0,600.0,580.0,1,12616,785,0.0544324702804029,0.0834807646940855,-0.029048294413682597,0.029048294413682597,0.3479639234275082,0.03130048871338878,0.374942525120477
linear_survival,object,20.0,720.0,700.0,0,12616,785,0.05497890167638254,0.06249890927595614,-0.007520007599573601,0.007520007599573601,0.12032222140661601,0.014608422659728363,0.23373884166884729
linear_survival,token,20.0,720.0,700.0,0,12616,785,0.054482657911627444,0.0834807646940855,-0.028998106782458052,0.028998106782458052,0.3473627354603345,0.031261469126879445,0.3744751170097305
linear_survival,object,20.0,900.0,880.0,0,12616,785,0.05508526710549625,0.06249890927595614,-0.007413642170459887,0.007413642170459887,0.11862034484035354,0.014579534055006428,0.23327661592672463
linear_survival,token,20.0,900.0,880.0,0,12616,785,0.05455793935846428,0.0834807646940855,-0.028922825335621218,0.028922825335621218,0.34646095350957373,0.031192029754201992,0.37364331614001023
linear_survival,object,20.0,1200.0,1180.0,0,12616,785,0.05526254282068578,0.06249890927595614,-0.007236366455270357,0.007236366455270357,0.11578388389658263,0.01421475662312194,0.22744007515968725
linear_survival,token,20.0,1200.0,1180.0,0,12616,785,0.05468340843652564,0.0834807646940855,-0.02879735625755986,0.02879735625755986,0.3449579835916394,0.031074509144354643,0.37223555939175806
linear_survival,object,20.0,1500.0,1480.0,0,12616,785,0.05543981853587532,0.06249890927595614,-0.00705909074008082,0.00705909074008082,0.11294742295281163,0.014012514337665347,0.22420414212022227
linear_survival,token,20.0,1500.0,1480.0,0,12616,785,0.054808877514587025,0.0834807646940855,-0.02867188717949847,0.02867188717949847,0.34345501367370485,0.030905346673022877,0.3702091947321666
linear_survival,object,20.0,1680.0,1660.0,0,12616,785,0.055546183964989046,0.06249890927595614,-0.006952725310967092,0.006952725310967092,0.11124554638654893,0.013826316134342525,0.2212249188748903
linear_survival,token,20.0,1680.0,1660.0,0,12616,785,0.054884158961423846,0.0834807646940855,-0.02859660573266165,0.02859660573266165,0.3425532317229442,0.030843982893968763,0.3694741298429196
linear_survival,object,20.0,1800.0,1780.0,1,12616,785,0.055617094274572905,0.06249890927595614,-0.006881815001383233,0.006881815001383233,0.11011096163290526,0.013810101081591893,0.2209654735031473
linear_survival,token,20.0,1800.0,1780.0,1,12616,785,0.05493434668014582,0.0834807646940855,-0.02854641801393968,0.02854641801393968,0.3419520427076557,0.030797288172684407,0.3689147827711065
linear_survival,object,20.0,2340.0,2320.0,0,12616,785,0.057932719389631404,0.06249890927595614,-0.004566189886324734,0.004566189886324734,0.07306031319943988,0.015107678872603347,0.2417270804822733
linear_survival,token,20.0,2340.0,2320.0,0,12616,785,0.05567196325349569,0.0834807646940855,-0.02780880144058981,0.02780880144058981,0.3331162758570182,0.027902149951022123,0.33423447968246695
linear_survival,object,20.0,3150.0,3130.0,0,12616,785,0.06140615706221914,0.06249890927595614,-0.0010927522137369958,0.0010927522137369958,0.017484340549241983,0.00975739394850084,0.1561210277353527
linear_survival,token,20.0,3150.0,3130.0,0,12616,785,0.05677838811352048,0.0834807646940855,-0.02670237658056502,0.02670237658056502,0.31986262558106215,0.02992589185731009,0.3584764941597415
linear_survival,object,20.0,4500.0,4480.0,0,12616,927,0.06719521984986536,0.07394659651327795,-0.006751376663412592,0.006751376663412592,0.09130070864316664,0.01566684973486407,0.21186708345732866
linear_survival,token,20.0,4500.0,4480.0,0,12616,927,0.058622429546895144,0.08777818671260029,-0.02915575716570515,0.02915575716570515,0.3321526481421372,0.029986001945198053,0.3416110889072815
linear_survival,object,20.0,5850.0,5830.0,0,12616,927,0.07298428263751158,0.07394659651327795,-0.0009623138757663685,0.0009623138757663685,0.01301363309660336,0.015650683191600605,0.21164845888194933
linear_survival,token,20.0,5850.0,5830.0,0,12616,927,0.060466470980269804,0.08777818671260029,-0.027311715732330488,0.027311715732330488,0.3111446790505411,0.028354908566657327,0.32302909901176013
linear_survival,object,20.0,6660.0,6640.0,0,12616,927,0.07645772031009933,0.07394659651327795,0.0025111237968213768,0.0025111237968213768,0.033958612231334756,0.017654057755587496,0.23874063970499995
linear_survival,token,20.0,6660.0,6640.0,0,12616,927,0.06157289584029459,0.08777818671260029,-0.0262052908723057,0.0262052908723057,0.29853989759558347,0.029066499798829106,0.3311357968010599
linear_survival,object,20.0,7200.0,7180.0,1,12616,927,0.07877334536513077,0.07394659651327795,0.004826748851852816,0.004826748851852816,0.0652734416381979,0.018995819737534333,0.2568856530688795
linear_survival,token,20.0,7200.0,7180.0,1,12616,927,0.062310511953976654,0.08777818671260029,-0.02546767475862364,0.02546767475862364,0.2901367151956425,0.028712059201415348,0.3270978847560748
linear_survival,object,60.0,72.0,12.0,0,11629,0,5.891784972427502e-05,0.0,5.891784972427502e-05,5.891784972427502e-05,58.91784972427502,5.891784972427501e-05,58.917849724275015
linear_survival,token,60.0,72.0,12.0,0,11629,0,4.2499963018252525e-05,0.0,4.2499963018252525e-05,4.2499963018252525e-05,42.49996301825253,4.249996301825252e-05,42.49996301825252
linear_survival,object,60.0,90.0,30.0,0,11629,0,0.0001472946243106883,0.0,0.0001472946243106883,0.0001472946243106883,147.2946243106883,0.0001472946243106883,147.2946243106883
linear_survival,token,60.0,90.0,30.0,0,11629,0,0.0001062499075456233,0.0,0.0001062499075456233,0.0001062499075456233,106.24990754562332,0.0001062499075456233,106.24990754562332
linear_survival,object,60.0,120.0,60.0,0,11629,0,0.0002945892486213767,0.0,0.0002945892486213767,0.0002945892486213767,294.58924862137667,0.0002945892486213767,294.58924862137667
linear_survival,token,60.0,120.0,60.0,0,11629,0,0.00021249981509124436,0.0,0.00021249981509124436,0.00021249981509124436,212.4998150912444,0.0002124998150912444,212.4998150912444
linear_survival,object,60.0,150.0,90.0,0,11629,0,0.0004418838729320631,0.0,0.0004418838729320631,0.0004418838729320631,441.8838729320631,0.0004418838729320632,441.8838729320632
linear_survival,token,60.0,150.0,90.0,0,11629,0,0.0003187497226368652,0.0,0.0003187497226368652,0.0003187497226368652,318.7497226368652,0.0003187497226368652,318.7497226368652
linear_survival,object,60.0,168.0,108.0,0,11629,0,0.0005302606475184762,0.0,0.0005302606475184762,0.0005302606475184762,530.2606475184762,0.0005302606475184762,530.2606475184762
linear_survival,token,60.0,168.0,108.0,0,11629,0,0.00038249966716424113,0.0,0.00038249966716424113,0.00038249966716424113,382.49966716424115,0.0003824996671642412,382.4996671642412
linear_survival,object,60.0,180.0,120.0,1,11629,0,0.0005891783633525117,0.0,0.0005891783633525117,0.0005891783633525117,589.1783633525117,0.0005891783633525117,589.1783633525117
linear_survival,token,60.0,180.0,120.0,1,11629,0,0.0004249997870290209,0.0,0.0004249997870290209,0.0004249997870290209,424.9997870290209,0.00042499978702902096,424.999787029021
linear_survival,object,60.0,222.0,162.0,0,11629,0,0.0006546594431967277,0.0,0.0006546594431967277,0.0006546594431967277,654.6594431967278,0.0006546594431967277,654.6594431967278
linear_survival,token,60.0,222.0,162.0,0,11629,0,0.00046964350927135377,0.0,0.00046964350927135377,0.00046964350927135377,469.64350927135376,0.0004696435092713537,469.64350927135376
linear_survival,object,60.0,285.0,225.0,0,11629,0,0.0007528810629630474,0.0,0.0007528810629630474,0.0007528810629630474,752.8810629630474,0.0007528810629630473,752.8810629630473
linear_survival,token,60.0,285.0,225.0,0,11629,0,0.000536609092634851,0.0,0.000536609092634851,0.000536609092634851,536.6090926348511,0.000536609092634851,536.6090926348511
linear_survival,object,60.0,390.0,330.0,0,11629,0,0.0009165837625735802,0.0,0.0009165837625735802,0.0009165837625735802,916.5837625735803,0.0009165837625735801,916.5837625735802
linear_survival,token,60.0,390.0,330.0,0,11629,0,0.0006482183982406695,0.0,0.0006482183982406695,0.0006482183982406695,648.2183982406696,0.0006482183982406695,648.2183982406696
linear_survival,object,60.0,495.0,435.0,0,11629,0,0.0010802864621841178,0.0,0.0010802864621841178,0.0010802864621841178,1080.286462184118,0.001080286462184118,1080.2864621841181
linear_survival,token,60.0,495.0,435.0,0,11629,0,0.0007598277038465005,0.0,0.0007598277038465005,0.0007598277038465005,759.8277038465005,0.0007598277038465005,759.8277038465005
linear_survival,object,60.0,558.0,498.0,0,11629,0,0.0011785080819504375,0.0,0.0011785080819504375,0.0011785080819504375,1178.5080819504376,0.0011785080819504375,1178.5080819504376
linear_survival,token,60.0,558.0,498.0,0,11629,0,0.0008267932872099927,0.0,0.0008267932872099927,0.0008267932872099927,826.7932872099927,0.0008267932872099927,826.7932872099927
linear_survival,object,60.0,600.0,540.0,1,11629,0,0.0012439891906181715,0.0,0.0012439891906181715,0.0012439891906181715,1243.9891906181715,0.0012439891906181715,1243.9891906181715
linear_survival,token,60.0,600.0,540.0,1,11629,0,0.0008714369959941863,0.0,0.0008714369959941863,0.0008714369959941863,871.4369959941863,0.0008714369959941864,871.4369959941864
linear_survival,object,60.0,720.0,660.0,0,11629,0,0.001319979580128285,0.0,0.001319979580128285,0.001319979580128285,1319.979580128285,0.0013199795801282852,1319.9795801282853
linear_survival,token,60.0,720.0,660.0,0,11629,0,0.0009249418462560181,0.0,0.0009249418462560181,0.0009249418462560181,924.9418462560182,0.0009249418462560181,924.9418462560182
linear_survival,object,60.0,900.0,840.0,0,11629,0,0.0014339651643934554,0.0,0.0014339651643934554,0.0014339651643934554,1433.9651643934556,0.0014339651643934554,1433.9651643934556
linear_survival,token,60.0,900.0,840.0,0,11629,0,0.0010051991216487607,0.0,0.0010051991216487607,0.0010051991216487607,1005.1991216487608,0.0010051991216487607,1005.1991216487608
linear_survival,object,60.0,1200.0,1140.0,0,11629,0,0.001623941138168739,0.0,0.001623941138168739,0.001623941138168739,1623.9411381687391,0.0016239411381687393,1623.9411381687394
linear_survival,token,60.0,1200.0,1140.0,0,11629,0,0.0011389612473033314,0.0,0.0011389612473033314,0.0011389612473033314,1138.9612473033314,0.0011389612473033314,1138.9612473033314
linear_survival,object,60.0,1500.0,1440.0,0,11629,0,0.001813917111944021,0.0,0.001813917111944021,0.001813917111944021,1813.9171119440211,0.0018139171119440209,1813.917111944021
linear_survival,token,60.0,1500.0,1440.0,0,11629,0,0.001272723372957909,0.0,0.001272723372957909,0.001272723372957909,1272.723372957909,0.001272723372957909,1272.723372957909
linear_survival,object,60.0,1680.0,1620.0,0,11629,0,0.0019279026962091919,0.0,0.0019279026962091919,0.0019279026962091919,1927.9026962091918,0.0019279026962091919,1927.9026962091918
linear_survival,token,60.0,1680.0,1620.0,0,11629,0,0.001352980648350652,0.0,0.001352980648350652,0.001352980648350652,1352.980648350652,0.001352980648350652,1352.980648350652
linear_survival,object,60.0,1800.0,1740.0,1,11629,0,0.0020038930918502397,0.0,0.0020038930918502397,0.0020038930918502397,2003.89309185024,0.0020038930918502397,2003.89309185024
linear_survival,token,60.0,1800.0,1740.0,1,11629,0,0.0014064855378445186,0.0,0.0014064855378445186,0.0014064855378445186,1406.4855378445186,0.0014064855378445188,1406.4855378445188
linear_survival,object,60.0,2340.0,2280.0,0,11629,0,0.003978430802003346,0.0,0.003978430802003346,0.003978430802003346,3978.4308020033463,0.003978430802003347,3978.4308020033473
linear_survival,token,60.0,2340.0,2280.0,0,11629,0,0.002119196577850266,0.0,0.002119196577850266,0.002119196577850266,2119.1965778502663,0.002119196577850266,2119.1965778502663
linear_survival,object,60.0,3150.0,3090.0,0,11629,0,0.006940237367233005,0.0,0.006940237367233005,0.006940237367233005,6940.237367233006,0.006940237367233005,6940.237367233006
linear_survival,token,60.0,3150.0,3090.0,0,11629,0,0.00318826313785888,0.0,0.00318826313785888,0.00318826313785888,3188.26313785888,0.0031882631378588795,3188.2631378588794
linear_survival,object,60.0,4500.0,4440.0,0,11629,142,0.011876581642615767,0.012210852179895149,-0.0003342705372793818,0.0003342705372793818,0.027374873788886707,0.0061453268427189255,0.5032676468590003
linear_survival,token,60.0,4500.0,4440.0,0,11629,142,0.004970040737873239,0.004688850875105066,0.00028118986276817314,0.00028118986276817314,0.059969888200351935,0.0030307377702364314,0.6463711154320982
linear_survival,object,60.0,5850.0,5790.0,0,11629,142,0.01681292591799853,0.012210852179895149,0.004602073738103382,0.004602073738103382,0.37688391197467586,0.004896395302150369,0.4009871899204674
linear_survival,token,60.0,5850.0,5790.0,0,11629,142,0.006751818337887599,0.004688850875105066,0.0020629674627825325,0.0020629674627825325,0.43997293105132207,0.004364712600659646,0.9308704236753622
linear_survival,object,60.0,6660.0,6600.0,0,11629,142,0.019774732483228193,0.012210852179895149,0.007563880303333045,0.007563880303333045,0.6194391834328138,0.007850082012822302,0.6428774910359867
linear_survival,token,60.0,6660.0,6600.0,0,11629,142,0.007820884897896214,0.004688850875105066,0.003132034022791148,0.003132034022791148,0.6679747567619042,0.004937318435228593,1.0529911414847373
linear_survival,object,60.0,7200.0,7140.0,1,11629,142,0.02174927013203593,0.012210852179895149,0.00953841795214078,0.00953841795214078,0.7811426927143985,0.009819210288863327,0.8041380031633175
linear_survival,token,60.0,7200.0,7140.0,1,11629,142,0.008533595517514965,0.004688850875105066,0.0038447446424098985,0.0038447446424098985,0.8199758842455716,0.0054002005789633755,1.1517108824328668
linear_survival,object,180.0,222.0,42.0,0,11629,0,6.55619952166691e-05,0.0,6.55619952166691e-05,6.55619952166691e-05,65.5619952166691,6.55619952166691e-05,65.5619952166691
linear_survival,token,180.0,222.0,42.0,0,11629,0,4.469066509585852e-05,0.0,4.469066509585852e-05,4.469066509585852e-05,44.69066509585853,4.469066509585852e-05,44.69066509585853
linear_survival,object,180.0,285.0,105.0,0,11629,0,0.00016390498804166756,0.0,0.00016390498804166756,0.00016390498804166756,163.90498804166756,0.00016390498804166756,163.90498804166756
linear_survival,token,180.0,285.0,105.0,0,11629,0,0.000111726662739648,0.0,0.000111726662739648,0.000111726662739648,111.726662739648,0.00011172666273964801,111.72666273964802
linear_survival,object,180.0,390.0,210.0,0,11629,0,0.00032780997608333366,0.0,0.00032780997608333366,0.00032780997608333366,327.80997608333365,0.0003278099760833337,327.8099760833337
linear_survival,token,180.0,390.0,210.0,0,11629,0,0.00022345332547928564,0.0,0.00022345332547928564,0.00022345332547928564,223.45332547928567,0.00022345332547928564,223.45332547928567
linear_survival,object,180.0,495.0,315.0,0,11629,0,0.0004917149641250035,0.0,0.0004917149641250035,0.0004917149641250035,491.7149641250036,0.0004917149641250035,491.7149641250036
linear_survival,token,180.0,495.0,315.0,0,11629,0,0.0003351799882189343,0.0,0.0003351799882189343,0.0003351799882189343,335.17998821893434,0.0003351799882189344,335.1799882189344
linear_survival,object,180.0,558.0,378.0,0,11629,0,0.0005900579569500039,0.0,0.0005900579569500039,0.0005900579569500039,590.0579569500039,0.0005900579569500039,590.0579569500039
linear_survival,token,180.0,558.0,378.0,0,11629,0,0.0004022159858627201,0.0,0.0004022159858627201,0.0004022159858627201,402.2159858627201,0.00040221598586272017,402.2159858627202
linear_survival,object,180.0,600.0,420.0,1,11629,0,0.0006556199809866839,0.0,0.0006556199809866839,0.0006556199809866839,655.6199809866839,0.0006556199809866839,655.6199809866839
linear_survival,token,180.0,600.0,420.0,1,11629,0,0.00044690663744599904,0.0,0.00044690663744599904,0.00044690663744599904,446.9066374459991,0.00044690663744599904,446.9066374459991
linear_survival,object,180.0,720.0,540.0,0,11629,0,0.000731704173076053,0.0,0.000731704173076053,0.000731704173076053,731.7041730760529,0.000731704173076053,731.7041730760529
linear_survival,token,180.0,720.0,540.0,0,11629,0,0.0005004673347947298,0.0,0.0005004673347947298,0.0005004673347947298,500.4673347947298,0.0005004673347947298,500.4673347947298
linear_survival,object,180.0,900.0,720.0,0,11629,0,0.0008458304612101072,0.0,0.0008458304612101072,0.0008458304612101072,845.8304612101073,0.0008458304612101071,845.8304612101072
linear_survival,token,180.0,900.0,720.0,0,11629,0,0.0005808083808178316,0.0,0.0005808083808178316,0.0005808083808178316,580.8083808178317,0.0005808083808178315,580.8083808178316
linear_survival,object,180.0,1200.0,1020.0,0,11629,0,0.0010360409414335307,0.0,0.0010360409414335307,0.0010360409414335307,1036.0409414335309,0.001036040941433531,1036.040941433531
linear_survival,token,180.0,1200.0,1020.0,0,11629,0,0.0007147101241896585,0.0,0.0007147101241896585,0.0007147101241896585,714.7101241896585,0.0007147101241896585,714.7101241896585
linear_survival,object,180.0,1500.0,1320.0,0,11629,0,0.0012262514216569514,0.0,0.0012262514216569514,0.0012262514216569514,1226.2514216569514,0.0012262514216569514,1226.2514216569514
linear_survival,token,180.0,1500.0,1320.0,0,11629,0,0.0008486118675614968,0.0,0.0008486118675614968,0.0008486118675614968,848.6118675614969,0.0008486118675614968,848.6118675614969
linear_survival,object,180.0,1680.0,1500.0,0,11629,0,0.0013403777097910057,0.0,0.0013403777097910057,0.0013403777097910057,1340.3777097910058,0.0013403777097910057,1340.3777097910058
linear_survival,token,180.0,1680.0,1500.0,0,11629,0,0.0009289529135845933,0.0,0.0009289529135845933,0.0009289529135845933,928.9529135845934,0.0009289529135845932,928.9529135845933
linear_survival,object,180.0,1800.0,1620.0,1,11629,0,0.001416461908022682,0.0,0.001416461908022682,0.001416461908022682,1416.461908022682,0.0014164619080226817,1416.4619080226819
linear_survival,token,180.0,1800.0,1620.0,1,11629,0,0.0009825136500666372,0.0,0.0009825136500666372,0.0009825136500666372,982.5136500666373,0.0009825136500666372,982.5136500666373
linear_survival,object,180.0,2340.0,2160.0,0,11629,0,0.0033919531254246525,0.0,0.0033919531254246525,0.0033919531254246525,3391.9531254246526,0.003391953125424653,3391.953125424653
linear_survival,token,180.0,2340.0,2160.0,0,11629,0,0.0016956277952932962,0.0,0.0016956277952932962,0.0016956277952932962,1695.6277952932962,0.001695627795293296,1695.627795293296
linear_survival,object,180.0,3150.0,2970.0,0,11629,0,0.006355189951527605,0.0,0.006355189951527605,0.006355189951527605,6355.189951527605,0.006355189951527607,6355.189951527607
linear_survival,token,180.0,3150.0,2970.0,0,11629,0,0.002765299013133276,0.0,0.002765299013133276,0.002765299013133276,2765.299013133276,0.0027652990131332754,2765.2990131332754
linear_survival,object,180.0,4500.0,4320.0,0,11629,142,0.01129391799503253,0.012210852179895149,-0.0009169341848626195,0.0009169341848626195,0.07509174391385458,0.0058354452759575084,0.4778900923528841
linear_survival,token,180.0,4500.0,4320.0,0,11629,142,0.004548084376199912,0.004688850875105066,-0.0001407664989051538,0.0001407664989051538,0.030021534626434362,0.0030190371507829695,0.6438757024268382
linear_survival,object,180.0,5850.0,5670.0,0,11629,142,0.01623264603853745,0.012210852179895149,0.004021793858642302,0.004021793858642302,0.32936225902923316,0.004318636121010635,0.35367196796642564
linear_survival,token,180.0,5850.0,5670.0,0,11629,142,0.006330869739266545,0.004688850875105066,0.0016420188641614788,0.0016420188641614788,0.3501964357364394,0.0044066139825945415,0.9398068098072749
linear_survival,object,180.0,6660.0,6480.0,0,11629,142,0.019195882864640405,0.012210852179895149,0.006985030684745257,0.006985030684745257,0.5720346607950859,0.007273767614995924,0.5956805886956845
linear_survival,token,180.0,6660.0,6480.0,0,11629,142,0.0074005409571065274,0.004688850875105066,0.0027116900820014613,0.0027116900820014613,0.5783272179541642,0.005273820358022072,1.124757536227658
linear_survival,object,180.0,7200.0,7020.0,1,11629,142,0.021171374020673393,0.012210852179895149,0.008960521840778245,0.008960521840778245,0.7338162569465472,0.00924385711346773,0.7570198195247585
linear_survival,token,180.0,7200.0,7020.0,1,11629,142,0.008113654681758845,0.004688850875105066,0.003424803806653779,0.003424803806653779,0.7304143164026382,0.005860183423592246,1.2498122844354551
linear_survival,object,600.0,720.0,120.0,0,11629,0,7.618759810634138e-05,0.0,7.618759810634138e-05,7.618759810634138e-05,76.18759810634138,7.618759810634138e-05,76.18759810634138
linear_survival,token,600.0,720.0,120.0,0,11629,0,5.36195149520765e-05,0.0,5.36195149520765e-05,5.36195149520765e-05,53.6195149520765,5.361951495207651e-05,53.61951495207651
linear_survival,object,600.0,900.0,300.0,0,11629,0,0.00019046899526585503,0.0,0.00019046899526585503,0.00019046899526585503,190.46899526585506,0.00019046899526585503,190.46899526585506
linear_survival,token,600.0,900.0,300.0,0,11629,0,0.00013404878738018736,0.0,0.00013404878738018736,0.00013404878738018736,134.04878738018738,0.0001340487873801874,134.0487873801874
linear_survival,object,600.0,1200.0,600.0,0,11629,0,0.00038093799053170947,0.0,0.00038093799053170947,0.00038093799053170947,380.9379905317095,0.0003809379905317094,380.93799053170943
linear_survival,token,600.0,1200.0,600.0,0,11629,0,0.0002680975747603716,0.0,0.0002680975747603716,0.0002680975747603716,268.0975747603716,0.0002680975747603716,268.0975747603716
linear_survival,object,600.0,1500.0,900.0,0,11629,0,0.0005714069857975623,0.0,0.0005714069857975623,0.0005714069857975623,571.4069857975624,0.0005714069857975623,571.4069857975624
linear_survival,token,600.0,1500.0,900.0,0,11629,0,0.0004021463621405642,0.0,0.0004021463621405642,0.0004021463621405642,402.14636214056424,0.0004021463621405642,402.14636214056424
linear_survival,object,600.0,1680.0,1080.0,0,11629,0,0.0006856883829570748,0.0,0.0006856883829570748,0.0006856883829570748,685.6883829570749,0.000685688382957075,685.688382957075
linear_survival,token,600.0,1680.0,1080.0,0,11629,0,0.0004825756345686722,0.0,0.0004825756345686722,0.0004825756345686722,482.5756345686722,0.0004825756345686721,482.5756345686721
linear_survival,object,600.0,1800.0,1200.0,1,11629,0,0.000761875987228584,0.0,0.000761875987228584,0.000761875987228584,761.875987228584,0.0007618759872285841,761.8759872285841
linear_survival,token,600.0,1800.0,1200.0,1,11629,0,0.000536195188552288,0.0,0.000536195188552288,0.000536195188552288,536.195188552288,0.0005361951885522881,536.1951885522881
linear_survival,object,600.0,2340.0,1740.0,0,11629,0,0.002738520243568597,0.0,0.002738520243568597,0.002738520243568597,2738.5202435685974,0.002738520243568597,2738.5202435685974
linear_survival,token,600.0,2340.0,1740.0,0,11629,0,0.001249761614804059,0.0,0.001249761614804059,0.001249761614804059,1249.761614804059,0.0012497616148040595,1249.7616148040595
linear_survival,object,600.0,3150.0,2550.0,0,11629,0,0.005703486628078616,0.0,0.005703486628078616,0.005703486628078616,5703.486628078616,0.005703486628078615,5703.4866280786155
linear_survival,token,600.0,3150.0,2550.0,0,11629,0,0.0023201112541817084,0.0,0.0023201112541817084,0.0023201112541817084,2320.1112541817083,0.002320111254181709,2320.111254181709
linear_survival,object,600.0,4500.0,3900.0,0,11629,142,0.010645097268928644,0.012210852179895149,-0.0015657549109665044,0.0015657549109665044,0.12822650605372812,0.005478133355298641,0.4486282590758281
linear_survival,token,600.0,4500.0,3900.0,0,11629,142,0.004104027319811129,0.004688850875105066,-0.0005848235552939375,0.0005848235552939375,0.12472641397042361,0.0029797555884996086,0.6354980501342643
linear_survival,object,600.0,5850.0,5250.0,0,11629,142,0.015586707909778674,0.012210852179895149,0.0033758557298835257,0.0033758557298835257,0.27646356537193895,0.0036756186373994963,0.3010124586923841
linear_survival,token,600.0,5850.0,5250.0,0,11629,142,0.005887943385440549,0.004688850875105066,0.0011990925103354828,0.0011990925103354828,0.25573270344380783,0.004076759470085375,0.8694581206944494
linear_survival,object,600.0,6660.0,6060.0,0,11629,142,0.01855167429428869,0.012210852179895149,0.006340822114393543,0.006340822114393543,0.5192776082273391,0.006632491347603768,0.5431636752203087
linear_survival,token,600.0,6660.0,6060.0,0,11629,142,0.0069582930248182,0.004688850875105066,0.0022694421497131342,0.0022694421497131342,0.48400817389234657,0.004963873072923643,1.0586544987555004
linear_survival,object,600.0,7200.0,6600.0,1,11629,142,0.020528318489234115,0.012210852179895149,0.008317466309338967,0.008317466309338967,0.6811536317697351,0.008603740890974113,0.7045979071911089
linear_survival,token,600.0,7200.0,6600.0,1,11629,142,0.0076718590303020235,0.004688850875105066,0.0029830081551969574,0.0029830081551969574,0.6361917311200722,0.005569445392314116,1.1878060404702715
linear_survival,object,1800.0,2340.0,540.0,0,11629,0,0.0019778770997065692,0.0,0.0019778770997065692,0.0019778770997065692,1977.8770997065694,0.0019778770997065697,1977.8770997065697
linear_survival,token,1800.0,2340.0,540.0,0,11629,0,0.0007140746620541129,0.0,0.0007140746620541129,0.0007140746620541129,714.0746620541129,0.0007140746620541128,714.0746620541129
linear_survival,object,1800.0,3150.0,1350.0,0,11629,0,0.004944692749266422,0.0,0.004944692749266422,0.004944692749266422,4944.692749266423,0.004944692749266422,4944.692749266423
linear_survival,token,1800.0,3150.0,1350.0,0,11629,0,0.001785186655135277,0.0,0.001785186655135277,0.001785186655135277,1785.186655135277,0.001785186655135277,1785.186655135277
linear_survival,object,1800.0,4500.0,2700.0,0,11629,142,0.009889385498532844,0.012210852179895149,-0.0023214666813623046,0.0023214666813623046,0.19011504251804304,0.005494824769613433,0.44999519187207254
linear_survival,token,1800.0,4500.0,2700.0,0,11629,142,0.0035703733102705544,0.004688850875105066,-0.0011184775648345117,0.0011184775648345117,0.2385398031686067,0.002952333758065894,0.6296497450454188
linear_survival,object,1800.0,5850.0,4050.0,0,11629,142,0.014834078247799259,0.012210852179895149,0.0026232260679041105,0.0026232260679041105,0.21482743622293488,0.0032433808780401464,0.2656146213431597
linear_survival,token,1800.0,5850.0,4050.0,0,11629,142,0.005355559965405829,0.004688850875105066,0.0006667090903007631,0.0006667090903007631,0.14219029524708945,0.003771228047015147,0.8042968623800907
linear_survival,object,1800.0,6660.0,4860.0,0,11629,142,0.017800893897359116,0.012210852179895149,0.005590041717463967,0.005590041717463967,0.45779292346752226,0.005885485006613818,0.4819880643796603
linear_survival,token,1800.0,6660.0,4860.0,0,11629,142,0.006426671958486995,0.004688850875105066,0.0017378210833819286,0.0017378210833819286,0.37062835429650726,0.004670561882244719,0.9960994722699649
linear_survival,object,1800.0,7200.0,5400.0,1,11629,142,0.01977877093563956,0.012210852179895149,0.007567918755744411,0.007567918755744411,0.6197699099334602,0.007857970500137899,0.643523513704952
linear_survival,token,1800.0,7200.0,5400.0,1,11629,142,0.007140746199532714,0.004688850875105066,0.002451895324427648,0.002451895324427648,0.5229203038735385,0.005270117690628464,1.123967861424122
right_step,object,0.0,0.2,0.2,0,23786,0,0.0,0.0,0.0,0.0,0.0,0.0,0.0
right_step,token,0.0,0.2,0.2,0,23786,0,0.0,0.0,0.0,0.0,0.0,0.0,0.0
right_step,object,0.0,0.5,0.5,0,23786,0,0.0,0.0,0.0,0.0,0.0,0.0,0.0
right_step,token,0.0,0.5,0.5,0,23786,0,0.0,0.0,0.0,0.0,0.0,0.0,0.0
right_step,object,0.0,1.0,1.0,0,23786,1,0.0,4.204153703857294e-05,-4.204153703857294e-05,4.204153703857294e-05,1.0,4.2041537038593405e-05,1.0000000000004867
right_step,token,0.0,1.0,1.0,0,23786,1,0.0,7.938932766848872e-06,-7.938932766848872e-06,7.938932766848872e-06,1.0,7.938932766862118e-06,1.0000000000016684
right_step,object,0.0,1.5,1.5,0,23786,1,0.0,4.204153703857294e-05,-4.204153703857294e-05,4.204153703857294e-05,1.0,4.2041537038593405e-05,1.0000000000004867
right_step,token,0.0,1.5,1.5,0,23786,1,0.0,7.938932766848872e-06,-7.938932766848872e-06,7.938932766848872e-06,1.0,7.938932766862118e-06,1.0000000000016684
right_step,object,0.0,1.8,1.8,0,23786,46,0.0,0.0019339107037752434,-0.0019339107037752434,0.0019339107037752434,1.0,0.0019339107037753271,1.0000000000000433
right_step,token,0.0,1.8,1.8,0,23786,46,0.0,0.00293824713175983,-0.00293824713175983,0.00293824713175983,1.0,0.002938247131759814,0.9999999999999946
right_step,object,0.0,2.0,2.0,1,23786,231,0.01339106370860871,0.009711595055915234,0.0036794686526934756,0.0036794686526934756,0.37887377217734675,0.007579352579602213,0.7804436383481317
right_step,token,0.0,2.0,2.0,1,23786,231,0.009667473359692265,0.008121167359919745,0.0015463059997725195,0.0015463059997725195,0.19040440016098872,0.008658692889941649,1.0661882099209954
right_step,object,0.0,2.3,2.3,0,23786,676,0.01339106370860871,0.028515876694495068,-0.015124812985886358,0.015124812985886358,0.5303997190030694,0.021791912523289714,0.7642027897917162
right_step,token,0.0,2.3,2.3,0,23786,676,0.009667473359692265,0.02358387304672538,-0.013916399687033114,0.013916399687033114,0.5900811821477052,0.017862812403364157,0.7574164077280092
right_step,object,0.0,2.75,2.75,0,23786,1728,0.01339106370860871,0.07297004362435111,-0.0595789799157424,0.0595789799157424,0.816485463849443,0.05966273004979385,0.8176331969449936
right_step,token,0.0,2.75,2.75,0,23786,1728,0.009667473359692265,0.06353971323415386,-0.053872239874461596,0.053872239874461596,0.8478514795295644,0.0538974919004312,0.848248900680594
right_step,object,0.0,3.5,3.5,0,23786,2998,0.01339106370860871,0.12663619571647788,-0.11324513200786918,0.11324513200786918,0.8942556381068998,0.11335445804347374,0.8951189460654658
right_step,token,0.0,3.5,3.5,0,23786,2998,0.009667473359692265,0.11456399711019705,-0.10489652375050479,0.10489652375050479,0.9156150832412622,0.10490699452279365,0.9157064799501147
right_step,object,0.0,4.25,4.25,0,23786,4334,0.01339106370860871,0.18309129744488795,-0.16970023373627924,0.16970023373627924,0.9268612768848856,0.16983083756431244,0.9275746031317135
right_step,token,0.0,4.25,4.25,0,23786,4334,0.009667473359692265,0.16376849976351793,-0.15410102640382567,0.15410102640382567,0.9409686638538418,0.15413705517394624,0.9411886620230416
right_step,object,0.0,4.7,4.7,0,23786,5002,0.01339106370860871,0.2113188483090931,-0.19792778460048438,0.19792778460048438,0.9366310018450328,0.19803185229659603,0.9371234694925918
right_step,token,0.0,4.7,4.7,0,23786,5002,0.009667473359692265,0.1917095327329158,-0.18204205937322354,0.18204205937322354,0.949572286667869,0.1820649775215283,0.9496918328791505
right_step,object,0.0,5.0,5.0,1,23786,5341,0.20821293031763613,0.22564390780455057,-0.01743097748691444,0.01743097748691444,0.07724993622257639,0.04326102652206569,0.19172255498933194
right_step,token,0.0,5.0,5.0,1,23786,5341,0.17601861769032487,0.20693093745854563,-0.03091231976822076,0.03091231976822076,0.14938471814739354,0.05043727412800436,0.24373964931226602
right_step,object,0.0,5.5,5.5,0,23786,6011,0.20821293031763613,0.2539717269147771,-0.045758796597140966,0.045758796597140966,0.18017279778743173,0.055410113213757314,0.2181743373046826
right_step,token,0.0,5.5,5.5,0,23786,6011,0.17601861769032487,0.23302708979965847,-0.0570084721093336,0.0570084721093336,0.2446431106286646,0.06644146526321486,0.2851233533420381
right_step,object,0.0,6.25,6.25,0,23786,6655,0.20821293031763613,0.2812015051888014,-0.07298857487116525,0.07298857487116525,0.2595596877127668,0.07985182572061901,0.28396656577995816
right_step,token,0.0,6.25,6.25,0,23786,6655,0.17601861769032487,0.2593138514352161,-0.08329523374489126,0.08329523374489126,0.3212139779031462,0.09119338868448942,0.351671876298795
right_step,object,0.0,7.5,7.5,0,23786,7755,0.20821293031763613,0.32779002013139336,-0.11957708981375723,0.11957708981375723,0.36479783541251565,0.11939230458836564,0.36423410493250435
right_step,token,0.0,7.5,7.5,0,23786,7755,0.17601861769032487,0.3139091059642911,-0.13789048827396624,0.13789048827396624,0.4392688381892689,0.13725396854681826,0.43724111833325296
right_step,object,0.0,8.75,8.75,0,23786,8512,0.20821293031763613,0.3599395623831326,-0.1517266320654965,0.1517266320654965,0.4215336348717155,0.1509181192694453,0.419287388888923
right_step,token,0.0,8.75,8.75,0,23786,8512,0.17601861769032487,0.3469924657266904,-0.17097384803636553,0.17097384803636553,0.49273072162619685,0.17038714590311826,0.4910399006684029
right_step,object,0.0,9.5,9.5,0,23786,8774,0.20821293031763613,0.37106661663670704,-0.1628536863190709,0.1628536863190709,0.4388799180997543,0.16203014150912262,0.4366605192828713
right_step,token,0.0,9.5,9.5,0,23786,8774,0.17601861769032487,0.35648927012426224,-0.18047065243393737,0.18047065243393737,0.5062442759386007,0.17987756607617753,0.5045805895181003
right_step,object,0.0,10.0,10.0,1,23786,8969,0.35743118764589216,0.37934820281780257,-0.021917015171910414,0.021917015171910414,0.05777545539720654,0.051909507658495245,0.13683868085550652
right_step,token,0.0,10.0,10.0,1,23786,8969,0.3375626458536763,0.3628365665246679,-0.0252739206709916,0.0252739206709916,0.06965648725284507,0.052935760151065575,0.14589422631267973
right_step,object,0.0,11.0,11.0,0,23786,9168,0.35743118764589216,0.38779966768979224,-0.03036848004390008,0.03036848004390008,0.07830971136414784,0.051491779884029726,0.13277932957183167
right_step,token,0.0,11.0,11.0,0,23786,9168,0.3375626458536763,0.3779186132750315,-0.04035596742135522,0.04035596742135522,0.10678481028396988,0.0585009313751483,0.15479769802334148
right_step,object,0.0,12.5,12.5,0,23786,9869,0.35743118764589216,0.41758537236424087,-0.06015418471834871,0.06015418471834871,0.144052423047709,0.062365795179809565,0.1493486106247292
right_step,token,0.0,12.5,12.5,0,23786,9869,0.3375626458536763,0.40548907815099333,-0.06792643229731704,0.06792643229731704,0.16751729197505794,0.0758920017132256,0.18716164208241742
right_step,object,0.0,15.0,15.0,0,23786,10339,0.35743118764589216,0.4375558162971809,-0.08012462865128872,0.08012462865128872,0.18311864604919195,0.0794625600523834,0.181605539436856
right_step,token,0.0,15.0,15.0,0,23786,10339,0.3375626458536763,0.42473727067556455,-0.08717462482188826,0.08717462482188826,0.20524364316612226,0.0924008240646351,0.21754818906677828
right_step,object,0.0,17.5,17.5,0,23786,10795,0.35743118764589216,0.4569433999306186,-0.09951221228472645,0.09951221228472645,0.21777798366238837,0.09884887714294069,0.21632630465381425
right_step,token,0.0,17.5,17.5,0,23786,10795,0.3375626458536763,0.44524195897026186,-0.10767931311658557,0.10767931311658557,0.24184448690689903,0.10843484435179294,0.2435413872550934
right_step,object,0.0,19.0,19.0,0,23786,10872,0.35743118764589216,0.4602204656206923,-0.10278927797480014,0.10278927797480014,0.2233479074777125,0.10212862565106032,0.22191239477653607
right_step,token,0.0,19.0,19.0,0,23786,10872,0.3375626458536763,0.4492001292266703,-0.111637483372994,0.111637483372994,0.24852504732174902,0.11114295956344743,0.24742414868577145
right_step,object,0.0,20.0,20.0,1,23786,10939,0.4592934075937022,0.4630719383640034,-0.003778530770301214,0.003778530770301214,0.008159705776278444,0.047485592233625744,0.10254474153927054
right_step,token,0.0,20.0,20.0,1,23786,10939,0.4512829780995514,0.45389758664441904,-0.0026146085448676137,0.0026146085448676137,0.0057603490782952415,0.04101292235866683,0.0903572161770407
right_step,object,0.0,24.0,24.0,0,23786,11228,0.4592934075937022,0.4753724002514579,-0.016078992657755697,0.016078992657755697,0.033823992830148294,0.045127639131551586,0.09493113001024124
right_step,token,0.0,24.0,24.0,0,23786,11228,0.4512829780995514,0.47515244166096204,-0.02386946356141062,0.02386946356141062,0.05023538020339654,0.045289981798454663,0.09531674011847056
right_step,object,0.0,30.0,30.0,0,23786,11530,0.4592934075937022,0.48826863189205594,-0.028975224298353752,0.028975224298353752,0.059342792892662116,0.04879469317735522,0.09993411411311492
right_step,token,0.0,30.0,30.0,0,23786,11530,0.4512829780995514,0.4885601664085818,-0.037277188309030374,0.037277188309030374,0.07630009745382219,0.0547728402766311,0.11211073690118382
right_step,object,0.0,40.0,40.0,0,23786,11693,0.4592934075937022,0.4952874965753785,-0.03599408898167633,0.03599408898167633,0.07267312264200948,0.054045850419390196,0.1091201590855522
right_step,token,0.0,40.0,40.0,0,23786,11693,0.4512829780995514,0.49787178971428137,-0.04658881161472994,0.04658881161472994,0.09357592170760734,0.062350451359215596,0.1252339510840678
right_step,object,0.0,50.0,50.0,0,23786,11724,0.4592934075937022,0.496629356575907,-0.037335948982204825,0.037335948982204825,0.07517869914018713,0.054083425650762004,0.10890098407321126
right_step,token,0.0,50.0,50.0,0,23786,11724,0.4512829780995514,0.49948663371262847,-0.048203655613077045,0.048203655613077045,0.09650639748812626,0.06385070311422016,0.12783265618065692
right_step,object,0.0,56.0,56.0,0,23786,11724,0.4592934075937022,0.496629356575907,-0.037335948982204825,0.037335948982204825,0.07517869914018713,0.054083425650762004,0.10890098407321126
right_step,token,0.0,56.0,56.0,0,23786,11724,0.4512829780995514,0.49948663371262847,-0.048203655613077045,0.048203655613077045,0.09650639748812626,0.06385070311422016,0.12783265618065692
right_step,object,0.0,60.0,60.0,1,23786,11724,0.48699971137625825,0.496629356575907,-0.009629645199648762,0.009629645199648762,0.019390003978101374,0.045421177890618884,0.0914589065048081
right_step,token,0.0,60.0,60.0,1,23786,11724,0.4795698709911282,0.49948663371262847,-0.01991676272150028,0.01991676272150028,0.03987446585599539,0.043452737537426615,0.08699479546519046
right_step,object,0.0,72.0,72.0,0,23786,11724,0.48699971137625825,0.496629356575907,-0.009629645199648762,0.009629645199648762,0.019390003978101374,0.045421177890618884,0.0914589065048081
right_step,token,0.0,72.0,72.0,0,23786,11724,0.4795698709911282,0.49948663371262847,-0.01991676272150028,0.01991676272150028,0.03987446585599539,0.043452737537426615,0.08699479546519046
right_step,object,0.0,90.0,90.0,0,23786,11724,0.48699971137625825,0.496629356575907,-0.009629645199648762,0.009629645199648762,0.019390003978101374,0.045421177890618884,0.0914589065048081
right_step,token,0.0,90.0,90.0,0,23786,11724,0.4795698709911282,0.49948663371262847,-0.01991676272150028,0.01991676272150028,0.03987446585599539,0.043452737537426615,0.08699479546519046
right_step,object,0.0,120.0,120.0,0,23786,11724,0.48699971137625825,0.496629356575907,-0.009629645199648762,0.009629645199648762,0.019390003978101374,0.045421177890618884,0.0914589065048081
right_step,token,0.0,120.0,120.0,0,23786,11724,0.4795698709911282,0.49948663371262847,-0.01991676272150028,0.01991676272150028,0.03987446585599539,0.043452737537426615,0.08699479546519046
right_step,object,0.0,150.0,150.0,0,23786,11724,0.48699971137625825,0.496629356575907,-0.009629645199648762,0.009629645199648762,0.019390003978101374,0.045421177890618884,0.0914589065048081
right_step,token,0.0,150.0,150.0,0,23786,11724,0.4795698709911282,0.49948663371262847,-0.01991676272150028,0.01991676272150028,0.03987446585599539,0.043452737537426615,0.08699479546519046
right_step,object,0.0,168.0,168.0,0,23786,11724,0.48699971137625825,0.496629356575907,-0.009629645199648762,0.009629645199648762,0.019390003978101374,0.045421177890618884,0.0914589065048081
right_step,token,0.0,168.0,168.0,0,23786,11724,0.4795698709911282,0.49948663371262847,-0.01991676272150028,0.01991676272150028,0.03987446585599539,0.043452737537426615,0.08699479546519046
right_step,object,0.0,180.0,180.0,1,23786,11724,0.48730529670557093,0.496629356575907,-0.009324059870336077,0.009324059870336077,0.01877468527962653,0.045013634959217466,0.09063828862146087
right_step,token,0.0,180.0,180.0,1,23786,11724,0.4797874458431298,0.49948663371262847,-0.019699187869498647,0.019699187869498647,0.03943886891041864,0.04358376006308928,0.08725710984323255
right_step,object,0.0,222.0,222.0,0,23786,11724,0.48730529670557093,0.496629356575907,-0.009324059870336077,0.009324059870336077,0.01877468527962653,0.045013634959217466,0.09063828862146087
right_step,token,0.0,222.0,222.0,0,23786,11724,0.4797874458431298,0.49948663371262847,-0.019699187869498647,0.019699187869498647,0.03943886891041864,0.04358376006308928,0.08725710984323255
right_step,object,0.0,285.0,285.0,0,23786,11724,0.48730529670557093,0.496629356575907,-0.009324059870336077,0.009324059870336077,0.01877468527962653,0.045013634959217466,0.09063828862146087
right_step,token,0.0,285.0,285.0,0,23786,11724,0.4797874458431298,0.49948663371262847,-0.019699187869498647,0.019699187869498647,0.03943886891041864,0.04358376006308928,0.08725710984323255
right_step,object,0.0,390.0,390.0,0,23786,11724,0.48730529670557093,0.496629356575907,-0.009324059870336077,0.009324059870336077,0.01877468527962653,0.045013634959217466,0.09063828862146087
right_step,token,0.0,390.0,390.0,0,23786,11724,0.4797874458431298,0.49948663371262847,-0.019699187869498647,0.019699187869498647,0.03943886891041864,0.04358376006308928,0.08725710984323255
right_step,object,0.0,495.0,495.0,0,23786,11724,0.48730529670557093,0.496629356575907,-0.009324059870336077,0.009324059870336077,0.01877468527962653,0.045013634959217466,0.09063828862146087
right_step,token,0.0,495.0,495.0,0,23786,11724,0.4797874458431298,0.49948663371262847,-0.019699187869498647,0.019699187869498647,0.03943886891041864,0.04358376006308928,0.08725710984323255
right_step,object,0.0,558.0,558.0,0,23786,11724,0.48730529670557093,0.496629356575907,-0.009324059870336077,0.009324059870336077,0.01877468527962653,0.045013634959217466,0.09063828862146087
right_step,token,0.0,558.0,558.0,0,23786,11724,0.4797874458431298,0.49948663371262847,-0.019699187869498647,0.019699187869498647,0.03943886891041864,0.04358376006308928,0.08725710984323255
right_step,object,0.0,600.0,600.0,1,23786,11724,0.4876448853976961,0.496629356575907,-0.008984471178210884,0.008984471178210884,0.018090898291143725,0.04501909268469279,0.09064927815601628
right_step,token,0.0,600.0,600.0,1,23786,11724,0.48001474186404897,0.49948663371262847,-0.019471891848579503,0.019471891848579503,0.03898380964440851,0.04353281640524544,0.08715511780900095
right_step,object,0.0,720.0,720.0,0,23786,11724,0.4876448853976961,0.496629356575907,-0.008984471178210884,0.008984471178210884,0.018090898291143725,0.04501909268469279,0.09064927815601628
right_step,token,0.0,720.0,720.0,0,23786,11724,0.48001474186404897,0.49948663371262847,-0.019471891848579503,0.019471891848579503,0.03898380964440851,0.04353281640524544,0.08715511780900095
right_step,object,0.0,900.0,900.0,0,23786,11724,0.4876448853976961,0.496629356575907,-0.008984471178210884,0.008984471178210884,0.018090898291143725,0.04501909268469279,0.09064927815601628
right_step,token,0.0,900.0,900.0,0,23786,11724,0.48001474186404897,0.49948663371262847,-0.019471891848579503,0.019471891848579503,0.03898380964440851,0.04353281640524544,0.08715511780900095
right_step,object,0.0,1200.0,1200.0,0,23786,11724,0.4876448853976961,0.496629356575907,-0.008984471178210884,0.008984471178210884,0.018090898291143725,0.04501909268469279,0.09064927815601628
right_step,token,0.0,1200.0,1200.0,0,23786,11724,0.48001474186404897,0.49948663371262847,-0.019471891848579503,0.019471891848579503,0.03898380964440851,0.04353281640524544,0.08715511780900095
right_step,object,0.0,1500.0,1500.0,0,23786,11724,0.4876448853976961,0.496629356575907,-0.008984471178210884,0.008984471178210884,0.018090898291143725,0.04501909268469279,0.09064927815601628
right_step,token,0.0,1500.0,1500.0,0,23786,11724,0.48001474186404897,0.49948663371262847,-0.019471891848579503,0.019471891848579503,0.03898380964440851,0.04353281640524544,0.08715511780900095
right_step,object,0.0,1680.0,1680.0,0,23786,11724,0.4876448853976961,0.496629356575907,-0.008984471178210884,0.008984471178210884,0.018090898291143725,0.04501909268469279,0.09064927815601628
right_step,token,0.0,1680.0,1680.0,0,23786,11724,0.48001474186404897,0.49948663371262847,-0.019471891848579503,0.019471891848579503,0.03898380964440851,0.04353281640524544,0.08715511780900095
right_step,object,0.0,1800.0,1800.0,1,23786,11724,0.4880361596971355,0.496629356575907,-0.008593196878771525,0.008593196878771525,0.017303038503439946,0.04459372084869346,0.08979276045248759
right_step,token,0.0,1800.0,1800.0,1,23786,11724,0.4802877517978112,0.49948663371262847,-0.01919888191481728,0.01919888191481728,0.03843722858430491,0.04418673514047376,0.0884642994589038
right_step,object,0.0,2340.0,2340.0,0,23786,11724,0.4880361596971355,0.496629356575907,-0.008593196878771525,0.008593196878771525,0.017303038503439946,0.04459372084869346,0.08979276045248759
right_step,token,0.0,2340.0,2340.0,0,23786,11724,0.4802877517978112,0.49948663371262847,-0.01919888191481728,0.01919888191481728,0.03843722858430491,0.04418673514047376,0.0884642994589038
right_step,object,0.0,3150.0,3150.0,0,23786,11724,0.4880361596971355,0.496629356575907,-0.008593196878771525,0.008593196878771525,0.017303038503439946,0.04459372084869346,0.08979276045248759
right_step,token,0.0,3150.0,3150.0,0,23786,11724,0.4802877517978112,0.49948663371262847,-0.01919888191481728,0.01919888191481728,0.03843722858430491,0.04418673514047376,0.0884642994589038
right_step,object,0.0,4500.0,4500.0,0,23786,11866,0.4880361596971355,0.5027759410944572,-0.014739781397321738,0.014739781397321738,0.0293167993783389,0.04869326416430487,0.09684883500651992
right_step,token,0.0,4500.0,4500.0,0,23786,11866,0.4802877517978112,0.5018334662481468,-0.02154571445033565,0.02154571445033565,0.04293399284710461,0.04449350753948707,0.08866189788443861
right_step,object,0.0,5850.0,5850.0,0,23786,11866,0.4880361596971355,0.5027759410944572,-0.014739781397321738,0.014739781397321738,0.0293167993783389,0.04869326416430487,0.09684883500651992
right_step,token,0.0,5850.0,5850.0,0,23786,11866,0.4802877517978112,0.5018334662481468,-0.02154571445033565,0.02154571445033565,0.04293399284710461,0.04449350753948707,0.08866189788443861
right_step,object,0.0,6660.0,6660.0,0,23786,11866,0.4880361596971355,0.5027759410944572,-0.014739781397321738,0.014739781397321738,0.0293167993783389,0.04869326416430487,0.09684883500651992
right_step,token,0.0,6660.0,6660.0,0,23786,11866,0.4802877517978112,0.5018334662481468,-0.02154571445033565,0.02154571445033565,0.04293399284710461,0.04449350753948707,0.08866189788443861
right_step,object,0.0,7200.0,7200.0,1,23786,11866,0.5018905102556559,0.5027759410944572,-0.0008854308388013266,0.0008854308388013266,0.0017610843447956063,0.04523568253215486,0.08997185194200924
right_step,token,0.0,7200.0,7200.0,1,23786,11866,0.48470661409186033,0.5018334662481468,-0.01712685215628651,0.01712685215628651,0.03412855719713523,0.03708256083650334,0.07389415678819383
right_step,object,5.0,5.5,0.5,0,18325,670,0.0,0.03658241911665194,-0.03658241911665194,0.03658241911665194,1.0,0.03656716072791172,0.9995829037797754
right_step,token,5.0,5.5,0.5,0,18325,670,0.0,0.03290527089467554,-0.03290527089467554,0.03290527089467554,1.0,0.032901129688470705,0.9998741476337304
right_step,object,5.0,6.25,1.25,0,18325,1314,0.0,0.07174683320012931,-0.07174683320012931,0.07174683320012931,1.0,0.07172838193015314,0.9997428280921514
right_step,token,5.0,6.25,1.25,0,18325,1314,0.0,0.06605088566789508,-0.06605088566789508,0.06605088566789508,1.0,0.06603834667994748,0.9998101616985026
right_step,object,5.0,7.5,2.5,0,18325,2414,0.0,0.13191103338160481,-0.13191103338160481,0.13191103338160481,1.0,0.13180552022876343,0.9992001188214776
right_step,token,5.0,7.5,2.5,0,18325,2414,0.0,0.13489136515163624,-0.13489136515163624,0.13489136515163624,1.0,0.1347854556775483,0.9992148535677662
right_step,object,5.0,8.75,3.75,0,18325,3171,0.0,0.1734288086994038,-0.1734288086994038,0.1734288086994038,1.0,0.17336762656393132,0.9996472204593267
right_step,token,5.0,8.75,3.75,0,18325,3171,0.0,0.17660697521008606,-0.17660697521008606,0.17660697521008606,1.0,0.17660976056701544,1.0000157715001123
right_step,object,5.0,9.5,4.5,0,18325,3433,0.0,0.18779823688072927,-0.18779823688072927,0.18779823688072927,1.0,0.1878723795703918,1.0003947997110836
right_step,token,5.0,9.5,4.5,0,18325,3433,0.0,0.18858172601821688,-0.18858172601821688,0.18858172601821688,1.0,0.1885868330774775,1.0000270814111656
right_step,object,5.0,10.0,5.0,1,18325,3628,0.18764476143659992,0.1984930402981282,-0.010848278861528282,0.010848278861528282,0.05465319512076909,0.03535902983045305,0.1781373784055364
right_step,token,5.0,10.0,5.0,1,18325,3628,0.19321229640955484,0.19658518586831508,-0.003372889458760242,0.003372889458760242,0.01715739384868813,0.022592779317860176,0.11492615386082153
right_step,object,5.0,11.0,6.0,0,18325,3827,0.18764476143659992,0.2094072242984476,-0.021762462861847687,0.021762462861847687,0.10392412647059292,0.04014642982996659,0.1917146362283558
right_step,token,5.0,11.0,6.0,0,18325,3827,0.19321229640955484,0.21560250411047666,-0.022390207700921816,0.022390207700921816,0.1038494788977445,0.03851201585770417,0.1786250860888437
right_step,object,5.0,12.5,7.5,0,18325,4528,0.18764476143659992,0.24787235032334953,-0.06022758888674962,0.06022758888674962,0.2429782458922212,0.06386003511636933,0.257632749409379
right_step,token,5.0,12.5,7.5,0,18325,4528,0.19321229640955484,0.25036677140847263,-0.05715447499891779,0.05715447499891779,0.2282829893016052,0.06593924384815912,0.26337058818631903
right_step,object,5.0,15.0,10.0,0,18325,4998,0.18764476143659992,0.273662092451315,-0.08601733101471509,0.08601733101471509,0.31431949615023036,0.0862276378834152,0.3150879871999636
right_step,token,5.0,15.0,10.0,0,18325,4998,0.19321229640955484,0.2746372838186888,-0.08142498740913395,0.08142498740913395,0.296481913442202,0.0816645794094217,0.2973543077397145
right_step,object,5.0,17.5,12.5,0,18325,5454,0.18764476143659992,0.2986991313909453,-0.11105436995434537,0.11105436995434537,0.37179341445420705,0.11136695314083075,0.37283989619330615
right_step,token,5.0,17.5,12.5,0,18325,5454,0.19321229640955484,0.3004921421950687,-0.10727984578551386,0.10727984578551386,0.35701381407794563,0.10762422489828641,0.3581598643881364
right_step,object,5.0,19.0,14.0,0,18325,5531,0.18764476143659992,0.30293111939117234,-0.11528635795457243,0.11528635795457243,0.3805695439487158,0.11560523270947276,0.38162217517241176
right_step,token,5.0,19.0,14.0,0,18325,5531,0.19321229640955484,0.30548309499270276,-0.11227079858314792,0.11227079858314792,0.3675188592214237,0.11261217288246406,0.36863634920666916
right_step,object,5.0,20.0,15.0,1,18325,5598,0.31527719148426203,0.30661349856020115,0.008663692924060884,0.008663692924060884,0.028256071453944275,0.061171070976801606,0.19950547273374902
right_step,token,5.0,20.0,15.0,1,18325,5598,0.3307107367630394,0.311406232887775,0.01930450387526439,0.01930450387526439,0.06199138564519796,0.03378218230406494,0.10848267868883474
right_step,object,5.0,24.0,19.0,0,18325,5887,0.31527719148426203,0.3224982601207128,-0.007221068636450778,0.007221068636450778,0.022391031299666218,0.06102353622788207,0.18922128821730894
right_step,token,5.0,24.0,19.0,0,18325,5887,0.3307107367630394,0.338206994663086,-0.007496257900046599,0.007496257900046599,0.02216470391901326,0.03590345923472055,0.1061582397800103
right_step,object,5.0,30.0,25.0,0,18325,6189,0.31527719148426203,0.3391523960803521,-0.02387520459609005,0.02387520459609005,0.07039668559626962,0.05696174364315683,0.16795323960990516
right_step,token,5.0,30.0,25.0,0,18325,6189,0.3307107367630394,0.35511311971687887,-0.024402382953839452,0.024402382953839452,0.06871721037311927,0.043919581744347264,0.12367772212798851
right_step,object,5.0,40.0,35.0,0,18325,6352,0.31527719148426203,0.3482165265935152,-0.032939335109253176,0.032939335109253176,0.09459440489941008,0.06305883401070583,0.1810908707509926
right_step,token,5.0,40.0,35.0,0,18325,6352,0.3307107367630394,0.36685437119863484,-0.03614363443559543,0.03614363443559543,0.09852311236609283,0.05556029058379739,0.15145053445121426
right_step,object,5.0,50.0,45.0,0,18325,6383,0.31527719148426203,0.34994939860686014,-0.03467220712259811,0.03467220712259811,0.09907777313127927,0.06334997673357509,0.1810261054477298
right_step,token,5.0,50.0,45.0,0,18325,6383,0.3307107367630394,0.36889056712988466,-0.03817983036684525,0.03817983036684525,0.1034990692874028,0.057326255250349116,0.15540179218018554
right_step,object,5.0,56.0,51.0,0,18325,6383,0.31527719148426203,0.34994939860686014,-0.03467220712259811,0.03467220712259811,0.09907777313127927,0.06334997673357509,0.1810261054477298
right_step,token,5.0,56.0,51.0,0,18325,6383,0.3307107367630394,0.36889056712988466,-0.03817983036684525,0.03817983036684525,0.1034990692874028,0.057326255250349116,0.15540179218018554
right_step,object,5.0,60.0,55.0,1,18325,6383,0.34973512665980483,0.34994939860686014,-0.00021427194705531116,0.00021427194705531116,0.000612294085683023,0.049776930517616766,0.14224036593798273
right_step,token,5.0,60.0,55.0,1,18325,6383,0.3649967613751986,0.36889056712988466,-0.003893805754686064,0.003893805754686064,0.010555449506289687,0.03628911028731586,0.09837364660652499
right_step,object,5.0,72.0,67.0,0,18325,6383,0.34973512665980483,0.34994939860686014,-0.00021427194705531116,0.00021427194705531116,0.000612294085683023,0.049776930517616766,0.14224036593798273
right_step,token,5.0,72.0,67.0,0,18325,6383,0.3649967613751986,0.36889056712988466,-0.003893805754686064,0.003893805754686064,0.010555449506289687,0.03628911028731586,0.09837364660652499
right_step,object,5.0,90.0,85.0,0,18325,6383,0.34973512665980483,0.34994939860686014,-0.00021427194705531116,0.00021427194705531116,0.000612294085683023,0.049776930517616766,0.14224036593798273
right_step,token,5.0,90.0,85.0,0,18325,6383,0.3649967613751986,0.36889056712988466,-0.003893805754686064,0.003893805754686064,0.010555449506289687,0.03628911028731586,0.09837364660652499
right_step,object,5.0,120.0,115.0,0,18325,6383,0.34973512665980483,0.34994939860686014,-0.00021427194705531116,0.00021427194705531116,0.000612294085683023,0.049776930517616766,0.14224036593798273
right_step,token,5.0,120.0,115.0,0,18325,6383,0.3649967613751986,0.36889056712988466,-0.003893805754686064,0.003893805754686064,0.010555449506289687,0.03628911028731586,0.09837364660652499
right_step,object,5.0,150.0,145.0,0,18325,6383,0.34973512665980483,0.34994939860686014,-0.00021427194705531116,0.00021427194705531116,0.000612294085683023,0.049776930517616766,0.14224036593798273
right_step,token,5.0,150.0,145.0,0,18325,6383,0.3649967613751986,0.36889056712988466,-0.003893805754686064,0.003893805754686064,0.010555449506289687,0.03628911028731586,0.09837364660652499
right_step,object,5.0,168.0,163.0,0,18325,6383,0.34973512665980483,0.34994939860686014,-0.00021427194705531116,0.00021427194705531116,0.000612294085683023,0.049776930517616766,0.14224036593798273
right_step,token,5.0,168.0,163.0,0,18325,6383,0.3649967613751986,0.36889056712988466,-0.003893805754686064,0.003893805754686064,0.010555449506289687,0.03628911028731586,0.09837364660652499
right_step,object,5.0,180.0,175.0,1,18325,6383,0.35010906164746686,0.34994939860686014,0.00015966304060671677,0.00015966304060671677,0.0004562460779825065,0.04933332375188255,0.14097273476759006
right_step,token,5.0,180.0,175.0,1,18325,6383,0.36525742908223546,0.36889056712988466,-0.003633138047649198,0.003633138047649198,0.009848823394744022,0.03756697163458598,0.10183771281242554
right_step,object,5.0,222.0,217.0,0,18325,6383,0.35010906164746686,0.34994939860686014,0.00015966304060671677,0.00015966304060671677,0.0004562460779825065,0.04933332375188255,0.14097273476759006
right_step,token,5.0,222.0,217.0,0,18325,6383,0.36525742908223546,0.36889056712988466,-0.003633138047649198,0.003633138047649198,0.009848823394744022,0.03756697163458598,0.10183771281242554
right_step,object,5.0,285.0,280.0,0,18325,6383,0.35010906164746686,0.34994939860686014,0.00015966304060671677,0.00015966304060671677,0.0004562460779825065,0.04933332375188255,0.14097273476759006
right_step,token,5.0,285.0,280.0,0,18325,6383,0.36525742908223546,0.36889056712988466,-0.003633138047649198,0.003633138047649198,0.009848823394744022,0.03756697163458598,0.10183771281242554
right_step,object,5.0,390.0,385.0,0,18325,6383,0.35010906164746686,0.34994939860686014,0.00015966304060671677,0.00015966304060671677,0.0004562460779825065,0.04933332375188255,0.14097273476759006
right_step,token,5.0,390.0,385.0,0,18325,6383,0.36525742908223546,0.36889056712988466,-0.003633138047649198,0.003633138047649198,0.009848823394744022,0.03756697163458598,0.10183771281242554
right_step,object,5.0,495.0,490.0,0,18325,6383,0.35010906164746686,0.34994939860686014,0.00015966304060671677,0.00015966304060671677,0.0004562460779825065,0.04933332375188255,0.14097273476759006
right_step,token,5.0,495.0,490.0,0,18325,6383,0.36525742908223546,0.36889056712988466,-0.003633138047649198,0.003633138047649198,0.009848823394744022,0.03756697163458598,0.10183771281242554
right_step,object,5.0,558.0,553.0,0,18325,6383,0.35010906164746686,0.34994939860686014,0.00015966304060671677,0.00015966304060671677,0.0004562460779825065,0.04933332375188255,0.14097273476759006
right_step,token,5.0,558.0,553.0,0,18325,6383,0.36525742908223546,0.36889056712988466,-0.003633138047649198,0.003633138047649198,0.009848823394744022,0.03756697163458598,0.10183771281242554
right_step,object,5.0,600.0,595.0,1,18325,6383,0.35052341825061295,0.34994939860686014,0.00057401964375281,0.00057401964375281,0.0016402932710785272,0.04881361634612908,0.13948764175750802
right_step,token,5.0,600.0,595.0,1,18325,6383,0.3655297670216729,0.36889056712988466,-0.00336080010821177,0.00336080010821177,0.009110561254954637,0.036652263976274344,0.0993580948991012
right_step,object,5.0,720.0,715.0,0,18325,6383,0.35052341825061295,0.34994939860686014,0.00057401964375281,0.00057401964375281,0.0016402932710785272,0.04881361634612908,0.13948764175750802
right_step,token,5.0,720.0,715.0,0,18325,6383,0.3655297670216729,0.36889056712988466,-0.00336080010821177,0.00336080010821177,0.009110561254954637,0.036652263976274344,0.0993580948991012
right_step,object,5.0,900.0,895.0,0,18325,6383,0.35052341825061295,0.34994939860686014,0.00057401964375281,0.00057401964375281,0.0016402932710785272,0.04881361634612908,0.13948764175750802
right_step,token,5.0,900.0,895.0,0,18325,6383,0.3655297670216729,0.36889056712988466,-0.00336080010821177,0.00336080010821177,0.009110561254954637,0.036652263976274344,0.0993580948991012
right_step,object,5.0,1200.0,1195.0,0,18325,6383,0.35052341825061295,0.34994939860686014,0.00057401964375281,0.00057401964375281,0.0016402932710785272,0.04881361634612908,0.13948764175750802
right_step,token,5.0,1200.0,1195.0,0,18325,6383,0.3655297670216729,0.36889056712988466,-0.00336080010821177,0.00336080010821177,0.009110561254954637,0.036652263976274344,0.0993580948991012
right_step,object,5.0,1500.0,1495.0,0,18325,6383,0.35052341825061295,0.34994939860686014,0.00057401964375281,0.00057401964375281,0.0016402932710785272,0.04881361634612908,0.13948764175750802
right_step,token,5.0,1500.0,1495.0,0,18325,6383,0.3655297670216729,0.36889056712988466,-0.00336080010821177,0.00336080010821177,0.009110561254954637,0.036652263976274344,0.0993580948991012
right_step,object,5.0,1680.0,1675.0,0,18325,6383,0.35052341825061295,0.34994939860686014,0.00057401964375281,0.00057401964375281,0.0016402932710785272,0.04881361634612908,0.13948764175750802
right_step,token,5.0,1680.0,1675.0,0,18325,6383,0.3655297670216729,0.36889056712988466,-0.00336080010821177,0.00336080010821177,0.009110561254954637,0.036652263976274344,0.0993580948991012
right_step,object,5.0,1800.0,1795.0,1,18325,6383,0.35100404458411655,0.34994939860686014,0.0010546459772564076,0.0010546459772564076,0.00301370992907811,0.047790989527265446,0.13656542836627292
right_step,token,5.0,1800.0,1795.0,1,18325,6383,0.36585727123376716,0.36889056712988466,-0.003033295896117505,0.003033295896117505,0.008222752670846949,0.037546366959074595,0.10178185701846557
right_step,object,5.0,2340.0,2335.0,0,18325,6383,0.35100404458411655,0.34994939860686014,0.0010546459772564076,0.0010546459772564076,0.00301370992907811,0.047790989527265446,0.13656542836627292
right_step,token,5.0,2340.0,2335.0,0,18325,6383,0.36585727123376716,0.36889056712988466,-0.003033295896117505,0.003033295896117505,0.008222752670846949,0.037546366959074595,0.10178185701846557
right_step,object,5.0,3150.0,3145.0,0,18325,6383,0.35100404458411655,0.34994939860686014,0.0010546459772564076,0.0010546459772564076,0.00301370992907811,0.047790989527265446,0.13656542836627292
right_step,token,5.0,3150.0,3145.0,0,18325,6383,0.36585727123376716,0.36889056712988466,-0.003033295896117505,0.003033295896117505,0.008222752670846949,0.037546366959074595,0.10178185701846557
right_step,object,5.0,4500.0,4495.0,0,18325,6525,0.35100404458411655,0.35788707040992374,-0.0068830258258071875,0.0068830258258071875,0.019232395900537484,0.053291274575695484,0.1489052804133317
right_step,token,5.0,4500.0,4495.0,0,18325,6525,0.36585727123376716,0.3718497451464846,-0.005992473912717455,0.005992473912717455,0.01611530998994449,0.03831043422075437,0.10302665181513719
right_step,object,5.0,5850.0,5845.0,0,18325,6525,0.35100404458411655,0.35788707040992374,-0.0068830258258071875,0.0068830258258071875,0.019232395900537484,0.053291274575695484,0.1489052804133317
right_step,token,5.0,5850.0,5845.0,0,18325,6525,0.36585727123376716,0.3718497451464846,-0.005992473912717455,0.005992473912717455,0.01611530998994449,0.03831043422075437,0.10302665181513719
right_step,object,5.0,6660.0,6655.0,0,18325,6525,0.35100404458411655,0.35788707040992374,-0.0068830258258071875,0.0068830258258071875,0.019232395900537484,0.053291274575695484,0.1489052804133317
right_step,token,5.0,6660.0,6655.0,0,18325,6525,0.36585727123376716,0.3718497451464846,-0.005992473912717455,0.005992473912717455,0.01611530998994449,0.03831043422075437,0.10302665181513719
right_step,object,5.0,7200.0,7195.0,1,18325,6525,0.3658778470650201,0.35788707040992374,0.007990776655096343,0.007990776655096343,0.02232764834433306,0.04979784701540928,0.13914402372337967
right_step,token,5.0,7200.0,7195.0,1,18325,6525,0.37051528217218826,0.3718497451464846,-0.0013344629742963465,0.0013344629742963465,0.003588715581264295,0.03607949419606922,0.09702707791787311
right_step,object,20.0,24.0,4.0,0,12616,289,0.0,0.02290895702112361,-0.02290895702112361,0.02290895702112361,1.0,0.022907419150285338,0.99993287032505
right_step,token,20.0,24.0,4.0,0,12616,289,0.0,0.03892100546844346,-0.03892100546844346,0.03892100546844346,1.0,0.03890285882509057,0.9995337570770724
right_step,object,20.0,30.0,10.0,0,12616,591,0.0,0.04692750356775677,-0.04692750356775677,0.04692750356775677,1.0,0.04701135368541835,1.001786801156821
right_step,token,20.0,30.0,10.0,0,12616,591,0.0,0.06347267273765544,-0.06347267273765544,0.06347267273765544,1.0,0.06362272227128249,1.0023640021312357
right_step,object,20.0,40.0,20.0,0,12616,754,0.0,0.05999976628752679,-0.05999976628752679,0.05999976628752679,1.0,0.0600524526820575,1.0008781099959327
right_step,token,20.0,40.0,20.0,0,12616,754,0.0,0.08052372960532905,-0.08052372960532905,0.08052372960532905,1.0,0.08090094375173953,1.0046845091286671
right_step,object,20.0,50.0,30.0,0,12616,785,0.0,0.06249890927595614,-0.06249890927595614,0.06249890927595614,1.0,0.06303891644951014,1.0086402655631903
right_step,token,20.0,50.0,30.0,0,12616,785,0.0,0.0834807646940855,-0.0834807646940855,0.0834807646940855,1.0,0.08432733455265876,1.0101408972674784
right_step,object,20.0,56.0,36.0,0,12616,785,0.0,0.06249890927595614,-0.06249890927595614,0.06249890927595614,1.0,0.06303891644951014,1.0086402655631903
right_step,token,20.0,56.0,36.0,0,12616,785,0.0,0.0834807646940855,-0.0834807646940855,0.0834807646940855,1.0,0.08432733455265876,1.0101408972674784
right_step,object,20.0,60.0,40.0,1,12616,785,0.05374556478701,0.06249890927595614,-0.008753344488946137,0.008753344488946137,0.14005595602151769,0.015433156597120993,0.24693481495777495
right_step,token,20.0,60.0,40.0,1,12616,785,0.053614922020652045,0.0834807646940855,-0.02986584267343345,0.02986584267343345,0.35775717655290484,0.03183610547535454,0.38135857514024524
right_step,object,20.0,72.0,52.0,0,12616,785,0.05374556478701,0.06249890927595614,-0.008753344488946137,0.008753344488946137,0.14005595602151769,0.015433156597120993,0.24693481495777495
right_step,token,20.0,72.0,52.0,0,12616,785,0.053614922020652045,0.0834807646940855,-0.02986584267343345,0.02986584267343345,0.35775717655290484,0.03183610547535454,0.38135857514024524
right_step,object,20.0,90.0,70.0,0,12616,785,0.05374556478701,0.06249890927595614,-0.008753344488946137,0.008753344488946137,0.14005595602151769,0.015433156597120993,0.24693481495777495
right_step,token,20.0,90.0,70.0,0,12616,785,0.053614922020652045,0.0834807646940855,-0.02986584267343345,0.02986584267343345,0.35775717655290484,0.03183610547535454,0.38135857514024524
right_step,object,20.0,120.0,100.0,0,12616,785,0.05374556478701,0.06249890927595614,-0.008753344488946137,0.008753344488946137,0.14005595602151769,0.015433156597120993,0.24693481495777495
right_step,token,20.0,120.0,100.0,0,12616,785,0.053614922020652045,0.0834807646940855,-0.02986584267343345,0.02986584267343345,0.35775717655290484,0.03183610547535454,0.38135857514024524
right_step,object,20.0,150.0,130.0,0,12616,785,0.05374556478701,0.06249890927595614,-0.008753344488946137,0.008753344488946137,0.14005595602151769,0.015433156597120993,0.24693481495777495
right_step,token,20.0,150.0,130.0,0,12616,785,0.053614922020652045,0.0834807646940855,-0.02986584267343345,0.02986584267343345,0.35775717655290484,0.03183610547535454,0.38135857514024524
right_step,object,20.0,168.0,148.0,0,12616,785,0.05374556478701,0.06249890927595614,-0.008753344488946137,0.008753344488946137,0.14005595602151769,0.015433156597120993,0.24693481495777495
right_step,token,20.0,168.0,148.0,0,12616,785,0.053614922020652045,0.0834807646940855,-0.02986584267343345,0.02986584267343345,0.35775717655290484,0.03183610547535454,0.38135857514024524
right_step,object,20.0,180.0,160.0,1,12616,785,0.05429608736591766,0.06249890927595614,-0.008202821910038481,0.008202821910038481,0.13124744103644984,0.014940627071861735,0.23905420502449506
right_step,token,20.0,180.0,160.0,1,12616,785,0.05401385444518806,0.0834807646940855,-0.029466910248897436,0.029466910248897436,0.35297844188273386,0.03148855635749701,0.3771953512031968
right_step,object,20.0,222.0,202.0,0,12616,785,0.05429608736591766,0.06249890927595614,-0.008202821910038481,0.008202821910038481,0.13124744103644984,0.014940627071861735,0.23905420502449506
right_step,token,20.0,222.0,202.0,0,12616,785,0.05401385444518806,0.0834807646940855,-0.029466910248897436,0.029466910248897436,0.35297844188273386,0.03148855635749701,0.3771953512031968
right_step,object,20.0,285.0,265.0,0,12616,785,0.05429608736591766,0.06249890927595614,-0.008202821910038481,0.008202821910038481,0.13124744103644984,0.014940627071861735,0.23905420502449506
right_step,token,20.0,285.0,265.0,0,12616,785,0.05401385444518806,0.0834807646940855,-0.029466910248897436,0.029466910248897436,0.35297844188273386,0.03148855635749701,0.3771953512031968
right_step,object,20.0,390.0,370.0,0,12616,785,0.05429608736591766,0.06249890927595614,-0.008202821910038481,0.008202821910038481,0.13124744103644984,0.014940627071861735,0.23905420502449506
right_step,token,20.0,390.0,370.0,0,12616,785,0.05401385444518806,0.0834807646940855,-0.029466910248897436,0.029466910248897436,0.35297844188273386,0.03148855635749701,0.3771953512031968
right_step,object,20.0,495.0,475.0,0,12616,785,0.05429608736591766,0.06249890927595614,-0.008202821910038481,0.008202821910038481,0.13124744103644984,0.014940627071861735,0.23905420502449506
right_step,token,20.0,495.0,475.0,0,12616,785,0.05401385444518806,0.0834807646940855,-0.029466910248897436,0.029466910248897436,0.35297844188273386,0.03148855635749701,0.3771953512031968
right_step,object,20.0,558.0,538.0,0,12616,785,0.05429608736591766,0.06249890927595614,-0.008202821910038481,0.008202821910038481,0.13124744103644984,0.014940627071861735,0.23905420502449506
right_step,token,20.0,558.0,538.0,0,12616,785,0.05401385444518806,0.0834807646940855,-0.029466910248897436,0.029466910248897436,0.35297844188273386,0.03148855635749701,0.3771953512031968
right_step,object,20.0,600.0,580.0,1,12616,785,0.054907991390306714,0.06249890927595614,-0.0075909178856494244,0.0075909178856494244,0.12145680578412454,0.014626225893749033,0.23402369838437911
right_step,token,20.0,600.0,580.0,1,12616,785,0.0544324702804029,0.0834807646940855,-0.029048294413682597,0.029048294413682597,0.3479639234275082,0.03130048871338878,0.374942525120477
right_step,object,20.0,720.0,700.0,0,12616,785,0.054907991390306714,0.06249890927595614,-0.0075909178856494244,0.0075909178856494244,0.12145680578412454,0.014626225893749033,0.23402369838437911
right_step,token,20.0,720.0,700.0,0,12616,785,0.0544324702804029,0.0834807646940855,-0.029048294413682597,0.029048294413682597,0.3479639234275082,0.03130048871338878,0.374942525120477
right_step,object,20.0,900.0,880.0,0,12616,785,0.054907991390306714,0.06249890927595614,-0.0075909178856494244,0.0075909178856494244,0.12145680578412454,0.014626225893749033,0.23402369838437911
right_step,token,20.0,900.0,880.0,0,12616,785,0.0544324702804029,0.0834807646940855,-0.029048294413682597,0.029048294413682597,0.3479639234275082,0.03130048871338878,0.374942525120477
right_step,object,20.0,1200.0,1180.0,0,12616,785,0.054907991390306714,0.06249890927595614,-0.0075909178856494244,0.0075909178856494244,0.12145680578412454,0.014626225893749033,0.23402369838437911
right_step,token,20.0,1200.0,1180.0,0,12616,785,0.0544324702804029,0.0834807646940855,-0.029048294413682597,0.029048294413682597,0.3479639234275082,0.03130048871338878,0.374942525120477
right_step,object,20.0,1500.0,1480.0,0,12616,785,0.054907991390306714,0.06249890927595614,-0.0075909178856494244,0.0075909178856494244,0.12145680578412454,0.014626225893749033,0.23402369838437911
right_step,token,20.0,1500.0,1480.0,0,12616,785,0.0544324702804029,0.0834807646940855,-0.029048294413682597,0.029048294413682597,0.3479639234275082,0.03130048871338878,0.374942525120477
right_step,object,20.0,1680.0,1660.0,0,12616,785,0.054907991390306714,0.06249890927595614,-0.0075909178856494244,0.0075909178856494244,0.12145680578412454,0.014626225893749033,0.23402369838437911
right_step,token,20.0,1680.0,1660.0,0,12616,785,0.0544324702804029,0.0834807646940855,-0.029048294413682597,0.029048294413682597,0.3479639234275082,0.03130048871338878,0.374942525120477
right_step,object,20.0,1800.0,1780.0,1,12616,785,0.055617094274572905,0.06249890927595614,-0.006881815001383233,0.006881815001383233,0.11011096163290526,0.013810101081591893,0.2209654735031473
right_step,token,20.0,1800.0,1780.0,1,12616,785,0.05493434668014582,0.0834807646940855,-0.02854641801393968,0.02854641801393968,0.3419520427076557,0.030797288172684407,0.3689147827711065
right_step,object,20.0,2340.0,2320.0,0,12616,785,0.055617094274572905,0.06249890927595614,-0.006881815001383233,0.006881815001383233,0.11011096163290526,0.013810101081591893,0.2209654735031473
right_step,token,20.0,2340.0,2320.0,0,12616,785,0.05493434668014582,0.0834807646940855,-0.02854641801393968,0.02854641801393968,0.3419520427076557,0.030797288172684407,0.3689147827711065
right_step,object,20.0,3150.0,3130.0,0,12616,785,0.055617094274572905,0.06249890927595614,-0.006881815001383233,0.006881815001383233,0.11011096163290526,0.013810101081591893,0.2209654735031473
right_step,token,20.0,3150.0,3130.0,0,12616,785,0.05493434668014582,0.0834807646940855,-0.02854641801393968,0.02854641801393968,0.3419520427076557,0.030797288172684407,0.3689147827711065
right_step,object,20.0,4500.0,4480.0,0,12616,927,0.055617094274572905,0.07394659651327795,-0.018329502238705046,0.018329502238705046,0.24787485973629328,0.023854135785365698,0.32258598651098724
right_step,token,20.0,4500.0,4480.0,0,12616,927,0.05493434668014582,0.08777818671260029,-0.032843840032454476,0.032843840032454476,0.3741685863253295,0.03402023664908404,0.3875705106608284
right_step,object,20.0,5850.0,5830.0,0,12616,927,0.055617094274572905,0.07394659651327795,-0.018329502238705046,0.018329502238705046,0.24787485973629328,0.023854135785365698,0.32258598651098724
right_step,token,20.0,5850.0,5830.0,0,12616,927,0.05493434668014582,0.08777818671260029,-0.032843840032454476,0.032843840032454476,0.3741685863253295,0.03402023664908404,0.3875705106608284
right_step,object,20.0,6660.0,6640.0,0,12616,927,0.055617094274572905,0.07394659651327795,-0.018329502238705046,0.018329502238705046,0.24787485973629328,0.023854135785365698,0.32258598651098724
right_step,token,20.0,6660.0,6640.0,0,12616,927,0.05493434668014582,0.08777818671260029,-0.032843840032454476,0.032843840032454476,0.3741685863253295,0.03402023664908404,0.3875705106608284
right_step,object,20.0,7200.0,7180.0,1,12616,927,0.07877334536513077,0.07394659651327795,0.004826748851852816,0.004826748851852816,0.0652734416381979,0.018995819737534333,0.2568856530688795
right_step,token,20.0,7200.0,7180.0,1,12616,927,0.062310511953976654,0.08777818671260029,-0.02546767475862364,0.02546767475862364,0.2901367151956425,0.028712059201415348,0.3270978847560748
right_step,object,60.0,72.0,12.0,0,11629,0,0.0,0.0,0.0,0.0,0.0,0.0,0.0
right_step,token,60.0,72.0,12.0,0,11629,0,0.0,0.0,0.0,0.0,0.0,0.0,0.0
right_step,object,60.0,90.0,30.0,0,11629,0,0.0,0.0,0.0,0.0,0.0,0.0,0.0
right_step,token,60.0,90.0,30.0,0,11629,0,0.0,0.0,0.0,0.0,0.0,0.0,0.0
right_step,object,60.0,120.0,60.0,0,11629,0,0.0,0.0,0.0,0.0,0.0,0.0,0.0
right_step,token,60.0,120.0,60.0,0,11629,0,0.0,0.0,0.0,0.0,0.0,0.0,0.0
right_step,object,60.0,150.0,90.0,0,11629,0,0.0,0.0,0.0,0.0,0.0,0.0,0.0
right_step,token,60.0,150.0,90.0,0,11629,0,0.0,0.0,0.0,0.0,0.0,0.0,0.0
right_step,object,60.0,168.0,108.0,0,11629,0,0.0,0.0,0.0,0.0,0.0,0.0,0.0
right_step,token,60.0,168.0,108.0,0,11629,0,0.0,0.0,0.0,0.0,0.0,0.0,0.0
right_step,object,60.0,180.0,120.0,1,11629,0,0.0005891783633525117,0.0,0.0005891783633525117,0.0005891783633525117,589.1783633525117,0.0005891783633525117,589.1783633525117
right_step,token,60.0,180.0,120.0,1,11629,0,0.0004249997870290209,0.0,0.0004249997870290209,0.0004249997870290209,424.9997870290209,0.00042499978702902096,424.999787029021
right_step,object,60.0,222.0,162.0,0,11629,0,0.0005891783633525117,0.0,0.0005891783633525117,0.0005891783633525117,589.1783633525117,0.0005891783633525117,589.1783633525117
right_step,token,60.0,222.0,162.0,0,11629,0,0.0004249997870290209,0.0,0.0004249997870290209,0.0004249997870290209,424.9997870290209,0.00042499978702902096,424.999787029021
right_step,object,60.0,285.0,225.0,0,11629,0,0.0005891783633525117,0.0,0.0005891783633525117,0.0005891783633525117,589.1783633525117,0.0005891783633525117,589.1783633525117
right_step,token,60.0,285.0,225.0,0,11629,0,0.0004249997870290209,0.0,0.0004249997870290209,0.0004249997870290209,424.9997870290209,0.00042499978702902096,424.999787029021
right_step,object,60.0,390.0,330.0,0,11629,0,0.0005891783633525117,0.0,0.0005891783633525117,0.0005891783633525117,589.1783633525117,0.0005891783633525117,589.1783633525117
right_step,token,60.0,390.0,330.0,0,11629,0,0.0004249997870290209,0.0,0.0004249997870290209,0.0004249997870290209,424.9997870290209,0.00042499978702902096,424.999787029021
right_step,object,60.0,495.0,435.0,0,11629,0,0.0005891783633525117,0.0,0.0005891783633525117,0.0005891783633525117,589.1783633525117,0.0005891783633525117,589.1783633525117
right_step,token,60.0,495.0,435.0,0,11629,0,0.0004249997870290209,0.0,0.0004249997870290209,0.0004249997870290209,424.9997870290209,0.00042499978702902096,424.999787029021
right_step,object,60.0,558.0,498.0,0,11629,0,0.0005891783633525117,0.0,0.0005891783633525117,0.0005891783633525117,589.1783633525117,0.0005891783633525117,589.1783633525117
right_step,token,60.0,558.0,498.0,0,11629,0,0.0004249997870290209,0.0,0.0004249997870290209,0.0004249997870290209,424.9997870290209,0.00042499978702902096,424.999787029021
right_step,object,60.0,600.0,540.0,1,11629,0,0.0012439891906181715,0.0,0.0012439891906181715,0.0012439891906181715,1243.9891906181715,0.0012439891906181715,1243.9891906181715
right_step,token,60.0,600.0,540.0,1,11629,0,0.0008714369959941863,0.0,0.0008714369959941863,0.0008714369959941863,871.4369959941863,0.0008714369959941864,871.4369959941864
right_step,object,60.0,720.0,660.0,0,11629,0,0.0012439891906181715,0.0,0.0012439891906181715,0.0012439891906181715,1243.9891906181715,0.0012439891906181715,1243.9891906181715
right_step,token,60.0,720.0,660.0,0,11629,0,0.0008714369959941863,0.0,0.0008714369959941863,0.0008714369959941863,871.4369959941863,0.0008714369959941864,871.4369959941864
right_step,object,60.0,900.0,840.0,0,11629,0,0.0012439891906181715,0.0,0.0012439891906181715,0.0012439891906181715,1243.9891906181715,0.0012439891906181715,1243.9891906181715
right_step,token,60.0,900.0,840.0,0,11629,0,0.0008714369959941863,0.0,0.0008714369959941863,0.0008714369959941863,871.4369959941863,0.0008714369959941864,871.4369959941864
right_step,object,60.0,1200.0,1140.0,0,11629,0,0.0012439891906181715,0.0,0.0012439891906181715,0.0012439891906181715,1243.9891906181715,0.0012439891906181715,1243.9891906181715
right_step,token,60.0,1200.0,1140.0,0,11629,0,0.0008714369959941863,0.0,0.0008714369959941863,0.0008714369959941863,871.4369959941863,0.0008714369959941864,871.4369959941864
right_step,object,60.0,1500.0,1440.0,0,11629,0,0.0012439891906181715,0.0,0.0012439891906181715,0.0012439891906181715,1243.9891906181715,0.0012439891906181715,1243.9891906181715
right_step,token,60.0,1500.0,1440.0,0,11629,0,0.0008714369959941863,0.0,0.0008714369959941863,0.0008714369959941863,871.4369959941863,0.0008714369959941864,871.4369959941864
right_step,object,60.0,1680.0,1620.0,0,11629,0,0.0012439891906181715,0.0,0.0012439891906181715,0.0012439891906181715,1243.9891906181715,0.0012439891906181715,1243.9891906181715
right_step,token,60.0,1680.0,1620.0,0,11629,0,0.0008714369959941863,0.0,0.0008714369959941863,0.0008714369959941863,871.4369959941863,0.0008714369959941864,871.4369959941864
right_step,object,60.0,1800.0,1740.0,1,11629,0,0.0020038930918502397,0.0,0.0020038930918502397,0.0020038930918502397,2003.89309185024,0.0020038930918502397,2003.89309185024
right_step,token,60.0,1800.0,1740.0,1,11629,0,0.0014064855378445186,0.0,0.0014064855378445186,0.0014064855378445186,1406.4855378445186,0.0014064855378445188,1406.4855378445188
right_step,object,60.0,2340.0,2280.0,0,11629,0,0.0020038930918502397,0.0,0.0020038930918502397,0.0020038930918502397,2003.89309185024,0.0020038930918502397,2003.89309185024
right_step,token,60.0,2340.0,2280.0,0,11629,0,0.0014064855378445186,0.0,0.0014064855378445186,0.0014064855378445186,1406.4855378445186,0.0014064855378445188,1406.4855378445188
right_step,object,60.0,3150.0,3090.0,0,11629,0,0.0020038930918502397,0.0,0.0020038930918502397,0.0020038930918502397,2003.89309185024,0.0020038930918502397,2003.89309185024
right_step,token,60.0,3150.0,3090.0,0,11629,0,0.0014064855378445186,0.0,0.0014064855378445186,0.0014064855378445186,1406.4855378445186,0.0014064855378445188,1406.4855378445188
right_step,object,60.0,4500.0,4440.0,0,11629,142,0.0020038930918502397,0.012210852179895149,-0.01020695908804491,0.01020695908804491,0.8358924453160118,0.01072076462401692,0.8779702240330435
right_step,token,60.0,4500.0,4440.0,0,11629,142,0.0014064855378445186,0.004688850875105066,-0.0032823653372605474,0.0032823653372605474,0.7000361975015887,0.0038500723174749005,0.8211121274759308
right_step,object,60.0,5850.0,5790.0,0,11629,142,0.0020038930918502397,0.012210852179895149,-0.01020695908804491,0.01020695908804491,0.8358924453160118,0.01072076462401692,0.8779702240330435
right_step,token,60.0,5850.0,5790.0,0,11629,142,0.0014064855378445186,0.004688850875105066,-0.0032823653372605474,0.0032823653372605474,0.7000361975015887,0.0038500723174749005,0.8211121274759308
right_step,object,60.0,6660.0,6600.0,0,11629,142,0.0020038930918502397,0.012210852179895149,-0.01020695908804491,0.01020695908804491,0.8358924453160118,0.01072076462401692,0.8779702240330435
right_step,token,60.0,6660.0,6600.0,0,11629,142,0.0014064855378445186,0.004688850875105066,-0.0032823653372605474,0.0032823653372605474,0.7000361975015887,0.0038500723174749005,0.8211121274759308
right_step,object,60.0,7200.0,7140.0,1,11629,142,0.02174927013203593,0.012210852179895149,0.00953841795214078,0.00953841795214078,0.7811426927143985,0.009819210288863327,0.8041380031633175
right_step,token,60.0,7200.0,7140.0,1,11629,142,0.008533595517514965,0.004688850875105066,0.0038447446424098985,0.0038447446424098985,0.8199758842455716,0.0054002005789633755,1.1517108824328668
right_step,object,180.0,222.0,42.0,0,11629,0,0.0,0.0,0.0,0.0,0.0,0.0,0.0
right_step,token,180.0,222.0,42.0,0,11629,0,0.0,0.0,0.0,0.0,0.0,0.0,0.0
right_step,object,180.0,285.0,105.0,0,11629,0,0.0,0.0,0.0,0.0,0.0,0.0,0.0
right_step,token,180.0,285.0,105.0,0,11629,0,0.0,0.0,0.0,0.0,0.0,0.0,0.0
right_step,object,180.0,390.0,210.0,0,11629,0,0.0,0.0,0.0,0.0,0.0,0.0,0.0
right_step,token,180.0,390.0,210.0,0,11629,0,0.0,0.0,0.0,0.0,0.0,0.0,0.0
right_step,object,180.0,495.0,315.0,0,11629,0,0.0,0.0,0.0,0.0,0.0,0.0,0.0
right_step,token,180.0,495.0,315.0,0,11629,0,0.0,0.0,0.0,0.0,0.0,0.0,0.0
right_step,object,180.0,558.0,378.0,0,11629,0,0.0,0.0,0.0,0.0,0.0,0.0,0.0
right_step,token,180.0,558.0,378.0,0,11629,0,0.0,0.0,0.0,0.0,0.0,0.0,0.0
right_step,object,180.0,600.0,420.0,1,11629,0,0.0006556199809866839,0.0,0.0006556199809866839,0.0006556199809866839,655.6199809866839,0.0006556199809866839,655.6199809866839
right_step,token,180.0,600.0,420.0,1,11629,0,0.00044690663744599904,0.0,0.00044690663744599904,0.00044690663744599904,446.9066374459991,0.00044690663744599904,446.9066374459991
right_step,object,180.0,720.0,540.0,0,11629,0,0.0006556199809866839,0.0,0.0006556199809866839,0.0006556199809866839,655.6199809866839,0.0006556199809866839,655.6199809866839
right_step,token,180.0,720.0,540.0,0,11629,0,0.00044690663744599904,0.0,0.00044690663744599904,0.00044690663744599904,446.9066374459991,0.00044690663744599904,446.9066374459991
right_step,object,180.0,900.0,720.0,0,11629,0,0.0006556199809866839,0.0,0.0006556199809866839,0.0006556199809866839,655.6199809866839,0.0006556199809866839,655.6199809866839
right_step,token,180.0,900.0,720.0,0,11629,0,0.00044690663744599904,0.0,0.00044690663744599904,0.00044690663744599904,446.9066374459991,0.00044690663744599904,446.9066374459991
right_step,object,180.0,1200.0,1020.0,0,11629,0,0.0006556199809866839,0.0,0.0006556199809866839,0.0006556199809866839,655.6199809866839,0.0006556199809866839,655.6199809866839
right_step,token,180.0,1200.0,1020.0,0,11629,0,0.00044690663744599904,0.0,0.00044690663744599904,0.00044690663744599904,446.9066374459991,0.00044690663744599904,446.9066374459991
right_step,object,180.0,1500.0,1320.0,0,11629,0,0.0006556199809866839,0.0,0.0006556199809866839,0.0006556199809866839,655.6199809866839,0.0006556199809866839,655.6199809866839
right_step,token,180.0,1500.0,1320.0,0,11629,0,0.00044690663744599904,0.0,0.00044690663744599904,0.00044690663744599904,446.9066374459991,0.00044690663744599904,446.9066374459991
right_step,object,180.0,1680.0,1500.0,0,11629,0,0.0006556199809866839,0.0,0.0006556199809866839,0.0006556199809866839,655.6199809866839,0.0006556199809866839,655.6199809866839
right_step,token,180.0,1680.0,1500.0,0,11629,0,0.00044690663744599904,0.0,0.00044690663744599904,0.00044690663744599904,446.9066374459991,0.00044690663744599904,446.9066374459991
right_step,object,180.0,1800.0,1620.0,1,11629,0,0.001416461908022682,0.0,0.001416461908022682,0.001416461908022682,1416.461908022682,0.0014164619080226817,1416.4619080226819
right_step,token,180.0,1800.0,1620.0,1,11629,0,0.0009825136500666372,0.0,0.0009825136500666372,0.0009825136500666372,982.5136500666373,0.0009825136500666372,982.5136500666373
right_step,object,180.0,2340.0,2160.0,0,11629,0,0.001416461908022682,0.0,0.001416461908022682,0.001416461908022682,1416.461908022682,0.0014164619080226817,1416.4619080226819
right_step,token,180.0,2340.0,2160.0,0,11629,0,0.0009825136500666372,0.0,0.0009825136500666372,0.0009825136500666372,982.5136500666373,0.0009825136500666372,982.5136500666373
right_step,object,180.0,3150.0,2970.0,0,11629,0,0.001416461908022682,0.0,0.001416461908022682,0.001416461908022682,1416.461908022682,0.0014164619080226817,1416.4619080226819
right_step,token,180.0,3150.0,2970.0,0,11629,0,0.0009825136500666372,0.0,0.0009825136500666372,0.0009825136500666372,982.5136500666373,0.0009825136500666372,982.5136500666373
right_step,object,180.0,4500.0,4320.0,0,11629,142,0.001416461908022682,0.012210852179895149,-0.010794390271872466,0.010794390271872466,0.8839997498000304,0.011158734795187477,0.9138375136143277
right_step,token,180.0,4500.0,4320.0,0,11629,142,0.0009825136500666372,0.004688850875105066,-0.003706337225038429,0.003706337225038429,0.7904574753521839,0.004105486039991001,0.8755846900119225
right_step,object,180.0,5850.0,5670.0,0,11629,142,0.001416461908022682,0.012210852179895149,-0.010794390271872466,0.010794390271872466,0.8839997498000304,0.011158734795187477,0.9138375136143277
right_step,token,180.0,5850.0,5670.0,0,11629,142,0.0009825136500666372,0.004688850875105066,-0.003706337225038429,0.003706337225038429,0.7904574753521839,0.004105486039991001,0.8755846900119225
right_step,object,180.0,6660.0,6480.0,0,11629,142,0.001416461908022682,0.012210852179895149,-0.010794390271872466,0.010794390271872466,0.8839997498000304,0.011158734795187477,0.9138375136143277
right_step,token,180.0,6660.0,6480.0,0,11629,142,0.0009825136500666372,0.004688850875105066,-0.003706337225038429,0.003706337225038429,0.7904574753521839,0.004105486039991001,0.8755846900119225
right_step,object,180.0,7200.0,7020.0,1,11629,142,0.021171374020673393,0.012210852179895149,0.008960521840778245,0.008960521840778245,0.7338162569465472,0.00924385711346773,0.7570198195247585
right_step,token,180.0,7200.0,7020.0,1,11629,142,0.008113654681758845,0.004688850875105066,0.003424803806653779,0.003424803806653779,0.7304143164026382,0.005860183423592246,1.2498122844354551
right_step,object,600.0,720.0,120.0,0,11629,0,0.0,0.0,0.0,0.0,0.0,0.0,0.0
right_step,token,600.0,720.0,120.0,0,11629,0,0.0,0.0,0.0,0.0,0.0,0.0,0.0
right_step,object,600.0,900.0,300.0,0,11629,0,0.0,0.0,0.0,0.0,0.0,0.0,0.0
right_step,token,600.0,900.0,300.0,0,11629,0,0.0,0.0,0.0,0.0,0.0,0.0,0.0
right_step,object,600.0,1200.0,600.0,0,11629,0,0.0,0.0,0.0,0.0,0.0,0.0,0.0
right_step,token,600.0,1200.0,600.0,0,11629,0,0.0,0.0,0.0,0.0,0.0,0.0,0.0
right_step,object,600.0,1500.0,900.0,0,11629,0,0.0,0.0,0.0,0.0,0.0,0.0,0.0
right_step,token,600.0,1500.0,900.0,0,11629,0,0.0,0.0,0.0,0.0,0.0,0.0,0.0
right_step,object,600.0,1680.0,1080.0,0,11629,0,0.0,0.0,0.0,0.0,0.0,0.0,0.0
right_step,token,600.0,1680.0,1080.0,0,11629,0,0.0,0.0,0.0,0.0,0.0,0.0,0.0
right_step,object,600.0,1800.0,1200.0,1,11629,0,0.000761875987228584,0.0,0.000761875987228584,0.000761875987228584,761.875987228584,0.0007618759872285841,761.8759872285841
right_step,token,600.0,1800.0,1200.0,1,11629,0,0.000536195188552288,0.0,0.000536195188552288,0.000536195188552288,536.195188552288,0.0005361951885522881,536.1951885522881
right_step,object,600.0,2340.0,1740.0,0,11629,0,0.000761875987228584,0.0,0.000761875987228584,0.000761875987228584,761.875987228584,0.0007618759872285841,761.8759872285841
right_step,token,600.0,2340.0,1740.0,0,11629,0,0.000536195188552288,0.0,0.000536195188552288,0.000536195188552288,536.195188552288,0.0005361951885522881,536.1951885522881
right_step,object,600.0,3150.0,2550.0,0,11629,0,0.000761875987228584,0.0,0.000761875987228584,0.000761875987228584,761.875987228584,0.0007618759872285841,761.8759872285841
right_step,token,600.0,3150.0,2550.0,0,11629,0,0.000536195188552288,0.0,0.000536195188552288,0.000536195188552288,536.195188552288,0.0005361951885522881,536.1951885522881
right_step,object,600.0,4500.0,3900.0,0,11629,142,0.000761875987228584,0.012210852179895149,-0.011448976192666565,0.011448976192666565,0.9376066489050623,0.011542224315521344,0.9452431448253314
right_step,token,600.0,4500.0,3900.0,0,11629,142,0.000536195188552288,0.004688850875105066,-0.004152655686552778,0.004152655686552778,0.8856446487988865,0.004264537736744108,0.9095059429989976
right_step,object,600.0,5850.0,5250.0,0,11629,142,0.000761875987228584,0.012210852179895149,-0.011448976192666565,0.011448976192666565,0.9376066489050623,0.011542224315521344,0.9452431448253314
right_step,token,600.0,5850.0,5250.0,0,11629,142,0.000536195188552288,0.004688850875105066,-0.004152655686552778,0.004152655686552778,0.8856446487988865,0.004264537736744108,0.9095059429989976
right_step,object,600.0,6660.0,6060.0,0,11629,142,0.000761875987228584,0.012210852179895149,-0.011448976192666565,0.011448976192666565,0.9376066489050623,0.011542224315521344,0.9452431448253314
right_step,token,600.0,6660.0,6060.0,0,11629,142,0.000536195188552288,0.004688850875105066,-0.004152655686552778,0.004152655686552778,0.8856446487988865,0.004264537736744108,0.9095059429989976
right_step,object,600.0,7200.0,6600.0,1,11629,142,0.020528318489234115,0.012210852179895149,0.008317466309338967,0.008317466309338967,0.6811536317697351,0.008603740890974113,0.7045979071911089
right_step,token,600.0,7200.0,6600.0,1,11629,142,0.0076718590303020235,0.004688850875105066,0.0029830081551969574,0.0029830081551969574,0.6361917311200722,0.005569445392314116,1.1878060404702715
right_step,object,1800.0,2340.0,540.0,0,11629,0,0.0,0.0,0.0,0.0,0.0,0.0,0.0
right_step,token,1800.0,2340.0,540.0,0,11629,0,0.0,0.0,0.0,0.0,0.0,0.0,0.0
right_step,object,1800.0,3150.0,1350.0,0,11629,0,0.0,0.0,0.0,0.0,0.0,0.0,0.0
right_step,token,1800.0,3150.0,1350.0,0,11629,0,0.0,0.0,0.0,0.0,0.0,0.0,0.0
right_step,object,1800.0,4500.0,2700.0,0,11629,142,0.0,0.012210852179895149,-0.012210852179895149,0.012210852179895149,1.0,0.012210852179895093,0.9999999999999954
right_step,token,1800.0,4500.0,2700.0,0,11629,142,0.0,0.004688850875105066,-0.004688850875105066,0.004688850875105066,1.0,0.004688850875104998,0.9999999999999853
right_step,object,1800.0,5850.0,4050.0,0,11629,142,0.0,0.012210852179895149,-0.012210852179895149,0.012210852179895149,1.0,0.012210852179895093,0.9999999999999954
right_step,token,1800.0,5850.0,4050.0,0,11629,142,0.0,0.004688850875105066,-0.004688850875105066,0.004688850875105066,1.0,0.004688850875104998,0.9999999999999853
right_step,object,1800.0,6660.0,4860.0,0,11629,142,0.0,0.012210852179895149,-0.012210852179895149,0.012210852179895149,1.0,0.012210852179895093,0.9999999999999954
right_step,token,1800.0,6660.0,4860.0,0,11629,142,0.0,0.004688850875105066,-0.004688850875105066,0.004688850875105066,1.0,0.004688850875104998,0.9999999999999853
right_step,object,1800.0,7200.0,5400.0,1,11629,142,0.01977877093563956,0.012210852179895149,0.007567918755744411,0.007567918755744411,0.6197699099334602,0.007857970500137899,0.643523513704952
right_step,token,1800.0,7200.0,5400.0,1,11629,142,0.007140746199532714,0.004688850875105066,0.002451895324427648,0.002451895324427648,0.5229203038735385,0.005270117690628464,1.123967861424122
