method,age_s,horizon_s,n_at_risk,known_binary_outcomes,positive_binary_outcomes,token_weighted_auroc,token_weighted_average_precision,population_km_risk,top20pct_token_km_risk,bottom20pct_token_victim_km_risk,victim_to_population_risk_ratio
log_survival,0.0,1.0,23786,23786,1,0.9234933409868461,0.0001037579233323272,7.938932766848872e-06,3.969258692826383e-05,0.0,0.0
log_survival,0.0,2.0,23786,23725,231,0.6601447345911065,0.014216358632727794,0.008121167359919745,0.006796453407217573,1.7433594536653274e-05,0.0021466857859244455
log_survival,0.0,3.0,23786,23666,2205,0.7533460465636805,0.20452645332872,0.08305948758401405,0.19143786314003197,0.0017774203492834095,0.021399365695406708
log_survival,0.0,5.0,23786,23666,5341,0.7446153233057694,0.39921919389806243,0.20693093745854563,0.3711523546705623,0.015305279934128335,0.07396322716217547
log_survival,0.0,10.0,23786,23583,8969,0.7135264295711532,0.555244914675042,0.3628365665246679,0.5496839308768978,0.08915424994607313,0.24571462242632555
log_survival,0.0,20.0,23786,23555,10939,0.6971199401893329,0.628223225285749,0.45389758664441904,0.6420626168945031,0.18541767708178436,0.40850113007329025
log_survival,0.0,30.0,23786,23472,11530,0.6958328098783662,0.6556622322899147,0.4885601664085818,0.6725090751219641,0.20262998964474177,0.4147493053604431
log_survival,0.0,60.0,23786,23353,11724,0.6967479310338726,0.6678494874181189,0.49948663371262847,0.6814948973577462,0.21851703111137832,0.4374832405166993
log_survival,0.0,120.0,23786,23353,11724,0.6967143197013416,0.6678319858069688,0.49948663371262847,0.6810902025739696,0.21852968867187883,0.43750858165627377
log_survival,0.0,180.0,23786,23353,11724,0.6966845697083923,0.667823314526734,0.49948663371262847,0.6809791848324758,0.21853153468866315,0.43751227748446964
log_survival,0.0,300.0,23786,23353,11724,0.6966707071908272,0.6678090779956102,0.49948663371262847,0.6802587746939334,0.21853153468866315,0.43751227748446964
log_survival,0.0,600.0,23786,23353,11724,0.6966211870369285,0.6677686498729715,0.49948663371262847,0.6782628313900072,0.21849262714646078,0.4374343824226675
log_survival,0.0,900.0,23786,23353,11724,0.696597354736607,0.6677569837268581,0.49948663371262847,0.6782972556405991,0.21850295755610727,0.4374550644768993
log_survival,0.0,1200.0,23786,23353,11724,0.6965692441111891,0.6677321498470766,0.49948663371262847,0.6781642923533825,0.21849494839801686,0.43743902969728793
log_survival,0.0,1800.0,23786,23353,11724,0.6965311311098203,0.6677445293857887,0.49948663371262847,0.6781300992453869,0.21840016887114433,0.43724927581705286
log_survival,0.0,2400.0,23786,23353,11724,0.696639132477085,0.6680066110811149,0.49948663371262847,0.677538737560387,0.218032970993973,0.4365141252596856
log_survival,0.0,3600.0,23786,23177,11866,0.6931241560919356,0.6710443293144175,0.5018334662481468,0.6771157388749207,0.2243344363060069,0.4470296450796646
log_survival,1.0,1.0,23785,23724,230,0.6598620069659252,0.014195601038550217,0.008113292838039188,0.006757029024251238,1.7433594536653274e-05,0.0021487692956078
log_survival,1.0,2.0,23785,23665,2204,0.7567780145359854,0.20928130411209964,0.08305220799714308,0.19027729748422206,0.0010619895688378511,0.012787011862157627
log_survival,1.0,3.0,23785,23665,3803,0.7372784090564306,0.3201905985078296,0.15295576737793903,0.28979748188871,0.01479169666743596,0.09670571382174231
log_survival,1.0,5.0,23785,23654,6571,0.7414695872407802,0.4631866960240363,0.25451336307520667,0.44475190455198055,0.030582960582256513,0.12016249446682095
log_survival,1.0,10.0,23785,23582,9167,0.7044803617280697,0.5599758904203377,0.37791367457351954,0.5639938116830194,0.11439044510403917,0.30268935156456106
log_survival,1.0,20.0,23785,23554,11059,0.6968673690776157,0.6336539790764754,0.4616451100382817,0.6473730207336307,0.18659003788905437,0.4041850196866192
log_survival,1.0,30.0,23785,23471,11529,0.6955874653512866,0.6551156263211492,0.4885561060898953,0.6688985916319307,0.20149162149954847,0.4124226859268311
log_survival,1.0,60.0,23785,23352,11723,0.6965122063881025,0.6673076680741574,0.4994826601391199,0.6802320224937999,0.22033009041742213,0.44111659523086155
log_survival,1.0,120.0,23785,23352,11723,0.6964831594704737,0.6673120554835987,0.4994826601391199,0.6795473654738968,0.22031891001464798,0.44109421126507775
log_survival,1.0,180.0,23785,23352,11723,0.6964577651173491,0.667329554166157,0.4994826601391199,0.6795659411212944,0.22012917758932737,0.440714353383189
log_survival,1.0,300.0,23785,23352,11723,0.6964373827391775,0.6673066210736839,0.4994826601391199,0.6796064394276986,0.22034895405575738,0.4411543615836114
log_survival,1.0,600.0,23785,23352,11723,0.6963797470109235,0.6672718533889314,0.4994826601391199,0.6797153115344599,0.22034894057399457,0.44115433459215825
log_survival,1.0,900.0,23785,23352,11723,0.6963599526586233,0.667268018599751,0.4994826601391199,0.6797132620943034,0.22034894057399457,0.44115433459215825
log_survival,1.0,1200.0,23785,23352,11723,0.6963427450806051,0.6672616111587233,0.4994826601391199,0.6796922065506701,0.22034894057399457,0.44115433459215825
log_survival,1.0,1800.0,23785,23352,11723,0.696309155892357,0.6672544728086285,0.4994826601391199,0.678822348969891,0.22029778912234976,0.44105192572849405
log_survival,1.0,2400.0,23785,23352,11723,0.6964619835202306,0.6673787799727645,0.4994826601391199,0.678697900418368,0.22119009272320966,0.4428383813396085
log_survival,1.0,3600.0,23785,23176,11865,0.6930763914352152,0.6704014900965856,0.5018295113061318,0.6780935694211653,0.2247452260296876,0.4478517523705096
log_survival,2.0,1.0,23494,23435,1974,0.7597163337158548,0.20290293970533485,0.07555188976523597,0.1797919608825722,0.0011745489013483823,0.015546254435171426
log_survival,2.0,2.0,23494,23435,3573,0.7337488596229417,0.30912834809512124,0.14602723627008873,0.27553599844514953,0.014215604668463167,0.09734899482840516
log_survival,2.0,3.0,23494,23435,5110,0.7411408356768785,0.38642994982439605,0.20043755704459953,0.35737400240516093,0.014720860203428443,0.07344362214588801
log_survival,2.0,5.0,23494,23352,7141,0.7285575151409803,0.49011499530318486,0.2877158659032041,0.4780364393987705,0.05076258745339424,0.17643304895278955
log_survival,2.0,10.0,23494,23345,9472,0.6935341449004253,0.5691039339648701,0.3952714513743111,0.5729571781375913,0.13111696621696722,0.33171372675939376
log_survival,2.0,20.0,23494,23324,10942,0.6946601729888436,0.633264598439566,0.465465097682372,0.6454097105953273,0.18725166066938193,0.4022893694967443
log_survival,2.0,30.0,23494,23241,11365,0.694813067182592,0.6521393634334746,0.48823190324309185,0.6639515680134096,0.20048510705751665,0.4106349989129953
log_survival,2.0,60.0,23494,23122,11493,0.694036881914566,0.6603486103831225,0.495388600082173,0.6741461230516861,0.2226901260110522,0.44952614164741234
log_survival,2.0,120.0,23494,23122,11493,0.6940044483555478,0.6603523398111913,0.495388600082173,0.6735664884321952,0.2226621292325699,0.44946962686593034
log_survival,2.0,180.0,23494,23122,11493,0.693978617463072,0.6603635738025375,0.495388600082173,0.6735301144711134,0.2226441058858184,0.4494332446263138
log_survival,2.0,300.0,23494,23122,11493,0.6939587408660199,0.6603538443971387,0.495388600082173,0.6735486777964843,0.2226441058858184,0.4494332446263138
log_survival,2.0,600.0,23494,23122,11493,0.6939196128502333,0.6603763800506621,0.495388600082173,0.6733342687329005,0.22270418072695997,0.4495545127401372
log_survival,2.0,900.0,23494,23122,11493,0.6939047757436299,0.6603817121020087,0.495388600082173,0.6734236366172561,0.22270418072695997,0.4495545127401372
log_survival,2.0,1200.0,23494,23122,11493,0.6938879757708628,0.6603630856115185,0.495388600082173,0.6732054624942718,0.2227354912174757,0.4496177166380681
log_survival,2.0,1800.0,23494,23122,11493,0.6938617665485705,0.6604248148831522,0.495388600082173,0.6733276942416144,0.22272745580494502,0.4496014962152942
log_survival,2.0,2400.0,23494,23122,11493,0.6940169120244694,0.6605215863736337,0.495388600082173,0.6728599873780392,0.22228966611946355,0.44871776638096045
log_survival,2.0,3600.0,23494,22946,11635,0.6905551555723363,0.663117721542789,0.49775464768626576,0.6725992056696053,0.22507732491412746,0.4521852803592373
log_survival,3.0,1.0,21461,21461,1599,0.6927119577611024,0.1459750825513985,0.0762350484841765,0.11881353733329747,0.013979332266121691,0.18337146160565856
log_survival,3.0,2.0,21461,21461,3136,0.7153773534721518,0.2450488225835114,0.13509213323790425,0.22371609217776256,0.014521279152692745,0.10749167108879701
log_survival,3.0,3.0,21461,21450,4367,0.717928617942822,0.3328450550488404,0.18699118594696384,0.33697951377821556,0.02948642740801699,0.15768886249205458
log_survival,3.0,5.0,21461,21378,5868,0.6987333134828987,0.42728028620026437,0.2703686963064772,0.4287388567189938,0.05868500854425074,0.21705548514288125
log_survival,3.0,10.0,21461,21371,7702,0.6750134136042866,0.5013720822564469,0.35262975583669,0.51770467241272,0.1264701161811863,0.35864845234375853
log_survival,3.0,20.0,21461,21345,9009,0.6808490897054197,0.5788237751435564,0.4251707875664432,0.587016648118009,0.17448912346569467,0.4103977238521509
log_survival,3.0,30.0,21461,21267,9404,0.6840047062996639,0.6024119651721609,0.4482348691857436,0.6164040953913839,0.1916000452452994,0.427454574413983
log_survival,3.0,60.0,21461,21148,9519,0.6831837830870999,0.6109994757283139,0.4541484867228722,0.6333457370849086,0.19483432902479503,0.4290101909855876
log_survival,3.0,120.0,21461,21148,9519,0.6831656776160548,0.61108613827654,0.4541484867228722,0.6331159365929806,0.19483356080724423,0.4290084994296907
log_survival,3.0,180.0,21461,21148,9519,0.6831230509181277,0.6110519603566069,0.4541484867228722,0.6327711340427313,0.19483688979372749,0.4290158296016071
log_survival,3.0,300.0,21461,21148,9519,0.6831082559400569,0.6110583343162777,0.4541484867228722,0.6326399922881383,0.1946920015313932,0.42869679680381056
log_survival,3.0,600.0,21461,21148,9519,0.6830625630609458,0.6110443144585331,0.4541484867228722,0.6299612649023609,0.1946920015313932,0.42869679680381056
log_survival,3.0,900.0,21461,21148,9519,0.6830348207035852,0.6110295281704771,0.4541484867228722,0.6301459174347048,0.19468818949876754,0.4286884030014813
log_survival,3.0,1200.0,21461,21148,9519,0.6830148832403536,0.6110153197110835,0.4541484867228722,0.6301454811166975,0.19460222588752396,0.428499117748405
log_survival,3.0,1800.0,21461,21148,9519,0.68297754996402,0.6110012204344972,0.4541484867228722,0.6294445669508985,0.19467781502493398,0.42866555920889615
log_survival,3.0,2400.0,21461,21148,9519,0.68329610551919,0.6114091804201631,0.4541484867228722,0.6299548217855908,0.19496432326187685,0.4292964282865635
log_survival,3.0,3600.0,21461,20972,9661,0.6799301736811846,0.6148317584630739,0.4567079030685791,0.630430394923345,0.19929452887069354,0.4363719732714315
log_survival,5.0,1.0,18325,18314,1231,0.6731797419211434,0.15460572085735985,0.06000529617489858,0.13457589866682085,0.02674890699258403,0.4457757681025102
log_survival,5.0,2.0,18325,18242,2031,0.6660790556094152,0.2281203961753454,0.10915758941353015,0.2095450480449057,0.04259779990639545,0.39024130282887526
log_survival,5.0,3.0,18325,18242,2732,0.661543145666631,0.26624980132217624,0.1564057494065807,0.26329662980387913,0.05411271389270478,0.34597650085124054
log_survival,5.0,5.0,18325,18242,3628,0.6535694477526542,0.3069308188015516,0.19658518586831508,0.32161687231933545,0.07204526515655996,0.36648369427399446
log_survival,5.0,10.0,18325,18235,4998,0.6462688106286475,0.3827658717598312,0.2746372838186888,0.4044945535233988,0.13834265652802558,0.5037286074361165
log_survival,5.0,20.0,18325,18192,5927,0.6589100607485833,0.47165382571989706,0.3439641039135012,0.49281703986224357,0.17171429881775546,0.49922156662294487
log_survival,5.0,30.0,18325,18020,6296,0.667635073088342,0.502073518755852,0.3649278244333166,0.5134778526123085,0.17299286756450882,0.4740468004410003
log_survival,5.0,60.0,18325,18012,6383,0.6679387185203373,0.5076732238662227,0.36889056712988466,0.5271343297393837,0.1783850223629727,0.48357165581890355
log_survival,5.0,120.0,18325,18012,6383,0.6678797447090967,0.5076063205983582,0.36889056712988466,0.526188139833218,0.17846182283912793,0.4837798489336062
log_survival,5.0,180.0,18325,18012,6383,0.6678235538265218,0.507548928542416,0.36889056712988466,0.5263788319250309,0.17847037539318555,0.483803033462623
log_survival,5.0,300.0,18325,18012,6383,0.6677880248752978,0.5075684443149396,0.36889056712988466,0.5263865674186909,0.17847037539318555,0.483803033462623
log_survival,5.0,600.0,18325,18012,6383,0.6677126561648903,0.50751563895366,0.36889056712988466,0.5264770907789793,0.17847037539318555,0.483803033462623
log_survival,5.0,900.0,18325,18012,6383,0.6676907828407014,0.5075295897615768,0.36889056712988466,0.5264815177941098,0.17847037539318555,0.483803033462623
log_survival,5.0,1200.0,18325,18012,6383,0.6676673788467549,0.5074810282667751,0.36889056712988466,0.5266900888109665,0.17835674223821396,0.4834949931788724
log_survival,5.0,1800.0,18325,18012,6383,0.6675915614020997,0.5073558920000539,0.36889056712988466,0.5266900888109665,0.1783267678157192,0.48341373758394635
log_survival,5.0,2400.0,18325,18012,6383,0.6672342027805813,0.5070056096734396,0.36889056712988466,0.5270686388065213,0.17955424179378343,0.48674121214534394
log_survival,5.0,3600.0,18325,17827,6525,0.6626394160828883,0.5092108063659867,0.3718497451464846,0.5262671279077644,0.18591675158714627,0.4999781605710316
log_survival,7.0,1.0,16211,16211,701,0.6370294002695345,0.07184403031616059,0.05303761858614886,0.07544706094451548,0.01297656568255412,0.2446672009128072
log_survival,7.0,2.0,16211,16211,1332,0.6403132563623387,0.1158679148228723,0.08336589952397255,0.13126812393316067,0.024357968311142675,0.29218143689720927
log_survival,7.0,3.0,16211,16211,1597,0.6248584544975128,0.12885165112448413,0.09814036176974161,0.14369883888137736,0.032285757166441664,0.32897532253030604
log_survival,7.0,5.0,16211,16204,2331,0.6121043826513219,0.19495252897543772,0.15100095639149924,0.2029490056705896,0.06219152898727209,0.4118618217624298
log_survival,7.0,10.0,16211,16183,3417,0.6523222925335442,0.308573052008498,0.21461316459115343,0.3332652504952347,0.08982829329074671,0.4185591012642359
log_survival,7.0,20.0,16211,16100,4123,0.6553427300562005,0.38866540697167234,0.2724013531562548,0.39112417877523986,0.12494482023459874,0.4586791467329016
log_survival,7.0,30.0,16211,15981,4321,0.6663303387693394,0.4241816055606203,0.28927314048222497,0.42625967230500894,0.12567572853883557,0.4344535006925678
log_survival,7.0,60.0,16211,15981,4352,0.6665037294837013,0.42626466587466233,0.2915588376011007,0.4461767603936915,0.12820315929480997,0.43971625195670616
log_survival,7.0,120.0,16211,15981,4352,0.6664781550523023,0.42622734527776907,0.2915588376011007,0.4457405632427218,0.12823328111772647,0.43981956497292046
log_survival,7.0,180.0,16211,15981,4352,0.6664531038818805,0.42619586637480106,0.2915588376011007,0.44555868699527856,0.12823328111772647,0.43981956497292046
log_survival,7.0,300.0,16211,15981,4352,0.6664129973557776,0.42611422109188335,0.2915588376011007,0.4463628124797293,0.1281362515400547,0.4394867691006701
log_survival,7.0,600.0,16211,15981,4352,0.6663570961400235,0.42606182045088264,0.2915588376011007,0.44586822042680485,0.128144765597052,0.4395159709491456
log_survival,7.0,900.0,16211,15981,4352,0.666351356926788,0.4262411302026034,0.2915588376011007,0.4462768479845758,0.12817830295072707,0.43963099868746075
log_survival,7.0,1200.0,16211,15981,4352,0.6663218351917672,0.426273858369443,0.2915588376011007,0.44401388136745235,0.12817830295072707,0.43963099868746075
log_survival,7.0,1800.0,16211,15981,4352,0.6662671788474283,0.42622754146832986,0.2915588376011007,0.44392710670195035,0.12828056270860744,0.4399817332380638
log_survival,7.0,2400.0,16211,15981,4352,0.6659002329192549,0.42600106248057207,0.2915588376011007,0.4442724162062238,0.12859505777019942,0.44106040080368997
log_survival,7.0,3600.0,16211,15796,4494,0.6610481931485885,0.427853966726895,0.29488061256537523,0.4459232240308192,0.1356491942596324,0.4600139462527699
log_survival,10.0,1.0,14614,14614,199,0.5623023171599469,0.08041782389024629,0.02367060938839538,0.019187470618799107,0.003178564567089315,0.1342831743338057
log_survival,10.0,2.0,14614,14607,734,0.5774343877853071,0.0921652379618503,0.058612884290384026,0.05789562193065778,0.003226119393048177,0.05504113015604405
log_survival,10.0,3.0,14614,14607,938,0.582624096581589,0.10302227328820404,0.06837088850462147,0.07384053989654427,0.003237495601228657,0.04735196034507905
log_survival,10.0,5.0,14614,14607,1370,0.59398535347594,0.13782275058425902,0.09715043409391255,0.10933781471350978,0.013374166611186511,0.1376645069671854
log_survival,10.0,10.0,14614,14586,1970,0.639154129371218,0.22671467818667246,0.14291626815912772,0.21976615039588865,0.02682285568507836,0.187682312381771
log_survival,10.0,20.0,14614,14503,2561,0.6587378251191968,0.303416719377315,0.197317663379032,0.32119203614833725,0.05041397997041308,0.2554965384602782
log_survival,10.0,30.0,14614,14384,2724,0.671357915188689,0.3420561351283397,0.2119318468310083,0.36800873375487964,0.040472958356614686,0.19097157393663114
log_survival,10.0,60.0,14614,14384,2755,0.6718782554754381,0.33731729998976745,0.2144662735000642,0.3664873009647317,0.04684167157492192,0.21841043260775403
log_survival,10.0,120.0,14614,14384,2755,0.6718557137894797,0.3372363946604139,0.2144662735000642,0.36588338442769464,0.04684167157492192,0.21841043260775403
log_survival,10.0,180.0,14614,14384,2755,0.6718550309613492,0.3371214730919255,0.2144662735000642,0.36606875539935735,0.04681639343455535,0.2182925672671854
log_survival,10.0,300.0,14614,14384,2755,0.6718467690736283,0.3370157468898572,0.2144662735000642,0.3681313212267936,0.04681639343455535,0.2182925672671854
log_survival,10.0,600.0,14614,14384,2755,0.6718246913090244,0.336861327291899,0.2144662735000642,0.3689954721987111,0.04684081943853613,0.21840645931921837
log_survival,10.0,900.0,14614,14384,2755,0.6718440411663861,0.3368377523677459,0.2144662735000642,0.370026145057463,0.04683688812333553,0.21838812862723384
log_survival,10.0,1200.0,14614,14384,2755,0.6718249761052882,0.33673727694562217,0.2144662735000642,0.3698355448755499,0.04683688812333553,0.21838812862723384
log_survival,10.0,1800.0,14614,14384,2755,0.6717573369810957,0.33660241322857093,0.2144662735000642,0.3694538197822831,0.04684189172996123,0.2184114591329774
log_survival,10.0,2400.0,14614,14384,2755,0.6713204494129039,0.3362728775476492,0.2144662735000642,0.369700779471722,0.04215013963037739,0.19653504927601018
log_survival,10.0,3600.0,14614,14166,2897,0.6654893316395375,0.33785945631616093,0.21814952400098797,0.3732617950428153,0.044608255932146346,0.20448477316844532
log_survival,15.0,1.0,13237,13237,176,0.6210263571541481,0.02078048837222914,0.008536237257188883,0.011192854773051653,0.001964070491239256,0.2300862115313387
log_survival,15.0,2.0,13237,13216,450,0.7224231166499508,0.09073776845679377,0.035439944608885665,0.08696008500622143,0.006015481950915724,0.1697373406562124
log_survival,15.0,3.0,13237,13216,471,0.6970926757001402,0.08980331199946219,0.037201651924070545,0.08776541214980138,0.013164407343109308,0.35386620384433937
log_survival,15.0,5.0,13237,13216,600,0.7079361980399419,0.12030085169673328,0.050690431488755516,0.12339243240030406,0.014599680229643641,0.28801649149272357
log_survival,15.0,10.0,13237,13194,929,0.7042922371519553,0.1957950888584618,0.09557538394003118,0.22179091956618868,0.02644616651211018,0.27670478968417056
log_survival,15.0,20.0,13237,13022,1298,0.7187404872181962,0.24309746646312413,0.12447640139262262,0.27775608493120185,0.02770854099515918,0.22260075552603012
log_survival,15.0,30.0,13237,13014,1354,0.7278442244284529,0.2558405359740982,0.12713237849530656,0.2874719822540597,0.02778014118004768,0.21851350150798335
log_survival,15.0,60.0,13237,13014,1385,0.7296831024478331,0.2544239201108548,0.12993952019948662,0.2877119994474897,0.02777161767546299,0.21372726044260637
log_survival,15.0,120.0,13237,13014,1385,0.7295881800980122,0.25434992404170986,0.12993952019948662,0.2893476399116407,0.02777161767546299,0.21372726044260637
log_survival,15.0,180.0,13237,13014,1385,0.7295458014467148,0.2543542512003469,0.12993952019948662,0.28852684372905657,0.0277515441096714,0.21357277652762213
log_survival,15.0,300.0,13237,13014,1385,0.7294939488292949,0.25427312726427675,0.12993952019948662,0.2879660467826196,0.027747854905369573,0.21354438482434232
log_survival,15.0,600.0,13237,13014,1385,0.7293987680281081,0.2539293973680696,0.12993952019948662,0.28659621531298574,0.02780694133742334,0.21399910739037192
log_survival,15.0,900.0,13237,13014,1385,0.7293582207157447,0.25387391399893816,0.12993952019948662,0.2866453474186482,0.027813822716902248,0.21405206571643273
log_survival,15.0,1200.0,13237,13014,1385,0.7293198121734156,0.25370663674933436,0.12993952019948662,0.28633303661067255,0.02781926553517111,0.214093953036476
log_survival,15.0,1800.0,13237,13014,1385,0.7292423538944197,0.2532367332323257,0.12993952019948662,0.2865381577978865,0.027831777379089373,0.2141902427865001
log_survival,15.0,2400.0,13237,13014,1385,0.728153549640194,0.25252779563461003,0.12993952019948662,0.28596565997021084,0.028785619226962877,0.22153090285981067
log_survival,15.0,3600.0,13237,12762,1527,0.721771366012683,0.2539160054436619,0.13401910404159356,0.28929111003104835,0.028945596962244746,0.21598112574503797
log_survival,20.0,1.0,12616,12616,121,0.7572622563368079,0.03404098285503629,0.014194768540769065,0.04400079514826294,0.004264404166430591,0.3004208313917
log_survival,20.0,2.0,12616,12616,234,0.7892817845252312,0.0688224709083535,0.0291310897925543,0.0855906030355561,0.004264404166430591,0.14638670220708813
log_survival,20.0,3.0,12616,12611,275,0.7910681778761527,0.08069833096346964,0.03482537394079166,0.0918984831103179,0.004264404166430591,0.1224510661014212
log_survival,20.0,5.0,12616,12594,329,0.708298673024993,0.08233754533479117,0.0472816812767054,0.0918984831103179,0.014440638250559079,0.30541719035007436
log_survival,20.0,10.0,12616,12533,591,0.7404017453177127,0.1206089075778918,0.06347267273765544,0.13868680458460625,0.014440638250559079,0.22750953485518038
log_survival,20.0,20.0,12616,12414,754,0.7634453552527506,0.16969379664216713,0.08052372960532905,0.1986119495509312,0.014440638250559079,0.1793339469164801
log_survival,20.0,30.0,12616,12414,785,0.7605048192980491,0.17184318945669624,0.0834807646940855,0.1986359840427011,0.014515311438429324,0.17387611974591452
log_survival,20.0,60.0,12616,12414,785,0.7603751994253434,0.17179573070318652,0.0834807646940855,0.19858332134071788,0.01456229720151192,0.17443895315136757
log_survival,20.0,120.0,12616,12414,785,0.7601421870396555,0.17167972419790625,0.0834807646940855,0.19845747649369883,0.014568314504474933,0.1745110332644938
log_survival,20.0,180.0,12616,12414,785,0.7599640472016017,0.17165793956589917,0.0834807646940855,0.19973631372435618,0.014539027030456397,0.17416020425465112
log_survival,20.0,300.0,12616,12414,785,0.7597645591282807,0.17154597961030826,0.0834807646940855,0.1995661461188375,0.014566220965557042,0.174485955165059
log_survival,20.0,600.0,12616,12414,785,0.7594445955734502,0.17137603744820773,0.0834807646940855,0.1995168114774617,0.01456607378624386,0.17448419213241645
log_survival,20.0,900.0,12616,12414,785,0.7592765113254378,0.17129954402838363,0.0834807646940855,0.19955519612840222,0.01456417707462132,0.1744614717892393
log_survival,20.0,1200.0,12616,12414,785,0.7591144997399835,0.17123386933166757,0.0834807646940855,0.1995132186158013,0.014424231940005194,0.17278509597824915
log_survival,20.0,1800.0,12616,12414,785,0.7587557975303879,0.17101711489990673,0.0834807646940855,0.19832449937498453,0.014496822213635907,0.1736546408835542
log_survival,20.0,2400.0,12616,12414,785,0.755953833372429,0.16941622777982276,0.0834807646940855,0.19404438405535585,0.015156160991401268,0.1815527330989466
log_survival,20.0,3600.0,12616,12107,927,0.7510500965750446,0.1767449240471217,0.08777818671260029,0.19781325020965113,0.01756880017191731,0.20014995558566673
log_survival,30.0,1.0,11942,11942,0,nan,nan,0.0,0.0,0.0,0.0
log_survival,30.0,2.0,11942,11942,66,0.8643441586985416,0.026357289009012397,0.007484538642326455,0.03597865029583602,0.0,0.0
log_survival,30.0,3.0,11942,11942,79,0.820042599566047,0.029041513763843993,0.010761836383899936,0.03616974481070234,0.0,0.0
log_survival,30.0,5.0,11942,11831,107,0.8004048406109099,0.04732341168520386,0.015219265605355359,0.04982639243602249,0.0,0.0
log_survival,30.0,10.0,11942,11823,163,0.8258663458735144,0.06927068478766402,0.018206683746770258,0.06452144044401242,0.0,0.0
log_survival,30.0,20.0,11942,11823,194,0.8038308140096793,0.06832789703949614,0.02136413041455787,0.06450911310633889,7.991446730348795e-05,0.0037405906888226498
log_survival,30.0,30.0,11942,11823,194,0.8038312896889495,0.06832805755728881,0.02136413041455787,0.06446457240361514,7.991446730348795e-05,0.0037405906888226498
log_survival,30.0,60.0,11942,11823,194,0.8036806244335409,0.06838734665345043,0.02136413041455787,0.0645709522727026,7.99495106726944e-05,0.003742230978809954
log_survival,30.0,120.0,11942,11823,194,0.803431346532529,0.06840350142270013,0.02136413041455787,0.06461763488871142,7.995638742508415e-05,0.0037425528619035465
log_survival,30.0,180.0,11942,11823,194,0.8033930649617612,0.06841675174195974,0.02136413041455787,0.06460900845858453,7.995464391108431e-05,0.0037424712524972187
log_survival,30.0,300.0,11942,11823,194,0.8034102373802462,0.06845392588958082,0.02136413041455787,0.06450505101446558,7.991340293067584e-05,0.0037405408682686906
log_survival,30.0,600.0,11942,11823,194,0.8031264290179766,0.0684148100335461,0.02136413041455787,0.06454075844574914,7.998429399314055e-05,0.0037438590965835866
log_survival,30.0,900.0,11942,11823,194,0.8030398180657284,0.06835631531113011,0.02136413041455787,0.06464272874510468,7.96839685514028e-05,0.003729801635038927
log_survival,30.0,1200.0,11942,11823,194,0.8028493803664529,0.06821334183462066,0.02136413041455787,0.06550888005253697,7.998002922904313e-05,0.003743659473944393
log_survival,30.0,1800.0,11942,11823,194,0.8024893935401322,0.0679115257902319,0.02136413041455787,0.06642044668475222,7.955276879800799e-05,0.003723660512004712
log_survival,30.0,2400.0,11942,11823,194,0.7993885175310091,0.06621112636936329,0.02136413041455787,0.06477788176198618,7.925129143582232e-05,0.003709549132026417
log_survival,30.0,3600.0,11942,11488,336,0.7972820186689835,0.082754123800358,0.025952808068072653,0.08289282556719024,0.0023976172926644113,0.09238373305792597
log_survival,45.0,1.0,11660,11660,0,nan,nan,0.0,0.0,0.0,0.0
log_survival,45.0,2.0,11660,11660,1,0.00833788407904504,1.636395823322806e-05,1.6227519660461098e-05,0.0,8.095408063757414e-05,4.988690960259411
log_survival,45.0,3.0,11660,11660,31,0.6763159327659538,0.005643114606320176,0.0032159993508992235,0.0017745413931068432,8.095408063757414e-05,0.025172293836109957
log_survival,45.0,5.0,11660,11660,31,0.6763216851471204,0.005643215023392175,0.0032159993508992235,0.0017801988810178804,8.095408063757414e-05,0.025172293836109957
log_survival,45.0,10.0,11660,11660,31,0.6763765317406905,0.0056445700167013614,0.0032159993508992235,0.0017801988810178804,8.095408063757414e-05,0.025172293836109957
log_survival,45.0,20.0,11660,11660,31,0.6762681268867333,0.005642466575095858,0.0032159993508992235,0.0017812996726292996,8.096510404020929e-05,0.02517572151175052
log_survival,45.0,30.0,11660,11660,31,0.676234557506894,0.005642519575135135,0.0032159993508992235,0.0017806057746188042,8.099302355546456e-05,0.025184402954813456
log_survival,45.0,60.0,11660,11660,31,0.675765625877435,0.0056346153199803755,0.0032159993508992235,0.001781233980879704,8.109542720091678e-05,0.025216244890796307
log_survival,45.0,120.0,11660,11660,31,0.6761136141803495,0.005648315870470128,0.0032159993508992235,0.0017813390900049964,8.11067881466565e-05,0.025219777523891068
log_survival,45.0,180.0,11660,11660,31,0.6759153289222655,0.005645111437646149,0.0032159993508992235,0.001779905857843378,8.111944838773422e-05,0.025223714166811774
log_survival,45.0,300.0,11660,11660,31,0.6763289871413308,0.005652997968288044,0.0032159993508992235,0.00178129310323627,8.104573558209704e-05,0.025200793513666567
log_survival,45.0,600.0,11660,11660,31,0.6760909893999429,0.005655727474927354,0.0032159993508992235,0.0017812865338917572,8.110937968530685e-05,0.025220583350748473
log_survival,45.0,900.0,11660,11660,31,0.6755383449854345,0.005644537140685095,0.0032159993508992235,0.001779560476809272,8.110818356998895e-05,0.025220211424268585
log_survival,45.0,1200.0,11660,11660,31,0.6763394868578191,0.005659074770280091,0.0032159993508992235,0.001770891385328377,8.10873568838355e-05,0.025213735463336683
log_survival,45.0,1800.0,11660,11660,31,0.6758539787325699,0.005649542157852418,0.0032159993508992235,0.0037035034602076466,8.093124890407033e-05,0.025165194415055214
log_survival,45.0,2400.0,11660,11660,31,0.6675041289855564,0.005484596202570569,0.0032159993508992235,0.0017807305050564493,8.109054496530099e-05,0.02521472678240041
log_survival,45.0,3600.0,11660,11305,173,0.7577800788162039,0.061601361344300914,0.007889770884633496,0.020542352486140336,0.0024493967408528716,0.3104522015491523
log_survival,60.0,1.0,11629,11629,0,nan,nan,0.0,0.0,0.0,0.0
log_survival,60.0,2.0,11629,11629,0,nan,nan,0.0,0.0,0.0,0.0
log_survival,60.0,3.0,11629,11629,0,nan,nan,0.0,0.0,0.0,0.0
log_survival,60.0,5.0,11629,11629,0,nan,nan,0.0,0.0,0.0,0.0
log_survival,60.0,10.0,11629,11629,0,nan,nan,0.0,0.0,0.0,0.0
log_survival,60.0,20.0,11629,11629,0,nan,nan,0.0,0.0,0.0,0.0
log_survival,60.0,30.0,11629,11629,0,nan,nan,0.0,0.0,0.0,0.0
log_survival,60.0,60.0,11629,11629,0,nan,nan,0.0,0.0,0.0,0.0
log_survival,60.0,120.0,11629,11629,0,nan,nan,0.0,0.0,0.0,0.0
log_survival,60.0,180.0,11629,11629,0,nan,nan,0.0,0.0,0.0,0.0
log_survival,60.0,300.0,11629,11629,0,nan,nan,0.0,0.0,0.0,0.0
log_survival,60.0,600.0,11629,11629,0,nan,nan,0.0,0.0,0.0,0.0
log_survival,60.0,900.0,11629,11629,0,nan,nan,0.0,0.0,0.0,0.0
log_survival,60.0,1200.0,11629,11629,0,nan,nan,0.0,0.0,0.0,0.0
log_survival,60.0,1800.0,11629,11629,0,nan,nan,0.0,0.0,0.0,0.0
log_survival,60.0,2400.0,11629,11629,0,nan,nan,0.0,0.0,0.0,0.0
log_survival,60.0,3600.0,11629,11274,142,0.8126669003679013,0.0948240296037438,0.004688850875105066,0.01353477852292706,0.002457562674626823,0.5241289902553693
log_survival,90.0,1.0,11629,11629,0,nan,nan,0.0,0.0,0.0,0.0
log_survival,90.0,2.0,11629,11629,0,nan,nan,0.0,0.0,0.0,0.0
log_survival,90.0,3.0,11629,11629,0,nan,nan,0.0,0.0,0.0,0.0
log_survival,90.0,5.0,11629,11629,0,nan,nan,0.0,0.0,0.0,0.0
log_survival,90.0,10.0,11629,11629,0,nan,nan,0.0,0.0,0.0,0.0
log_survival,90.0,20.0,11629,11629,0,nan,nan,0.0,0.0,0.0,0.0
log_survival,90.0,30.0,11629,11629,0,nan,nan,0.0,0.0,0.0,0.0
log_survival,90.0,60.0,11629,11629,0,nan,nan,0.0,0.0,0.0,0.0
log_survival,90.0,120.0,11629,11629,0,nan,nan,0.0,0.0,0.0,0.0
log_survival,90.0,180.0,11629,11629,0,nan,nan,0.0,0.0,0.0,0.0
log_survival,90.0,300.0,11629,11629,0,nan,nan,0.0,0.0,0.0,0.0
log_survival,90.0,600.0,11629,11629,0,nan,nan,0.0,0.0,0.0,0.0
log_survival,90.0,900.0,11629,11629,0,nan,nan,0.0,0.0,0.0,0.0
log_survival,90.0,1200.0,11629,11629,0,nan,nan,0.0,0.0,0.0,0.0
log_survival,90.0,1800.0,11629,11629,0,nan,nan,0.0,0.0,0.0,0.0
log_survival,90.0,2400.0,11629,11629,0,nan,nan,0.0,0.0,0.0,0.0
log_survival,90.0,3600.0,11629,11274,142,0.8127004283557011,0.09495980335516611,0.004688850875105066,0.013503338000546372,0.002459220597267553,0.5244825785192939
log_survival,120.0,1.0,11629,11629,0,nan,nan,0.0,0.0,0.0,0.0
log_survival,120.0,2.0,11629,11629,0,nan,nan,0.0,0.0,0.0,0.0
log_survival,120.0,3.0,11629,11629,0,nan,nan,0.0,0.0,0.0,0.0
log_survival,120.0,5.0,11629,11629,0,nan,nan,0.0,0.0,0.0,0.0
log_survival,120.0,10.0,11629,11629,0,nan,nan,0.0,0.0,0.0,0.0
log_survival,120.0,20.0,11629,11629,0,nan,nan,0.0,0.0,0.0,0.0
log_survival,120.0,30.0,11629,11629,0,nan,nan,0.0,0.0,0.0,0.0
log_survival,120.0,60.0,11629,11629,0,nan,nan,0.0,0.0,0.0,0.0
log_survival,120.0,120.0,11629,11629,0,nan,nan,0.0,0.0,0.0,0.0
log_survival,120.0,180.0,11629,11629,0,nan,nan,0.0,0.0,0.0,0.0
log_survival,120.0,300.0,11629,11629,0,nan,nan,0.0,0.0,0.0,0.0
log_survival,120.0,600.0,11629,11629,0,nan,nan,0.0,0.0,0.0,0.0
log_survival,120.0,900.0,11629,11629,0,nan,nan,0.0,0.0,0.0,0.0
log_survival,120.0,1200.0,11629,11629,0,nan,nan,0.0,0.0,0.0,0.0
log_survival,120.0,1800.0,11629,11629,0,nan,nan,0.0,0.0,0.0,0.0
log_survival,120.0,2400.0,11629,11629,0,nan,nan,0.0,0.0,0.0,0.0
log_survival,120.0,3600.0,11629,11274,142,0.8125806089345683,0.09509252554803108,0.004688850875105066,0.013533226382824504,0.002454253526604777,0.5234232420645673
log_survival,180.0,1.0,11629,11629,0,nan,nan,0.0,0.0,0.0,0.0
log_survival,180.0,2.0,11629,11629,0,nan,nan,0.0,0.0,0.0,0.0
log_survival,180.0,3.0,11629,11629,0,nan,nan,0.0,0.0,0.0,0.0
log_survival,180.0,5.0,11629,11629,0,nan,nan,0.0,0.0,0.0,0.0
log_survival,180.0,10.0,11629,11629,0,nan,nan,0.0,0.0,0.0,0.0
log_survival,180.0,20.0,11629,11629,0,nan,nan,0.0,0.0,0.0,0.0
log_survival,180.0,30.0,11629,11629,0,nan,nan,0.0,0.0,0.0,0.0
log_survival,180.0,60.0,11629,11629,0,nan,nan,0.0,0.0,0.0,0.0
log_survival,180.0,120.0,11629,11629,0,nan,nan,0.0,0.0,0.0,0.0
log_survival,180.0,180.0,11629,11629,0,nan,nan,0.0,0.0,0.0,0.0
log_survival,180.0,300.0,11629,11629,0,nan,nan,0.0,0.0,0.0,0.0
log_survival,180.0,600.0,11629,11629,0,nan,nan,0.0,0.0,0.0,0.0
log_survival,180.0,900.0,11629,11629,0,nan,nan,0.0,0.0,0.0,0.0
log_survival,180.0,1200.0,11629,11629,0,nan,nan,0.0,0.0,0.0,0.0
log_survival,180.0,1800.0,11629,11629,0,nan,nan,0.0,0.0,0.0,0.0
log_survival,180.0,2400.0,11629,11629,0,nan,nan,0.0,0.0,0.0,0.0
log_survival,180.0,3600.0,11629,11274,142,0.8122858632172545,0.09537859169593356,0.004688850875105066,0.013514844779390911,0.0024400511015716386,0.5203942643019038
log_survival,300.0,1.0,11629,11629,0,nan,nan,0.0,0.0,0.0,0.0
log_survival,300.0,2.0,11629,11629,0,nan,nan,0.0,0.0,0.0,0.0
log_survival,300.0,3.0,11629,11629,0,nan,nan,0.0,0.0,0.0,0.0
log_survival,300.0,5.0,11629,11629,0,nan,nan,0.0,0.0,0.0,0.0
log_survival,300.0,10.0,11629,11629,0,nan,nan,0.0,0.0,0.0,0.0
log_survival,300.0,20.0,11629,11629,0,nan,nan,0.0,0.0,0.0,0.0
log_survival,300.0,30.0,11629,11629,0,nan,nan,0.0,0.0,0.0,0.0
log_survival,300.0,60.0,11629,11629,0,nan,nan,0.0,0.0,0.0,0.0
log_survival,300.0,120.0,11629,11629,0,nan,nan,0.0,0.0,0.0,0.0
log_survival,300.0,180.0,11629,11629,0,nan,nan,0.0,0.0,0.0,0.0
log_survival,300.0,300.0,11629,11629,0,nan,nan,0.0,0.0,0.0,0.0
log_survival,300.0,600.0,11629,11629,0,nan,nan,0.0,0.0,0.0,0.0
log_survival,300.0,900.0,11629,11629,0,nan,nan,0.0,0.0,0.0,0.0
log_survival,300.0,1200.0,11629,11629,0,nan,nan,0.0,0.0,0.0,0.0
log_survival,300.0,1800.0,11629,11629,0,nan,nan,0.0,0.0,0.0,0.0
log_survival,300.0,2400.0,11629,11629,0,nan,nan,0.0,0.0,0.0,0.0
log_survival,300.0,3600.0,11629,11274,142,0.8117569990521718,0.09535053368734149,0.004688850875105066,0.013525871078421625,0.002459159939125377,0.5244696418438074
log_survival,600.0,1.0,11629,11629,0,nan,nan,0.0,0.0,0.0,0.0
log_survival,600.0,2.0,11629,11629,0,nan,nan,0.0,0.0,0.0,0.0
log_survival,600.0,3.0,11629,11629,0,nan,nan,0.0,0.0,0.0,0.0
log_survival,600.0,5.0,11629,11629,0,nan,nan,0.0,0.0,0.0,0.0
log_survival,600.0,10.0,11629,11629,0,nan,nan,0.0,0.0,0.0,0.0
log_survival,600.0,20.0,11629,11629,0,nan,nan,0.0,0.0,0.0,0.0
log_survival,600.0,30.0,11629,11629,0,nan,nan,0.0,0.0,0.0,0.0
log_survival,600.0,60.0,11629,11629,0,nan,nan,0.0,0.0,0.0,0.0
log_survival,600.0,120.0,11629,11629,0,nan,nan,0.0,0.0,0.0,0.0
log_survival,600.0,180.0,11629,11629,0,nan,nan,0.0,0.0,0.0,0.0
log_survival,600.0,300.0,11629,11629,0,nan,nan,0.0,0.0,0.0,0.0
log_survival,600.0,600.0,11629,11629,0,nan,nan,0.0,0.0,0.0,0.0
log_survival,600.0,900.0,11629,11629,0,nan,nan,0.0,0.0,0.0,0.0
log_survival,600.0,1200.0,11629,11629,0,nan,nan,0.0,0.0,0.0,0.0
log_survival,600.0,1800.0,11629,11629,0,nan,nan,0.0,0.0,0.0,0.0
log_survival,600.0,2400.0,11629,11629,0,nan,nan,0.0,0.0,0.0,0.0
log_survival,600.0,3600.0,11629,11274,142,0.811448171948397,0.09555839445398485,0.004688850875105066,0.01353462830026031,0.0024539514895387526,0.5233588260543187
log_survival,900.0,1.0,11629,11629,0,nan,nan,0.0,0.0,0.0,0.0
log_survival,900.0,2.0,11629,11629,0,nan,nan,0.0,0.0,0.0,0.0
log_survival,900.0,3.0,11629,11629,0,nan,nan,0.0,0.0,0.0,0.0
log_survival,900.0,5.0,11629,11629,0,nan,nan,0.0,0.0,0.0,0.0
log_survival,900.0,10.0,11629,11629,0,nan,nan,0.0,0.0,0.0,0.0
log_survival,900.0,20.0,11629,11629,0,nan,nan,0.0,0.0,0.0,0.0
log_survival,900.0,30.0,11629,11629,0,nan,nan,0.0,0.0,0.0,0.0
log_survival,900.0,60.0,11629,11629,0,nan,nan,0.0,0.0,0.0,0.0
log_survival,900.0,120.0,11629,11629,0,nan,nan,0.0,0.0,0.0,0.0
log_survival,900.0,180.0,11629,11629,0,nan,nan,0.0,0.0,0.0,0.0
log_survival,900.0,300.0,11629,11629,0,nan,nan,0.0,0.0,0.0,0.0
log_survival,900.0,600.0,11629,11629,0,nan,nan,0.0,0.0,0.0,0.0
log_survival,900.0,900.0,11629,11629,0,nan,nan,0.0,0.0,0.0,0.0
log_survival,900.0,1200.0,11629,11629,0,nan,nan,0.0,0.0,0.0,0.0
log_survival,900.0,1800.0,11629,11629,0,nan,nan,0.0,0.0,0.0,0.0
log_survival,900.0,2400.0,11629,11629,0,nan,nan,0.0,0.0,0.0,0.0
log_survival,900.0,3600.0,11629,11274,142,0.8098522469759729,0.09569506233465085,0.004688850875105066,0.01352882224668428,0.002458656592011055,0.5243622920628633
log_survival,1200.0,1.0,11629,11629,0,nan,nan,0.0,0.0,0.0,0.0
log_survival,1200.0,2.0,11629,11629,0,nan,nan,0.0,0.0,0.0,0.0
log_survival,1200.0,3.0,11629,11629,0,nan,nan,0.0,0.0,0.0,0.0
log_survival,1200.0,5.0,11629,11629,0,nan,nan,0.0,0.0,0.0,0.0
log_survival,1200.0,10.0,11629,11629,0,nan,nan,0.0,0.0,0.0,0.0
log_survival,1200.0,20.0,11629,11629,0,nan,nan,0.0,0.0,0.0,0.0
log_survival,1200.0,30.0,11629,11629,0,nan,nan,0.0,0.0,0.0,0.0
log_survival,1200.0,60.0,11629,11629,0,nan,nan,0.0,0.0,0.0,0.0
log_survival,1200.0,120.0,11629,11629,0,nan,nan,0.0,0.0,0.0,0.0
log_survival,1200.0,180.0,11629,11629,0,nan,nan,0.0,0.0,0.0,0.0
log_survival,1200.0,300.0,11629,11629,0,nan,nan,0.0,0.0,0.0,0.0
log_survival,1200.0,600.0,11629,11629,0,nan,nan,0.0,0.0,0.0,0.0
log_survival,1200.0,900.0,11629,11629,0,nan,nan,0.0,0.0,0.0,0.0
log_survival,1200.0,1200.0,11629,11629,0,nan,nan,0.0,0.0,0.0,0.0
log_survival,1200.0,1800.0,11629,11629,0,nan,nan,0.0,0.0,0.0,0.0
log_survival,1200.0,2400.0,11629,11453,142,0.8112101559575808,0.09561513495688302,0.004688850875105066,0.01352882224668428,0.002458656592011055,0.5243622920628633
log_survival,1200.0,3600.0,11629,11274,142,0.8096479083728874,0.09580422494157714,0.004688850875105066,0.013534010753218473,0.002456496966337096,0.5239017046542458
log_survival,1800.0,1.0,11629,11629,0,nan,nan,0.0,0.0,0.0,0.0
log_survival,1800.0,2.0,11629,11629,0,nan,nan,0.0,0.0,0.0,0.0
log_survival,1800.0,3.0,11629,11629,0,nan,nan,0.0,0.0,0.0,0.0
log_survival,1800.0,5.0,11629,11629,0,nan,nan,0.0,0.0,0.0,0.0
log_survival,1800.0,10.0,11629,11629,0,nan,nan,0.0,0.0,0.0,0.0
log_survival,1800.0,20.0,11629,11629,0,nan,nan,0.0,0.0,0.0,0.0
log_survival,1800.0,30.0,11629,11629,0,nan,nan,0.0,0.0,0.0,0.0
log_survival,1800.0,60.0,11629,11629,0,nan,nan,0.0,0.0,0.0,0.0
log_survival,1800.0,120.0,11629,11629,0,nan,nan,0.0,0.0,0.0,0.0
log_survival,1800.0,180.0,11629,11629,0,nan,nan,0.0,0.0,0.0,0.0
log_survival,1800.0,300.0,11629,11629,0,nan,nan,0.0,0.0,0.0,0.0
log_survival,1800.0,600.0,11629,11629,0,nan,nan,0.0,0.0,0.0,0.0
log_survival,1800.0,900.0,11629,11629,0,nan,nan,0.0,0.0,0.0,0.0
log_survival,1800.0,1200.0,11629,11629,0,nan,nan,0.0,0.0,0.0,0.0
log_survival,1800.0,1800.0,11629,11453,142,0.8100241874632997,0.09598751697116714,0.004688850875105066,0.011957035069612765,0.002456415259833089,0.5238842789552454
log_survival,1800.0,2400.0,11629,11274,142,0.8087609714140616,0.0960635320467623,0.004688850875105066,0.011957035069612765,0.002456415259833089,0.5238842789552454
log_survival,1800.0,3600.0,11629,11274,142,0.8087611027749112,0.09592138075921113,0.004688850875105066,0.011950345126755968,0.002456415259833089,0.5238842789552454
log_survival,2400.0,1.0,11629,11629,0,nan,nan,0.0,0.0,0.0,0.0
log_survival,2400.0,2.0,11629,11629,0,nan,nan,0.0,0.0,0.0,0.0
log_survival,2400.0,3.0,11629,11629,0,nan,nan,0.0,0.0,0.0,0.0
log_survival,2400.0,5.0,11629,11629,0,nan,nan,0.0,0.0,0.0,0.0
log_survival,2400.0,10.0,11629,11629,0,nan,nan,0.0,0.0,0.0,0.0
log_survival,2400.0,20.0,11629,11629,0,nan,nan,0.0,0.0,0.0,0.0
log_survival,2400.0,30.0,11629,11629,0,nan,nan,0.0,0.0,0.0,0.0
log_survival,2400.0,60.0,11629,11629,0,nan,nan,0.0,0.0,0.0,0.0
log_survival,2400.0,120.0,11629,11629,0,nan,nan,0.0,0.0,0.0,0.0
log_survival,2400.0,180.0,11629,11629,0,nan,nan,0.0,0.0,0.0,0.0
log_survival,2400.0,300.0,11629,11629,0,nan,nan,0.0,0.0,0.0,0.0
log_survival,2400.0,600.0,11629,11629,0,nan,nan,0.0,0.0,0.0,0.0
log_survival,2400.0,900.0,11629,11629,0,nan,nan,0.0,0.0,0.0,0.0
log_survival,2400.0,1200.0,11629,11453,142,0.8100238722500827,0.09597720262580386,0.004688850875105066,0.011957035069612765,0.002456415259833089,0.5238842789552454
log_survival,2400.0,1800.0,11629,11274,142,0.8087627838132257,0.09602040880228974,0.004688850875105066,0.011957035069612765,0.002456415259833089,0.5238842789552454
log_survival,2400.0,2400.0,11629,11274,142,0.808761095622533,0.09592085112285902,0.004688850875105066,0.011950345126755968,0.002456415259833089,0.5238842789552454
log_survival,2400.0,3600.0,11629,11274,142,0.8087597354965878,0.09588079286025543,0.004688850875105066,0.011950345126755968,0.002456415259833089,0.5238842789552454
log_survival,3600.0,1.0,11311,11311,0,nan,nan,0.0,0.0,0.0,0.0
log_survival,3600.0,2.0,11311,11311,0,nan,nan,0.0,0.0,0.0,0.0
log_survival,3600.0,3.0,11311,11311,0,nan,nan,0.0,0.0,0.0,0.0
log_survival,3600.0,5.0,11311,11302,0,nan,nan,0.0,0.0,0.0,0.0
log_survival,3600.0,10.0,11311,11269,0,nan,nan,0.0,0.0,0.0,0.0
log_survival,3600.0,20.0,11311,11180,0,nan,nan,0.0,0.0,0.0,0.0
log_survival,3600.0,30.0,11311,11152,0,nan,nan,0.0,0.0,0.0,0.0
log_survival,3600.0,60.0,11311,11132,0,nan,nan,0.0,0.0,0.0,0.0
log_survival,3600.0,120.0,11311,11132,0,nan,nan,0.0,0.0,0.0,0.0
log_survival,3600.0,180.0,11311,11132,0,nan,nan,0.0,0.0,0.0,0.0
log_survival,3600.0,300.0,11311,11132,0,nan,nan,0.0,0.0,0.0,0.0
log_survival,3600.0,600.0,11311,11132,0,nan,nan,0.0,0.0,0.0,0.0
log_survival,3600.0,900.0,11311,11132,0,nan,nan,0.0,0.0,0.0,0.0
log_survival,3600.0,1200.0,11311,11132,0,nan,nan,0.0,0.0,0.0,0.0
log_survival,3600.0,1800.0,11311,11132,0,nan,nan,0.0,0.0,0.0,0.0
log_survival,3600.0,2400.0,11311,11132,0,nan,nan,0.0,0.0,0.0,0.0
log_survival,3600.0,3600.0,11311,11027,0,nan,nan,0.0,0.0,0.0,0.0
linear_survival,0.0,1.0,23786,23786,1,0.9233243366066856,0.00010352924936588335,7.938932766848872e-06,3.969258692826383e-05,0.0,0.0
linear_survival,0.0,2.0,23786,23725,231,0.6601447345911065,0.014216358632727794,0.008121167359919745,0.006796453407217573,1.7433594536653274e-05,0.0021466857859244455
linear_survival,0.0,3.0,23786,23666,2205,0.7524003260863524,0.202075737476148,0.08305948758401405,0.19276412095201745,0.0017782972192527113,0.02140992282734681
linear_survival,0.0,5.0,23786,23666,5341,0.7446153233057694,0.39921919389806243,0.20693093745854563,0.3711523546705623,0.015305279934128335,0.07396322716217547
linear_survival,0.0,10.0,23786,23583,8969,0.7135264295711532,0.555244914675042,0.3628365665246679,0.5496839308768978,0.08915424994607313,0.24571462242632555
linear_survival,0.0,20.0,23786,23555,10939,0.6971199401893329,0.628223225285749,0.45389758664441904,0.6420626168945031,0.18541767708178436,0.40850113007329025
linear_survival,0.0,30.0,23786,23472,11530,0.6958894661024193,0.655692122312814,0.4885601664085818,0.6718941126542147,0.20321831710740035,0.4159535121360044
linear_survival,0.0,60.0,23786,23353,11724,0.6967479310338726,0.6678494874181189,0.49948663371262847,0.6814948973577462,0.21851703111137832,0.4374832405166993
linear_survival,0.0,120.0,23786,23353,11724,0.6967142983077433,0.6678319650433555,0.49948663371262847,0.6810902025739696,0.21852968867187883,0.43750858165627377
linear_survival,0.0,180.0,23786,23353,11724,0.6966845697083923,0.667823314526734,0.49948663371262847,0.6809791848324758,0.21853153468866315,0.43751227748446964
linear_survival,0.0,300.0,23786,23353,11724,0.6966706190872248,0.6678089502757433,0.49948663371262847,0.6802587746939334,0.21853153468866315,0.43751227748446964
linear_survival,0.0,600.0,23786,23353,11724,0.6966211870369285,0.6677686498729715,0.49948663371262847,0.6782628313900072,0.21849262714646078,0.4374343824226675
linear_survival,0.0,900.0,23786,23353,11724,0.6965974958755429,0.6677572146389738,0.49948663371262847,0.6782972556405991,0.21850295755610727,0.4374550644768993
linear_survival,0.0,1200.0,23786,23353,11724,0.6965692970280838,0.6677322067557877,0.49948663371262847,0.6781642923533825,0.21849494839801686,0.43743902969728793
linear_survival,0.0,1800.0,23786,23353,11724,0.6965311311098203,0.6677445293857887,0.49948663371262847,0.6781300992453869,0.21840016887114433,0.43724927581705286
linear_survival,0.0,2400.0,23786,23353,11724,0.6965965283435157,0.6678921715365941,0.49948663371262847,0.6773278884152116,0.21805582939790202,0.43655988905472276
linear_survival,0.0,3600.0,23786,23177,11866,0.6931842949521088,0.6709061624262828,0.5018334662481468,0.6758355575073278,0.22327247816302265,0.4449134885966708
linear_survival,1.0,1.0,23785,23724,230,0.6598869515679432,0.014197062400475961,0.008113292838039188,0.006757029024251238,1.7433594536653274e-05,0.0021487692956078
linear_survival,1.0,2.0,23785,23665,2204,0.7562799121591344,0.2059287519056113,0.08305220799714308,0.1899612051652687,0.001062490927684956,0.012793048533056515
linear_survival,1.0,3.0,23785,23665,3803,0.7373492575133163,0.3200810186672948,0.15295576737793903,0.29021980718161977,0.014583772305300502,0.0953463380642941
linear_survival,1.0,5.0,23785,23654,6571,0.7414865405509652,0.46310365918998725,0.25451336307520667,0.44388298943629556,0.03047159632494678,0.11972493686291304
linear_survival,1.0,10.0,23785,23582,9167,0.7045769331413753,0.5600740967027236,0.37791367457351954,0.5638148320979748,0.11294151002477348,0.29885531438424245
linear_survival,1.0,20.0,23785,23554,11059,0.696905365718269,0.6337048412424164,0.4616451100382817,0.6473730207336307,0.18660658345848347,0.40422086013866626
linear_survival,1.0,30.0,23785,23471,11529,0.6956867946690183,0.6552204639001934,0.4885561060898953,0.6698382585097564,0.20134081533648596,0.41211400866093945
linear_survival,1.0,60.0,23785,23352,11723,0.6965400553564352,0.6673441216360952,0.4994826601391199,0.6802488587750061,0.22033009041742213,0.44111659523086155
linear_survival,1.0,120.0,23785,23352,11723,0.6965121752304513,0.6673496604783629,0.4994826601391199,0.6795529541746879,0.22032690001548438,0.44111020781805954
linear_survival,1.0,180.0,23785,23352,11723,0.6964846964085716,0.6673610286390179,0.4994826601391199,0.6795659411212944,0.22013741246601093,0.4407308401951261
linear_survival,1.0,300.0,23785,23352,11723,0.6964633735861534,0.6673390386108474,0.4994826601391199,0.6795777516022656,0.22034416773052257,0.4411447790182557
linear_survival,1.0,600.0,23785,23352,11723,0.6964057500586195,0.6673054433200648,0.4994826601391199,0.6797153115344599,0.22034894057399457,0.44115433459215825
linear_survival,1.0,900.0,23785,23352,11723,0.6963834684208869,0.6672956217686578,0.4994826601391199,0.6797132620943034,0.22034894057399457,0.44115433459215825
linear_survival,1.0,1200.0,23785,23352,11723,0.6963689612410748,0.6672907554251261,0.4994826601391199,0.6796773741954307,0.22034894057399457,0.44115433459215825
linear_survival,1.0,1800.0,23785,23352,11723,0.6963323039677887,0.6672822304847978,0.4994826601391199,0.6787801144347255,0.22029778912234976,0.44105192572849405
linear_survival,1.0,2400.0,23785,23352,11723,0.696410110210692,0.6673370757463919,0.4994826601391199,0.678692120973016,0.21981718088020186,0.44008971366288596
linear_survival,1.0,3600.0,23785,23176,11865,0.6930741691470444,0.670194385917713,0.5018295113061318,0.6788191280123488,0.22457118793689168,0.44750494516034184
linear_survival,2.0,1.0,23494,23435,1974,0.7596608596102712,0.20286612243500796,0.07555188976523597,0.17977721900319543,0.0011745236483456933,0.015545920188036542
linear_survival,2.0,2.0,23494,23435,3573,0.7337398791622802,0.3091290692504053,0.14602723627008873,0.27553599844514953,0.01421529903052654,0.09734690180833279
linear_survival,2.0,3.0,23494,23435,5110,0.7411408356768785,0.38642994982439605,0.20043755704459953,0.35737400240516093,0.014720860203428443,0.07344362214588801
linear_survival,2.0,5.0,23494,23352,7141,0.7284330650064388,0.489576500987898,0.2877158659032041,0.47545412853789004,0.05071190700751127,0.17625690139928613
linear_survival,2.0,10.0,23494,23345,9472,0.6937459944101296,0.5691742676469176,0.3952714513743111,0.5696226795554706,0.13095506470355855,0.331304130992116
linear_survival,2.0,20.0,23494,23324,10942,0.6946863909959365,0.6332792260007388,0.465465097682372,0.6449689397482181,0.18725097661006707,0.40228789987137764
linear_survival,2.0,30.0,23494,23241,11365,0.6948913783096924,0.6522286211106954,0.48823190324309185,0.6639944755440028,0.20023998714467417,0.41013294259259864
linear_survival,2.0,60.0,23494,23122,11493,0.6940368822934938,0.6603486107787948,0.495388600082173,0.6741461230516861,0.2226901260110522,0.44952614164741234
linear_survival,2.0,120.0,23494,23122,11493,0.6940044475731844,0.6603523279581284,0.495388600082173,0.6735664884321952,0.2226621292325699,0.44946962686593034
linear_survival,2.0,180.0,23494,23122,11493,0.6939786180043106,0.6603635743715114,0.495388600082173,0.6735301144711134,0.2226441058858184,0.4494332446263138
linear_survival,2.0,300.0,23494,23122,11493,0.6939586534201152,0.6603529899295311,0.495388600082173,0.6735486777964843,0.2226441058858184,0.4494332446263138
linear_survival,2.0,600.0,23494,23122,11493,0.6939196128502333,0.6603763800506621,0.495388600082173,0.6733342687329005,0.22270418072695997,0.4495545127401372
linear_survival,2.0,900.0,23494,23122,11493,0.693904891783106,0.6603819567509945,0.495388600082173,0.6734236366172561,0.22270418072695997,0.4495545127401372
linear_survival,2.0,1200.0,23494,23122,11493,0.6938879698446049,0.6603630859053639,0.495388600082173,0.6732054624942718,0.2227354912174757,0.4496177166380681
linear_survival,2.0,1800.0,23494,23122,11493,0.6938613809552716,0.660425089311148,0.495388600082173,0.6733276942416144,0.22272745580494502,0.4496014962152942
linear_survival,2.0,2400.0,23494,23122,11493,0.6939492459014585,0.6604794687991341,0.495388600082173,0.6728599873780392,0.2224208625473565,0.4489826017604407
linear_survival,2.0,3600.0,23494,22946,11635,0.6905339601368686,0.662974359556,0.49775464768626576,0.6738922063074653,0.2271818429199841,0.4564133031725634
linear_survival,3.0,1.0,21461,21461,1599,0.6927119136193376,0.14597451040899656,0.0762350484841765,0.11881353733329747,0.013979332266121691,0.18337146160565856
linear_survival,3.0,2.0,21461,21461,3136,0.715385015862539,0.24503414761916623,0.13509213323790425,0.22481440529681673,0.014521279152692745,0.10749167108879701
linear_survival,3.0,3.0,21461,21450,4367,0.7171939601347554,0.33134418484391165,0.18699118594696384,0.3302221224152727,0.029350512022470854,0.1569620079889515
linear_survival,3.0,5.0,21461,21378,5868,0.6975695454413743,0.424788589816548,0.2703686963064772,0.4183526799765327,0.058326553395629754,0.21572968391841313
linear_survival,3.0,10.0,21461,21371,7702,0.6745520085972785,0.4986479745459654,0.35262975583669,0.5135645560206029,0.12645568770091187,0.35860753554636515
linear_survival,3.0,20.0,21461,21345,9009,0.6800418266441953,0.5778070647738303,0.4251707875664432,0.5828840050121824,0.1746117788019813,0.4106862087148779
linear_survival,3.0,30.0,21461,21267,9404,0.6832965528406933,0.6012075416087587,0.4482348691857436,0.615835846219825,0.18897168173263312,0.4215907657427814
linear_survival,3.0,60.0,21461,21148,9519,0.6824144506759764,0.6098975578592835,0.4541484867228722,0.6291981016375051,0.19467814871889288,0.4286662939773005
linear_survival,3.0,120.0,21461,21148,9519,0.682387044468165,0.6098749453975614,0.4541484867228722,0.6292575700451153,0.19466725491794845,0.42864230666640346
linear_survival,3.0,180.0,21461,21148,9519,0.682359519015923,0.6098706021956052,0.4541484867228722,0.6293063617663368,0.19469235723861356,0.4286975800437216
linear_survival,3.0,300.0,21461,21148,9519,0.682339753879375,0.6098547093587003,0.4541484867228722,0.6292479506658317,0.19454727965888274,0.4283781303835946
linear_survival,3.0,600.0,21461,21148,9519,0.6822980307068113,0.6098702820082234,0.4541484867228722,0.6291659859346445,0.19453313156421348,0.42834697736848415
linear_survival,3.0,900.0,21461,21148,9519,0.6822732513253742,0.6098468805033641,0.4541484867228722,0.6292481793451673,0.19453313156421348,0.42834697736848415
linear_survival,3.0,1200.0,21461,21148,9519,0.6822416244290953,0.60979439998712,0.4541484867228722,0.6289678400747171,0.19451406531665794,0.42830499495939783
linear_survival,3.0,1800.0,21461,21148,9519,0.6822060607928064,0.6098141768252288,0.4541484867228722,0.6280003448581637,0.19445353853630465,0.42817171964939943
linear_survival,3.0,2400.0,21461,21148,9519,0.6823971945281567,0.610027610480993,0.4541484867228722,0.6277901164385961,0.19448279036663219,0.42823612992749727
linear_survival,3.0,3600.0,21461,20972,9661,0.6790177673000778,0.6130216013471812,0.4567079030685791,0.6260182112787436,0.1987369170767136,0.43515103579644276
linear_survival,5.0,1.0,18325,18314,1231,0.6730658533919578,0.15397092788517006,0.06000529617489858,0.13456350737335832,0.02674890699258403,0.4457757681025102
linear_survival,5.0,2.0,18325,18242,2031,0.6660972930761557,0.22749453639047673,0.10915758941353015,0.2095602923014055,0.04259779990639545,0.39024130282887526
linear_survival,5.0,3.0,18325,18242,2732,0.6615627897165148,0.2660788566609961,0.1564057494065807,0.26325686892243094,0.05411271389270478,0.34597650085124054
linear_survival,5.0,5.0,18325,18242,3628,0.6535694477526542,0.3069308188015516,0.19658518586831508,0.32161687231933545,0.07204526515655996,0.36648369427399446
linear_survival,5.0,10.0,18325,18235,4998,0.6468361356683867,0.3838887631359117,0.2746372838186888,0.4036294630795527,0.13581275558560568,0.494516817590095
linear_survival,5.0,20.0,18325,18192,5927,0.6589514904008421,0.47149913763863915,0.3439641039135012,0.4875776386449663,0.17171429881775546,0.49922156662294487
linear_survival,5.0,30.0,18325,18020,6296,0.6677628731460082,0.5023935283782377,0.3649278244333166,0.5113692630543053,0.173017085287396,0.4741131634894326
linear_survival,5.0,60.0,18325,18012,6383,0.6679387194918768,0.507673224582405,0.36889056712988466,0.5271343297393837,0.1783850223629727,0.48357165581890355
linear_survival,5.0,120.0,18325,18012,6383,0.6678797722566215,0.5076063430481227,0.36889056712988466,0.526188139833218,0.17846182283912793,0.4837798489336062
linear_survival,5.0,180.0,18325,18012,6383,0.6678235540058451,0.5075489286932949,0.36889056712988466,0.5263788319250309,0.17847037539318555,0.483803033462623
linear_survival,5.0,300.0,18325,18012,6383,0.6677880271407903,0.5075684409442013,0.36889056712988466,0.5263865674186909,0.17847037539318555,0.483803033462623
linear_survival,5.0,600.0,18325,18012,6383,0.6677126574867859,0.5075156400468941,0.36889056712988466,0.5264770907789793,0.17847037539318555,0.483803033462623
linear_survival,5.0,900.0,18325,18012,6383,0.6676907747243754,0.5075295901100502,0.36889056712988466,0.5264815177941098,0.17847037539318555,0.483803033462623
linear_survival,5.0,1200.0,18325,18012,6383,0.6676674052966407,0.5074810504594102,0.36889056712988466,0.5266900888109665,0.17835674223821396,0.4834949931788724
linear_survival,5.0,1800.0,18325,18012,6383,0.667591779085079,0.5073560286565932,0.36889056712988466,0.5266900888109665,0.1783267678157192,0.48341373758394635
linear_survival,5.0,2400.0,18325,18012,6383,0.6673141804800939,0.5071011168493281,0.36889056712988466,0.5270860349092836,0.17933584134330127,0.48614916542487235
linear_survival,5.0,3600.0,18325,17827,6525,0.6629967389375081,0.5095416871574476,0.3718497451464846,0.5276329433611499,0.18565285878165783,0.49926848466313367
linear_survival,7.0,1.0,16211,16211,701,0.6370296645163583,0.0718440652787745,0.05303761858614886,0.07544706094451548,0.01297656568255412,0.2446672009128072
linear_survival,7.0,2.0,16211,16211,1332,0.6402862504517997,0.11583929270163695,0.08336589952397255,0.1313144407338409,0.024357968311142675,0.29218143689720927
linear_survival,7.0,3.0,16211,16211,1597,0.6248146616571109,0.12881865031515483,0.09814036176974161,0.1436982220581544,0.032285757166441664,0.32897532253030604
linear_survival,7.0,5.0,16211,16204,2331,0.6114300634698212,0.19420920453041043,0.15100095639149924,0.20574852446272107,0.06135251254031604,0.4063054566439153
linear_survival,7.0,10.0,16211,16183,3417,0.6526711283760654,0.30613313109400236,0.21461316459115343,0.33586487042729574,0.09120881856348129,0.4249917228388002
linear_survival,7.0,20.0,16211,16100,4123,0.6552445470305645,0.38569698187056106,0.2724013531562548,0.39672556703859274,0.12388614557365807,0.45479269518383975
linear_survival,7.0,30.0,16211,15981,4321,0.6662448934139668,0.4207236442542049,0.28927314048222497,0.4212521192227977,0.1309935893361377,0.452837028414627
linear_survival,7.0,60.0,16211,15981,4352,0.6669903743295236,0.4255734833754351,0.2915588376011007,0.44162504659707436,0.12603660747354628,0.4322853270734486
linear_survival,7.0,120.0,16211,15981,4352,0.6669336301570354,0.42546408995626495,0.2915588376011007,0.44233206446004103,0.125961097414946,0.43202633969641835
linear_survival,7.0,180.0,16211,15981,4352,0.6668673967378775,0.4253449331689914,0.2915588376011007,0.44307104282521537,0.1259106528774594,0.43185332303226354
linear_survival,7.0,300.0,16211,15981,4352,0.6668377678939381,0.4253439647201016,0.2915588376011007,0.4430323918504224,0.12593143690161612,0.43192460889801787
linear_survival,7.0,600.0,16211,15981,4352,0.6667619208755796,0.4252411674072282,0.2915588376011007,0.44316132716670353,0.12590745979468598,0.4318423712710352
linear_survival,7.0,900.0,16211,15981,4352,0.6667382809432767,0.4252361679790844,0.2915588376011007,0.44316132716670353,0.12589154855988383,0.4317877982903872
linear_survival,7.0,1200.0,16211,15981,4352,0.6667331007184607,0.42527838308712784,0.2915588376011007,0.4430580198870332,0.1258808350968328,0.43175105283228626
linear_survival,7.0,1800.0,16211,15981,4352,0.6667057915479101,0.42539207450468774,0.2915588376011007,0.4443870822901821,0.12587780535733684,0.43174066131227307
linear_survival,7.0,2400.0,16211,15981,4352,0.6664150024476503,0.42502491612046334,0.2915588376011007,0.443423029552514,0.12712377535906205,0.43601413836402997
linear_survival,7.0,3600.0,16211,15796,4494,0.6617816879312542,0.42776885124913916,0.29488061256537523,0.44835010974943,0.13389560584349436,0.45406717206208197
linear_survival,10.0,1.0,14614,14614,199,0.5623044034845192,0.08041178011168139,0.02367060938839538,0.019188127970338975,0.00318127559441872,0.13439770570411905
linear_survival,10.0,2.0,14614,14607,734,0.5774381608700113,0.09212772492149457,0.058612884290384026,0.05789016507020728,0.0032402938729506614,0.05528296230735502
linear_survival,10.0,3.0,14614,14607,938,0.5826310364491434,0.10301113901745755,0.06837088850462147,0.07383357985659345,0.0032402938729506614,0.047392888169526075
linear_survival,10.0,5.0,14614,14607,1370,0.5939841338739839,0.13780985985770924,0.09715043409391255,0.10932750822951087,0.013385726334146142,0.13778349483448055
linear_survival,10.0,10.0,14614,14586,1970,0.639154129371218,0.22671467818667246,0.14291626815912772,0.21976615039588865,0.02682285568507836,0.187682312381771
linear_survival,10.0,20.0,14614,14503,2561,0.658770008998928,0.30369046938966243,0.197317663379032,0.321409858329437,0.05041397997041308,0.2554965384602782
linear_survival,10.0,30.0,14614,14384,2724,0.6713476587568563,0.3425864125627623,0.2119318468310083,0.3698296830181711,0.04047600792360684,0.19098596331245055
linear_survival,10.0,60.0,14614,14384,2755,0.6718782578770957,0.33731730153923695,0.2144662735000642,0.3664873009647317,0.04684167157492192,0.21841043260775403
linear_survival,10.0,120.0,14614,14384,2755,0.6718556713497902,0.3372363695458647,0.2144662735000642,0.36588338442769464,0.04684167157492192,0.21841043260775403
linear_survival,10.0,180.0,14614,14384,2755,0.6718550097489795,0.3371214603711401,0.2144662735000642,0.36606875539935735,0.04681639343455535,0.2182925672671854
linear_survival,10.0,300.0,14614,14384,2755,0.6718467708042991,0.3370157555950317,0.2144662735000642,0.3681313212267936,0.04681639343455535,0.2182925672671854
linear_survival,10.0,600.0,14614,14384,2755,0.6718246913090244,0.336861327291899,0.2144662735000642,0.3689954721987111,0.04684081943853613,0.21840645931921837
linear_survival,10.0,900.0,14614,14384,2755,0.6718443722473219,0.3368382468038334,0.2144662735000642,0.370026145057463,0.04683688812333553,0.21838812862723384
linear_survival,10.0,1200.0,14614,14384,2755,0.6718249523973843,0.33673730733883606,0.2144662735000642,0.3698355448755499,0.04683688812333553,0.21838812862723384
linear_survival,10.0,1800.0,14614,14384,2755,0.6717573419879933,0.33660237733119197,0.2144662735000642,0.3694538197822831,0.04684189172996123,0.2184114591329774
linear_survival,10.0,2400.0,14614,14384,2755,0.6714922377792902,0.33632921309939157,0.2144662735000642,0.369700779471722,0.04185248299525035,0.19514715443236264
linear_survival,10.0,3600.0,14614,14166,2897,0.6658395649483407,0.3401366774373109,0.21814952400098797,0.37729907377569694,0.04457454225963953,0.20433022929464498
linear_survival,15.0,1.0,13237,13237,176,0.6209967761826658,0.020779692029418442,0.008536237257188883,0.011194446492715837,0.001964070491239256,0.2300862115313387
linear_survival,15.0,2.0,13237,13216,450,0.7223983192167809,0.09073261547097396,0.035439944608885665,0.08700211744953201,0.0060156914562405905,0.1697432522152506
linear_survival,15.0,3.0,13237,13216,471,0.6970620953109592,0.08980129679545186,0.037201651924070545,0.08780783466962294,0.013164865828972805,0.35387852818586146
linear_survival,15.0,5.0,13237,13216,600,0.707898149496274,0.12028252964135834,0.050690431488755516,0.1233658279177059,0.01460018870274249,0.2880265224410488
linear_survival,15.0,10.0,13237,13194,929,0.704291351264746,0.19674743246298257,0.09557538394003118,0.22349158962077054,0.02644616651211018,0.27670478968417056
linear_survival,15.0,20.0,13237,13022,1298,0.7176300934647961,0.24523419044164793,0.12447640139262262,0.2738433639858573,0.02770962868465232,0.22260949364410687
linear_survival,15.0,30.0,13237,13014,1354,0.7271118737792946,0.257450537401004,0.12713237849530656,0.2872593247507518,0.02781508914541997,0.21878839580152146
linear_survival,15.0,60.0,13237,13014,1385,0.7295005437638783,0.25609329352652116,0.12993952019948662,0.286648615014755,0.027687240938341184,0.2130779065201641
linear_survival,15.0,120.0,13237,13014,1385,0.7294245794904751,0.25522870500213607,0.12993952019948662,0.28725716782651856,0.027733312604642513,0.21343246890603867
linear_survival,15.0,180.0,13237,13014,1385,0.729372428710929,0.2552279258755165,0.12993952019948662,0.28727053919015155,0.02773840213834,0.2134716373875728
linear_survival,15.0,300.0,13237,13014,1385,0.7292987507604493,0.25508583630212706,0.12993952019948662,0.28766836883593605,0.02774975794381629,0.21355903039517246
linear_survival,15.0,600.0,13237,13014,1385,0.7291582526669688,0.2548259321038831,0.12993952019948662,0.2871817592427919,0.02776569515267746,0.21368168137030846
linear_survival,15.0,900.0,13237,13014,1385,0.7290768533636683,0.2548367227465526,0.12993952019948662,0.28783854196131875,0.02779580307664553,0.21391338858241643
linear_survival,15.0,1200.0,13237,13014,1385,0.7290681922594966,0.2548093015852232,0.12993952019948662,0.2875237537815486,0.027833927605045994,0.21420679068473245
linear_survival,15.0,1800.0,13237,13014,1385,0.7289426127497399,0.2546347846205023,0.12993952019948662,0.2868295296978137,0.027845214374521587,0.2142936523989997
linear_survival,15.0,2400.0,13237,13014,1385,0.7282061465191665,0.25427491363854127,0.12993952019948662,0.28658210234525117,0.028688007159106244,0.22077969131380237
linear_survival,15.0,3600.0,13237,12762,1527,0.7213871974492324,0.25774034819408337,0.13401910404159356,0.29624413711482367,0.02906674882971172,0.21688511527946563
linear_survival,20.0,1.0,12616,12616,121,0.7572577076529078,0.034040283259095444,0.014194768540769065,0.044001967933347874,0.004264953723196796,0.3004595468356769
linear_survival,20.0,2.0,12616,12616,234,0.7892339916461582,0.06880085230198278,0.0291310897925543,0.0855928843439352,0.004264953723196796,0.14640556716442815
linear_survival,20.0,3.0,12616,12611,275,0.7910148506826539,0.08068625793965704,0.03482537394079166,0.09190093254719656,0.004264953723196796,0.12246684645649045
linear_survival,20.0,5.0,12616,12594,329,0.7082511537805292,0.08232780450899026,0.0472816812767054,0.09190093254719656,0.014440638250559079,0.30541719035007436
linear_survival,20.0,10.0,12616,12533,591,0.7403551201564755,0.12059480510410034,0.06347267273765544,0.1386905218197031,0.014440638250559079,0.22750953485518038
linear_survival,20.0,20.0,12616,12414,754,0.7634320052737358,0.1697141147699488,0.08052372960532905,0.1986359840427011,0.014440638250559079,0.1793339469164801
linear_survival,20.0,30.0,12616,12414,785,0.7604943390436556,0.17186448548998343,0.0834807646940855,0.1986359840427011,0.014515311438429324,0.17387611974591452
linear_survival,20.0,60.0,12616,12414,785,0.7603752556956065,0.17179576719036785,0.0834807646940855,0.19858332134071788,0.01456229720151192,0.17443895315136757
linear_survival,20.0,120.0,12616,12414,785,0.7601421773628654,0.17167971390484843,0.0834807646940855,0.19845747649369883,0.014568314504474933,0.1745110332644938
linear_survival,20.0,180.0,12616,12414,785,0.7599640472016017,0.17165793956589917,0.0834807646940855,0.19973631372435618,0.014539027030456397,0.17416020425465112
linear_survival,20.0,300.0,12616,12414,785,0.7597647936808539,0.17154618136647629,0.0834807646940855,0.1995661461188375,0.014566220965557042,0.174485955165059
linear_survival,20.0,600.0,12616,12414,785,0.7594445955734502,0.17137603744820773,0.0834807646940855,0.1995168114774617,0.01456607378624386,0.17448419213241645
linear_survival,20.0,900.0,12616,12414,785,0.7592765683664539,0.17129958306743032,0.0834807646940855,0.19955519612840222,0.01456417707462132,0.1744614717892393
linear_survival,20.0,1200.0,12616,12414,785,0.7591145713445223,0.17123392802012127,0.0834807646940855,0.1995132186158013,0.014424231940005194,0.17278509597824915
linear_survival,20.0,1800.0,12616,12414,785,0.7587830585261097,0.17102068869022902,0.0834807646940855,0.19832449937498453,0.01449257959061856,0.17360381931965388
linear_survival,20.0,2400.0,12616,12414,785,0.7566053933677328,0.17018770900523644,0.0834807646940855,0.19995739971549853,0.015156160991401268,0.1815527330989466
linear_survival,20.0,3600.0,12616,12107,927,0.7506601663402036,0.1762254374740163,0.08777818671260029,0.20212810352776478,0.0175669844827413,0.2001292706154707
linear_survival,30.0,1.0,11942,11942,0,nan,nan,0.0,0.0,0.0,0.0
linear_survival,30.0,2.0,11942,11942,66,0.86434796818717,0.0263582868187221,0.007484538642326455,0.035971776286697565,0.0,0.0
linear_survival,30.0,3.0,11942,11942,79,0.8200278892525183,0.029039936432270975,0.010761836383899936,0.03616283429142719,0.0,0.0
linear_survival,30.0,5.0,11942,11831,107,0.8003917214508851,0.04732006376680239,0.015219265605355359,0.04981687270490076,0.0,0.0
linear_survival,30.0,10.0,11942,11823,163,0.8258549211133794,0.0692663248396082,0.018206683746770258,0.06450911310633889,0.0,0.0
linear_survival,30.0,20.0,11942,11823,194,0.8038308140096793,0.06832789703949614,0.02136413041455787,0.06450911310633889,7.991446730348795e-05,0.0037405906888226498
linear_survival,30.0,30.0,11942,11823,194,0.8038308140096793,0.06832789703949614,0.02136413041455787,0.06450911310633889,7.991446730348795e-05,0.0037405906888226498
linear_survival,30.0,60.0,11942,11823,194,0.8036769273733739,0.06837513314017091,0.02136413041455787,0.0645709522727026,7.99495106726944e-05,0.003742230978809954
linear_survival,30.0,120.0,11942,11823,194,0.8034355617277864,0.06839847847816333,0.02136413041455787,0.06461763488871142,7.995638742508415e-05,0.0037425528619035465
linear_survival,30.0,180.0,11942,11823,194,0.8033783928787938,0.0684077499922397,0.02136413041455787,0.06462463098277083,7.995464391108431e-05,0.0037424712524972187
linear_survival,30.0,300.0,11942,11823,194,0.8034130841087604,0.0684537900100974,0.02136413041455787,0.06451109309796144,7.991340293067584e-05,0.0037405408682686906
linear_survival,30.0,600.0,11942,11823,194,0.8031282370764036,0.06844795982257067,0.02136413041455787,0.06463083891939714,7.998429399314055e-05,0.0037438590965835866
linear_survival,30.0,900.0,11942,11823,194,0.8030596152811637,0.06835421657580756,0.02136413041455787,0.06465042449313363,7.96839685514028e-05,0.003729801635038927
linear_survival,30.0,1200.0,11942,11823,194,0.8029206545923291,0.0683842870449296,0.02136413041455787,0.06551195308976088,7.998002922904313e-05,0.003743659473944393
linear_survival,30.0,1800.0,11942,11823,194,0.8025103798522403,0.06784508346609036,0.02136413041455787,0.06633800650751909,7.989995557078355e-05,0.003739911431936327
linear_survival,30.0,2400.0,11942,11823,194,0.8001271759854052,0.06725715999584407,0.02136413041455787,0.06478600723981265,7.925129143582232e-05,0.003709549132026417
linear_survival,30.0,3600.0,11942,11488,336,0.7952582036984743,0.07724726483389452,0.025952808068072653,0.08290274194436464,0.0023967700098443956,0.09235108600032074
linear_survival,45.0,1.0,11660,11660,0,nan,nan,0.0,0.0,0.0,0.0
linear_survival,45.0,2.0,11660,11660,1,0.00833788407904504,1.636395823322806e-05,1.6227519660461098e-05,0.0,8.095408063757414e-05,4.988690960259411
linear_survival,45.0,3.0,11660,11660,31,0.6763235118808828,0.005643220018663903,0.0032159993508992235,0.0017739808792039957,8.095408063757414e-05,0.025172293836109957
linear_survival,45.0,5.0,11660,11660,31,0.6763235118808828,0.005643220018663903,0.0032159993508992235,0.0017739808792039957,8.095408063757414e-05,0.025172293836109957
linear_survival,45.0,10.0,11660,11660,31,0.6763235118808828,0.005643220018663903,0.0032159993508992235,0.0017739808792039957,8.095408063757414e-05,0.025172293836109957
linear_survival,45.0,20.0,11660,11660,31,0.6762770298824843,0.005642592655986962,0.0032159993508992235,0.0017813062420707348,8.096510404020929e-05,0.02517572151175052
linear_survival,45.0,30.0,11660,11660,31,0.6761276672463704,0.005639131688055535,0.0032159993508992235,0.0017806123389431106,8.099302355546456e-05,0.025184402954813456
linear_survival,45.0,60.0,11660,11660,31,0.6758436781394342,0.0056360338596298035,0.0032159993508992235,0.0017779642861086575,8.109542720091678e-05,0.025216244890796307
linear_survival,45.0,120.0,11660,11660,31,0.6760993651214313,0.005647962460551622,0.0032159993508992235,0.0017813390900049964,8.112932013626395e-05,0.025226783740979124
linear_survival,45.0,180.0,11660,11660,31,0.6759291380390781,0.00564598183305516,0.0032159993508992235,0.0017811507782854452,8.111944838773422e-05,0.025223714166811774
linear_survival,45.0,300.0,11660,11660,31,0.6762019272447586,0.005650500269926219,0.0032159993508992235,0.0017807436355927742,8.104573558209704e-05,0.025200793513666567
linear_survival,45.0,600.0,11660,11660,31,0.6761601114538608,0.005656749589715655,0.0032159993508992235,0.001781284344121059,8.110937968530685e-05,0.025220583350748473
linear_survival,45.0,900.0,11660,11660,31,0.675728900904456,0.005649258251778649,0.0032159993508992235,0.001777456115602094,8.110818356998895e-05,0.025220211424268585
linear_survival,45.0,1200.0,11660,11660,31,0.6751956982197278,0.005639486734665962,0.0032159993508992235,0.0017753610758516336,8.10873568838355e-05,0.025213735463336683
linear_survival,45.0,1800.0,11660,11660,31,0.6759995389782388,0.005652026773366115,0.0032159993508992235,0.003700902263763628,8.111047615533273e-05,0.025220924292989513
linear_survival,45.0,2400.0,11660,11660,31,0.6680626553745339,0.005496589617833759,0.0032159993508992235,0.00178063859672406,8.105359853416427e-05,0.025203238461942144
linear_survival,45.0,3600.0,11660,11305,173,0.7577774057470474,0.06155373326038362,0.007889770884633496,0.020554340614787336,0.002448981597020894,0.31039958356593733
linear_survival,60.0,1.0,11629,11629,0,nan,nan,0.0,0.0,0.0,0.0
linear_survival,60.0,2.0,11629,11629,0,nan,nan,0.0,0.0,0.0,0.0
linear_survival,60.0,3.0,11629,11629,0,nan,nan,0.0,0.0,0.0,0.0
linear_survival,60.0,5.0,11629,11629,0,nan,nan,0.0,0.0,0.0,0.0
linear_survival,60.0,10.0,11629,11629,0,nan,nan,0.0,0.0,0.0,0.0
linear_survival,60.0,20.0,11629,11629,0,nan,nan,0.0,0.0,0.0,0.0
linear_survival,60.0,30.0,11629,11629,0,nan,nan,0.0,0.0,0.0,0.0
linear_survival,60.0,60.0,11629,11629,0,nan,nan,0.0,0.0,0.0,0.0
linear_survival,60.0,120.0,11629,11629,0,nan,nan,0.0,0.0,0.0,0.0
linear_survival,60.0,180.0,11629,11629,0,nan,nan,0.0,0.0,0.0,0.0
linear_survival,60.0,300.0,11629,11629,0,nan,nan,0.0,0.0,0.0,0.0
linear_survival,60.0,600.0,11629,11629,0,nan,nan,0.0,0.0,0.0,0.0
linear_survival,60.0,900.0,11629,11629,0,nan,nan,0.0,0.0,0.0,0.0
linear_survival,60.0,1200.0,11629,11629,0,nan,nan,0.0,0.0,0.0,0.0
linear_survival,60.0,1800.0,11629,11629,0,nan,nan,0.0,0.0,0.0,0.0
linear_survival,60.0,2400.0,11629,11629,0,nan,nan,0.0,0.0,0.0,0.0
linear_survival,60.0,3600.0,11629,11274,142,0.8126387685391369,0.09471421845870143,0.004688850875105066,0.01352713808896977,0.002457562674626823,0.5241289902553693
linear_survival,90.0,1.0,11629,11629,0,nan,nan,0.0,0.0,0.0,0.0
linear_survival,90.0,2.0,11629,11629,0,nan,nan,0.0,0.0,0.0,0.0
linear_survival,90.0,3.0,11629,11629,0,nan,nan,0.0,0.0,0.0,0.0
linear_survival,90.0,5.0,11629,11629,0,nan,nan,0.0,0.0,0.0,0.0
linear_survival,90.0,10.0,11629,11629,0,nan,nan,0.0,0.0,0.0,0.0
linear_survival,90.0,20.0,11629,11629,0,nan,nan,0.0,0.0,0.0,0.0
linear_survival,90.0,30.0,11629,11629,0,nan,nan,0.0,0.0,0.0,0.0
linear_survival,90.0,60.0,11629,11629,0,nan,nan,0.0,0.0,0.0,0.0
linear_survival,90.0,120.0,11629,11629,0,nan,nan,0.0,0.0,0.0,0.0
linear_survival,90.0,180.0,11629,11629,0,nan,nan,0.0,0.0,0.0,0.0
linear_survival,90.0,300.0,11629,11629,0,nan,nan,0.0,0.0,0.0,0.0
linear_survival,90.0,600.0,11629,11629,0,nan,nan,0.0,0.0,0.0,0.0
linear_survival,90.0,900.0,11629,11629,0,nan,nan,0.0,0.0,0.0,0.0
linear_survival,90.0,1200.0,11629,11629,0,nan,nan,0.0,0.0,0.0,0.0
linear_survival,90.0,1800.0,11629,11629,0,nan,nan,0.0,0.0,0.0,0.0
linear_survival,90.0,2400.0,11629,11629,0,nan,nan,0.0,0.0,0.0,0.0
linear_survival,90.0,3600.0,11629,11274,142,0.8127224171417009,0.09486891801444597,0.004688850875105066,0.013512681605515886,0.002459220597267553,0.5244825785192939
linear_survival,120.0,1.0,11629,11629,0,nan,nan,0.0,0.0,0.0,0.0
linear_survival,120.0,2.0,11629,11629,0,nan,nan,0.0,0.0,0.0,0.0
linear_survival,120.0,3.0,11629,11629,0,nan,nan,0.0,0.0,0.0,0.0
linear_survival,120.0,5.0,11629,11629,0,nan,nan,0.0,0.0,0.0,0.0
linear_survival,120.0,10.0,11629,11629,0,nan,nan,0.0,0.0,0.0,0.0
linear_survival,120.0,20.0,11629,11629,0,nan,nan,0.0,0.0,0.0,0.0
linear_survival,120.0,30.0,11629,11629,0,nan,nan,0.0,0.0,0.0,0.0
linear_survival,120.0,60.0,11629,11629,0,nan,nan,0.0,0.0,0.0,0.0
linear_survival,120.0,120.0,11629,11629,0,nan,nan,0.0,0.0,0.0,0.0
linear_survival,120.0,180.0,11629,11629,0,nan,nan,0.0,0.0,0.0,0.0
linear_survival,120.0,300.0,11629,11629,0,nan,nan,0.0,0.0,0.0,0.0
linear_survival,120.0,600.0,11629,11629,0,nan,nan,0.0,0.0,0.0,0.0
linear_survival,120.0,900.0,11629,11629,0,nan,nan,0.0,0.0,0.0,0.0
linear_survival,120.0,1200.0,11629,11629,0,nan,nan,0.0,0.0,0.0,0.0
linear_survival,120.0,1800.0,11629,11629,0,nan,nan,0.0,0.0,0.0,0.0
linear_survival,120.0,2400.0,11629,11629,0,nan,nan,0.0,0.0,0.0,0.0
linear_survival,120.0,3600.0,11629,11274,142,0.8125746373734469,0.09497203973588107,0.004688850875105066,0.01353421103257102,0.002454253526604777,0.5234232420645673
linear_survival,180.0,1.0,11629,11629,0,nan,nan,0.0,0.0,0.0,0.0
linear_survival,180.0,2.0,11629,11629,0,nan,nan,0.0,0.0,0.0,0.0
linear_survival,180.0,3.0,11629,11629,0,nan,nan,0.0,0.0,0.0,0.0
linear_survival,180.0,5.0,11629,11629,0,nan,nan,0.0,0.0,0.0,0.0
linear_survival,180.0,10.0,11629,11629,0,nan,nan,0.0,0.0,0.0,0.0
linear_survival,180.0,20.0,11629,11629,0,nan,nan,0.0,0.0,0.0,0.0
linear_survival,180.0,30.0,11629,11629,0,nan,nan,0.0,0.0,0.0,0.0
linear_survival,180.0,60.0,11629,11629,0,nan,nan,0.0,0.0,0.0,0.0
linear_survival,180.0,120.0,11629,11629,0,nan,nan,0.0,0.0,0.0,0.0
linear_survival,180.0,180.0,11629,11629,0,nan,nan,0.0,0.0,0.0,0.0
linear_survival,180.0,300.0,11629,11629,0,nan,nan,0.0,0.0,0.0,0.0
linear_survival,180.0,600.0,11629,11629,0,nan,nan,0.0,0.0,0.0,0.0
linear_survival,180.0,900.0,11629,11629,0,nan,nan,0.0,0.0,0.0,0.0
linear_survival,180.0,1200.0,11629,11629,0,nan,nan,0.0,0.0,0.0,0.0
linear_survival,180.0,1800.0,11629,11629,0,nan,nan,0.0,0.0,0.0,0.0
linear_survival,180.0,2400.0,11629,11629,0,nan,nan,0.0,0.0,0.0,0.0
linear_survival,180.0,3600.0,11629,11274,142,0.8123609675617205,0.09528395794256905,0.004688850875105066,0.013515344071720614,0.0024400511015716386,0.5203942643019038
linear_survival,300.0,1.0,11629,11629,0,nan,nan,0.0,0.0,0.0,0.0
linear_survival,300.0,2.0,11629,11629,0,nan,nan,0.0,0.0,0.0,0.0
linear_survival,300.0,3.0,11629,11629,0,nan,nan,0.0,0.0,0.0,0.0
linear_survival,300.0,5.0,11629,11629,0,nan,nan,0.0,0.0,0.0,0.0
linear_survival,300.0,10.0,11629,11629,0,nan,nan,0.0,0.0,0.0,0.0
linear_survival,300.0,20.0,11629,11629,0,nan,nan,0.0,0.0,0.0,0.0
linear_survival,300.0,30.0,11629,11629,0,nan,nan,0.0,0.0,0.0,0.0
linear_survival,300.0,60.0,11629,11629,0,nan,nan,0.0,0.0,0.0,0.0
linear_survival,300.0,120.0,11629,11629,0,nan,nan,0.0,0.0,0.0,0.0
linear_survival,300.0,180.0,11629,11629,0,nan,nan,0.0,0.0,0.0,0.0
linear_survival,300.0,300.0,11629,11629,0,nan,nan,0.0,0.0,0.0,0.0
linear_survival,300.0,600.0,11629,11629,0,nan,nan,0.0,0.0,0.0,0.0
linear_survival,300.0,900.0,11629,11629,0,nan,nan,0.0,0.0,0.0,0.0
linear_survival,300.0,1200.0,11629,11629,0,nan,nan,0.0,0.0,0.0,0.0
linear_survival,300.0,1800.0,11629,11629,0,nan,nan,0.0,0.0,0.0,0.0
linear_survival,300.0,2400.0,11629,11629,0,nan,nan,0.0,0.0,0.0,0.0
linear_survival,300.0,3600.0,11629,11274,142,0.8118563756806202,0.09511850616064953,0.004688850875105066,0.013535629847698072,0.002459159939125377,0.5244696418438074
linear_survival,600.0,1.0,11629,11629,0,nan,nan,0.0,0.0,0.0,0.0
linear_survival,600.0,2.0,11629,11629,0,nan,nan,0.0,0.0,0.0,0.0
linear_survival,600.0,3.0,11629,11629,0,nan,nan,0.0,0.0,0.0,0.0
linear_survival,600.0,5.0,11629,11629,0,nan,nan,0.0,0.0,0.0,0.0
linear_survival,600.0,10.0,11629,11629,0,nan,nan,0.0,0.0,0.0,0.0
linear_survival,600.0,20.0,11629,11629,0,nan,nan,0.0,0.0,0.0,0.0
linear_survival,600.0,30.0,11629,11629,0,nan,nan,0.0,0.0,0.0,0.0
linear_survival,600.0,60.0,11629,11629,0,nan,nan,0.0,0.0,0.0,0.0
linear_survival,600.0,120.0,11629,11629,0,nan,nan,0.0,0.0,0.0,0.0
linear_survival,600.0,180.0,11629,11629,0,nan,nan,0.0,0.0,0.0,0.0
linear_survival,600.0,300.0,11629,11629,0,nan,nan,0.0,0.0,0.0,0.0
linear_survival,600.0,600.0,11629,11629,0,nan,nan,0.0,0.0,0.0,0.0
linear_survival,600.0,900.0,11629,11629,0,nan,nan,0.0,0.0,0.0,0.0
linear_survival,600.0,1200.0,11629,11629,0,nan,nan,0.0,0.0,0.0,0.0
linear_survival,600.0,1800.0,11629,11629,0,nan,nan,0.0,0.0,0.0,0.0
linear_survival,600.0,2400.0,11629,11629,0,nan,nan,0.0,0.0,0.0,0.0
linear_survival,600.0,3600.0,11629,11274,142,0.8114519754887075,0.09539303969847474,0.004688850875105066,0.013533493392325902,0.0024539514895387526,0.5233588260543187
linear_survival,900.0,1.0,11629,11629,0,nan,nan,0.0,0.0,0.0,0.0
linear_survival,900.0,2.0,11629,11629,0,nan,nan,0.0,0.0,0.0,0.0
linear_survival,900.0,3.0,11629,11629,0,nan,nan,0.0,0.0,0.0,0.0
linear_survival,900.0,5.0,11629,11629,0,nan,nan,0.0,0.0,0.0,0.0
linear_survival,900.0,10.0,11629,11629,0,nan,nan,0.0,0.0,0.0,0.0
linear_survival,900.0,20.0,11629,11629,0,nan,nan,0.0,0.0,0.0,0.0
linear_survival,900.0,30.0,11629,11629,0,nan,nan,0.0,0.0,0.0,0.0
linear_survival,900.0,60.0,11629,11629,0,nan,nan,0.0,0.0,0.0,0.0
linear_survival,900.0,120.0,11629,11629,0,nan,nan,0.0,0.0,0.0,0.0
linear_survival,900.0,180.0,11629,11629,0,nan,nan,0.0,0.0,0.0,0.0
linear_survival,900.0,300.0,11629,11629,0,nan,nan,0.0,0.0,0.0,0.0
linear_survival,900.0,600.0,11629,11629,0,nan,nan,0.0,0.0,0.0,0.0
linear_survival,900.0,900.0,11629,11629,0,nan,nan,0.0,0.0,0.0,0.0
linear_survival,900.0,1200.0,11629,11629,0,nan,nan,0.0,0.0,0.0,0.0
linear_survival,900.0,1800.0,11629,11629,0,nan,nan,0.0,0.0,0.0,0.0
linear_survival,900.0,2400.0,11629,11629,0,nan,nan,0.0,0.0,0.0,0.0
linear_survival,900.0,3600.0,11629,11274,142,0.8098049983784693,0.0954910046534108,0.004688850875105066,0.013530206571427228,0.002458656592011055,0.5243622920628633
linear_survival,1200.0,1.0,11629,11629,0,nan,nan,0.0,0.0,0.0,0.0
linear_survival,1200.0,2.0,11629,11629,0,nan,nan,0.0,0.0,0.0,0.0
linear_survival,1200.0,3.0,11629,11629,0,nan,nan,0.0,0.0,0.0,0.0
linear_survival,1200.0,5.0,11629,11629,0,nan,nan,0.0,0.0,0.0,0.0
linear_survival,1200.0,10.0,11629,11629,0,nan,nan,0.0,0.0,0.0,0.0
linear_survival,1200.0,20.0,11629,11629,0,nan,nan,0.0,0.0,0.0,0.0
linear_survival,1200.0,30.0,11629,11629,0,nan,nan,0.0,0.0,0.0,0.0
linear_survival,1200.0,60.0,11629,11629,0,nan,nan,0.0,0.0,0.0,0.0
linear_survival,1200.0,120.0,11629,11629,0,nan,nan,0.0,0.0,0.0,0.0
linear_survival,1200.0,180.0,11629,11629,0,nan,nan,0.0,0.0,0.0,0.0
linear_survival,1200.0,300.0,11629,11629,0,nan,nan,0.0,0.0,0.0,0.0
linear_survival,1200.0,600.0,11629,11629,0,nan,nan,0.0,0.0,0.0,0.0
linear_survival,1200.0,900.0,11629,11629,0,nan,nan,0.0,0.0,0.0,0.0
linear_survival,1200.0,1200.0,11629,11629,0,nan,nan,0.0,0.0,0.0,0.0
linear_survival,1200.0,1800.0,11629,11629,0,nan,nan,0.0,0.0,0.0,0.0
linear_survival,1200.0,2400.0,11629,11453,142,0.8111618544190028,0.0954109823534331,0.004688850875105066,0.013530206571427228,0.002458656592011055,0.5243622920628633
linear_survival,1200.0,3600.0,11629,11274,142,0.809654095409526,0.09561065646979042,0.004688850875105066,0.013534010753218473,0.002456496966337096,0.5239017046542458
linear_survival,1800.0,1.0,11629,11629,0,nan,nan,0.0,0.0,0.0,0.0
linear_survival,1800.0,2.0,11629,11629,0,nan,nan,0.0,0.0,0.0,0.0
linear_survival,1800.0,3.0,11629,11629,0,nan,nan,0.0,0.0,0.0,0.0
linear_survival,1800.0,5.0,11629,11629,0,nan,nan,0.0,0.0,0.0,0.0
linear_survival,1800.0,10.0,11629,11629,0,nan,nan,0.0,0.0,0.0,0.0
linear_survival,1800.0,20.0,11629,11629,0,nan,nan,0.0,0.0,0.0,0.0
linear_survival,1800.0,30.0,11629,11629,0,nan,nan,0.0,0.0,0.0,0.0
linear_survival,1800.0,60.0,11629,11629,0,nan,nan,0.0,0.0,0.0,0.0
linear_survival,1800.0,120.0,11629,11629,0,nan,nan,0.0,0.0,0.0,0.0
linear_survival,1800.0,180.0,11629,11629,0,nan,nan,0.0,0.0,0.0,0.0
linear_survival,1800.0,300.0,11629,11629,0,nan,nan,0.0,0.0,0.0,0.0
linear_survival,1800.0,600.0,11629,11629,0,nan,nan,0.0,0.0,0.0,0.0
linear_survival,1800.0,900.0,11629,11629,0,nan,nan,0.0,0.0,0.0,0.0
linear_survival,1800.0,1200.0,11629,11629,0,nan,nan,0.0,0.0,0.0,0.0
linear_survival,1800.0,1800.0,11629,11453,142,0.810022870812517,0.09577981439148986,0.004688850875105066,0.011950345126755968,0.002456415259833089,0.5238842789552454
linear_survival,1800.0,2400.0,11629,11274,142,0.8087599502838574,0.09586607478921115,0.004688850875105066,0.011950345126755968,0.002456415259833089,0.5238842789552454
linear_survival,1800.0,3600.0,11629,11274,142,0.8087599502838574,0.09586607478921115,0.004688850875105066,0.011950345126755968,0.002456415259833089,0.5238842789552454
linear_survival,2400.0,1.0,11629,11629,0,nan,nan,0.0,0.0,0.0,0.0
linear_survival,2400.0,2.0,11629,11629,0,nan,nan,0.0,0.0,0.0,0.0
linear_survival,2400.0,3.0,11629,11629,0,nan,nan,0.0,0.0,0.0,0.0
linear_survival,2400.0,5.0,11629,11629,0,nan,nan,0.0,0.0,0.0,0.0
linear_survival,2400.0,10.0,11629,11629,0,nan,nan,0.0,0.0,0.0,0.0
linear_survival,2400.0,20.0,11629,11629,0,nan,nan,0.0,0.0,0.0,0.0
linear_survival,2400.0,30.0,11629,11629,0,nan,nan,0.0,0.0,0.0,0.0
linear_survival,2400.0,60.0,11629,11629,0,nan,nan,0.0,0.0,0.0,0.0
linear_survival,2400.0,120.0,11629,11629,0,nan,nan,0.0,0.0,0.0,0.0
linear_survival,2400.0,180.0,11629,11629,0,nan,nan,0.0,0.0,0.0,0.0
linear_survival,2400.0,300.0,11629,11629,0,nan,nan,0.0,0.0,0.0,0.0
linear_survival,2400.0,600.0,11629,11629,0,nan,nan,0.0,0.0,0.0,0.0
linear_survival,2400.0,900.0,11629,11629,0,nan,nan,0.0,0.0,0.0,0.0
linear_survival,2400.0,1200.0,11629,11453,142,0.810022870812517,0.09577981439148986,0.004688850875105066,0.011950345126755968,0.002456415259833089,0.5238842789552454
linear_survival,2400.0,1800.0,11629,11274,142,0.8087599502838574,0.09586607478921115,0.004688850875105066,0.011950345126755968,0.002456415259833089,0.5238842789552454
linear_survival,2400.0,2400.0,11629,11274,142,0.8087599502838574,0.09586607478921115,0.004688850875105066,0.011950345126755968,0.002456415259833089,0.5238842789552454
linear_survival,2400.0,3600.0,11629,11274,142,0.8087599502838574,0.09586607478921115,0.004688850875105066,0.011950345126755968,0.002456415259833089,0.5238842789552454
linear_survival,3600.0,1.0,11311,11311,0,nan,nan,0.0,0.0,0.0,0.0
linear_survival,3600.0,2.0,11311,11311,0,nan,nan,0.0,0.0,0.0,0.0
linear_survival,3600.0,3.0,11311,11311,0,nan,nan,0.0,0.0,0.0,0.0
linear_survival,3600.0,5.0,11311,11302,0,nan,nan,0.0,0.0,0.0,0.0
linear_survival,3600.0,10.0,11311,11269,0,nan,nan,0.0,0.0,0.0,0.0
linear_survival,3600.0,20.0,11311,11180,0,nan,nan,0.0,0.0,0.0,0.0
linear_survival,3600.0,30.0,11311,11152,0,nan,nan,0.0,0.0,0.0,0.0
linear_survival,3600.0,60.0,11311,11132,0,nan,nan,0.0,0.0,0.0,0.0
linear_survival,3600.0,120.0,11311,11132,0,nan,nan,0.0,0.0,0.0,0.0
linear_survival,3600.0,180.0,11311,11132,0,nan,nan,0.0,0.0,0.0,0.0
linear_survival,3600.0,300.0,11311,11132,0,nan,nan,0.0,0.0,0.0,0.0
linear_survival,3600.0,600.0,11311,11132,0,nan,nan,0.0,0.0,0.0,0.0
linear_survival,3600.0,900.0,11311,11132,0,nan,nan,0.0,0.0,0.0,0.0
linear_survival,3600.0,1200.0,11311,11132,0,nan,nan,0.0,0.0,0.0,0.0
linear_survival,3600.0,1800.0,11311,11132,0,nan,nan,0.0,0.0,0.0,0.0
linear_survival,3600.0,2400.0,11311,11132,0,nan,nan,0.0,0.0,0.0,0.0
linear_survival,3600.0,3600.0,11311,11027,0,nan,nan,0.0,0.0,0.0,0.0
right_step,0.0,1.0,23786,23786,1,0.5,7.938932766862414e-06,7.938932766848872e-06,3.964216340501814e-05,0.0,0.0
right_step,0.0,2.0,23786,23725,231,0.6601447345911065,0.014216358632727794,0.008121167359919745,0.006796453407217573,1.7433594536653274e-05,0.0021466857859244455
right_step,0.0,3.0,23786,23666,2205,0.5255774563940175,0.0838604260318526,0.08305948758401405,0.07529523288380735,0.03846209763071684,0.4630668783239569
right_step,0.0,5.0,23786,23666,5341,0.7446153233057694,0.39921919389806243,0.20693093745854563,0.3711523546705623,0.015305279934128335,0.07396322716217547
right_step,0.0,10.0,23786,23583,8969,0.7135264295711532,0.555244914675042,0.3628365665246679,0.5496839308768978,0.08915424994607313,0.24571462242632555
right_step,0.0,20.0,23786,23555,10939,0.6971199401893329,0.628223225285749,0.45389758664441904,0.6420626168945031,0.18541767708178436,0.40850113007329025
right_step,0.0,30.0,23786,23472,11530,0.6969783355394674,0.6561079485371312,0.4885601664085818,0.6666919405279444,0.20213383835312226,0.41373376761149655
right_step,0.0,60.0,23786,23353,11724,0.6967479310338726,0.6678494874181189,0.49948663371262847,0.6814948973577462,0.21851703111137832,0.4374832405166993
right_step,0.0,120.0,23786,23353,11724,0.6967479310338726,0.6678494874181189,0.49948663371262847,0.6814948973577462,0.21851703111137832,0.4374832405166993
right_step,0.0,180.0,23786,23353,11724,0.6966845697083923,0.667823314526734,0.49948663371262847,0.6809791848324758,0.21853153468866315,0.43751227748446964
right_step,0.0,300.0,23786,23353,11724,0.6966845697083923,0.667823314526734,0.49948663371262847,0.6809791848324758,0.21853153468866315,0.43751227748446964
right_step,0.0,600.0,23786,23353,11724,0.6966211870369285,0.6677686498729715,0.49948663371262847,0.6782628313900072,0.21849262714646078,0.4374343824226675
right_step,0.0,900.0,23786,23353,11724,0.6966211870369285,0.6677686498729715,0.49948663371262847,0.6782628313900072,0.21849262714646078,0.4374343824226675
right_step,0.0,1200.0,23786,23353,11724,0.6966211870369285,0.6677686498729715,0.49948663371262847,0.6782628313900072,0.21849262714646078,0.4374343824226675
right_step,0.0,1800.0,23786,23353,11724,0.6965311311098203,0.6677445293857887,0.49948663371262847,0.6781300992453869,0.21840016887114433,0.43724927581705286
right_step,0.0,2400.0,23786,23353,11724,0.6965311311098203,0.6677445293857887,0.49948663371262847,0.6781300992453869,0.21840016887114433,0.43724927581705286
right_step,0.0,3600.0,23786,23177,11866,0.6929487354751727,0.6701573307900912,0.5018334662481468,0.6791083353840871,0.22246030317741838,0.44329507324530665
right_step,1.0,1.0,23785,23724,230,0.6598864771016264,0.014197025476541609,0.008113292838039188,0.006757029024251238,1.7433594536653274e-05,0.0021487692956078
right_step,1.0,2.0,23785,23665,2204,0.5255393800510959,0.08384284842300785,0.08305220799714308,0.07525852750252449,0.03846209763071684,0.4631074664750623
right_step,1.0,3.0,23785,23665,3803,0.5589265350099357,0.1770789527042743,0.15295576737793903,0.15944740128741963,0.07862395746529183,0.5140306822888187
right_step,1.0,5.0,23785,23654,6571,0.7411088999472832,0.46269470925025447,0.25451336307520667,0.43995394669600596,0.029856928433832475,0.11730986567102172
right_step,1.0,10.0,23785,23582,9167,0.7048673543495718,0.5607548678554349,0.37791367457351954,0.559199054426163,0.10916570185047503,0.28886412214024787
right_step,1.0,20.0,23785,23554,11059,0.6973227866105416,0.6344213078766818,0.4616451100382817,0.6480414611777512,0.18538535666161815,0.401575480018071
right_step,1.0,30.0,23785,23471,11529,0.6969890585164389,0.6561104500836459,0.4885561060898953,0.6666919405279444,0.20210218118495726,0.41367240868701793
right_step,1.0,60.0,23785,23352,11723,0.696758487783579,0.6678519543457149,0.4994826601391199,0.6814948973577462,0.21848601391473987,0.43742462221588513
right_step,1.0,120.0,23785,23352,11723,0.696758487783579,0.6678519543457149,0.4994826601391199,0.6814948973577462,0.21848601391473987,0.43742462221588513
right_step,1.0,180.0,23785,23352,11723,0.6966951254439602,0.6678257810354249,0.4994826601391199,0.6809791848324758,0.21850051601578002,0.4374536564591081
right_step,1.0,300.0,23785,23352,11723,0.6966951254439602,0.6678257810354249,0.4994826601391199,0.6809791848324758,0.21850051601578002,0.4374536564591081
right_step,1.0,600.0,23785,23352,11723,0.6966317417580165,0.6677711155067209,0.4994826601391199,0.6782628313900072,0.2184616082537294,0.43737576033746944
right_step,1.0,900.0,23785,23352,11723,0.6966317417580165,0.6677711155067209,0.4994826601391199,0.6782628313900072,0.2184616082537294,0.43737576033746944
right_step,1.0,1200.0,23785,23352,11723,0.6966317417580165,0.6677711155067209,0.4994826601391199,0.6782628313900072,0.2184616082537294,0.43737576033746944
right_step,1.0,1800.0,23785,23352,11723,0.6965416843895056,0.6677469946334741,0.4994826601391199,0.6781300992453869,0.2183691552984024,0.43719066291026093
right_step,1.0,2400.0,23785,23352,11723,0.6965416843895056,0.6677469946334741,0.4994826601391199,0.6781300992453869,0.2183691552984024,0.43719066291026093
right_step,1.0,3600.0,23785,23176,11865,0.6929592448745681,0.6701597423084552,0.5018295113061318,0.6791083353840871,0.22242945070920295,0.4432370868948637
right_step,2.0,1.0,23494,23435,1974,0.5,0.07555188976523682,0.07555188976523597,0.06380108556832675,0.07474412141265874,0.9893084295430964
right_step,2.0,2.0,23494,23435,3573,0.5,0.1460272362700892,0.14602723627008873,0.1328980007859314,0.15751504417898976,1.0786689401397245
right_step,2.0,3.0,23494,23435,5110,0.7411408356768785,0.38642994982439605,0.20043755704459953,0.35737400240516093,0.014720860203428443,0.07344362214588801
right_step,2.0,5.0,23494,23352,7141,0.7267190878177731,0.48617538328086357,0.2877158659032041,0.46814681194805874,0.0460748672825132,0.16014016862738503
right_step,2.0,10.0,23494,23345,9472,0.6941832765262314,0.5689223481482926,0.3952714513743111,0.5659296534921299,0.12804369994146658,0.3239386489873582
right_step,2.0,20.0,23494,23324,10942,0.6950363103331533,0.6335083517580072,0.465465097682372,0.6429973776204345,0.18780932249051907,0.403487443904286
right_step,2.0,30.0,23494,23241,11365,0.6961134873496033,0.6527532472150068,0.48823190324309185,0.6619086316943539,0.20028380505241905,0.41022269073780143
right_step,2.0,60.0,23494,23122,11493,0.6940394012039944,0.6603499472509267,0.495388600082173,0.6741461230516861,0.2226901260110522,0.44952614164741234
right_step,2.0,120.0,23494,23122,11493,0.6940394012039944,0.6603499472509267,0.495388600082173,0.6741461230516861,0.2226901260110522,0.44952614164741234
right_step,2.0,180.0,23494,23122,11493,0.6939792708703852,0.6603640642294996,0.495388600082173,0.6735301144711134,0.2226441058858184,0.4494332446263138
right_step,2.0,300.0,23494,23122,11493,0.6939792708703852,0.6603640642294996,0.495388600082173,0.6735301144711134,0.2226441058858184,0.4494332446263138
right_step,2.0,600.0,23494,23122,11493,0.6939202697291965,0.6603766352947802,0.495388600082173,0.6733342687329005,0.22270418072695997,0.4495545127401372
right_step,2.0,900.0,23494,23122,11493,0.6939202697291965,0.6603766352947802,0.495388600082173,0.6733342687329005,0.22270418072695997,0.4495545127401372
right_step,2.0,1200.0,23494,23122,11493,0.6939202697291965,0.6603766352947802,0.495388600082173,0.6733342687329005,0.22270418072695997,0.4495545127401372
right_step,2.0,1800.0,23494,23122,11493,0.693860916920453,0.6604244344483468,0.495388600082173,0.6733276942416144,0.22272745580494502,0.4496014962152942
right_step,2.0,2400.0,23494,23122,11493,0.693860916920453,0.6604244344483468,0.495388600082173,0.6733276942416144,0.22272745580494502,0.4496014962152942
right_step,2.0,3600.0,23494,22946,11635,0.6901964370609712,0.6625329084781337,0.49775464768626576,0.6741394428240667,0.22682534964662904,0.4556971003706164
right_step,3.0,1.0,21461,21461,1599,0.5,0.07623504848417637,0.0762350484841765,0.07399142353307808,0.08974463663171672,1.1772096747645449
right_step,3.0,2.0,21461,21461,3136,0.715385015862539,0.24503414761916623,0.13509213323790425,0.22481440529681673,0.014521279152692745,0.10749167108879701
right_step,3.0,3.0,21461,21450,4367,0.7140621939245558,0.3272824796871062,0.18699118594696384,0.3168415874381051,0.030900191558140055,0.16524945494973356
right_step,3.0,5.0,21461,21378,5868,0.6892552406127476,0.41138350612259506,0.2703686963064772,0.3810676279609888,0.0538647793130379,0.1992271296525369
right_step,3.0,10.0,21461,21371,7702,0.6723818479985719,0.4919913544680723,0.35262975583669,0.5050577498279905,0.12367623466985311,0.35072546381233377
right_step,3.0,20.0,21461,21345,9009,0.678500407315699,0.5721901324599451,0.4251707875664432,0.5772013581901541,0.1671207508730873,0.3930673408435208
right_step,3.0,30.0,21461,21267,9404,0.6828368113722753,0.5963653334440688,0.4482348691857436,0.6025212186629535,0.17957059070453307,0.4006171831984829
right_step,3.0,60.0,21461,21148,9519,0.6818904662779206,0.6052111763815473,0.4541484867228722,0.6179284341607466,0.1912014710624289,0.4210109174691641
right_step,3.0,120.0,21461,21148,9519,0.6818904662779206,0.6052111763815473,0.4541484867228722,0.6179284341607466,0.1912014710624289,0.4210109174691641
right_step,3.0,180.0,21461,21148,9519,0.6818402049668445,0.6052500492654481,0.4541484867228722,0.6180452205226743,0.19128370152140894,0.4211919826083951
right_step,3.0,300.0,21461,21148,9519,0.6818402049668445,0.6052500492654481,0.4541484867228722,0.6180452205226743,0.19128370152140894,0.4211919826083951
right_step,3.0,600.0,21461,21148,9519,0.6817907654084819,0.6052844940226316,0.4541484867228722,0.617713389355832,0.1913394918627157,0.4213148286443014
right_step,3.0,900.0,21461,21148,9519,0.6817907654084819,0.6052844940226316,0.4541484867228722,0.617713389355832,0.1913394918627157,0.4213148286443014
right_step,3.0,1200.0,21461,21148,9519,0.6817907654084819,0.6052844940226316,0.4541484867228722,0.617713389355832,0.1913394918627157,0.4213148286443014
right_step,3.0,1800.0,21461,21148,9519,0.6817537103210735,0.6053807374037036,0.4541484867228722,0.6173323469644232,0.19137410594509507,0.42139104618854367
right_step,3.0,2400.0,21461,21148,9519,0.6817537103210735,0.6053807374037036,0.4541484867228722,0.6173323469644232,0.19137410594509507,0.42139104618854367
right_step,3.0,3600.0,21461,20972,9661,0.6779330322852124,0.607822680752907,0.4567079030685791,0.6182135593827838,0.19580392567554705,0.42872900678958736
right_step,5.0,1.0,18325,18314,1231,0.5,0.060005938934407685,0.06000529617489858,0.07156800046219569,0.06451556421714533,1.0751644992985383
right_step,5.0,2.0,18325,18242,2031,0.5,0.109533437546633,0.10915758941353015,0.1551440437730005,0.10433392458834179,0.9558100829167773
right_step,5.0,3.0,18325,18242,2732,0.5,0.15676166344975379,0.1564057494065807,0.1783524205351249,0.166073127840498,1.0618096103921775
right_step,5.0,5.0,18325,18242,3628,0.6535694477526542,0.3069308188015516,0.19658518586831508,0.32161687231933545,0.07204526515655996,0.36648369427399446
right_step,5.0,10.0,18325,18235,4998,0.6444897970701273,0.3908520804777694,0.2746372838186888,0.4043226502342646,0.1331235469374864,0.4847249619078394
right_step,5.0,20.0,18325,18192,5927,0.6599910712877598,0.472183798472988,0.3439641039135012,0.4798066406148842,0.170031601404105,0.4943294938906297
right_step,5.0,30.0,18325,18020,6296,0.6692300927479562,0.5026571965369508,0.3649278244333166,0.5057338067263472,0.17553338923423656,0.4810085104001485
right_step,5.0,60.0,18325,18012,6383,0.6679436384191675,0.5076815539955206,0.36889056712988466,0.5267346007893619,0.1783850223629727,0.48357165581890355
right_step,5.0,120.0,18325,18012,6383,0.6679436384191675,0.5076815539955206,0.36889056712988466,0.5267346007893619,0.1783850223629727,0.48357165581890355
right_step,5.0,180.0,18325,18012,6383,0.6678290719337933,0.5075658162366805,0.36889056712988466,0.5263788319250309,0.17847037539318555,0.483803033462623
right_step,5.0,300.0,18325,18012,6383,0.6678290719337933,0.5075658162366805,0.36889056712988466,0.5263788319250309,0.17847037539318555,0.483803033462623
right_step,5.0,600.0,18325,18012,6383,0.6677142897845674,0.5075177011270217,0.36889056712988466,0.5264770907789793,0.17847037539318555,0.483803033462623
right_step,5.0,900.0,18325,18012,6383,0.6677142897845674,0.5075177011270217,0.36889056712988466,0.5264770907789793,0.17847037539318555,0.483803033462623
right_step,5.0,1200.0,18325,18012,6383,0.6677142897845674,0.5075177011270217,0.36889056712988466,0.5264770907789793,0.17847037539318555,0.483803033462623
right_step,5.0,1800.0,18325,18012,6383,0.6675936919954363,0.5073572029303609,0.36889056712988466,0.5266900888109665,0.1783267678157192,0.48341373758394635
right_step,5.0,2400.0,18325,18012,6383,0.6675936919954363,0.5073572029303609,0.36889056712988466,0.5266900888109665,0.1783267678157192,0.48341373758394635
right_step,5.0,3600.0,18325,17827,6525,0.6635551398505459,0.5103446921587119,0.3718497451464846,0.5266900888109665,0.18345605080461125,0.4933607006570396
right_step,7.0,1.0,16211,16211,701,0.5,0.053037618586148846,0.05303761858614886,0.025630746938971716,0.06960053071477423,1.3122861201191052
right_step,7.0,2.0,16211,16211,1332,0.5,0.08336589952397272,0.08336589952397255,0.061443747811098626,0.0792759485110548,0.9509397603064109
right_step,7.0,3.0,16211,16211,1597,0.6248146616571109,0.12881865031515483,0.09814036176974161,0.1436982220581544,0.032285757166441664,0.32897532253030604
right_step,7.0,5.0,16211,16204,2331,0.6058775873925063,0.19105356974091456,0.15100095639149924,0.1918279920675121,0.07111940138504791,0.4709864300505295
right_step,7.0,10.0,16211,16183,3417,0.6398584257050085,0.28456786830941455,0.21461316459115343,0.30495429816145314,0.09361377328959541,0.43619772099224835
right_step,7.0,20.0,16211,16100,4123,0.6547292815168032,0.37692110297358866,0.2724013531562548,0.37938893212033253,0.11111715585321558,0.4079170480092167
right_step,7.0,30.0,16211,15981,4321,0.6648296741705315,0.40731576294213323,0.28927314048222497,0.4052707905349314,0.1173367825299435,0.4056262615130475
right_step,7.0,60.0,16211,15981,4352,0.6688291893440922,0.42228243963253836,0.2915588376011007,0.4254598582757717,0.12480488683746382,0.4280607230579543
right_step,7.0,120.0,16211,15981,4352,0.6688291893440922,0.42228243963253836,0.2915588376011007,0.4254598582757717,0.12480488683746382,0.4280607230579543
right_step,7.0,180.0,16211,15981,4352,0.6687464999206844,0.42218891659022423,0.2915588376011007,0.425247071903587,0.12481000464067316,0.4280782763012428
right_step,7.0,300.0,16211,15981,4352,0.6687464999206844,0.42218891659022423,0.2915588376011007,0.425247071903587,0.12481000464067316,0.4280782763012428
right_step,7.0,600.0,16211,15981,4352,0.6686570128809044,0.4221246956579444,0.2915588376011007,0.4263413386879902,0.12477715412933732,0.4279656043218711
right_step,7.0,900.0,16211,15981,4352,0.6686570128809044,0.4221246956579444,0.2915588376011007,0.4263413386879902,0.12477715412933732,0.4279656043218711
right_step,7.0,1200.0,16211,15981,4352,0.6686570128809044,0.4221246956579444,0.2915588376011007,0.4263413386879902,0.12477715412933732,0.4279656043218711
right_step,7.0,1800.0,16211,15981,4352,0.668578418697155,0.42208457176527175,0.2915588376011007,0.42633024438049794,0.12388642017107843,0.4249105298621575
right_step,7.0,2400.0,16211,15981,4352,0.668578418697155,0.42208457176527175,0.2915588376011007,0.42633024438049794,0.12388642017107843,0.4249105298621575
right_step,7.0,3600.0,16211,15796,4494,0.6640763370930571,0.42535525251688144,0.29488061256537523,0.4280979008131478,0.12965801840463187,0.4396966530849382
right_step,10.0,1.0,14614,14614,199,0.5,0.023670609388395502,0.02367060938839538,0.025053264903486805,0.03387646576286285,1.4311615390633303
right_step,10.0,2.0,14614,14607,734,0.5,0.058640113880436225,0.058612884290384026,0.05995692819944187,0.0925336261845533,1.5787250073911527
right_step,10.0,3.0,14614,14607,938,0.5,0.0683978358447365,0.06837088850462147,0.05995692819944187,0.10652653456640437,1.5580686004863575
right_step,10.0,5.0,14614,14607,1370,0.5,0.0971765489866578,0.09715043409391255,0.0917602524101564,0.14006326499926713,1.4417152769885926
right_step,10.0,10.0,14614,14586,1970,0.639154129371218,0.22671467818667246,0.14291626815912772,0.21976615039588865,0.02682285568507836,0.187682312381771
right_step,10.0,20.0,14614,14503,2561,0.6590407437218996,0.3080348191267571,0.197317663379032,0.31567025331289966,0.04907620813727587,0.24871675093275486
right_step,10.0,30.0,14614,14384,2724,0.6700042990746973,0.35049325133054077,0.2119318468310083,0.3523301576710388,0.049205903804386275,0.23217795975525293
right_step,10.0,60.0,14614,14384,2755,0.6718820727410363,0.3373080676751016,0.2144662735000642,0.3664462050048475,0.04684167157492192,0.21841043260775403
right_step,10.0,120.0,14614,14384,2755,0.6718820727410363,0.3373080676751016,0.2144662735000642,0.3664462050048475,0.04684167157492192,0.21841043260775403
right_step,10.0,180.0,14614,14384,2755,0.6718552700142154,0.33712356648353786,0.2144662735000642,0.36591102386309715,0.046847521259835156,0.21843770815470961
right_step,10.0,300.0,14614,14384,2755,0.6718552700142154,0.33712356648353786,0.2144662735000642,0.36591102386309715,0.046847521259835156,0.21843770815470961
right_step,10.0,600.0,14614,14384,2755,0.6718228566935124,0.3368468481966595,0.2144662735000642,0.3689954721987111,0.04684081943853613,0.21840645931921837
right_step,10.0,900.0,14614,14384,2755,0.6718228566935124,0.3368468481966595,0.2144662735000642,0.3689954721987111,0.04684081943853613,0.21840645931921837
right_step,10.0,1200.0,14614,14384,2755,0.6718228566935124,0.3368468481966595,0.2144662735000642,0.3689954721987111,0.04684081943853613,0.21840645931921837
right_step,10.0,1800.0,14614,14384,2755,0.6717577622617943,0.3366040519576011,0.2144662735000642,0.3694538197822831,0.04683688812333553,0.21838812862723384
right_step,10.0,2400.0,14614,14384,2755,0.6717577622617943,0.3366040519576011,0.2144662735000642,0.3694538197822831,0.04683688812333553,0.21838812862723384
right_step,10.0,3600.0,14614,14166,2897,0.6656241730359878,0.34075281291211645,0.21814952400098797,0.37716701844958345,0.05164419404351994,0.23673759674711026
right_step,15.0,1.0,13237,13237,176,0.5,0.0085362372571888,0.008536237257188883,0.0,0.0064583849817757555,0.7565845216329663
right_step,15.0,2.0,13237,13216,450,0.5,0.035483432525904676,0.035439944608885665,0.01340203682046781,0.024800746902412074,0.6997964352403055
right_step,15.0,3.0,13237,13216,471,0.5,0.037245060413187585,0.037201651924070545,0.01340203682046781,0.024800746902412074,0.6666571407374863
right_step,15.0,5.0,13237,13216,600,0.707898149496274,0.12028252964135834,0.050690431488755516,0.1233658279177059,0.01460018870274249,0.2880265224410488
right_step,15.0,10.0,13237,13194,929,0.7031983849299419,0.20029115522170918,0.09557538394003118,0.2180168463433979,0.02644087568363851,0.2766494320360654
right_step,15.0,20.0,13237,13022,1298,0.7032812589229847,0.2504559446941828,0.12447640139262262,0.26051692297354767,0.026449407415519377,0.21248531544620122
right_step,15.0,30.0,13237,13014,1354,0.7084085156196182,0.26874476481010723,0.12713237849530656,0.2711559332478112,0.026593399772404047,0.20917881099334434
right_step,15.0,60.0,13237,13014,1385,0.7261265544300065,0.2594103287690754,0.12993952019948662,0.28662614987228296,0.027935644646824076,0.21498959365046544
right_step,15.0,120.0,13237,13014,1385,0.7261265544300065,0.2594103287690754,0.12993952019948662,0.28662614987228296,0.027935644646824076,0.21498959365046544
right_step,15.0,180.0,13237,13014,1385,0.7260217822453557,0.25912388762324157,0.12993952019948662,0.28811416535764434,0.02795642852216329,0.21514954402820508
right_step,15.0,300.0,13237,13014,1385,0.7260217822453557,0.25912388762324157,0.12993952019948662,0.28811416535764434,0.02795642852216329,0.21514954402820508
right_step,15.0,600.0,13237,13014,1385,0.7259130650186226,0.25884874972405625,0.12993952019948662,0.28851987303743076,0.02802837980259587,0.21570327302706638
right_step,15.0,900.0,13237,13014,1385,0.7259130650186226,0.25884874972405625,0.12993952019948662,0.28851987303743076,0.02802837980259587,0.21570327302706638
right_step,15.0,1200.0,13237,13014,1385,0.7259130650186226,0.25884874972405625,0.12993952019948662,0.28851987303743076,0.02802837980259587,0.21570327302706638
right_step,15.0,1800.0,13237,13014,1385,0.7257516701092905,0.25859630058628735,0.12993952019948662,0.2892390856427046,0.027887540286860246,0.21461938788173565
right_step,15.0,2400.0,13237,13014,1385,0.7257516701092905,0.25859630058628735,0.12993952019948662,0.2892390856427046,0.027887540286860246,0.21461938788173565
right_step,15.0,3600.0,13237,12762,1527,0.7164897590668188,0.26264978048540966,0.13401910404159356,0.29816338746980553,0.03320942160495943,0.24779617683948035
right_step,20.0,1.0,12616,12616,121,0.5,0.01419476854076923,0.014194768540769065,0.008799269385210806,0.021617226334700423,1.5229009386530803
right_step,20.0,2.0,12616,12616,234,0.5,0.029131089792554812,0.0291310897925543,0.008799269385210806,0.057553493954786705,1.9756725328379912
right_step,20.0,3.0,12616,12611,275,0.5,0.03488804510824504,0.03482537394079166,0.008799269385210806,0.057553493954786705,1.6526310400180124
right_step,20.0,5.0,12616,12594,329,0.5,0.04754343650248431,0.0472816812767054,0.021536023492526035,0.057553493954786705,1.2172471959693614
right_step,20.0,10.0,12616,12533,591,0.5,0.06392275287478513,0.06347267273765544,0.043787688943367264,0.07421540905445301,1.1692497866160343
right_step,20.0,20.0,12616,12414,754,0.5,0.08119909610104908,0.08052372960532905,0.0871289240420372,0.0821192802318913,1.0198146637566654
right_step,20.0,30.0,12616,12414,785,0.5,0.08415395921159373,0.0834807646940855,0.10275328276031526,0.0821192802318913,0.9836910398798652
right_step,20.0,60.0,12616,12414,785,0.7604943390436556,0.17186448548998343,0.0834807646940855,0.1986359840427011,0.014515311438429324,0.17387611974591452
right_step,20.0,120.0,12616,12414,785,0.7604943390436556,0.17186448548998343,0.0834807646940855,0.1986359840427011,0.014515311438429324,0.17387611974591452
right_step,20.0,180.0,12616,12414,785,0.7599817986129143,0.1716624810811188,0.0834807646940855,0.1983409256806703,0.014531520105308782,0.17407028024431023
right_step,20.0,300.0,12616,12414,785,0.7599817986129143,0.1716624810811188,0.0834807646940855,0.1983409256806703,0.014531520105308782,0.17407028024431023
right_step,20.0,600.0,12616,12414,785,0.7594559937760744,0.1713839814062754,0.0834807646940855,0.1995168114774617,0.014559617178384832,0.17440684967056083
right_step,20.0,900.0,12616,12414,785,0.7594559937760744,0.1713839814062754,0.0834807646940855,0.1995168114774617,0.014559617178384832,0.17440684967056083
right_step,20.0,1200.0,12616,12414,785,0.7594559937760744,0.1713839814062754,0.0834807646940855,0.1995168114774617,0.014559617178384832,0.17440684967056083
right_step,20.0,1800.0,12616,12414,785,0.7588132076212266,0.17102822115522673,0.0834807646940855,0.19833096194921374,0.014477329919616366,0.1734211464481478
right_step,20.0,2400.0,12616,12414,785,0.7588132076212266,0.17102822115522673,0.0834807646940855,0.19833096194921374,0.014477329919616366,0.1734211464481478
right_step,20.0,3600.0,12616,12107,927,0.7448371695204796,0.17658765044645697,0.08777818671260029,0.20826277049964892,0.022256640664737426,0.25355548454890275
right_step,30.0,1.0,11942,11942,0,nan,nan,0.0,0.0,0.0,0.0
right_step,30.0,2.0,11942,11942,66,0.5,0.007484538642326297,0.007484538642326455,0.02696472954667395,0.0,0.0
right_step,30.0,3.0,11942,11942,79,0.5,0.010761836383899784,0.010761836383899936,0.030623145828972298,0.0,0.0
right_step,30.0,5.0,11942,11831,107,0.5,0.01523635460142777,0.015219265605355359,0.04440640474326396,0.008376919436106633,0.5504154834618933
right_step,30.0,10.0,11942,11823,163,0.5,0.018253421309577977,0.018206683746770258,0.04440640474326396,0.008537484048384947,0.4689203243780976
right_step,30.0,20.0,11942,11823,194,0.5,0.021410717669393897,0.02136413041455787,0.06040978005001563,0.008537484048384947,0.3996176714296485
right_step,30.0,30.0,11942,11823,194,0.8038308140096793,0.06832789703949614,0.02136413041455787,0.06450911310633889,7.991446730348795e-05,0.0037405906888226498
right_step,30.0,60.0,11942,11823,194,0.8038308140096793,0.06832789703949614,0.02136413041455787,0.06450911310633889,7.991446730348795e-05,0.0037405906888226498
right_step,30.0,120.0,11942,11823,194,0.8038308140096793,0.06832789703949614,0.02136413041455787,0.06450911310633889,7.991446730348795e-05,0.0037405906888226498
right_step,30.0,180.0,11942,11823,194,0.8034313853926608,0.06840162352662024,0.02136413041455787,0.06461763488871142,7.995638742508415e-05,0.0037425528619035465
right_step,30.0,300.0,11942,11823,194,0.8034313853926608,0.06840162352662024,0.02136413041455787,0.06461763488871142,7.995638742508415e-05,0.0037425528619035465
right_step,30.0,600.0,11942,11823,194,0.803360645172404,0.06843249256719275,0.02136413041455787,0.06438948440026349,7.983703567504552e-05,0.003736966313435498
right_step,30.0,900.0,11942,11823,194,0.803360645172404,0.06843249256719275,0.02136413041455787,0.06438948440026349,7.983703567504552e-05,0.003736966313435498
right_step,30.0,1200.0,11942,11823,194,0.803360645172404,0.06843249256719275,0.02136413041455787,0.06438948440026349,7.983703567504552e-05,0.003736966313435498
right_step,30.0,1800.0,11942,11823,194,0.8030333863579655,0.06835219650919068,0.02136413041455787,0.06463402465282742,7.968627754006974e-05,0.003729909712860122
right_step,30.0,2400.0,11942,11823,194,0.8030333863579655,0.06835219650919068,0.02136413041455787,0.06463402465282742,7.968627754006974e-05,0.003729909712860122
right_step,30.0,3600.0,11942,11488,336,0.7528752902509436,0.07134282475473194,0.025952808068072653,0.07519436973951388,0.00839120649853664,0.32332557141897755
right_step,45.0,1.0,11660,11660,0,nan,nan,0.0,0.0,0.0,0.0
right_step,45.0,2.0,11660,11660,1,0.5,1.6227519660500617e-05,1.6227519660461098e-05,8.112782426239473e-05,0.0,0.0
right_step,45.0,3.0,11660,11660,31,0.5,0.0032159993508992135,0.0032159993508992235,0.016078059717453907,0.0,0.0
right_step,45.0,5.0,11660,11660,31,0.5,0.0032159993508992135,0.0032159993508992235,0.016078059717453907,0.0,0.0
right_step,45.0,10.0,11660,11660,31,0.5,0.0032159993508992135,0.0032159993508992235,0.016078059717453907,0.0,0.0
right_step,45.0,20.0,11660,11660,31,0.6763235118808828,0.005643220018663903,0.0032159993508992235,0.0017739808792039957,8.095408063757414e-05,0.025172293836109957
right_step,45.0,30.0,11660,11660,31,0.6763235118808828,0.005643220018663903,0.0032159993508992235,0.0017739808792039957,8.095408063757414e-05,0.025172293836109957
right_step,45.0,60.0,11660,11660,31,0.6763235118808828,0.005643220018663903,0.0032159993508992235,0.0017739808792039957,8.095408063757414e-05,0.025172293836109957
right_step,45.0,120.0,11660,11660,31,0.6763235118808828,0.005643220018663903,0.0032159993508992235,0.0017739808792039957,8.095408063757414e-05,0.025172293836109957
right_step,45.0,180.0,11660,11660,31,0.675799005827018,0.0056351636298139106,0.0032159993508992235,0.001781233980879704,8.109542720091678e-05,0.025216244890796307
right_step,45.0,300.0,11660,11660,31,0.675799005827018,0.0056351636298139106,0.0032159993508992235,0.001781233980879704,8.109542720091678e-05,0.025216244890796307
right_step,45.0,600.0,11660,11660,31,0.6763447046100393,0.005652491266639898,0.0032159993508992235,0.0017811529677278504,8.113640135476441e-05,0.02522898561284781
right_step,45.0,900.0,11660,11660,31,0.6763447046100393,0.005652491266639898,0.0032159993508992235,0.0017811529677278504,8.113640135476441e-05,0.02522898561284781
right_step,45.0,1200.0,11660,11660,31,0.6763447046100393,0.005652491266639898,0.0032159993508992235,0.0017811529677278504,8.113640135476441e-05,0.02522898561284781
right_step,45.0,1800.0,11660,11660,31,0.6763118721129542,0.005651306394939623,0.0032159993508992235,0.0017812361705266122,8.095507361394194e-05,0.02517260259748067
right_step,45.0,2400.0,11660,11660,31,0.6763118721129542,0.005651306394939623,0.0032159993508992235,0.0017812361705266122,8.095507361394194e-05,0.02517260259748067
right_step,45.0,3600.0,11660,11305,173,0.5880935115144925,0.011726882977401163,0.007889770884633496,0.012788267689433086,0.008524814569950578,1.080489496412871
right_step,60.0,1.0,11629,11629,0,nan,nan,0.0,0.0,0.0,0.0
right_step,60.0,2.0,11629,11629,0,nan,nan,0.0,0.0,0.0,0.0
right_step,60.0,3.0,11629,11629,0,nan,nan,0.0,0.0,0.0,0.0
right_step,60.0,5.0,11629,11629,0,nan,nan,0.0,0.0,0.0,0.0
right_step,60.0,10.0,11629,11629,0,nan,nan,0.0,0.0,0.0,0.0
right_step,60.0,20.0,11629,11629,0,nan,nan,0.0,0.0,0.0,0.0
right_step,60.0,30.0,11629,11629,0,nan,nan,0.0,0.0,0.0,0.0
right_step,60.0,60.0,11629,11629,0,nan,nan,0.0,0.0,0.0,0.0
right_step,60.0,120.0,11629,11629,0,nan,nan,0.0,0.0,0.0,0.0
right_step,60.0,180.0,11629,11629,0,nan,nan,0.0,0.0,0.0,0.0
right_step,60.0,300.0,11629,11629,0,nan,nan,0.0,0.0,0.0,0.0
right_step,60.0,600.0,11629,11629,0,nan,nan,0.0,0.0,0.0,0.0
right_step,60.0,900.0,11629,11629,0,nan,nan,0.0,0.0,0.0,0.0
right_step,60.0,1200.0,11629,11629,0,nan,nan,0.0,0.0,0.0,0.0
right_step,60.0,1800.0,11629,11629,0,nan,nan,0.0,0.0,0.0,0.0
right_step,60.0,2400.0,11629,11629,0,nan,nan,0.0,0.0,0.0,0.0
right_step,60.0,3600.0,11629,11274,142,0.6059099687638715,0.008224891484697128,0.004688850875105066,0.011089337488546347,0.0031676674035336916,0.6755743545507217
right_step,90.0,1.0,11629,11629,0,nan,nan,0.0,0.0,0.0,0.0
right_step,90.0,2.0,11629,11629,0,nan,nan,0.0,0.0,0.0,0.0
right_step,90.0,3.0,11629,11629,0,nan,nan,0.0,0.0,0.0,0.0
right_step,90.0,5.0,11629,11629,0,nan,nan,0.0,0.0,0.0,0.0
right_step,90.0,10.0,11629,11629,0,nan,nan,0.0,0.0,0.0,0.0
right_step,90.0,20.0,11629,11629,0,nan,nan,0.0,0.0,0.0,0.0
right_step,90.0,30.0,11629,11629,0,nan,nan,0.0,0.0,0.0,0.0
right_step,90.0,60.0,11629,11629,0,nan,nan,0.0,0.0,0.0,0.0
right_step,90.0,120.0,11629,11629,0,nan,nan,0.0,0.0,0.0,0.0
right_step,90.0,180.0,11629,11629,0,nan,nan,0.0,0.0,0.0,0.0
right_step,90.0,300.0,11629,11629,0,nan,nan,0.0,0.0,0.0,0.0
right_step,90.0,600.0,11629,11629,0,nan,nan,0.0,0.0,0.0,0.0
right_step,90.0,900.0,11629,11629,0,nan,nan,0.0,0.0,0.0,0.0
right_step,90.0,1200.0,11629,11629,0,nan,nan,0.0,0.0,0.0,0.0
right_step,90.0,1800.0,11629,11629,0,nan,nan,0.0,0.0,0.0,0.0
right_step,90.0,2400.0,11629,11629,0,nan,nan,0.0,0.0,0.0,0.0
right_step,90.0,3600.0,11629,11274,142,0.6059099687638715,0.008224891484697128,0.004688850875105066,0.011089337488546347,0.0031676674035336916,0.6755743545507217
right_step,120.0,1.0,11629,11629,0,nan,nan,0.0,0.0,0.0,0.0
right_step,120.0,2.0,11629,11629,0,nan,nan,0.0,0.0,0.0,0.0
right_step,120.0,3.0,11629,11629,0,nan,nan,0.0,0.0,0.0,0.0
right_step,120.0,5.0,11629,11629,0,nan,nan,0.0,0.0,0.0,0.0
right_step,120.0,10.0,11629,11629,0,nan,nan,0.0,0.0,0.0,0.0
right_step,120.0,20.0,11629,11629,0,nan,nan,0.0,0.0,0.0,0.0
right_step,120.0,30.0,11629,11629,0,nan,nan,0.0,0.0,0.0,0.0
right_step,120.0,60.0,11629,11629,0,nan,nan,0.0,0.0,0.0,0.0
right_step,120.0,120.0,11629,11629,0,nan,nan,0.0,0.0,0.0,0.0
right_step,120.0,180.0,11629,11629,0,nan,nan,0.0,0.0,0.0,0.0
right_step,120.0,300.0,11629,11629,0,nan,nan,0.0,0.0,0.0,0.0
right_step,120.0,600.0,11629,11629,0,nan,nan,0.0,0.0,0.0,0.0
right_step,120.0,900.0,11629,11629,0,nan,nan,0.0,0.0,0.0,0.0
right_step,120.0,1200.0,11629,11629,0,nan,nan,0.0,0.0,0.0,0.0
right_step,120.0,1800.0,11629,11629,0,nan,nan,0.0,0.0,0.0,0.0
right_step,120.0,2400.0,11629,11629,0,nan,nan,0.0,0.0,0.0,0.0
right_step,120.0,3600.0,11629,11274,142,0.6059099687638715,0.008224891484697128,0.004688850875105066,0.011089337488546347,0.0031676674035336916,0.6755743545507217
right_step,180.0,1.0,11629,11629,0,nan,nan,0.0,0.0,0.0,0.0
right_step,180.0,2.0,11629,11629,0,nan,nan,0.0,0.0,0.0,0.0
right_step,180.0,3.0,11629,11629,0,nan,nan,0.0,0.0,0.0,0.0
right_step,180.0,5.0,11629,11629,0,nan,nan,0.0,0.0,0.0,0.0
right_step,180.0,10.0,11629,11629,0,nan,nan,0.0,0.0,0.0,0.0
right_step,180.0,20.0,11629,11629,0,nan,nan,0.0,0.0,0.0,0.0
right_step,180.0,30.0,11629,11629,0,nan,nan,0.0,0.0,0.0,0.0
right_step,180.0,60.0,11629,11629,0,nan,nan,0.0,0.0,0.0,0.0
right_step,180.0,120.0,11629,11629,0,nan,nan,0.0,0.0,0.0,0.0
right_step,180.0,180.0,11629,11629,0,nan,nan,0.0,0.0,0.0,0.0
right_step,180.0,300.0,11629,11629,0,nan,nan,0.0,0.0,0.0,0.0
right_step,180.0,600.0,11629,11629,0,nan,nan,0.0,0.0,0.0,0.0
right_step,180.0,900.0,11629,11629,0,nan,nan,0.0,0.0,0.0,0.0
right_step,180.0,1200.0,11629,11629,0,nan,nan,0.0,0.0,0.0,0.0
right_step,180.0,1800.0,11629,11629,0,nan,nan,0.0,0.0,0.0,0.0
right_step,180.0,2400.0,11629,11629,0,nan,nan,0.0,0.0,0.0,0.0
right_step,180.0,3600.0,11629,11274,142,0.6098910144641313,0.008390018433655852,0.004688850875105066,0.011089323812694896,0.002653382909157731,0.5658919380962985
right_step,300.0,1.0,11629,11629,0,nan,nan,0.0,0.0,0.0,0.0
right_step,300.0,2.0,11629,11629,0,nan,nan,0.0,0.0,0.0,0.0
right_step,300.0,3.0,11629,11629,0,nan,nan,0.0,0.0,0.0,0.0
right_step,300.0,5.0,11629,11629,0,nan,nan,0.0,0.0,0.0,0.0
right_step,300.0,10.0,11629,11629,0,nan,nan,0.0,0.0,0.0,0.0
right_step,300.0,20.0,11629,11629,0,nan,nan,0.0,0.0,0.0,0.0
right_step,300.0,30.0,11629,11629,0,nan,nan,0.0,0.0,0.0,0.0
right_step,300.0,60.0,11629,11629,0,nan,nan,0.0,0.0,0.0,0.0
right_step,300.0,120.0,11629,11629,0,nan,nan,0.0,0.0,0.0,0.0
right_step,300.0,180.0,11629,11629,0,nan,nan,0.0,0.0,0.0,0.0
right_step,300.0,300.0,11629,11629,0,nan,nan,0.0,0.0,0.0,0.0
right_step,300.0,600.0,11629,11629,0,nan,nan,0.0,0.0,0.0,0.0
right_step,300.0,900.0,11629,11629,0,nan,nan,0.0,0.0,0.0,0.0
right_step,300.0,1200.0,11629,11629,0,nan,nan,0.0,0.0,0.0,0.0
right_step,300.0,1800.0,11629,11629,0,nan,nan,0.0,0.0,0.0,0.0
right_step,300.0,2400.0,11629,11629,0,nan,nan,0.0,0.0,0.0,0.0
right_step,300.0,3600.0,11629,11274,142,0.6098910144641313,0.008390018433655852,0.004688850875105066,0.011089323812694896,0.002653382909157731,0.5658919380962985
right_step,600.0,1.0,11629,11629,0,nan,nan,0.0,0.0,0.0,0.0
right_step,600.0,2.0,11629,11629,0,nan,nan,0.0,0.0,0.0,0.0
right_step,600.0,3.0,11629,11629,0,nan,nan,0.0,0.0,0.0,0.0
right_step,600.0,5.0,11629,11629,0,nan,nan,0.0,0.0,0.0,0.0
right_step,600.0,10.0,11629,11629,0,nan,nan,0.0,0.0,0.0,0.0
right_step,600.0,20.0,11629,11629,0,nan,nan,0.0,0.0,0.0,0.0
right_step,600.0,30.0,11629,11629,0,nan,nan,0.0,0.0,0.0,0.0
right_step,600.0,60.0,11629,11629,0,nan,nan,0.0,0.0,0.0,0.0
right_step,600.0,120.0,11629,11629,0,nan,nan,0.0,0.0,0.0,0.0
right_step,600.0,180.0,11629,11629,0,nan,nan,0.0,0.0,0.0,0.0
right_step,600.0,300.0,11629,11629,0,nan,nan,0.0,0.0,0.0,0.0
right_step,600.0,600.0,11629,11629,0,nan,nan,0.0,0.0,0.0,0.0
right_step,600.0,900.0,11629,11629,0,nan,nan,0.0,0.0,0.0,0.0
right_step,600.0,1200.0,11629,11629,0,nan,nan,0.0,0.0,0.0,0.0
right_step,600.0,1800.0,11629,11629,0,nan,nan,0.0,0.0,0.0,0.0
right_step,600.0,2400.0,11629,11629,0,nan,nan,0.0,0.0,0.0,0.0
right_step,600.0,3600.0,11629,11274,142,0.5980207649698642,0.008146377328154679,0.004688850875105066,0.01077858340731963,0.0034141622502454894,0.7281447717547609
right_step,900.0,1.0,11629,11629,0,nan,nan,0.0,0.0,0.0,0.0
right_step,900.0,2.0,11629,11629,0,nan,nan,0.0,0.0,0.0,0.0
right_step,900.0,3.0,11629,11629,0,nan,nan,0.0,0.0,0.0,0.0
right_step,900.0,5.0,11629,11629,0,nan,nan,0.0,0.0,0.0,0.0
right_step,900.0,10.0,11629,11629,0,nan,nan,0.0,0.0,0.0,0.0
right_step,900.0,20.0,11629,11629,0,nan,nan,0.0,0.0,0.0,0.0
right_step,900.0,30.0,11629,11629,0,nan,nan,0.0,0.0,0.0,0.0
right_step,900.0,60.0,11629,11629,0,nan,nan,0.0,0.0,0.0,0.0
right_step,900.0,120.0,11629,11629,0,nan,nan,0.0,0.0,0.0,0.0
right_step,900.0,180.0,11629,11629,0,nan,nan,0.0,0.0,0.0,0.0
right_step,900.0,300.0,11629,11629,0,nan,nan,0.0,0.0,0.0,0.0
right_step,900.0,600.0,11629,11629,0,nan,nan,0.0,0.0,0.0,0.0
right_step,900.0,900.0,11629,11629,0,nan,nan,0.0,0.0,0.0,0.0
right_step,900.0,1200.0,11629,11629,0,nan,nan,0.0,0.0,0.0,0.0
right_step,900.0,1800.0,11629,11629,0,nan,nan,0.0,0.0,0.0,0.0
right_step,900.0,2400.0,11629,11629,0,nan,nan,0.0,0.0,0.0,0.0
right_step,900.0,3600.0,11629,11274,142,0.5980207649698642,0.008146377328154679,0.004688850875105066,0.01077858340731963,0.0034141622502454894,0.7281447717547609
right_step,1200.0,1.0,11629,11629,0,nan,nan,0.0,0.0,0.0,0.0
right_step,1200.0,2.0,11629,11629,0,nan,nan,0.0,0.0,0.0,0.0
right_step,1200.0,3.0,11629,11629,0,nan,nan,0.0,0.0,0.0,0.0
right_step,1200.0,5.0,11629,11629,0,nan,nan,0.0,0.0,0.0,0.0
right_step,1200.0,10.0,11629,11629,0,nan,nan,0.0,0.0,0.0,0.0
right_step,1200.0,20.0,11629,11629,0,nan,nan,0.0,0.0,0.0,0.0
right_step,1200.0,30.0,11629,11629,0,nan,nan,0.0,0.0,0.0,0.0
right_step,1200.0,60.0,11629,11629,0,nan,nan,0.0,0.0,0.0,0.0
right_step,1200.0,120.0,11629,11629,0,nan,nan,0.0,0.0,0.0,0.0
right_step,1200.0,180.0,11629,11629,0,nan,nan,0.0,0.0,0.0,0.0
right_step,1200.0,300.0,11629,11629,0,nan,nan,0.0,0.0,0.0,0.0
right_step,1200.0,600.0,11629,11629,0,nan,nan,0.0,0.0,0.0,0.0
right_step,1200.0,900.0,11629,11629,0,nan,nan,0.0,0.0,0.0,0.0
right_step,1200.0,1200.0,11629,11629,0,nan,nan,0.0,0.0,0.0,0.0
right_step,1200.0,1800.0,11629,11629,0,nan,nan,0.0,0.0,0.0,0.0
right_step,1200.0,2400.0,11629,11453,142,0.5988601611528366,0.008077041566985995,0.004688850875105066,0.01077858340731963,0.0034141622502454894,0.7281447717547609
right_step,1200.0,3600.0,11629,11274,142,0.5980207649698642,0.008146377328154679,0.004688850875105066,0.01077858340731963,0.0034141622502454894,0.7281447717547609
right_step,1800.0,1.0,11629,11629,0,nan,nan,0.0,0.0,0.0,0.0
right_step,1800.0,2.0,11629,11629,0,nan,nan,0.0,0.0,0.0,0.0
right_step,1800.0,3.0,11629,11629,0,nan,nan,0.0,0.0,0.0,0.0
right_step,1800.0,5.0,11629,11629,0,nan,nan,0.0,0.0,0.0,0.0
right_step,1800.0,10.0,11629,11629,0,nan,nan,0.0,0.0,0.0,0.0
right_step,1800.0,20.0,11629,11629,0,nan,nan,0.0,0.0,0.0,0.0
right_step,1800.0,30.0,11629,11629,0,nan,nan,0.0,0.0,0.0,0.0
right_step,1800.0,60.0,11629,11629,0,nan,nan,0.0,0.0,0.0,0.0
right_step,1800.0,120.0,11629,11629,0,nan,nan,0.0,0.0,0.0,0.0
right_step,1800.0,180.0,11629,11629,0,nan,nan,0.0,0.0,0.0,0.0
right_step,1800.0,300.0,11629,11629,0,nan,nan,0.0,0.0,0.0,0.0
right_step,1800.0,600.0,11629,11629,0,nan,nan,0.0,0.0,0.0,0.0
right_step,1800.0,900.0,11629,11629,0,nan,nan,0.0,0.0,0.0,0.0
right_step,1800.0,1200.0,11629,11629,0,nan,nan,0.0,0.0,0.0,0.0
right_step,1800.0,1800.0,11629,11453,142,0.5,0.004759528508972346,0.004688850875105066,0.009883799078334254,0.011462504668197426,2.444629819441758
right_step,1800.0,2400.0,11629,11274,142,0.5,0.004852667460936014,0.004688850875105066,0.009883799078334254,0.011462504668197426,2.444629819441758
right_step,1800.0,3600.0,11629,11274,142,0.5,0.004852667460936014,0.004688850875105066,0.009883799078334254,0.011462504668197426,2.444629819441758
right_step,2400.0,1.0,11629,11629,0,nan,nan,0.0,0.0,0.0,0.0
right_step,2400.0,2.0,11629,11629,0,nan,nan,0.0,0.0,0.0,0.0
right_step,2400.0,3.0,11629,11629,0,nan,nan,0.0,0.0,0.0,0.0
right_step,2400.0,5.0,11629,11629,0,nan,nan,0.0,0.0,0.0,0.0
right_step,2400.0,10.0,11629,11629,0,nan,nan,0.0,0.0,0.0,0.0
right_step,2400.0,20.0,11629,11629,0,nan,nan,0.0,0.0,0.0,0.0
right_step,2400.0,30.0,11629,11629,0,nan,nan,0.0,0.0,0.0,0.0
right_step,2400.0,60.0,11629,11629,0,nan,nan,0.0,0.0,0.0,0.0
right_step,2400.0,120.0,11629,11629,0,nan,nan,0.0,0.0,0.0,0.0
right_step,2400.0,180.0,11629,11629,0,nan,nan,0.0,0.0,0.0,0.0
right_step,2400.0,300.0,11629,11629,0,nan,nan,0.0,0.0,0.0,0.0
right_step,2400.0,600.0,11629,11629,0,nan,nan,0.0,0.0,0.0,0.0
right_step,2400.0,900.0,11629,11629,0,nan,nan,0.0,0.0,0.0,0.0
right_step,2400.0,1200.0,11629,11453,142,0.5,0.004759528508972346,0.004688850875105066,0.009883799078334254,0.011462504668197426,2.444629819441758
right_step,2400.0,1800.0,11629,11274,142,0.5,0.004852667460936014,0.004688850875105066,0.009883799078334254,0.011462504668197426,2.444629819441758
right_step,2400.0,2400.0,11629,11274,142,0.5,0.004852667460936014,0.004688850875105066,0.009883799078334254,0.011462504668197426,2.444629819441758
right_step,2400.0,3600.0,11629,11274,142,0.5,0.004852667460936014,0.004688850875105066,0.009883799078334254,0.011462504668197426,2.444629819441758
right_step,3600.0,1.0,11311,11311,0,nan,nan,0.0,0.0,0.0,0.0
right_step,3600.0,2.0,11311,11311,0,nan,nan,0.0,0.0,0.0,0.0
right_step,3600.0,3.0,11311,11311,0,nan,nan,0.0,0.0,0.0,0.0
right_step,3600.0,5.0,11311,11302,0,nan,nan,0.0,0.0,0.0,0.0
right_step,3600.0,10.0,11311,11269,0,nan,nan,0.0,0.0,0.0,0.0
right_step,3600.0,20.0,11311,11180,0,nan,nan,0.0,0.0,0.0,0.0
right_step,3600.0,30.0,11311,11152,0,nan,nan,0.0,0.0,0.0,0.0
right_step,3600.0,60.0,11311,11132,0,nan,nan,0.0,0.0,0.0,0.0
right_step,3600.0,120.0,11311,11132,0,nan,nan,0.0,0.0,0.0,0.0
right_step,3600.0,180.0,11311,11132,0,nan,nan,0.0,0.0,0.0,0.0
right_step,3600.0,300.0,11311,11132,0,nan,nan,0.0,0.0,0.0,0.0
right_step,3600.0,600.0,11311,11132,0,nan,nan,0.0,0.0,0.0,0.0
right_step,3600.0,900.0,11311,11132,0,nan,nan,0.0,0.0,0.0,0.0
right_step,3600.0,1200.0,11311,11132,0,nan,nan,0.0,0.0,0.0,0.0
right_step,3600.0,1800.0,11311,11132,0,nan,nan,0.0,0.0,0.0,0.0
right_step,3600.0,2400.0,11311,11132,0,nan,nan,0.0,0.0,0.0,0.0
right_step,3600.0,3600.0,11311,11027,0,nan,nan,0.0,0.0,0.0,0.0
