method,age_s,horizon_s,evict_token_fraction,known_nodes,known_positive_nodes,random_event_token_rate,model_event_token_rate,oracle_event_token_rate,normalized_regret,fraction_random_to_oracle_gap_closed
log_survival,0.0,1.0,0.1,23786,1,7.938932766862414e-06,0.0,0.0,0.0,1.0
log_survival,0.0,1.0,0.2,23786,1,7.938932766862414e-06,0.0,0.0,0.0,1.0
log_survival,0.0,1.0,0.4,23786,1,7.938932766862414e-06,0.0,0.0,0.0,1.0
log_survival,0.0,1.0,0.6,23786,1,7.938932766862414e-06,0.0,0.0,0.0,1.0
log_survival,0.0,1.0,0.8,23786,1,7.938932766862414e-06,0.0,0.0,0.0,1.0
log_survival,0.0,1.0,0.9,23786,1,7.938932766862414e-06,0.0,0.0,0.0,1.0
log_survival,0.0,1.0,0.95,23786,1,7.938932766862414e-06,8.35637138499892e-06,0.0,1.052581200823229,-0.052581200823228924
log_survival,0.0,2.0,0.1,23725,231,0.008135433182445539,0.0,0.0,0.0,1.0
log_survival,0.0,2.0,0.2,23725,231,0.008135433182445539,1.7433594536672166e-05,0.0,0.0021429214825696066,0.9978570785174304
log_survival,0.0,2.0,0.4,23725,231,0.008135433182445539,0.0015483615984634468,0.0,0.1903231903870181,0.8096768096129819
log_survival,0.0,2.0,0.6,23725,231,0.008135433182445539,0.004757859475352155,0.0,0.5848317315934154,0.4151682684065846
log_survival,0.0,2.0,0.8,23725,231,0.008135433182445539,0.008462713867415376,0.0,1.0402290422194158,-0.04022904221941581
log_survival,0.0,2.0,0.9,23725,231,0.008135433182445539,0.008060644549090673,0.0,0.9908070496459558,0.009192950354044216
log_survival,0.0,2.0,0.95,23725,231,0.008135433182445539,0.00803129871398257,0.0,0.9871998864562409,0.012800113543759095
log_survival,0.0,3.0,0.1,23666,2205,0.08308947395816162,0.00042919075841382667,0.0,0.005165404689286382,0.9948345953107136
log_survival,0.0,3.0,0.2,23666,2205,0.08308947395816162,0.0017657165056790076,0.0,0.02125078450452227,0.9787492154954778
log_survival,0.0,3.0,0.4,23666,2205,0.08308947395816162,0.022525492416655496,0.0,0.2710992300661074,0.7289007699338925
log_survival,0.0,3.0,0.6,23666,2205,0.08308947395816162,0.03778937129150182,0.0,0.4548033522336422,0.5451966477663578
log_survival,0.0,3.0,0.8,23666,2205,0.08308947395816162,0.05599781801199701,0.0,0.6739459927281983,0.32605400727180167
log_survival,0.0,3.0,0.9,23666,2205,0.08308947395816162,0.06384912407070555,0.0,0.7684381790990247,0.23156182090097532
log_survival,0.0,3.0,0.95,23666,2205,0.08308947395816162,0.07169536496578628,0.035041567934455196,0.7628594056366664,0.23714059436333357
log_survival,0.0,5.0,0.1,23666,5341,0.2069568729094425,0.009719685290328968,0.0,0.04696478620732727,0.9530352137926728
log_survival,0.0,5.0,0.2,23666,5341,0.2069568729094425,0.01562990566630118,0.0,0.07552252528061879,0.9244774747193812
log_survival,0.0,5.0,0.4,23666,5341,0.2069568729094425,0.06545415752935266,0.0,0.3162695522462462,0.6837304477537538
log_survival,0.0,5.0,0.6,23666,5341,0.2069568729094425,0.10711303822288319,0.0,0.5175621216008242,0.48243787839917585
log_survival,0.0,5.0,0.8,23666,5341,0.2069568729094425,0.16618247311423784,0.008712611821110376,0.7943224203749498,0.20567757962505018
log_survival,0.0,5.0,0.9,23666,5341,0.2069568729094425,0.17853963615830792,0.11884258977220913,0.6774956824323677,0.3225043175676323
log_survival,0.0,5.0,0.95,23666,5341,0.2069568729094425,0.18974247760589166,0.16545819769988032,0.5851820517975408,0.4148179482024592
log_survival,0.0,10.0,0.1,23583,8969,0.3636552192451886,0.05567856791202669,0.0,0.15310812265418447,0.8468918773458155
log_survival,0.0,10.0,0.2,23583,8969,0.3636552192451886,0.0929236565577199,0.0,0.255526805721624,0.744473194278376
log_survival,0.0,10.0,0.4,23583,8969,0.3636552192451886,0.17284512518623496,0.0,0.4752994485958331,0.5247005514041669
log_survival,0.0,10.0,0.6,23583,8969,0.3636552192451886,0.2530623667603425,0.0,0.695885424896705,0.304114575103295
log_survival,0.0,10.0,0.8,23583,8969,0.3636552192451886,0.3162881489443085,0.20464032984225647,0.7021217919986386,0.29787820800136144
log_survival,0.0,10.0,0.9,23583,8969,0.3636552192451886,0.33667879772735104,0.29297608351084775,0.6183255321735557,0.3816744678264443
log_survival,0.0,10.0,0.95,23583,8969,0.3636552192451886,0.3458008557975733,0.3306035188646242,0.4598049951428727,0.5401950048571273
log_survival,0.0,20.0,0.1,23555,10939,0.4555103794421132,0.11539907294933856,0.0,0.25334016118507263,0.7466598388149274
log_survival,0.0,20.0,0.2,23555,10939,0.4555103794421132,0.18513911401703487,0.0,0.40644323899662654,0.5935567610033734
log_survival,0.0,20.0,0.4,23555,10939,0.4555103794421132,0.2585888919618226,0.0,0.5676904492901559,0.4323095507098441
log_survival,0.0,20.0,0.6,23555,10939,0.4555103794421132,0.34862450797301564,0.09260247503603719,0.7054738401357674,0.2945261598642326
log_survival,0.0,20.0,0.8,23555,10939,0.4555103794421132,0.40789058853441307,0.31949523629136145,0.6498934618263721,0.3501065381736279
log_survival,0.0,20.0,0.9,23555,10939,0.4555103794421132,0.4344652927583856,0.3950125285858329,0.6521349703194799,0.34786502968052013
log_survival,0.0,20.0,0.95,23555,10939,0.4555103794421132,0.43974486222025877,0.4268604743760519,0.44971834337663213,0.5502816566233679
log_survival,0.0,30.0,0.1,23472,11530,0.49259835179263883,0.11878087756321895,0.0,0.24113129313355927,0.7588687068664407
log_survival,0.0,30.0,0.2,23472,11530,0.49259835179263883,0.2043506519636954,0.0,0.4148423380225145,0.5851576619774854
log_survival,0.0,30.0,0.4,23472,11530,0.49259835179263883,0.296048876753937,0.0,0.6009944525323135,0.39900554746768646
log_survival,0.0,30.0,0.6,23472,11530,0.49259835179263883,0.388284049577562,0.15555574518888393,0.6905011408907296,0.30949885910927044
log_survival,0.0,30.0,0.8,23472,11530,0.49259835179263883,0.4476269850909515,0.36581696288653315,0.6452841612660267,0.3547158387339733
log_survival,0.0,30.0,0.9,23472,11530,0.49259835179263883,0.47136076936641214,0.43655554678880826,0.6210471188090052,0.3789528811909948
log_survival,0.0,30.0,0.95,23472,11530,0.49259835179263883,0.47776258665802745,0.4659100269540047,0.44411029076148484,0.5558897092385151
log_survival,0.0,60.0,0.1,23353,11724,0.5042510740797715,0.14107812929009428,0.0,0.279777548411877,0.720222451588123
log_survival,0.0,60.0,0.2,23353,11724,0.5042510740797715,0.22170387478801826,0.0,0.4396696133818153,0.5603303866181847
log_survival,0.0,60.0,0.4,23353,11724,0.5042510740797715,0.31129555320451663,0.0,0.6173423701131676,0.3826576298868324
log_survival,0.0,60.0,0.6,23353,11724,0.5042510740797715,0.39848568734703077,0.17377438807292725,0.679961125213685,0.320038874786315
log_survival,0.0,60.0,0.8,23353,11724,0.5042510740797715,0.46069344381532107,0.3803197721385444,0.6485340702294313,0.3514659297705687
log_survival,0.0,60.0,0.9,23353,11724,0.5042510740797715,0.48147101442875667,0.4493510723506824,0.5850626788059882,0.41493732119401183
log_survival,0.0,60.0,0.95,23353,11724,0.5042510740797715,0.48913987557138316,0.47817272120784393,0.4205462828653174,0.5794537171346825
log_survival,0.0,120.0,0.1,23353,11724,0.5042510740797715,0.14107812929009428,0.0,0.279777548411877,0.720222451588123
log_survival,0.0,120.0,0.2,23353,11724,0.5042510740797715,0.22170523015826438,0.0,0.4396723012694883,0.5603276987305117
log_survival,0.0,120.0,0.4,23353,11724,0.5042510740797715,0.31156519257086523,0.0,0.6178771024721232,0.38212289752787676
log_survival,0.0,120.0,0.6,23353,11724,0.5042510740797715,0.3984335815975389,0.17377438807292725,0.6798034567556721,0.3201965432443279
log_survival,0.0,120.0,0.8,23353,11724,0.5042510740797715,0.4607441642062348,0.3803197721385444,0.6489433323780515,0.35105666762194854
log_survival,0.0,120.0,0.9,23353,11724,0.5042510740797715,0.48129851310595145,0.4493510723506824,0.5819205783074044,0.4180794216925956
log_survival,0.0,120.0,0.95,23353,11724,0.5042510740797715,0.4891363504453729,0.47817272120784393,0.42041110845351415,0.5795888915464859
log_survival,0.0,180.0,0.1,23353,11724,0.5042510740797715,0.14107812929009428,0.0,0.279777548411877,0.720222451588123
log_survival,0.0,180.0,0.2,23353,11724,0.5042510740797715,0.22171593816582247,0.0,0.4396935367375091,0.5603064632624909
log_survival,0.0,180.0,0.4,23353,11724,0.5042510740797715,0.31149238594816053,0.0,0.6177327168149632,0.3822672831850368
log_survival,0.0,180.0,0.6,23353,11724,0.5042510740797715,0.39851410136351734,0.17377438807292725,0.6800471040971877,0.3199528959028123
log_survival,0.0,180.0,0.8,23353,11724,0.5042510740797715,0.46073870790086585,0.3803197721385444,0.6488993055237903,0.35110069447620973
log_survival,0.0,180.0,0.9,23353,11724,0.5042510740797715,0.48124284772375053,0.4493510723506824,0.5809066369513438,0.4190933630486562
log_survival,0.0,180.0,0.95,23353,11724,0.5042510740797715,0.4894374792766286,0.47817272120784393,0.4319581886212907,0.5680418113787093
log_survival,0.0,300.0,0.1,23353,11724,0.5042510740797715,0.14107812929009428,0.0,0.279777548411877,0.720222451588123
log_survival,0.0,300.0,0.2,23353,11724,0.5042510740797715,0.22152404414843704,0.0,0.4393129842166531,0.5606870157833469
log_survival,0.0,300.0,0.4,23353,11724,0.5042510740797715,0.31149238594816053,0.0,0.6177327168149632,0.3822672831850368
log_survival,0.0,300.0,0.6,23353,11724,0.5042510740797715,0.3986013401683454,0.17377438807292725,0.6803110827937856,0.3196889172062144
log_survival,0.0,300.0,0.8,23353,11724,0.5042510740797715,0.46072394463589544,0.3803197721385444,0.648780180938321,0.351219819061679
log_survival,0.0,300.0,0.9,23353,11724,0.5042510740797715,0.4812646027977863,0.4493510723506824,0.5813029042254897,0.4186970957745103
log_survival,0.0,300.0,0.95,23353,11724,0.5042510740797715,0.48943508719400297,0.47817272120784393,0.4318664618685547,0.5681335381314453
log_survival,0.0,600.0,0.1,23353,11724,0.5042510740797715,0.13668222870572583,0.0,0.27105986626833234,0.7289401337316677
log_survival,0.0,600.0,0.2,23353,11724,0.5042510740797715,0.22154137910164168,0.0,0.4393473618394202,0.5606526381605799
log_survival,0.0,600.0,0.4,23353,11724,0.5042510740797715,0.3114162549720435,0.0,0.6175817385027088,0.3824182614972912
log_survival,0.0,600.0,0.6,23353,11724,0.5042510740797715,0.398793922330473,0.17377438807292725,0.6808938233327766,0.3191061766672234
log_survival,0.0,600.0,0.8,23353,11724,0.5042510740797715,0.4607223090559323,0.3803197721385444,0.648766983465709,0.35123301653429095
log_survival,0.0,600.0,0.9,23353,11724,0.5042510740797715,0.4812720732838117,0.4493510723506824,0.5814389786478962,0.4185610213521038
log_survival,0.0,600.0,0.95,23353,11724,0.5042510740797715,0.48938606644491434,0.47817272120784393,0.429986713200018,0.570013286799982
log_survival,0.0,900.0,0.1,23353,11724,0.5042510740797715,0.1370568613382259,0.0,0.2718028148742104,0.7281971851257896
log_survival,0.0,900.0,0.2,23353,11724,0.5042510740797715,0.22152702340045347,0.0,0.4393188924876902,0.5606811075123098
log_survival,0.0,900.0,0.4,23353,11724,0.5042510740797715,0.3114162549720435,0.0,0.6175817385027088,0.3824182614972912
log_survival,0.0,900.0,0.6,23353,11724,0.5042510740797715,0.39877260227516137,0.17377438807292725,0.6808293102938411,0.3191706897061589
log_survival,0.0,900.0,0.8,23353,11724,0.5042510740797715,0.46075514216612906,0.3803197721385444,0.6490319133880327,0.3509680866119673
log_survival,0.0,900.0,0.9,23353,11724,0.5042510740797715,0.4813066743323793,0.4493510723506824,0.5820692345218086,0.4179307654781914
log_survival,0.0,900.0,0.95,23353,11724,0.5042510740797715,0.48936652471376263,0.47817272120784393,0.42923736636635573,0.5707626336336442
log_survival,0.0,1200.0,0.1,23353,11724,0.5042510740797715,0.1370568613382259,0.0,0.2718028148742104,0.7281971851257896
log_survival,0.0,1200.0,0.2,23353,11724,0.5042510740797715,0.22152746488904432,0.0,0.43931976802095835,0.5606802319790416
log_survival,0.0,1200.0,0.4,23353,11724,0.5042510740797715,0.3114466186960644,0.0,0.6176419539897582,0.3823580460102418
log_survival,0.0,1200.0,0.6,23353,11724,0.5042510740797715,0.39879666112388396,0.17377438807292725,0.6809021107355706,0.3190978892644294
log_survival,0.0,1200.0,0.8,23353,11724,0.5042510740797715,0.4607191906716609,0.3803197721385444,0.6487418212651789,0.3512581787348211
log_survival,0.0,1200.0,0.9,23353,11724,0.5042510740797715,0.4813066743323793,0.4493510723506824,0.5820692345218086,0.4179307654781914
log_survival,0.0,1200.0,0.95,23353,11724,0.5042510740797715,0.48936304326460717,0.47817272120784393,0.429103866786357,0.5708961332136431
log_survival,0.0,1800.0,0.1,23353,11724,0.5042510740797715,0.13711417988654526,0.0,0.27191648552612513,0.7280835144738749
log_survival,0.0,1800.0,0.2,23353,11724,0.5042510740797715,0.22153437199668397,0.0,0.4393334657758957,0.5606665342241043
log_survival,0.0,1800.0,0.4,23353,11724,0.5042510740797715,0.3114707044808256,0.0,0.6176897194502585,0.3823102805497415
log_survival,0.0,1800.0,0.6,23353,11724,0.5042510740797715,0.39869207133193146,0.17377438807292725,0.680585629130722,0.31941437086927804
log_survival,0.0,1800.0,0.8,23353,11724,0.5042510740797715,0.46076970861629274,0.3803197721385444,0.649149449877487,0.350850550122513
log_survival,0.0,1800.0,0.9,23353,11724,0.5042510740797715,0.4812271831827735,0.4493510723506824,0.5806213083450842,0.4193786916549158
log_survival,0.0,1800.0,0.95,23353,11724,0.5042510740797715,0.4893051763494403,0.47817272120784393,0.4268849032095146,0.5731150967904854
log_survival,0.0,2400.0,0.1,23353,11724,0.5042510740797715,0.14103139260126715,0.0,0.2796848630588266,0.7203151369411733
log_survival,0.0,2400.0,0.2,23353,11724,0.5042510740797715,0.22186184768812772,0.0,0.4399828956101135,0.5600171043898865
log_survival,0.0,2400.0,0.4,23353,11724,0.5042510740797715,0.31195539900290925,0.0,0.618650936088157,0.381349063911843
log_survival,0.0,2400.0,0.6,23353,11724,0.5042510740797715,0.3985532351976131,0.17377438807292725,0.6801655204204952,0.31983447957950484
log_survival,0.0,2400.0,0.8,23353,11724,0.5042510740797715,0.46075652065855355,0.3803197721385444,0.6490430364247707,0.3509569635752293
log_survival,0.0,2400.0,0.9,23353,11724,0.5042510740797715,0.4812964996178551,0.4493510723506824,0.5818839027512487,0.4181160972487513
log_survival,0.0,2400.0,0.95,23353,11724,0.5042510740797715,0.4891175705377677,0.47817272120784393,0.41969097449039877,0.5803090255096013
log_survival,0.0,3600.0,0.1,23177,11866,0.5103324966221111,0.1545697767919717,0.0,0.302880529488262,0.6971194705117381
log_survival,0.0,3600.0,0.2,23177,11866,0.5103324966221111,0.2338730427224793,0.0,0.4582758187465703,0.5417241812534297
log_survival,0.0,3600.0,0.4,23177,11866,0.5103324966221111,0.3224671145944928,0.0,0.6318765054722194,0.3681234945277806
log_survival,0.0,3600.0,0.6,23177,11866,0.5103324966221111,0.4078509842553203,0.1839354814337897,0.6860219070702529,0.3139780929297471
log_survival,0.0,3600.0,0.8,23177,11866,0.5103324966221111,0.4686506603997702,0.3882277434815331,0.6586387085656444,0.34136129143435556
log_survival,0.0,3600.0,0.9,23177,11866,0.5103324966221111,0.48774805653376535,0.4561987374107727,0.5828030342364361,0.4171969657635639
log_survival,0.0,3600.0,0.95,23177,11866,0.5103324966221111,0.49559859109305865,0.48459706790619705,0.4274855223242722,0.5725144776757278
log_survival,1.0,1.0,0.1,23724,230,0.00812754494135067,0.0,0.0,0.0,1.0
log_survival,1.0,1.0,0.2,23724,230,0.00812754494135067,1.7433594536672166e-05,0.0,0.002145001308817737,0.9978549986911822
log_survival,1.0,1.0,0.4,23724,230,0.00812754494135067,0.0015483615984634468,0.0,0.190507909785379,0.809492090214621
log_survival,1.0,1.0,0.6,23724,230,0.00812754494135067,0.004757859475352155,0.0,0.5853993437975963,0.4146006562024037
log_survival,1.0,1.0,0.8,23724,230,0.00812754494135067,0.008462713867415376,0.0,1.0412386432167802,-0.04123864321678017
log_survival,1.0,1.0,0.9,23724,230,0.00812754494135067,0.008060950945137698,0.0,0.9918063822847463,0.008193617715253732
log_survival,1.0,1.0,0.95,23724,230,0.00812754494135067,0.008022994524074437,0.0,0.9871362855535489,0.012863714446451069
log_survival,1.0,2.0,0.1,23665,2204,0.0830821655344038,0.000520331563481658,0.0,0.006262855092121931,0.9937371449078781
log_survival,1.0,2.0,0.2,23665,2204,0.0830821655344038,0.001056223545400421,0.0,0.012712999698630214,0.9872870003013697
log_survival,1.0,2.0,0.4,23665,2204,0.0830821655344038,0.020581799474933764,0.0,0.2477282500106593,0.7522717499893408
log_survival,1.0,2.0,0.6,23665,2204,0.0830821655344038,0.03863788361065436,0.0,0.46505628930260196,0.534943710697398
log_survival,1.0,2.0,0.8,23665,2204,0.0830821655344038,0.05596969138748552,0.0,0.6736667373494113,0.3263332626505887
log_survival,1.0,2.0,0.9,23665,2204,0.0830821655344038,0.06371763652710671,0.0,0.7669231551351613,0.2330768448648387
log_survival,1.0,2.0,0.95,23665,2204,0.0830821655344038,0.07187053596342594,0.034849594846208344,0.7675506527848862,0.2324493472151138
log_survival,1.0,3.0,0.1,23665,3803,0.1529834411008945,0.010055242884023739,0.0,0.06572765530481288,0.9342723446951872
log_survival,1.0,3.0,0.2,23665,3803,0.1529834411008945,0.014690875716278312,0.0,0.0960291885877341,0.9039708114122659
log_survival,1.0,3.0,0.4,23665,3803,0.1529834411008945,0.046909433471345165,0.0,0.30663079045533953,0.6933692095446604
log_survival,1.0,3.0,0.6,23665,3803,0.1529834411008945,0.0782556824811791,0.0,0.5115304108604047,0.48846958913959526
log_survival,1.0,3.0,0.8,23665,3803,0.1529834411008945,0.1195181206494069,0.0,0.7812487403168241,0.21875125968317588
log_survival,1.0,3.0,0.9,23665,3803,0.1529834411008945,0.12857985271831118,0.05892366669305528,0.7405523398687903,0.2594476601312097
log_survival,1.0,3.0,0.95,23665,3803,0.1529834411008945,0.13816805945430724,0.10860556066550865,0.6661539149406099,0.33384608505939006
log_survival,1.0,5.0,0.1,23654,6571,0.25461430619768993,0.029754585665522415,0.0,0.11686140543265504,0.883138594567345
log_survival,1.0,5.0,0.2,23654,6571,0.25461430619768993,0.030731239681802337,0.0,0.12069722295157174,0.8793027770484283
log_survival,1.0,5.0,0.4,23654,6571,0.25461430619768993,0.09168238711629871,0.0,0.3600834080592229,0.6399165919407771
log_survival,1.0,5.0,0.6,23654,6571,0.25461430619768993,0.14212958230337236,0.0,0.5582152253181675,0.4417847746818325
log_survival,1.0,5.0,0.8,23654,6571,0.25461430619768993,0.20715752690282968,0.06837773584632148,0.7451801265169102,0.25481987348308976
log_survival,1.0,5.0,0.9,23654,6571,0.25461430619768993,0.22315514910178122,0.17180138923100982,0.6201177515753207,0.3798822484246793
log_survival,1.0,5.0,0.95,23654,6571,0.25461430619768993,0.23538845095757063,0.21538928753468015,0.5098573335224496,0.49014266647755045
log_survival,1.0,10.0,0.1,23582,9167,0.37871292016802904,0.06400016468360163,0.0,0.16899387709087335,0.8310061229091267
log_survival,1.0,10.0,0.2,23582,9167,0.37871292016802904,0.11404814804943704,0.0,0.30114670499975454,0.6988532950002455
log_survival,1.0,10.0,0.4,23582,9167,0.37871292016802904,0.1898499924128454,0.0,0.5013031832360298,0.49869681676397015
log_survival,1.0,10.0,0.6,23582,9167,0.37871292016802904,0.2706869516079504,0.0,0.7147549956517217,0.28524500434827826
log_survival,1.0,10.0,0.8,23582,9167,0.37871292016802904,0.33147317457253067,0.22352517927877852,0.6955961513144847,0.3044038486855153
log_survival,1.0,10.0,0.9,23582,9167,0.37871292016802904,0.35391550028285557,0.30968937641326233,0.6407396877031399,0.35926031229686006
log_survival,1.0,10.0,0.95,23582,9167,0.37871292016802904,0.36217859406947944,0.34613304799229966,0.4924987424945464,0.5075012575054536
log_survival,1.0,20.0,0.1,23554,11059,0.4632349816014007,0.11555201157377065,0.0,0.24944578057189895,0.7505542194281011
log_survival,1.0,20.0,0.2,23554,11059,0.4632349816014007,0.1862613343688095,0.0,0.4020882311713704,0.5979117688286296
log_survival,1.0,20.0,0.4,23554,11059,0.4632349816014007,0.2631995329742805,0.0,0.5681771529093101,0.43182284709068985
log_survival,1.0,20.0,0.6,23554,11059,0.4632349816014007,0.35887113422509637,0.10584793062160548,0.7079808932915017,0.2920191067084983
log_survival,1.0,20.0,0.8,23554,11059,0.4632349816014007,0.4161589060998509,0.3292410685494059,0.648670044561782,0.351329955438218
log_survival,1.0,20.0,0.9,23554,11059,0.4632349816014007,0.44108256750882086,0.40404670133655046,0.6257297222785614,0.3742702777214386
log_survival,1.0,20.0,0.95,23554,11059,0.4632349816014007,0.447349442283194,0.43499966830011283,0.4373875313973542,0.5626124686026458
log_survival,1.0,30.0,0.1,23471,11529,0.4925942633483152,0.11880340839926963,0.0,0.24117903361627926,0.7588209663837208
log_survival,1.0,30.0,0.2,23471,11529,0.4925942633483152,0.20241671026428082,0.0,0.4109197473969591,0.589080252603041
log_survival,1.0,30.0,0.4,23471,11529,0.4925942633483152,0.29579321536344216,0.0,0.6004804305938206,0.3995195694061794
log_survival,1.0,30.0,0.6,23471,11529,0.4925942633483152,0.38949486114148263,0.15544489449888876,0.6942025946580443,0.30579740534195565
log_survival,1.0,30.0,0.8,23471,11529,0.4925942633483152,0.44933997831064276,0.3657544439649305,0.6589849682225384,0.3410150317774616
log_survival,1.0,30.0,0.9,23471,11529,0.4925942633483152,0.4714624004722772,0.4365061976389534,0.6232378027522032,0.3767621972477968
log_survival,1.0,30.0,0.95,23471,11529,0.4925942633483152,0.47793424165111803,0.46598997294081673,0.448960243906178,0.551039756093822
log_survival,1.0,60.0,0.1,23352,11723,0.5042470729913011,0.1419633606767183,0.0,0.2815353192524478,0.7184646807475522
log_survival,1.0,60.0,0.2,23352,11723,0.5042470729913011,0.2234854042263922,0.0,0.44320615070828107,0.5567938492917189
log_survival,1.0,60.0,0.4,23352,11723,0.5042470729913011,0.3111450342509685,0.0,0.6170487662034205,0.38295123379657947
log_survival,1.0,60.0,0.6,23352,11723,0.5042470729913011,0.399134146903175,0.17375906471650177,0.6819463234480654,0.3180536765519346
log_survival,1.0,60.0,0.8,23352,11723,0.5042470729913011,0.46013038554037533,0.38031115248397696,0.6440363111006333,0.3559636888993667
log_survival,1.0,60.0,0.9,23352,11723,0.5042470729913011,0.4812531886433685,0.44934426616950224,0.5811892746655898,0.4188107253344102
log_survival,1.0,60.0,0.95,23352,11723,0.5042470729913011,0.49043369218626026,0.4781666088723203,0.47035525357128233,0.5296447464287177
log_survival,1.0,120.0,0.1,23352,11723,0.5042470729913011,0.1419633606767183,0.0,0.2815353192524478,0.7184646807475522
log_survival,1.0,120.0,0.2,23352,11723,0.5042470729913011,0.2230278457660331,0.0,0.4422987414542327,0.5577012585457672
log_survival,1.0,120.0,0.4,23352,11723,0.5042470729913011,0.3111224079548246,0.0,0.6170038947557597,0.3829961052442403
log_survival,1.0,120.0,0.6,23352,11723,0.5042470729913011,0.3991608917176165,0.17375906471650177,0.6820272486670502,0.3179727513329498
log_survival,1.0,120.0,0.8,23352,11723,0.5042470729913011,0.4602534704846405,0.38031115248397696,0.6450294448407251,0.3549705551592749
log_survival,1.0,120.0,0.9,23352,11723,0.5042470729913011,0.4812700300235506,0.44934426616950224,0.5814960236490573,0.4185039763509427
log_survival,1.0,120.0,0.95,23352,11723,0.5042470729913011,0.48951405551557803,0.4781666088723203,0.4350937388034933,0.5649062611965068
log_survival,1.0,180.0,0.1,23352,11723,0.5042470729913011,0.1419664753806624,0.0,0.2815414961925054,0.7184585038074947
log_survival,1.0,180.0,0.2,23352,11723,0.5042470729913011,0.2245951162973896,0.0,0.4454068815214801,0.5545931184785199
log_survival,1.0,180.0,0.4,23352,11723,0.5042470729913011,0.31109706748255533,0.0,0.6169536406767048,0.3830463593232952
log_survival,1.0,180.0,0.6,23352,11723,0.5042470729913011,0.3985944443596048,0.17375906471650177,0.680313276166297,0.319686723833703
log_survival,1.0,180.0,0.8,23352,11723,0.5042470729913011,0.4603281130975016,0.38031115248397696,0.6456317126300436,0.3543682873699564
log_survival,1.0,180.0,0.9,23352,11723,0.5042470729913011,0.48130057705688356,0.44934426616950224,0.5820524074680501,0.4179475925319499
log_survival,1.0,180.0,0.95,23352,11723,0.5042470729913011,0.4892695020256208,0.4781666088723203,0.4257168546789795,0.5742831453210204
log_survival,1.0,300.0,0.1,23352,11723,0.5042470729913011,0.1419664753806624,0.0,0.2815414961925054,0.7184585038074947
log_survival,1.0,300.0,0.2,23352,11723,0.5042470729913011,0.22462762591826216,0.0,0.44547135313195413,0.5545286468680459
log_survival,1.0,300.0,0.4,23352,11723,0.5042470729913011,0.3110844034156643,0.0,0.6169285258717424,0.3830714741282576
log_survival,1.0,300.0,0.6,23352,11723,0.5042470729913011,0.39821016454544433,0.17375906471650177,0.6791505113925721,0.3208494886074279
log_survival,1.0,300.0,0.8,23352,11723,0.5042470729913011,0.46022285233568594,0.38031115248397696,0.6447823966175044,0.35521760338249564
log_survival,1.0,300.0,0.9,23352,11723,0.5042470729913011,0.4816476433887971,0.44934426616950224,0.5883738753857115,0.4116261246142885
log_survival,1.0,300.0,0.95,23352,11723,0.5042470729913011,0.48930914695812006,0.4781666088723203,0.42723695540718687,0.5727630445928131
log_survival,1.0,600.0,0.1,23352,11723,0.5042470729913011,0.14208424216695212,0.0,0.2817750459592717,0.7182249540407283
log_survival,1.0,600.0,0.2,23352,11723,0.5042470729913011,0.22465090820678793,0.0,0.44551752551405177,0.5544824744859482
log_survival,1.0,600.0,0.4,23352,11723,0.5042470729913011,0.3111380663400247,0.0,0.6170349477574305,0.3829650522425695
log_survival,1.0,600.0,0.6,23352,11723,0.5042470729913011,0.3982263714042843,0.17375906471650177,0.6791995505662612,0.32080044943373875
log_survival,1.0,600.0,0.8,23352,11723,0.5042470729913011,0.46020339470018423,0.38031115248397696,0.6446253990705296,0.3553746009294704
log_survival,1.0,600.0,0.9,23352,11723,0.5042470729913011,0.48163933807410036,0.44934426616950224,0.5882226023419905,0.41177739765800947
log_survival,1.0,600.0,0.95,23352,11723,0.5042470729913011,0.48933382761759275,0.4781666088723203,0.42818328287130347,0.5718167171286965
log_survival,1.0,900.0,0.1,23352,11723,0.5042470729913011,0.142089442260724,0.0,0.281785358550163,0.7182146414498369
log_survival,1.0,900.0,0.2,23352,11723,0.5042470729913011,0.22456893681161405,0.0,0.44535496354876836,0.5546450364512316
log_survival,1.0,900.0,0.4,23352,11723,0.5042470729913011,0.311120785030398,0.0,0.6170006762454032,0.3829993237545968
log_survival,1.0,900.0,0.6,23352,11723,0.5042470729913011,0.3984997894645065,0.17375906471650177,0.6800268666968811,0.31997313330311894
log_survival,1.0,900.0,0.8,23352,11723,0.5042470729913011,0.460339471296857,0.38031115248397696,0.6457233583717212,0.35427664162827877
log_survival,1.0,900.0,0.9,23352,11723,0.5042470729913011,0.481617929609965,0.44934426616950224,0.5878326684683941,0.4121673315316059
log_survival,1.0,900.0,0.95,23352,11723,0.5042470729913011,0.4893106389613076,0.4781666088723203,0.4272941631002995,0.5727058368997004
log_survival,1.0,1200.0,0.1,23352,11723,0.5042470729913011,0.142089442260724,0.0,0.281785358550163,0.7182146414498369
log_survival,1.0,1200.0,0.2,23352,11723,0.5042470729913011,0.22457703235267162,0.0,0.4453710182598241,0.5546289817401759
log_survival,1.0,1200.0,0.4,23352,11723,0.5042470729913011,0.311120785030398,0.0,0.6170006762454032,0.3829993237545968
log_survival,1.0,1200.0,0.6,23352,11723,0.5042470729913011,0.39853261930286277,0.17375906471650177,0.6801262041540181,0.31987379584598186
log_survival,1.0,1200.0,0.8,23352,11723,0.5042470729913011,0.46038319817959245,0.38031115248397696,0.6460761768488541,0.3539238231511459
log_survival,1.0,1200.0,0.9,23352,11723,0.5042470729913011,0.4815878017336317,0.44934426616950224,0.5872839191771034,0.41271608082289657
log_survival,1.0,1200.0,0.95,23352,11723,0.5042470729913011,0.48930537590282863,0.4781666088723203,0.42709236230200975,0.5729076376979902
log_survival,1.0,1800.0,0.1,23352,11723,0.5042470729913011,0.1420800226426235,0.0,0.28176667798937244,0.7182333220106276
log_survival,1.0,1800.0,0.2,23352,11723,0.5042470729913011,0.22459409086742643,0.0,0.4454048479351331,0.5545951520648669
log_survival,1.0,1800.0,0.4,23352,11723,0.5042470729913011,0.3111191002662406,0.0,0.6169973350972884,0.3830026649027116
log_survival,1.0,1800.0,0.6,23352,11723,0.5042470729913011,0.39849543164337353,0.17375906471650177,0.680013680677952,0.319986319322048
log_survival,1.0,1800.0,0.8,23352,11723,0.5042470729913011,0.4603696713607849,0.38031115248397696,0.6459670331982306,0.35403296680176943
log_survival,1.0,1800.0,0.9,23352,11723,0.5042470729913011,0.4811190466259464,0.44934426616950224,0.5787460112845842,0.42125398871541575
log_survival,1.0,1800.0,0.95,23352,11723,0.5042470729913011,0.4892773553610136,0.4781666088723203,0.42601797414360804,0.5739820258563919
log_survival,1.0,2400.0,0.1,23352,11723,0.5042470729913011,0.14225581921180158,0.0,0.2821153097982498,0.7178846902017502
log_survival,1.0,2400.0,0.2,23352,11723,0.5042470729913011,0.22402160974269755,0.0,0.44426952924833774,0.5557304707516623
log_survival,1.0,2400.0,0.4,23352,11723,0.5042470729913011,0.3112098361878171,0.0,0.6171772784751214,0.3828227215248786
log_survival,1.0,2400.0,0.6,23352,11723,0.5042470729913011,0.3988692260404838,0.17375906471650177,0.6811447183790218,0.3188552816209782
log_survival,1.0,2400.0,0.8,23352,11723,0.5042470729913011,0.4602769124476089,0.38031115248397696,0.6452185906740915,0.3547814093259085
log_survival,1.0,2400.0,0.9,23352,11723,0.5042470729913011,0.48127563188288996,0.44934426616950224,0.5815980559432808,0.41840194405671916
log_survival,1.0,2400.0,0.95,23352,11723,0.5042470729913011,0.4892276128831713,0.4781666088723203,0.42411070448708055,0.5758892955129195
log_survival,1.0,3600.0,0.1,23176,11865,0.5103285153059528,0.15368907781644683,0.0,0.3011571433046554,0.6988428566953446
log_survival,1.0,3600.0,0.2,23176,11865,0.5103285153059528,0.23329471623205492,0.0,0.45714615044034873,0.5428538495596513
log_survival,1.0,3600.0,0.4,23176,11865,0.5103285153059528,0.32082342724103524,0.0,0.6286605933605234,0.3713394066394766
log_survival,1.0,3600.0,0.6,23176,11865,0.5103285153059528,0.4072871406974061,0.1839589367438293,0.6842800880446244,0.31571991195537563
log_survival,1.0,3600.0,0.8,23176,11865,0.5103285153059528,0.4679919612672521,0.38791563962841374,0.6541495018038466,0.34585049819615343
log_survival,1.0,3600.0,0.9,23176,11865,0.5103285153059528,0.48772946135174877,0.4562091528304561,0.5824220219808379,0.4175779780191621
log_survival,1.0,3600.0,0.95,23176,11865,0.5103285153059528,0.49578123333900387,0.4846064239135678,0.43444404480828364,0.5655559551917164
log_survival,2.0,1.0,0.1,23435,1974,0.07555188976523682,8.029314296559074e-05,0.0,0.0010627549253246539,0.9989372450746753
log_survival,2.0,1.0,0.2,23435,1974,0.07555188976523682,0.0011634756278630506,0.0,0.015399689292727564,0.9846003107072724
log_survival,2.0,1.0,0.4,23435,1974,0.07555188976523682,0.017065178847274792,0.0,0.22587362010800263,0.7741263798919974
log_survival,2.0,1.0,0.6,23435,1974,0.07555188976523682,0.03619456827822046,0.0,0.4790690000036825,0.5209309999963174
log_survival,2.0,1.0,0.8,23435,1974,0.07555188976523682,0.049565641663579796,0.0,0.6560476755458485,0.34395232445415147
log_survival,2.0,1.0,0.9,23435,1974,0.07555188976523682,0.056401185129065425,0.0,0.7465224934058092,0.25347750659419077
log_survival,2.0,1.0,0.95,23435,1974,0.07555188976523682,0.06366236767019307,0.026908898705334795,0.7555758427683394,0.24442415723166055
log_survival,2.0,2.0,0.1,23435,3573,0.1460272362700892,0.014521844810785361,0.0,0.09944613882800625,0.9005538611719938
log_survival,2.0,2.0,0.2,23435,3573,0.1460272362700892,0.014081584468817392,0.0,0.09643121946629436,0.9035687805337056
log_survival,2.0,2.0,0.4,23435,3573,0.1460272362700892,0.044146352970540384,0.0,0.30231588365397893,0.697684116346021
log_survival,2.0,2.0,0.6,23435,3573,0.1460272362700892,0.07501024735699356,0.0,0.5136729919222468,0.4863270080777532
log_survival,2.0,2.0,0.8,23435,3573,0.1460272362700892,0.11381311557940367,0.0,0.7793964912743886,0.2206035087256114
log_survival,2.0,2.0,0.9,23435,3573,0.1460272362700892,0.1223212674543211,0.051149743291416666,0.7501412814407211,0.24985871855927888
log_survival,2.0,2.0,0.95,23435,3573,0.1460272362700892,0.1307639208939393,0.10108690065733375,0.6603649000828175,0.33963509991718255
log_survival,2.0,3.0,0.1,23435,5110,0.20043755704460023,0.015242036829549284,0.0,0.07604381660946762,0.9239561833905324
log_survival,2.0,3.0,0.2,23435,5110,0.20043755704460023,0.014582390139178947,0.0,0.07275278323180798,0.927247216768192
log_survival,2.0,3.0,0.4,23435,5110,0.20043755704460023,0.06217977107427074,0.0,0.3102201602887968,0.6897798397112032
log_survival,2.0,3.0,0.6,23435,5110,0.20043755704460023,0.10245316071582916,0.0,0.5111475225824662,0.4888524774175338
log_survival,2.0,3.0,0.8,23435,5110,0.20043755704460023,0.16134614102728387,0.000611956823638183,0.8043723328037545,0.19562766719624547
log_survival,2.0,3.0,0.9,23435,5110,0.20043755704460023,0.17292987650793754,0.1120151376668461,0.6889060406824465,0.31109395931755346
log_survival,2.0,3.0,0.95,23435,5110,0.20043755704460023,0.18355546606990963,0.15835981067048435,0.5987881379247152,0.4012118620752848
log_survival,2.0,5.0,0.1,23352,7141,0.28858915789216527,0.03106673780938229,0.0,0.10765039835970117,0.8923496016402989
log_survival,2.0,5.0,0.2,23352,7141,0.28858915789216527,0.051352950623759976,0.0,0.1779448368706513,0.8220551631293487
log_survival,2.0,5.0,0.4,23352,7141,0.28858915789216527,0.11742887854691145,0.0,0.4069067577056728,0.5930932422943271
log_survival,2.0,5.0,0.6,23352,7141,0.28858915789216527,0.17764630607115137,0.0,0.6155681917112458,0.38443180828875423
log_survival,2.0,5.0,0.8,23352,7141,0.28858915789216527,0.24044711683556028,0.11083501297556063,0.729165015650176,0.270834984349824
log_survival,2.0,5.0,0.9,23352,7141,0.28858915789216527,0.2581545080978784,0.2096623607282786,0.61439395885923,0.38560604114077
log_survival,2.0,5.0,0.95,23352,7141,0.28858915789216527,0.26923716332063236,0.2511489854571563,0.483122183661805,0.5168778163381951
log_survival,2.0,10.0,0.1,23345,9472,0.3962884921300958,0.0750884115743678,0.0,0.18947916244238894,0.8105208375576111
log_survival,2.0,10.0,0.2,23345,9472,0.3962884921300958,0.13130954425627708,0.0,0.331348365809144,0.6686516341908559
log_survival,2.0,10.0,0.4,23345,9472,0.3962884921300958,0.21174454488811395,0.0,0.534319186888226,0.465680813111774
log_survival,2.0,10.0,0.6,23345,9472,0.3962884921300958,0.2985859749018898,0.0,0.7534560827062027,0.24654391729379732
log_survival,2.0,10.0,0.8,23345,9472,0.3962884921300958,0.3514756362819573,0.2454317796021018,0.7029442369704119,0.29705576302958814
log_survival,2.0,10.0,0.9,23345,9472,0.3962884921300958,0.37159225983519634,0.32924269884628843,0.6316512776519865,0.3683487223480135
log_survival,2.0,10.0,0.95,23345,9472,0.3962884921300958,0.37916439125397416,0.3645580337268041,0.460326079803965,0.539673920196035
log_survival,2.0,20.0,0.1,23324,10942,0.46700211339766295,0.11394796805089998,0.0,0.24399882737547846,0.7560011726245215
log_survival,2.0,20.0,0.2,23324,10942,0.46700211339766295,0.18739824061855015,0.0,0.4012792131820103,0.5987207868179897
log_survival,2.0,20.0,0.4,23324,10942,0.46700211339766295,0.26938386850033563,0.0,0.576836508384169,0.423163491615831
log_survival,2.0,20.0,0.6,23324,10942,0.46700211339766295,0.3658388984999707,0.1118156928442584,0.7151827630682697,0.28481723693173033
log_survival,2.0,20.0,0.8,23324,10942,0.46700211339766295,0.4218216689924234,0.33375441597281646,0.6609288919928846,0.3390711080071154
log_survival,2.0,20.0,0.9,23324,10942,0.46700211339766295,0.4452395784174069,0.4077887223427385,0.632472746577378,0.36752725342262205
log_survival,2.0,20.0,0.95,23324,10942,0.46700211339766295,0.4516883725461994,0.438978215186092,0.4535470855678266,0.5464529144321735
log_survival,2.0,30.0,0.1,23241,11365,0.4922105636859478,0.1173981272183018,0.0,0.23851200254451876,0.7614879974554812
log_survival,2.0,30.0,0.2,23241,11365,0.4922105636859478,0.20164164058201495,0.0,0.4096654063496924,0.5903345936503076
log_survival,2.0,30.0,0.4,23241,11365,0.4922105636859478,0.2957438656796567,0.0,0.600848270026879,0.399151729973121
log_survival,2.0,30.0,0.6,23241,11365,0.4922105636859478,0.38939648372480495,0.15454728982612626,0.6955129920234518,0.30448700797654815
log_survival,2.0,30.0,0.8,23241,11365,0.4922105636859478,0.44937677663205494,0.36531830470332954,0.6624397154143167,0.3375602845856833
log_survival,2.0,30.0,0.9,23241,11365,0.4922105636859478,0.4718083905258806,0.4358698846634231,0.6378784651865747,0.36212153481342535
log_survival,2.0,30.0,0.95,23241,11365,0.4922105636859478,0.47800691502050624,0.46549389771505584,0.468359986200503,0.531640013799497
log_survival,2.0,60.0,0.1,23122,11493,0.5001241032415668,0.14117896360507048,0.0,0.2822878615327986,0.7177121384672014
log_survival,2.0,60.0,0.2,23122,11493,0.5001241032415668,0.22531110860915826,0.0,0.450510397616909,0.5494896023830911
log_survival,2.0,60.0,0.4,23122,11493,0.5001241032415668,0.3081809974444497,0.0,0.6162090478082679,0.3837909521917321
log_survival,2.0,60.0,0.6,23122,11493,0.5001241032415668,0.3969189353033954,0.1669007611375368,0.6902822974929786,0.30971770250702135
log_survival,2.0,60.0,0.8,23122,11493,0.5001241032415668,0.4567442518344193,0.3752482041844548,0.6526163035886717,0.34738369641132827
log_survival,2.0,60.0,0.9,23122,11493,0.5001241032415668,0.4784721748555923,0.44459225171746036,0.6100989289619606,0.3899010710380394
log_survival,2.0,60.0,0.95,23122,11493,0.5001241032415668,0.4865396540933806,0.4738438109417946,0.48309368125620455,0.5169063187437954
log_survival,2.0,120.0,0.1,23122,11493,0.5001241032415668,0.14117896360507048,0.0,0.2822878615327986,0.7177121384672014
log_survival,2.0,120.0,0.2,23122,11493,0.5001241032415668,0.22531911162523113,0.0,0.45052639967723956,0.5494736003227605
log_survival,2.0,120.0,0.4,23122,11493,0.5001241032415668,0.30821750183702956,0.0,0.6162820384766705,0.3837179615233295
log_survival,2.0,120.0,0.6,23122,11493,0.5001241032415668,0.3964850894338382,0.1669007611375368,0.6889803302693808,0.31101966973061923
log_survival,2.0,120.0,0.8,23122,11493,0.5001241032415668,0.45675763836703637,0.3752482041844548,0.6527235022772749,0.34727649772272506
log_survival,2.0,120.0,0.9,23122,11493,0.5001241032415668,0.4788161074568343,0.44459225171746036,0.6162923583507266,0.3837076416492734
log_survival,2.0,120.0,0.95,23122,11493,0.5001241032415668,0.4865187411426197,0.4738438109417946,0.4822979157250472,0.5177020842749528
log_survival,2.0,180.0,0.1,23122,11493,0.5001241032415668,0.14118557342470378,0.0,0.2823010778916793,0.7176989221083208
log_survival,2.0,180.0,0.2,23122,11493,0.5001241032415668,0.22537180698347833,0.0,0.45063176424156604,0.549368235758434
log_survival,2.0,180.0,0.4,23122,11493,0.5001241032415668,0.3084003499978888,0.0,0.6166476440527147,0.38335235594728534
log_survival,2.0,180.0,0.6,23122,11493,0.5001241032415668,0.3962434482748707,0.1669007611375368,0.6882551675078474,0.31174483249215257
log_survival,2.0,180.0,0.8,23122,11493,0.5001241032415668,0.45665797672204195,0.3752482041844548,0.6519254167720099,0.3480745832279901
log_survival,2.0,180.0,0.9,23122,11493,0.5001241032415668,0.47881467957571006,0.44459225171746036,0.6162666455195309,0.3837333544804691
log_survival,2.0,180.0,0.95,23122,11493,0.5001241032415668,0.4865056815416382,0.4738438109417946,0.48180098057559917,0.5181990194244008
log_survival,2.0,300.0,0.1,23122,11493,0.5001241032415668,0.14118557342470378,0.0,0.2823010778916793,0.7176989221083208
log_survival,2.0,300.0,0.2,23122,11493,0.5001241032415668,0.22544548745261378,0.0,0.45077908861297283,0.5492209113870272
log_survival,2.0,300.0,0.4,23122,11493,0.5001241032415668,0.308403771857774,0.0,0.616654486074251,0.383345513925749
log_survival,2.0,300.0,0.6,23122,11493,0.5001241032415668,0.3962517099245138,0.1669007611375368,0.6882799606378573,0.31172003936214265
log_survival,2.0,300.0,0.8,23122,11493,0.5001241032415668,0.45665797672204195,0.3752482041844548,0.6519254167720099,0.3480745832279901
log_survival,2.0,300.0,0.9,23122,11493,0.5001241032415668,0.4788461801911891,0.44459225171746036,0.6168338986294932,0.3831661013705068
log_survival,2.0,300.0,0.95,23122,11493,0.5001241032415668,0.4865096803308402,0.4738438109417946,0.48195313981174365,0.5180468601882564
log_survival,2.0,600.0,0.1,23122,11493,0.5001241032415668,0.14120436260755878,0.0,0.28233864693250976,0.7176613530674902
log_survival,2.0,600.0,0.2,23122,11493,0.5001241032415668,0.22555462612631744,0.0,0.45099731179597136,0.5490026882040286
log_survival,2.0,600.0,0.4,23122,11493,0.5001241032415668,0.30843362130002056,0.0,0.6167141701447709,0.3832858298552291
log_survival,2.0,600.0,0.6,23122,11493,0.5001241032415668,0.3962397261385607,0.1669007611375368,0.6882439974130801,0.31175600258691993
log_survival,2.0,600.0,0.8,23122,11493,0.5001241032415668,0.45669722019913545,0.3752482041844548,0.6522396765882739,0.34776032341172614
log_survival,2.0,600.0,0.9,23122,11493,0.5001241032415668,0.47890357847435333,0.44459225171746036,0.6178675087395279,0.3821324912604721
log_survival,2.0,600.0,0.95,23122,11493,0.5001241032415668,0.4864142565565584,0.4738438109417946,0.47832213855828287,0.5216778614417171
log_survival,2.0,900.0,0.1,23122,11493,0.5001241032415668,0.14120436260755878,0.0,0.28233864693250976,0.7176613530674902
log_survival,2.0,900.0,0.2,23122,11493,0.5001241032415668,0.22561929226555805,0.0,0.45112661198130827,0.5488733880186918
log_survival,2.0,900.0,0.4,23122,11493,0.5001241032415668,0.3086615338145639,0.0,0.617169882063205,0.382830117936795
log_survival,2.0,900.0,0.6,23122,11493,0.5001241032415668,0.39619813502332507,0.1669007611375368,0.6881191828818621,0.31188081711813787
log_survival,2.0,900.0,0.8,23122,11493,0.5001241032415668,0.45670183437893486,0.3752482041844548,0.6522766267110298,0.3477233732889702
log_survival,2.0,900.0,0.9,23122,11493,0.5001241032415668,0.4789012939556947,0.44459225171746036,0.6178263698508372,0.38217363014916284
log_survival,2.0,900.0,0.95,23122,11493,0.5001241032415668,0.48641304841531635,0.4738438109417946,0.4782761671806335,0.5217238328193665
log_survival,2.0,1200.0,0.1,23122,11493,0.5001241032415668,0.14120436260755878,0.0,0.28233864693250976,0.7176613530674902
log_survival,2.0,1200.0,0.2,23122,11493,0.5001241032415668,0.22561929226555805,0.0,0.45112661198130827,0.5488733880186918
log_survival,2.0,1200.0,0.4,23122,11493,0.5001241032415668,0.3087154751523435,0.0,0.6172777379682293,0.38272226203177073
log_survival,2.0,1200.0,0.6,23122,11493,0.5001241032415668,0.3961818863976415,0.1669007611375368,0.6880704209146453,0.3119295790853547
log_survival,2.0,1200.0,0.8,23122,11493,0.5001241032415668,0.4567272383214827,0.3752482041844548,0.6524800602217365,0.34751993977826345
log_survival,2.0,1200.0,0.9,23122,11493,0.5001241032415668,0.4789061950922987,0.44459225171746036,0.6179146279670262,0.38208537203297377
log_survival,2.0,1200.0,0.95,23122,11493,0.5001241032415668,0.48640131770368433,0.4738438109417946,0.4778297980345749,0.5221702019654251
log_survival,2.0,1800.0,0.1,23122,11493,0.5001241032415668,0.14102927545949356,0.0,0.28198855953034224,0.7180114404696578
log_survival,2.0,1800.0,0.2,23122,11493,0.5001241032415668,0.2256163265105064,0.0,0.4511206819430789,0.5488793180569211
log_survival,2.0,1800.0,0.4,23122,11493,0.5001241032415668,0.30870221797791114,0.0,0.6172512301987648,0.3827487698012352
log_survival,2.0,1800.0,0.6,23122,11493,0.5001241032415668,0.3961776544254861,0.1669007611375368,0.6880577208074778,0.31194227919252215
log_survival,2.0,1800.0,0.8,23122,11493,0.5001241032415668,0.4567266937723676,0.3752482041844548,0.6524756994994575,0.3475243005005425
log_survival,2.0,1800.0,0.9,23122,11493,0.5001241032415668,0.4785480151969729,0.44459225171746036,0.611464637817313,0.388535362182687
log_survival,2.0,1800.0,0.95,23122,11493,0.5001241032415668,0.48637955690145107,0.4738438109417946,0.47700177062966476,0.5229982293703352
log_survival,2.0,2400.0,0.1,23122,11493,0.5001241032415668,0.14073003297081838,0.0,0.28139022306398187,0.7186097769360181
log_survival,2.0,2400.0,0.2,23122,11493,0.5001241032415668,0.22560706483412976,0.0,0.451102163186801,0.5488978368131989
log_survival,2.0,2400.0,0.4,23122,11493,0.5001241032415668,0.3086990089580576,0.0,0.6172448137516614,0.3827551862483386
log_survival,2.0,2400.0,0.6,23122,11493,0.5001241032415668,0.3962248292322144,0.1669007611375368,0.6881992919424123,0.31180070805758775
log_survival,2.0,2400.0,0.8,23122,11493,0.5001241032415668,0.4570259341148289,0.3752482041844548,0.6548720013056568,0.3451279986943432
log_survival,2.0,2400.0,0.9,23122,11493,0.5001241032415668,0.4785203906902834,0.44459225171746036,0.6109671844471966,0.38903281555280345
log_survival,2.0,2400.0,0.95,23122,11493,0.5001241032415668,0.48622819883933077,0.4738438109417946,0.4712423954905377,0.5287576045094623
log_survival,2.0,3600.0,0.1,22946,11635,0.5062256668680336,0.15354457299140037,0.0,0.30331250080890787,0.6966874991910921
log_survival,2.0,3600.0,0.2,22946,11635,0.5062256668680336,0.2322277471855191,0.0,0.45874352563410786,0.5412564743658921
log_survival,2.0,3600.0,0.4,22946,11635,0.5062256668680336,0.3184763879876934,0.0,0.6291194003616494,0.3708805996383506
log_survival,2.0,3600.0,0.6,22946,11635,0.5062256668680336,0.4051798033375444,0.17707998849738738,0.6930056501707949,0.30699434982920515
log_survival,2.0,3600.0,0.8,22946,11635,0.5062256668680336,0.4645726506210037,0.3828308822273571,0.6624410312938043,0.33755896870619573
log_survival,2.0,3600.0,0.9,22946,11635,0.5062256668680336,0.4845819507717202,0.45136231400765414,0.6054977509049803,0.39450224909501974
log_survival,2.0,3600.0,0.95,22946,11635,0.5062256668680336,0.49156722715361867,0.48036257331041887,0.4332294517761147,0.5667705482238853
log_survival,3.0,1.0,0.1,21461,1599,0.07623504848417637,0.015302783078440591,0.0,0.20073159764064286,0.7992684023593571
log_survival,3.0,1.0,0.2,21461,1599,0.07623504848417637,0.013979332266121603,0.0,0.18337146160565773,0.8166285383943422
log_survival,3.0,1.0,0.4,21461,1599,0.07623504848417637,0.02862017028660655,0.0,0.3754201099845442,0.6245798900154558
log_survival,3.0,1.0,0.6,21461,1599,0.07623504848417637,0.0403009430860909,0.0,0.5286406172412406,0.47135938275875944
log_survival,3.0,1.0,0.8,21461,1599,0.07623504848417637,0.0655882448332343,0.0,0.8603424033612053,0.13965759663879473
log_survival,3.0,1.0,0.9,21461,1599,0.07623504848417637,0.06853719409179276,0.0,0.8990247327778457,0.10097526722215433
log_survival,3.0,1.0,0.95,21461,1599,0.07623504848417637,0.07056630199436362,0.027616743766118997,0.8834030408364422,0.11659695916355783
log_survival,3.0,2.0,0.1,21461,3136,0.13509213323790425,0.016081370788055646,0.0,0.11904002403852428,0.8809599759614757
log_survival,3.0,2.0,0.2,21461,3136,0.13509213323790425,0.014521279152692712,0.0,0.10749167108879676,0.8925083289112032
log_survival,3.0,2.0,0.4,21461,3136,0.13509213323790425,0.046464339269657075,0.0,0.3439455589011313,0.6560544410988687
log_survival,3.0,2.0,0.6,21461,3136,0.13509213323790425,0.06760541709524935,0.0,0.500439333326632,0.49956066667336796
log_survival,3.0,2.0,0.8,21461,3136,0.13509213323790425,0.11266177743336818,0.0,0.8339625315929015,0.16603746840709854
log_survival,3.0,2.0,0.9,21461,3136,0.13509213323790425,0.1208270377966341,0.03920981943441189,0.8512228702521093,0.1487771297478907
log_survival,3.0,2.0,0.95,21461,3136,0.13509213323790425,0.12663934522813558,0.08958426078521109,0.8142565768471025,0.1857434231528975
log_survival,3.0,3.0,0.1,21450,4367,0.18704590521952627,0.03252494140926043,0.0,0.17388748163766302,0.826112518362337
log_survival,3.0,3.0,0.2,21450,4367,0.18704590521952627,0.029486427408016727,0.0,0.1576427314642895,0.8423572685357105
log_survival,3.0,3.0,0.4,21450,4367,0.18704590521952627,0.0656000400446023,0.0,0.3507162584907212,0.6492837415092788
log_survival,3.0,3.0,0.6,21450,4367,0.18704590521952627,0.103368330851393,0.0,0.5526361602520774,0.4473638397479226
log_survival,3.0,3.0,0.8,21450,4367,0.18704590521952627,0.14962080128735677,0.0,0.7999148717623861,0.20008512823761393
log_survival,3.0,3.0,0.9,21450,4367,0.18704590521952627,0.16664795090193638,0.09776527407835507,0.7715299045619817,0.22847009543801833
log_survival,3.0,3.0,0.95,21450,4367,0.18704590521952627,0.17415444517555784,0.14427829506435924,0.6985695483755963,0.30143045162440374
log_survival,3.0,5.0,0.1,21378,5868,0.27107207912343767,0.04032576479444915,0.0,0.1487639926799177,0.8512360073200823
log_survival,3.0,5.0,0.2,21378,5868,0.27107207912343767,0.05853505464752855,0.0,0.215939077299339,0.784060922700661
log_survival,3.0,5.0,0.4,21378,5868,0.27107207912343767,0.1143692197376214,0.0,0.4219144225678118,0.5780855774321882
log_survival,3.0,5.0,0.6,21378,5868,0.27107207912343767,0.1825913946170913,0.0,0.6735898260253685,0.32641017397463146
log_survival,3.0,5.0,0.8,21378,5868,0.27107207912343767,0.23120553534907243,0.08892414891367553,0.7811309536789421,0.21886904632105786
log_survival,3.0,5.0,0.9,21378,5868,0.27107207912343767,0.2531163314426902,0.19017513348548543,0.7780417104854986,0.22195828951450136
log_survival,3.0,5.0,0.95,21378,5868,0.27107207912343767,0.25752420064535053,0.2330823962417979,0.6433800587307674,0.3566199412692326
log_survival,3.0,10.0,0.1,21371,7702,0.3535083995791976,0.06402831147908991,0.0,0.18112246146147212,0.8188775385385278
log_survival,3.0,10.0,0.2,21371,7702,0.3535083995791976,0.12763936997668296,0.0,0.36106460307200566,0.6389353969279943
log_survival,3.0,10.0,0.4,21371,7702,0.3535083995791976,0.19960071922111486,0.0,0.5646279394173142,0.43537206058268585
log_survival,3.0,10.0,0.6,21371,7702,0.3535083995791976,0.27173677243894717,0.0,0.7686854761086634,0.23131452389133655
log_survival,3.0,10.0,0.8,21371,7702,0.3535083995791976,0.3119273956154109,0.1921180108155643,0.7423576194200462,0.2576423805799538
log_survival,3.0,10.0,0.9,21371,7702,0.3535083995791976,0.3346937211930923,0.28168173226200865,0.7380544150403214,0.26194558495967857
log_survival,3.0,10.0,0.95,21371,7702,0.3535083995791976,0.34143633100386944,0.31957197720386005,0.6442739767377118,0.3557260232622882
log_survival,3.0,20.0,0.1,21345,9009,0.4270815561446572,0.1142719977507914,0.0,0.26756481544730115,0.7324351845526988
log_survival,3.0,20.0,0.2,21345,9009,0.4270815561446572,0.17571955127248462,0.0,0.41144261264461274,0.5885573873553873
log_survival,3.0,20.0,0.4,21345,9009,0.4270815561446572,0.25036182569037,0.0,0.5862154946479817,0.4137845053520183
log_survival,3.0,20.0,0.6,21345,9009,0.4270815561446572,0.33432055887799883,0.045832702703001285,0.7566917344687727,0.2433082655312273
log_survival,3.0,20.0,0.8,21345,9009,0.4270815561446572,0.3863504902708662,0.28433863244055907,0.7146543953504463,0.2853456046495537
log_survival,3.0,20.0,0.9,21345,9009,0.4270815561446572,0.4049002156420269,0.36380717371528326,0.6494420071600249,0.35055799283997513
log_survival,3.0,20.0,0.95,21345,9009,0.4270815561446572,0.4147955925872591,0.39693348696528075,0.5924792568207783,0.4075207431792217
log_survival,3.0,30.0,0.1,21267,9404,0.45203215537963937,0.11093793805364999,0.0,0.24542045678250193,0.7545795432174981
log_survival,3.0,30.0,0.2,21267,9404,0.45203215537963937,0.1924027031466004,0.0,0.42563941714502795,0.574360582854972
log_survival,3.0,30.0,0.4,21267,9404,0.45203215537963937,0.2708093647847337,0.0,0.5990931431798129,0.4009068568201871
log_survival,3.0,30.0,0.6,21267,9404,0.45203215537963937,0.3556333539008822,0.08677973600963454,0.7360762136907185,0.2639237863092815
log_survival,3.0,30.0,0.8,21267,9404,0.45203215537963937,0.41056580931726744,0.3150665077377873,0.6972500274608914,0.3027499725391086
log_survival,3.0,30.0,0.9,21267,9404,0.45203215537963937,0.43067366919919825,0.3912743760304736,0.6484649964295579,0.3515350035704421
log_survival,3.0,30.0,0.95,21267,9404,0.45203215537963937,0.4397899192908051,0.42323587422809417,0.5748674620723594,0.4251325379276406
log_survival,3.0,60.0,0.1,21148,9519,0.45871088036412744,0.12196404526610168,0.0,0.2658843521855987,0.7341156478144013
log_survival,3.0,60.0,0.2,21148,9519,0.45871088036412744,0.19776495924011817,0.0,0.43113204352844464,0.5688679564715553
log_survival,3.0,60.0,0.4,21148,9519,0.45871088036412744,0.28826494855957463,0.0,0.6284240485657288,0.37157595143427125
log_survival,3.0,60.0,0.6,21148,9519,0.45871088036412744,0.36201222012785317,0.09787816670612717,0.7320124906193347,0.2679875093806653
log_survival,3.0,60.0,0.8,21148,9519,0.45871088036412744,0.4156176947267599,0.3233918752316717,0.6815437299794943,0.3184562700205057
log_survival,3.0,60.0,0.9,21148,9519,0.45871088036412744,0.43750681480450726,0.3988892584177834,0.645545124492967,0.35445487550703303
log_survival,3.0,60.0,0.95,21148,9519,0.45871088036412744,0.4440741448661047,0.4302256028814745,0.48616489669316826,0.5138351033068318
log_survival,3.0,120.0,0.1,21148,9519,0.45871088036412744,0.12196404526610168,0.0,0.2658843521855987,0.7341156478144013
log_survival,3.0,120.0,0.2,21148,9519,0.45871088036412744,0.19776416786214726,0.0,0.43113031830673143,0.5688696816932686
log_survival,3.0,120.0,0.4,21148,9519,0.45871088036412744,0.2881651195471129,0.0,0.6282064190811556,0.3717935809188444
log_survival,3.0,120.0,0.6,21148,9519,0.45871088036412744,0.3620234416826174,0.09787816670612717,0.7320435896697794,0.26795641033022055
log_survival,3.0,120.0,0.8,21148,9519,0.45871088036412744,0.4158155364173163,0.3233918752316717,0.6830057691835419,0.31699423081645806
log_survival,3.0,120.0,0.9,21148,9519,0.45871088036412744,0.43760333214172875,0.3988892584177834,0.6471585434221304,0.3528414565778696
log_survival,3.0,120.0,0.95,21148,9519,0.45871088036412744,0.4440519543015547,0.4302256028814745,0.48538587796802124,0.5146141220319788
log_survival,3.0,180.0,0.1,21148,9519,0.45871088036412744,0.12196404526610168,0.0,0.2658843521855987,0.7341156478144013
log_survival,3.0,180.0,0.2,21148,9519,0.45871088036412744,0.1977675972124311,0.0,0.4311377943672101,0.5688622056327899
log_survival,3.0,180.0,0.4,21148,9519,0.45871088036412744,0.28835163984296597,0.0,0.6286130375064806,0.37138696249351943
log_survival,3.0,180.0,0.6,21148,9519,0.45871088036412744,0.36195109902580785,0.09787816670612717,0.7318431015929747,0.2681568984070253
log_survival,3.0,180.0,0.8,21148,9519,0.45871088036412744,0.4157724439092107,0.3233918752316717,0.682687317920444,0.317312682079556
log_survival,3.0,180.0,0.9,21148,9519,0.45871088036412744,0.43777829196590934,0.3988892584177834,0.6500832355064994,0.3499167644935006
log_survival,3.0,180.0,0.95,21148,9519,0.45871088036412744,0.4439823849316289,0.4302256028814745,0.48294358580610813,0.5170564141938918
log_survival,3.0,300.0,0.1,21148,9519,0.45871088036412744,0.12196404526610168,0.0,0.2658843521855987,0.7341156478144013
log_survival,3.0,300.0,0.2,21148,9519,0.45871088036412744,0.19762096782262922,0.0,0.43081813901112725,0.5691818609888728
log_survival,3.0,300.0,0.4,21148,9519,0.45871088036412744,0.28826384756109164,0.0,0.6284216483643599,0.3715783516356401
log_survival,3.0,300.0,0.6,21148,9519,0.45871088036412744,0.3620046123145773,0.09787816670612717,0.7319914065740474,0.2680085934259526
log_survival,3.0,300.0,0.8,21148,9519,0.45871088036412744,0.4159024820316499,0.3233918752316717,0.6836482924879996,0.31635170751200037
log_survival,3.0,300.0,0.9,21148,9519,0.45871088036412744,0.4377268988892858,0.3988892584177834,0.6492241301370454,0.3507758698629546
log_survival,3.0,300.0,0.95,21148,9519,0.45871088036412744,0.4439630057179574,0.4302256028814745,0.48226326195518854,0.5177367380448115
log_survival,3.0,600.0,0.1,21148,9519,0.45871088036412744,0.12196404526610168,0.0,0.2658843521855987,0.7341156478144013
log_survival,3.0,600.0,0.2,21148,9519,0.45871088036412744,0.19762096782262922,0.0,0.43081813901112725,0.5691818609888728
log_survival,3.0,600.0,0.4,21148,9519,0.45871088036412744,0.288533970108761,0.0,0.6290105215723704,0.37098947842762964
log_survival,3.0,600.0,0.6,21148,9519,0.45871088036412744,0.3620805559542446,0.09787816670612717,0.7322018742971578,0.2677981257028422
log_survival,3.0,600.0,0.8,21148,9519,0.45871088036412744,0.4158663358363682,0.3233918752316717,0.6833811740943463,0.3166188259056537
log_survival,3.0,600.0,0.9,21148,9519,0.45871088036412744,0.4376573069568188,0.3988892584177834,0.6480608060712186,0.35193919392878137
log_survival,3.0,600.0,0.95,21148,9519,0.45871088036412744,0.4439480682576282,0.4302256028814745,0.48173886964978613,0.5182611303502138
log_survival,3.0,900.0,0.1,21148,9519,0.45871088036412744,0.12196404526610168,0.0,0.2658843521855987,0.7341156478144013
log_survival,3.0,900.0,0.2,21148,9519,0.45871088036412744,0.19761738612968346,0.0,0.43081033084023124,0.5691896691597688
log_survival,3.0,900.0,0.4,21148,9519,0.45871088036412744,0.2885350110117675,0.0,0.6290127907642536,0.37098720923574635
log_survival,3.0,900.0,0.6,21148,9519,0.45871088036412744,0.36208402056854566,0.09787816670612717,0.732211476016098,0.26778852398390196
log_survival,3.0,900.0,0.8,21148,9519,0.45871088036412744,0.4158663358363682,0.3233918752316717,0.6833811740943463,0.3166188259056537
log_survival,3.0,900.0,0.9,21148,9519,0.45871088036412744,0.43708925879041394,0.3988892584177834,0.6385651062235218,0.3614348937764782
log_survival,3.0,900.0,0.95,21148,9519,0.45871088036412744,0.4439480682576282,0.4302256028814745,0.48173886964978613,0.5182611303502138
log_survival,3.0,1200.0,0.1,21148,9519,0.45871088036412744,0.12196404526610168,0.0,0.2658843521855987,0.7341156478144013
log_survival,3.0,1200.0,0.2,21148,9519,0.45871088036412744,0.19752883075244695,0.0,0.4306172781331182,0.5693827218668819
log_survival,3.0,1200.0,0.4,21148,9519,0.45871088036412744,0.2885128714199835,0.0,0.6289645259579635,0.3710354740420365
log_survival,3.0,1200.0,0.6,21148,9519,0.45871088036412744,0.36207539944178396,0.09787816670612717,0.732187583706905,0.26781241629309505
log_survival,3.0,1200.0,0.8,21148,9519,0.45871088036412744,0.41586891459712305,0.3233918752316717,0.6834002309943904,0.3165997690056096
log_survival,3.0,1200.0,0.9,21148,9519,0.45871088036412744,0.43712328929544314,0.3988892584177834,0.6391339725284128,0.36086602747158725
log_survival,3.0,1200.0,0.95,21148,9519,0.45871088036412744,0.4439277496092581,0.4302256028814745,0.4810255661412466,0.5189744338587534
log_survival,3.0,1800.0,0.1,21148,9519,0.45871088036412744,0.12196404526610168,0.0,0.2658843521855987,0.7341156478144013
log_survival,3.0,1800.0,0.2,21148,9519,0.45871088036412744,0.19760562497415973,0.0,0.4307846912575939,0.5692153087424061
log_survival,3.0,1800.0,0.4,21148,9519,0.45871088036412744,0.2885162990706988,0.0,0.6289719983133447,0.3710280016866553
log_survival,3.0,1800.0,0.6,21148,9519,0.45871088036412744,0.36201777378255817,0.09787816670612717,0.7320278818366351,0.26797211816336486
log_survival,3.0,1800.0,0.8,21148,9519,0.45871088036412744,0.4157908974742167,0.3233918752316717,0.6828236887501582,0.3171763112498418
log_survival,3.0,1800.0,0.9,21148,9519,0.45871088036412744,0.437206533969198,0.3988892584177834,0.6405255207854883,0.3594744792145117
log_survival,3.0,1800.0,0.95,21148,9519,0.45871088036412744,0.4439229823266927,0.4302256028814745,0.4808582066142651,0.519141793385735
log_survival,3.0,2400.0,0.1,21148,9519,0.45871088036412744,0.12167497921862011,0.0,0.26525418172342846,0.7347458182765716
log_survival,3.0,2400.0,0.2,21148,9519,0.45871088036412744,0.19724048918116024,0.0,0.42998868704529,0.57001131295471
log_survival,3.0,2400.0,0.4,21148,9519,0.45871088036412744,0.2868496214659386,0.0,0.6253386037807424,0.37466139621925765
log_survival,3.0,2400.0,0.6,21148,9519,0.45871088036412744,0.36187673744273796,0.09787816670612717,0.7316370183298582,0.26836298167014183
log_survival,3.0,2400.0,0.8,21148,9519,0.45871088036412744,0.41558903873652675,0.3233918752316717,0.6813319637888908,0.3186680362111092
log_survival,3.0,2400.0,0.9,21148,9519,0.45871088036412744,0.4372970959188861,0.3988892584177834,0.6420393872896316,0.3579606127103684
log_survival,3.0,2400.0,0.95,21148,9519,0.45871088036412744,0.4442803176450719,0.4302256028814745,0.49340276822497214,0.5065972317750278
log_survival,3.0,3600.0,0.1,20972,9661,0.46498646002689553,0.13437643005195293,0.0,0.2889899848786573,0.7110100151213428
log_survival,3.0,3600.0,0.2,20972,9661,0.46498646002689553,0.2146520644030827,0.0,0.46163078466987384,0.5383692153301262
log_survival,3.0,3600.0,0.4,20972,9661,0.46498646002689553,0.29615236716201293,0.0,0.6369053566524991,0.36309464334750086
log_survival,3.0,3600.0,0.6,20972,9661,0.46498646002689553,0.36735154865038316,0.10834661135174677,0.7262366733857474,0.2737633266142526
log_survival,3.0,3600.0,0.8,20972,9661,0.46498646002689553,0.4216077455126521,0.33123719320690426,0.6756713846317723,0.32432861536822766
log_survival,3.0,3600.0,0.9,20972,9661,0.46498646002689553,0.4444798055910204,0.4055664077396361,0.6548866309181612,0.34511336908183876
log_survival,3.0,3600.0,0.95,20972,9661,0.46498646002689553,0.4503419135688384,0.4368328116846657,0.47983485905481593,0.5201651409451841
log_survival,5.0,1.0,0.1,18314,1231,0.060005938934407685,0.020291934557673297,0.0,0.3381654369220745,0.6618345630779254
log_survival,5.0,1.0,0.2,18314,1231,0.060005938934407685,0.026773744378496302,0.0,0.4461849085931745,0.5538150914068255
log_survival,5.0,1.0,0.4,18314,1231,0.060005938934407685,0.03262029906384022,0.0,0.5436178425521743,0.45638215744782573
log_survival,5.0,1.0,0.6,18314,1231,0.060005938934407685,0.04203056934878898,0.0,0.7004401580105675,0.29955984198943253
log_survival,5.0,1.0,0.8,18314,1231,0.060005938934407685,0.04132886781823936,0.0,0.68874628998666,0.31125371001334
log_survival,5.0,1.0,0.9,18314,1231,0.060005938934407685,0.045765212213079255,0.0,0.7626780453032337,0.2373219546967663
log_survival,5.0,1.0,0.95,18314,1231,0.060005938934407685,0.05297696062104481,0.010610532595334829,0.8576997572383002,0.14230024276169984
log_survival,5.0,2.0,0.1,18242,2031,0.109533437546633,0.021240715882300778,0.0,0.19391992397990532,0.8060800760200947
log_survival,5.0,2.0,0.2,18242,2031,0.109533437546633,0.04274702600965835,0.0,0.3902646257354896,0.6097353742645104
log_survival,5.0,2.0,0.4,18242,2031,0.109533437546633,0.056915957543991216,0.0,0.5196217595175875,0.4803782404824125
log_survival,5.0,2.0,0.6,18242,2031,0.109533437546633,0.0771778172629442,0.0,0.7046050867351474,0.29539491326485257
log_survival,5.0,2.0,0.8,18242,2031,0.109533437546633,0.08426874400957551,0.0,0.7693426399924567,0.23065736000754333
log_survival,5.0,2.0,0.9,18242,2031,0.109533437546633,0.09193970189264643,0.010598792985555749,0.8221681016590191,0.1778318983409809
log_survival,5.0,2.0,0.95,18242,2031,0.109533437546633,0.09986700257556946,0.0628575106501949,0.7929032027042361,0.2070967972957639
log_survival,5.0,3.0,0.1,18242,2732,0.15676166344975379,0.023792414925528305,0.0,0.15177444792268613,0.8482255520773139
log_survival,5.0,3.0,0.2,18242,2732,0.15676166344975379,0.05431426406878421,0.0,0.3464767014684898,0.6535232985315103
log_survival,5.0,3.0,0.4,18242,2732,0.15676166344975379,0.08228466121396656,0.0,0.5249029603487267,0.47509703965127326
log_survival,5.0,3.0,0.6,18242,2732,0.15676166344975379,0.11187122572346087,0.0,0.7136389297075718,0.2863610702924282
log_survival,5.0,3.0,0.8,18242,2732,0.15676166344975379,0.12991905021157094,0.0,0.8287679994746509,0.17123200052534915
log_survival,5.0,3.0,0.9,18242,2732,0.15676166344975379,0.13970805533042066,0.06340697724180422,0.8173245627825705,0.18267543721742951
log_survival,5.0,3.0,0.95,18242,2732,0.15676166344975379,0.14730097126076178,0.11238564113788728,0.7868062143446745,0.21319378565532554
log_survival,5.0,5.0,0.1,18242,3628,0.19692414812966483,0.03521619877873146,0.0,0.17883128663094852,0.8211687133690515
log_survival,5.0,5.0,0.2,18242,3628,0.19692414812966483,0.07229814595244594,0.0,0.367137025291795,0.6328629747082051
log_survival,5.0,5.0,0.4,18242,3628,0.19692414812966483,0.1117983729623342,0.0,0.5677230244445212,0.43227697555547884
log_survival,5.0,5.0,0.6,18242,3628,0.19692414812966483,0.14532227514841375,0.0,0.7379606641879503,0.26203933581204975
log_survival,5.0,5.0,0.8,18242,3628,0.19692414812966483,0.16553246472330682,0.0,0.8405899748481424,0.15941002515185765
log_survival,5.0,5.0,0.9,18242,3628,0.19692414812966483,0.17952567372746028,0.10812398225234877,0.8040716002012674,0.19592839979873256
log_survival,5.0,5.0,0.95,18242,3628,0.19692414812966483,0.1871579989845743,0.15471068049287032,0.7686484979362828,0.23135150206371724
log_survival,5.0,10.0,0.1,18235,4998,0.275134588569969,0.0751844948091291,0.0,0.2732644237858486,0.7267355762141514
log_survival,5.0,10.0,0.2,18235,4998,0.275134588569969,0.13800396198999326,0.0,0.5015871058134799,0.49841289418652013
log_survival,5.0,10.0,0.4,18235,4998,0.275134588569969,0.17279099636875067,0.0,0.6280235330164914,0.3719764669835086
log_survival,5.0,10.0,0.6,18235,4998,0.275134588569969,0.2041182517615022,0.0,0.7418851000247585,0.2581148999752415
log_survival,5.0,10.0,0.8,18235,4998,0.275134588569969,0.24304722964169007,0.09413720914309408,0.8227192071516009,0.17728079284839915
log_survival,5.0,10.0,0.9,18235,4998,0.275134588569969,0.2578419211263534,0.19459813705174783,0.7852814828860053,0.2147185171139947
log_survival,5.0,10.0,0.95,18235,4998,0.275134588569969,0.26357111892490726,0.2369950428155622,0.69681155303939,0.30318844696061
log_survival,5.0,20.0,0.1,18192,5927,0.3464033212739969,0.08052158538382201,0.0,0.2324503849665209,0.7675496150334791
log_survival,5.0,20.0,0.2,18192,5927,0.3464033212739969,0.16783557103827662,0.0,0.4845091277445421,0.5154908722554579
log_survival,5.0,20.0,0.4,18192,5927,0.3464033212739969,0.21308955894463333,0.0,0.6151487178614101,0.3848512821385899
log_survival,5.0,20.0,0.6,18192,5927,0.3464033212739969,0.2553921400122211,0.0,0.7372681620746121,0.2627318379253879
log_survival,5.0,20.0,0.8,18192,5927,0.3464033212739969,0.3096972263269711,0.18392857039843505,0.774081235704502,0.22591876429549795
log_survival,5.0,20.0,0.9,18192,5927,0.3464033212739969,0.3325827323141771,0.2738150319876854,0.8096030489807114,0.19039695101928855
log_survival,5.0,20.0,0.95,18192,5927,0.3464033212739969,0.33535548235233087,0.3127207507753099,0.6720013123078978,0.32799868769210216
log_survival,5.0,30.0,0.1,18020,6296,0.3684956633505796,0.0813989964782475,0.0,0.2208953987086846,0.7791046012913154
log_survival,5.0,30.0,0.2,18020,6296,0.3684956633505796,0.17469233522807928,0.0,0.47406890393138873,0.5259310960686112
log_survival,5.0,30.0,0.4,18020,6296,0.3684956633505796,0.22319401299286235,0.0,0.6056896598550195,0.39431034014498045
log_survival,5.0,30.0,0.6,18020,6296,0.3684956633505796,0.26632857319076514,0.0,0.7227454748562002,0.2772545251437998
log_survival,5.0,30.0,0.8,18020,6296,0.3684956633505796,0.3311162167529097,0.21068633342353896,0.7631353823316316,0.23686461766836842
log_survival,5.0,30.0,0.9,18020,6296,0.3684956633505796,0.35089153834451114,0.29838392173568,0.7489133117992983,0.2510866882007017
log_survival,5.0,30.0,0.95,18020,6296,0.3684956633505796,0.3597370129484588,0.3354189154398401,0.7352021901984802,0.2647978098015198
log_survival,5.0,60.0,0.1,18012,6383,0.37282246405678204,0.09130760283126269,0.0,0.2449090696888808,0.7550909303111192
log_survival,5.0,60.0,0.2,18012,6383,0.37282246405678204,0.18145607794618002,0.0,0.4867090785563385,0.5132909214436615
log_survival,5.0,60.0,0.4,18012,6383,0.37282246405678204,0.2237655043068862,0.0,0.6001931908073168,0.3998068091926832
log_survival,5.0,60.0,0.6,18012,6383,0.37282246405678204,0.27403082997981054,0.0,0.7350169488125983,0.26498305118740173
log_survival,5.0,60.0,0.8,18012,6383,0.37282246405678204,0.33366007567607914,0.2160295960993359,0.7502285091734425,0.24977149082655747
log_survival,5.0,60.0,0.9,18012,6383,0.37282246405678204,0.3561179641916516,0.303176616101336,0.7601508150806537,0.23984918491934626
log_survival,5.0,60.0,0.95,18012,6383,0.37282246405678204,0.3628806058921632,0.3399140278028113,0.69789332778098,0.30210667221902
log_survival,5.0,120.0,0.1,18012,6383,0.37282246405678204,0.09130760283126269,0.0,0.2449090696888808,0.7550909303111192
log_survival,5.0,120.0,0.2,18012,6383,0.37282246405678204,0.18145607794618002,0.0,0.4867090785563385,0.5132909214436615
log_survival,5.0,120.0,0.4,18012,6383,0.37282246405678204,0.2237901681949499,0.0,0.6002593453190255,0.3997406546809745
log_survival,5.0,120.0,0.6,18012,6383,0.37282246405678204,0.27401557993126635,0.0,0.7349760444948213,0.26502395550517865
log_survival,5.0,120.0,0.8,18012,6383,0.37282246405678204,0.333690114643794,0.2160295960993359,0.7504200929368252,0.2495799070631748
log_survival,5.0,120.0,0.9,18012,6383,0.37282246405678204,0.35607734763896715,0.303176616101336,0.759567628087074,0.240432371912926
log_survival,5.0,120.0,0.95,18012,6383,0.37282246405678204,0.3628458528915813,0.3399140278028113,0.6968372763687004,0.3031627236312996
log_survival,5.0,180.0,0.1,18012,6383,0.37282246405678204,0.09130760283126269,0.0,0.2449090696888808,0.7550909303111192
log_survival,5.0,180.0,0.2,18012,6383,0.37282246405678204,0.18149551518695292,0.0,0.48681485877232594,0.513185141227674
log_survival,5.0,180.0,0.4,18012,6383,0.37282246405678204,0.22379657304100842,0.0,0.6002765246648966,0.39972347533510344
log_survival,5.0,180.0,0.6,18012,6383,0.37282246405678204,0.27389612381717193,0.0,0.7346556343113936,0.2653443656886064
log_survival,5.0,180.0,0.8,18012,6383,0.37282246405678204,0.3337011583684965,0.2160295960993359,0.7504905280583098,0.24950947194169015
log_survival,5.0,180.0,0.9,18012,6383,0.37282246405678204,0.35607734763896715,0.303176616101336,0.759567628087074,0.240432371912926
log_survival,5.0,180.0,0.95,18012,6383,0.37282246405678204,0.36280715329848295,0.3399140278028113,0.6956612984887531,0.30433870151124687
log_survival,5.0,300.0,0.1,18012,6383,0.37282246405678204,0.09130760283126269,0.0,0.2449090696888808,0.7550909303111192
log_survival,5.0,300.0,0.2,18012,6383,0.37282246405678204,0.18150435934087014,0.0,0.48683858093171783,0.5131614190682822
log_survival,5.0,300.0,0.4,18012,6383,0.37282246405678204,0.22385330041956927,0.0,0.6004286812113223,0.3995713187886777
log_survival,5.0,300.0,0.6,18012,6383,0.37282246405678204,0.2738798946996594,0.0,0.7346121038938969,0.26538789610610314
log_survival,5.0,300.0,0.8,18012,6383,0.37282246405678204,0.33380012932608116,0.2160295960993359,0.7511217491009119,0.2488782508990881
log_survival,5.0,300.0,0.9,18012,6383,0.37282246405678204,0.35606021153201295,0.303176616101336,0.759321581733167,0.240678418266833
log_survival,5.0,300.0,0.95,18012,6383,0.37282246405678204,0.3628169605817997,0.3399140278028113,0.695959315788665,0.304040684211335
log_survival,5.0,600.0,0.1,18012,6383,0.37282246405678204,0.09130760283126269,0.0,0.2449090696888808,0.7550909303111192
log_survival,5.0,600.0,0.2,18012,6383,0.37282246405678204,0.1815942484056433,0.0,0.48707968513932126,0.5129203148606787
log_survival,5.0,600.0,0.4,18012,6383,0.37282246405678204,0.2236363551981634,0.0,0.5998467816684535,0.4001532183315465
log_survival,5.0,600.0,0.6,18012,6383,0.37282246405678204,0.2740294998027674,0.0,0.7350133809561215,0.26498661904387855
log_survival,5.0,600.0,0.8,18012,6383,0.37282246405678204,0.33361765061259996,0.2160295960993359,0.7499579288592237,0.25004207114077626
log_survival,5.0,600.0,0.9,18012,6383,0.37282246405678204,0.3560276093917306,0.303176616101336,0.758853468539927,0.24114653146007303
log_survival,5.0,600.0,0.95,18012,6383,0.37282246405678204,0.36284660647351574,0.3399140278028113,0.6968601757227946,0.3031398242772054
log_survival,5.0,900.0,0.1,18012,6383,0.37282246405678204,0.09130760283126269,0.0,0.2449090696888808,0.7550909303111192
log_survival,5.0,900.0,0.2,18012,6383,0.37282246405678204,0.1815942484056433,0.0,0.48707968513932126,0.5129203148606787
log_survival,5.0,900.0,0.4,18012,6383,0.37282246405678204,0.22384637487349307,0.0,0.6004101052220946,0.3995898947779054
log_survival,5.0,900.0,0.6,18012,6383,0.37282246405678204,0.2767858198083855,0.0,0.7424064977110129,0.25759350228898714
log_survival,5.0,900.0,0.8,18012,6383,0.37282246405678204,0.33348957031157095,0.2160295960993359,0.7491410530491341,0.25085894695086586
log_survival,5.0,900.0,0.9,18012,6383,0.37282246405678204,0.3560448660611465,0.303176616101336,0.7591012459727887,0.24089875402721128
log_survival,5.0,900.0,0.95,18012,6383,0.37282246405678204,0.36284660647351574,0.3399140278028113,0.6968601757227946,0.3031398242772054
log_survival,5.0,1200.0,0.1,18012,6383,0.37282246405678204,0.09130760283126269,0.0,0.2449090696888808,0.7550909303111192
log_survival,5.0,1200.0,0.2,18012,6383,0.37282246405678204,0.1815942484056433,0.0,0.48707968513932126,0.5129203148606787
log_survival,5.0,1200.0,0.4,18012,6383,0.37282246405678204,0.22379684583677217,0.0,0.600277256369099,0.399722743630901
log_survival,5.0,1200.0,0.6,18012,6383,0.37282246405678204,0.27669179540035477,0.0,0.7421543015128341,0.2578456984871659
log_survival,5.0,1200.0,0.8,18012,6383,0.37282246405678204,0.3334416241770138,0.2160295960993359,0.7488352602207883,0.2511647397792117
log_survival,5.0,1200.0,0.9,18012,6383,0.37282246405678204,0.3560448660611465,0.303176616101336,0.7591012459727887,0.24089875402721128
log_survival,5.0,1200.0,0.95,18012,6383,0.37282246405678204,0.36316964173090127,0.3399140278028113,0.7066763594786104,0.2933236405213896
log_survival,5.0,1800.0,0.1,18012,6383,0.37282246405678204,0.09130760283126269,0.0,0.2449090696888808,0.7550909303111192
log_survival,5.0,1800.0,0.2,18012,6383,0.37282246405678204,0.18147903491293424,0.0,0.48677065469234815,0.5132293453076519
log_survival,5.0,1800.0,0.4,18012,6383,0.37282246405678204,0.2234441481444827,0.0,0.5993312358733068,0.40066876412669317
log_survival,5.0,1800.0,0.6,18012,6383,0.37282246405678204,0.276434059155744,0.0,0.7414629905821399,0.25853700941786006
log_survival,5.0,1800.0,0.8,18012,6383,0.37282246405678204,0.3335122672545703,0.2160295960993359,0.7492858105454094,0.25071418945459056
log_survival,5.0,1800.0,0.9,18012,6383,0.37282246405678204,0.3561670722820333,0.303176616101336,0.7608559266102476,0.2391440733897524
log_survival,5.0,1800.0,0.95,18012,6383,0.37282246405678204,0.3631349169015694,0.3399140278028113,0.7056211641158202,0.2943788358841798
log_survival,5.0,2400.0,0.1,18012,6383,0.37282246405678204,0.10120176811861128,0.0,0.27144761347641844,0.7285523865235816
log_survival,5.0,2400.0,0.2,18012,6383,0.37282246405678204,0.1836374169406629,0.0,0.4925599572044413,0.5074400427955588
log_survival,5.0,2400.0,0.4,18012,6383,0.37282246405678204,0.22348327089962927,0.0,0.5994361725627994,0.40056382743720065
log_survival,5.0,2400.0,0.6,18012,6383,0.37282246405678204,0.2763766027169807,0.0,0.7413088785199587,0.25869112148004125
log_survival,5.0,2400.0,0.8,18012,6383,0.37282246405678204,0.33351845280855313,0.2160295960993359,0.7493252610259282,0.2506747389740718
log_survival,5.0,2400.0,0.9,18012,6383,0.37282246405678204,0.35609923291083584,0.303176616101336,0.7598818646497861,0.24011813535021387
log_survival,5.0,2400.0,0.95,18012,6383,0.37282246405678204,0.3630442299915277,0.3399140278028113,0.702865429709547,0.297134570290453
log_survival,5.0,3600.0,0.1,17827,6525,0.3794330855526717,0.11044151953249955,0.0,0.2910698189949184,0.7089301810050816
log_survival,5.0,3600.0,0.2,17827,6525,0.3794330855526717,0.1957912461856997,0.0,0.5160099465246043,0.4839900534753957
log_survival,5.0,3600.0,0.4,17827,6525,0.3794330855526717,0.23083414065187605,0.0,0.6083658738289769,0.3916341261710231
log_survival,5.0,3600.0,0.6,17827,6525,0.3794330855526717,0.2849841524901705,0.0,0.751078815583703,0.24892118441629696
log_survival,5.0,3600.0,0.8,17827,6525,0.3794330855526717,0.34147950071029215,0.22429938477898653,0.7553491945779877,0.24465080542201234
log_survival,5.0,3600.0,0.9,17827,6525,0.3794330855526717,0.36361869122542706,0.311116899169745,0.7685117515400874,0.23148824845991256
log_survival,5.0,3600.0,0.95,17827,6525,0.3794330855526717,0.37066075870519005,0.3469537651427328,0.7299103941596867,0.2700896058403133
log_survival,7.0,1.0,0.1,16211,701,0.053037618586148846,0.0,0.0,0.0,1.0
log_survival,7.0,1.0,0.2,16211,701,0.053037618586148846,0.012976565682553976,0.0,0.24466720091280453,0.7553327990871954
log_survival,7.0,1.0,0.4,16211,701,0.053037618586148846,0.02542255151655476,0.0,0.4793305618588622,0.5206694381411379
log_survival,7.0,1.0,0.6,16211,701,0.053037618586148846,0.0369535884896757,0.0,0.6967429812040316,0.30325701879596845
log_survival,7.0,1.0,0.8,16211,701,0.053037618586148846,0.04743426573576661,0.0,0.8943513491036419,0.10564865089635811
log_survival,7.0,1.0,0.9,16211,701,0.053037618586148846,0.05098579375211942,0.0,0.9613137827691743,0.03868621723082566
log_survival,7.0,1.0,0.95,16211,701,0.053037618586148846,0.05308124741536389,0.0032338484694478765,1.0008760145891127,-0.0008760145891126836
log_survival,7.0,2.0,0.1,16211,1332,0.08336589952397272,5.492430743881089e-05,0.0,0.0006588342206157908,0.9993411657793843
log_survival,7.0,2.0,0.2,16211,1332,0.08336589952397272,0.024357968311142557,0.0,0.29218143689720727,0.7078185631027927
log_survival,7.0,2.0,0.4,16211,1332,0.08336589952397272,0.04250948349826281,0.0,0.5099145302935137,0.49008546970648625
log_survival,7.0,2.0,0.6,16211,1332,0.08336589952397272,0.05984621427302502,0.0,0.7178740302060272,0.28212596979397275
log_survival,7.0,2.0,0.8,16211,1332,0.08336589952397272,0.07137079648999389,0.0,0.8561149930310593,0.1438850069689407
log_survival,7.0,2.0,0.9,16211,1332,0.08336589952397272,0.07894775485653292,0.0,0.9470029749253852,0.05299702507461479
log_survival,7.0,2.0,0.95,16211,1332,0.08336589952397272,0.08169075484809565,0.03747173136307342,0.9634998357524596,0.036500164247540434
log_survival,7.0,3.0,0.1,16211,1597,0.09814036176974181,0.012651775830852004,0.0,0.12891511303510134,0.8710848869648986
log_survival,7.0,3.0,0.2,16211,1597,0.09814036176974181,0.032285757166441546,0.0,0.3289753225303042,0.6710246774696957
log_survival,7.0,3.0,0.4,16211,1597,0.09814036176974181,0.05602413848844593,0.0,0.5708572648212821,0.4291427351787179
log_survival,7.0,3.0,0.6,16211,1597,0.09814036176974181,0.07369932768838804,0.0,0.750958386125602,0.24904161387439805
log_survival,7.0,3.0,0.8,16211,1597,0.09814036176974181,0.08674979878735849,0.0,0.8839359996541687,0.11606400034583131
log_survival,7.0,3.0,0.9,16211,1597,0.09814036176974181,0.09414607158774485,0.0,0.959300229691751,0.040699770308249006
log_survival,7.0,3.0,0.95,16211,1597,0.09814036176974181,0.09705780585657756,0.050698222927087144,0.9771815533706305,0.022818446629369493
log_survival,7.0,5.0,0.1,16204,2331,0.15112490561257333,0.022821505671109892,0.0,0.15101088453028078,0.8489891154697192
log_survival,7.0,5.0,0.2,16204,2331,0.15112490561257333,0.06219152898727187,0.0,0.41152402203451,0.58847597796549
log_survival,7.0,5.0,0.4,16204,2331,0.15112490561257333,0.09083512598789105,0.0,0.6010599352879511,0.3989400647120489
log_survival,7.0,5.0,0.6,16204,2331,0.15112490561257333,0.12431660651887495,0.0,0.8226083319289235,0.17739166807107654
log_survival,7.0,5.0,0.8,16204,2331,0.15112490561257333,0.1380554588699385,0.0,0.9135189088148058,0.0864810911851942
log_survival,7.0,5.0,0.9,16204,2331,0.15112490561257333,0.14766121854982564,0.05680557677616501,0.9632770174949478,0.03672298250505224
log_survival,7.0,5.0,0.95,16204,2331,0.15112490561257333,0.14888463321635756,0.10815931671668323,0.9478589156163046,0.05214108438369536
log_survival,7.0,10.0,0.1,16183,3417,0.21516238223431325,0.05785512456931509,0.0,0.2688905187260405,0.7311094812739596
log_survival,7.0,10.0,0.2,16183,3417,0.21516238223431325,0.08996809733541712,0.0,0.4181404593180293,0.5818595406819707
log_survival,7.0,10.0,0.4,16183,3417,0.21516238223431325,0.12368660387628412,0.0,0.5748523630937893,0.4251476369062107
log_survival,7.0,10.0,0.6,16183,3417,0.21516238223431325,0.15149514434961256,0.0,0.7040967978530436,0.2959032021469564
log_survival,7.0,10.0,0.8,16183,3417,0.21516238223431325,0.1849841963497777,0.018964512223141702,0.8461849464379138,0.15381505356208625
log_survival,7.0,10.0,0.9,16183,3417,0.21516238223431325,0.20181273693264884,0.12894662175907443,0.8451600353800924,0.15483996461990757
log_survival,7.0,10.0,0.95,16183,3417,0.21516238223431325,0.20695986205613462,0.1738627270107809,0.8013901052252641,0.1986098947747359
log_survival,7.0,20.0,0.1,16100,4123,0.2748893334874732,0.06427426183766675,0.0,0.23381868267578945,0.7661813173242106
log_survival,7.0,20.0,0.2,16100,4123,0.2748893334874732,0.1244353924028224,0.0,0.45267450295045,0.54732549704955
log_survival,7.0,20.0,0.4,16100,4123,0.2748893334874732,0.15549347625726828,0.0,0.5656584571127209,0.4343415428872791
log_survival,7.0,20.0,0.6,16100,4123,0.2748893334874732,0.19855780941630222,0.0,0.7223190761796168,0.27768092382038323
log_survival,7.0,20.0,0.8,16100,4123,0.2748893334874732,0.24606764760330377,0.09361961204137612,0.8410011023670055,0.15899889763299446
log_survival,7.0,20.0,0.9,16100,4123,0.2748893334874732,0.2627721135830422,0.19436548551305305,0.8495201085238718,0.15047989147612817
log_survival,7.0,20.0,0.95,16100,4123,0.2748893334874732,0.2686884358373749,0.23675198574273895,0.8374061643824072,0.16259383561759277
log_survival,7.0,30.0,0.1,15981,4321,0.292373937799287,0.06649123843755322,0.0,0.2274184865382874,0.7725815134617127
log_survival,7.0,30.0,0.2,15981,4321,0.292373937799287,0.13224212680928174,0.0,0.4523047704069478,0.5476952295930522
log_survival,7.0,30.0,0.4,15981,4321,0.292373937799287,0.1648488633872556,0.0,0.5638288577568886,0.4361711422431114
log_survival,7.0,30.0,0.6,15981,4321,0.292373937799287,0.20596460986165915,0.0,0.7044561201725602,0.2955438798274398
log_survival,7.0,30.0,0.8,15981,4321,0.292373937799287,0.2580208670417654,0.11593421008872253,0.8052985503702709,0.19470144962972913
log_survival,7.0,30.0,0.9,15981,4321,0.292373937799287,0.27769903262987167,0.2137896892517213,0.8132589489542187,0.18674105104578131
log_survival,7.0,30.0,0.95,15981,4321,0.292373937799287,0.28292995048942876,0.2556649614332233,0.742733569694716,0.25726643030528396
log_survival,7.0,60.0,0.1,15981,4352,0.29464966275600385,0.06394850158757774,0.0,0.21703232574385395,0.782967674256146
log_survival,7.0,60.0,0.2,15981,4352,0.29464966275600385,0.13116597876717392,0.0,0.4451591002694988,0.5548408997305012
log_survival,7.0,60.0,0.4,15981,4352,0.29464966275600385,0.16777047891947533,0.0,0.5693896858738448,0.43061031412615525
log_survival,7.0,60.0,0.6,15981,4352,0.29464966275600385,0.21244364778459102,0.0,0.7210042115694301,0.27899578843056994
log_survival,7.0,60.0,0.8,15981,4352,0.29464966275600385,0.2571313712537376,0.11877736509522939,0.7866731031476475,0.2133268968523525
log_survival,7.0,60.0,0.9,15981,4352,0.29464966275600385,0.27622742539567474,0.21631814110075803,0.7648170625178277,0.23518293748217234
log_survival,7.0,60.0,0.95,15981,4352,0.29464966275600385,0.28452263919171505,0.2580587424341056,0.7232367080357867,0.27676329196421334
log_survival,7.0,120.0,0.1,15981,4352,0.29464966275600385,0.06394850158757774,0.0,0.21703232574385395,0.782967674256146
log_survival,7.0,120.0,0.2,15981,4352,0.29464966275600385,0.13110249132052426,0.0,0.44494363270012904,0.555056367299871
log_survival,7.0,120.0,0.4,15981,4352,0.29464966275600385,0.16776807077392789,0.0,0.5693815129625815,0.43061848703741845
log_survival,7.0,120.0,0.6,15981,4352,0.29464966275600385,0.21223194078191537,0.0,0.720285707428969,0.279714292571031
log_survival,7.0,120.0,0.8,15981,4352,0.29464966275600385,0.25705867713177494,0.11877736509522939,0.7862597684557743,0.21374023154422572
log_survival,7.0,120.0,0.9,15981,4352,0.29464966275600385,0.27612860374370646,0.21631814110075803,0.76355548033635,0.23644451966365
log_survival,7.0,120.0,0.95,15981,4352,0.29464966275600385,0.2844725681371722,0.2580587424341056,0.7218683069651831,0.2781316930348169
log_survival,7.0,180.0,0.1,15981,4352,0.29464966275600385,0.06394850158757774,0.0,0.21703232574385395,0.782967674256146
log_survival,7.0,180.0,0.2,15981,4352,0.29464966275600385,0.13090958049763518,0.0,0.44428892018125254,0.5557110798187475
log_survival,7.0,180.0,0.4,15981,4352,0.29464966275600385,0.167622197066131,0.0,0.5688864378743141,0.43111356212568586
log_survival,7.0,180.0,0.6,15981,4352,0.29464966275600385,0.2121767512143973,0.0,0.7200984017079922,0.2799015982920078
log_survival,7.0,180.0,0.8,15981,4352,0.29464966275600385,0.25698801520277614,0.11877736509522939,0.7858579886988788,0.2141420113011212
log_survival,7.0,180.0,0.9,15981,4352,0.29464966275600385,0.2761971620820264,0.21631814110075803,0.7644307134081862,0.23556928659181375
log_survival,7.0,180.0,0.95,15981,4352,0.29464966275600385,0.2844725681371722,0.2580587424341056,0.7218683069651831,0.2781316930348169
log_survival,7.0,300.0,0.1,15981,4352,0.29464966275600385,0.06394850158757774,0.0,0.21703232574385395,0.782967674256146
log_survival,7.0,300.0,0.2,15981,4352,0.29464966275600385,0.13047982229576352,0.0,0.442830380579164,0.557169619420836
log_survival,7.0,300.0,0.4,15981,4352,0.29464966275600385,0.167622197066131,0.0,0.5688864378743141,0.43111356212568586
log_survival,7.0,300.0,0.6,15981,4352,0.29464966275600385,0.212170820465181,0.0,0.7200782735695079,0.27992172643049207
log_survival,7.0,300.0,0.8,15981,4352,0.29464966275600385,0.2570141739475558,0.11877736509522939,0.7860067258515039,0.21399327414849612
log_survival,7.0,300.0,0.9,15981,4352,0.29464966275600385,0.2762140862712351,0.21631814110075803,0.7646467718844051,0.2353532281155949
log_survival,7.0,300.0,0.95,15981,4352,0.29464966275600385,0.28489307407014164,0.2580587424341056,0.733360391046976,0.26663960895302397
log_survival,7.0,600.0,0.1,15981,4352,0.29464966275600385,0.06394850158757774,0.0,0.21703232574385395,0.782967674256146
log_survival,7.0,600.0,0.2,15981,4352,0.29464966275600385,0.13051248796058373,0.0,0.44294124330513723,0.5570587566948628
log_survival,7.0,600.0,0.4,15981,4352,0.29464966275600385,0.16758432583910468,0.0,0.5687579081937705,0.4312420918062295
log_survival,7.0,600.0,0.6,15981,4352,0.29464966275600385,0.21222372961361072,0.0,0.7202578398650701,0.2797421601349299
log_survival,7.0,600.0,0.8,15981,4352,0.29464966275600385,0.25725639681914947,0.11877736509522939,0.7873839914858043,0.2126160085141957
log_survival,7.0,600.0,0.9,15981,4352,0.29464966275600385,0.27623443007612286,0.21631814110075803,0.7649064860385266,0.23509351396147338
log_survival,7.0,600.0,0.95,15981,4352,0.29464966275600385,0.2848937392303274,0.2580587424341056,0.7333785693321875,0.2666214306678125
log_survival,7.0,900.0,0.1,15981,4352,0.29464966275600385,0.06394850158757774,0.0,0.21703232574385395,0.782967674256146
log_survival,7.0,900.0,0.2,15981,4352,0.29464966275600385,0.13051248796058373,0.0,0.44294124330513723,0.5570587566948628
log_survival,7.0,900.0,0.4,15981,4352,0.29464966275600385,0.16757340538527987,0.0,0.5687208456913985,0.43127915430860153
log_survival,7.0,900.0,0.6,15981,4352,0.29464966275600385,0.21218670149404342,0.0,0.720132171574053,0.27986782842594704
log_survival,7.0,900.0,0.8,15981,4352,0.29464966275600385,0.2569005516787841,0.11877736509522939,0.785360676017147,0.21463932398285301
log_survival,7.0,900.0,0.9,15981,4352,0.29464966275600385,0.27623443007612286,0.21631814110075803,0.7649064860385266,0.23509351396147338
log_survival,7.0,900.0,0.95,15981,4352,0.29464966275600385,0.2848937392303274,0.2580587424341056,0.7333785693321875,0.2666214306678125
log_survival,7.0,1200.0,0.1,15981,4352,0.29464966275600385,0.06394850158757774,0.0,0.21703232574385395,0.782967674256146
log_survival,7.0,1200.0,0.2,15981,4352,0.29464966275600385,0.13051248796058373,0.0,0.44294124330513723,0.5570587566948628
log_survival,7.0,1200.0,0.4,15981,4352,0.29464966275600385,0.16757340538527987,0.0,0.5687208456913985,0.43127915430860153
log_survival,7.0,1200.0,0.6,15981,4352,0.29464966275600385,0.21185550727730243,0.0,0.7190081444374082,0.28099185556259176
log_survival,7.0,1200.0,0.8,15981,4352,0.29464966275600385,0.25716923580047296,0.11877736509522939,0.7868883988322949,0.2131116011677051
log_survival,7.0,1200.0,0.9,15981,4352,0.29464966275600385,0.27623443007612286,0.21631814110075803,0.7649064860385266,0.23509351396147338
log_survival,7.0,1200.0,0.95,15981,4352,0.29464966275600385,0.2848937392303274,0.2580587424341056,0.7333785693321875,0.2666214306678125
log_survival,7.0,1800.0,0.1,15981,4352,0.29464966275600385,0.06394850158757774,0.0,0.21703232574385395,0.782967674256146
log_survival,7.0,1800.0,0.2,15981,4352,0.29464966275600385,0.1304798385063577,0.0,0.4428304355956674,0.5571695644043326
log_survival,7.0,1800.0,0.4,15981,4352,0.29464966275600385,0.16762402997114648,0.0,0.5688926584991686,0.4311073415008314
log_survival,7.0,1800.0,0.6,15981,4352,0.29464966275600385,0.21186800654369328,0.0,0.7190505652101793,0.2809494347898207
log_survival,7.0,1800.0,0.8,15981,4352,0.29464966275600385,0.25724432729498936,0.11877736509522939,0.7873153648497698,0.21268463515023017
log_survival,7.0,1800.0,0.9,15981,4352,0.29464966275600385,0.275436483987658,0.21631814110075803,0.7547197046304394,0.24528029536956064
log_survival,7.0,1800.0,0.95,15981,4352,0.29464966275600385,0.28491069348962644,0.2580587424341056,0.7338419154068391,0.2661580845931609
log_survival,7.0,2400.0,0.1,15981,4352,0.29464966275600385,0.06396521311640001,0.0,0.2170890423498258,0.7829109576501743
log_survival,7.0,2400.0,0.2,15981,4352,0.29464966275600385,0.13055906413214052,0.0,0.44309931635745686,0.5569006836425432
log_survival,7.0,2400.0,0.4,15981,4352,0.29464966275600385,0.1676164363065719,0.0,0.5688668866570983,0.4311331133429017
log_survival,7.0,2400.0,0.6,15981,4352,0.29464966275600385,0.21169810795577113,0.0,0.718473953018151,0.281526046981849
log_survival,7.0,2400.0,0.8,15981,4352,0.29464966275600385,0.2576505807271023,0.11877736509522939,0.7896252990322215,0.21037470096777855
log_survival,7.0,2400.0,0.9,15981,4352,0.29464966275600385,0.27543836181495623,0.21631814110075803,0.7547436774482594,0.24525632255174057
log_survival,7.0,2400.0,0.95,15981,4352,0.29464966275600385,0.2848326684591908,0.2580587424341056,0.7317095549811042,0.26829044501889576
log_survival,7.0,3600.0,0.1,15796,4494,0.3012336284733124,0.06888150958200663,0.0,0.22866474082294946,0.7713352591770506
log_survival,7.0,3600.0,0.2,15796,4494,0.3012336284733124,0.13993093629942024,0.0,0.4645262781868238,0.5354737218131762
log_survival,7.0,3600.0,0.4,15796,4494,0.3012336284733124,0.17362077121799122,0.0,0.5763658330509837,0.42363416694901634
log_survival,7.0,3600.0,0.6,15796,4494,0.3012336284733124,0.218009881235377,0.0,0.7237235840509468,0.27627641594905317
log_survival,7.0,3600.0,0.8,15796,4494,0.3012336284733124,0.26426248020611587,0.12677278013822404,0.788083408856377,0.21191659114362305
log_survival,7.0,3600.0,0.9,15796,4494,0.3012336284733124,0.2833900520645527,0.2236047411332416,0.7701425716616043,0.22985742833839573
log_survival,7.0,3600.0,0.95,15796,4494,0.3012336284733124,0.29146842467501394,0.26448436220445326,0.7342748634256846,0.2657251365743154
log_survival,10.0,1.0,0.1,14614,199,0.023670609388395502,0.0006899176410815959,0.0,0.029146593979106742,0.9708534060208932
log_survival,10.0,1.0,0.2,14614,199,0.023670609388395502,0.003178564567089397,0.0,0.13428317433380849,0.8657168256661916
log_survival,10.0,1.0,0.4,14614,199,0.023670609388395502,0.024578943811261737,0.0,1.0383739348642012,-0.038373934864201154
log_survival,10.0,1.0,0.6,14614,199,0.023670609388395502,0.01857859755666259,0.0,0.7848804080967485,0.21511959190325147
log_survival,10.0,1.0,0.8,14614,199,0.023670609388395502,0.024788367462572698,0.0,1.0472213476145307,-0.04722134761453067
log_survival,10.0,1.0,0.9,14614,199,0.023670609388395502,0.02231519338120932,0.0,0.9427384405299395,0.05726155947006051
log_survival,10.0,1.0,0.95,14614,199,0.023670609388395502,0.021794958627110173,0.0,0.9207603517717264,0.07923964822827356
log_survival,10.0,2.0,0.1,14607,734,0.05864011388043622,0.0006899176410815959,0.0,0.011765284809785633,0.9882347151902143
log_survival,10.0,2.0,0.2,14607,734,0.05864011388043622,0.0032314856450395934,0.0,0.05510708338030183,0.9448929166196982
log_survival,10.0,2.0,0.4,14607,734,0.05864011388043622,0.048626802827366776,0.0,0.8292412754605831,0.17075872453941687
log_survival,10.0,2.0,0.6,14607,734,0.05864011388043622,0.0504725988600953,0.0,0.860717954317176,0.13928204568282399
log_survival,10.0,2.0,0.8,14607,734,0.05864011388043622,0.058796066033618984,0.0,1.0026594790300158,-0.0026594790300158433
log_survival,10.0,2.0,0.9,14607,734,0.05864011388043622,0.05537271645255431,0.0,0.9442805067782791,0.05571949322172087
log_survival,10.0,2.0,0.95,14607,734,0.05864011388043622,0.05635931920173583,0.009119947351736149,0.953942104023852,0.046057895976147956
log_survival,10.0,3.0,0.1,14607,938,0.0683978358447365,0.0006899176410815959,0.0,0.010086834364872496,0.9899131656351275
log_survival,10.0,3.0,0.2,14607,938,0.0683978358447365,0.0032314856450395934,0.0,0.047245437010245264,0.9527545629897547
log_survival,10.0,3.0,0.4,14607,938,0.0683978358447365,0.057713814849391275,0.0,0.8437959203914286,0.1562040796085714
log_survival,10.0,3.0,0.6,14607,938,0.0683978358447365,0.05812120465719943,0.0,0.8497521001853761,0.15024789981462394
log_survival,10.0,3.0,0.8,14607,938,0.0683978358447365,0.06700167504187604,0.0,0.9795876465151654,0.02041235348483461
log_survival,10.0,3.0,0.9,14607,938,0.0683978358447365,0.0645316848164479,0.0,0.9434755357309144,0.05652446426908564
log_survival,10.0,3.0,0.95,14607,938,0.0683978358447365,0.06520277035277897,0.01936637910710398,0.9348364151394821,0.06516358486051788
log_survival,10.0,5.0,0.1,14607,1370,0.09717654898665778,0.0023082659152311824,0.0,0.023753322579381824,0.9762466774206182
log_survival,10.0,5.0,0.2,14607,1370,0.09717654898665778,0.013385133641747137,0.0,0.1377403682403344,0.8622596317596656
log_survival,10.0,5.0,0.4,14607,1370,0.09717654898665778,0.0745513407029087,0.0,0.7671741946006387,0.23282580539936126
log_survival,10.0,5.0,0.6,14607,1370,0.09717654898665778,0.08144989000341506,0.0,0.8381640514379454,0.16183594856205463
log_survival,10.0,5.0,0.8,14607,1370,0.09717654898665778,0.0940466227051455,0.0,0.9677913414897865,0.032208658510213484
log_survival,10.0,5.0,0.9,14607,1370,0.09717654898665778,0.0913654057122042,0.0,0.9402001477202957,0.0597998522797043
log_survival,10.0,5.0,0.95,14607,1370,0.09717654898665778,0.09221808401990884,0.049810750404187865,0.8953154994712985,0.10468450052870149
log_survival,10.0,10.0,0.1,14586,1970,0.1432075103950104,0.019061929725293872,0.0,0.1331070533431885,0.8668929466568115
log_survival,10.0,10.0,0.2,14586,1970,0.1432075103950104,0.026790919933999183,0.0,0.18707761806696854,0.8129223819330315
log_survival,10.0,10.0,0.4,14586,1970,0.1432075103950104,0.09219539306402152,0.0,0.6437888125400564,0.3562111874599436
log_survival,10.0,10.0,0.6,14586,1970,0.1432075103950104,0.10753875466867154,0.0,0.7509295732608335,0.24907042673916646
log_survival,10.0,10.0,0.8,14586,1970,0.1432075103950104,0.1239143846880142,0.0,0.8652785342487987,0.13472146575120125
log_survival,10.0,10.0,0.9,14586,1970,0.1432075103950104,0.12730272214037078,0.048075849322100614,0.8328128819021667,0.16718711809783326
log_survival,10.0,10.0,0.95,14586,1970,0.1432075103950104,0.13238628558142024,0.09811951804340248,0.7599976346428684,0.2400023653571316
log_survival,10.0,20.0,0.1,14503,2561,0.199108803685338,0.019331494408237573,0.0,0.09709010375446853,0.9029098962455315
log_survival,10.0,20.0,0.2,14503,2561,0.199108803685338,0.05090779191267943,0.0,0.255678257166025,0.744321742833975
log_survival,10.0,20.0,0.4,14503,2561,0.199108803685338,0.11413388003938442,0.0,0.5732236743271087,0.42677632567289125
log_survival,10.0,20.0,0.6,14503,2561,0.199108803685338,0.1456861357189838,0.0,0.7316910805672822,0.26830891943271784
log_survival,10.0,20.0,0.8,14503,2561,0.199108803685338,0.16708690961284667,0.0,0.8391738914613881,0.1608261085386119
log_survival,10.0,20.0,0.9,14503,2561,0.199108803685338,0.180163376493184,0.11027670217994805,0.7867276933552622,0.21327230664473784
log_survival,10.0,20.0,0.95,14503,2561,0.199108803685338,0.19132315127834154,0.15808997053434007,0.8101932256742644,0.18980677432573556
log_survival,10.0,30.0,0.1,14384,2724,0.2142332197202266,0.019331887502552034,0.0,0.09023758093071704,0.909762419069283
log_survival,10.0,30.0,0.2,14384,2724,0.2142332197202266,0.04097922989057336,0.0,0.19128326570496082,0.8087167342950392
log_survival,10.0,30.0,0.4,14384,2724,0.2142332197202266,0.1194449348301513,0.0,0.5575462805728164,0.4424537194271836
log_survival,10.0,30.0,0.6,14384,2724,0.2142332197202266,0.1512182999618225,0.0,0.705858317208241,0.294141682791759
log_survival,10.0,30.0,0.8,14384,2724,0.2142332197202266,0.17486078455188453,0.017841144483785015,0.7995212631622709,0.2004787368377291
log_survival,10.0,30.0,0.9,14384,2724,0.2142332197202266,0.19502509925717693,0.12700930501211985,0.7797837837555296,0.2202162162444704
log_survival,10.0,30.0,0.95,14384,2724,0.2142332197202266,0.20449823605165138,0.17287981518162554,0.7645905149239123,0.23540948507608772
log_survival,10.0,60.0,0.1,14384,2755,0.21676024517556453,0.02107101548960763,0.0,0.09720885613753207,0.902791143862468
log_survival,10.0,60.0,0.2,14384,2755,0.21676024517556453,0.04747497872430858,0.0,0.21902069120588194,0.780979308794118
log_survival,10.0,60.0,0.4,14384,2755,0.21676024517556453,0.12157429110947209,0.0,0.5608698726604744,0.4391301273395256
log_survival,10.0,60.0,0.6,14384,2755,0.21676024517556453,0.15101139528211943,0.0,0.6966747761325333,0.30332522386746674
log_survival,10.0,60.0,0.8,14384,2755,0.21676024517556453,0.17787541548617558,0.020950353756981982,0.8014153962923921,0.1985846037076079
log_survival,10.0,60.0,0.9,14384,2755,0.21676024517556453,0.1981696528301903,0.12981684252054193,0.7861759285044468,0.21382407149555316
log_survival,10.0,60.0,0.95,14384,2755,0.21676024517556453,0.20701488521745814,0.17553983315911706,0.7635792685862077,0.23642073141379227
log_survival,10.0,120.0,0.1,14384,2755,0.21676024517556453,0.02107101548960763,0.0,0.09720885613753207,0.902791143862468
log_survival,10.0,120.0,0.2,14384,2755,0.21676024517556453,0.047432870911017645,0.0,0.21882643135321925,0.7811735686467808
log_survival,10.0,120.0,0.4,14384,2755,0.21676024517556453,0.12163012492653581,0.0,0.5611274559503369,0.43887254404966314
log_survival,10.0,120.0,0.6,14384,2755,0.21676024517556453,0.15096037062462409,0.0,0.6964393793813715,0.30356062061862854
log_survival,10.0,120.0,0.8,14384,2755,0.21676024517556453,0.1782860021269341,0.020950353756981982,0.8035122599277476,0.19648774007225245
log_survival,10.0,120.0,0.9,14384,2755,0.21676024517556453,0.1981696528301903,0.12981684252054193,0.7861759285044468,0.21382407149555316
log_survival,10.0,120.0,0.95,14384,2755,0.21676024517556453,0.20701488521745814,0.17553983315911706,0.7635792685862077,0.23642073141379227
log_survival,10.0,180.0,0.1,14384,2755,0.21676024517556453,0.021066886933804603,0.0,0.09718980949085715,0.9028101905091428
log_survival,10.0,180.0,0.2,14384,2755,0.21676024517556453,0.04727327641597636,0.0,0.21809015937257067,0.7819098406274293
log_survival,10.0,180.0,0.4,14384,2755,0.21676024517556453,0.12164316607220908,0.0,0.5611876198685992,0.4388123801314008
log_survival,10.0,180.0,0.6,14384,2755,0.21676024517556453,0.15096231496543702,0.0,0.6964483493878935,0.30355165061210654
log_survival,10.0,180.0,0.8,14384,2755,0.21676024517556453,0.1779931716119062,0.020950353756981982,0.8020167761556743,0.19798322384432565
log_survival,10.0,180.0,0.9,14384,2755,0.21676024517556453,0.19812152271976927,0.12981684252054193,0.7856223487163172,0.2143776512836828
log_survival,10.0,180.0,0.95,14384,2755,0.21676024517556453,0.20701488521745814,0.17553983315911706,0.7635792685862077,0.23642073141379227
log_survival,10.0,300.0,0.1,14384,2755,0.21676024517556453,0.021066886933804603,0.0,0.09718980949085715,0.9028101905091428
log_survival,10.0,300.0,0.2,14384,2755,0.21676024517556453,0.04727327641597636,0.0,0.21809015937257067,0.7819098406274293
log_survival,10.0,300.0,0.4,14384,2755,0.21676024517556453,0.12168540687939114,0.0,0.561382493274227,0.43861750672577304
log_survival,10.0,300.0,0.6,14384,2755,0.21676024517556453,0.15099747387752394,0.0,0.696610551234724,0.30338944876527596
log_survival,10.0,300.0,0.8,14384,2755,0.21676024517556453,0.177526602967443,0.020950353756981982,0.7996340127463131,0.20036598725368693
log_survival,10.0,300.0,0.9,14384,2755,0.21676024517556453,0.1981678241011539,0.12981684252054193,0.7861548949472067,0.2138451050527933
log_survival,10.0,300.0,0.95,14384,2755,0.21676024517556453,0.2070192214223747,0.17553983315911706,0.7636844641605465,0.23631553583945353
log_survival,10.0,600.0,0.1,14384,2755,0.21676024517556453,0.02117177379966448,0.0,0.09767369372790866,0.9023263062720913
log_survival,10.0,600.0,0.2,14384,2755,0.21676024517556453,0.04725370833802378,0.0,0.21799988415657462,0.7820001158434253
log_survival,10.0,600.0,0.4,14384,2755,0.21676024517556453,0.1216753578786424,0.0,0.5613361332936845,0.4386638667063155
log_survival,10.0,600.0,0.6,14384,2755,0.21676024517556453,0.15114784808871226,0.0,0.6973042864307999,0.3026957135692001
log_survival,10.0,600.0,0.8,14384,2755,0.21676024517556453,0.17754380831179103,0.020950353756981982,0.7997218803418844,0.2002781196581156
log_survival,10.0,600.0,0.9,14384,2755,0.21676024517556453,0.19824651260237228,0.12981684252054193,0.7870599492562793,0.2129400507437207
log_survival,10.0,600.0,0.95,14384,2755,0.21676024517556453,0.2071876864559231,0.17553983315911706,0.7677713964668313,0.23222860353316865
log_survival,10.0,900.0,0.1,14384,2755,0.21676024517556453,0.021174757881404365,0.0,0.09768746046699621,0.9023125395330038
log_survival,10.0,900.0,0.2,14384,2755,0.21676024517556453,0.04727294778058838,0.0,0.21808864324867205,0.781911356751328
log_survival,10.0,900.0,0.4,14384,2755,0.21676024517556453,0.12152738037460128,0.0,0.5606534550473977,0.4393465449526023
log_survival,10.0,900.0,0.6,14384,2755,0.21676024517556453,0.15104981815770482,0.0,0.6968520359227418,0.3031479640772582
log_survival,10.0,900.0,0.8,14384,2755,0.21676024517556453,0.1770701061330434,0.020950353756981982,0.7973026860135702,0.20269731398642976
log_survival,10.0,900.0,0.9,14384,2755,0.21676024517556453,0.19824651260237228,0.12981684252054193,0.7870599492562793,0.2129400507437207
log_survival,10.0,900.0,0.95,14384,2755,0.21676024517556453,0.2071876864559231,0.17553983315911706,0.7677713964668313,0.23222860353316865
log_survival,10.0,1200.0,0.1,14384,2755,0.21676024517556453,0.021183265085374332,0.0,0.09772670753447889,0.9022732924655211
log_survival,10.0,1200.0,0.2,14384,2755,0.21676024517556453,0.04727294778058838,0.0,0.21808864324867205,0.781911356751328
log_survival,10.0,1200.0,0.4,14384,2755,0.21676024517556453,0.12151264246347279,0.0,0.5605854632848097,0.43941453671519026
log_survival,10.0,1200.0,0.6,14384,2755,0.21676024517556453,0.15103615627431144,0.0,0.6967890082979931,0.30321099170200694
log_survival,10.0,1200.0,0.8,14384,2755,0.21676024517556453,0.1773898420761253,0.020950353756981982,0.7989355756534425,0.20106442434655747
log_survival,10.0,1200.0,0.9,14384,2755,0.21676024517556453,0.1983049115620032,0.12981684252054193,0.7877316386294527,0.21226836137054728
log_survival,10.0,1200.0,0.95,14384,2755,0.21676024517556453,0.20696677816244227,0.17553983315911706,0.7624121998291881,0.23758780017081194
log_survival,10.0,1800.0,0.1,14384,2755,0.21676024517556453,0.021183265085374332,0.0,0.09772670753447889,0.9022732924655211
log_survival,10.0,1800.0,0.2,14384,2755,0.21676024517556453,0.04728532752067102,0.0,0.2181457558436159,0.781854244156384
log_survival,10.0,1800.0,0.4,14384,2755,0.21676024517556453,0.12150031898150004,0.0,0.560528610230585,0.439471389769415
log_survival,10.0,1800.0,0.6,14384,2755,0.21676024517556453,0.15112576841087175,0.0,0.6972024242197536,0.30279757578024635
log_survival,10.0,1800.0,0.8,14384,2755,0.21676024517556453,0.17750046037659892,0.020950353756981982,0.7995005026837995,0.20049949731620054
log_survival,10.0,1800.0,0.9,14384,2755,0.21676024517556453,0.19829957666512754,0.12981684252054193,0.787670278057946,0.21232972194205402
log_survival,10.0,1800.0,0.95,14384,2755,0.21676024517556453,0.2069796129408997,0.17553983315911706,0.7627235693141002,0.23727643068589976
log_survival,10.0,2400.0,0.1,14384,2755,0.21676024517556453,0.03249957987170151,0.0,0.1499333046305541,0.8500666953694459
log_survival,10.0,2400.0,0.2,14384,2755,0.21676024517556453,0.04261598087231499,0.0,0.19660422896181107,0.8033957710381889
log_survival,10.0,2400.0,0.4,14384,2755,0.21676024517556453,0.12156372387792626,0.0,0.560821121878073,0.439178878121927
log_survival,10.0,2400.0,0.6,14384,2755,0.21676024517556453,0.15174513815502652,0.0,0.7000598196967385,0.2999401803032615
log_survival,10.0,2400.0,0.8,14384,2755,0.21676024517556453,0.1775223746040729,0.020950353756981982,0.7996124185186699,0.20038758148133007
log_survival,10.0,2400.0,0.9,14384,2755,0.21676024517556453,0.19841674120794,0.12981684252054193,0.7890178736113126,0.2109821263886874
log_survival,10.0,2400.0,0.95,14384,2755,0.21676024517556453,0.2076130230273637,0.17553983315911706,0.7780899874423631,0.22191001255763687
log_survival,10.0,3600.0,0.1,14166,2897,0.22401961843017218,0.035985654367515656,0.0,0.1606361738301618,0.8393638261698382
log_survival,10.0,3600.0,0.2,14166,2897,0.22401961843017218,0.045891446700233644,0.0,0.20485458828034828,0.7951454117196517
log_survival,10.0,3600.0,0.4,14166,2897,0.22401961843017218,0.1289601200002941,0.0,0.575664403430325,0.424335596569675
log_survival,10.0,3600.0,0.6,14166,2897,0.22401961843017218,0.15848819516026114,0.0,0.7074746232980597,0.29252537670194034
log_survival,10.0,3600.0,0.8,14166,2897,0.22401961843017218,0.1856381313064383,0.030542736135034245,0.8016223609331005,0.19837763906689954
log_survival,10.0,3600.0,0.9,14166,2897,0.22401961843017218,0.20781820692489578,0.13781876130982962,0.8120504592818831,0.18794954071811687
log_survival,10.0,3600.0,0.95,14166,2897,0.22401961843017218,0.21453771491551696,0.18357347012468053,0.7655672069676954,0.23443279303230458
log_survival,15.0,1.0,0.1,13237,176,0.0085362372571888,0.0,0.0,0.0,1.0
log_survival,15.0,1.0,0.2,13237,176,0.0085362372571888,0.0019640704912392538,0.0,0.2300862115313407,0.7699137884686593
log_survival,15.0,1.0,0.4,13237,176,0.0085362372571888,0.002239310104603173,0.0,0.26232988108634586,0.7376701189136541
log_survival,15.0,1.0,0.6,13237,176,0.0085362372571888,0.007611338653377464,0.0,0.8916503166506493,0.10834968334935069
log_survival,15.0,1.0,0.8,13237,176,0.0085362372571888,0.007858463285994644,0.0,0.9206003827244412,0.07939961727555878
log_survival,15.0,1.0,0.9,13237,176,0.0085362372571888,0.007712413121651842,0.0,0.903490951491165,0.09650904850883502
log_survival,15.0,1.0,0.95,13237,176,0.0085362372571888,0.00781373394695751,0.0,0.9153604464750751,0.08463955352492492
log_survival,15.0,2.0,0.1,13216,450,0.035483432525904676,0.004081321603061838,0.0,0.1150204845622607,0.8849795154377393
log_survival,15.0,2.0,0.2,13216,450,0.035483432525904676,0.006033661479834868,0.0,0.1700416518449841,0.8299583481550159
log_survival,15.0,2.0,0.4,13216,450,0.035483432525904676,0.00795065758332377,0.0,0.224066755027699,0.775933244972301
log_survival,15.0,2.0,0.6,13216,450,0.035483432525904676,0.02025947677861657,0.0,0.5709559458157307,0.4290440541842693
log_survival,15.0,2.0,0.8,13216,450,0.035483432525904676,0.022147287492435747,0.0,0.6241585414902328,0.37584145850976725
log_survival,15.0,2.0,0.9,13216,450,0.035483432525904676,0.026956495770771614,0.0,0.7596924494577019,0.24030755054229813
log_survival,15.0,2.0,0.95,13216,450,0.035483432525904676,0.029548167962791378,0.0,0.8327313864356201,0.16726861356437994
log_survival,15.0,3.0,0.1,13216,471,0.037245060413187585,0.011367581435913937,0.0,0.3052104442791815,0.6947895557208186
log_survival,15.0,3.0,0.2,13216,471,0.037245060413187585,0.012106488832433577,0.0,0.32504951524113945,0.6749504847588605
log_survival,15.0,3.0,0.4,13216,471,0.037245060413187585,0.01185114981222105,0.0,0.31819386734099214,0.6818061326590079
log_survival,15.0,3.0,0.6,13216,471,0.037245060413187585,0.02289948717225228,0.0,0.6148328642298059,0.3851671357701941
log_survival,15.0,3.0,0.8,13216,471,0.037245060413187585,0.024148722153823115,0.0,0.64837382154635,0.35162617845364996
log_survival,15.0,3.0,0.9,13216,471,0.037245060413187585,0.02873514432237464,0.0,0.7715155782698158,0.22848442173018424
log_survival,15.0,3.0,0.95,13216,471,0.037245060413187585,0.031233312027682345,0.0,0.8385893775224855,0.16141062247751448
log_survival,15.0,5.0,0.1,13216,600,0.05073323182608048,0.011367581435913937,0.0,0.22406578541819197,0.775934214581808
log_survival,15.0,5.0,0.2,13216,600,0.05073323182608048,0.01272264631043257,0.0,0.25077539617517974,0.7492246038248203
log_survival,15.0,5.0,0.4,13216,600,0.05073323182608048,0.018461230833360664,0.0,0.3638883266228327,0.6361116733771672
log_survival,15.0,5.0,0.6,13216,600,0.05073323182608048,0.028570572011032497,0.0,0.5631530060804286,0.4368469939195714
log_survival,15.0,5.0,0.8,13216,600,0.05073323182608048,0.032130382196227915,0.0,0.6333202329071932,0.3666797670928068
log_survival,15.0,5.0,0.9,13216,600,0.05073323182608048,0.03948557458178597,0.0,0.778298033863626,0.22170196613637405
log_survival,15.0,5.0,0.95,13216,600,0.05073323182608048,0.043212449569880566,0.00090064856946837,0.8490790208994031,0.15092097910059687
log_survival,15.0,10.0,0.1,13194,929,0.09615359222250572,0.011363185616791545,0.0,0.11817744250777847,0.8818225574922215
log_survival,15.0,10.0,0.2,13194,929,0.09615359222250572,0.02656069748278887,0.0,0.2762319833181653,0.7237680166818348
log_survival,15.0,10.0,0.4,13194,929,0.09615359222250572,0.03989059953562836,0.0,0.41486333077727244,0.5851366692227276
log_survival,15.0,10.0,0.6,13194,929,0.09615359222250572,0.051555382654410405,0.0,0.5361773955892138,0.46382260441078615
log_survival,15.0,10.0,0.8,13194,929,0.09615359222250572,0.06421877061354418,0.0,0.6678769781677811,0.33212302183221887
log_survival,15.0,10.0,0.9,13194,929,0.09615359222250572,0.08018375344945727,0.0,0.8339132381441019,0.1660867618558981
log_survival,15.0,10.0,0.95,13194,929,0.09615359222250572,0.08849867384470264,0.0486280937859868,0.8389302873271712,0.16106971267282877
log_survival,15.0,20.0,0.1,13022,1298,0.12554606225291579,0.015158777711204314,0.0,0.12074275719350373,0.8792572428064963
log_survival,15.0,20.0,0.2,13022,1298,0.12554606225291579,0.028074331764620354,0.0,0.22361778028580367,0.7763822197141963
log_survival,15.0,20.0,0.4,13022,1298,0.12554606225291579,0.04484017326910095,0.0,0.35716112846908143,0.6428388715309186
log_survival,15.0,20.0,0.6,13022,1298,0.12554606225291579,0.06099581956784381,0.0,0.48584414734542736,0.5141558526545726
log_survival,15.0,20.0,0.8,13022,1298,0.12554606225291579,0.08657109414453355,0.0,0.6895564272667816,0.31044357273321843
log_survival,15.0,20.0,0.9,13022,1298,0.12554606225291579,0.10922607859739125,0.028914007740028207,0.8311121114231512,0.16888788857684878
log_survival,15.0,20.0,0.95,13022,1298,0.12554606225291579,0.11753546517049726,0.0795481089326513,0.8258488366505333,0.17415116334946668
log_survival,15.0,30.0,0.1,13014,1354,0.12838457875487705,0.01530619890351957,0.0,0.1192214754448312,0.8807785245551688
log_survival,15.0,30.0,0.2,13014,1354,0.12838457875487705,0.028304090309087482,0.0,0.22046331875363395,0.779536681246366
log_survival,15.0,30.0,0.4,13014,1354,0.12838457875487705,0.0460444682560943,0.0,0.3586448520737555,0.6413551479262445
log_survival,15.0,30.0,0.6,13014,1354,0.12838457875487705,0.05749664481780593,0.0,0.4478469717736388,0.5521530282263611
log_survival,15.0,30.0,0.8,13014,1354,0.12838457875487705,0.08796577569903188,0.0,0.6851740026111995,0.31482599738880046
log_survival,15.0,30.0,0.9,13014,1354,0.12838457875487705,0.11110725382305463,0.032476498006749316,0.8198553782220306,0.18014462177796942
log_survival,15.0,30.0,0.95,13014,1354,0.12838457875487705,0.12090728510582241,0.08256159524494296,0.8368221997715706,0.16317780022842943
log_survival,15.0,60.0,0.1,13014,1385,0.13118769338383512,0.014019432282607764,0.0,0.10686545300853068,0.8931345469914693
log_survival,15.0,60.0,0.2,13014,1385,0.13118769338383512,0.028148032409513097,0.0,0.21456305605706671,0.7854369439429333
log_survival,15.0,60.0,0.4,13014,1385,0.13118769338383512,0.04690237755345277,0.0,0.3575211694303031,0.6424788305696969
log_survival,15.0,60.0,0.6,13014,1385,0.13118769338383512,0.05728111351002802,0.0,0.4366348095048233,0.5633651904951766
log_survival,15.0,60.0,0.8,13014,1385,0.13118769338383512,0.09116433018781749,0.0,0.6949152610000132,0.3050847389999868
log_survival,15.0,60.0,0.9,13014,1385,0.13118769338383512,0.11452665675671106,0.03465478559737043,0.827405627685234,0.17259437231476604
log_survival,15.0,60.0,0.95,13014,1385,0.13118769338383512,0.12454434062027422,0.08633728772267245,0.8518775323070582,0.1481224676929418
log_survival,15.0,120.0,0.1,13014,1385,0.13118769338383512,0.014016489988221437,0.0,0.10684302488047664,0.8931569751195234
log_survival,15.0,120.0,0.2,13014,1385,0.13118769338383512,0.028148032409513097,0.0,0.21456305605706671,0.7854369439429333
log_survival,15.0,120.0,0.4,13014,1385,0.13118769338383512,0.04689685092297763,0.0,0.3574790417708208,0.6425209582291792
log_survival,15.0,120.0,0.6,13014,1385,0.13118769338383512,0.05728298633740353,0.0,0.4366490854428111,0.5633509145571889
log_survival,15.0,120.0,0.8,13014,1385,0.13118769338383512,0.09085780746167829,0.0,0.6925787405670915,0.30742125943290854
log_survival,15.0,120.0,0.9,13014,1385,0.13118769338383512,0.11452665675671106,0.03465478559737043,0.827405627685234,0.17259437231476604
log_survival,15.0,120.0,0.95,13014,1385,0.13118769338383512,0.12454434062027422,0.08633728772267245,0.8518775323070582,0.1481224676929418
log_survival,15.0,180.0,0.1,13014,1385,0.13118769338383512,0.014016489988221437,0.0,0.10684302488047664,0.8931569751195234
log_survival,15.0,180.0,0.2,13014,1385,0.13118769338383512,0.028127412838385546,0.0,0.21440587994857901,0.7855941200514209
log_survival,15.0,180.0,0.4,13014,1385,0.13118769338383512,0.04689800638347218,0.0,0.3574878494605114,0.6425121505394886
log_survival,15.0,180.0,0.6,13014,1385,0.13118769338383512,0.057283066983108234,0.0,0.4366497001781009,0.5633502998218991
log_survival,15.0,180.0,0.8,13014,1385,0.13118769338383512,0.0908337928188506,0.0,0.6923956849602105,0.30760431503978947
log_survival,15.0,180.0,0.9,13014,1385,0.13118769338383512,0.11417318720487767,0.03465478559737043,0.8237439794459072,0.17625602055409284
log_survival,15.0,180.0,0.95,13014,1385,0.13118769338383512,0.1246446489614412,0.08633728772267245,0.8541140414241617,0.1458859585758383
log_survival,15.0,300.0,0.1,13014,1385,0.13118769338383512,0.014018291246332113,0.0,0.10685675526984637,0.8931432447301536
log_survival,15.0,300.0,0.2,13014,1385,0.13118769338383512,0.02812362333035367,0.0,0.2143769937936804,0.7856230062063196
log_survival,15.0,300.0,0.4,13014,1385,0.13118769338383512,0.04689875997533984,0.0,0.3574935938397914,0.6425064061602086
log_survival,15.0,300.0,0.6,13014,1385,0.13118769338383512,0.05718636270832649,0.0,0.43591255576853494,0.5640874442314651
log_survival,15.0,300.0,0.8,13014,1385,0.13118769338383512,0.09084425356451398,0.0,0.6924754237329075,0.3075245762670925
log_survival,15.0,300.0,0.9,13014,1385,0.13118769338383512,0.1141567924246394,0.03465478559737043,0.8235741432665751,0.17642585673342492
log_survival,15.0,300.0,0.95,13014,1385,0.13118769338383512,0.1246446489614412,0.08633728772267245,0.8541140414241617,0.1458859585758383
log_survival,15.0,600.0,0.1,13014,1385,0.13118769338383512,0.014018291246332113,0.0,0.10685675526984637,0.8931432447301536
log_survival,15.0,600.0,0.2,13014,1385,0.13118769338383512,0.028175139633086883,0.0,0.214769685374761,0.7852303146252391
log_survival,15.0,600.0,0.4,13014,1385,0.13118769338383512,0.04690260367061526,0.0,0.35752289304596135,0.6424771069540387
log_survival,15.0,600.0,0.6,13014,1385,0.13118769338383512,0.057292989296808115,0.0,0.4367253346636532,0.5632746653363467
log_survival,15.0,600.0,0.8,13014,1385,0.13118769338383512,0.09100231369306076,0.0,0.6936802633369116,0.3063197366630884
log_survival,15.0,600.0,0.9,13014,1385,0.13118769338383512,0.11424410080098824,0.03465478559737043,0.8244785848539142,0.17552141514608577
log_survival,15.0,600.0,0.95,13014,1385,0.13118769338383512,0.1246446489614412,0.08633728772267245,0.8541140414241617,0.1458859585758383
log_survival,15.0,900.0,0.1,13014,1385,0.13118769338383512,0.013957783303548198,0.0,0.10639552341780917,0.8936044765821909
log_survival,15.0,900.0,0.2,13014,1385,0.13118769338383512,0.028181539602231208,0.0,0.21481847020342323,0.7851815297965767
log_survival,15.0,900.0,0.4,13014,1385,0.13118769338383512,0.046905819795167725,0.0,0.3575474084899753,0.6424525915100248
log_survival,15.0,900.0,0.6,13014,1385,0.13118769338383512,0.05728994045646236,0.0,0.43670209437131235,0.5632979056286876
log_survival,15.0,900.0,0.8,13014,1385,0.13118769338383512,0.09110716749147843,0.0,0.6944795288450785,0.30552047115492154
log_survival,15.0,900.0,0.9,13014,1385,0.13118769338383512,0.11426372141117457,0.03465478559737043,0.824681837927257,0.17531816207274298
log_survival,15.0,900.0,0.95,13014,1385,0.13118769338383512,0.1246446489614412,0.08633728772267245,0.8541140414241617,0.1458859585758383
log_survival,15.0,1200.0,0.1,13014,1385,0.13118769338383512,0.013957783303548198,0.0,0.10639552341780917,0.8936044765821909
log_survival,15.0,1200.0,0.2,13014,1385,0.13118769338383512,0.028164187942575126,0.0,0.214686204293348,0.785313795706652
log_survival,15.0,1200.0,0.4,13014,1385,0.13118769338383512,0.04690752854073919,0.0,0.35756043368713664,0.6424395663128634
log_survival,15.0,1200.0,0.6,13014,1385,0.13118769338383512,0.05724322675973556,0.0,0.43634601145284746,0.5636539885471525
log_survival,15.0,1200.0,0.8,13014,1385,0.13118769338383512,0.09118587361092695,0.0,0.6950794793238039,0.3049205206761961
log_survival,15.0,1200.0,0.9,13014,1385,0.13118769338383512,0.11427829176364121,0.03465478559737043,0.8248327745643144,0.17516722543568564
log_survival,15.0,1200.0,0.95,13014,1385,0.13118769338383512,0.1244223831356402,0.08633728772267245,0.8491583264752228,0.15084167352477718
log_survival,15.0,1800.0,0.1,13014,1385,0.13118769338383512,0.013995030641526218,0.0,0.10667944744312943,0.8933205525568706
log_survival,15.0,1800.0,0.2,13014,1385,0.13118769338383512,0.028170673452819317,0.0,0.21473564117326338,0.7852643588267366
log_survival,15.0,1800.0,0.4,13014,1385,0.13118769338383512,0.047061777382573076,0.0,0.3587362211246257,0.6412637788753743
log_survival,15.0,1800.0,0.6,13014,1385,0.13118769338383512,0.05712212556612024,0.0,0.43542289747400037,0.5645771025259996
log_survival,15.0,1800.0,0.8,13014,1385,0.13118769338383512,0.09160277533189518,0.0,0.6982573819929851,0.30174261800701485
log_survival,15.0,1800.0,0.9,13014,1385,0.13118769338383512,0.11409480779980614,0.03465478559737043,0.8229320345157399,0.17706796548426007
log_survival,15.0,1800.0,0.95,13014,1385,0.13118769338383512,0.12436056123757581,0.08633728772267245,0.8477799242700913,0.1522200757299087
log_survival,15.0,2400.0,0.1,13014,1385,0.13118769338383512,0.015815366187542777,0.0,0.12055525773495716,0.8794447422650429
log_survival,15.0,2400.0,0.2,13014,1385,0.13118769338383512,0.029041783995302568,0.0,0.221375826087061,0.778624173912939
log_survival,15.0,2400.0,0.4,13014,1385,0.13118769338383512,0.04892004618232374,0.0,0.37290118394864347,0.6270988160513565
log_survival,15.0,2400.0,0.6,13014,1385,0.13118769338383512,0.057062686754766355,0.0,0.4349698152540091,0.5650301847459909
log_survival,15.0,2400.0,0.8,13014,1385,0.13118769338383512,0.09154135036242171,0.0,0.6977891599525705,0.3022108400474295
log_survival,15.0,2400.0,0.9,13014,1385,0.13118769338383512,0.11397957390804592,0.03465478559737043,0.8217383079990259,0.17826169200097408
log_survival,15.0,2400.0,0.95,13014,1385,0.13118769338383512,0.12524952237348252,0.08633728772267245,0.8676005061088078,0.1323994938911922
log_survival,15.0,3600.0,0.1,12762,1527,0.13842789779581094,0.015598239523873222,0.0,0.11268132921357743,0.8873186707864226
log_survival,15.0,3600.0,0.2,12762,1527,0.13842789779581094,0.029887520555133773,0.0,0.21590677190821445,0.7840932280917856
log_survival,15.0,3600.0,0.4,12762,1527,0.13842789779581094,0.05145686137978603,0.0,0.37172320174714957,0.6282767982528504
log_survival,15.0,3600.0,0.6,12762,1527,0.13842789779581094,0.06430078945425384,0.0,0.46450744740125416,0.5354925525987458
log_survival,15.0,3600.0,0.8,12762,1527,0.13842789779581094,0.09829970857630065,0.0,0.7101148694846059,0.2898851305153941
log_survival,15.0,3600.0,0.9,12762,1527,0.13842789779581094,0.1230244437128359,0.04275598226034407,0.838997118467177,0.16100288153282305
log_survival,15.0,3600.0,0.95,12762,1527,0.13842789779581094,0.13219232141156648,0.0933143456580118,0.8617804165542557,0.13821958344574425
log_survival,20.0,1.0,0.1,12616,121,0.01419476854076923,0.0,0.0,0.0,1.0
log_survival,20.0,1.0,0.2,12616,121,0.01419476854076923,0.00426440416643062,0.0,0.30042083139169856,0.6995791686083015
log_survival,20.0,1.0,0.4,12616,121,0.01419476854076923,0.003190554664799424,0.0,0.2247697562405286,0.7752302437594714
log_survival,20.0,1.0,0.6,12616,121,0.01419476854076923,0.004269662921348315,0.0,0.30079130273137494,0.6992086972686251
log_survival,20.0,1.0,0.8,12616,121,0.01419476854076923,0.006692643162283644,0.0,0.47148660036699425,0.5285133996330058
log_survival,20.0,1.0,0.9,12616,121,0.01419476854076923,0.011955937568062394,0.0,0.8422777401211847,0.15772225987881527
log_survival,20.0,1.0,0.95,12616,121,0.01419476854076923,0.013809971654340204,0.0,0.9728916406545244,0.02710835934547562
log_survival,20.0,2.0,0.1,12616,234,0.029131089792554812,0.0,0.0,0.0,1.0
log_survival,20.0,2.0,0.2,12616,234,0.029131089792554812,0.00426440416643062,0.0,0.14638670220708652,0.8536132977929135
log_survival,20.0,2.0,0.4,12616,234,0.029131089792554812,0.003190554664799424,0.0,0.10952404072486334,0.8904759592751367
log_survival,20.0,2.0,0.6,12616,234,0.029131089792554812,0.0043361500603584366,0.0,0.1488495655753548,0.8511504344246452
log_survival,20.0,2.0,0.8,12616,234,0.029131089792554812,0.014916243072253582,0.0,0.5120386219147148,0.48796137808528517
log_survival,20.0,2.0,0.9,12616,234,0.029131089792554812,0.02564609562520024,0.0,0.8803685618295938,0.11963143817040622
log_survival,20.0,2.0,0.95,12616,234,0.029131089792554812,0.029047436087308483,0.0,0.9971283702105882,0.0028716297894118004
log_survival,20.0,3.0,0.1,12611,275,0.03488804510824504,0.0,0.0,0.0,1.0
log_survival,20.0,3.0,0.2,12611,275,0.03488804510824504,0.004279053592387542,0.0,0.12265099919216398,0.8773490008078361
log_survival,20.0,3.0,0.4,12611,275,0.03488804510824504,0.003196951305007477,0.0,0.09163457840897903,0.908365421591021
log_survival,20.0,3.0,0.6,12611,275,0.03488804510824504,0.004347534634291673,0.0,0.12461387907527748,0.8753861209247226
log_survival,20.0,3.0,0.8,12611,275,0.03488804510824504,0.020487358848833744,0.0,0.5872314939191591,0.4127685060808409
log_survival,20.0,3.0,0.9,12611,275,0.03488804510824504,0.030668257875091132,0.0,0.8790477591948352,0.12095224080516476
log_survival,20.0,3.0,0.95,12611,275,0.03488804510824504,0.033864521215839105,0.0,0.9706626184060957,0.02933738159390431
log_survival,20.0,5.0,0.1,12594,329,0.04754343650248431,0.0,0.0,0.0,1.0
log_survival,20.0,5.0,0.2,12594,329,0.04754343650248431,0.014482071579060736,0.0,0.3046071686110447,0.6953928313889552
log_survival,20.0,5.0,0.4,12594,329,0.04754343650248431,0.015036274050663085,0.0,0.316263929509542,0.683736070490458
log_survival,20.0,5.0,0.6,12594,329,0.04754343650248431,0.020894776548986194,0.0,0.4394881414997077,0.5605118585002923
log_survival,20.0,5.0,0.8,12594,329,0.04754343650248431,0.03615749209788388,0.0,0.7605149050593876,0.23948509494061243
log_survival,20.0,5.0,0.9,12594,329,0.04754343650248431,0.044669650491723036,0.0,0.9395545164134042,0.06044548358659585
log_survival,20.0,5.0,0.95,12594,329,0.04754343650248431,0.0471766153023333,0.0,0.9922845038740133,0.007715496125986654
log_survival,20.0,10.0,0.1,12533,591,0.06392275287478513,0.0,0.0,0.0,1.0
log_survival,20.0,10.0,0.2,12533,591,0.06392275287478513,0.014502946314719215,0.0,0.22688238009912154,0.7731176199008785
log_survival,20.0,10.0,0.4,12533,591,0.06392275287478513,0.015074532031061105,0.0,0.23582419957084452,0.7641758004291554
log_survival,20.0,10.0,0.6,12533,591,0.06392275287478513,0.022287627988813962,0.0,0.348665021240121,0.651334978759879
log_survival,20.0,10.0,0.8,12533,591,0.06392275287478513,0.044842746862750166,0.0,0.7015146383102465,0.2984853616897535
log_survival,20.0,10.0,0.9,12533,591,0.06392275287478513,0.059186589103646714,0.0,0.9259080130604538,0.07409198693954622
log_survival,20.0,10.0,0.95,12533,591,0.06392275287478513,0.06302890671137645,0.014704630772166768,0.9818390843611416,0.018160915638858355
log_survival,20.0,20.0,0.1,12414,754,0.08119909610104908,0.0,0.0,0.0,1.0
log_survival,20.0,20.0,0.2,12414,754,0.08119909610104908,0.01458006498853044,0.0,0.17955944941044813,0.8204405505895519
log_survival,20.0,20.0,0.4,12414,754,0.08119909610104908,0.018948037383599552,0.0,0.23335281171134545,0.7666471882886545
log_survival,20.0,20.0,0.6,12414,754,0.08119909610104908,0.02530043086329117,0.0,0.3115851293689991,0.6884148706310009
log_survival,20.0,20.0,0.8,12414,754,0.08119909610104908,0.05134501917627361,0.0,0.6323348613681211,0.3676651386318789
log_survival,20.0,20.0,0.9,12414,754,0.08119909610104908,0.07222363203766692,0.0,0.8894634978176044,0.11053650218239564
log_survival,20.0,20.0,0.95,12414,754,0.08119909610104908,0.07691374851504548,0.03290371778388665,0.911267956990395,0.08873204300960502
log_survival,20.0,30.0,0.1,12414,785,0.08415395921159373,0.00014884644008930786,0.0,0.0017687395992273358,0.9982312604007727
log_survival,20.0,30.0,0.2,12414,785,0.08415395921159373,0.014654608662652602,0.0,0.17414045399581943,0.8258595460041805
log_survival,20.0,30.0,0.4,12414,785,0.08415395921159373,0.019683450606250277,0.0,0.23389809333579786,0.7661019066642021
log_survival,20.0,30.0,0.6,12414,785,0.08415395921159373,0.026531791211833095,0.0,0.3152768029026715,0.6847231970973284
log_survival,20.0,30.0,0.8,12414,785,0.08415395921159373,0.05503331167752231,0.0,0.6539598634824596,0.3460401365175404
log_survival,20.0,30.0,0.9,12414,785,0.08415395921159373,0.07550678681808336,0.0,0.8972458043029417,0.10275419569705835
log_survival,20.0,30.0,0.95,12414,785,0.08415395921159373,0.08002394949870599,0.03595361069893087,0.9143157707292774,0.08568422927072261
log_survival,20.0,60.0,0.1,12414,785,0.08415395921159373,0.00014897209256132686,0.0,0.001770232725316663,0.9982297672746834
log_survival,20.0,60.0,0.2,12414,785,0.08415395921159373,0.014620459628938933,0.0,0.1737346616357974,0.8262653383642026
log_survival,20.0,60.0,0.4,12414,785,0.08415395921159373,0.019690963386382716,0.0,0.23398736756844032,0.7660126324315597
log_survival,20.0,60.0,0.6,12414,785,0.08415395921159373,0.026365171207640307,0.0,0.3132968603574391,0.6867031396425609
log_survival,20.0,60.0,0.8,12414,785,0.08415395921159373,0.05502986509289622,0.0,0.6539189077786712,0.34608109222132877
log_survival,20.0,60.0,0.9,12414,785,0.08415395921159373,0.07550678681808336,0.0,0.8972458043029417,0.10275419569705835
log_survival,20.0,60.0,0.95,12414,785,0.08415395921159373,0.08002394949870599,0.03595361069893087,0.9143157707292774,0.08568422927072261
log_survival,20.0,120.0,0.1,12414,785,0.08415395921159373,0.00014907101652881363,0.0,0.0017714082370622012,0.9982285917629378
log_survival,20.0,120.0,0.2,12414,785,0.08415395921159373,0.014652060153058977,0.0,0.1741101701016628,0.8258898298983373
log_survival,20.0,120.0,0.4,12414,785,0.08415395921159373,0.01969429929800764,0.0,0.234027008146925,0.765972991853075
log_survival,20.0,120.0,0.6,12414,785,0.08415395921159373,0.02641683195306017,0.0,0.31391074407608827,0.6860892559239118
log_survival,20.0,120.0,0.8,12414,785,0.08415395921159373,0.05502420766015758,0.0,0.653851680606098,0.346148319393902
log_survival,20.0,120.0,0.9,12414,785,0.08415395921159373,0.07550678681808336,0.0,0.8972458043029417,0.10275419569705835
log_survival,20.0,120.0,0.95,12414,785,0.08415395921159373,0.08099419269969947,0.03595361069893087,0.9344451521742805,0.06555484782571952
log_survival,20.0,180.0,0.1,12414,785,0.08415395921159373,0.00014908616954711687,0.0,0.0017715883001090881,0.998228411699891
log_survival,20.0,180.0,0.2,12414,785,0.08415395921159373,0.014653930076753842,0.0,0.1741323903716582,0.8258676096283418
log_survival,20.0,180.0,0.4,12414,785,0.08415395921159373,0.019717107525224382,0.0,0.23429803790512563,0.7657019620948744
log_survival,20.0,180.0,0.6,12414,785,0.08415395921159373,0.026407853667000516,0.0,0.31380405526258776,0.6861959447374122
log_survival,20.0,180.0,0.8,12414,785,0.08415395921159373,0.055008473049716275,0.0,0.6536647065101824,0.3463352934898176
log_survival,20.0,180.0,0.9,12414,785,0.08415395921159373,0.07538449840740157,0.0,0.8957926532946294,0.10420734670537057
log_survival,20.0,180.0,0.95,12414,785,0.08415395921159373,0.08089542304995305,0.03595361069893087,0.9323960041329448,0.06760399586705523
log_survival,20.0,300.0,0.1,12414,785,0.08415395921159373,0.0001490006795334021,0.0,0.0017705724237971987,0.9982294275762028
log_survival,20.0,300.0,0.2,12414,785,0.08415395921159373,0.014653003329252703,0.0,0.17412137784759135,0.8258786221524086
log_survival,20.0,300.0,0.4,12414,785,0.08415395921159373,0.019712522190204983,0.0,0.23424355045067477,0.7657564495493252
log_survival,20.0,300.0,0.6,12414,785,0.08415395921159373,0.026407649397594893,0.0,0.31380162793287525,0.6861983720671248
log_survival,20.0,300.0,0.8,12414,785,0.08415395921159373,0.05501620864536388,0.0,0.6537566284556271,0.3462433715443729
log_survival,20.0,300.0,0.9,12414,785,0.08415395921159373,0.07539978650611204,0.0,0.8959743214995921,0.10402567850040789
log_survival,20.0,300.0,0.95,12414,785,0.08415395921159373,0.08083128083356338,0.03595361069893087,0.9310652623775647,0.0689347376224353
log_survival,20.0,600.0,0.1,12414,785,0.08415395921159373,0.0001490531735904877,0.0,0.001771196209743545,0.9982288037902565
log_survival,20.0,600.0,0.2,12414,785,0.08415395921159373,0.014647461840398546,0.0,0.1740555284341345,0.8259444715658655
log_survival,20.0,600.0,0.4,12414,785,0.08415395921159373,0.019708717536599363,0.0,0.23419833981957358,0.7658016601804264
log_survival,20.0,600.0,0.6,12414,785,0.08415395921159373,0.026454759514850493,0.0,0.31436143661801563,0.6856385633819844
log_survival,20.0,600.0,0.8,12414,785,0.08415395921159373,0.05506184044180498,0.0,0.6542988702808319,0.3457011297191681
log_survival,20.0,600.0,0.9,12414,785,0.08415395921159373,0.07532242587721377,0.0,0.8950550465228349,0.10494495347716515
log_survival,20.0,600.0,0.95,12414,785,0.08415395921159373,0.08078829206159097,0.03595361069893087,0.9301733855903851,0.0698266144096149
log_survival,20.0,900.0,0.1,12414,785,0.08415395921159373,0.00014909492602858555,0.0,0.0017716923532225806,0.9982283076467774
log_survival,20.0,900.0,0.2,12414,785,0.08415395921159373,0.014655105228738238,0.0,0.17414635468177989,0.8258536453182201
log_survival,20.0,900.0,0.4,12414,785,0.08415395921159373,0.019715493511156475,0.0,0.23427885860467407,0.765721141395326
log_survival,20.0,900.0,0.6,12414,785,0.08415395921159373,0.026454171867028857,0.0,0.31435445360940684,0.6856455463905932
log_survival,20.0,900.0,0.8,12414,785,0.08415395921159373,0.05505647672431611,0.0,0.6542351333213456,0.34576486667865436
log_survival,20.0,900.0,0.9,12414,785,0.08415395921159373,0.07532582549940435,0.0,0.8950954441728376,0.1049045558271624
log_survival,20.0,900.0,0.95,12414,785,0.08415395921159373,0.08066826626545971,0.03595361069893087,0.9276832418500401,0.07231675814995986
log_survival,20.0,1200.0,0.1,12414,785,0.08415395921159373,0.00014866204162537167,0.0,0.0017665483955612963,0.9982334516044387
log_survival,20.0,1200.0,0.2,12414,785,0.08415395921159373,0.014584534660610292,0.0,0.17330776587634403,0.826692234123656
log_survival,20.0,1200.0,0.4,12414,785,0.08415395921159373,0.01972248576850095,0.0,0.2343619474742885,0.7656380525257115
log_survival,20.0,1200.0,0.6,12414,785,0.08415395921159373,0.026455187816998956,0.0,0.31436652612482524,0.6856334738751748
log_survival,20.0,1200.0,0.8,12414,785,0.08415395921159373,0.055049060635941505,0.0,0.6541470080751411,0.34585299192485885
log_survival,20.0,1200.0,0.9,12414,785,0.08415395921159373,0.07521349600220914,0.0,0.8937606347562923,0.1062393652437077
log_survival,20.0,1200.0,0.95,12414,785,0.08415395921159373,0.08062513995191598,0.03595361069893087,0.9267885115239222,0.07321148847607784
log_survival,20.0,1800.0,0.1,12414,785,0.08415395921159373,0.00014886960601433207,0.0,0.0017690148795022182,0.9982309851204978
log_survival,20.0,1800.0,0.2,12414,785,0.08415395921159373,0.014654707973177649,0.0,0.17414163410102157,0.8258583658989784
log_survival,20.0,1800.0,0.4,12414,785,0.08415395921159373,0.01971353478699696,0.0,0.23425558312033717,0.7657444168796628
log_survival,20.0,1800.0,0.6,12414,785,0.08415395921159373,0.027836411956784574,0.0,0.33077958800243357,0.6692204119975664
log_survival,20.0,1800.0,0.8,12414,785,0.08415395921159373,0.05521177170045728,0.0,0.6560805007597416,0.34391949924025844
log_survival,20.0,1800.0,0.9,12414,785,0.08415395921159373,0.07514993143410144,0.0,0.8930052981244426,0.10699470187555737
log_survival,20.0,1800.0,0.95,12414,785,0.08415395921159373,0.08054094051138071,0.03595361069893087,0.9250416477950604,0.07495835220493963
log_survival,20.0,2400.0,0.1,12414,785,0.08415395921159373,0.00014805476231602514,0.0,0.0017593321063333633,0.9982406678936666
log_survival,20.0,2400.0,0.2,12414,785,0.08415395921159373,0.015245317799984412,0.0,0.1811598401645266,0.8188401598354734
log_survival,20.0,2400.0,0.4,12414,785,0.08415395921159373,0.01976581462828409,0.0,0.2348768235441618,0.7651231764558382
log_survival,20.0,2400.0,0.6,12414,785,0.08415395921159373,0.02788920819376556,0.0,0.3314069647471003,0.6685930352528997
log_survival,20.0,2400.0,0.8,12414,785,0.08415395921159373,0.05617140658167509,0.0,0.6674838249789258,0.3325161750210742
log_survival,20.0,2400.0,0.9,12414,785,0.08415395921159373,0.07497345692491887,0.0,0.8909082546717532,0.10909174532824684
log_survival,20.0,2400.0,0.95,12414,785,0.08415395921159373,0.08070317692251905,0.03595361069893087,0.9284075241039365,0.07159247589606355
log_survival,20.0,3600.0,0.1,12107,927,0.0908263580515267,0.005637631129910932,0.0,0.06207043033380958,0.9379295696661905
log_survival,20.0,3600.0,0.2,12107,927,0.0908263580515267,0.01792626520133634,0.0,0.19736853470626436,0.8026314652937356
log_survival,20.0,3600.0,0.4,12107,927,0.0908263580515267,0.021430379651508683,0.0,0.23594890416448291,0.7640510958355171
log_survival,20.0,3600.0,0.6,12107,927,0.0908263580515267,0.029956268024312983,0.0,0.3298191039138495,0.6701808960861505
log_survival,20.0,3600.0,0.8,12107,927,0.0908263580515267,0.06337308021627838,0.0,0.6977388676129258,0.3022611323870742
log_survival,20.0,3600.0,0.9,12107,927,0.0908263580515267,0.08146989231237145,0.0,0.8969851270063341,0.10301487299366585
log_survival,20.0,3600.0,0.95,12107,927,0.0908263580515267,0.08788635497890009,0.04426988392988435,0.9368508219727938,0.06314917802720621
log_survival,30.0,1.0,0.1,11942,0,0.0,0.0,0.0,nan,nan
log_survival,30.0,1.0,0.2,11942,0,0.0,0.0,0.0,nan,nan
log_survival,30.0,1.0,0.4,11942,0,0.0,0.0,0.0,nan,nan
log_survival,30.0,1.0,0.6,11942,0,0.0,0.0,0.0,nan,nan
log_survival,30.0,1.0,0.8,11942,0,0.0,0.0,0.0,nan,nan
log_survival,30.0,1.0,0.9,11942,0,0.0,0.0,0.0,nan,nan
log_survival,30.0,1.0,0.95,11942,0,0.0,0.0,0.0,nan,nan
log_survival,30.0,2.0,0.1,11942,66,0.007484538642326297,0.0,0.0,0.0,1.0
log_survival,30.0,2.0,0.2,11942,66,0.007484538642326297,0.0,0.0,0.0,1.0
log_survival,30.0,2.0,0.4,11942,66,0.007484538642326297,0.0,0.0,0.0,1.0
log_survival,30.0,2.0,0.6,11942,66,0.007484538642326297,0.0,0.0,0.0,1.0
log_survival,30.0,2.0,0.8,11942,66,0.007484538642326297,0.0003520691655058807,0.0,0.04703952806320909,0.9529604719367909
log_survival,30.0,2.0,0.9,11942,66,0.007484538642326297,0.006863577245987625,0.0,0.9170341117851897,0.08296588821481032
log_survival,30.0,2.0,0.95,11942,66,0.007484538642326297,0.007016159702075274,0.0,0.9374204660254858,0.06257953397451421
log_survival,30.0,3.0,0.1,11942,79,0.010761836383899784,0.0,0.0,0.0,1.0
log_survival,30.0,3.0,0.2,11942,79,0.010761836383899784,0.0,0.0,0.0,1.0
log_survival,30.0,3.0,0.4,11942,79,0.010761836383899784,0.0,0.0,0.0,1.0
log_survival,30.0,3.0,0.6,11942,79,0.010761836383899784,0.0,0.0,0.0,1.0
log_survival,30.0,3.0,0.8,11942,79,0.010761836383899784,0.0043995116130209665,0.0,0.408806773870196,0.5911932261298041
log_survival,30.0,3.0,0.9,11942,79,0.010761836383899784,0.010504957072566944,0.0,0.9761305318005816,0.023869468199418375
log_survival,30.0,3.0,0.95,11942,79,0.010761836383899784,0.010464990856964026,0.0,0.9724168333036681,0.027583166696331873
log_survival,30.0,5.0,0.1,11831,107,0.01523635460142777,0.0,0.0,0.0,1.0
log_survival,30.0,5.0,0.2,11831,107,0.01523635460142777,0.0,0.0,0.0,1.0
log_survival,30.0,5.0,0.4,11831,107,0.01523635460142777,0.0,0.0,0.0,1.0
log_survival,30.0,5.0,0.6,11831,107,0.01523635460142777,0.0028113838555077217,0.0,0.18451814289254415,0.8154818571074558
log_survival,30.0,5.0,0.8,11831,107,0.01523635460142777,0.0065564546105738265,0.0,0.4303164885621285,0.5696835114378715
log_survival,30.0,5.0,0.9,11831,107,0.01523635460142777,0.012952927433887996,0.0,0.850132972927409,0.14986702707259103
log_survival,30.0,5.0,0.95,11831,107,0.01523635460142777,0.013357393854929258,0.0,0.8766791141548755,0.12332088584512446
log_survival,30.0,10.0,0.1,11823,163,0.018253421309577977,0.0,0.0,0.0,1.0
log_survival,30.0,10.0,0.2,11823,163,0.018253421309577977,0.0,0.0,0.0,1.0
log_survival,30.0,10.0,0.4,11823,163,0.018253421309577977,5.4176202681601645e-06,0.0,0.00029680026425059385,0.9997031997357494
log_survival,30.0,10.0,0.6,11823,163,0.018253421309577977,0.002868082670251703,0.0,0.1571257585966504,0.8428742414033497
log_survival,30.0,10.0,0.8,11823,163,0.018253421309577977,0.006616220311841602,0.0,0.3624646689314032,0.6375353310685967
log_survival,30.0,10.0,0.9,11823,163,0.018253421309577977,0.013605803426313028,0.0,0.7453837390568397,0.25461626094316026
log_survival,30.0,10.0,0.95,11823,163,0.018253421309577977,0.0145154901931393,0.0,0.7952202464927876,0.20477975350721245
log_survival,30.0,20.0,0.1,11823,194,0.021410717669393897,0.0001590445758570334,0.0,0.007428269258082076,0.992571730741918
log_survival,30.0,20.0,0.2,11823,194,0.021410717669393897,7.963627939302676e-05,0.0,0.003719458666575427,0.9962805413334246
log_survival,30.0,20.0,0.4,11823,194,0.021410717669393897,0.0007897686435362373,0.0,0.03688660304297938,0.9631133969570206
log_survival,30.0,20.0,0.6,11823,194,0.021410717669393897,0.004184329188671114,0.0,0.19543152421520701,0.804568475784793
log_survival,30.0,20.0,0.8,11823,194,0.021410717669393897,0.010561520593532422,0.0,0.4932819514326631,0.5067180485673368
log_survival,30.0,20.0,0.9,11823,194,0.021410717669393897,0.01711386391943691,0.0,0.7993129508171865,0.20068704918281355
log_survival,30.0,20.0,0.95,11823,194,0.021410717669393897,0.01783860098052093,0.0,0.8331622160438265,0.16683778395617355
log_survival,30.0,30.0,0.1,11823,194,0.021410717669393897,0.0001590445758570334,0.0,0.007428269258082076,0.992571730741918
log_survival,30.0,30.0,0.2,11823,194,0.021410717669393897,7.963627939302676e-05,0.0,0.003719458666575427,0.9962805413334246
log_survival,30.0,30.0,0.4,11823,194,0.021410717669393897,0.0007897686435362373,0.0,0.03688660304297938,0.9631133969570206
log_survival,30.0,30.0,0.6,11823,194,0.021410717669393897,0.004184329188671114,0.0,0.19543152421520701,0.804568475784793
log_survival,30.0,30.0,0.8,11823,194,0.021410717669393897,0.010561520593532422,0.0,0.4932819514326631,0.5067180485673368
log_survival,30.0,30.0,0.9,11823,194,0.021410717669393897,0.01711386391943691,0.0,0.7993129508171865,0.20068704918281355
log_survival,30.0,30.0,0.95,11823,194,0.021410717669393897,0.01783860098052093,0.0,0.8331622160438265,0.16683778395617355
log_survival,30.0,60.0,0.1,11823,194,0.021410717669393897,0.00015914121612823888,0.0,0.0074327828980589195,0.9925672171019411
log_survival,30.0,60.0,0.2,11823,194,0.021410717669393897,7.959834194241663e-05,0.0,0.003717686775917864,0.9962823132240821
log_survival,30.0,60.0,0.4,11823,194,0.021410717669393897,0.0007905757584887469,0.0,0.03692429981545438,0.9630757001845456
log_survival,30.0,60.0,0.6,11823,194,0.021410717669393897,0.004184536112731596,0.0,0.19544118872359373,0.8045588112764063
log_survival,30.0,60.0,0.8,11823,194,0.021410717669393897,0.010560319738071498,0.0,0.4932258647811334,0.5067741352188666
log_survival,30.0,60.0,0.9,11823,194,0.021410717669393897,0.017111610553581118,0.0,0.7992077060565677,0.20079229394343234
log_survival,30.0,60.0,0.95,11823,194,0.021410717669393897,0.017786988087972466,0.0,0.8307516059304512,0.16924839406954884
log_survival,30.0,120.0,0.1,11823,194,0.021410717669393897,0.00015891896577463363,0.0,0.007422402566253277,0.9925775974337467
log_survival,30.0,120.0,0.2,11823,194,0.021410717669393897,7.962417389919579e-05,0.0,0.0037188932724574954,0.9962811067275426
log_survival,30.0,120.0,0.4,11823,194,0.021410717669393897,0.0007913024283093268,0.0,0.03695823935133545,0.9630417606486645
log_survival,30.0,120.0,0.6,11823,194,0.021410717669393897,0.00418591276265014,0.0,0.19550548595733439,0.8044945140426656
log_survival,30.0,120.0,0.8,11823,194,0.021410717669393897,0.010564739085793284,0.0,0.49343227298239156,0.5065677270176084
log_survival,30.0,120.0,0.9,11823,194,0.021410717669393897,0.017108610046757098,0.0,0.7990675656432312,0.20093243435676877
log_survival,30.0,120.0,0.95,11823,194,0.021410717669393897,0.017786988087972466,0.0,0.8307516059304512,0.16924839406954884
log_survival,30.0,180.0,0.1,11823,194,0.021410717669393897,0.000159086745663681,0.0,0.0074302388233857125,0.9925697611766143
log_survival,30.0,180.0,0.2,11823,194,0.021410717669393897,7.964771573971609e-05,0.0,0.0037199928077875956,0.9962800071922124
log_survival,30.0,180.0,0.4,11823,194,0.021410717669393897,0.0007914895568020444,0.0,0.036966979296236276,0.9630330207037637
log_survival,30.0,180.0,0.6,11823,194,0.021410717669393897,0.004184642106151922,0.0,0.1954461392078308,0.8045538607921692
log_survival,30.0,180.0,0.8,11823,194,0.021410717669393897,0.010539407985364143,0.0,0.4922491692293889,0.5077508307706111
log_survival,30.0,180.0,0.9,11823,194,0.021410717669393897,0.01711000464686382,0.0,0.7991327012509328,0.20086729874906717
log_survival,30.0,180.0,0.95,11823,194,0.021410717669393897,0.017786988087972466,0.0,0.8307516059304512,0.16924839406954884
log_survival,30.0,300.0,0.1,11823,194,0.021410717669393897,0.00015922222356247662,0.0,0.007436566397308622,0.9925634336026914
log_survival,30.0,300.0,0.2,11823,194,0.021410717669393897,7.965309868656867e-05,0.0,0.0037202442214457317,0.9962797557785543
log_survival,30.0,300.0,0.4,11823,194,0.021410717669393897,0.0007915931838517404,0.0,0.0369718192577591,0.963028180742241
log_survival,30.0,300.0,0.6,11823,194,0.021410717669393897,0.00418314691776266,0.0,0.19537630556599075,0.8046236944340093
log_survival,30.0,300.0,0.8,11823,194,0.021410717669393897,0.010543664879046259,0.0,0.492447989920402,0.507552010079598
log_survival,30.0,300.0,0.9,11823,194,0.021410717669393897,0.017054132180318492,0.0,0.7965231452608879,0.20347685473911215
log_survival,30.0,300.0,0.95,11823,194,0.021410717669393897,0.017786988087972466,0.0,0.8307516059304512,0.16924839406954884
log_survival,30.0,600.0,0.1,11823,194,0.021410717669393897,0.00015930369801811717,0.0,0.0074403717090640985,0.9925596282909359
log_survival,30.0,600.0,0.2,11823,194,0.021410717669393897,7.915614749428816e-05,0.0,0.003697033827476038,0.996302966172524
log_survival,30.0,600.0,0.4,11823,194,0.021410717669393897,0.0007912852474756674,0.0,0.03695743691052405,0.963042563089476
log_survival,30.0,600.0,0.6,11823,194,0.021410717669393897,0.004159544592212364,0.0,0.19427394524744643,0.8057260547525535
log_survival,30.0,600.0,0.8,11823,194,0.021410717669393897,0.010541369853094253,0.0,0.49234079940080133,0.5076592005991987
log_survival,30.0,600.0,0.9,11823,194,0.021410717669393897,0.017026222366915762,0.0,0.7952196012212303,0.20478039877876975
log_survival,30.0,600.0,0.95,11823,194,0.021410717669393897,0.01758504536887843,0.0,0.8213197539854455,0.17868024601455446
log_survival,30.0,900.0,0.1,11823,194,0.021410717669393897,0.00015882030204733807,0.0,0.0074177944195849095,0.9925822055804151
log_survival,30.0,900.0,0.2,11823,194,0.021410717669393897,7.964694680670048e-05,0.0,0.0037199568943246525,0.9962800431056753
log_survival,30.0,900.0,0.4,11823,194,0.021410717669393897,0.0007914613863966367,0.0,0.03696566358109572,0.9630343364189042
log_survival,30.0,900.0,0.6,11823,194,0.021410717669393897,0.004162382508075414,0.0,0.1944064917555491,0.8055935082444509
log_survival,30.0,900.0,0.8,11823,194,0.021410717669393897,0.010541602035062035,0.0,0.49235164359441347,0.5076483564055865
log_survival,30.0,900.0,0.9,11823,194,0.021410717669393897,0.016977608137580202,0.0,0.7929490454142638,0.2070509545857362
log_survival,30.0,900.0,0.95,11823,194,0.021410717669393897,0.01758504536887843,0.0,0.8213197539854455,0.17868024601455446
log_survival,30.0,1200.0,0.1,11823,194,0.021410717669393897,0.00015856998702609197,0.0,0.0074061033111825075,0.9925938966888175
log_survival,30.0,1200.0,0.2,11823,194,0.021410717669393897,7.962984188650335e-05,0.0,0.0037191579990955782,0.9962808420009044
log_survival,30.0,1200.0,0.4,11823,194,0.021410717669393897,0.0007913205644431685,0.0,0.036959086409996525,0.9630409135900034
log_survival,30.0,1200.0,0.6,11823,194,0.021410717669393897,0.004171661798792671,0.0,0.19483988641613637,0.8051601135838636
log_survival,30.0,1200.0,0.8,11823,194,0.021410717669393897,0.010541363492088396,0.0,0.4923405023063295,0.5076594976936706
log_survival,30.0,1200.0,0.9,11823,194,0.021410717669393897,0.0169507162791995,0.0,0.7916930455549437,0.2083069544450563
log_survival,30.0,1200.0,0.95,11823,194,0.021410717669393897,0.017517706619576058,0.0,0.8181746586018084,0.18182534139819162
log_survival,30.0,1800.0,0.1,11823,194,0.021410717669393897,0.00015928947241395955,0.0,0.007439707293962407,0.9925602927060376
log_survival,30.0,1800.0,0.2,11823,194,0.021410717669393897,7.955276879795767e-05,0.0,0.003715558255745739,0.9962844417442542
log_survival,30.0,1800.0,0.4,11823,194,0.021410717669393897,0.0007910328706715519,0.0,0.036945649505355636,0.9630543504946444
log_survival,30.0,1800.0,0.6,11823,194,0.021410717669393897,0.0041829754346649215,0.0,0.1953682963483463,0.8046317036516537
log_survival,30.0,1800.0,0.8,11823,194,0.021410717669393897,0.01032898270004767,0.0,0.4824211341039119,0.517578865896088
log_survival,30.0,1800.0,0.9,11823,194,0.021410717669393897,0.016920176610124866,0.0,0.7902666725792125,0.20973332742078754
log_survival,30.0,1800.0,0.95,11823,194,0.021410717669393897,0.017517706619576058,0.0,0.8181746586018084,0.18182534139819162
log_survival,30.0,2400.0,0.1,11823,194,0.021410717669393897,0.0001589258538652694,0.0,0.0074227242785257054,0.9925772757214743
log_survival,30.0,2400.0,0.2,11823,194,0.021410717669393897,7.964608177480432e-05,0.0,0.003719916492507697,0.9962800835074923
log_survival,30.0,2400.0,0.4,11823,194,0.021410717669393897,0.004867404561818935,0.0,0.22733495611764437,0.7726650438823557
log_survival,30.0,2400.0,0.6,11823,194,0.021410717669393897,0.0041869500554947885,0.0,0.19555393332190504,0.8044460666780949
log_survival,30.0,2400.0,0.8,11823,194,0.021410717669393897,0.010554376309679522,0.0,0.4929482735072794,0.5070517264927206
log_survival,30.0,2400.0,0.9,11823,194,0.021410717669393897,0.016902127664139475,0.0,0.7894236860775881,0.21057631392241194
log_survival,30.0,2400.0,0.95,11823,194,0.021410717669393897,0.01764035483951281,0.0,0.8239030149245894,0.1760969850754106
log_survival,30.0,3600.0,0.1,11488,336,0.026822047225270682,0.00016413500850517772,0.0,0.006119406439286862,0.9938805935607131
log_survival,30.0,3600.0,0.2,11488,336,0.026822047225270682,0.0024749894496437705,0.0,0.09227444232190943,0.9077255576780906
log_survival,30.0,3600.0,0.4,11488,336,0.026822047225270682,0.006321697107226162,0.0,0.23569032796535033,0.7643096720346496
log_survival,30.0,3600.0,0.6,11488,336,0.026822047225270682,0.005174700082800182,0.0,0.19292711101950422,0.8070728889804958
log_survival,30.0,3600.0,0.8,11488,336,0.026822047225270682,0.012215920395535306,0.0,0.45544325132743574,0.5445567486725642
log_survival,30.0,3600.0,0.9,11488,336,0.026822047225270682,0.02096146969240636,0.0,0.781501483326645,0.21849851667335496
log_survival,30.0,3600.0,0.95,11488,336,0.026822047225270682,0.02242337949104543,0.0,0.8360055182483983,0.1639944817516017
log_survival,45.0,1.0,0.1,11660,0,0.0,0.0,0.0,nan,nan
log_survival,45.0,1.0,0.2,11660,0,0.0,0.0,0.0,nan,nan
log_survival,45.0,1.0,0.4,11660,0,0.0,0.0,0.0,nan,nan
log_survival,45.0,1.0,0.6,11660,0,0.0,0.0,0.0,nan,nan
log_survival,45.0,1.0,0.8,11660,0,0.0,0.0,0.0,nan,nan
log_survival,45.0,1.0,0.9,11660,0,0.0,0.0,0.0,nan,nan
log_survival,45.0,1.0,0.95,11660,0,0.0,0.0,0.0,nan,nan
log_survival,45.0,2.0,0.1,11660,1,1.6227519660500617e-05,0.0001622207529500827,0.0,9.99664497988217,-8.99664497988217
log_survival,45.0,2.0,0.2,11660,1,1.6227519660500617e-05,8.095408063762377e-05,0.0,4.98869096025032,-3.98869096025032
log_survival,45.0,2.0,0.4,11660,1,1.6227519660500617e-05,4.056810093343512e-05,0.0,2.4999569732262827,-1.4999569732262827
log_survival,45.0,2.0,0.6,11660,1,1.6227519660500617e-05,2.7042829696141028e-05,0.0,1.6664795521379612,-0.6664795521379612
log_survival,45.0,2.0,0.8,11660,1,1.6227519660500617e-05,2.0282809980494697e-05,0.0,1.2499020432472534,-0.2499020432472534
log_survival,45.0,2.0,0.9,11660,1,1.6227519660500617e-05,1.8022067202104102e-05,0.0,1.110586681091602,-0.11058668109160208
log_survival,45.0,2.0,0.95,11660,1,1.6227519660500617e-05,1.7078721000461125e-05,0.0,1.0524541863309163,-0.05245418633091625
log_survival,45.0,3.0,0.1,11660,31,0.0032159993508992135,0.0001622207529500827,0.0,0.05044178659573571,0.9495582134042643
log_survival,45.0,3.0,0.2,11660,31,0.0032159993508992135,8.095408063762377e-05,0.0,0.025172293836125466,0.9748277061638745
log_survival,45.0,3.0,0.4,11660,31,0.0032159993508992135,0.0008009126593373631,0.0,0.249040056277817,0.750959943722183
log_survival,45.0,3.0,0.6,11660,31,0.0032159993508992135,0.0013414882488661474,0.0,0.41712951480884436,0.5828704851911557
log_survival,45.0,3.0,0.8,11660,31,0.0032159993508992135,0.003574283230370252,0.0,1.1114067014257514,-0.11140670142575138
log_survival,45.0,3.0,0.9,11660,31,0.0032159993508992135,0.0035716460455079042,0.0,1.110586681091602,-0.11058668109160208
log_survival,45.0,3.0,0.95,11660,31,0.0032159993508992135,0.0033846919800913865,0.0,1.0524541863309163,-0.05245418633091625
log_survival,45.0,5.0,0.1,11660,31,0.0032159993508992135,0.0001622207529500827,0.0,0.05044178659573571,0.9495582134042643
log_survival,45.0,5.0,0.2,11660,31,0.0032159993508992135,8.095408063762377e-05,0.0,0.025172293836125466,0.9748277061638745
log_survival,45.0,5.0,0.4,11660,31,0.0032159993508992135,0.0008009126593373631,0.0,0.249040056277817,0.750959943722183
log_survival,45.0,5.0,0.6,11660,31,0.0032159993508992135,0.0013414882488661474,0.0,0.41712951480884436,0.5828704851911557
log_survival,45.0,5.0,0.8,11660,31,0.0032159993508992135,0.003574283230370252,0.0,1.1114067014257514,-0.11140670142575138
log_survival,45.0,5.0,0.9,11660,31,0.0032159993508992135,0.0035716460455079042,0.0,1.110586681091602,-0.11058668109160208
log_survival,45.0,5.0,0.95,11660,31,0.0032159993508992135,0.0033846919800913865,0.0,1.0524541863309163,-0.05245418633091625
log_survival,45.0,10.0,0.1,11660,31,0.0032159993508992135,0.0001622207529500827,0.0,0.05044178659573571,0.9495582134042643
log_survival,45.0,10.0,0.2,11660,31,0.0032159993508992135,8.095408063762377e-05,0.0,0.025172293836125466,0.9748277061638745
log_survival,45.0,10.0,0.4,11660,31,0.0032159993508992135,0.0008009126593373631,0.0,0.249040056277817,0.750959943722183
log_survival,45.0,10.0,0.6,11660,31,0.0032159993508992135,0.0013414882488661474,0.0,0.41712951480884436,0.5828704851911557
log_survival,45.0,10.0,0.8,11660,31,0.0032159993508992135,0.003574283230370252,0.0,1.1114067014257514,-0.11140670142575138
log_survival,45.0,10.0,0.9,11660,31,0.0032159993508992135,0.0035716460455079042,0.0,1.110586681091602,-0.11058668109160208
log_survival,45.0,10.0,0.95,11660,31,0.0032159993508992135,0.0033846919800913865,0.0,1.0524541863309163,-0.05245418633091625
log_survival,45.0,20.0,0.1,11660,31,0.0032159993508992135,0.0001603050653971801,0.0,0.04984611248517752,0.9501538875148224
log_survival,45.0,20.0,0.2,11660,31,0.0032159993508992135,8.096510404015869e-05,0.0,0.02517572151173486,0.9748242784882651
log_survival,45.0,20.0,0.4,11660,31,0.0032159993508992135,0.0008008501426840834,0.0,0.24902061701603287,0.7509793829839672
log_survival,45.0,20.0,0.6,11660,31,0.0032159993508992135,0.0013416339248980046,0.0,0.41717481209157437,0.5828251879084256
log_survival,45.0,20.0,0.8,11660,31,0.0032159993508992135,0.0035744875446119466,0.0,1.1114702319863645,-0.11147023198636452
log_survival,45.0,20.0,0.9,11660,31,0.0032159993508992135,0.0035718040477715138,0.0,1.1106358111586108,-0.11063581115861076
log_survival,45.0,20.0,0.95,11660,31,0.0032159993508992135,0.003385196545857249,0.0,1.052611078702714,-0.05261107870271409
log_survival,45.0,30.0,0.1,11660,31,0.0032159993508992135,0.0001608814352574103,0.0,0.05002533200525269,0.9499746679947473
log_survival,45.0,30.0,0.2,11660,31,0.0032159993508992135,8.099302355547101e-05,0.0,0.02518440295481554,0.9748155970451845
log_survival,45.0,30.0,0.4,11660,31,0.0032159993508992135,0.0008006306733101193,0.0,0.248952374037718,0.751047625962282
log_survival,45.0,30.0,0.6,11660,31,0.0032159993508992135,0.0013411140340169438,0.0,0.4170131544466761,0.5829868455533239
log_survival,45.0,30.0,0.8,11660,31,0.0032159993508992135,0.0035745490631522107,0.0,1.1114893608895613,-0.1114893608895613
log_survival,45.0,30.0,0.9,11660,31,0.0032159993508992135,0.003572630373694952,0.0,1.1108927533508433,-0.11089275335084325
log_survival,45.0,30.0,0.95,11660,31,0.0032159993508992135,0.003385196545857249,0.0,1.052611078702714,-0.05261107870271409
log_survival,45.0,60.0,0.1,11660,31,0.0032159993508992135,0.00016218368039002719,0.0,0.050430259056078355,0.9495697409439217
log_survival,45.0,60.0,0.2,11660,31,0.0032159993508992135,8.109542720088074e-05,0.0,0.02521624489078518,0.9747837551092148
log_survival,45.0,60.0,0.4,11660,31,0.0032159993508992135,0.0008008402984313241,0.0,0.24901755599154712,0.7509824440084529
log_survival,45.0,60.0,0.6,11660,31,0.0032159993508992135,0.0013404057408996522,0.0,0.41679291400505614,0.5832070859949439
log_survival,45.0,60.0,0.8,11660,31,0.0032159993508992135,0.0035746160768288905,0.0,1.1115101984797993,-0.11151019847979926
log_survival,45.0,60.0,0.9,11660,31,0.0032159993508992135,0.0035732491488946693,0.0,1.11108515861347,-0.11108515861347001
log_survival,45.0,60.0,0.95,11660,31,0.0032159993508992135,0.0033771772530071208,0.0,1.0501175169898094,-0.050117516989809374
log_survival,45.0,120.0,0.1,11660,31,0.0032159993508992135,0.00016074938440292563,0.0,0.049984271407884175,0.9500157285921158
log_survival,45.0,120.0,0.2,11660,31,0.0032159993508992135,8.110678814661158e-05,0.0,0.025219777523877177,0.9747802224761228
log_survival,45.0,120.0,0.4,11660,31,0.0032159993508992135,0.0008007581083672155,0.0,0.24899199937441485,0.7510080006255851
log_survival,45.0,120.0,0.6,11660,31,0.0032159993508992135,0.0013391792557288363,0.0,0.41641154416103765,0.5835884558389623
log_survival,45.0,120.0,0.8,11660,31,0.0032159993508992135,0.0035746644161227786,0.0,1.1115252293577982,-0.11152522935779818
log_survival,45.0,120.0,0.9,11660,31,0.0032159993508992135,0.00357331748106251,0.0,1.1111064061823857,-0.11110640618238565
log_survival,45.0,120.0,0.95,11660,31,0.0032159993508992135,0.003380796301594945,0.0,1.0512428432703673,-0.05124284327036732
log_survival,45.0,180.0,0.1,11660,31,0.0032159993508992135,0.00016227499711101332,0.0,0.05045865356460355,0.9495413464353964
log_survival,45.0,180.0,0.2,11660,31,0.0032159993508992135,8.111944838775097e-05,0.0,0.02522371416681706,0.974776285833183
log_survival,45.0,180.0,0.4,11660,31,0.0032159993508992135,0.0008008969061899558,0.0,0.24903515791009723,0.7509648420899028
log_survival,45.0,180.0,0.6,11660,31,0.0032159993508992135,0.0013413107317968485,0.0,0.417074316704016,0.5829256832959839
log_survival,45.0,180.0,0.8,11660,31,0.0032159993508992135,0.0035746127810155513,0.0,1.1115091736620117,-0.11150917366201174
log_survival,45.0,180.0,0.9,11660,31,0.0032159993508992135,0.0035732149837907714,0.0,1.1110745351337457,-0.11107453513374566
log_survival,45.0,180.0,0.95,11660,31,0.0032159993508992135,0.0033816904729402713,0.0,1.0515208816801314,-0.05152088168013136
log_survival,45.0,300.0,0.1,11660,31,0.0032159993508992135,0.0001618210259453045,0.0,0.05031749334777021,0.9496825066522298
log_survival,45.0,300.0,0.2,11660,31,0.0032159993508992135,8.104573558214784e-05,0.0,0.02520079351368244,0.9747992064863176
log_survival,45.0,300.0,0.4,11660,31,0.0032159993508992135,0.0007987773740638274,0.0,0.24837609928014576,0.7516239007198542
log_survival,45.0,300.0,0.6,11660,31,0.0032159993508992135,0.0013414690110005376,0.0,0.41712353288425086,0.5828764671157491
log_survival,45.0,300.0,0.8,11660,31,0.0032159993508992135,0.0035746490352965474,0.0,1.1115204467616118,-0.11152044676161177
log_survival,45.0,300.0,0.9,11660,31,0.0032159993508992135,0.003573074425665164,0.0,1.111030829240096,-0.11103082924009611
log_survival,45.0,300.0,0.95,11660,31,0.0032159993508992135,0.0033840956301959646,0.0,1.0522687541120772,-0.05226875411207721
log_survival,45.0,600.0,0.1,11660,31,0.0032159993508992135,0.00016192702979212005,0.0,0.05035045474957706,0.9496495452504229
log_survival,45.0,600.0,0.2,11660,31,0.0032159993508992135,8.110937968529561e-05,0.0,0.025220583350745056,0.9747794166492549
log_survival,45.0,600.0,0.4,11660,31,0.0032159993508992135,0.0008007005361559614,0.0,0.24897409756381964,0.7510259024361804
log_survival,45.0,600.0,0.6,11660,31,0.0032159993508992135,0.00134144043004761,0.0,0.41711464577022844,0.5828853542297716
log_survival,45.0,600.0,0.8,11660,31,0.0032159993508992135,0.0035745995978229703,0.0,1.11150507440976,-0.1115050744097601
log_survival,45.0,600.0,0.9,11660,31,0.0032159993508992135,0.003573303814419865,0.0,1.111102156603591,-0.11110215660359102
log_survival,45.0,600.0,0.95,11660,31,0.0032159993508992135,0.003383921406096957,0.0,1.0522145799410039,-0.05221457994100387
log_survival,45.0,900.0,0.1,11660,31,0.0032159993508992135,0.00016224866820884845,0.0,0.050450466715263084,0.9495495332847369
log_survival,45.0,900.0,0.2,11660,31,0.0032159993508992135,8.110818356993983e-05,0.0,0.02522021142425339,0.9747797885757467
log_survival,45.0,900.0,0.4,11660,31,0.0032159993508992135,0.0008008649095170164,0.0,0.24902520869386666,0.7509747913061333
log_survival,45.0,900.0,0.6,11660,31,0.0032159993508992135,0.0013416196307554622,0.0,0.4171703673946131,0.5828296326053869
log_survival,45.0,900.0,0.8,11660,31,0.0032159993508992135,0.0035671687978386596,0.0,1.109194501808981,-0.10919450180898105
log_survival,45.0,900.0,0.9,11660,31,0.0032159993508992135,0.0035731603209834388,0.0,1.1110575379887315,-0.11105753798873153
log_survival,45.0,900.0,0.95,11660,31,0.0032159993508992135,0.00338412014557926,0.0,1.052276377056183,-0.05227637705618293
log_survival,45.0,1200.0,0.1,11660,31,0.0032159993508992135,0.0001618885029728616,0.0,0.05033847501480265,0.9496615249851974
log_survival,45.0,1200.0,0.2,11660,31,0.0032159993508992135,8.10873568838866e-05,0.0,0.02521373546335265,0.9747862645366474
log_survival,45.0,1200.0,0.4,11660,31,0.0032159993508992135,0.0008008471893828436,0.0,0.2490196987007854,0.7509803012992146
log_survival,45.0,1200.0,0.6,11660,31,0.0032159993508992135,0.001334082005703058,0.0,0.4148265780371007,0.5851734219628992
log_survival,45.0,1200.0,0.8,11660,31,0.0032159993508992135,0.003571534949362568,0.0,1.1105521362633188,-0.11055213626331883
log_survival,45.0,1200.0,0.9,11660,31,0.0032159993508992135,0.0035724196096339525,0.0,1.1108272172489966,-0.11082721724899658
log_survival,45.0,1200.0,0.95,11660,31,0.0032159993508992135,0.0033849950519032573,0.0,1.052548425097409,-0.05254842509740909
log_survival,45.0,1800.0,0.1,11660,31,0.0032159993508992135,0.00016215299872488777,0.0,0.050420718735390536,0.9495792812646094
log_survival,45.0,1800.0,0.2,11660,31,0.0032159993508992135,8.0931248904056e-05,0.0,0.025165194415050836,0.9748348055849492
log_survival,45.0,1800.0,0.4,11660,31,0.0032159993508992135,0.0008004914759637536,0.0,0.24890909127202754,0.7510909087279725
log_survival,45.0,1800.0,0.6,11660,31,0.0032159993508992135,0.0013414343842328607,0.0,0.4171127658523274,0.5828872341476725
log_survival,45.0,1800.0,0.8,11660,31,0.0032159993508992135,0.0035733750836429686,0.0,1.1111243174361434,-0.11112431743614337
log_survival,45.0,1800.0,0.9,11660,31,0.0032159993508992135,0.003573184723815768,0.0,1.111065125935639,-0.111065125935639
log_survival,45.0,1800.0,0.95,11660,31,0.0032159993508992135,0.003383783090190754,0.0,1.0521715712550213,-0.052171571255021254
log_survival,45.0,2400.0,0.1,11660,31,0.0032159993508992135,0.0,0.0,0.0,1.0
log_survival,45.0,2400.0,0.2,11660,31,0.0032159993508992135,8.109054496532151e-05,0.0,0.025214726782406872,0.9747852732175931
log_survival,45.0,2400.0,0.4,11660,31,0.0032159993508992135,0.0007997819780824137,0.0,0.2486884762146453,0.7513115237853547
log_survival,45.0,2400.0,0.6,11660,31,0.0032159993508992135,0.0013402230239181097,0.0,0.41673609901176595,0.5832639009882341
log_survival,45.0,2400.0,0.8,11660,31,0.0032159993508992135,0.0035745446689005394,0.0,1.1114879945174971,-0.11148799451749714
log_survival,45.0,2400.0,0.9,11660,31,0.0032159993508992135,0.003573120301059971,0.0,1.1110450939801666,-0.1110450939801666
log_survival,45.0,2400.0,0.95,11660,31,0.0032159993508992135,0.003384137656784795,0.0,1.0522818220838785,-0.05228182208387855
log_survival,45.0,3600.0,0.1,11305,173,0.00816450216229928,0.00016791628609882128,0.0,0.02056662889676213,0.9794333711032379
log_survival,45.0,3600.0,0.2,11305,173,0.00816450216229928,0.002536414852655158,0.0,0.3106637492690497,0.6893362507309503
log_survival,45.0,3600.0,0.4,11305,173,0.00816450216229928,0.0020967813738147177,0.0,0.2568168067242233,0.7431831932757766
log_survival,45.0,3600.0,0.6,11305,173,0.00816450216229928,0.0022338608009586773,0.0,0.27360649266208037,0.7263935073379196
log_survival,45.0,3600.0,0.8,11305,173,0.00816450216229928,0.004884769499243543,0.0,0.5982936132713201,0.40170638672867987
log_survival,45.0,3600.0,0.9,11305,173,0.00816450216229928,0.007325607811269105,0.0,0.8972510099998643,0.10274899000013571
log_survival,45.0,3600.0,0.95,11305,173,0.00816450216229928,0.006938876012354336,0.0,0.8498835415091881,0.1501164584908119
log_survival,60.0,1.0,0.1,11629,0,0.0,0.0,0.0,nan,nan
log_survival,60.0,1.0,0.2,11629,0,0.0,0.0,0.0,nan,nan
log_survival,60.0,1.0,0.4,11629,0,0.0,0.0,0.0,nan,nan
log_survival,60.0,1.0,0.6,11629,0,0.0,0.0,0.0,nan,nan
log_survival,60.0,1.0,0.8,11629,0,0.0,0.0,0.0,nan,nan
log_survival,60.0,1.0,0.9,11629,0,0.0,0.0,0.0,nan,nan
log_survival,60.0,1.0,0.95,11629,0,0.0,0.0,0.0,nan,nan
log_survival,60.0,2.0,0.1,11629,0,0.0,0.0,0.0,nan,nan
log_survival,60.0,2.0,0.2,11629,0,0.0,0.0,0.0,nan,nan
log_survival,60.0,2.0,0.4,11629,0,0.0,0.0,0.0,nan,nan
log_survival,60.0,2.0,0.6,11629,0,0.0,0.0,0.0,nan,nan
log_survival,60.0,2.0,0.8,11629,0,0.0,0.0,0.0,nan,nan
log_survival,60.0,2.0,0.9,11629,0,0.0,0.0,0.0,nan,nan
log_survival,60.0,2.0,0.95,11629,0,0.0,0.0,0.0,nan,nan
log_survival,60.0,3.0,0.1,11629,0,0.0,0.0,0.0,nan,nan
log_survival,60.0,3.0,0.2,11629,0,0.0,0.0,0.0,nan,nan
log_survival,60.0,3.0,0.4,11629,0,0.0,0.0,0.0,nan,nan
log_survival,60.0,3.0,0.6,11629,0,0.0,0.0,0.0,nan,nan
log_survival,60.0,3.0,0.8,11629,0,0.0,0.0,0.0,nan,nan
log_survival,60.0,3.0,0.9,11629,0,0.0,0.0,0.0,nan,nan
log_survival,60.0,3.0,0.95,11629,0,0.0,0.0,0.0,nan,nan
log_survival,60.0,5.0,0.1,11629,0,0.0,0.0,0.0,nan,nan
log_survival,60.0,5.0,0.2,11629,0,0.0,0.0,0.0,nan,nan
log_survival,60.0,5.0,0.4,11629,0,0.0,0.0,0.0,nan,nan
log_survival,60.0,5.0,0.6,11629,0,0.0,0.0,0.0,nan,nan
log_survival,60.0,5.0,0.8,11629,0,0.0,0.0,0.0,nan,nan
log_survival,60.0,5.0,0.9,11629,0,0.0,0.0,0.0,nan,nan
log_survival,60.0,5.0,0.95,11629,0,0.0,0.0,0.0,nan,nan
log_survival,60.0,10.0,0.1,11629,0,0.0,0.0,0.0,nan,nan
log_survival,60.0,10.0,0.2,11629,0,0.0,0.0,0.0,nan,nan
log_survival,60.0,10.0,0.4,11629,0,0.0,0.0,0.0,nan,nan
log_survival,60.0,10.0,0.6,11629,0,0.0,0.0,0.0,nan,nan
log_survival,60.0,10.0,0.8,11629,0,0.0,0.0,0.0,nan,nan
log_survival,60.0,10.0,0.9,11629,0,0.0,0.0,0.0,nan,nan
log_survival,60.0,10.0,0.95,11629,0,0.0,0.0,0.0,nan,nan
log_survival,60.0,20.0,0.1,11629,0,0.0,0.0,0.0,nan,nan
log_survival,60.0,20.0,0.2,11629,0,0.0,0.0,0.0,nan,nan
log_survival,60.0,20.0,0.4,11629,0,0.0,0.0,0.0,nan,nan
log_survival,60.0,20.0,0.6,11629,0,0.0,0.0,0.0,nan,nan
log_survival,60.0,20.0,0.8,11629,0,0.0,0.0,0.0,nan,nan
log_survival,60.0,20.0,0.9,11629,0,0.0,0.0,0.0,nan,nan
log_survival,60.0,20.0,0.95,11629,0,0.0,0.0,0.0,nan,nan
log_survival,60.0,30.0,0.1,11629,0,0.0,0.0,0.0,nan,nan
log_survival,60.0,30.0,0.2,11629,0,0.0,0.0,0.0,nan,nan
log_survival,60.0,30.0,0.4,11629,0,0.0,0.0,0.0,nan,nan
log_survival,60.0,30.0,0.6,11629,0,0.0,0.0,0.0,nan,nan
log_survival,60.0,30.0,0.8,11629,0,0.0,0.0,0.0,nan,nan
log_survival,60.0,30.0,0.9,11629,0,0.0,0.0,0.0,nan,nan
log_survival,60.0,30.0,0.95,11629,0,0.0,0.0,0.0,nan,nan
log_survival,60.0,60.0,0.1,11629,0,0.0,0.0,0.0,nan,nan
log_survival,60.0,60.0,0.2,11629,0,0.0,0.0,0.0,nan,nan
log_survival,60.0,60.0,0.4,11629,0,0.0,0.0,0.0,nan,nan
log_survival,60.0,60.0,0.6,11629,0,0.0,0.0,0.0,nan,nan
log_survival,60.0,60.0,0.8,11629,0,0.0,0.0,0.0,nan,nan
log_survival,60.0,60.0,0.9,11629,0,0.0,0.0,0.0,nan,nan
log_survival,60.0,60.0,0.95,11629,0,0.0,0.0,0.0,nan,nan
log_survival,60.0,120.0,0.1,11629,0,0.0,0.0,0.0,nan,nan
log_survival,60.0,120.0,0.2,11629,0,0.0,0.0,0.0,nan,nan
log_survival,60.0,120.0,0.4,11629,0,0.0,0.0,0.0,nan,nan
log_survival,60.0,120.0,0.6,11629,0,0.0,0.0,0.0,nan,nan
log_survival,60.0,120.0,0.8,11629,0,0.0,0.0,0.0,nan,nan
log_survival,60.0,120.0,0.9,11629,0,0.0,0.0,0.0,nan,nan
log_survival,60.0,120.0,0.95,11629,0,0.0,0.0,0.0,nan,nan
log_survival,60.0,180.0,0.1,11629,0,0.0,0.0,0.0,nan,nan
log_survival,60.0,180.0,0.2,11629,0,0.0,0.0,0.0,nan,nan
log_survival,60.0,180.0,0.4,11629,0,0.0,0.0,0.0,nan,nan
log_survival,60.0,180.0,0.6,11629,0,0.0,0.0,0.0,nan,nan
log_survival,60.0,180.0,0.8,11629,0,0.0,0.0,0.0,nan,nan
log_survival,60.0,180.0,0.9,11629,0,0.0,0.0,0.0,nan,nan
log_survival,60.0,180.0,0.95,11629,0,0.0,0.0,0.0,nan,nan
log_survival,60.0,300.0,0.1,11629,0,0.0,0.0,0.0,nan,nan
log_survival,60.0,300.0,0.2,11629,0,0.0,0.0,0.0,nan,nan
log_survival,60.0,300.0,0.4,11629,0,0.0,0.0,0.0,nan,nan
log_survival,60.0,300.0,0.6,11629,0,0.0,0.0,0.0,nan,nan
log_survival,60.0,300.0,0.8,11629,0,0.0,0.0,0.0,nan,nan
log_survival,60.0,300.0,0.9,11629,0,0.0,0.0,0.0,nan,nan
log_survival,60.0,300.0,0.95,11629,0,0.0,0.0,0.0,nan,nan
log_survival,60.0,600.0,0.1,11629,0,0.0,0.0,0.0,nan,nan
log_survival,60.0,600.0,0.2,11629,0,0.0,0.0,0.0,nan,nan
log_survival,60.0,600.0,0.4,11629,0,0.0,0.0,0.0,nan,nan
log_survival,60.0,600.0,0.6,11629,0,0.0,0.0,0.0,nan,nan
log_survival,60.0,600.0,0.8,11629,0,0.0,0.0,0.0,nan,nan
log_survival,60.0,600.0,0.9,11629,0,0.0,0.0,0.0,nan,nan
log_survival,60.0,600.0,0.95,11629,0,0.0,0.0,0.0,nan,nan
log_survival,60.0,900.0,0.1,11629,0,0.0,0.0,0.0,nan,nan
log_survival,60.0,900.0,0.2,11629,0,0.0,0.0,0.0,nan,nan
log_survival,60.0,900.0,0.4,11629,0,0.0,0.0,0.0,nan,nan
log_survival,60.0,900.0,0.6,11629,0,0.0,0.0,0.0,nan,nan
log_survival,60.0,900.0,0.8,11629,0,0.0,0.0,0.0,nan,nan
log_survival,60.0,900.0,0.9,11629,0,0.0,0.0,0.0,nan,nan
log_survival,60.0,900.0,0.95,11629,0,0.0,0.0,0.0,nan,nan
log_survival,60.0,1200.0,0.1,11629,0,0.0,0.0,0.0,nan,nan
log_survival,60.0,1200.0,0.2,11629,0,0.0,0.0,0.0,nan,nan
log_survival,60.0,1200.0,0.4,11629,0,0.0,0.0,0.0,nan,nan
log_survival,60.0,1200.0,0.6,11629,0,0.0,0.0,0.0,nan,nan
log_survival,60.0,1200.0,0.8,11629,0,0.0,0.0,0.0,nan,nan
log_survival,60.0,1200.0,0.9,11629,0,0.0,0.0,0.0,nan,nan
log_survival,60.0,1200.0,0.95,11629,0,0.0,0.0,0.0,nan,nan
log_survival,60.0,1800.0,0.1,11629,0,0.0,0.0,0.0,nan,nan
log_survival,60.0,1800.0,0.2,11629,0,0.0,0.0,0.0,nan,nan
log_survival,60.0,1800.0,0.4,11629,0,0.0,0.0,0.0,nan,nan
log_survival,60.0,1800.0,0.6,11629,0,0.0,0.0,0.0,nan,nan
log_survival,60.0,1800.0,0.8,11629,0,0.0,0.0,0.0,nan,nan
log_survival,60.0,1800.0,0.9,11629,0,0.0,0.0,0.0,nan,nan
log_survival,60.0,1800.0,0.95,11629,0,0.0,0.0,0.0,nan,nan
log_survival,60.0,2400.0,0.1,11629,0,0.0,0.0,0.0,nan,nan
log_survival,60.0,2400.0,0.2,11629,0,0.0,0.0,0.0,nan,nan
log_survival,60.0,2400.0,0.4,11629,0,0.0,0.0,0.0,nan,nan
log_survival,60.0,2400.0,0.6,11629,0,0.0,0.0,0.0,nan,nan
log_survival,60.0,2400.0,0.8,11629,0,0.0,0.0,0.0,nan,nan
log_survival,60.0,2400.0,0.9,11629,0,0.0,0.0,0.0,nan,nan
log_survival,60.0,2400.0,0.95,11629,0,0.0,0.0,0.0,nan,nan
log_survival,60.0,3600.0,0.1,11274,142,0.004852667460936014,0.0001623963800370559,0.0,0.03346538400670295,0.966534615993297
log_survival,60.0,3600.0,0.2,11274,142,0.004852667460936014,0.0025422194570308815,0.0,0.5238808299756278,0.4761191700243722
log_survival,60.0,3600.0,0.4,11274,142,0.004852667460936014,0.001271854822300705,0.0,0.26209395812491576,0.7379060418750842
log_survival,60.0,3600.0,0.6,11274,142,0.004852667460936014,0.000847771093301588,0.0,0.1747020788311063,0.8252979211688937
log_survival,60.0,3600.0,0.8,11274,142,0.004852667460936014,0.0029712609001274082,0.0,0.6122943564639586,0.3877056435360414
log_survival,60.0,3600.0,0.9,11274,142,0.004852667460936014,0.0028063117337526634,0.0,0.5783029140866297,0.4216970859133703
log_survival,60.0,3600.0,0.95,11274,142,0.004852667460936014,0.003034845910495424,0.0,0.6253974612779346,0.3746025387220654
log_survival,90.0,1.0,0.1,11629,0,0.0,0.0,0.0,nan,nan
log_survival,90.0,1.0,0.2,11629,0,0.0,0.0,0.0,nan,nan
log_survival,90.0,1.0,0.4,11629,0,0.0,0.0,0.0,nan,nan
log_survival,90.0,1.0,0.6,11629,0,0.0,0.0,0.0,nan,nan
log_survival,90.0,1.0,0.8,11629,0,0.0,0.0,0.0,nan,nan
log_survival,90.0,1.0,0.9,11629,0,0.0,0.0,0.0,nan,nan
log_survival,90.0,1.0,0.95,11629,0,0.0,0.0,0.0,nan,nan
log_survival,90.0,2.0,0.1,11629,0,0.0,0.0,0.0,nan,nan
log_survival,90.0,2.0,0.2,11629,0,0.0,0.0,0.0,nan,nan
log_survival,90.0,2.0,0.4,11629,0,0.0,0.0,0.0,nan,nan
log_survival,90.0,2.0,0.6,11629,0,0.0,0.0,0.0,nan,nan
log_survival,90.0,2.0,0.8,11629,0,0.0,0.0,0.0,nan,nan
log_survival,90.0,2.0,0.9,11629,0,0.0,0.0,0.0,nan,nan
log_survival,90.0,2.0,0.95,11629,0,0.0,0.0,0.0,nan,nan
log_survival,90.0,3.0,0.1,11629,0,0.0,0.0,0.0,nan,nan
log_survival,90.0,3.0,0.2,11629,0,0.0,0.0,0.0,nan,nan
log_survival,90.0,3.0,0.4,11629,0,0.0,0.0,0.0,nan,nan
log_survival,90.0,3.0,0.6,11629,0,0.0,0.0,0.0,nan,nan
log_survival,90.0,3.0,0.8,11629,0,0.0,0.0,0.0,nan,nan
log_survival,90.0,3.0,0.9,11629,0,0.0,0.0,0.0,nan,nan
log_survival,90.0,3.0,0.95,11629,0,0.0,0.0,0.0,nan,nan
log_survival,90.0,5.0,0.1,11629,0,0.0,0.0,0.0,nan,nan
log_survival,90.0,5.0,0.2,11629,0,0.0,0.0,0.0,nan,nan
log_survival,90.0,5.0,0.4,11629,0,0.0,0.0,0.0,nan,nan
log_survival,90.0,5.0,0.6,11629,0,0.0,0.0,0.0,nan,nan
log_survival,90.0,5.0,0.8,11629,0,0.0,0.0,0.0,nan,nan
log_survival,90.0,5.0,0.9,11629,0,0.0,0.0,0.0,nan,nan
log_survival,90.0,5.0,0.95,11629,0,0.0,0.0,0.0,nan,nan
log_survival,90.0,10.0,0.1,11629,0,0.0,0.0,0.0,nan,nan
log_survival,90.0,10.0,0.2,11629,0,0.0,0.0,0.0,nan,nan
log_survival,90.0,10.0,0.4,11629,0,0.0,0.0,0.0,nan,nan
log_survival,90.0,10.0,0.6,11629,0,0.0,0.0,0.0,nan,nan
log_survival,90.0,10.0,0.8,11629,0,0.0,0.0,0.0,nan,nan
log_survival,90.0,10.0,0.9,11629,0,0.0,0.0,0.0,nan,nan
log_survival,90.0,10.0,0.95,11629,0,0.0,0.0,0.0,nan,nan
log_survival,90.0,20.0,0.1,11629,0,0.0,0.0,0.0,nan,nan
log_survival,90.0,20.0,0.2,11629,0,0.0,0.0,0.0,nan,nan
log_survival,90.0,20.0,0.4,11629,0,0.0,0.0,0.0,nan,nan
log_survival,90.0,20.0,0.6,11629,0,0.0,0.0,0.0,nan,nan
log_survival,90.0,20.0,0.8,11629,0,0.0,0.0,0.0,nan,nan
log_survival,90.0,20.0,0.9,11629,0,0.0,0.0,0.0,nan,nan
log_survival,90.0,20.0,0.95,11629,0,0.0,0.0,0.0,nan,nan
log_survival,90.0,30.0,0.1,11629,0,0.0,0.0,0.0,nan,nan
log_survival,90.0,30.0,0.2,11629,0,0.0,0.0,0.0,nan,nan
log_survival,90.0,30.0,0.4,11629,0,0.0,0.0,0.0,nan,nan
log_survival,90.0,30.0,0.6,11629,0,0.0,0.0,0.0,nan,nan
log_survival,90.0,30.0,0.8,11629,0,0.0,0.0,0.0,nan,nan
log_survival,90.0,30.0,0.9,11629,0,0.0,0.0,0.0,nan,nan
log_survival,90.0,30.0,0.95,11629,0,0.0,0.0,0.0,nan,nan
log_survival,90.0,60.0,0.1,11629,0,0.0,0.0,0.0,nan,nan
log_survival,90.0,60.0,0.2,11629,0,0.0,0.0,0.0,nan,nan
log_survival,90.0,60.0,0.4,11629,0,0.0,0.0,0.0,nan,nan
log_survival,90.0,60.0,0.6,11629,0,0.0,0.0,0.0,nan,nan
log_survival,90.0,60.0,0.8,11629,0,0.0,0.0,0.0,nan,nan
log_survival,90.0,60.0,0.9,11629,0,0.0,0.0,0.0,nan,nan
log_survival,90.0,60.0,0.95,11629,0,0.0,0.0,0.0,nan,nan
log_survival,90.0,120.0,0.1,11629,0,0.0,0.0,0.0,nan,nan
log_survival,90.0,120.0,0.2,11629,0,0.0,0.0,0.0,nan,nan
log_survival,90.0,120.0,0.4,11629,0,0.0,0.0,0.0,nan,nan
log_survival,90.0,120.0,0.6,11629,0,0.0,0.0,0.0,nan,nan
log_survival,90.0,120.0,0.8,11629,0,0.0,0.0,0.0,nan,nan
log_survival,90.0,120.0,0.9,11629,0,0.0,0.0,0.0,nan,nan
log_survival,90.0,120.0,0.95,11629,0,0.0,0.0,0.0,nan,nan
log_survival,90.0,180.0,0.1,11629,0,0.0,0.0,0.0,nan,nan
log_survival,90.0,180.0,0.2,11629,0,0.0,0.0,0.0,nan,nan
log_survival,90.0,180.0,0.4,11629,0,0.0,0.0,0.0,nan,nan
log_survival,90.0,180.0,0.6,11629,0,0.0,0.0,0.0,nan,nan
log_survival,90.0,180.0,0.8,11629,0,0.0,0.0,0.0,nan,nan
log_survival,90.0,180.0,0.9,11629,0,0.0,0.0,0.0,nan,nan
log_survival,90.0,180.0,0.95,11629,0,0.0,0.0,0.0,nan,nan
log_survival,90.0,300.0,0.1,11629,0,0.0,0.0,0.0,nan,nan
log_survival,90.0,300.0,0.2,11629,0,0.0,0.0,0.0,nan,nan
log_survival,90.0,300.0,0.4,11629,0,0.0,0.0,0.0,nan,nan
log_survival,90.0,300.0,0.6,11629,0,0.0,0.0,0.0,nan,nan
log_survival,90.0,300.0,0.8,11629,0,0.0,0.0,0.0,nan,nan
log_survival,90.0,300.0,0.9,11629,0,0.0,0.0,0.0,nan,nan
log_survival,90.0,300.0,0.95,11629,0,0.0,0.0,0.0,nan,nan
log_survival,90.0,600.0,0.1,11629,0,0.0,0.0,0.0,nan,nan
log_survival,90.0,600.0,0.2,11629,0,0.0,0.0,0.0,nan,nan
log_survival,90.0,600.0,0.4,11629,0,0.0,0.0,0.0,nan,nan
log_survival,90.0,600.0,0.6,11629,0,0.0,0.0,0.0,nan,nan
log_survival,90.0,600.0,0.8,11629,0,0.0,0.0,0.0,nan,nan
log_survival,90.0,600.0,0.9,11629,0,0.0,0.0,0.0,nan,nan
log_survival,90.0,600.0,0.95,11629,0,0.0,0.0,0.0,nan,nan
log_survival,90.0,900.0,0.1,11629,0,0.0,0.0,0.0,nan,nan
log_survival,90.0,900.0,0.2,11629,0,0.0,0.0,0.0,nan,nan
log_survival,90.0,900.0,0.4,11629,0,0.0,0.0,0.0,nan,nan
log_survival,90.0,900.0,0.6,11629,0,0.0,0.0,0.0,nan,nan
log_survival,90.0,900.0,0.8,11629,0,0.0,0.0,0.0,nan,nan
log_survival,90.0,900.0,0.9,11629,0,0.0,0.0,0.0,nan,nan
log_survival,90.0,900.0,0.95,11629,0,0.0,0.0,0.0,nan,nan
log_survival,90.0,1200.0,0.1,11629,0,0.0,0.0,0.0,nan,nan
log_survival,90.0,1200.0,0.2,11629,0,0.0,0.0,0.0,nan,nan
log_survival,90.0,1200.0,0.4,11629,0,0.0,0.0,0.0,nan,nan
log_survival,90.0,1200.0,0.6,11629,0,0.0,0.0,0.0,nan,nan
log_survival,90.0,1200.0,0.8,11629,0,0.0,0.0,0.0,nan,nan
log_survival,90.0,1200.0,0.9,11629,0,0.0,0.0,0.0,nan,nan
log_survival,90.0,1200.0,0.95,11629,0,0.0,0.0,0.0,nan,nan
log_survival,90.0,1800.0,0.1,11629,0,0.0,0.0,0.0,nan,nan
log_survival,90.0,1800.0,0.2,11629,0,0.0,0.0,0.0,nan,nan
log_survival,90.0,1800.0,0.4,11629,0,0.0,0.0,0.0,nan,nan
log_survival,90.0,1800.0,0.6,11629,0,0.0,0.0,0.0,nan,nan
log_survival,90.0,1800.0,0.8,11629,0,0.0,0.0,0.0,nan,nan
log_survival,90.0,1800.0,0.9,11629,0,0.0,0.0,0.0,nan,nan
log_survival,90.0,1800.0,0.95,11629,0,0.0,0.0,0.0,nan,nan
log_survival,90.0,2400.0,0.1,11629,0,0.0,0.0,0.0,nan,nan
log_survival,90.0,2400.0,0.2,11629,0,0.0,0.0,0.0,nan,nan
log_survival,90.0,2400.0,0.4,11629,0,0.0,0.0,0.0,nan,nan
log_survival,90.0,2400.0,0.6,11629,0,0.0,0.0,0.0,nan,nan
log_survival,90.0,2400.0,0.8,11629,0,0.0,0.0,0.0,nan,nan
log_survival,90.0,2400.0,0.9,11629,0,0.0,0.0,0.0,nan,nan
log_survival,90.0,2400.0,0.95,11629,0,0.0,0.0,0.0,nan,nan
log_survival,90.0,3600.0,0.1,11274,142,0.004852667460936014,0.00016358417893134916,0.0,0.033710156372387404,0.9662898436276126
log_survival,90.0,3600.0,0.2,11274,142,0.004852667460936014,0.002545087878285065,0.0,0.5244719319370283,0.47552806806297165
log_survival,90.0,3600.0,0.4,11274,142,0.004852667460936014,0.0012721380084724137,0.0,0.26215231493052593,0.7378476850694741
log_survival,90.0,3600.0,0.6,11274,142,0.004852667460936014,0.0008477844297629307,0.0,0.17470482710542143,0.8252951728945785
log_survival,90.0,3600.0,0.8,11274,142,0.004852667460936014,0.002970282818004788,0.0,0.6120928009008597,0.3879071990991403
log_survival,90.0,3600.0,0.9,11274,142,0.004852667460936014,0.0028063308373042885,0.0,0.5783068507980939,0.42169314920190615
log_survival,90.0,3600.0,0.95,11274,142,0.004852667460936014,0.0030348972880475996,0.0,0.6254080487646291,0.3745919512353709
log_survival,120.0,1.0,0.1,11629,0,0.0,0.0,0.0,nan,nan
log_survival,120.0,1.0,0.2,11629,0,0.0,0.0,0.0,nan,nan
log_survival,120.0,1.0,0.4,11629,0,0.0,0.0,0.0,nan,nan
log_survival,120.0,1.0,0.6,11629,0,0.0,0.0,0.0,nan,nan
log_survival,120.0,1.0,0.8,11629,0,0.0,0.0,0.0,nan,nan
log_survival,120.0,1.0,0.9,11629,0,0.0,0.0,0.0,nan,nan
log_survival,120.0,1.0,0.95,11629,0,0.0,0.0,0.0,nan,nan
log_survival,120.0,2.0,0.1,11629,0,0.0,0.0,0.0,nan,nan
log_survival,120.0,2.0,0.2,11629,0,0.0,0.0,0.0,nan,nan
log_survival,120.0,2.0,0.4,11629,0,0.0,0.0,0.0,nan,nan
log_survival,120.0,2.0,0.6,11629,0,0.0,0.0,0.0,nan,nan
log_survival,120.0,2.0,0.8,11629,0,0.0,0.0,0.0,nan,nan
log_survival,120.0,2.0,0.9,11629,0,0.0,0.0,0.0,nan,nan
log_survival,120.0,2.0,0.95,11629,0,0.0,0.0,0.0,nan,nan
log_survival,120.0,3.0,0.1,11629,0,0.0,0.0,0.0,nan,nan
log_survival,120.0,3.0,0.2,11629,0,0.0,0.0,0.0,nan,nan
log_survival,120.0,3.0,0.4,11629,0,0.0,0.0,0.0,nan,nan
log_survival,120.0,3.0,0.6,11629,0,0.0,0.0,0.0,nan,nan
log_survival,120.0,3.0,0.8,11629,0,0.0,0.0,0.0,nan,nan
log_survival,120.0,3.0,0.9,11629,0,0.0,0.0,0.0,nan,nan
log_survival,120.0,3.0,0.95,11629,0,0.0,0.0,0.0,nan,nan
log_survival,120.0,5.0,0.1,11629,0,0.0,0.0,0.0,nan,nan
log_survival,120.0,5.0,0.2,11629,0,0.0,0.0,0.0,nan,nan
log_survival,120.0,5.0,0.4,11629,0,0.0,0.0,0.0,nan,nan
log_survival,120.0,5.0,0.6,11629,0,0.0,0.0,0.0,nan,nan
log_survival,120.0,5.0,0.8,11629,0,0.0,0.0,0.0,nan,nan
log_survival,120.0,5.0,0.9,11629,0,0.0,0.0,0.0,nan,nan
log_survival,120.0,5.0,0.95,11629,0,0.0,0.0,0.0,nan,nan
log_survival,120.0,10.0,0.1,11629,0,0.0,0.0,0.0,nan,nan
log_survival,120.0,10.0,0.2,11629,0,0.0,0.0,0.0,nan,nan
log_survival,120.0,10.0,0.4,11629,0,0.0,0.0,0.0,nan,nan
log_survival,120.0,10.0,0.6,11629,0,0.0,0.0,0.0,nan,nan
log_survival,120.0,10.0,0.8,11629,0,0.0,0.0,0.0,nan,nan
log_survival,120.0,10.0,0.9,11629,0,0.0,0.0,0.0,nan,nan
log_survival,120.0,10.0,0.95,11629,0,0.0,0.0,0.0,nan,nan
log_survival,120.0,20.0,0.1,11629,0,0.0,0.0,0.0,nan,nan
log_survival,120.0,20.0,0.2,11629,0,0.0,0.0,0.0,nan,nan
log_survival,120.0,20.0,0.4,11629,0,0.0,0.0,0.0,nan,nan
log_survival,120.0,20.0,0.6,11629,0,0.0,0.0,0.0,nan,nan
log_survival,120.0,20.0,0.8,11629,0,0.0,0.0,0.0,nan,nan
log_survival,120.0,20.0,0.9,11629,0,0.0,0.0,0.0,nan,nan
log_survival,120.0,20.0,0.95,11629,0,0.0,0.0,0.0,nan,nan
log_survival,120.0,30.0,0.1,11629,0,0.0,0.0,0.0,nan,nan
log_survival,120.0,30.0,0.2,11629,0,0.0,0.0,0.0,nan,nan
log_survival,120.0,30.0,0.4,11629,0,0.0,0.0,0.0,nan,nan
log_survival,120.0,30.0,0.6,11629,0,0.0,0.0,0.0,nan,nan
log_survival,120.0,30.0,0.8,11629,0,0.0,0.0,0.0,nan,nan
log_survival,120.0,30.0,0.9,11629,0,0.0,0.0,0.0,nan,nan
log_survival,120.0,30.0,0.95,11629,0,0.0,0.0,0.0,nan,nan
log_survival,120.0,60.0,0.1,11629,0,0.0,0.0,0.0,nan,nan
log_survival,120.0,60.0,0.2,11629,0,0.0,0.0,0.0,nan,nan
log_survival,120.0,60.0,0.4,11629,0,0.0,0.0,0.0,nan,nan
log_survival,120.0,60.0,0.6,11629,0,0.0,0.0,0.0,nan,nan
log_survival,120.0,60.0,0.8,11629,0,0.0,0.0,0.0,nan,nan
log_survival,120.0,60.0,0.9,11629,0,0.0,0.0,0.0,nan,nan
log_survival,120.0,60.0,0.95,11629,0,0.0,0.0,0.0,nan,nan
log_survival,120.0,120.0,0.1,11629,0,0.0,0.0,0.0,nan,nan
log_survival,120.0,120.0,0.2,11629,0,0.0,0.0,0.0,nan,nan
log_survival,120.0,120.0,0.4,11629,0,0.0,0.0,0.0,nan,nan
log_survival,120.0,120.0,0.6,11629,0,0.0,0.0,0.0,nan,nan
log_survival,120.0,120.0,0.8,11629,0,0.0,0.0,0.0,nan,nan
log_survival,120.0,120.0,0.9,11629,0,0.0,0.0,0.0,nan,nan
log_survival,120.0,120.0,0.95,11629,0,0.0,0.0,0.0,nan,nan
log_survival,120.0,180.0,0.1,11629,0,0.0,0.0,0.0,nan,nan
log_survival,120.0,180.0,0.2,11629,0,0.0,0.0,0.0,nan,nan
log_survival,120.0,180.0,0.4,11629,0,0.0,0.0,0.0,nan,nan
log_survival,120.0,180.0,0.6,11629,0,0.0,0.0,0.0,nan,nan
log_survival,120.0,180.0,0.8,11629,0,0.0,0.0,0.0,nan,nan
log_survival,120.0,180.0,0.9,11629,0,0.0,0.0,0.0,nan,nan
log_survival,120.0,180.0,0.95,11629,0,0.0,0.0,0.0,nan,nan
log_survival,120.0,300.0,0.1,11629,0,0.0,0.0,0.0,nan,nan
log_survival,120.0,300.0,0.2,11629,0,0.0,0.0,0.0,nan,nan
log_survival,120.0,300.0,0.4,11629,0,0.0,0.0,0.0,nan,nan
log_survival,120.0,300.0,0.6,11629,0,0.0,0.0,0.0,nan,nan
log_survival,120.0,300.0,0.8,11629,0,0.0,0.0,0.0,nan,nan
log_survival,120.0,300.0,0.9,11629,0,0.0,0.0,0.0,nan,nan
log_survival,120.0,300.0,0.95,11629,0,0.0,0.0,0.0,nan,nan
log_survival,120.0,600.0,0.1,11629,0,0.0,0.0,0.0,nan,nan
log_survival,120.0,600.0,0.2,11629,0,0.0,0.0,0.0,nan,nan
log_survival,120.0,600.0,0.4,11629,0,0.0,0.0,0.0,nan,nan
log_survival,120.0,600.0,0.6,11629,0,0.0,0.0,0.0,nan,nan
log_survival,120.0,600.0,0.8,11629,0,0.0,0.0,0.0,nan,nan
log_survival,120.0,600.0,0.9,11629,0,0.0,0.0,0.0,nan,nan
log_survival,120.0,600.0,0.95,11629,0,0.0,0.0,0.0,nan,nan
log_survival,120.0,900.0,0.1,11629,0,0.0,0.0,0.0,nan,nan
log_survival,120.0,900.0,0.2,11629,0,0.0,0.0,0.0,nan,nan
log_survival,120.0,900.0,0.4,11629,0,0.0,0.0,0.0,nan,nan
log_survival,120.0,900.0,0.6,11629,0,0.0,0.0,0.0,nan,nan
log_survival,120.0,900.0,0.8,11629,0,0.0,0.0,0.0,nan,nan
log_survival,120.0,900.0,0.9,11629,0,0.0,0.0,0.0,nan,nan
log_survival,120.0,900.0,0.95,11629,0,0.0,0.0,0.0,nan,nan
log_survival,120.0,1200.0,0.1,11629,0,0.0,0.0,0.0,nan,nan
log_survival,120.0,1200.0,0.2,11629,0,0.0,0.0,0.0,nan,nan
log_survival,120.0,1200.0,0.4,11629,0,0.0,0.0,0.0,nan,nan
log_survival,120.0,1200.0,0.6,11629,0,0.0,0.0,0.0,nan,nan
log_survival,120.0,1200.0,0.8,11629,0,0.0,0.0,0.0,nan,nan
log_survival,120.0,1200.0,0.9,11629,0,0.0,0.0,0.0,nan,nan
log_survival,120.0,1200.0,0.95,11629,0,0.0,0.0,0.0,nan,nan
log_survival,120.0,1800.0,0.1,11629,0,0.0,0.0,0.0,nan,nan
log_survival,120.0,1800.0,0.2,11629,0,0.0,0.0,0.0,nan,nan
log_survival,120.0,1800.0,0.4,11629,0,0.0,0.0,0.0,nan,nan
log_survival,120.0,1800.0,0.6,11629,0,0.0,0.0,0.0,nan,nan
log_survival,120.0,1800.0,0.8,11629,0,0.0,0.0,0.0,nan,nan
log_survival,120.0,1800.0,0.9,11629,0,0.0,0.0,0.0,nan,nan
log_survival,120.0,1800.0,0.95,11629,0,0.0,0.0,0.0,nan,nan
log_survival,120.0,2400.0,0.1,11629,0,0.0,0.0,0.0,nan,nan
log_survival,120.0,2400.0,0.2,11629,0,0.0,0.0,0.0,nan,nan
log_survival,120.0,2400.0,0.4,11629,0,0.0,0.0,0.0,nan,nan
log_survival,120.0,2400.0,0.6,11629,0,0.0,0.0,0.0,nan,nan
log_survival,120.0,2400.0,0.8,11629,0,0.0,0.0,0.0,nan,nan
log_survival,120.0,2400.0,0.9,11629,0,0.0,0.0,0.0,nan,nan
log_survival,120.0,2400.0,0.95,11629,0,0.0,0.0,0.0,nan,nan
log_survival,120.0,3600.0,0.1,11274,142,0.004852667460936014,0.0001634970533371978,0.0,0.033692202207002545,0.9663077977929975
log_survival,120.0,3600.0,0.2,11274,142,0.004852667460936014,0.0025182236546320664,0.0,0.5189359614899998,0.48106403851000024
log_survival,120.0,3600.0,0.4,11274,142,0.004852667460936014,0.0012683211663975036,0.0,0.2613657697766213,0.7386342302233787
log_survival,120.0,3600.0,0.6,11274,142,0.004852667460936014,0.0008479419759344372,0.0,0.17473729299614538,0.8252627070038546
log_survival,120.0,3600.0,0.8,11274,142,0.004852667460936014,0.002971463800123109,0.0,0.6123361685183253,0.3876638314816747
log_survival,120.0,3600.0,0.9,11274,142,0.004852667460936014,0.0028062504449469765,0.0,0.5782902841658325,0.4217097158341675
log_survival,120.0,3600.0,0.95,11274,142,0.004852667460936014,0.002971741053339796,0.0,0.61239330270667,0.38760669729332997
log_survival,180.0,1.0,0.1,11629,0,0.0,0.0,0.0,nan,nan
log_survival,180.0,1.0,0.2,11629,0,0.0,0.0,0.0,nan,nan
log_survival,180.0,1.0,0.4,11629,0,0.0,0.0,0.0,nan,nan
log_survival,180.0,1.0,0.6,11629,0,0.0,0.0,0.0,nan,nan
log_survival,180.0,1.0,0.8,11629,0,0.0,0.0,0.0,nan,nan
log_survival,180.0,1.0,0.9,11629,0,0.0,0.0,0.0,nan,nan
log_survival,180.0,1.0,0.95,11629,0,0.0,0.0,0.0,nan,nan
log_survival,180.0,2.0,0.1,11629,0,0.0,0.0,0.0,nan,nan
log_survival,180.0,2.0,0.2,11629,0,0.0,0.0,0.0,nan,nan
log_survival,180.0,2.0,0.4,11629,0,0.0,0.0,0.0,nan,nan
log_survival,180.0,2.0,0.6,11629,0,0.0,0.0,0.0,nan,nan
log_survival,180.0,2.0,0.8,11629,0,0.0,0.0,0.0,nan,nan
log_survival,180.0,2.0,0.9,11629,0,0.0,0.0,0.0,nan,nan
log_survival,180.0,2.0,0.95,11629,0,0.0,0.0,0.0,nan,nan
log_survival,180.0,3.0,0.1,11629,0,0.0,0.0,0.0,nan,nan
log_survival,180.0,3.0,0.2,11629,0,0.0,0.0,0.0,nan,nan
log_survival,180.0,3.0,0.4,11629,0,0.0,0.0,0.0,nan,nan
log_survival,180.0,3.0,0.6,11629,0,0.0,0.0,0.0,nan,nan
log_survival,180.0,3.0,0.8,11629,0,0.0,0.0,0.0,nan,nan
log_survival,180.0,3.0,0.9,11629,0,0.0,0.0,0.0,nan,nan
log_survival,180.0,3.0,0.95,11629,0,0.0,0.0,0.0,nan,nan
log_survival,180.0,5.0,0.1,11629,0,0.0,0.0,0.0,nan,nan
log_survival,180.0,5.0,0.2,11629,0,0.0,0.0,0.0,nan,nan
log_survival,180.0,5.0,0.4,11629,0,0.0,0.0,0.0,nan,nan
log_survival,180.0,5.0,0.6,11629,0,0.0,0.0,0.0,nan,nan
log_survival,180.0,5.0,0.8,11629,0,0.0,0.0,0.0,nan,nan
log_survival,180.0,5.0,0.9,11629,0,0.0,0.0,0.0,nan,nan
log_survival,180.0,5.0,0.95,11629,0,0.0,0.0,0.0,nan,nan
log_survival,180.0,10.0,0.1,11629,0,0.0,0.0,0.0,nan,nan
log_survival,180.0,10.0,0.2,11629,0,0.0,0.0,0.0,nan,nan
log_survival,180.0,10.0,0.4,11629,0,0.0,0.0,0.0,nan,nan
log_survival,180.0,10.0,0.6,11629,0,0.0,0.0,0.0,nan,nan
log_survival,180.0,10.0,0.8,11629,0,0.0,0.0,0.0,nan,nan
log_survival,180.0,10.0,0.9,11629,0,0.0,0.0,0.0,nan,nan
log_survival,180.0,10.0,0.95,11629,0,0.0,0.0,0.0,nan,nan
log_survival,180.0,20.0,0.1,11629,0,0.0,0.0,0.0,nan,nan
log_survival,180.0,20.0,0.2,11629,0,0.0,0.0,0.0,nan,nan
log_survival,180.0,20.0,0.4,11629,0,0.0,0.0,0.0,nan,nan
log_survival,180.0,20.0,0.6,11629,0,0.0,0.0,0.0,nan,nan
log_survival,180.0,20.0,0.8,11629,0,0.0,0.0,0.0,nan,nan
log_survival,180.0,20.0,0.9,11629,0,0.0,0.0,0.0,nan,nan
log_survival,180.0,20.0,0.95,11629,0,0.0,0.0,0.0,nan,nan
log_survival,180.0,30.0,0.1,11629,0,0.0,0.0,0.0,nan,nan
log_survival,180.0,30.0,0.2,11629,0,0.0,0.0,0.0,nan,nan
log_survival,180.0,30.0,0.4,11629,0,0.0,0.0,0.0,nan,nan
log_survival,180.0,30.0,0.6,11629,0,0.0,0.0,0.0,nan,nan
log_survival,180.0,30.0,0.8,11629,0,0.0,0.0,0.0,nan,nan
log_survival,180.0,30.0,0.9,11629,0,0.0,0.0,0.0,nan,nan
log_survival,180.0,30.0,0.95,11629,0,0.0,0.0,0.0,nan,nan
log_survival,180.0,60.0,0.1,11629,0,0.0,0.0,0.0,nan,nan
log_survival,180.0,60.0,0.2,11629,0,0.0,0.0,0.0,nan,nan
log_survival,180.0,60.0,0.4,11629,0,0.0,0.0,0.0,nan,nan
log_survival,180.0,60.0,0.6,11629,0,0.0,0.0,0.0,nan,nan
log_survival,180.0,60.0,0.8,11629,0,0.0,0.0,0.0,nan,nan
log_survival,180.0,60.0,0.9,11629,0,0.0,0.0,0.0,nan,nan
log_survival,180.0,60.0,0.95,11629,0,0.0,0.0,0.0,nan,nan
log_survival,180.0,120.0,0.1,11629,0,0.0,0.0,0.0,nan,nan
log_survival,180.0,120.0,0.2,11629,0,0.0,0.0,0.0,nan,nan
log_survival,180.0,120.0,0.4,11629,0,0.0,0.0,0.0,nan,nan
log_survival,180.0,120.0,0.6,11629,0,0.0,0.0,0.0,nan,nan
log_survival,180.0,120.0,0.8,11629,0,0.0,0.0,0.0,nan,nan
log_survival,180.0,120.0,0.9,11629,0,0.0,0.0,0.0,nan,nan
log_survival,180.0,120.0,0.95,11629,0,0.0,0.0,0.0,nan,nan
log_survival,180.0,180.0,0.1,11629,0,0.0,0.0,0.0,nan,nan
log_survival,180.0,180.0,0.2,11629,0,0.0,0.0,0.0,nan,nan
log_survival,180.0,180.0,0.4,11629,0,0.0,0.0,0.0,nan,nan
log_survival,180.0,180.0,0.6,11629,0,0.0,0.0,0.0,nan,nan
log_survival,180.0,180.0,0.8,11629,0,0.0,0.0,0.0,nan,nan
log_survival,180.0,180.0,0.9,11629,0,0.0,0.0,0.0,nan,nan
log_survival,180.0,180.0,0.95,11629,0,0.0,0.0,0.0,nan,nan
log_survival,180.0,300.0,0.1,11629,0,0.0,0.0,0.0,nan,nan
log_survival,180.0,300.0,0.2,11629,0,0.0,0.0,0.0,nan,nan
log_survival,180.0,300.0,0.4,11629,0,0.0,0.0,0.0,nan,nan
log_survival,180.0,300.0,0.6,11629,0,0.0,0.0,0.0,nan,nan
log_survival,180.0,300.0,0.8,11629,0,0.0,0.0,0.0,nan,nan
log_survival,180.0,300.0,0.9,11629,0,0.0,0.0,0.0,nan,nan
log_survival,180.0,300.0,0.95,11629,0,0.0,0.0,0.0,nan,nan
log_survival,180.0,600.0,0.1,11629,0,0.0,0.0,0.0,nan,nan
log_survival,180.0,600.0,0.2,11629,0,0.0,0.0,0.0,nan,nan
log_survival,180.0,600.0,0.4,11629,0,0.0,0.0,0.0,nan,nan
log_survival,180.0,600.0,0.6,11629,0,0.0,0.0,0.0,nan,nan
log_survival,180.0,600.0,0.8,11629,0,0.0,0.0,0.0,nan,nan
log_survival,180.0,600.0,0.9,11629,0,0.0,0.0,0.0,nan,nan
log_survival,180.0,600.0,0.95,11629,0,0.0,0.0,0.0,nan,nan
log_survival,180.0,900.0,0.1,11629,0,0.0,0.0,0.0,nan,nan
log_survival,180.0,900.0,0.2,11629,0,0.0,0.0,0.0,nan,nan
log_survival,180.0,900.0,0.4,11629,0,0.0,0.0,0.0,nan,nan
log_survival,180.0,900.0,0.6,11629,0,0.0,0.0,0.0,nan,nan
log_survival,180.0,900.0,0.8,11629,0,0.0,0.0,0.0,nan,nan
log_survival,180.0,900.0,0.9,11629,0,0.0,0.0,0.0,nan,nan
log_survival,180.0,900.0,0.95,11629,0,0.0,0.0,0.0,nan,nan
log_survival,180.0,1200.0,0.1,11629,0,0.0,0.0,0.0,nan,nan
log_survival,180.0,1200.0,0.2,11629,0,0.0,0.0,0.0,nan,nan
log_survival,180.0,1200.0,0.4,11629,0,0.0,0.0,0.0,nan,nan
log_survival,180.0,1200.0,0.6,11629,0,0.0,0.0,0.0,nan,nan
log_survival,180.0,1200.0,0.8,11629,0,0.0,0.0,0.0,nan,nan
log_survival,180.0,1200.0,0.9,11629,0,0.0,0.0,0.0,nan,nan
log_survival,180.0,1200.0,0.95,11629,0,0.0,0.0,0.0,nan,nan
log_survival,180.0,1800.0,0.1,11629,0,0.0,0.0,0.0,nan,nan
log_survival,180.0,1800.0,0.2,11629,0,0.0,0.0,0.0,nan,nan
log_survival,180.0,1800.0,0.4,11629,0,0.0,0.0,0.0,nan,nan
log_survival,180.0,1800.0,0.6,11629,0,0.0,0.0,0.0,nan,nan
log_survival,180.0,1800.0,0.8,11629,0,0.0,0.0,0.0,nan,nan
log_survival,180.0,1800.0,0.9,11629,0,0.0,0.0,0.0,nan,nan
log_survival,180.0,1800.0,0.95,11629,0,0.0,0.0,0.0,nan,nan
log_survival,180.0,2400.0,0.1,11629,0,0.0,0.0,0.0,nan,nan
log_survival,180.0,2400.0,0.2,11629,0,0.0,0.0,0.0,nan,nan
log_survival,180.0,2400.0,0.4,11629,0,0.0,0.0,0.0,nan,nan
log_survival,180.0,2400.0,0.6,11629,0,0.0,0.0,0.0,nan,nan
log_survival,180.0,2400.0,0.8,11629,0,0.0,0.0,0.0,nan,nan
log_survival,180.0,2400.0,0.9,11629,0,0.0,0.0,0.0,nan,nan
log_survival,180.0,2400.0,0.95,11629,0,0.0,0.0,0.0,nan,nan
log_survival,180.0,3600.0,0.1,11274,142,0.004852667460936014,0.00016428331404248964,0.0,0.03385422870307326,0.9661457712969267
log_survival,180.0,3600.0,0.2,11274,142,0.004852667460936014,0.0025447923007908767,0.0,0.5244110216239751,0.4755889783760249
log_survival,180.0,3600.0,0.4,11274,142,0.004852667460936014,0.0012718621235122275,0.0,0.2620954627018482,0.7379045372981519
log_survival,180.0,3600.0,0.6,11274,142,0.004852667460936014,0.0008477894761009677,0.0,0.17470586701554872,0.8252941329844513
log_survival,180.0,3600.0,0.8,11274,142,0.004852667460936014,0.002971438199063384,0.0,0.6123308928508845,0.3876691071491155
log_survival,180.0,3600.0,0.9,11274,142,0.004852667460936014,0.0028061971179045245,0.0,0.5782792949433314,0.4217207050566686
log_survival,180.0,3600.0,0.95,11274,142,0.004852667460936014,0.002959901198686089,0.0,0.6099534374678054,0.3900465625321946
log_survival,300.0,1.0,0.1,11629,0,0.0,0.0,0.0,nan,nan
log_survival,300.0,1.0,0.2,11629,0,0.0,0.0,0.0,nan,nan
log_survival,300.0,1.0,0.4,11629,0,0.0,0.0,0.0,nan,nan
log_survival,300.0,1.0,0.6,11629,0,0.0,0.0,0.0,nan,nan
log_survival,300.0,1.0,0.8,11629,0,0.0,0.0,0.0,nan,nan
log_survival,300.0,1.0,0.9,11629,0,0.0,0.0,0.0,nan,nan
log_survival,300.0,1.0,0.95,11629,0,0.0,0.0,0.0,nan,nan
log_survival,300.0,2.0,0.1,11629,0,0.0,0.0,0.0,nan,nan
log_survival,300.0,2.0,0.2,11629,0,0.0,0.0,0.0,nan,nan
log_survival,300.0,2.0,0.4,11629,0,0.0,0.0,0.0,nan,nan
log_survival,300.0,2.0,0.6,11629,0,0.0,0.0,0.0,nan,nan
log_survival,300.0,2.0,0.8,11629,0,0.0,0.0,0.0,nan,nan
log_survival,300.0,2.0,0.9,11629,0,0.0,0.0,0.0,nan,nan
log_survival,300.0,2.0,0.95,11629,0,0.0,0.0,0.0,nan,nan
log_survival,300.0,3.0,0.1,11629,0,0.0,0.0,0.0,nan,nan
log_survival,300.0,3.0,0.2,11629,0,0.0,0.0,0.0,nan,nan
log_survival,300.0,3.0,0.4,11629,0,0.0,0.0,0.0,nan,nan
log_survival,300.0,3.0,0.6,11629,0,0.0,0.0,0.0,nan,nan
log_survival,300.0,3.0,0.8,11629,0,0.0,0.0,0.0,nan,nan
log_survival,300.0,3.0,0.9,11629,0,0.0,0.0,0.0,nan,nan
log_survival,300.0,3.0,0.95,11629,0,0.0,0.0,0.0,nan,nan
log_survival,300.0,5.0,0.1,11629,0,0.0,0.0,0.0,nan,nan
log_survival,300.0,5.0,0.2,11629,0,0.0,0.0,0.0,nan,nan
log_survival,300.0,5.0,0.4,11629,0,0.0,0.0,0.0,nan,nan
log_survival,300.0,5.0,0.6,11629,0,0.0,0.0,0.0,nan,nan
log_survival,300.0,5.0,0.8,11629,0,0.0,0.0,0.0,nan,nan
log_survival,300.0,5.0,0.9,11629,0,0.0,0.0,0.0,nan,nan
log_survival,300.0,5.0,0.95,11629,0,0.0,0.0,0.0,nan,nan
log_survival,300.0,10.0,0.1,11629,0,0.0,0.0,0.0,nan,nan
log_survival,300.0,10.0,0.2,11629,0,0.0,0.0,0.0,nan,nan
log_survival,300.0,10.0,0.4,11629,0,0.0,0.0,0.0,nan,nan
log_survival,300.0,10.0,0.6,11629,0,0.0,0.0,0.0,nan,nan
log_survival,300.0,10.0,0.8,11629,0,0.0,0.0,0.0,nan,nan
log_survival,300.0,10.0,0.9,11629,0,0.0,0.0,0.0,nan,nan
log_survival,300.0,10.0,0.95,11629,0,0.0,0.0,0.0,nan,nan
log_survival,300.0,20.0,0.1,11629,0,0.0,0.0,0.0,nan,nan
log_survival,300.0,20.0,0.2,11629,0,0.0,0.0,0.0,nan,nan
log_survival,300.0,20.0,0.4,11629,0,0.0,0.0,0.0,nan,nan
log_survival,300.0,20.0,0.6,11629,0,0.0,0.0,0.0,nan,nan
log_survival,300.0,20.0,0.8,11629,0,0.0,0.0,0.0,nan,nan
log_survival,300.0,20.0,0.9,11629,0,0.0,0.0,0.0,nan,nan
log_survival,300.0,20.0,0.95,11629,0,0.0,0.0,0.0,nan,nan
log_survival,300.0,30.0,0.1,11629,0,0.0,0.0,0.0,nan,nan
log_survival,300.0,30.0,0.2,11629,0,0.0,0.0,0.0,nan,nan
log_survival,300.0,30.0,0.4,11629,0,0.0,0.0,0.0,nan,nan
log_survival,300.0,30.0,0.6,11629,0,0.0,0.0,0.0,nan,nan
log_survival,300.0,30.0,0.8,11629,0,0.0,0.0,0.0,nan,nan
log_survival,300.0,30.0,0.9,11629,0,0.0,0.0,0.0,nan,nan
log_survival,300.0,30.0,0.95,11629,0,0.0,0.0,0.0,nan,nan
log_survival,300.0,60.0,0.1,11629,0,0.0,0.0,0.0,nan,nan
log_survival,300.0,60.0,0.2,11629,0,0.0,0.0,0.0,nan,nan
log_survival,300.0,60.0,0.4,11629,0,0.0,0.0,0.0,nan,nan
log_survival,300.0,60.0,0.6,11629,0,0.0,0.0,0.0,nan,nan
log_survival,300.0,60.0,0.8,11629,0,0.0,0.0,0.0,nan,nan
log_survival,300.0,60.0,0.9,11629,0,0.0,0.0,0.0,nan,nan
log_survival,300.0,60.0,0.95,11629,0,0.0,0.0,0.0,nan,nan
log_survival,300.0,120.0,0.1,11629,0,0.0,0.0,0.0,nan,nan
log_survival,300.0,120.0,0.2,11629,0,0.0,0.0,0.0,nan,nan
log_survival,300.0,120.0,0.4,11629,0,0.0,0.0,0.0,nan,nan
log_survival,300.0,120.0,0.6,11629,0,0.0,0.0,0.0,nan,nan
log_survival,300.0,120.0,0.8,11629,0,0.0,0.0,0.0,nan,nan
log_survival,300.0,120.0,0.9,11629,0,0.0,0.0,0.0,nan,nan
log_survival,300.0,120.0,0.95,11629,0,0.0,0.0,0.0,nan,nan
log_survival,300.0,180.0,0.1,11629,0,0.0,0.0,0.0,nan,nan
log_survival,300.0,180.0,0.2,11629,0,0.0,0.0,0.0,nan,nan
log_survival,300.0,180.0,0.4,11629,0,0.0,0.0,0.0,nan,nan
log_survival,300.0,180.0,0.6,11629,0,0.0,0.0,0.0,nan,nan
log_survival,300.0,180.0,0.8,11629,0,0.0,0.0,0.0,nan,nan
log_survival,300.0,180.0,0.9,11629,0,0.0,0.0,0.0,nan,nan
log_survival,300.0,180.0,0.95,11629,0,0.0,0.0,0.0,nan,nan
log_survival,300.0,300.0,0.1,11629,0,0.0,0.0,0.0,nan,nan
log_survival,300.0,300.0,0.2,11629,0,0.0,0.0,0.0,nan,nan
log_survival,300.0,300.0,0.4,11629,0,0.0,0.0,0.0,nan,nan
log_survival,300.0,300.0,0.6,11629,0,0.0,0.0,0.0,nan,nan
log_survival,300.0,300.0,0.8,11629,0,0.0,0.0,0.0,nan,nan
log_survival,300.0,300.0,0.9,11629,0,0.0,0.0,0.0,nan,nan
log_survival,300.0,300.0,0.95,11629,0,0.0,0.0,0.0,nan,nan
log_survival,300.0,600.0,0.1,11629,0,0.0,0.0,0.0,nan,nan
log_survival,300.0,600.0,0.2,11629,0,0.0,0.0,0.0,nan,nan
log_survival,300.0,600.0,0.4,11629,0,0.0,0.0,0.0,nan,nan
log_survival,300.0,600.0,0.6,11629,0,0.0,0.0,0.0,nan,nan
log_survival,300.0,600.0,0.8,11629,0,0.0,0.0,0.0,nan,nan
log_survival,300.0,600.0,0.9,11629,0,0.0,0.0,0.0,nan,nan
log_survival,300.0,600.0,0.95,11629,0,0.0,0.0,0.0,nan,nan
log_survival,300.0,900.0,0.1,11629,0,0.0,0.0,0.0,nan,nan
log_survival,300.0,900.0,0.2,11629,0,0.0,0.0,0.0,nan,nan
log_survival,300.0,900.0,0.4,11629,0,0.0,0.0,0.0,nan,nan
log_survival,300.0,900.0,0.6,11629,0,0.0,0.0,0.0,nan,nan
log_survival,300.0,900.0,0.8,11629,0,0.0,0.0,0.0,nan,nan
log_survival,300.0,900.0,0.9,11629,0,0.0,0.0,0.0,nan,nan
log_survival,300.0,900.0,0.95,11629,0,0.0,0.0,0.0,nan,nan
log_survival,300.0,1200.0,0.1,11629,0,0.0,0.0,0.0,nan,nan
log_survival,300.0,1200.0,0.2,11629,0,0.0,0.0,0.0,nan,nan
log_survival,300.0,1200.0,0.4,11629,0,0.0,0.0,0.0,nan,nan
log_survival,300.0,1200.0,0.6,11629,0,0.0,0.0,0.0,nan,nan
log_survival,300.0,1200.0,0.8,11629,0,0.0,0.0,0.0,nan,nan
log_survival,300.0,1200.0,0.9,11629,0,0.0,0.0,0.0,nan,nan
log_survival,300.0,1200.0,0.95,11629,0,0.0,0.0,0.0,nan,nan
log_survival,300.0,1800.0,0.1,11629,0,0.0,0.0,0.0,nan,nan
log_survival,300.0,1800.0,0.2,11629,0,0.0,0.0,0.0,nan,nan
log_survival,300.0,1800.0,0.4,11629,0,0.0,0.0,0.0,nan,nan
log_survival,300.0,1800.0,0.6,11629,0,0.0,0.0,0.0,nan,nan
log_survival,300.0,1800.0,0.8,11629,0,0.0,0.0,0.0,nan,nan
log_survival,300.0,1800.0,0.9,11629,0,0.0,0.0,0.0,nan,nan
log_survival,300.0,1800.0,0.95,11629,0,0.0,0.0,0.0,nan,nan
log_survival,300.0,2400.0,0.1,11629,0,0.0,0.0,0.0,nan,nan
log_survival,300.0,2400.0,0.2,11629,0,0.0,0.0,0.0,nan,nan
log_survival,300.0,2400.0,0.4,11629,0,0.0,0.0,0.0,nan,nan
log_survival,300.0,2400.0,0.6,11629,0,0.0,0.0,0.0,nan,nan
log_survival,300.0,2400.0,0.8,11629,0,0.0,0.0,0.0,nan,nan
log_survival,300.0,2400.0,0.9,11629,0,0.0,0.0,0.0,nan,nan
log_survival,300.0,2400.0,0.95,11629,0,0.0,0.0,0.0,nan,nan
log_survival,300.0,3600.0,0.1,11274,142,0.004852667460936014,0.00016479236162435332,0.0,0.033959129272906556,0.9660408707270934
log_survival,300.0,3600.0,0.2,11274,142,0.004852667460936014,0.0025408297580350237,0.0,0.5235944516059899,0.47640554839401006
log_survival,300.0,3600.0,0.4,11274,142,0.004852667460936014,0.0012696084143074809,0.0,0.26163103582263403,0.738368964177366
log_survival,300.0,3600.0,0.6,11274,142,0.004852667460936014,0.0008473769561063837,0.0,0.17462085810078073,0.8253791418992192
log_survival,300.0,3600.0,0.8,11274,142,0.004852667460936014,0.0029714002723783585,0.0,0.6123230772143649,0.38767692278563515
log_survival,300.0,3600.0,0.9,11274,142,0.004852667460936014,0.0028061477722975867,0.0,0.5782691261841212,0.4217308738158788
log_survival,300.0,3600.0,0.95,11274,142,0.004852667460936014,0.0029285972048945915,0.0,0.6035025536923366,0.39649744630766337
log_survival,600.0,1.0,0.1,11629,0,0.0,0.0,0.0,nan,nan
log_survival,600.0,1.0,0.2,11629,0,0.0,0.0,0.0,nan,nan
log_survival,600.0,1.0,0.4,11629,0,0.0,0.0,0.0,nan,nan
log_survival,600.0,1.0,0.6,11629,0,0.0,0.0,0.0,nan,nan
log_survival,600.0,1.0,0.8,11629,0,0.0,0.0,0.0,nan,nan
log_survival,600.0,1.0,0.9,11629,0,0.0,0.0,0.0,nan,nan
log_survival,600.0,1.0,0.95,11629,0,0.0,0.0,0.0,nan,nan
log_survival,600.0,2.0,0.1,11629,0,0.0,0.0,0.0,nan,nan
log_survival,600.0,2.0,0.2,11629,0,0.0,0.0,0.0,nan,nan
log_survival,600.0,2.0,0.4,11629,0,0.0,0.0,0.0,nan,nan
log_survival,600.0,2.0,0.6,11629,0,0.0,0.0,0.0,nan,nan
log_survival,600.0,2.0,0.8,11629,0,0.0,0.0,0.0,nan,nan
log_survival,600.0,2.0,0.9,11629,0,0.0,0.0,0.0,nan,nan
log_survival,600.0,2.0,0.95,11629,0,0.0,0.0,0.0,nan,nan
log_survival,600.0,3.0,0.1,11629,0,0.0,0.0,0.0,nan,nan
log_survival,600.0,3.0,0.2,11629,0,0.0,0.0,0.0,nan,nan
log_survival,600.0,3.0,0.4,11629,0,0.0,0.0,0.0,nan,nan
log_survival,600.0,3.0,0.6,11629,0,0.0,0.0,0.0,nan,nan
log_survival,600.0,3.0,0.8,11629,0,0.0,0.0,0.0,nan,nan
log_survival,600.0,3.0,0.9,11629,0,0.0,0.0,0.0,nan,nan
log_survival,600.0,3.0,0.95,11629,0,0.0,0.0,0.0,nan,nan
log_survival,600.0,5.0,0.1,11629,0,0.0,0.0,0.0,nan,nan
log_survival,600.0,5.0,0.2,11629,0,0.0,0.0,0.0,nan,nan
log_survival,600.0,5.0,0.4,11629,0,0.0,0.0,0.0,nan,nan
log_survival,600.0,5.0,0.6,11629,0,0.0,0.0,0.0,nan,nan
log_survival,600.0,5.0,0.8,11629,0,0.0,0.0,0.0,nan,nan
log_survival,600.0,5.0,0.9,11629,0,0.0,0.0,0.0,nan,nan
log_survival,600.0,5.0,0.95,11629,0,0.0,0.0,0.0,nan,nan
log_survival,600.0,10.0,0.1,11629,0,0.0,0.0,0.0,nan,nan
log_survival,600.0,10.0,0.2,11629,0,0.0,0.0,0.0,nan,nan
log_survival,600.0,10.0,0.4,11629,0,0.0,0.0,0.0,nan,nan
log_survival,600.0,10.0,0.6,11629,0,0.0,0.0,0.0,nan,nan
log_survival,600.0,10.0,0.8,11629,0,0.0,0.0,0.0,nan,nan
log_survival,600.0,10.0,0.9,11629,0,0.0,0.0,0.0,nan,nan
log_survival,600.0,10.0,0.95,11629,0,0.0,0.0,0.0,nan,nan
log_survival,600.0,20.0,0.1,11629,0,0.0,0.0,0.0,nan,nan
log_survival,600.0,20.0,0.2,11629,0,0.0,0.0,0.0,nan,nan
log_survival,600.0,20.0,0.4,11629,0,0.0,0.0,0.0,nan,nan
log_survival,600.0,20.0,0.6,11629,0,0.0,0.0,0.0,nan,nan
log_survival,600.0,20.0,0.8,11629,0,0.0,0.0,0.0,nan,nan
log_survival,600.0,20.0,0.9,11629,0,0.0,0.0,0.0,nan,nan
log_survival,600.0,20.0,0.95,11629,0,0.0,0.0,0.0,nan,nan
log_survival,600.0,30.0,0.1,11629,0,0.0,0.0,0.0,nan,nan
log_survival,600.0,30.0,0.2,11629,0,0.0,0.0,0.0,nan,nan
log_survival,600.0,30.0,0.4,11629,0,0.0,0.0,0.0,nan,nan
log_survival,600.0,30.0,0.6,11629,0,0.0,0.0,0.0,nan,nan
log_survival,600.0,30.0,0.8,11629,0,0.0,0.0,0.0,nan,nan
log_survival,600.0,30.0,0.9,11629,0,0.0,0.0,0.0,nan,nan
log_survival,600.0,30.0,0.95,11629,0,0.0,0.0,0.0,nan,nan
log_survival,600.0,60.0,0.1,11629,0,0.0,0.0,0.0,nan,nan
log_survival,600.0,60.0,0.2,11629,0,0.0,0.0,0.0,nan,nan
log_survival,600.0,60.0,0.4,11629,0,0.0,0.0,0.0,nan,nan
log_survival,600.0,60.0,0.6,11629,0,0.0,0.0,0.0,nan,nan
log_survival,600.0,60.0,0.8,11629,0,0.0,0.0,0.0,nan,nan
log_survival,600.0,60.0,0.9,11629,0,0.0,0.0,0.0,nan,nan
log_survival,600.0,60.0,0.95,11629,0,0.0,0.0,0.0,nan,nan
log_survival,600.0,120.0,0.1,11629,0,0.0,0.0,0.0,nan,nan
log_survival,600.0,120.0,0.2,11629,0,0.0,0.0,0.0,nan,nan
log_survival,600.0,120.0,0.4,11629,0,0.0,0.0,0.0,nan,nan
log_survival,600.0,120.0,0.6,11629,0,0.0,0.0,0.0,nan,nan
log_survival,600.0,120.0,0.8,11629,0,0.0,0.0,0.0,nan,nan
log_survival,600.0,120.0,0.9,11629,0,0.0,0.0,0.0,nan,nan
log_survival,600.0,120.0,0.95,11629,0,0.0,0.0,0.0,nan,nan
log_survival,600.0,180.0,0.1,11629,0,0.0,0.0,0.0,nan,nan
log_survival,600.0,180.0,0.2,11629,0,0.0,0.0,0.0,nan,nan
log_survival,600.0,180.0,0.4,11629,0,0.0,0.0,0.0,nan,nan
log_survival,600.0,180.0,0.6,11629,0,0.0,0.0,0.0,nan,nan
log_survival,600.0,180.0,0.8,11629,0,0.0,0.0,0.0,nan,nan
log_survival,600.0,180.0,0.9,11629,0,0.0,0.0,0.0,nan,nan
log_survival,600.0,180.0,0.95,11629,0,0.0,0.0,0.0,nan,nan
log_survival,600.0,300.0,0.1,11629,0,0.0,0.0,0.0,nan,nan
log_survival,600.0,300.0,0.2,11629,0,0.0,0.0,0.0,nan,nan
log_survival,600.0,300.0,0.4,11629,0,0.0,0.0,0.0,nan,nan
log_survival,600.0,300.0,0.6,11629,0,0.0,0.0,0.0,nan,nan
log_survival,600.0,300.0,0.8,11629,0,0.0,0.0,0.0,nan,nan
log_survival,600.0,300.0,0.9,11629,0,0.0,0.0,0.0,nan,nan
log_survival,600.0,300.0,0.95,11629,0,0.0,0.0,0.0,nan,nan
log_survival,600.0,600.0,0.1,11629,0,0.0,0.0,0.0,nan,nan
log_survival,600.0,600.0,0.2,11629,0,0.0,0.0,0.0,nan,nan
log_survival,600.0,600.0,0.4,11629,0,0.0,0.0,0.0,nan,nan
log_survival,600.0,600.0,0.6,11629,0,0.0,0.0,0.0,nan,nan
log_survival,600.0,600.0,0.8,11629,0,0.0,0.0,0.0,nan,nan
log_survival,600.0,600.0,0.9,11629,0,0.0,0.0,0.0,nan,nan
log_survival,600.0,600.0,0.95,11629,0,0.0,0.0,0.0,nan,nan
log_survival,600.0,900.0,0.1,11629,0,0.0,0.0,0.0,nan,nan
log_survival,600.0,900.0,0.2,11629,0,0.0,0.0,0.0,nan,nan
log_survival,600.0,900.0,0.4,11629,0,0.0,0.0,0.0,nan,nan
log_survival,600.0,900.0,0.6,11629,0,0.0,0.0,0.0,nan,nan
log_survival,600.0,900.0,0.8,11629,0,0.0,0.0,0.0,nan,nan
log_survival,600.0,900.0,0.9,11629,0,0.0,0.0,0.0,nan,nan
log_survival,600.0,900.0,0.95,11629,0,0.0,0.0,0.0,nan,nan
log_survival,600.0,1200.0,0.1,11629,0,0.0,0.0,0.0,nan,nan
log_survival,600.0,1200.0,0.2,11629,0,0.0,0.0,0.0,nan,nan
log_survival,600.0,1200.0,0.4,11629,0,0.0,0.0,0.0,nan,nan
log_survival,600.0,1200.0,0.6,11629,0,0.0,0.0,0.0,nan,nan
log_survival,600.0,1200.0,0.8,11629,0,0.0,0.0,0.0,nan,nan
log_survival,600.0,1200.0,0.9,11629,0,0.0,0.0,0.0,nan,nan
log_survival,600.0,1200.0,0.95,11629,0,0.0,0.0,0.0,nan,nan
log_survival,600.0,1800.0,0.1,11629,0,0.0,0.0,0.0,nan,nan
log_survival,600.0,1800.0,0.2,11629,0,0.0,0.0,0.0,nan,nan
log_survival,600.0,1800.0,0.4,11629,0,0.0,0.0,0.0,nan,nan
log_survival,600.0,1800.0,0.6,11629,0,0.0,0.0,0.0,nan,nan
log_survival,600.0,1800.0,0.8,11629,0,0.0,0.0,0.0,nan,nan
log_survival,600.0,1800.0,0.9,11629,0,0.0,0.0,0.0,nan,nan
log_survival,600.0,1800.0,0.95,11629,0,0.0,0.0,0.0,nan,nan
log_survival,600.0,2400.0,0.1,11629,0,0.0,0.0,0.0,nan,nan
log_survival,600.0,2400.0,0.2,11629,0,0.0,0.0,0.0,nan,nan
log_survival,600.0,2400.0,0.4,11629,0,0.0,0.0,0.0,nan,nan
log_survival,600.0,2400.0,0.6,11629,0,0.0,0.0,0.0,nan,nan
log_survival,600.0,2400.0,0.8,11629,0,0.0,0.0,0.0,nan,nan
log_survival,600.0,2400.0,0.9,11629,0,0.0,0.0,0.0,nan,nan
log_survival,600.0,2400.0,0.95,11629,0,0.0,0.0,0.0,nan,nan
log_survival,600.0,3600.0,0.1,11274,142,0.004852667460936014,0.0001645848347543322,0.0,0.03391636374823549,0.9660836362517645
log_survival,600.0,3600.0,0.2,11274,142,0.004852667460936014,0.00254371451205713,0.0,0.5241889192972811,0.47581108070271894
log_survival,600.0,3600.0,0.4,11274,142,0.004852667460936014,0.0012691106487548523,0.0,0.26152846016571224,0.7384715398342878
log_survival,600.0,3600.0,0.6,11274,142,0.004852667460936014,0.0008482092533078672,0.0,0.17479237144023446,0.8252076285597656
log_survival,600.0,3600.0,0.8,11274,142,0.004852667460936014,0.0029711869528135817,0.0,0.6122791179761738,0.38772088202382615
log_survival,600.0,3600.0,0.9,11274,142,0.004852667460936014,0.002806389741559132,0.0,0.5783189893291838,0.4216810106708162
log_survival,600.0,3600.0,0.95,11274,142,0.004852667460936014,0.0029286035002978584,0.0,0.6035038510001199,0.39649614899988006
log_survival,900.0,1.0,0.1,11629,0,0.0,0.0,0.0,nan,nan
log_survival,900.0,1.0,0.2,11629,0,0.0,0.0,0.0,nan,nan
log_survival,900.0,1.0,0.4,11629,0,0.0,0.0,0.0,nan,nan
log_survival,900.0,1.0,0.6,11629,0,0.0,0.0,0.0,nan,nan
log_survival,900.0,1.0,0.8,11629,0,0.0,0.0,0.0,nan,nan
log_survival,900.0,1.0,0.9,11629,0,0.0,0.0,0.0,nan,nan
log_survival,900.0,1.0,0.95,11629,0,0.0,0.0,0.0,nan,nan
log_survival,900.0,2.0,0.1,11629,0,0.0,0.0,0.0,nan,nan
log_survival,900.0,2.0,0.2,11629,0,0.0,0.0,0.0,nan,nan
log_survival,900.0,2.0,0.4,11629,0,0.0,0.0,0.0,nan,nan
log_survival,900.0,2.0,0.6,11629,0,0.0,0.0,0.0,nan,nan
log_survival,900.0,2.0,0.8,11629,0,0.0,0.0,0.0,nan,nan
log_survival,900.0,2.0,0.9,11629,0,0.0,0.0,0.0,nan,nan
log_survival,900.0,2.0,0.95,11629,0,0.0,0.0,0.0,nan,nan
log_survival,900.0,3.0,0.1,11629,0,0.0,0.0,0.0,nan,nan
log_survival,900.0,3.0,0.2,11629,0,0.0,0.0,0.0,nan,nan
log_survival,900.0,3.0,0.4,11629,0,0.0,0.0,0.0,nan,nan
log_survival,900.0,3.0,0.6,11629,0,0.0,0.0,0.0,nan,nan
log_survival,900.0,3.0,0.8,11629,0,0.0,0.0,0.0,nan,nan
log_survival,900.0,3.0,0.9,11629,0,0.0,0.0,0.0,nan,nan
log_survival,900.0,3.0,0.95,11629,0,0.0,0.0,0.0,nan,nan
log_survival,900.0,5.0,0.1,11629,0,0.0,0.0,0.0,nan,nan
log_survival,900.0,5.0,0.2,11629,0,0.0,0.0,0.0,nan,nan
log_survival,900.0,5.0,0.4,11629,0,0.0,0.0,0.0,nan,nan
log_survival,900.0,5.0,0.6,11629,0,0.0,0.0,0.0,nan,nan
log_survival,900.0,5.0,0.8,11629,0,0.0,0.0,0.0,nan,nan
log_survival,900.0,5.0,0.9,11629,0,0.0,0.0,0.0,nan,nan
log_survival,900.0,5.0,0.95,11629,0,0.0,0.0,0.0,nan,nan
log_survival,900.0,10.0,0.1,11629,0,0.0,0.0,0.0,nan,nan
log_survival,900.0,10.0,0.2,11629,0,0.0,0.0,0.0,nan,nan
log_survival,900.0,10.0,0.4,11629,0,0.0,0.0,0.0,nan,nan
log_survival,900.0,10.0,0.6,11629,0,0.0,0.0,0.0,nan,nan
log_survival,900.0,10.0,0.8,11629,0,0.0,0.0,0.0,nan,nan
log_survival,900.0,10.0,0.9,11629,0,0.0,0.0,0.0,nan,nan
log_survival,900.0,10.0,0.95,11629,0,0.0,0.0,0.0,nan,nan
log_survival,900.0,20.0,0.1,11629,0,0.0,0.0,0.0,nan,nan
log_survival,900.0,20.0,0.2,11629,0,0.0,0.0,0.0,nan,nan
log_survival,900.0,20.0,0.4,11629,0,0.0,0.0,0.0,nan,nan
log_survival,900.0,20.0,0.6,11629,0,0.0,0.0,0.0,nan,nan
log_survival,900.0,20.0,0.8,11629,0,0.0,0.0,0.0,nan,nan
log_survival,900.0,20.0,0.9,11629,0,0.0,0.0,0.0,nan,nan
log_survival,900.0,20.0,0.95,11629,0,0.0,0.0,0.0,nan,nan
log_survival,900.0,30.0,0.1,11629,0,0.0,0.0,0.0,nan,nan
log_survival,900.0,30.0,0.2,11629,0,0.0,0.0,0.0,nan,nan
log_survival,900.0,30.0,0.4,11629,0,0.0,0.0,0.0,nan,nan
log_survival,900.0,30.0,0.6,11629,0,0.0,0.0,0.0,nan,nan
log_survival,900.0,30.0,0.8,11629,0,0.0,0.0,0.0,nan,nan
log_survival,900.0,30.0,0.9,11629,0,0.0,0.0,0.0,nan,nan
log_survival,900.0,30.0,0.95,11629,0,0.0,0.0,0.0,nan,nan
log_survival,900.0,60.0,0.1,11629,0,0.0,0.0,0.0,nan,nan
log_survival,900.0,60.0,0.2,11629,0,0.0,0.0,0.0,nan,nan
log_survival,900.0,60.0,0.4,11629,0,0.0,0.0,0.0,nan,nan
log_survival,900.0,60.0,0.6,11629,0,0.0,0.0,0.0,nan,nan
log_survival,900.0,60.0,0.8,11629,0,0.0,0.0,0.0,nan,nan
log_survival,900.0,60.0,0.9,11629,0,0.0,0.0,0.0,nan,nan
log_survival,900.0,60.0,0.95,11629,0,0.0,0.0,0.0,nan,nan
log_survival,900.0,120.0,0.1,11629,0,0.0,0.0,0.0,nan,nan
log_survival,900.0,120.0,0.2,11629,0,0.0,0.0,0.0,nan,nan
log_survival,900.0,120.0,0.4,11629,0,0.0,0.0,0.0,nan,nan
log_survival,900.0,120.0,0.6,11629,0,0.0,0.0,0.0,nan,nan
log_survival,900.0,120.0,0.8,11629,0,0.0,0.0,0.0,nan,nan
log_survival,900.0,120.0,0.9,11629,0,0.0,0.0,0.0,nan,nan
log_survival,900.0,120.0,0.95,11629,0,0.0,0.0,0.0,nan,nan
log_survival,900.0,180.0,0.1,11629,0,0.0,0.0,0.0,nan,nan
log_survival,900.0,180.0,0.2,11629,0,0.0,0.0,0.0,nan,nan
log_survival,900.0,180.0,0.4,11629,0,0.0,0.0,0.0,nan,nan
log_survival,900.0,180.0,0.6,11629,0,0.0,0.0,0.0,nan,nan
log_survival,900.0,180.0,0.8,11629,0,0.0,0.0,0.0,nan,nan
log_survival,900.0,180.0,0.9,11629,0,0.0,0.0,0.0,nan,nan
log_survival,900.0,180.0,0.95,11629,0,0.0,0.0,0.0,nan,nan
log_survival,900.0,300.0,0.1,11629,0,0.0,0.0,0.0,nan,nan
log_survival,900.0,300.0,0.2,11629,0,0.0,0.0,0.0,nan,nan
log_survival,900.0,300.0,0.4,11629,0,0.0,0.0,0.0,nan,nan
log_survival,900.0,300.0,0.6,11629,0,0.0,0.0,0.0,nan,nan
log_survival,900.0,300.0,0.8,11629,0,0.0,0.0,0.0,nan,nan
log_survival,900.0,300.0,0.9,11629,0,0.0,0.0,0.0,nan,nan
log_survival,900.0,300.0,0.95,11629,0,0.0,0.0,0.0,nan,nan
log_survival,900.0,600.0,0.1,11629,0,0.0,0.0,0.0,nan,nan
log_survival,900.0,600.0,0.2,11629,0,0.0,0.0,0.0,nan,nan
log_survival,900.0,600.0,0.4,11629,0,0.0,0.0,0.0,nan,nan
log_survival,900.0,600.0,0.6,11629,0,0.0,0.0,0.0,nan,nan
log_survival,900.0,600.0,0.8,11629,0,0.0,0.0,0.0,nan,nan
log_survival,900.0,600.0,0.9,11629,0,0.0,0.0,0.0,nan,nan
log_survival,900.0,600.0,0.95,11629,0,0.0,0.0,0.0,nan,nan
log_survival,900.0,900.0,0.1,11629,0,0.0,0.0,0.0,nan,nan
log_survival,900.0,900.0,0.2,11629,0,0.0,0.0,0.0,nan,nan
log_survival,900.0,900.0,0.4,11629,0,0.0,0.0,0.0,nan,nan
log_survival,900.0,900.0,0.6,11629,0,0.0,0.0,0.0,nan,nan
log_survival,900.0,900.0,0.8,11629,0,0.0,0.0,0.0,nan,nan
log_survival,900.0,900.0,0.9,11629,0,0.0,0.0,0.0,nan,nan
log_survival,900.0,900.0,0.95,11629,0,0.0,0.0,0.0,nan,nan
log_survival,900.0,1200.0,0.1,11629,0,0.0,0.0,0.0,nan,nan
log_survival,900.0,1200.0,0.2,11629,0,0.0,0.0,0.0,nan,nan
log_survival,900.0,1200.0,0.4,11629,0,0.0,0.0,0.0,nan,nan
log_survival,900.0,1200.0,0.6,11629,0,0.0,0.0,0.0,nan,nan
log_survival,900.0,1200.0,0.8,11629,0,0.0,0.0,0.0,nan,nan
log_survival,900.0,1200.0,0.9,11629,0,0.0,0.0,0.0,nan,nan
log_survival,900.0,1200.0,0.95,11629,0,0.0,0.0,0.0,nan,nan
log_survival,900.0,1800.0,0.1,11629,0,0.0,0.0,0.0,nan,nan
log_survival,900.0,1800.0,0.2,11629,0,0.0,0.0,0.0,nan,nan
log_survival,900.0,1800.0,0.4,11629,0,0.0,0.0,0.0,nan,nan
log_survival,900.0,1800.0,0.6,11629,0,0.0,0.0,0.0,nan,nan
log_survival,900.0,1800.0,0.8,11629,0,0.0,0.0,0.0,nan,nan
log_survival,900.0,1800.0,0.9,11629,0,0.0,0.0,0.0,nan,nan
log_survival,900.0,1800.0,0.95,11629,0,0.0,0.0,0.0,nan,nan
log_survival,900.0,2400.0,0.1,11629,0,0.0,0.0,0.0,nan,nan
log_survival,900.0,2400.0,0.2,11629,0,0.0,0.0,0.0,nan,nan
log_survival,900.0,2400.0,0.4,11629,0,0.0,0.0,0.0,nan,nan
log_survival,900.0,2400.0,0.6,11629,0,0.0,0.0,0.0,nan,nan
log_survival,900.0,2400.0,0.8,11629,0,0.0,0.0,0.0,nan,nan
log_survival,900.0,2400.0,0.9,11629,0,0.0,0.0,0.0,nan,nan
log_survival,900.0,2400.0,0.95,11629,0,0.0,0.0,0.0,nan,nan
log_survival,900.0,3600.0,0.1,11274,142,0.004852667460936014,0.00016660271814858944,0.0,0.03433219347703954,0.9656678065229605
log_survival,900.0,3600.0,0.2,11274,142,0.004852667460936014,0.0025449676901418876,0.0,0.5244471644984711,0.47555283550152894
log_survival,900.0,3600.0,0.4,11274,142,0.004852667460936014,0.0012720844449718215,0.0,0.2621412769805689,0.7378587230194311
log_survival,900.0,3600.0,0.6,11274,142,0.004852667460936014,0.0008482749261588163,0.0,0.17480590479101066,0.8251940952089893
log_survival,900.0,3600.0,0.8,11274,142,0.004852667460936014,0.0029713718279999464,0.0,0.6123172156179045,0.38768278438209547
log_survival,900.0,3600.0,0.9,11274,142,0.004852667460936014,0.0028063969057587866,0.0,0.5783204656717752,0.4216795343282248
log_survival,900.0,3600.0,0.95,11274,142,0.004852667460936014,0.00288698620566606,0.0,0.5949276823327184,0.4050723176672816
log_survival,1200.0,1.0,0.1,11629,0,0.0,0.0,0.0,nan,nan
log_survival,1200.0,1.0,0.2,11629,0,0.0,0.0,0.0,nan,nan
log_survival,1200.0,1.0,0.4,11629,0,0.0,0.0,0.0,nan,nan
log_survival,1200.0,1.0,0.6,11629,0,0.0,0.0,0.0,nan,nan
log_survival,1200.0,1.0,0.8,11629,0,0.0,0.0,0.0,nan,nan
log_survival,1200.0,1.0,0.9,11629,0,0.0,0.0,0.0,nan,nan
log_survival,1200.0,1.0,0.95,11629,0,0.0,0.0,0.0,nan,nan
log_survival,1200.0,2.0,0.1,11629,0,0.0,0.0,0.0,nan,nan
log_survival,1200.0,2.0,0.2,11629,0,0.0,0.0,0.0,nan,nan
log_survival,1200.0,2.0,0.4,11629,0,0.0,0.0,0.0,nan,nan
log_survival,1200.0,2.0,0.6,11629,0,0.0,0.0,0.0,nan,nan
log_survival,1200.0,2.0,0.8,11629,0,0.0,0.0,0.0,nan,nan
log_survival,1200.0,2.0,0.9,11629,0,0.0,0.0,0.0,nan,nan
log_survival,1200.0,2.0,0.95,11629,0,0.0,0.0,0.0,nan,nan
log_survival,1200.0,3.0,0.1,11629,0,0.0,0.0,0.0,nan,nan
log_survival,1200.0,3.0,0.2,11629,0,0.0,0.0,0.0,nan,nan
log_survival,1200.0,3.0,0.4,11629,0,0.0,0.0,0.0,nan,nan
log_survival,1200.0,3.0,0.6,11629,0,0.0,0.0,0.0,nan,nan
log_survival,1200.0,3.0,0.8,11629,0,0.0,0.0,0.0,nan,nan
log_survival,1200.0,3.0,0.9,11629,0,0.0,0.0,0.0,nan,nan
log_survival,1200.0,3.0,0.95,11629,0,0.0,0.0,0.0,nan,nan
log_survival,1200.0,5.0,0.1,11629,0,0.0,0.0,0.0,nan,nan
log_survival,1200.0,5.0,0.2,11629,0,0.0,0.0,0.0,nan,nan
log_survival,1200.0,5.0,0.4,11629,0,0.0,0.0,0.0,nan,nan
log_survival,1200.0,5.0,0.6,11629,0,0.0,0.0,0.0,nan,nan
log_survival,1200.0,5.0,0.8,11629,0,0.0,0.0,0.0,nan,nan
log_survival,1200.0,5.0,0.9,11629,0,0.0,0.0,0.0,nan,nan
log_survival,1200.0,5.0,0.95,11629,0,0.0,0.0,0.0,nan,nan
log_survival,1200.0,10.0,0.1,11629,0,0.0,0.0,0.0,nan,nan
log_survival,1200.0,10.0,0.2,11629,0,0.0,0.0,0.0,nan,nan
log_survival,1200.0,10.0,0.4,11629,0,0.0,0.0,0.0,nan,nan
log_survival,1200.0,10.0,0.6,11629,0,0.0,0.0,0.0,nan,nan
log_survival,1200.0,10.0,0.8,11629,0,0.0,0.0,0.0,nan,nan
log_survival,1200.0,10.0,0.9,11629,0,0.0,0.0,0.0,nan,nan
log_survival,1200.0,10.0,0.95,11629,0,0.0,0.0,0.0,nan,nan
log_survival,1200.0,20.0,0.1,11629,0,0.0,0.0,0.0,nan,nan
log_survival,1200.0,20.0,0.2,11629,0,0.0,0.0,0.0,nan,nan
log_survival,1200.0,20.0,0.4,11629,0,0.0,0.0,0.0,nan,nan
log_survival,1200.0,20.0,0.6,11629,0,0.0,0.0,0.0,nan,nan
log_survival,1200.0,20.0,0.8,11629,0,0.0,0.0,0.0,nan,nan
log_survival,1200.0,20.0,0.9,11629,0,0.0,0.0,0.0,nan,nan
log_survival,1200.0,20.0,0.95,11629,0,0.0,0.0,0.0,nan,nan
log_survival,1200.0,30.0,0.1,11629,0,0.0,0.0,0.0,nan,nan
log_survival,1200.0,30.0,0.2,11629,0,0.0,0.0,0.0,nan,nan
log_survival,1200.0,30.0,0.4,11629,0,0.0,0.0,0.0,nan,nan
log_survival,1200.0,30.0,0.6,11629,0,0.0,0.0,0.0,nan,nan
log_survival,1200.0,30.0,0.8,11629,0,0.0,0.0,0.0,nan,nan
log_survival,1200.0,30.0,0.9,11629,0,0.0,0.0,0.0,nan,nan
log_survival,1200.0,30.0,0.95,11629,0,0.0,0.0,0.0,nan,nan
log_survival,1200.0,60.0,0.1,11629,0,0.0,0.0,0.0,nan,nan
log_survival,1200.0,60.0,0.2,11629,0,0.0,0.0,0.0,nan,nan
log_survival,1200.0,60.0,0.4,11629,0,0.0,0.0,0.0,nan,nan
log_survival,1200.0,60.0,0.6,11629,0,0.0,0.0,0.0,nan,nan
log_survival,1200.0,60.0,0.8,11629,0,0.0,0.0,0.0,nan,nan
log_survival,1200.0,60.0,0.9,11629,0,0.0,0.0,0.0,nan,nan
log_survival,1200.0,60.0,0.95,11629,0,0.0,0.0,0.0,nan,nan
log_survival,1200.0,120.0,0.1,11629,0,0.0,0.0,0.0,nan,nan
log_survival,1200.0,120.0,0.2,11629,0,0.0,0.0,0.0,nan,nan
log_survival,1200.0,120.0,0.4,11629,0,0.0,0.0,0.0,nan,nan
log_survival,1200.0,120.0,0.6,11629,0,0.0,0.0,0.0,nan,nan
log_survival,1200.0,120.0,0.8,11629,0,0.0,0.0,0.0,nan,nan
log_survival,1200.0,120.0,0.9,11629,0,0.0,0.0,0.0,nan,nan
log_survival,1200.0,120.0,0.95,11629,0,0.0,0.0,0.0,nan,nan
log_survival,1200.0,180.0,0.1,11629,0,0.0,0.0,0.0,nan,nan
log_survival,1200.0,180.0,0.2,11629,0,0.0,0.0,0.0,nan,nan
log_survival,1200.0,180.0,0.4,11629,0,0.0,0.0,0.0,nan,nan
log_survival,1200.0,180.0,0.6,11629,0,0.0,0.0,0.0,nan,nan
log_survival,1200.0,180.0,0.8,11629,0,0.0,0.0,0.0,nan,nan
log_survival,1200.0,180.0,0.9,11629,0,0.0,0.0,0.0,nan,nan
log_survival,1200.0,180.0,0.95,11629,0,0.0,0.0,0.0,nan,nan
log_survival,1200.0,300.0,0.1,11629,0,0.0,0.0,0.0,nan,nan
log_survival,1200.0,300.0,0.2,11629,0,0.0,0.0,0.0,nan,nan
log_survival,1200.0,300.0,0.4,11629,0,0.0,0.0,0.0,nan,nan
log_survival,1200.0,300.0,0.6,11629,0,0.0,0.0,0.0,nan,nan
log_survival,1200.0,300.0,0.8,11629,0,0.0,0.0,0.0,nan,nan
log_survival,1200.0,300.0,0.9,11629,0,0.0,0.0,0.0,nan,nan
log_survival,1200.0,300.0,0.95,11629,0,0.0,0.0,0.0,nan,nan
log_survival,1200.0,600.0,0.1,11629,0,0.0,0.0,0.0,nan,nan
log_survival,1200.0,600.0,0.2,11629,0,0.0,0.0,0.0,nan,nan
log_survival,1200.0,600.0,0.4,11629,0,0.0,0.0,0.0,nan,nan
log_survival,1200.0,600.0,0.6,11629,0,0.0,0.0,0.0,nan,nan
log_survival,1200.0,600.0,0.8,11629,0,0.0,0.0,0.0,nan,nan
log_survival,1200.0,600.0,0.9,11629,0,0.0,0.0,0.0,nan,nan
log_survival,1200.0,600.0,0.95,11629,0,0.0,0.0,0.0,nan,nan
log_survival,1200.0,900.0,0.1,11629,0,0.0,0.0,0.0,nan,nan
log_survival,1200.0,900.0,0.2,11629,0,0.0,0.0,0.0,nan,nan
log_survival,1200.0,900.0,0.4,11629,0,0.0,0.0,0.0,nan,nan
log_survival,1200.0,900.0,0.6,11629,0,0.0,0.0,0.0,nan,nan
log_survival,1200.0,900.0,0.8,11629,0,0.0,0.0,0.0,nan,nan
log_survival,1200.0,900.0,0.9,11629,0,0.0,0.0,0.0,nan,nan
log_survival,1200.0,900.0,0.95,11629,0,0.0,0.0,0.0,nan,nan
log_survival,1200.0,1200.0,0.1,11629,0,0.0,0.0,0.0,nan,nan
log_survival,1200.0,1200.0,0.2,11629,0,0.0,0.0,0.0,nan,nan
log_survival,1200.0,1200.0,0.4,11629,0,0.0,0.0,0.0,nan,nan
log_survival,1200.0,1200.0,0.6,11629,0,0.0,0.0,0.0,nan,nan
log_survival,1200.0,1200.0,0.8,11629,0,0.0,0.0,0.0,nan,nan
log_survival,1200.0,1200.0,0.9,11629,0,0.0,0.0,0.0,nan,nan
log_survival,1200.0,1200.0,0.95,11629,0,0.0,0.0,0.0,nan,nan
log_survival,1200.0,1800.0,0.1,11629,0,0.0,0.0,0.0,nan,nan
log_survival,1200.0,1800.0,0.2,11629,0,0.0,0.0,0.0,nan,nan
log_survival,1200.0,1800.0,0.4,11629,0,0.0,0.0,0.0,nan,nan
log_survival,1200.0,1800.0,0.6,11629,0,0.0,0.0,0.0,nan,nan
log_survival,1200.0,1800.0,0.8,11629,0,0.0,0.0,0.0,nan,nan
log_survival,1200.0,1800.0,0.9,11629,0,0.0,0.0,0.0,nan,nan
log_survival,1200.0,1800.0,0.95,11629,0,0.0,0.0,0.0,nan,nan
log_survival,1200.0,2400.0,0.1,11453,142,0.004759528508972346,0.00016512260353312335,0.0,0.03469305903344107,0.9653069409665589
log_survival,1200.0,2400.0,0.2,11453,142,0.004759528508972346,0.0024873635941780226,0.0,0.5226071425959548,0.47739285740404525
log_survival,1200.0,2400.0,0.4,11453,142,0.004759528508972346,0.001245549378474608,0.0,0.26169595919566013,0.7383040408043399
log_survival,1200.0,2400.0,0.6,11453,142,0.004759528508972346,0.0008299826011671371,0.0,0.1743833658318275,0.8256166341681725
log_survival,1200.0,2400.0,0.8,11453,142,0.004759528508972346,0.0025138340663002612,0.0,0.5281687170402171,0.47183128295978294
log_survival,1200.0,2400.0,0.9,11453,142,0.004759528508972346,0.0027524283350451395,0.0,0.5782985289102577,0.4217014710897423
log_survival,1200.0,2400.0,0.95,11453,142,0.004759528508972346,0.002831123384699707,0.0,0.594832740125973,0.405167259874027
log_survival,1200.0,3600.0,0.1,11274,142,0.004852667460936014,0.00016600432617334875,0.0,0.034208881508919375,0.9657911184910806
log_survival,1200.0,3600.0,0.2,11274,142,0.004852667460936014,0.0025327388891005853,0.0,0.521927148210575,0.47807285178942505
log_survival,1200.0,3600.0,0.4,11274,142,0.004852667460936014,0.001271781814795657,0.0,0.2620789133056209,0.7379210866943791
log_survival,1200.0,3600.0,0.6,11274,142,0.004852667460936014,0.0008483193152182699,0.0,0.17481505214343301,0.8251849478565669
log_survival,1200.0,3600.0,0.8,11274,142,0.004852667460936014,0.0029714514736318785,0.0,0.6123336283708024,0.3876663716291976
log_survival,1200.0,3600.0,0.9,11274,142,0.004852667460936014,0.002806297406259626,0.0,0.5782999615882043,0.4217000384117957
log_survival,1200.0,3600.0,0.95,11274,142,0.004852667460936014,0.0028870118057393603,0.0,0.5949329577968845,0.4050670422031155
log_survival,1800.0,1.0,0.1,11629,0,0.0,0.0,0.0,nan,nan
log_survival,1800.0,1.0,0.2,11629,0,0.0,0.0,0.0,nan,nan
log_survival,1800.0,1.0,0.4,11629,0,0.0,0.0,0.0,nan,nan
log_survival,1800.0,1.0,0.6,11629,0,0.0,0.0,0.0,nan,nan
log_survival,1800.0,1.0,0.8,11629,0,0.0,0.0,0.0,nan,nan
log_survival,1800.0,1.0,0.9,11629,0,0.0,0.0,0.0,nan,nan
log_survival,1800.0,1.0,0.95,11629,0,0.0,0.0,0.0,nan,nan
log_survival,1800.0,2.0,0.1,11629,0,0.0,0.0,0.0,nan,nan
log_survival,1800.0,2.0,0.2,11629,0,0.0,0.0,0.0,nan,nan
log_survival,1800.0,2.0,0.4,11629,0,0.0,0.0,0.0,nan,nan
log_survival,1800.0,2.0,0.6,11629,0,0.0,0.0,0.0,nan,nan
log_survival,1800.0,2.0,0.8,11629,0,0.0,0.0,0.0,nan,nan
log_survival,1800.0,2.0,0.9,11629,0,0.0,0.0,0.0,nan,nan
log_survival,1800.0,2.0,0.95,11629,0,0.0,0.0,0.0,nan,nan
log_survival,1800.0,3.0,0.1,11629,0,0.0,0.0,0.0,nan,nan
log_survival,1800.0,3.0,0.2,11629,0,0.0,0.0,0.0,nan,nan
log_survival,1800.0,3.0,0.4,11629,0,0.0,0.0,0.0,nan,nan
log_survival,1800.0,3.0,0.6,11629,0,0.0,0.0,0.0,nan,nan
log_survival,1800.0,3.0,0.8,11629,0,0.0,0.0,0.0,nan,nan
log_survival,1800.0,3.0,0.9,11629,0,0.0,0.0,0.0,nan,nan
log_survival,1800.0,3.0,0.95,11629,0,0.0,0.0,0.0,nan,nan
log_survival,1800.0,5.0,0.1,11629,0,0.0,0.0,0.0,nan,nan
log_survival,1800.0,5.0,0.2,11629,0,0.0,0.0,0.0,nan,nan
log_survival,1800.0,5.0,0.4,11629,0,0.0,0.0,0.0,nan,nan
log_survival,1800.0,5.0,0.6,11629,0,0.0,0.0,0.0,nan,nan
log_survival,1800.0,5.0,0.8,11629,0,0.0,0.0,0.0,nan,nan
log_survival,1800.0,5.0,0.9,11629,0,0.0,0.0,0.0,nan,nan
log_survival,1800.0,5.0,0.95,11629,0,0.0,0.0,0.0,nan,nan
log_survival,1800.0,10.0,0.1,11629,0,0.0,0.0,0.0,nan,nan
log_survival,1800.0,10.0,0.2,11629,0,0.0,0.0,0.0,nan,nan
log_survival,1800.0,10.0,0.4,11629,0,0.0,0.0,0.0,nan,nan
log_survival,1800.0,10.0,0.6,11629,0,0.0,0.0,0.0,nan,nan
log_survival,1800.0,10.0,0.8,11629,0,0.0,0.0,0.0,nan,nan
log_survival,1800.0,10.0,0.9,11629,0,0.0,0.0,0.0,nan,nan
log_survival,1800.0,10.0,0.95,11629,0,0.0,0.0,0.0,nan,nan
log_survival,1800.0,20.0,0.1,11629,0,0.0,0.0,0.0,nan,nan
log_survival,1800.0,20.0,0.2,11629,0,0.0,0.0,0.0,nan,nan
log_survival,1800.0,20.0,0.4,11629,0,0.0,0.0,0.0,nan,nan
log_survival,1800.0,20.0,0.6,11629,0,0.0,0.0,0.0,nan,nan
log_survival,1800.0,20.0,0.8,11629,0,0.0,0.0,0.0,nan,nan
log_survival,1800.0,20.0,0.9,11629,0,0.0,0.0,0.0,nan,nan
log_survival,1800.0,20.0,0.95,11629,0,0.0,0.0,0.0,nan,nan
log_survival,1800.0,30.0,0.1,11629,0,0.0,0.0,0.0,nan,nan
log_survival,1800.0,30.0,0.2,11629,0,0.0,0.0,0.0,nan,nan
log_survival,1800.0,30.0,0.4,11629,0,0.0,0.0,0.0,nan,nan
log_survival,1800.0,30.0,0.6,11629,0,0.0,0.0,0.0,nan,nan
log_survival,1800.0,30.0,0.8,11629,0,0.0,0.0,0.0,nan,nan
log_survival,1800.0,30.0,0.9,11629,0,0.0,0.0,0.0,nan,nan
log_survival,1800.0,30.0,0.95,11629,0,0.0,0.0,0.0,nan,nan
log_survival,1800.0,60.0,0.1,11629,0,0.0,0.0,0.0,nan,nan
log_survival,1800.0,60.0,0.2,11629,0,0.0,0.0,0.0,nan,nan
log_survival,1800.0,60.0,0.4,11629,0,0.0,0.0,0.0,nan,nan
log_survival,1800.0,60.0,0.6,11629,0,0.0,0.0,0.0,nan,nan
log_survival,1800.0,60.0,0.8,11629,0,0.0,0.0,0.0,nan,nan
log_survival,1800.0,60.0,0.9,11629,0,0.0,0.0,0.0,nan,nan
log_survival,1800.0,60.0,0.95,11629,0,0.0,0.0,0.0,nan,nan
log_survival,1800.0,120.0,0.1,11629,0,0.0,0.0,0.0,nan,nan
log_survival,1800.0,120.0,0.2,11629,0,0.0,0.0,0.0,nan,nan
log_survival,1800.0,120.0,0.4,11629,0,0.0,0.0,0.0,nan,nan
log_survival,1800.0,120.0,0.6,11629,0,0.0,0.0,0.0,nan,nan
log_survival,1800.0,120.0,0.8,11629,0,0.0,0.0,0.0,nan,nan
log_survival,1800.0,120.0,0.9,11629,0,0.0,0.0,0.0,nan,nan
log_survival,1800.0,120.0,0.95,11629,0,0.0,0.0,0.0,nan,nan
log_survival,1800.0,180.0,0.1,11629,0,0.0,0.0,0.0,nan,nan
log_survival,1800.0,180.0,0.2,11629,0,0.0,0.0,0.0,nan,nan
log_survival,1800.0,180.0,0.4,11629,0,0.0,0.0,0.0,nan,nan
log_survival,1800.0,180.0,0.6,11629,0,0.0,0.0,0.0,nan,nan
log_survival,1800.0,180.0,0.8,11629,0,0.0,0.0,0.0,nan,nan
log_survival,1800.0,180.0,0.9,11629,0,0.0,0.0,0.0,nan,nan
log_survival,1800.0,180.0,0.95,11629,0,0.0,0.0,0.0,nan,nan
log_survival,1800.0,300.0,0.1,11629,0,0.0,0.0,0.0,nan,nan
log_survival,1800.0,300.0,0.2,11629,0,0.0,0.0,0.0,nan,nan
log_survival,1800.0,300.0,0.4,11629,0,0.0,0.0,0.0,nan,nan
log_survival,1800.0,300.0,0.6,11629,0,0.0,0.0,0.0,nan,nan
log_survival,1800.0,300.0,0.8,11629,0,0.0,0.0,0.0,nan,nan
log_survival,1800.0,300.0,0.9,11629,0,0.0,0.0,0.0,nan,nan
log_survival,1800.0,300.0,0.95,11629,0,0.0,0.0,0.0,nan,nan
log_survival,1800.0,600.0,0.1,11629,0,0.0,0.0,0.0,nan,nan
log_survival,1800.0,600.0,0.2,11629,0,0.0,0.0,0.0,nan,nan
log_survival,1800.0,600.0,0.4,11629,0,0.0,0.0,0.0,nan,nan
log_survival,1800.0,600.0,0.6,11629,0,0.0,0.0,0.0,nan,nan
log_survival,1800.0,600.0,0.8,11629,0,0.0,0.0,0.0,nan,nan
log_survival,1800.0,600.0,0.9,11629,0,0.0,0.0,0.0,nan,nan
log_survival,1800.0,600.0,0.95,11629,0,0.0,0.0,0.0,nan,nan
log_survival,1800.0,900.0,0.1,11629,0,0.0,0.0,0.0,nan,nan
log_survival,1800.0,900.0,0.2,11629,0,0.0,0.0,0.0,nan,nan
log_survival,1800.0,900.0,0.4,11629,0,0.0,0.0,0.0,nan,nan
log_survival,1800.0,900.0,0.6,11629,0,0.0,0.0,0.0,nan,nan
log_survival,1800.0,900.0,0.8,11629,0,0.0,0.0,0.0,nan,nan
log_survival,1800.0,900.0,0.9,11629,0,0.0,0.0,0.0,nan,nan
log_survival,1800.0,900.0,0.95,11629,0,0.0,0.0,0.0,nan,nan
log_survival,1800.0,1200.0,0.1,11629,0,0.0,0.0,0.0,nan,nan
log_survival,1800.0,1200.0,0.2,11629,0,0.0,0.0,0.0,nan,nan
log_survival,1800.0,1200.0,0.4,11629,0,0.0,0.0,0.0,nan,nan
log_survival,1800.0,1200.0,0.6,11629,0,0.0,0.0,0.0,nan,nan
log_survival,1800.0,1200.0,0.8,11629,0,0.0,0.0,0.0,nan,nan
log_survival,1800.0,1200.0,0.9,11629,0,0.0,0.0,0.0,nan,nan
log_survival,1800.0,1200.0,0.95,11629,0,0.0,0.0,0.0,nan,nan
log_survival,1800.0,1800.0,0.1,11453,142,0.004759528508972346,0.00016484092850399364,0.0,0.03463387774508473,0.9653661222549152
log_survival,1800.0,1800.0,0.2,11453,142,0.004759528508972346,0.002495781953268548,0.0,0.5243758806284418,0.47562411937155824
log_survival,1800.0,1800.0,0.4,11453,142,0.004759528508972346,0.0012473109939141983,0.0,0.2620660831346741,0.7379339168653258
log_survival,1800.0,1800.0,0.6,11453,142,0.004759528508972346,0.0008319769549893791,0.0,0.1748023892326712,0.8251976107673288
log_survival,1800.0,1800.0,0.8,11453,142,0.004759528508972346,0.0029143451064070837,0.0,0.6123180270720419,0.38768197292795814
log_survival,1800.0,1800.0,0.9,11453,142,0.004759528508972346,0.0027521144327734715,0.0,0.5782325765221006,0.4217674234778994
log_survival,1800.0,1800.0,0.95,11453,142,0.004759528508972346,0.0027599264581857435,0.0,0.5798739209110554,0.4201260790889446
log_survival,1800.0,2400.0,0.1,11274,142,0.004852667460936014,0.00016627575069722445,0.0,0.03426481456554456,0.9657351854344555
log_survival,1800.0,2400.0,0.2,11274,142,0.004852667460936014,0.002540321553239738,0.0,0.5234897247110654,0.47651027528893464
log_survival,1800.0,2400.0,0.4,11274,142,0.004852667460936014,0.0012697054270673943,0.0,0.26165102745830543,0.7383489725416945
log_survival,1800.0,2400.0,0.6,11274,142,0.004852667460936014,0.0008483828393510084,0.0,0.17482814270305816,0.8251718572969419
log_survival,1800.0,2400.0,0.8,11274,142,0.004852667460936014,0.002971365191056676,0.0,0.6123158479282114,0.38768415207178863
log_survival,1800.0,2400.0,0.9,11274,142,0.004852667460936014,0.002806405662052483,0.0,0.5783222701007344,0.42167772989926555
log_survival,1800.0,2400.0,0.95,11274,142,0.004852667460936014,0.002833314120325025,0.0,0.5838673560744089,0.41613264392559113
log_survival,1800.0,3600.0,0.1,11274,142,0.004852667460936014,0.00016627575069722445,0.0,0.03426481456554456,0.9657351854344555
log_survival,1800.0,3600.0,0.2,11274,142,0.004852667460936014,0.002540321553239738,0.0,0.5234897247110654,0.47651027528893464
log_survival,1800.0,3600.0,0.4,11274,142,0.004852667460936014,0.0012697054270673943,0.0,0.26165102745830543,0.7383489725416945
log_survival,1800.0,3600.0,0.6,11274,142,0.004852667460936014,0.0008483828393510084,0.0,0.17482814270305816,0.8251718572969419
log_survival,1800.0,3600.0,0.8,11274,142,0.004852667460936014,0.002971365191056676,0.0,0.6123158479282114,0.38768415207178863
log_survival,1800.0,3600.0,0.9,11274,142,0.004852667460936014,0.002806405662052483,0.0,0.5783222701007344,0.42167772989926555
log_survival,1800.0,3600.0,0.95,11274,142,0.004852667460936014,0.002833314120325025,0.0,0.5838673560744089,0.41613264392559113
log_survival,2400.0,1.0,0.1,11629,0,0.0,0.0,0.0,nan,nan
log_survival,2400.0,1.0,0.2,11629,0,0.0,0.0,0.0,nan,nan
log_survival,2400.0,1.0,0.4,11629,0,0.0,0.0,0.0,nan,nan
log_survival,2400.0,1.0,0.6,11629,0,0.0,0.0,0.0,nan,nan
log_survival,2400.0,1.0,0.8,11629,0,0.0,0.0,0.0,nan,nan
log_survival,2400.0,1.0,0.9,11629,0,0.0,0.0,0.0,nan,nan
log_survival,2400.0,1.0,0.95,11629,0,0.0,0.0,0.0,nan,nan
log_survival,2400.0,2.0,0.1,11629,0,0.0,0.0,0.0,nan,nan
log_survival,2400.0,2.0,0.2,11629,0,0.0,0.0,0.0,nan,nan
log_survival,2400.0,2.0,0.4,11629,0,0.0,0.0,0.0,nan,nan
log_survival,2400.0,2.0,0.6,11629,0,0.0,0.0,0.0,nan,nan
log_survival,2400.0,2.0,0.8,11629,0,0.0,0.0,0.0,nan,nan
log_survival,2400.0,2.0,0.9,11629,0,0.0,0.0,0.0,nan,nan
log_survival,2400.0,2.0,0.95,11629,0,0.0,0.0,0.0,nan,nan
log_survival,2400.0,3.0,0.1,11629,0,0.0,0.0,0.0,nan,nan
log_survival,2400.0,3.0,0.2,11629,0,0.0,0.0,0.0,nan,nan
log_survival,2400.0,3.0,0.4,11629,0,0.0,0.0,0.0,nan,nan
log_survival,2400.0,3.0,0.6,11629,0,0.0,0.0,0.0,nan,nan
log_survival,2400.0,3.0,0.8,11629,0,0.0,0.0,0.0,nan,nan
log_survival,2400.0,3.0,0.9,11629,0,0.0,0.0,0.0,nan,nan
log_survival,2400.0,3.0,0.95,11629,0,0.0,0.0,0.0,nan,nan
log_survival,2400.0,5.0,0.1,11629,0,0.0,0.0,0.0,nan,nan
log_survival,2400.0,5.0,0.2,11629,0,0.0,0.0,0.0,nan,nan
log_survival,2400.0,5.0,0.4,11629,0,0.0,0.0,0.0,nan,nan
log_survival,2400.0,5.0,0.6,11629,0,0.0,0.0,0.0,nan,nan
log_survival,2400.0,5.0,0.8,11629,0,0.0,0.0,0.0,nan,nan
log_survival,2400.0,5.0,0.9,11629,0,0.0,0.0,0.0,nan,nan
log_survival,2400.0,5.0,0.95,11629,0,0.0,0.0,0.0,nan,nan
log_survival,2400.0,10.0,0.1,11629,0,0.0,0.0,0.0,nan,nan
log_survival,2400.0,10.0,0.2,11629,0,0.0,0.0,0.0,nan,nan
log_survival,2400.0,10.0,0.4,11629,0,0.0,0.0,0.0,nan,nan
log_survival,2400.0,10.0,0.6,11629,0,0.0,0.0,0.0,nan,nan
log_survival,2400.0,10.0,0.8,11629,0,0.0,0.0,0.0,nan,nan
log_survival,2400.0,10.0,0.9,11629,0,0.0,0.0,0.0,nan,nan
log_survival,2400.0,10.0,0.95,11629,0,0.0,0.0,0.0,nan,nan
log_survival,2400.0,20.0,0.1,11629,0,0.0,0.0,0.0,nan,nan
log_survival,2400.0,20.0,0.2,11629,0,0.0,0.0,0.0,nan,nan
log_survival,2400.0,20.0,0.4,11629,0,0.0,0.0,0.0,nan,nan
log_survival,2400.0,20.0,0.6,11629,0,0.0,0.0,0.0,nan,nan
log_survival,2400.0,20.0,0.8,11629,0,0.0,0.0,0.0,nan,nan
log_survival,2400.0,20.0,0.9,11629,0,0.0,0.0,0.0,nan,nan
log_survival,2400.0,20.0,0.95,11629,0,0.0,0.0,0.0,nan,nan
log_survival,2400.0,30.0,0.1,11629,0,0.0,0.0,0.0,nan,nan
log_survival,2400.0,30.0,0.2,11629,0,0.0,0.0,0.0,nan,nan
log_survival,2400.0,30.0,0.4,11629,0,0.0,0.0,0.0,nan,nan
log_survival,2400.0,30.0,0.6,11629,0,0.0,0.0,0.0,nan,nan
log_survival,2400.0,30.0,0.8,11629,0,0.0,0.0,0.0,nan,nan
log_survival,2400.0,30.0,0.9,11629,0,0.0,0.0,0.0,nan,nan
log_survival,2400.0,30.0,0.95,11629,0,0.0,0.0,0.0,nan,nan
log_survival,2400.0,60.0,0.1,11629,0,0.0,0.0,0.0,nan,nan
log_survival,2400.0,60.0,0.2,11629,0,0.0,0.0,0.0,nan,nan
log_survival,2400.0,60.0,0.4,11629,0,0.0,0.0,0.0,nan,nan
log_survival,2400.0,60.0,0.6,11629,0,0.0,0.0,0.0,nan,nan
log_survival,2400.0,60.0,0.8,11629,0,0.0,0.0,0.0,nan,nan
log_survival,2400.0,60.0,0.9,11629,0,0.0,0.0,0.0,nan,nan
log_survival,2400.0,60.0,0.95,11629,0,0.0,0.0,0.0,nan,nan
log_survival,2400.0,120.0,0.1,11629,0,0.0,0.0,0.0,nan,nan
log_survival,2400.0,120.0,0.2,11629,0,0.0,0.0,0.0,nan,nan
log_survival,2400.0,120.0,0.4,11629,0,0.0,0.0,0.0,nan,nan
log_survival,2400.0,120.0,0.6,11629,0,0.0,0.0,0.0,nan,nan
log_survival,2400.0,120.0,0.8,11629,0,0.0,0.0,0.0,nan,nan
log_survival,2400.0,120.0,0.9,11629,0,0.0,0.0,0.0,nan,nan
log_survival,2400.0,120.0,0.95,11629,0,0.0,0.0,0.0,nan,nan
log_survival,2400.0,180.0,0.1,11629,0,0.0,0.0,0.0,nan,nan
log_survival,2400.0,180.0,0.2,11629,0,0.0,0.0,0.0,nan,nan
log_survival,2400.0,180.0,0.4,11629,0,0.0,0.0,0.0,nan,nan
log_survival,2400.0,180.0,0.6,11629,0,0.0,0.0,0.0,nan,nan
log_survival,2400.0,180.0,0.8,11629,0,0.0,0.0,0.0,nan,nan
log_survival,2400.0,180.0,0.9,11629,0,0.0,0.0,0.0,nan,nan
log_survival,2400.0,180.0,0.95,11629,0,0.0,0.0,0.0,nan,nan
log_survival,2400.0,300.0,0.1,11629,0,0.0,0.0,0.0,nan,nan
log_survival,2400.0,300.0,0.2,11629,0,0.0,0.0,0.0,nan,nan
log_survival,2400.0,300.0,0.4,11629,0,0.0,0.0,0.0,nan,nan
log_survival,2400.0,300.0,0.6,11629,0,0.0,0.0,0.0,nan,nan
log_survival,2400.0,300.0,0.8,11629,0,0.0,0.0,0.0,nan,nan
log_survival,2400.0,300.0,0.9,11629,0,0.0,0.0,0.0,nan,nan
log_survival,2400.0,300.0,0.95,11629,0,0.0,0.0,0.0,nan,nan
log_survival,2400.0,600.0,0.1,11629,0,0.0,0.0,0.0,nan,nan
log_survival,2400.0,600.0,0.2,11629,0,0.0,0.0,0.0,nan,nan
log_survival,2400.0,600.0,0.4,11629,0,0.0,0.0,0.0,nan,nan
log_survival,2400.0,600.0,0.6,11629,0,0.0,0.0,0.0,nan,nan
log_survival,2400.0,600.0,0.8,11629,0,0.0,0.0,0.0,nan,nan
log_survival,2400.0,600.0,0.9,11629,0,0.0,0.0,0.0,nan,nan
log_survival,2400.0,600.0,0.95,11629,0,0.0,0.0,0.0,nan,nan
log_survival,2400.0,900.0,0.1,11629,0,0.0,0.0,0.0,nan,nan
log_survival,2400.0,900.0,0.2,11629,0,0.0,0.0,0.0,nan,nan
log_survival,2400.0,900.0,0.4,11629,0,0.0,0.0,0.0,nan,nan
log_survival,2400.0,900.0,0.6,11629,0,0.0,0.0,0.0,nan,nan
log_survival,2400.0,900.0,0.8,11629,0,0.0,0.0,0.0,nan,nan
log_survival,2400.0,900.0,0.9,11629,0,0.0,0.0,0.0,nan,nan
log_survival,2400.0,900.0,0.95,11629,0,0.0,0.0,0.0,nan,nan
log_survival,2400.0,1200.0,0.1,11453,142,0.004759528508972346,0.00016484092850399364,0.0,0.03463387774508473,0.9653661222549152
log_survival,2400.0,1200.0,0.2,11453,142,0.004759528508972346,0.002495781953268548,0.0,0.5243758806284418,0.47562411937155824
log_survival,2400.0,1200.0,0.4,11453,142,0.004759528508972346,0.0012473109939141983,0.0,0.2620660831346741,0.7379339168653258
log_survival,2400.0,1200.0,0.6,11453,142,0.004759528508972346,0.0008319769549893791,0.0,0.1748023892326712,0.8251976107673288
log_survival,2400.0,1200.0,0.8,11453,142,0.004759528508972346,0.0029143451064070837,0.0,0.6123180270720419,0.38768197292795814
log_survival,2400.0,1200.0,0.9,11453,142,0.004759528508972346,0.0027521144327734715,0.0,0.5782325765221006,0.4217674234778994
log_survival,2400.0,1200.0,0.95,11453,142,0.004759528508972346,0.0027599264581857435,0.0,0.5798739209110554,0.4201260790889446
log_survival,2400.0,1800.0,0.1,11274,142,0.004852667460936014,0.00016627575069722445,0.0,0.03426481456554456,0.9657351854344555
log_survival,2400.0,1800.0,0.2,11274,142,0.004852667460936014,0.002540321553239738,0.0,0.5234897247110654,0.47651027528893464
log_survival,2400.0,1800.0,0.4,11274,142,0.004852667460936014,0.0012697054270673943,0.0,0.26165102745830543,0.7383489725416945
log_survival,2400.0,1800.0,0.6,11274,142,0.004852667460936014,0.0008483828393510084,0.0,0.17482814270305816,0.8251718572969419
log_survival,2400.0,1800.0,0.8,11274,142,0.004852667460936014,0.002971365191056676,0.0,0.6123158479282114,0.38768415207178863
log_survival,2400.0,1800.0,0.9,11274,142,0.004852667460936014,0.002806405662052483,0.0,0.5783222701007344,0.42167772989926555
log_survival,2400.0,1800.0,0.95,11274,142,0.004852667460936014,0.002833314120325025,0.0,0.5838673560744089,0.41613264392559113
log_survival,2400.0,2400.0,0.1,11274,142,0.004852667460936014,0.00016627575069722445,0.0,0.03426481456554456,0.9657351854344555
log_survival,2400.0,2400.0,0.2,11274,142,0.004852667460936014,0.002540321553239738,0.0,0.5234897247110654,0.47651027528893464
log_survival,2400.0,2400.0,0.4,11274,142,0.004852667460936014,0.0012697054270673943,0.0,0.26165102745830543,0.7383489725416945
log_survival,2400.0,2400.0,0.6,11274,142,0.004852667460936014,0.0008483828393510084,0.0,0.17482814270305816,0.8251718572969419
log_survival,2400.0,2400.0,0.8,11274,142,0.004852667460936014,0.002971365191056676,0.0,0.6123158479282114,0.38768415207178863
log_survival,2400.0,2400.0,0.9,11274,142,0.004852667460936014,0.002806405662052483,0.0,0.5783222701007344,0.42167772989926555
log_survival,2400.0,2400.0,0.95,11274,142,0.004852667460936014,0.002833314120325025,0.0,0.5838673560744089,0.41613264392559113
log_survival,2400.0,3600.0,0.1,11274,142,0.004852667460936014,0.00016627575069722445,0.0,0.03426481456554456,0.9657351854344555
log_survival,2400.0,3600.0,0.2,11274,142,0.004852667460936014,0.002540321553239738,0.0,0.5234897247110654,0.47651027528893464
log_survival,2400.0,3600.0,0.4,11274,142,0.004852667460936014,0.0012697054270673943,0.0,0.26165102745830543,0.7383489725416945
log_survival,2400.0,3600.0,0.6,11274,142,0.004852667460936014,0.0008483828393510084,0.0,0.17482814270305816,0.8251718572969419
log_survival,2400.0,3600.0,0.8,11274,142,0.004852667460936014,0.002971365191056676,0.0,0.6123158479282114,0.38768415207178863
log_survival,2400.0,3600.0,0.9,11274,142,0.004852667460936014,0.002806405662052483,0.0,0.5783222701007344,0.42167772989926555
log_survival,2400.0,3600.0,0.95,11274,142,0.004852667460936014,0.002833314120325025,0.0,0.5838673560744089,0.41613264392559113
log_survival,3600.0,1.0,0.1,11311,0,0.0,0.0,0.0,nan,nan
log_survival,3600.0,1.0,0.2,11311,0,0.0,0.0,0.0,nan,nan
log_survival,3600.0,1.0,0.4,11311,0,0.0,0.0,0.0,nan,nan
log_survival,3600.0,1.0,0.6,11311,0,0.0,0.0,0.0,nan,nan
log_survival,3600.0,1.0,0.8,11311,0,0.0,0.0,0.0,nan,nan
log_survival,3600.0,1.0,0.9,11311,0,0.0,0.0,0.0,nan,nan
log_survival,3600.0,1.0,0.95,11311,0,0.0,0.0,0.0,nan,nan
log_survival,3600.0,2.0,0.1,11311,0,0.0,0.0,0.0,nan,nan
log_survival,3600.0,2.0,0.2,11311,0,0.0,0.0,0.0,nan,nan
log_survival,3600.0,2.0,0.4,11311,0,0.0,0.0,0.0,nan,nan
log_survival,3600.0,2.0,0.6,11311,0,0.0,0.0,0.0,nan,nan
log_survival,3600.0,2.0,0.8,11311,0,0.0,0.0,0.0,nan,nan
log_survival,3600.0,2.0,0.9,11311,0,0.0,0.0,0.0,nan,nan
log_survival,3600.0,2.0,0.95,11311,0,0.0,0.0,0.0,nan,nan
log_survival,3600.0,3.0,0.1,11311,0,0.0,0.0,0.0,nan,nan
log_survival,3600.0,3.0,0.2,11311,0,0.0,0.0,0.0,nan,nan
log_survival,3600.0,3.0,0.4,11311,0,0.0,0.0,0.0,nan,nan
log_survival,3600.0,3.0,0.6,11311,0,0.0,0.0,0.0,nan,nan
log_survival,3600.0,3.0,0.8,11311,0,0.0,0.0,0.0,nan,nan
log_survival,3600.0,3.0,0.9,11311,0,0.0,0.0,0.0,nan,nan
log_survival,3600.0,3.0,0.95,11311,0,0.0,0.0,0.0,nan,nan
log_survival,3600.0,5.0,0.1,11302,0,0.0,0.0,0.0,nan,nan
log_survival,3600.0,5.0,0.2,11302,0,0.0,0.0,0.0,nan,nan
log_survival,3600.0,5.0,0.4,11302,0,0.0,0.0,0.0,nan,nan
log_survival,3600.0,5.0,0.6,11302,0,0.0,0.0,0.0,nan,nan
log_survival,3600.0,5.0,0.8,11302,0,0.0,0.0,0.0,nan,nan
log_survival,3600.0,5.0,0.9,11302,0,0.0,0.0,0.0,nan,nan
log_survival,3600.0,5.0,0.95,11302,0,0.0,0.0,0.0,nan,nan
log_survival,3600.0,10.0,0.1,11269,0,0.0,0.0,0.0,nan,nan
log_survival,3600.0,10.0,0.2,11269,0,0.0,0.0,0.0,nan,nan
log_survival,3600.0,10.0,0.4,11269,0,0.0,0.0,0.0,nan,nan
log_survival,3600.0,10.0,0.6,11269,0,0.0,0.0,0.0,nan,nan
log_survival,3600.0,10.0,0.8,11269,0,0.0,0.0,0.0,nan,nan
log_survival,3600.0,10.0,0.9,11269,0,0.0,0.0,0.0,nan,nan
log_survival,3600.0,10.0,0.95,11269,0,0.0,0.0,0.0,nan,nan
log_survival,3600.0,20.0,0.1,11180,0,0.0,0.0,0.0,nan,nan
log_survival,3600.0,20.0,0.2,11180,0,0.0,0.0,0.0,nan,nan
log_survival,3600.0,20.0,0.4,11180,0,0.0,0.0,0.0,nan,nan
log_survival,3600.0,20.0,0.6,11180,0,0.0,0.0,0.0,nan,nan
log_survival,3600.0,20.0,0.8,11180,0,0.0,0.0,0.0,nan,nan
log_survival,3600.0,20.0,0.9,11180,0,0.0,0.0,0.0,nan,nan
log_survival,3600.0,20.0,0.95,11180,0,0.0,0.0,0.0,nan,nan
log_survival,3600.0,30.0,0.1,11152,0,0.0,0.0,0.0,nan,nan
log_survival,3600.0,30.0,0.2,11152,0,0.0,0.0,0.0,nan,nan
log_survival,3600.0,30.0,0.4,11152,0,0.0,0.0,0.0,nan,nan
log_survival,3600.0,30.0,0.6,11152,0,0.0,0.0,0.0,nan,nan
log_survival,3600.0,30.0,0.8,11152,0,0.0,0.0,0.0,nan,nan
log_survival,3600.0,30.0,0.9,11152,0,0.0,0.0,0.0,nan,nan
log_survival,3600.0,30.0,0.95,11152,0,0.0,0.0,0.0,nan,nan
log_survival,3600.0,60.0,0.1,11132,0,0.0,0.0,0.0,nan,nan
log_survival,3600.0,60.0,0.2,11132,0,0.0,0.0,0.0,nan,nan
log_survival,3600.0,60.0,0.4,11132,0,0.0,0.0,0.0,nan,nan
log_survival,3600.0,60.0,0.6,11132,0,0.0,0.0,0.0,nan,nan
log_survival,3600.0,60.0,0.8,11132,0,0.0,0.0,0.0,nan,nan
log_survival,3600.0,60.0,0.9,11132,0,0.0,0.0,0.0,nan,nan
log_survival,3600.0,60.0,0.95,11132,0,0.0,0.0,0.0,nan,nan
log_survival,3600.0,120.0,0.1,11132,0,0.0,0.0,0.0,nan,nan
log_survival,3600.0,120.0,0.2,11132,0,0.0,0.0,0.0,nan,nan
log_survival,3600.0,120.0,0.4,11132,0,0.0,0.0,0.0,nan,nan
log_survival,3600.0,120.0,0.6,11132,0,0.0,0.0,0.0,nan,nan
log_survival,3600.0,120.0,0.8,11132,0,0.0,0.0,0.0,nan,nan
log_survival,3600.0,120.0,0.9,11132,0,0.0,0.0,0.0,nan,nan
log_survival,3600.0,120.0,0.95,11132,0,0.0,0.0,0.0,nan,nan
log_survival,3600.0,180.0,0.1,11132,0,0.0,0.0,0.0,nan,nan
log_survival,3600.0,180.0,0.2,11132,0,0.0,0.0,0.0,nan,nan
log_survival,3600.0,180.0,0.4,11132,0,0.0,0.0,0.0,nan,nan
log_survival,3600.0,180.0,0.6,11132,0,0.0,0.0,0.0,nan,nan
log_survival,3600.0,180.0,0.8,11132,0,0.0,0.0,0.0,nan,nan
log_survival,3600.0,180.0,0.9,11132,0,0.0,0.0,0.0,nan,nan
log_survival,3600.0,180.0,0.95,11132,0,0.0,0.0,0.0,nan,nan
log_survival,3600.0,300.0,0.1,11132,0,0.0,0.0,0.0,nan,nan
log_survival,3600.0,300.0,0.2,11132,0,0.0,0.0,0.0,nan,nan
log_survival,3600.0,300.0,0.4,11132,0,0.0,0.0,0.0,nan,nan
log_survival,3600.0,300.0,0.6,11132,0,0.0,0.0,0.0,nan,nan
log_survival,3600.0,300.0,0.8,11132,0,0.0,0.0,0.0,nan,nan
log_survival,3600.0,300.0,0.9,11132,0,0.0,0.0,0.0,nan,nan
log_survival,3600.0,300.0,0.95,11132,0,0.0,0.0,0.0,nan,nan
log_survival,3600.0,600.0,0.1,11132,0,0.0,0.0,0.0,nan,nan
log_survival,3600.0,600.0,0.2,11132,0,0.0,0.0,0.0,nan,nan
log_survival,3600.0,600.0,0.4,11132,0,0.0,0.0,0.0,nan,nan
log_survival,3600.0,600.0,0.6,11132,0,0.0,0.0,0.0,nan,nan
log_survival,3600.0,600.0,0.8,11132,0,0.0,0.0,0.0,nan,nan
log_survival,3600.0,600.0,0.9,11132,0,0.0,0.0,0.0,nan,nan
log_survival,3600.0,600.0,0.95,11132,0,0.0,0.0,0.0,nan,nan
log_survival,3600.0,900.0,0.1,11132,0,0.0,0.0,0.0,nan,nan
log_survival,3600.0,900.0,0.2,11132,0,0.0,0.0,0.0,nan,nan
log_survival,3600.0,900.0,0.4,11132,0,0.0,0.0,0.0,nan,nan
log_survival,3600.0,900.0,0.6,11132,0,0.0,0.0,0.0,nan,nan
log_survival,3600.0,900.0,0.8,11132,0,0.0,0.0,0.0,nan,nan
log_survival,3600.0,900.0,0.9,11132,0,0.0,0.0,0.0,nan,nan
log_survival,3600.0,900.0,0.95,11132,0,0.0,0.0,0.0,nan,nan
log_survival,3600.0,1200.0,0.1,11132,0,0.0,0.0,0.0,nan,nan
log_survival,3600.0,1200.0,0.2,11132,0,0.0,0.0,0.0,nan,nan
log_survival,3600.0,1200.0,0.4,11132,0,0.0,0.0,0.0,nan,nan
log_survival,3600.0,1200.0,0.6,11132,0,0.0,0.0,0.0,nan,nan
log_survival,3600.0,1200.0,0.8,11132,0,0.0,0.0,0.0,nan,nan
log_survival,3600.0,1200.0,0.9,11132,0,0.0,0.0,0.0,nan,nan
log_survival,3600.0,1200.0,0.95,11132,0,0.0,0.0,0.0,nan,nan
log_survival,3600.0,1800.0,0.1,11132,0,0.0,0.0,0.0,nan,nan
log_survival,3600.0,1800.0,0.2,11132,0,0.0,0.0,0.0,nan,nan
log_survival,3600.0,1800.0,0.4,11132,0,0.0,0.0,0.0,nan,nan
log_survival,3600.0,1800.0,0.6,11132,0,0.0,0.0,0.0,nan,nan
log_survival,3600.0,1800.0,0.8,11132,0,0.0,0.0,0.0,nan,nan
log_survival,3600.0,1800.0,0.9,11132,0,0.0,0.0,0.0,nan,nan
log_survival,3600.0,1800.0,0.95,11132,0,0.0,0.0,0.0,nan,nan
log_survival,3600.0,2400.0,0.1,11132,0,0.0,0.0,0.0,nan,nan
log_survival,3600.0,2400.0,0.2,11132,0,0.0,0.0,0.0,nan,nan
log_survival,3600.0,2400.0,0.4,11132,0,0.0,0.0,0.0,nan,nan
log_survival,3600.0,2400.0,0.6,11132,0,0.0,0.0,0.0,nan,nan
log_survival,3600.0,2400.0,0.8,11132,0,0.0,0.0,0.0,nan,nan
log_survival,3600.0,2400.0,0.9,11132,0,0.0,0.0,0.0,nan,nan
log_survival,3600.0,2400.0,0.95,11132,0,0.0,0.0,0.0,nan,nan
log_survival,3600.0,3600.0,0.1,11027,0,0.0,0.0,0.0,nan,nan
log_survival,3600.0,3600.0,0.2,11027,0,0.0,0.0,0.0,nan,nan
log_survival,3600.0,3600.0,0.4,11027,0,0.0,0.0,0.0,nan,nan
log_survival,3600.0,3600.0,0.6,11027,0,0.0,0.0,0.0,nan,nan
log_survival,3600.0,3600.0,0.8,11027,0,0.0,0.0,0.0,nan,nan
log_survival,3600.0,3600.0,0.9,11027,0,0.0,0.0,0.0,nan,nan
log_survival,3600.0,3600.0,0.95,11027,0,0.0,0.0,0.0,nan,nan
linear_survival,0.0,1.0,0.1,23786,1,7.938932766862414e-06,0.0,0.0,0.0,1.0
linear_survival,0.0,1.0,0.2,23786,1,7.938932766862414e-06,0.0,0.0,0.0,1.0
linear_survival,0.0,1.0,0.4,23786,1,7.938932766862414e-06,0.0,0.0,0.0,1.0
linear_survival,0.0,1.0,0.6,23786,1,7.938932766862414e-06,0.0,0.0,0.0,1.0
linear_survival,0.0,1.0,0.8,23786,1,7.938932766862414e-06,0.0,0.0,0.0,1.0
linear_survival,0.0,1.0,0.9,23786,1,7.938932766862414e-06,0.0,0.0,0.0,1.0
linear_survival,0.0,1.0,0.95,23786,1,7.938932766862414e-06,8.356426402103895e-06,0.0,1.052588130861131,-0.0525881308611309
linear_survival,0.0,2.0,0.1,23725,231,0.008135433182445539,0.0,0.0,0.0,1.0
linear_survival,0.0,2.0,0.2,23725,231,0.008135433182445539,1.7433594536672166e-05,0.0,0.0021429214825696066,0.9978570785174304
linear_survival,0.0,2.0,0.4,23725,231,0.008135433182445539,0.0015483615984634468,0.0,0.1903231903870181,0.8096768096129819
linear_survival,0.0,2.0,0.6,23725,231,0.008135433182445539,0.004757859475352155,0.0,0.5848317315934154,0.4151682684065846
linear_survival,0.0,2.0,0.8,23725,231,0.008135433182445539,0.008462713867415376,0.0,1.0402290422194158,-0.04022904221941581
linear_survival,0.0,2.0,0.9,23725,231,0.008135433182445539,0.008060644549090673,0.0,0.9908070496459558,0.009192950354044216
linear_survival,0.0,2.0,0.95,23725,231,0.008135433182445539,0.00803129871398257,0.0,0.9871998864562409,0.012800113543759095
linear_survival,0.0,3.0,0.1,23666,2205,0.08308947395816162,0.00042980842134747357,0.0,0.005172838397844434,0.9948271616021556
linear_survival,0.0,3.0,0.2,23666,2205,0.08308947395816162,0.0017587861191095387,0.0,0.021167375785712008,0.978832624214288
linear_survival,0.0,3.0,0.4,23666,2205,0.08308947395816162,0.022613000852836625,0.0,0.2721524132433796,0.7278475867566204
linear_survival,0.0,3.0,0.6,23666,2205,0.08308947395816162,0.03789897347144246,0.0,0.45612243845142025,0.5438775615485798
linear_survival,0.0,3.0,0.8,23666,2205,0.08308947395816162,0.05583813505480325,0.0,0.6720241733979403,0.3279758266020597
linear_survival,0.0,3.0,0.9,23666,2205,0.08308947395816162,0.06385180345551347,0.0,0.7684704260814678,0.23152957391853224
linear_survival,0.0,3.0,0.95,23666,2205,0.08308947395816162,0.07204792458403848,0.035041567934455196,0.7701970743808205,0.22980292561917948
linear_survival,0.0,5.0,0.1,23666,5341,0.2069568729094425,0.009719685290328968,0.0,0.04696478620732727,0.9530352137926728
linear_survival,0.0,5.0,0.2,23666,5341,0.2069568729094425,0.01562990566630118,0.0,0.07552252528061879,0.9244774747193812
linear_survival,0.0,5.0,0.4,23666,5341,0.2069568729094425,0.06545415752935266,0.0,0.3162695522462462,0.6837304477537538
linear_survival,0.0,5.0,0.6,23666,5341,0.2069568729094425,0.10711303822288319,0.0,0.5175621216008242,0.48243787839917585
linear_survival,0.0,5.0,0.8,23666,5341,0.2069568729094425,0.16618247311423784,0.008712611821110376,0.7943224203749498,0.20567757962505018
linear_survival,0.0,5.0,0.9,23666,5341,0.2069568729094425,0.17853963615830792,0.11884258977220913,0.6774956824323677,0.3225043175676323
linear_survival,0.0,5.0,0.95,23666,5341,0.2069568729094425,0.18974247760589166,0.16545819769988032,0.5851820517975408,0.4148179482024592
linear_survival,0.0,10.0,0.1,23583,8969,0.3636552192451886,0.05567856791202669,0.0,0.15310812265418447,0.8468918773458155
linear_survival,0.0,10.0,0.2,23583,8969,0.3636552192451886,0.0929236565577199,0.0,0.255526805721624,0.744473194278376
linear_survival,0.0,10.0,0.4,23583,8969,0.3636552192451886,0.17284512518623496,0.0,0.4752994485958331,0.5247005514041669
linear_survival,0.0,10.0,0.6,23583,8969,0.3636552192451886,0.2530623667603425,0.0,0.695885424896705,0.304114575103295
linear_survival,0.0,10.0,0.8,23583,8969,0.3636552192451886,0.3162881489443085,0.20464032984225647,0.7021217919986386,0.29787820800136144
linear_survival,0.0,10.0,0.9,23583,8969,0.3636552192451886,0.33667879772735104,0.29297608351084775,0.6183255321735557,0.3816744678264443
linear_survival,0.0,10.0,0.95,23583,8969,0.3636552192451886,0.3458008557975733,0.3306035188646242,0.4598049951428727,0.5401950048571273
linear_survival,0.0,20.0,0.1,23555,10939,0.4555103794421132,0.11539907294933856,0.0,0.25334016118507263,0.7466598388149274
linear_survival,0.0,20.0,0.2,23555,10939,0.4555103794421132,0.18513911401703487,0.0,0.40644323899662654,0.5935567610033734
linear_survival,0.0,20.0,0.4,23555,10939,0.4555103794421132,0.2585888919618226,0.0,0.5676904492901559,0.4323095507098441
linear_survival,0.0,20.0,0.6,23555,10939,0.4555103794421132,0.34862450797301564,0.09260247503603719,0.7054738401357674,0.2945261598642326
linear_survival,0.0,20.0,0.8,23555,10939,0.4555103794421132,0.40789058853441307,0.31949523629136145,0.6498934618263721,0.3501065381736279
linear_survival,0.0,20.0,0.9,23555,10939,0.4555103794421132,0.4344652927583856,0.3950125285858329,0.6521349703194799,0.34786502968052013
linear_survival,0.0,20.0,0.95,23555,10939,0.4555103794421132,0.43974486222025877,0.4268604743760519,0.44971834337663213,0.5502816566233679
linear_survival,0.0,30.0,0.1,23472,11530,0.49259835179263883,0.11872367145635329,0.0,0.2410151617931732,0.7589848382068268
linear_survival,0.0,30.0,0.2,23472,11530,0.49259835179263883,0.20318742360807274,0.0,0.4124809246085445,0.5875190753914554
linear_survival,0.0,30.0,0.4,23472,11530,0.49259835179263883,0.29625786478310656,0.0,0.6014187089846729,0.39858129101532713
linear_survival,0.0,30.0,0.6,23472,11530,0.49259835179263883,0.38852677128073115,0.15555574518888393,0.6912212922852815,0.3087787077147185
linear_survival,0.0,30.0,0.8,23472,11530,0.49259835179263883,0.44750356872697106,0.36581696288653315,0.6443107032131903,0.3556892967868097
linear_survival,0.0,30.0,0.9,23472,11530,0.49259835179263883,0.4713513708542089,0.43655554678880826,0.6208794164214717,0.3791205835785283
linear_survival,0.0,30.0,0.95,23472,11530,0.49259835179263883,0.47776258665802745,0.4659100269540047,0.44411029076148484,0.5558897092385151
linear_survival,0.0,60.0,0.1,23353,11724,0.5042510740797715,0.14107812929009428,0.0,0.279777548411877,0.720222451588123
linear_survival,0.0,60.0,0.2,23353,11724,0.5042510740797715,0.22170387478801826,0.0,0.4396696133818153,0.5603303866181847
linear_survival,0.0,60.0,0.4,23353,11724,0.5042510740797715,0.31129555320451663,0.0,0.6173423701131676,0.3826576298868324
linear_survival,0.0,60.0,0.6,23353,11724,0.5042510740797715,0.39848568734703077,0.17377438807292725,0.679961125213685,0.320038874786315
linear_survival,0.0,60.0,0.8,23353,11724,0.5042510740797715,0.46069344381532107,0.3803197721385444,0.6485340702294313,0.3514659297705687
linear_survival,0.0,60.0,0.9,23353,11724,0.5042510740797715,0.48147101442875667,0.4493510723506824,0.5850626788059882,0.41493732119401183
linear_survival,0.0,60.0,0.95,23353,11724,0.5042510740797715,0.48913987557138316,0.47817272120784393,0.4205462828653174,0.5794537171346825
linear_survival,0.0,120.0,0.1,23353,11724,0.5042510740797715,0.14107812929009428,0.0,0.279777548411877,0.720222451588123
linear_survival,0.0,120.0,0.2,23353,11724,0.5042510740797715,0.22170523015826438,0.0,0.4396723012694883,0.5603276987305117
linear_survival,0.0,120.0,0.4,23353,11724,0.5042510740797715,0.31156519257086523,0.0,0.6178771024721232,0.38212289752787676
linear_survival,0.0,120.0,0.6,23353,11724,0.5042510740797715,0.3984335815975389,0.17377438807292725,0.6798034567556721,0.3201965432443279
linear_survival,0.0,120.0,0.8,23353,11724,0.5042510740797715,0.4607441642062348,0.3803197721385444,0.6489433323780515,0.35105666762194854
linear_survival,0.0,120.0,0.9,23353,11724,0.5042510740797715,0.48129851310595145,0.4493510723506824,0.5819205783074044,0.4180794216925956
linear_survival,0.0,120.0,0.95,23353,11724,0.5042510740797715,0.4891363504453729,0.47817272120784393,0.42041110845351415,0.5795888915464859
linear_survival,0.0,180.0,0.1,23353,11724,0.5042510740797715,0.14107812929009428,0.0,0.279777548411877,0.720222451588123
linear_survival,0.0,180.0,0.2,23353,11724,0.5042510740797715,0.22171593816582247,0.0,0.4396935367375091,0.5603064632624909
linear_survival,0.0,180.0,0.4,23353,11724,0.5042510740797715,0.31149238594816053,0.0,0.6177327168149632,0.3822672831850368
linear_survival,0.0,180.0,0.6,23353,11724,0.5042510740797715,0.39851410136351734,0.17377438807292725,0.6800471040971877,0.3199528959028123
linear_survival,0.0,180.0,0.8,23353,11724,0.5042510740797715,0.46073870790086585,0.3803197721385444,0.6488993055237903,0.35110069447620973
linear_survival,0.0,180.0,0.9,23353,11724,0.5042510740797715,0.48124284772375053,0.4493510723506824,0.5809066369513438,0.4190933630486562
linear_survival,0.0,180.0,0.95,23353,11724,0.5042510740797715,0.4894374792766286,0.47817272120784393,0.4319581886212907,0.5680418113787093
linear_survival,0.0,300.0,0.1,23353,11724,0.5042510740797715,0.14107812929009428,0.0,0.279777548411877,0.720222451588123
linear_survival,0.0,300.0,0.2,23353,11724,0.5042510740797715,0.22152404414843704,0.0,0.4393129842166531,0.5606870157833469
linear_survival,0.0,300.0,0.4,23353,11724,0.5042510740797715,0.31149238594816053,0.0,0.6177327168149632,0.3822672831850368
linear_survival,0.0,300.0,0.6,23353,11724,0.5042510740797715,0.3986013401683454,0.17377438807292725,0.6803110827937856,0.3196889172062144
linear_survival,0.0,300.0,0.8,23353,11724,0.5042510740797715,0.46072394463589544,0.3803197721385444,0.648780180938321,0.351219819061679
linear_survival,0.0,300.0,0.9,23353,11724,0.5042510740797715,0.4812646027977863,0.4493510723506824,0.5813029042254897,0.4186970957745103
linear_survival,0.0,300.0,0.95,23353,11724,0.5042510740797715,0.48943508719400297,0.47817272120784393,0.4318664618685547,0.5681335381314453
linear_survival,0.0,600.0,0.1,23353,11724,0.5042510740797715,0.13668222870572583,0.0,0.27105986626833234,0.7289401337316677
linear_survival,0.0,600.0,0.2,23353,11724,0.5042510740797715,0.22154137910164168,0.0,0.4393473618394202,0.5606526381605799
linear_survival,0.0,600.0,0.4,23353,11724,0.5042510740797715,0.3114162549720435,0.0,0.6175817385027088,0.3824182614972912
linear_survival,0.0,600.0,0.6,23353,11724,0.5042510740797715,0.398793922330473,0.17377438807292725,0.6808938233327766,0.3191061766672234
linear_survival,0.0,600.0,0.8,23353,11724,0.5042510740797715,0.4607223090559323,0.3803197721385444,0.648766983465709,0.35123301653429095
linear_survival,0.0,600.0,0.9,23353,11724,0.5042510740797715,0.4812720732838117,0.4493510723506824,0.5814389786478962,0.4185610213521038
linear_survival,0.0,600.0,0.95,23353,11724,0.5042510740797715,0.48938606644491434,0.47817272120784393,0.429986713200018,0.570013286799982
linear_survival,0.0,900.0,0.1,23353,11724,0.5042510740797715,0.1370568613382259,0.0,0.2718028148742104,0.7281971851257896
linear_survival,0.0,900.0,0.2,23353,11724,0.5042510740797715,0.22152702340045347,0.0,0.4393188924876902,0.5606811075123098
linear_survival,0.0,900.0,0.4,23353,11724,0.5042510740797715,0.3114162549720435,0.0,0.6175817385027088,0.3824182614972912
linear_survival,0.0,900.0,0.6,23353,11724,0.5042510740797715,0.39877260227516137,0.17377438807292725,0.6808293102938411,0.3191706897061589
linear_survival,0.0,900.0,0.8,23353,11724,0.5042510740797715,0.46075514216612906,0.3803197721385444,0.6490319133880327,0.3509680866119673
linear_survival,0.0,900.0,0.9,23353,11724,0.5042510740797715,0.4813066743323793,0.4493510723506824,0.5820692345218086,0.4179307654781914
linear_survival,0.0,900.0,0.95,23353,11724,0.5042510740797715,0.48936652471376263,0.47817272120784393,0.42923736636635573,0.5707626336336442
linear_survival,0.0,1200.0,0.1,23353,11724,0.5042510740797715,0.1370568613382259,0.0,0.2718028148742104,0.7281971851257896
linear_survival,0.0,1200.0,0.2,23353,11724,0.5042510740797715,0.22152746488904432,0.0,0.43931976802095835,0.5606802319790416
linear_survival,0.0,1200.0,0.4,23353,11724,0.5042510740797715,0.3114466186960644,0.0,0.6176419539897582,0.3823580460102418
linear_survival,0.0,1200.0,0.6,23353,11724,0.5042510740797715,0.39879666112388396,0.17377438807292725,0.6809021107355706,0.3190978892644294
linear_survival,0.0,1200.0,0.8,23353,11724,0.5042510740797715,0.4607191906716609,0.3803197721385444,0.6487418212651789,0.3512581787348211
linear_survival,0.0,1200.0,0.9,23353,11724,0.5042510740797715,0.4813066743323793,0.4493510723506824,0.5820692345218086,0.4179307654781914
linear_survival,0.0,1200.0,0.95,23353,11724,0.5042510740797715,0.48936304326460717,0.47817272120784393,0.429103866786357,0.5708961332136431
linear_survival,0.0,1800.0,0.1,23353,11724,0.5042510740797715,0.13711417988654526,0.0,0.27191648552612513,0.7280835144738749
linear_survival,0.0,1800.0,0.2,23353,11724,0.5042510740797715,0.22153437199668397,0.0,0.4393334657758957,0.5606665342241043
linear_survival,0.0,1800.0,0.4,23353,11724,0.5042510740797715,0.3114707044808256,0.0,0.6176897194502585,0.3823102805497415
linear_survival,0.0,1800.0,0.6,23353,11724,0.5042510740797715,0.39869207133193146,0.17377438807292725,0.680585629130722,0.31941437086927804
linear_survival,0.0,1800.0,0.8,23353,11724,0.5042510740797715,0.46076970861629274,0.3803197721385444,0.649149449877487,0.350850550122513
linear_survival,0.0,1800.0,0.9,23353,11724,0.5042510740797715,0.4812271831827735,0.4493510723506824,0.5806213083450842,0.4193786916549158
linear_survival,0.0,1800.0,0.95,23353,11724,0.5042510740797715,0.4893051763494403,0.47817272120784393,0.4268849032095146,0.5731150967904854
linear_survival,0.0,2400.0,0.1,23353,11724,0.5042510740797715,0.1398444003407862,0.0,0.2773308923456316,0.7226691076543684
linear_survival,0.0,2400.0,0.2,23353,11724,0.5042510740797715,0.22188463969620018,0.0,0.44002809533153014,0.5599719046684699
linear_survival,0.0,2400.0,0.4,23353,11724,0.5042510740797715,0.311936258760477,0.0,0.6186129783258117,0.38138702167418825
linear_survival,0.0,2400.0,0.6,23353,11724,0.5042510740797715,0.3984456522448021,0.17377438807292725,0.6798399817142375,0.32016001828576246
linear_survival,0.0,2400.0,0.8,23353,11724,0.5042510740797715,0.4607899798338991,0.3803197721385444,0.6493130180583163,0.3506869819416837
linear_survival,0.0,2400.0,0.9,23353,11724,0.5042510740797715,0.48127671259157023,0.4493510723506824,0.5815234833402895,0.41847651665971053
linear_survival,0.0,2400.0,0.95,23353,11724,0.5042510740797715,0.48914208868646286,0.47817272120784393,0.4206311469320998,0.5793688530679002
linear_survival,0.0,3600.0,0.1,23177,11866,0.5103324966221111,0.15391322982789327,0.0,0.30159402124427576,0.6984059787557242
linear_survival,0.0,3600.0,0.2,23177,11866,0.5103324966221111,0.23285480255216418,0.0,0.4562805702036011,0.543719429796399
linear_survival,0.0,3600.0,0.4,23177,11866,0.5103324966221111,0.3214224670635963,0.0,0.6298295115264859,0.3701704884735141
linear_survival,0.0,3600.0,0.6,23177,11866,0.5103324966221111,0.407195686850285,0.1839354814337897,0.6840142373473629,0.3159857626526371
linear_survival,0.0,3600.0,0.8,23177,11866,0.5103324966221111,0.46862956151097,0.3882277434815331,0.658465915220115,0.341534084779885
linear_survival,0.0,3600.0,0.9,23177,11866,0.5103324966221111,0.48775927837598193,0.4561987374107727,0.5830103326465237,0.4169896673534763
linear_survival,0.0,3600.0,0.95,23177,11866,0.5103324966221111,0.4953699424715271,0.48459706790619705,0.4186009366406401,0.58139906335936
linear_survival,1.0,1.0,0.1,23724,230,0.00812754494135067,0.0,0.0,0.0,1.0
linear_survival,1.0,1.0,0.2,23724,230,0.00812754494135067,1.7433594536672166e-05,0.0,0.002145001308817737,0.9978549986911822
linear_survival,1.0,1.0,0.4,23724,230,0.00812754494135067,0.0015483615984634468,0.0,0.190507909785379,0.809492090214621
linear_survival,1.0,1.0,0.6,23724,230,0.00812754494135067,0.004757859475352155,0.0,0.5853993437975963,0.4146006562024037
linear_survival,1.0,1.0,0.8,23724,230,0.00812754494135067,0.008462713867415376,0.0,1.0412386432167802,-0.04123864321678017
linear_survival,1.0,1.0,0.9,23724,230,0.00812754494135067,0.008060644549090673,0.0,0.9917686838100855,0.008231316189914462
linear_survival,1.0,1.0,0.95,23724,230,0.00812754494135067,0.008022994524074437,0.0,0.9871362855535489,0.012863714446451069
linear_survival,1.0,2.0,0.1,23665,2204,0.0830821655344038,0.0005201802164963509,0.0,0.00626103343780739,0.9937389665621926
linear_survival,1.0,2.0,0.2,23665,2204,0.0830821655344038,0.0010561502809564825,0.0,0.012712117867451798,0.9872878821325483
linear_survival,1.0,2.0,0.4,23665,2204,0.0830821655344038,0.020582029383145947,0.0,0.24773101724970156,0.7522689827502984
linear_survival,1.0,2.0,0.6,23665,2204,0.0830821655344038,0.03849930891450969,0.0,0.4633883658047812,0.5366116341952187
linear_survival,1.0,2.0,0.8,23665,2204,0.0830821655344038,0.05621006611323981,0.0,0.6765599542535224,0.32344004574647756
linear_survival,1.0,2.0,0.9,23665,2204,0.0830821655344038,0.06358000010733587,0.0,0.7652665249921513,0.2347334750078487
linear_survival,1.0,2.0,0.95,23665,2204,0.0830821655344038,0.07187373038080822,0.034849594846208344,0.7676168822505087,0.23238311774949127
linear_survival,1.0,3.0,0.1,23665,3803,0.1529834411008945,0.01005480599450371,0.0,0.06572479950867649,0.9342752004913235
linear_survival,1.0,3.0,0.2,23665,3803,0.1529834411008945,0.014675501322484038,0.0,0.0959286914771734,0.9040713085228266
linear_survival,1.0,3.0,0.4,23665,3803,0.1529834411008945,0.04688335258009125,0.0,0.3064603086628904,0.6935396913371096
linear_survival,1.0,3.0,0.6,23665,3803,0.1529834411008945,0.07834691860250965,0.0,0.5121267899238773,0.4878732100761227
linear_survival,1.0,3.0,0.8,23665,3803,0.1529834411008945,0.11917210921158779,0.0,0.7789869828656311,0.22101301713436894
linear_survival,1.0,3.0,0.9,23665,3803,0.1529834411008945,0.1287131967894497,0.05892366669305528,0.7419699923347673,0.25803000766523265
linear_survival,1.0,3.0,0.95,23665,3803,0.1529834411008945,0.1379166615290334,0.10860556066550865,0.6604889773003393,0.3395110226996607
linear_survival,1.0,5.0,0.1,23654,6571,0.25461430619768993,0.029758575492724648,0.0,0.11687707551522744,0.8831229244847726
linear_survival,1.0,5.0,0.2,23654,6571,0.25461430619768993,0.030630102200916283,0.0,0.12030000457686059,0.8796999954231394
linear_survival,1.0,5.0,0.4,23654,6571,0.25461430619768993,0.09229736786390487,0.0,0.36249875053070474,0.6375012494692953
linear_survival,1.0,5.0,0.6,23654,6571,0.25461430619768993,0.14273699307462978,0.0,0.560600836638789,0.439399163361211
linear_survival,1.0,5.0,0.8,23654,6571,0.25461430619768993,0.20724882168029735,0.06837773584632148,0.7456703351654879,0.25432966483451214
linear_survival,1.0,5.0,0.9,23654,6571,0.25461430619768993,0.22318576151992958,0.17180138923100982,0.6204874091030308,0.3795125908969692
linear_survival,1.0,5.0,0.95,23654,6571,0.25461430619768993,0.2353330312653119,0.21538928753468015,0.5084444675979015,0.4915555324020985
linear_survival,1.0,10.0,0.1,23582,9167,0.37871292016802904,0.06370779564391348,0.0,0.16822187005303996,0.83177812994696
linear_survival,1.0,10.0,0.2,23582,9167,0.37871292016802904,0.11418677366168399,0.0,0.30151274905282105,0.6984872509471789
linear_survival,1.0,10.0,0.4,23582,9167,0.37871292016802904,0.18999847076048626,0.0,0.5016952436589354,0.49830475634106464
linear_survival,1.0,10.0,0.6,23582,9167,0.37871292016802904,0.2700970518220106,0.0,0.7131973519735549,0.28680264802644506
linear_survival,1.0,10.0,0.8,23582,9167,0.37871292016802904,0.3322440906908441,0.22352517927877852,0.7005637867339833,0.29943621326601666
linear_survival,1.0,10.0,0.9,23582,9167,0.37871292016802904,0.35412700974216105,0.30968937641326233,0.6438039966012306,0.35619600339876945
linear_survival,1.0,10.0,0.95,23582,9167,0.37871292016802904,0.3622061753781901,0.34613304799229966,0.4933453175996266,0.5066546824003735
linear_survival,1.0,20.0,0.1,23554,11059,0.4632349816014007,0.11555201157377065,0.0,0.24944578057189895,0.7505542194281011
linear_survival,1.0,20.0,0.2,23554,11059,0.4632349816014007,0.1862613343688095,0.0,0.4020882311713704,0.5979117688286296
linear_survival,1.0,20.0,0.4,23554,11059,0.4632349816014007,0.26342849510024163,0.0,0.5686714206892813,0.43132857931071866
linear_survival,1.0,20.0,0.6,23554,11059,0.4632349816014007,0.35884296604049754,0.10584793062160548,0.7079020762651949,0.29209792373480514
linear_survival,1.0,20.0,0.8,23554,11059,0.4632349816014007,0.41613816860298763,0.3292410685494059,0.6485152800923302,0.35148471990766983
linear_survival,1.0,20.0,0.9,23554,11059,0.4632349816014007,0.4410708893657863,0.40404670133655046,0.6255324172887511,0.3744675827112489
linear_survival,1.0,20.0,0.95,23554,11059,0.4632349816014007,0.447349442283194,0.43499966830011283,0.4373875313973542,0.5626124686026458
linear_survival,1.0,30.0,0.1,23471,11529,0.4925942633483152,0.11909596550015741,0.0,0.2417729445134529,0.7582270554865471
linear_survival,1.0,30.0,0.2,23471,11529,0.4925942633483152,0.2028492302630176,0.0,0.4117977925365773,0.5882022074634228
linear_survival,1.0,30.0,0.4,23471,11529,0.4925942633483152,0.29599327706886064,0.0,0.6008865695205279,0.3991134304794721
linear_survival,1.0,30.0,0.6,23471,11529,0.4925942633483152,0.38927034453466297,0.15544489449888876,0.6935366684319747,0.3064633315680253
linear_survival,1.0,30.0,0.8,23471,11529,0.4925942633483152,0.44750277313809467,0.3657544439649305,0.6445005170345799,0.3554994829654201
linear_survival,1.0,30.0,0.9,23471,11529,0.4925942633483152,0.4715219003142394,0.4365061976389534,0.6242986316684739,0.3757013683315261
linear_survival,1.0,30.0,0.95,23471,11529,0.4925942633483152,0.4779541455274033,0.46598997294081673,0.4497083892609455,0.5502916107390545
linear_survival,1.0,60.0,0.1,23352,11723,0.5042470729913011,0.1419633606767183,0.0,0.2815353192524478,0.7184646807475522
linear_survival,1.0,60.0,0.2,23352,11723,0.5042470729913011,0.2234854042263922,0.0,0.44320615070828107,0.5567938492917189
linear_survival,1.0,60.0,0.4,23352,11723,0.5042470729913011,0.311168509212935,0.0,0.6170953206867758,0.38290467931322425
linear_survival,1.0,60.0,0.6,23352,11723,0.5042470729913011,0.39913052038137103,0.17375906471650177,0.681935350215412,0.31806464978458804
linear_survival,1.0,60.0,0.8,23352,11723,0.5042470729913011,0.46013038554037533,0.38031115248397696,0.6440363111006333,0.3559636888993667
linear_survival,1.0,60.0,0.9,23352,11723,0.5042470729913011,0.48121581581189893,0.44934426616950224,0.580508565724954,0.419491434275046
linear_survival,1.0,60.0,0.95,23352,11723,0.5042470729913011,0.49043369218626026,0.4781666088723203,0.47035525357128233,0.5296447464287177
linear_survival,1.0,120.0,0.1,23352,11723,0.5042470729913011,0.1419633606767183,0.0,0.2815353192524478,0.7184646807475522
linear_survival,1.0,120.0,0.2,23352,11723,0.5042470729913011,0.22302594092433684,0.0,0.4422949638582916,0.5577050361417084
linear_survival,1.0,120.0,0.4,23352,11723,0.5042470729913011,0.3111224079548246,0.0,0.6170038947557597,0.3829961052442403
linear_survival,1.0,120.0,0.6,23352,11723,0.5042470729913011,0.3991095410421536,0.17375906471650177,0.6818718703350771,0.3181281296649229
linear_survival,1.0,120.0,0.8,23352,11723,0.5042470729913011,0.4602534704846405,0.38031115248397696,0.6450294448407251,0.3549705551592749
linear_survival,1.0,120.0,0.9,23352,11723,0.5042470729913011,0.48122293477553485,0.44934426616950224,0.5806382305644773,0.4193617694355227
linear_survival,1.0,120.0,0.95,23352,11723,0.5042470729913011,0.48951405551557803,0.4781666088723203,0.4350937388034933,0.5649062611965068
linear_survival,1.0,180.0,0.1,23352,11723,0.5042470729913011,0.1419664753806624,0.0,0.2815414961925054,0.7184585038074947
linear_survival,1.0,180.0,0.2,23352,11723,0.5042470729913011,0.22303682617231588,0.0,0.44231655099000156,0.5576834490099984
linear_survival,1.0,180.0,0.4,23352,11723,0.5042470729913011,0.31109706748255533,0.0,0.6169536406767048,0.3830463593232952
linear_survival,1.0,180.0,0.6,23352,11723,0.5042470729913011,0.39857546318826653,0.17375906471650177,0.680255842399071,0.319744157600929
linear_survival,1.0,180.0,0.8,23352,11723,0.5042470729913011,0.46020523215632814,0.38031115248397696,0.6446402249267978,0.35535977507320216
linear_survival,1.0,180.0,0.9,23352,11723,0.5042470729913011,0.4812666234786834,0.44934426616950224,0.5814339768236864,0.41856602317631364
linear_survival,1.0,180.0,0.95,23352,11723,0.5042470729913011,0.4892695020256208,0.4781666088723203,0.4257168546789795,0.5742831453210204
linear_survival,1.0,300.0,0.1,23352,11723,0.5042470729913011,0.1420398835104904,0.0,0.28168707587706865,0.7183129241229314
linear_survival,1.0,300.0,0.2,23352,11723,0.5042470729913011,0.22462762591826216,0.0,0.44547135313195413,0.5545286468680459
linear_survival,1.0,300.0,0.4,23352,11723,0.5042470729913011,0.3110844034156643,0.0,0.6169285258717424,0.3830714741282576
linear_survival,1.0,300.0,0.6,23352,11723,0.5042470729913011,0.3981870981546958,0.17375906471650177,0.6790807164524502,0.32091928354754984
linear_survival,1.0,300.0,0.8,23352,11723,0.5042470729913011,0.46022285233568594,0.38031115248397696,0.6447823966175044,0.35521760338249564
linear_survival,1.0,300.0,0.9,23352,11723,0.5042470729913011,0.481634762998933,0.44934426616950224,0.588139271899847,0.41186072810015295
linear_survival,1.0,300.0,0.95,23352,11723,0.5042470729913011,0.48930914695812006,0.4781666088723203,0.42723695540718687,0.5727630445928131
linear_survival,1.0,600.0,0.1,23352,11723,0.5042470729913011,0.14208424216695212,0.0,0.2817750459592717,0.7182249540407283
linear_survival,1.0,600.0,0.2,23352,11723,0.5042470729913011,0.22465941719103183,0.0,0.4455344001469444,0.5544655998530557
linear_survival,1.0,600.0,0.4,23352,11723,0.5042470729913011,0.3111496704824548,0.0,0.6170579605681171,0.3829420394318829
linear_survival,1.0,600.0,0.6,23352,11723,0.5042470729913011,0.39820979612733237,0.17375906471650177,0.6791493966225872,0.3208506033774128
linear_survival,1.0,600.0,0.8,23352,11723,0.5042470729913011,0.46020339470018423,0.38031115248397696,0.6446253990705296,0.3553746009294704
linear_survival,1.0,600.0,0.9,23352,11723,0.5042470729913011,0.4816207557282248,0.44934426616950224,0.5878841434006135,0.41211585659938654
linear_survival,1.0,600.0,0.95,23352,11723,0.5042470729913011,0.48933382761759275,0.4781666088723203,0.42818328287130347,0.5718167171286965
linear_survival,1.0,900.0,0.1,23352,11723,0.5042470729913011,0.142089442260724,0.0,0.281785358550163,0.7182146414498369
linear_survival,1.0,900.0,0.2,23352,11723,0.5042470729913011,0.22456893681161405,0.0,0.44535496354876836,0.5546450364512316
linear_survival,1.0,900.0,0.4,23352,11723,0.5042470729913011,0.311120785030398,0.0,0.6170006762454032,0.3829993237545968
linear_survival,1.0,900.0,0.6,23352,11723,0.5042470729913011,0.3984807963565514,0.17375906471650177,0.679969396811501,0.32003060318849896
linear_survival,1.0,900.0,0.8,23352,11723,0.5042470729913011,0.46036341987293505,0.38031115248397696,0.645916591907084,0.35408340809291605
linear_survival,1.0,900.0,0.9,23352,11723,0.5042470729913011,0.4815613313637029,0.44934426616950224,0.5868017877258878,0.41319821227411224
linear_survival,1.0,900.0,0.95,23352,11723,0.5042470729913011,0.4893106389613076,0.4781666088723203,0.4272941631002995,0.5727058368997004
linear_survival,1.0,1200.0,0.1,23352,11723,0.5042470729913011,0.142089442260724,0.0,0.281785358550163,0.7182146414498369
linear_survival,1.0,1200.0,0.2,23352,11723,0.5042470729913011,0.22459706789595382,0.0,0.4454107518435281,0.5545892481564719
linear_survival,1.0,1200.0,0.4,23352,11723,0.5042470729913011,0.311120785030398,0.0,0.6170006762454032,0.3829993237545968
linear_survival,1.0,1200.0,0.6,23352,11723,0.5042470729913011,0.39851362554063824,0.17375906471650177,0.6800687322889308,0.31993126771106917
linear_survival,1.0,1200.0,0.8,23352,11723,0.5042470729913011,0.46038319817959245,0.38031115248397696,0.6460761768488541,0.3539238231511459
linear_survival,1.0,1200.0,0.9,23352,11723,0.5042470729913011,0.4815692164374186,0.44934426616950224,0.5869454064982637,0.41305459350173634
linear_survival,1.0,1200.0,0.95,23352,11723,0.5042470729913011,0.48930537590282863,0.4781666088723203,0.42709236230200975,0.5729076376979902
linear_survival,1.0,1800.0,0.1,23352,11723,0.5042470729913011,0.1420800226426235,0.0,0.28176667798937244,0.7182333220106276
linear_survival,1.0,1800.0,0.2,23352,11723,0.5042470729913011,0.22459409086742643,0.0,0.4454048479351331,0.5545951520648669
linear_survival,1.0,1800.0,0.4,23352,11723,0.5042470729913011,0.3111191002662406,0.0,0.6169973350972884,0.3830026649027116
linear_survival,1.0,1800.0,0.6,23352,11723,0.5042470729913011,0.39844505132724534,0.17375906471650177,0.6798612384868081,0.32013876151319187
linear_survival,1.0,1800.0,0.8,23352,11723,0.5042470729913011,0.4603696713607849,0.38031115248397696,0.6459670331982306,0.35403296680176943
linear_survival,1.0,1800.0,0.9,23352,11723,0.5042470729913011,0.48110043468531477,0.44934426616950224,0.5784070133041707,0.42159298669582934
linear_survival,1.0,1800.0,0.95,23352,11723,0.5042470729913011,0.4892773553610136,0.4781666088723203,0.42601797414360804,0.5739820258563919
linear_survival,1.0,2400.0,0.1,23352,11723,0.5042470729913011,0.14074626500721324,0.0,0.279121630141106,0.720878369858894
linear_survival,1.0,2400.0,0.2,23352,11723,0.5042470729913011,0.22313691004723227,0.0,0.4425150328063117,0.5574849671936883
linear_survival,1.0,2400.0,0.4,23352,11723,0.5042470729913011,0.3110074862412918,0.0,0.6167759872086696,0.38322401279133045
linear_survival,1.0,2400.0,0.6,23352,11723,0.5042470729913011,0.39853777559116904,0.17375906471650177,0.6801418061975936,0.31985819380240643
linear_survival,1.0,2400.0,0.8,23352,11723,0.5042470729913011,0.46027616995135073,0.38031115248397696,0.6452125997050883,0.35478740029491174
linear_survival,1.0,2400.0,0.9,23352,11723,0.5042470729913011,0.48127563188288996,0.44934426616950224,0.5815980559432808,0.41840194405671916
linear_survival,1.0,2400.0,0.95,23352,11723,0.5042470729913011,0.4892276128831713,0.4781666088723203,0.42411070448708055,0.5758892955129195
linear_survival,1.0,3600.0,0.1,23176,11865,0.5103285153059528,0.15429405533246285,0.0,0.30234261011254737,0.6976573898874526
linear_survival,1.0,3600.0,0.2,23176,11865,0.5103285153059528,0.2333597574158356,0.0,0.45727360007686707,0.5427263999231329
linear_survival,1.0,3600.0,0.4,23176,11865,0.5103285153059528,0.32061514202869984,0.0,0.6282524538854825,0.37174754611451755
linear_survival,1.0,3600.0,0.6,23176,11865,0.5103285153059528,0.4073047324697734,0.1839589367438293,0.6843339894298109,0.31566601057018906
linear_survival,1.0,3600.0,0.8,23176,11865,0.5103285153059528,0.4678854010525914,0.38791563962841374,0.653279003385515,0.34672099661448497
linear_survival,1.0,3600.0,0.9,23176,11865,0.5103285153059528,0.4879323176251007,0.4562091528304561,0.5861703343051704,0.4138296656948296
linear_survival,1.0,3600.0,0.95,23176,11865,0.5103285153059528,0.4959078286408344,0.4846064239135678,0.43936570144573694,0.560634298554263
linear_survival,2.0,1.0,0.1,23435,1974,0.07555188976523682,8.029167776759939e-05,0.0,0.001062735532057379,0.9989372644679426
linear_survival,2.0,1.0,0.2,23435,1974,0.07555188976523682,0.0011634756278630506,0.0,0.015399689292727564,0.9846003107072724
linear_survival,2.0,1.0,0.4,23435,1974,0.07555188976523682,0.017065178847274792,0.0,0.22587362010800263,0.7741263798919974
linear_survival,2.0,1.0,0.6,23435,1974,0.07555188976523682,0.03618953785023197,0.0,0.47900241757928363,0.5209975824207164
linear_survival,2.0,1.0,0.8,23435,1974,0.07555188976523682,0.049565641663579796,0.0,0.6560476755458485,0.34395232445415147
linear_survival,2.0,1.0,0.9,23435,1974,0.07555188976523682,0.0563964851676412,0.0,0.746460285015803,0.25353971498419703
linear_survival,2.0,1.0,0.95,23435,1974,0.07555188976523682,0.06365966700659535,0.026908898705334795,0.7555203226710168,0.24447967732898324
linear_survival,2.0,2.0,0.1,23435,3573,0.1460272362700892,0.014521844810785361,0.0,0.09944613882800625,0.9005538611719938
linear_survival,2.0,2.0,0.2,23435,3573,0.1460272362700892,0.014081584468817392,0.0,0.09643121946629436,0.9035687805337056
linear_survival,2.0,2.0,0.4,23435,3573,0.1460272362700892,0.044146352970540384,0.0,0.30231588365397893,0.697684116346021
linear_survival,2.0,2.0,0.6,23435,3573,0.1460272362700892,0.07500169417176508,0.0,0.513614419388472,0.48638558061152803
linear_survival,2.0,2.0,0.8,23435,3573,0.1460272362700892,0.11381311557940367,0.0,0.7793964912743886,0.2206035087256114
linear_survival,2.0,2.0,0.9,23435,3573,0.1460272362700892,0.12232732376867775,0.051149743291416666,0.7502051144338421,0.24979488556615792
linear_survival,2.0,2.0,0.95,23435,3573,0.1460272362700892,0.13076343488345,0.10108690065733375,0.6603540855109485,0.33964591448905146
linear_survival,2.0,3.0,0.1,23435,5110,0.20043755704460023,0.015242036829549284,0.0,0.07604381660946762,0.9239561833905324
linear_survival,2.0,3.0,0.2,23435,5110,0.20043755704460023,0.014582390139178947,0.0,0.07275278323180798,0.927247216768192
linear_survival,2.0,3.0,0.4,23435,5110,0.20043755704460023,0.06217977107427074,0.0,0.3102201602887968,0.6897798397112032
linear_survival,2.0,3.0,0.6,23435,5110,0.20043755704460023,0.10245316071582916,0.0,0.5111475225824662,0.4888524774175338
linear_survival,2.0,3.0,0.8,23435,5110,0.20043755704460023,0.16134614102728387,0.000611956823638183,0.8043723328037545,0.19562766719624547
linear_survival,2.0,3.0,0.9,23435,5110,0.20043755704460023,0.17292987650793754,0.1120151376668461,0.6889060406824465,0.31109395931755346
linear_survival,2.0,3.0,0.95,23435,5110,0.20043755704460023,0.18355546606990963,0.15835981067048435,0.5987881379247152,0.4012118620752848
linear_survival,2.0,5.0,0.1,23352,7141,0.28858915789216527,0.031073832716188094,0.0,0.10767498315996749,0.8923250168400325
linear_survival,2.0,5.0,0.2,23352,7141,0.28858915789216527,0.05046821202487197,0.0,0.17487909938643645,0.8251209006135636
linear_survival,2.0,5.0,0.4,23352,7141,0.28858915789216527,0.11688350551886356,0.0,0.4050169672782318,0.5949830327217682
linear_survival,2.0,5.0,0.6,23352,7141,0.28858915789216527,0.17846648455344108,0.0,0.6184102197634437,0.3815897802365563
linear_survival,2.0,5.0,0.8,23352,7141,0.28858915789216527,0.24098575218258167,0.11083501297556063,0.7321952422998784,0.2678047577001216
linear_survival,2.0,5.0,0.9,23352,7141,0.28858915789216527,0.2572182702208125,0.2096623607282786,0.6025318548500956,0.39746814514990436
linear_survival,2.0,5.0,0.95,23352,7141,0.28858915789216527,0.2690977401071829,0.2511489854571563,0.4793982901970654,0.5206017098029345
linear_survival,2.0,10.0,0.1,23345,9472,0.3962884921300958,0.07516502860495819,0.0,0.1896724989437306,0.8103275010562694
linear_survival,2.0,10.0,0.2,23345,9472,0.3962884921300958,0.1303796942251908,0.0,0.32900196905639395,0.6709980309436061
linear_survival,2.0,10.0,0.4,23345,9472,0.3962884921300958,0.2106220511566017,0.0,0.5314866702903336,0.4685133297096664
linear_survival,2.0,10.0,0.6,23345,9472,0.3962884921300958,0.29811919716071716,0.0,0.7522782091357044,0.24772179086429558
linear_survival,2.0,10.0,0.8,23345,9472,0.3962884921300958,0.35227903389059756,0.2454317796021018,0.7082698044919178,0.2917301955080822
linear_survival,2.0,10.0,0.9,23345,9472,0.3962884921300958,0.37135734357958844,0.32924269884628843,0.628147459677703,0.371852540322297
linear_survival,2.0,10.0,0.95,23345,9472,0.3962884921300958,0.3792213276811986,0.3645580337268041,0.46212045751199465,0.5378795424880054
linear_survival,2.0,20.0,0.1,23324,10942,0.46700211339766295,0.11392378819919559,0.0,0.24394705062541522,0.7560529493745848
linear_survival,2.0,20.0,0.2,23324,10942,0.46700211339766295,0.18739824061855015,0.0,0.4012792131820103,0.5987207868179897
linear_survival,2.0,20.0,0.4,23324,10942,0.46700211339766295,0.2693532302369104,0.0,0.5767709021212715,0.42322909787872853
linear_survival,2.0,20.0,0.6,23324,10942,0.46700211339766295,0.3657798913015754,0.1118156928442584,0.7150166328476847,0.2849833671523153
linear_survival,2.0,20.0,0.8,23324,10942,0.46700211339766295,0.4218741320465957,0.33375441597281646,0.6613226177771659,0.33867738222283406
linear_survival,2.0,20.0,0.9,23324,10942,0.46700211339766295,0.445218502797017,0.4077887223427385,0.632116819986882,0.36788318001311804
linear_survival,2.0,20.0,0.95,23324,10942,0.46700211339766295,0.4516945432462242,0.438978215186092,0.4537672797741501,0.5462327202258499
linear_survival,2.0,30.0,0.1,23241,11365,0.4922105636859478,0.11653293651233235,0.0,0.23675423712906238,0.7632457628709376
linear_survival,2.0,30.0,0.2,23241,11365,0.4922105636859478,0.20172267886102555,0.0,0.4098300478364653,0.5901699521635346
linear_survival,2.0,30.0,0.4,23241,11365,0.4922105636859478,0.2947080216167915,0.0,0.5987437965773289,0.4012562034226711
linear_survival,2.0,30.0,0.6,23241,11365,0.4922105636859478,0.39012763989403726,0.15454728982612626,0.6976783331364325,0.30232166686356754
linear_survival,2.0,30.0,0.8,23241,11365,0.4922105636859478,0.44797091219255825,0.36531830470332954,0.6513605175911518,0.34863948240884823
linear_survival,2.0,30.0,0.9,23241,11365,0.4922105636859478,0.47172172897809833,0.4358698846634231,0.6363402950884186,0.3636597049115814
linear_survival,2.0,30.0,0.95,23241,11365,0.4922105636859478,0.4780215921488749,0.46549389771505584,0.4689093484743982,0.5310906515256018
linear_survival,2.0,60.0,0.1,23122,11493,0.5001241032415668,0.14117896360507048,0.0,0.2822878615327986,0.7177121384672014
linear_survival,2.0,60.0,0.2,23122,11493,0.5001241032415668,0.22531110860915826,0.0,0.450510397616909,0.5494896023830911
linear_survival,2.0,60.0,0.4,23122,11493,0.5001241032415668,0.3081809974444497,0.0,0.6162090478082679,0.3837909521917321
linear_survival,2.0,60.0,0.6,23122,11493,0.5001241032415668,0.3969189353033954,0.1669007611375368,0.6902822974929786,0.30971770250702135
linear_survival,2.0,60.0,0.8,23122,11493,0.5001241032415668,0.4567442518344193,0.3752482041844548,0.6526163035886717,0.34738369641132827
linear_survival,2.0,60.0,0.9,23122,11493,0.5001241032415668,0.4784721748555923,0.44459225171746036,0.6100989289619606,0.3899010710380394
linear_survival,2.0,60.0,0.95,23122,11493,0.5001241032415668,0.4865396540933806,0.4738438109417946,0.48309368125620455,0.5169063187437954
linear_survival,2.0,120.0,0.1,23122,11493,0.5001241032415668,0.14117896360507048,0.0,0.2822878615327986,0.7177121384672014
linear_survival,2.0,120.0,0.2,23122,11493,0.5001241032415668,0.22531911162523113,0.0,0.45052639967723956,0.5494736003227605
linear_survival,2.0,120.0,0.4,23122,11493,0.5001241032415668,0.30821750183702956,0.0,0.6162820384766705,0.3837179615233295
linear_survival,2.0,120.0,0.6,23122,11493,0.5001241032415668,0.3964850894338382,0.1669007611375368,0.6889803302693808,0.31101966973061923
linear_survival,2.0,120.0,0.8,23122,11493,0.5001241032415668,0.45675763836703637,0.3752482041844548,0.6527235022772749,0.34727649772272506
linear_survival,2.0,120.0,0.9,23122,11493,0.5001241032415668,0.4788161074568343,0.44459225171746036,0.6162923583507266,0.3837076416492734
linear_survival,2.0,120.0,0.95,23122,11493,0.5001241032415668,0.4865187411426197,0.4738438109417946,0.4822979157250472,0.5177020842749528
linear_survival,2.0,180.0,0.1,23122,11493,0.5001241032415668,0.14118557342470378,0.0,0.2823010778916793,0.7176989221083208
linear_survival,2.0,180.0,0.2,23122,11493,0.5001241032415668,0.22537180698347833,0.0,0.45063176424156604,0.549368235758434
linear_survival,2.0,180.0,0.4,23122,11493,0.5001241032415668,0.3084003499978888,0.0,0.6166476440527147,0.38335235594728534
linear_survival,2.0,180.0,0.6,23122,11493,0.5001241032415668,0.3962434482748707,0.1669007611375368,0.6882551675078474,0.31174483249215257
linear_survival,2.0,180.0,0.8,23122,11493,0.5001241032415668,0.45665797672204195,0.3752482041844548,0.6519254167720099,0.3480745832279901
linear_survival,2.0,180.0,0.9,23122,11493,0.5001241032415668,0.47881467957571006,0.44459225171746036,0.6162666455195309,0.3837333544804691
linear_survival,2.0,180.0,0.95,23122,11493,0.5001241032415668,0.4865056815416382,0.4738438109417946,0.48180098057559917,0.5181990194244008
linear_survival,2.0,300.0,0.1,23122,11493,0.5001241032415668,0.14118557342470378,0.0,0.2823010778916793,0.7176989221083208
linear_survival,2.0,300.0,0.2,23122,11493,0.5001241032415668,0.22544548745261378,0.0,0.45077908861297283,0.5492209113870272
linear_survival,2.0,300.0,0.4,23122,11493,0.5001241032415668,0.308403771857774,0.0,0.616654486074251,0.383345513925749
linear_survival,2.0,300.0,0.6,23122,11493,0.5001241032415668,0.3962517099245138,0.1669007611375368,0.6882799606378573,0.31172003936214265
linear_survival,2.0,300.0,0.8,23122,11493,0.5001241032415668,0.45665797672204195,0.3752482041844548,0.6519254167720099,0.3480745832279901
linear_survival,2.0,300.0,0.9,23122,11493,0.5001241032415668,0.4788461801911891,0.44459225171746036,0.6168338986294932,0.3831661013705068
linear_survival,2.0,300.0,0.95,23122,11493,0.5001241032415668,0.4865096803308402,0.4738438109417946,0.48195313981174365,0.5180468601882564
linear_survival,2.0,600.0,0.1,23122,11493,0.5001241032415668,0.14120436260755878,0.0,0.28233864693250976,0.7176613530674902
linear_survival,2.0,600.0,0.2,23122,11493,0.5001241032415668,0.22555462612631744,0.0,0.45099731179597136,0.5490026882040286
linear_survival,2.0,600.0,0.4,23122,11493,0.5001241032415668,0.30843362130002056,0.0,0.6167141701447709,0.3832858298552291
linear_survival,2.0,600.0,0.6,23122,11493,0.5001241032415668,0.3962397261385607,0.1669007611375368,0.6882439974130801,0.31175600258691993
linear_survival,2.0,600.0,0.8,23122,11493,0.5001241032415668,0.45669722019913545,0.3752482041844548,0.6522396765882739,0.34776032341172614
linear_survival,2.0,600.0,0.9,23122,11493,0.5001241032415668,0.47890357847435333,0.44459225171746036,0.6178675087395279,0.3821324912604721
linear_survival,2.0,600.0,0.95,23122,11493,0.5001241032415668,0.4864142565565584,0.4738438109417946,0.47832213855828287,0.5216778614417171
linear_survival,2.0,900.0,0.1,23122,11493,0.5001241032415668,0.14120436260755878,0.0,0.28233864693250976,0.7176613530674902
linear_survival,2.0,900.0,0.2,23122,11493,0.5001241032415668,0.22561929226555805,0.0,0.45112661198130827,0.5488733880186918
linear_survival,2.0,900.0,0.4,23122,11493,0.5001241032415668,0.3086615338145639,0.0,0.617169882063205,0.382830117936795
linear_survival,2.0,900.0,0.6,23122,11493,0.5001241032415668,0.39619813502332507,0.1669007611375368,0.6881191828818621,0.31188081711813787
linear_survival,2.0,900.0,0.8,23122,11493,0.5001241032415668,0.45670183437893486,0.3752482041844548,0.6522766267110298,0.3477233732889702
linear_survival,2.0,900.0,0.9,23122,11493,0.5001241032415668,0.4789012939556947,0.44459225171746036,0.6178263698508372,0.38217363014916284
linear_survival,2.0,900.0,0.95,23122,11493,0.5001241032415668,0.48641304841531635,0.4738438109417946,0.4782761671806335,0.5217238328193665
linear_survival,2.0,1200.0,0.1,23122,11493,0.5001241032415668,0.14120436260755878,0.0,0.28233864693250976,0.7176613530674902
linear_survival,2.0,1200.0,0.2,23122,11493,0.5001241032415668,0.22561929226555805,0.0,0.45112661198130827,0.5488733880186918
linear_survival,2.0,1200.0,0.4,23122,11493,0.5001241032415668,0.3087154751523435,0.0,0.6172777379682293,0.38272226203177073
linear_survival,2.0,1200.0,0.6,23122,11493,0.5001241032415668,0.3961818863976415,0.1669007611375368,0.6880704209146453,0.3119295790853547
linear_survival,2.0,1200.0,0.8,23122,11493,0.5001241032415668,0.4567272383214827,0.3752482041844548,0.6524800602217365,0.34751993977826345
linear_survival,2.0,1200.0,0.9,23122,11493,0.5001241032415668,0.4789061950922987,0.44459225171746036,0.6179146279670262,0.38208537203297377
linear_survival,2.0,1200.0,0.95,23122,11493,0.5001241032415668,0.48640131770368433,0.4738438109417946,0.4778297980345749,0.5221702019654251
linear_survival,2.0,1800.0,0.1,23122,11493,0.5001241032415668,0.14102927545949356,0.0,0.28198855953034224,0.7180114404696578
linear_survival,2.0,1800.0,0.2,23122,11493,0.5001241032415668,0.2256163265105064,0.0,0.4511206819430789,0.5488793180569211
linear_survival,2.0,1800.0,0.4,23122,11493,0.5001241032415668,0.30870221797791114,0.0,0.6172512301987648,0.3827487698012352
linear_survival,2.0,1800.0,0.6,23122,11493,0.5001241032415668,0.3961776544254861,0.1669007611375368,0.6880577208074778,0.31194227919252215
linear_survival,2.0,1800.0,0.8,23122,11493,0.5001241032415668,0.4567266937723676,0.3752482041844548,0.6524756994994575,0.3475243005005425
linear_survival,2.0,1800.0,0.9,23122,11493,0.5001241032415668,0.4785480151969729,0.44459225171746036,0.611464637817313,0.388535362182687
linear_survival,2.0,1800.0,0.95,23122,11493,0.5001241032415668,0.48637955690145107,0.4738438109417946,0.47700177062966476,0.5229982293703352
linear_survival,2.0,2400.0,0.1,23122,11493,0.5001241032415668,0.1412785515354676,0.0,0.28248698796912036,0.7175130120308797
linear_survival,2.0,2400.0,0.2,23122,11493,0.5001241032415668,0.22580726697483106,0.0,0.45150246810992645,0.5484975318900736
linear_survival,2.0,2400.0,0.4,23122,11493,0.5001241032415668,0.3087886973934556,0.0,0.6174241461110033,0.38257585388899673
linear_survival,2.0,2400.0,0.6,23122,11493,0.5001241032415668,0.39623570114284,0.1669007611375368,0.6882319184401748,0.31176808155982516
linear_survival,2.0,2400.0,0.8,23122,11493,0.5001241032415668,0.4570431313425896,0.3752482041844548,0.6550097158517828,0.3449902841482172
linear_survival,2.0,2400.0,0.9,23122,11493,0.5001241032415668,0.4785251054593953,0.44459225171746036,0.6110520865165946,0.3889479134834054
linear_survival,2.0,2400.0,0.95,23122,11493,0.5001241032415668,0.48623012930149473,0.4738438109417946,0.4713158521378968,0.5286841478621032
linear_survival,2.0,3600.0,0.1,22946,11635,0.5062256668680336,0.15244711827997046,0.0,0.3011445848313958,0.6988554151686042
linear_survival,2.0,3600.0,0.2,22946,11635,0.5062256668680336,0.23228424693688715,0.0,0.45885513544582995,0.5411448645541701
linear_survival,2.0,3600.0,0.4,22946,11635,0.5062256668680336,0.3178565196249819,0.0,0.6278949101722314,0.3721050898277686
linear_survival,2.0,3600.0,0.6,22946,11635,0.5062256668680336,0.4049558152365751,0.17707998849738738,0.6923251365997886,0.30767486340021144
linear_survival,2.0,3600.0,0.8,22946,11635,0.5062256668680336,0.4649874728163609,0.3828308822273571,0.6658027794954411,0.3341972205045589
linear_survival,2.0,3600.0,0.9,22946,11635,0.5062256668680336,0.48457338549104056,0.45136231400765414,0.605341630649234,0.39465836935076604
linear_survival,2.0,3600.0,0.95,22946,11635,0.5062256668680336,0.4915659431044168,0.48036257331041887,0.43317980384057314,0.5668201961594268
linear_survival,3.0,1.0,0.1,21461,1599,0.07623504848417637,0.015302783078440591,0.0,0.20073159764064286,0.7992684023593571
linear_survival,3.0,1.0,0.2,21461,1599,0.07623504848417637,0.013979332266121603,0.0,0.18337146160565773,0.8166285383943422
linear_survival,3.0,1.0,0.4,21461,1599,0.07623504848417637,0.02862017028660655,0.0,0.3754201099845442,0.6245798900154558
linear_survival,3.0,1.0,0.6,21461,1599,0.07623504848417637,0.0403009430860909,0.0,0.5286406172412406,0.47135938275875944
linear_survival,3.0,1.0,0.8,21461,1599,0.07623504848417637,0.0655882448332343,0.0,0.8603424033612053,0.13965759663879473
linear_survival,3.0,1.0,0.9,21461,1599,0.07623504848417637,0.06853719409179276,0.0,0.8990247327778457,0.10097526722215433
linear_survival,3.0,1.0,0.95,21461,1599,0.07623504848417637,0.07056630199436362,0.027616743766118997,0.8834030408364422,0.11659695916355783
linear_survival,3.0,2.0,0.1,21461,3136,0.13509213323790425,0.01608240851582758,0.0,0.11904770566843907,0.880952294331561
linear_survival,3.0,2.0,0.2,21461,3136,0.13509213323790425,0.014521279152692712,0.0,0.10749167108879676,0.8925083289112032
linear_survival,3.0,2.0,0.4,21461,3136,0.13509213323790425,0.04646544040297916,0.0,0.3439537098814711,0.6560462901185289
linear_survival,3.0,2.0,0.6,21461,3136,0.13509213323790425,0.06769112668656685,0.0,0.5010737861941914,0.4989262138058086
linear_survival,3.0,2.0,0.8,21461,3136,0.13509213323790425,0.11265774248892134,0.0,0.8339326634995482,0.1660673365004518
linear_survival,3.0,2.0,0.9,21461,3136,0.13509213323790425,0.1208270377966341,0.03920981943441189,0.8512228702521093,0.1487771297478907
linear_survival,3.0,2.0,0.95,21461,3136,0.13509213323790425,0.12665426922252,0.08958426078521109,0.8145845199826539,0.1854154800173461
linear_survival,3.0,3.0,0.1,21450,4367,0.18704590521952627,0.03233203423746216,0.0,0.17285614565855206,0.827143854341448
linear_survival,3.0,3.0,0.2,21450,4367,0.18704590521952627,0.029350512022470653,0.0,0.15691608959855843,0.8430839104014416
linear_survival,3.0,3.0,0.4,21450,4367,0.18704590521952627,0.06574384092043221,0.0,0.35148505840463073,0.6485149415953693
linear_survival,3.0,3.0,0.6,21450,4367,0.18704590521952627,0.10310248231965433,0.0,0.5512148592541931,0.4487851407458069
linear_survival,3.0,3.0,0.8,21450,4367,0.18704590521952627,0.15129163082257516,0.0,0.8088475962358644,0.19115240376413556
linear_survival,3.0,3.0,0.9,21450,4367,0.18704590521952627,0.1664720946548184,0.09776527407835507,0.7695602024567187,0.23043979754328126
linear_survival,3.0,3.0,0.95,21450,4367,0.18704590521952627,0.174671660503431,0.14427829506435924,0.7106631707687258,0.28933682923127424
linear_survival,3.0,5.0,0.1,21378,5868,0.27107207912343767,0.04047506101452589,0.0,0.14931475475235065,0.8506852452476493
linear_survival,3.0,5.0,0.2,21378,5868,0.27107207912343767,0.05832655339562977,0.0,0.21516990456648874,0.7848300954335112
linear_survival,3.0,5.0,0.4,21378,5868,0.27107207912343767,0.11222455019197491,0.0,0.41400261714476094,0.5859973828552391
linear_survival,3.0,5.0,0.6,21378,5868,0.27107207912343767,0.1816854239172398,0.0,0.6702476496463732,0.3297523503536268
linear_survival,3.0,5.0,0.8,21378,5868,0.27107207912343767,0.23382937974515233,0.08892414891367553,0.795535972682223,0.20446402731777702
linear_survival,3.0,5.0,0.9,21378,5868,0.27107207912343767,0.25338637321158186,0.19017513348548543,0.7813798064638094,0.21862019353619055
linear_survival,3.0,5.0,0.95,21378,5868,0.27107207912343767,0.25689172986850806,0.2330823962417979,0.6267315708027952,0.3732684291972048
linear_survival,3.0,10.0,0.1,21371,7702,0.3535083995791976,0.0651159038490023,0.0,0.18419902872608881,0.8158009712739112
linear_survival,3.0,10.0,0.2,21371,7702,0.3535083995791976,0.12660932427722998,0.0,0.3581508230863558,0.6418491769136442
linear_survival,3.0,10.0,0.4,21371,7702,0.3535083995791976,0.20053036398286883,0.0,0.567257706525707,0.43274229347429305
linear_survival,3.0,10.0,0.6,21371,7702,0.3535083995791976,0.2724808794968917,0.0,0.7707903965542039,0.2292096034457961
linear_survival,3.0,10.0,0.8,21371,7702,0.3535083995791976,0.31302344598221804,0.1921180108155643,0.7491489183022392,0.2508510816977608
linear_survival,3.0,10.0,0.9,21371,7702,0.3535083995791976,0.3341848202171387,0.28168173226200865,0.730969289209461,0.269030710790539
linear_survival,3.0,10.0,0.95,21371,7702,0.3535083995791976,0.34065980409391033,0.31957197720386005,0.6213921625803236,0.3786078374196764
linear_survival,3.0,20.0,0.1,21345,9009,0.4270815561446572,0.11424608930621813,0.0,0.2675041515197667,0.7324958484802333
linear_survival,3.0,20.0,0.2,21345,9009,0.4270815561446572,0.1753147000648702,0.0,0.41049466440898985,0.5895053355910101
linear_survival,3.0,20.0,0.4,21345,9009,0.4270815561446572,0.24982424514949775,0.0,0.5849567642412531,0.4150432357587469
linear_survival,3.0,20.0,0.6,21345,9009,0.4270815561446572,0.33531352069899056,0.045832702703001285,0.7592962323237248,0.24070376767627522
linear_survival,3.0,20.0,0.8,21345,9009,0.4270815561446572,0.38721712072759845,0.28433863244055907,0.7207256627327001,0.2792743372672999
linear_survival,3.0,20.0,0.9,21345,9009,0.4270815561446572,0.4068105574679196,0.36380717371528326,0.6796334014106922,0.3203665985893078
linear_survival,3.0,20.0,0.95,21345,9009,0.4270815561446572,0.41439424714973805,0.39693348696528075,0.5791667811483521,0.4208332188516479
linear_survival,3.0,30.0,0.1,21267,9404,0.45203215537963937,0.11109011852238194,0.0,0.24575711528548863,0.7542428847145114
linear_survival,3.0,30.0,0.2,21267,9404,0.45203215537963937,0.19022049333070817,0.0,0.420811862755541,0.579188137244459
linear_survival,3.0,30.0,0.4,21267,9404,0.45203215537963937,0.27035527295564377,0.0,0.5980885867037176,0.40191141329628244
linear_survival,3.0,30.0,0.6,21267,9404,0.45203215537963937,0.3562544018345381,0.08677973600963454,0.7377765390019844,0.26222346099801563
linear_survival,3.0,30.0,0.8,21267,9404,0.45203215537963937,0.4102135960824198,0.3150665077377873,0.6946784831290702,0.3053215168709298
linear_survival,3.0,30.0,0.9,21267,9404,0.45203215537963937,0.4323986174361143,0.3912743760304736,0.6768555705320615,0.32314442946793853
linear_survival,3.0,30.0,0.95,21267,9404,0.45203215537963937,0.44056939222585834,0.42323587422809417,0.6019359898086721,0.39806401019132787
linear_survival,3.0,60.0,0.1,21148,9519,0.45871088036412744,0.12226863795990851,0.0,0.2665483710847472,0.7334516289152528
linear_survival,3.0,60.0,0.2,21148,9519,0.45871088036412744,0.19760901971544023,0.0,0.43079209186966966,0.5692079081303303
linear_survival,3.0,60.0,0.4,21148,9519,0.45871088036412744,0.28707322690360243,0.0,0.6258260686463814,0.37417393135361865
linear_survival,3.0,60.0,0.6,21148,9519,0.45871088036412744,0.36213926661726714,0.09787816670612717,0.7323645831115204,0.2676354168884796
linear_survival,3.0,60.0,0.8,21148,9519,0.45871088036412744,0.41614111977868273,0.3233918752316717,0.685411812304002,0.31458818769599795
linear_survival,3.0,60.0,0.9,21148,9519,0.45871088036412744,0.4377066140985963,0.3988892584177834,0.6488850421947677,0.3511149578052323
linear_survival,3.0,60.0,0.95,21148,9519,0.45871088036412744,0.4446604029951286,0.4302256028814745,0.5067459891322688,0.49325401086773124
linear_survival,3.0,120.0,0.1,21148,9519,0.45871088036412744,0.12226863795990851,0.0,0.2665483710847472,0.7334516289152528
linear_survival,3.0,120.0,0.2,21148,9519,0.45871088036412744,0.19757573815622323,0.0,0.4307195373246574,0.5692804626753426
linear_survival,3.0,120.0,0.4,21148,9519,0.45871088036412744,0.2872779583853461,0.0,0.6262723878651039,0.37372761213489614
linear_survival,3.0,120.0,0.6,21148,9519,0.45871088036412744,0.36220428638437896,0.09787816670612717,0.7325447767709385,0.26745522322906146
linear_survival,3.0,120.0,0.8,21148,9519,0.45871088036412744,0.4161046826545707,0.3233918752316717,0.6851425439623055,0.31485745603769455
linear_survival,3.0,120.0,0.9,21148,9519,0.45871088036412744,0.43771071493316316,0.3988892584177834,0.6489535932375754,0.3510464067624246
linear_survival,3.0,120.0,0.95,21148,9519,0.45871088036412744,0.4446333443172627,0.4302256028814745,0.5057960711305088,0.49420392886949116
linear_survival,3.0,180.0,0.1,21148,9519,0.45871088036412744,0.12226863795990851,0.0,0.2665483710847472,0.7334516289152528
linear_survival,3.0,180.0,0.2,21148,9519,0.45871088036412744,0.1975189094893804,0.0,0.43059564955727386,0.5694043504427262
linear_survival,3.0,180.0,0.4,21148,9519,0.45871088036412744,0.2872939721144914,0.0,0.6263072981535467,0.3736927018464533
linear_survival,3.0,180.0,0.6,21148,9519,0.45871088036412744,0.36218218521591744,0.09787816670612717,0.7324835263143558,0.26751647368564424
linear_survival,3.0,180.0,0.8,21148,9519,0.45871088036412744,0.41604810117377616,0.3233918752316717,0.6847244099334664,0.3152755900665336
linear_survival,3.0,180.0,0.9,21148,9519,0.45871088036412744,0.437743859969247,0.3988892584177834,0.649507657721376,0.350492342278624
linear_survival,3.0,180.0,0.95,21148,9519,0.45871088036412744,0.4446317848476667,0.4302256028814745,0.5057413246181407,0.4942586753818593
linear_survival,3.0,300.0,0.1,21148,9519,0.45871088036412744,0.12226863795990851,0.0,0.2665483710847472,0.7334516289152528
linear_survival,3.0,300.0,0.2,21148,9519,0.45871088036412744,0.19754474863474783,0.0,0.4306519794732918,0.5693480205267082
linear_survival,3.0,300.0,0.4,21148,9519,0.45871088036412744,0.2871937920134977,0.0,0.6260889032881051,0.37391109671189493
linear_survival,3.0,300.0,0.6,21148,9519,0.45871088036412744,0.36232441600682097,0.09787816670612717,0.7328777000838615,0.26712229991613845
linear_survival,3.0,300.0,0.8,21148,9519,0.45871088036412744,0.41590320190555735,0.3233918752316717,0.6836536123165539,0.31634638768344614
linear_survival,3.0,300.0,0.9,21148,9519,0.45871088036412744,0.4377969241157378,0.3988892584177834,0.6503946973027903,0.3496053026972097
linear_survival,3.0,300.0,0.95,21148,9519,0.45871088036412744,0.44463022536931274,0.4302256028814745,0.5056865777983177,0.4943134222016823
linear_survival,3.0,600.0,0.1,21148,9519,0.45871088036412744,0.12226863795990851,0.0,0.2665483710847472,0.7334516289152528
linear_survival,3.0,600.0,0.2,21148,9519,0.45871088036412744,0.1974013957667705,0.0,0.4303394670082211,0.5696605329917789
linear_survival,3.0,600.0,0.4,21148,9519,0.45871088036412744,0.28715426780891895,0.0,0.6260027396362915,0.3739972603637085
linear_survival,3.0,600.0,0.6,21148,9519,0.45871088036412744,0.36221928142542653,0.09787816670612717,0.7325863335380496,0.2674136664619504
linear_survival,3.0,600.0,0.8,21148,9519,0.45871088036412744,0.41578670059746625,0.3233918752316717,0.6827926740619675,0.31720732593803247
linear_survival,3.0,600.0,0.9,21148,9519,0.45871088036412744,0.4377689750334207,0.3988892584177834,0.6499274902728281,0.35007250972717185
linear_survival,3.0,600.0,0.95,21148,9519,0.45871088036412744,0.444574349355454,0.4302256028814745,0.5037250025988911,0.4962749974011089
linear_survival,3.0,900.0,0.1,21148,9519,0.45871088036412744,0.12226863795990851,0.0,0.2665483710847472,0.7334516289152528
linear_survival,3.0,900.0,0.2,21148,9519,0.45871088036412744,0.1974013957667705,0.0,0.4303394670082211,0.5696605329917789
linear_survival,3.0,900.0,0.4,21148,9519,0.45871088036412744,0.2871333755648014,0.0,0.6259571940758702,0.37404280592412975
linear_survival,3.0,900.0,0.6,21148,9519,0.45871088036412744,0.36222966847462545,0.09787816670612717,0.7326151198670209,0.2673848801329791
linear_survival,3.0,900.0,0.8,21148,9519,0.45871088036412744,0.4157799696256613,0.3233918752316717,0.6827429325508003,0.3172570674491997
linear_survival,3.0,900.0,0.9,21148,9519,0.45871088036412744,0.4377706430401498,0.3988892584177834,0.649955373280256,0.350044626719744
linear_survival,3.0,900.0,0.95,21148,9519,0.45871088036412744,0.44457060328596265,0.4302256028814745,0.5035934936292625,0.49640650637073747
linear_survival,3.0,1200.0,0.1,21148,9519,0.45871088036412744,0.12226863795990851,0.0,0.2665483710847472,0.7334516289152528
linear_survival,3.0,1200.0,0.2,21148,9519,0.45871088036412744,0.1974013957667705,0.0,0.4303394670082211,0.5696605329917789
linear_survival,3.0,1200.0,0.4,21148,9519,0.45871088036412744,0.287138071456679,0.0,0.6259674312254095,0.37403256877459046
linear_survival,3.0,1200.0,0.6,21148,9519,0.45871088036412744,0.36231681531797555,0.09787816670612717,0.7328566357829882,0.2671433642170118
linear_survival,3.0,1200.0,0.8,21148,9519,0.45871088036412744,0.41577333701162683,0.3233918752316717,0.682693917898143,0.31730608210185696
linear_survival,3.0,1200.0,0.9,21148,9519,0.45871088036412744,0.4378404872590285,0.3988892584177834,0.6511229146575422,0.34887708534245776
linear_survival,3.0,1200.0,0.95,21148,9519,0.45871088036412744,0.44456194486318595,0.4302256028814745,0.5032895323011003,0.4967104676988997
linear_survival,3.0,1800.0,0.1,21148,9519,0.45871088036412744,0.12226863795990851,0.0,0.2665483710847472,0.7334516289152528
linear_survival,3.0,1800.0,0.2,21148,9519,0.45871088036412744,0.197368666990649,0.0,0.43026811754274624,0.5697318824572537
linear_survival,3.0,1800.0,0.4,21148,9519,0.45871088036412744,0.2871582706798288,0.0,0.6260114659845889,0.3739885340154111
linear_survival,3.0,1800.0,0.6,21148,9519,0.45871088036412744,0.36239514333313083,0.09787816670612717,0.7330737114864665,0.2669262885135335
linear_survival,3.0,1800.0,0.8,21148,9519,0.45871088036412744,0.4157610745477157,0.3233918752316717,0.6826032989647632,0.31739670103523676
linear_survival,3.0,1800.0,0.9,21148,9519,0.45871088036412744,0.43819035814314516,0.3988892584177834,0.6569714836654246,0.34302851633457543
linear_survival,3.0,1800.0,0.95,21148,9519,0.45871088036412744,0.444557839754729,0.4302256028814745,0.5031454189618694,0.4968545810381306
linear_survival,3.0,2400.0,0.1,21148,9519,0.45871088036412744,0.12223033293282999,0.0,0.26646486526720886,0.7335351347327912
linear_survival,3.0,2400.0,0.2,21148,9519,0.45871088036412744,0.19717948050717574,0.0,0.42985568676865366,0.5701443132313464
linear_survival,3.0,2400.0,0.4,21148,9519,0.45871088036412744,0.28722141839376725,0.0,0.6261491294162658,0.37385087058373423
linear_survival,3.0,2400.0,0.6,21148,9519,0.45871088036412744,0.36179632131005385,0.09787816670612717,0.7314141556856457,0.2685858443143543
linear_survival,3.0,2400.0,0.8,21148,9519,0.45871088036412744,0.41587972403406415,0.3233918752316717,0.6834801121384361,0.31651988786156393
linear_survival,3.0,2400.0,0.9,21148,9519,0.45871088036412744,0.4380857634195232,0.3988892584177834,0.6552230402060385,0.3447769597939615
linear_survival,3.0,2400.0,0.95,21148,9519,0.45871088036412744,0.44445888324074395,0.4302256028814745,0.4996714660033517,0.5003285339966483
linear_survival,3.0,3600.0,0.1,20972,9661,0.46498646002689553,0.13474338016325774,0.0,0.28977914788199205,0.710220852118008
linear_survival,3.0,3600.0,0.2,20972,9661,0.46498646002689553,0.21426231085389655,0.0,0.46079258058719236,0.5392074194128076
linear_survival,3.0,3600.0,0.4,20972,9661,0.46498646002689553,0.29456982140714594,0.0,0.6335019333468497,0.3664980666531503
linear_survival,3.0,3600.0,0.6,20972,9661,0.46498646002689553,0.3676624056021363,0.10834661135174677,0.7271083004709089,0.2728916995290911
linear_survival,3.0,3600.0,0.8,20972,9661,0.46498646002689553,0.42297848543940203,0.33123719320690426,0.6859199636284313,0.31408003637156867
linear_survival,3.0,3600.0,0.9,20972,9661,0.46498646002689553,0.4445615943069354,0.4055664077396361,0.6562630806647824,0.34373691933521755
linear_survival,3.0,3600.0,0.95,20972,9661,0.46498646002689553,0.4506864301579876,0.4368328116846657,0.49207187306313627,0.5079281269368637
linear_survival,5.0,1.0,0.1,18314,1231,0.060005938934407685,0.020295798851905567,0.0,0.338229835451635,0.661770164548365
linear_survival,5.0,1.0,0.2,18314,1231,0.060005938934407685,0.026773744378496302,0.0,0.4461849085931745,0.5538150914068255
linear_survival,5.0,1.0,0.4,18314,1231,0.060005938934407685,0.032624511119880184,0.0,0.5436880365382156,0.4563119634617844
linear_survival,5.0,1.0,0.6,18314,1231,0.060005938934407685,0.04202918200898119,0.0,0.7004170379689111,0.2995829620310889
linear_survival,5.0,1.0,0.8,18314,1231,0.060005938934407685,0.04130854751956271,0.0,0.6884076518612093,0.31159234813879066
linear_survival,5.0,1.0,0.9,18314,1231,0.060005938934407685,0.04579455120679612,0.0,0.7631669801359829,0.23683301986401706
linear_survival,5.0,1.0,0.95,18314,1231,0.060005938934407685,0.05295164687074063,0.010610532595334829,0.8571872854887934,0.14281271451120658
linear_survival,5.0,2.0,0.1,18242,2031,0.109533437546633,0.021240715882300778,0.0,0.19391992397990532,0.8060800760200947
linear_survival,5.0,2.0,0.2,18242,2031,0.109533437546633,0.042746372440870845,0.0,0.39025865889283273,0.6097413411071673
linear_survival,5.0,2.0,0.4,18242,2031,0.109533437546633,0.05700745353054029,0.0,0.5204570842238911,0.47954291577610886
linear_survival,5.0,2.0,0.6,18242,2031,0.109533437546633,0.07719018747899324,0.0,0.7047180222580901,0.2952819777419099
linear_survival,5.0,2.0,0.8,18242,2031,0.109533437546633,0.08425266302106761,0.0,0.7691958264817326,0.23080417351826743
linear_survival,5.0,2.0,0.9,18242,2031,0.109533437546633,0.09192960067806982,0.010598792985555749,0.8220660017867103,0.1779339982132897
linear_survival,5.0,2.0,0.95,18242,2031,0.109533437546633,0.09984087163961677,0.0628575106501949,0.7923433651671976,0.2076566348328024
linear_survival,5.0,3.0,0.1,18242,2732,0.15676166344975379,0.023792414925528305,0.0,0.15177444792268613,0.8482255520773139
linear_survival,5.0,3.0,0.2,18242,2732,0.15676166344975379,0.054313433645921484,0.0,0.34647140410914534,0.6535285958908547
linear_survival,5.0,3.0,0.4,18242,2732,0.15676166344975379,0.08237704463903278,0.0,0.5254922844413218,0.4745077155586782
linear_survival,5.0,3.0,0.6,18242,2732,0.15676166344975379,0.11186920172166837,0.0,0.7136260183761406,0.2863739816238594
linear_survival,5.0,3.0,0.8,18242,2732,0.15676166344975379,0.12988965750757356,0.0,0.8285805001629534,0.17141949983704663
linear_survival,5.0,3.0,0.9,18242,2732,0.15676166344975379,0.13968126168255243,0.06340697724180422,0.817037553646162,0.18296244635383796
linear_survival,5.0,3.0,0.95,18242,2732,0.15676166344975379,0.1472762628091419,0.11238564113788728,0.7862494169948305,0.21375058300516947
linear_survival,5.0,5.0,0.1,18242,3628,0.19692414812966483,0.03521619877873146,0.0,0.17883128663094852,0.8211687133690515
linear_survival,5.0,5.0,0.2,18242,3628,0.19692414812966483,0.07229814595244594,0.0,0.367137025291795,0.6328629747082051
linear_survival,5.0,5.0,0.4,18242,3628,0.19692414812966483,0.1117983729623342,0.0,0.5677230244445212,0.43227697555547884
linear_survival,5.0,5.0,0.6,18242,3628,0.19692414812966483,0.14532227514841375,0.0,0.7379606641879503,0.26203933581204975
linear_survival,5.0,5.0,0.8,18242,3628,0.19692414812966483,0.16553246472330682,0.0,0.8405899748481424,0.15941002515185765
linear_survival,5.0,5.0,0.9,18242,3628,0.19692414812966483,0.17952567372746028,0.10812398225234877,0.8040716002012674,0.19592839979873256
linear_survival,5.0,5.0,0.95,18242,3628,0.19692414812966483,0.1871579989845743,0.15471068049287032,0.7686484979362828,0.23135150206371724
linear_survival,5.0,10.0,0.1,18235,4998,0.275134588569969,0.07294959317749945,0.0,0.2651414842338072,0.7348585157661929
linear_survival,5.0,10.0,0.2,18235,4998,0.275134588569969,0.1320989321231899,0.0,0.48012477387806174,0.5198752261219383
linear_survival,5.0,10.0,0.4,18235,4998,0.275134588569969,0.1712998596805859,0.0,0.6226038702401204,0.3773961297598796
linear_survival,5.0,10.0,0.6,18235,4998,0.275134588569969,0.20370740578491364,0.0,0.7403918454735079,0.2596081545264921
linear_survival,5.0,10.0,0.8,18235,4998,0.275134588569969,0.24274163449834346,0.09413720914309408,0.8210308117487819,0.1789691882512181
linear_survival,5.0,10.0,0.9,18235,4998,0.275134588569969,0.25805445650028114,0.19459813705174783,0.7879204788924242,0.21207952110757577
linear_survival,5.0,10.0,0.95,18235,4998,0.275134588569969,0.26371490416469534,0.2369950428155622,0.7005815308129578,0.2994184691870422
linear_survival,5.0,20.0,0.1,18192,5927,0.3464033212739969,0.08052158538382201,0.0,0.2324503849665209,0.7675496150334791
linear_survival,5.0,20.0,0.2,18192,5927,0.3464033212739969,0.167742919141688,0.0,0.48424165947591274,0.5157583405240873
linear_survival,5.0,20.0,0.4,18192,5927,0.3464033212739969,0.2130460477051222,0.0,0.615023109251911,0.38497689074808905
linear_survival,5.0,20.0,0.6,18192,5927,0.3464033212739969,0.25547716854200153,0.0,0.7375136231442916,0.2624863768557084
linear_survival,5.0,20.0,0.8,18192,5927,0.3464033212739969,0.30968549083871993,0.18392857039843505,0.7740090060922827,0.22599099390771726
linear_survival,5.0,20.0,0.9,18192,5927,0.3464033212739969,0.3327640607925668,0.2738150319876854,0.812101089369492,0.187898910630508
linear_survival,5.0,20.0,0.95,18192,5927,0.3464033212739969,0.33535548235233087,0.3127207507753099,0.6720013123078978,0.32799868769210216
linear_survival,5.0,30.0,0.1,18020,6296,0.3684956633505796,0.0813989964782475,0.0,0.2208953987086846,0.7791046012913154
linear_survival,5.0,30.0,0.2,18020,6296,0.3684956633505796,0.17471675933182354,0.0,0.47413518450446845,0.5258648154955315
linear_survival,5.0,30.0,0.4,18020,6296,0.3684956633505796,0.2221895110830877,0.0,0.6029637067172238,0.39703629328277623
linear_survival,5.0,30.0,0.6,18020,6296,0.3684956633505796,0.2663342003009403,0.0,0.7227607453484605,0.27723925465153954
linear_survival,5.0,30.0,0.8,18020,6296,0.3684956633505796,0.3317453844621833,0.21068633342353896,0.7671222677050408,0.23287773229495923
linear_survival,5.0,30.0,0.9,18020,6296,0.3684956633505796,0.35077667830701076,0.29838392173568,0.747275069261675,0.252724930738325
linear_survival,5.0,30.0,0.95,18020,6296,0.3684956633505796,0.35950715294355656,0.3354189154398401,0.7282528974347988,0.2717471025652012
linear_survival,5.0,60.0,0.1,18012,6383,0.37282246405678204,0.09130760283126269,0.0,0.2449090696888808,0.7550909303111192
linear_survival,5.0,60.0,0.2,18012,6383,0.37282246405678204,0.18145607794618002,0.0,0.4867090785563385,0.5132909214436615
linear_survival,5.0,60.0,0.4,18012,6383,0.37282246405678204,0.2237655043068862,0.0,0.6001931908073168,0.3998068091926832
linear_survival,5.0,60.0,0.6,18012,6383,0.37282246405678204,0.27403082997981054,0.0,0.7350169488125983,0.26498305118740173
linear_survival,5.0,60.0,0.8,18012,6383,0.37282246405678204,0.33366007567607914,0.2160295960993359,0.7502285091734425,0.24977149082655747
linear_survival,5.0,60.0,0.9,18012,6383,0.37282246405678204,0.3561179641916516,0.303176616101336,0.7601508150806537,0.23984918491934626
linear_survival,5.0,60.0,0.95,18012,6383,0.37282246405678204,0.3628806058921632,0.3399140278028113,0.69789332778098,0.30210667221902
linear_survival,5.0,120.0,0.1,18012,6383,0.37282246405678204,0.09130760283126269,0.0,0.2449090696888808,0.7550909303111192
linear_survival,5.0,120.0,0.2,18012,6383,0.37282246405678204,0.18145607794618002,0.0,0.4867090785563385,0.5132909214436615
linear_survival,5.0,120.0,0.4,18012,6383,0.37282246405678204,0.2237901681949499,0.0,0.6002593453190255,0.3997406546809745
linear_survival,5.0,120.0,0.6,18012,6383,0.37282246405678204,0.27401557993126635,0.0,0.7349760444948213,0.26502395550517865
linear_survival,5.0,120.0,0.8,18012,6383,0.37282246405678204,0.333690114643794,0.2160295960993359,0.7504200929368252,0.2495799070631748
linear_survival,5.0,120.0,0.9,18012,6383,0.37282246405678204,0.35607734763896715,0.303176616101336,0.759567628087074,0.240432371912926
linear_survival,5.0,120.0,0.95,18012,6383,0.37282246405678204,0.3628458528915813,0.3399140278028113,0.6968372763687004,0.3031627236312996
linear_survival,5.0,180.0,0.1,18012,6383,0.37282246405678204,0.09130760283126269,0.0,0.2449090696888808,0.7550909303111192
linear_survival,5.0,180.0,0.2,18012,6383,0.37282246405678204,0.18149551518695292,0.0,0.48681485877232594,0.513185141227674
linear_survival,5.0,180.0,0.4,18012,6383,0.37282246405678204,0.22379657304100842,0.0,0.6002765246648966,0.39972347533510344
linear_survival,5.0,180.0,0.6,18012,6383,0.37282246405678204,0.27389612381717193,0.0,0.7346556343113936,0.2653443656886064
linear_survival,5.0,180.0,0.8,18012,6383,0.37282246405678204,0.3337011583684965,0.2160295960993359,0.7504905280583098,0.24950947194169015
linear_survival,5.0,180.0,0.9,18012,6383,0.37282246405678204,0.35607734763896715,0.303176616101336,0.759567628087074,0.240432371912926
linear_survival,5.0,180.0,0.95,18012,6383,0.37282246405678204,0.36280715329848295,0.3399140278028113,0.6956612984887531,0.30433870151124687
linear_survival,5.0,300.0,0.1,18012,6383,0.37282246405678204,0.09130760283126269,0.0,0.2449090696888808,0.7550909303111192
linear_survival,5.0,300.0,0.2,18012,6383,0.37282246405678204,0.18150435934087014,0.0,0.48683858093171783,0.5131614190682822
linear_survival,5.0,300.0,0.4,18012,6383,0.37282246405678204,0.22385330041956927,0.0,0.6004286812113223,0.3995713187886777
linear_survival,5.0,300.0,0.6,18012,6383,0.37282246405678204,0.2738798946996594,0.0,0.7346121038938969,0.26538789610610314
linear_survival,5.0,300.0,0.8,18012,6383,0.37282246405678204,0.33380012932608116,0.2160295960993359,0.7511217491009119,0.2488782508990881
linear_survival,5.0,300.0,0.9,18012,6383,0.37282246405678204,0.35606021153201295,0.303176616101336,0.759321581733167,0.240678418266833
linear_survival,5.0,300.0,0.95,18012,6383,0.37282246405678204,0.3628169605817997,0.3399140278028113,0.695959315788665,0.304040684211335
linear_survival,5.0,600.0,0.1,18012,6383,0.37282246405678204,0.09130760283126269,0.0,0.2449090696888808,0.7550909303111192
linear_survival,5.0,600.0,0.2,18012,6383,0.37282246405678204,0.1815942484056433,0.0,0.48707968513932126,0.5129203148606787
linear_survival,5.0,600.0,0.4,18012,6383,0.37282246405678204,0.2236363551981634,0.0,0.5998467816684535,0.4001532183315465
linear_survival,5.0,600.0,0.6,18012,6383,0.37282246405678204,0.2740294998027674,0.0,0.7350133809561215,0.26498661904387855
linear_survival,5.0,600.0,0.8,18012,6383,0.37282246405678204,0.33361765061259996,0.2160295960993359,0.7499579288592237,0.25004207114077626
linear_survival,5.0,600.0,0.9,18012,6383,0.37282246405678204,0.3560276093917306,0.303176616101336,0.758853468539927,0.24114653146007303
linear_survival,5.0,600.0,0.95,18012,6383,0.37282246405678204,0.36284660647351574,0.3399140278028113,0.6968601757227946,0.3031398242772054
linear_survival,5.0,900.0,0.1,18012,6383,0.37282246405678204,0.09130760283126269,0.0,0.2449090696888808,0.7550909303111192
linear_survival,5.0,900.0,0.2,18012,6383,0.37282246405678204,0.1815942484056433,0.0,0.48707968513932126,0.5129203148606787
linear_survival,5.0,900.0,0.4,18012,6383,0.37282246405678204,0.22384637487349307,0.0,0.6004101052220946,0.3995898947779054
linear_survival,5.0,900.0,0.6,18012,6383,0.37282246405678204,0.2767858198083855,0.0,0.7424064977110129,0.25759350228898714
linear_survival,5.0,900.0,0.8,18012,6383,0.37282246405678204,0.33348957031157095,0.2160295960993359,0.7491410530491341,0.25085894695086586
linear_survival,5.0,900.0,0.9,18012,6383,0.37282246405678204,0.3560448660611465,0.303176616101336,0.7591012459727887,0.24089875402721128
linear_survival,5.0,900.0,0.95,18012,6383,0.37282246405678204,0.36284660647351574,0.3399140278028113,0.6968601757227946,0.3031398242772054
linear_survival,5.0,1200.0,0.1,18012,6383,0.37282246405678204,0.09130760283126269,0.0,0.2449090696888808,0.7550909303111192
linear_survival,5.0,1200.0,0.2,18012,6383,0.37282246405678204,0.1815942484056433,0.0,0.48707968513932126,0.5129203148606787
linear_survival,5.0,1200.0,0.4,18012,6383,0.37282246405678204,0.22379684583677217,0.0,0.600277256369099,0.399722743630901
linear_survival,5.0,1200.0,0.6,18012,6383,0.37282246405678204,0.27669179540035477,0.0,0.7421543015128341,0.2578456984871659
linear_survival,5.0,1200.0,0.8,18012,6383,0.37282246405678204,0.3334416241770138,0.2160295960993359,0.7488352602207883,0.2511647397792117
linear_survival,5.0,1200.0,0.9,18012,6383,0.37282246405678204,0.3560448660611465,0.303176616101336,0.7591012459727887,0.24089875402721128
linear_survival,5.0,1200.0,0.95,18012,6383,0.37282246405678204,0.36316964173090127,0.3399140278028113,0.7066763594786104,0.2933236405213896
linear_survival,5.0,1800.0,0.1,18012,6383,0.37282246405678204,0.09130760283126269,0.0,0.2449090696888808,0.7550909303111192
linear_survival,5.0,1800.0,0.2,18012,6383,0.37282246405678204,0.18147903491293424,0.0,0.48677065469234815,0.5132293453076519
linear_survival,5.0,1800.0,0.4,18012,6383,0.37282246405678204,0.2234441481444827,0.0,0.5993312358733068,0.40066876412669317
linear_survival,5.0,1800.0,0.6,18012,6383,0.37282246405678204,0.276434059155744,0.0,0.7414629905821399,0.25853700941786006
linear_survival,5.0,1800.0,0.8,18012,6383,0.37282246405678204,0.3335122672545703,0.2160295960993359,0.7492858105454094,0.25071418945459056
linear_survival,5.0,1800.0,0.9,18012,6383,0.37282246405678204,0.3561670722820333,0.303176616101336,0.7608559266102476,0.2391440733897524
linear_survival,5.0,1800.0,0.95,18012,6383,0.37282246405678204,0.3631349169015694,0.3399140278028113,0.7056211641158202,0.2943788358841798
linear_survival,5.0,2400.0,0.1,18012,6383,0.37282246405678204,0.10113595229184434,0.0,0.2712710795142457,0.7287289204857543
linear_survival,5.0,2400.0,0.2,18012,6383,0.37282246405678204,0.18312852852248934,0.0,0.4911949954136838,0.5088050045863162
linear_survival,5.0,2400.0,0.4,18012,6383,0.37282246405678204,0.22348240667947175,0.0,0.5994338545153617,0.4005661454846383
linear_survival,5.0,2400.0,0.6,18012,6383,0.37282246405678204,0.276372968640143,0.0,0.7412991310471316,0.25870086895286837
linear_survival,5.0,2400.0,0.8,18012,6383,0.37282246405678204,0.3335156796567635,0.2160295960993359,0.7493075743044225,0.2506924256955775
linear_survival,5.0,2400.0,0.9,18012,6383,0.37282246405678204,0.35609923291083584,0.303176616101336,0.7598818646497861,0.24011813535021387
linear_survival,5.0,2400.0,0.95,18012,6383,0.37282246405678204,0.3630442299915277,0.3399140278028113,0.702865429709547,0.297134570290453
linear_survival,5.0,3600.0,0.1,17827,6525,0.3794330855526717,0.11501575067858655,0.0,0.3031252546441958,0.6968747453558042
linear_survival,5.0,3600.0,0.2,17827,6525,0.3794330855526717,0.19565125781549958,0.0,0.5156410056611679,0.4843589943388321
linear_survival,5.0,3600.0,0.4,17827,6525,0.3794330855526717,0.23080890526298528,0.0,0.6082993656886706,0.3917006343113294
linear_survival,5.0,3600.0,0.6,17827,6525,0.3794330855526717,0.2846723044122245,0.0,0.7502569366020856,0.2497430633979144
linear_survival,5.0,3600.0,0.8,17827,6525,0.3794330855526717,0.3411897139699472,0.22429938477898653,0.7534812139980122,0.24651878600198784
linear_survival,5.0,3600.0,0.9,17827,6525,0.3794330855526717,0.36360690591793254,0.311116899169745,0.7683392403371281,0.23166075966287192
linear_survival,5.0,3600.0,0.95,17827,6525,0.3794330855526717,0.3706617930447345,0.3469537651427328,0.7299422402553379,0.27005775974466206
linear_survival,7.0,1.0,0.1,16211,701,0.053037618586148846,0.0,0.0,0.0,1.0
linear_survival,7.0,1.0,0.2,16211,701,0.053037618586148846,0.012976565682553976,0.0,0.24466720091280453,0.7553327990871954
linear_survival,7.0,1.0,0.4,16211,701,0.053037618586148846,0.02542255151655476,0.0,0.4793305618588622,0.5206694381411379
linear_survival,7.0,1.0,0.6,16211,701,0.053037618586148846,0.0369535884896757,0.0,0.6967429812040316,0.30325701879596845
linear_survival,7.0,1.0,0.8,16211,701,0.053037618586148846,0.04743426573576661,0.0,0.8943513491036419,0.10564865089635811
linear_survival,7.0,1.0,0.9,16211,701,0.053037618586148846,0.05098579375211942,0.0,0.9613137827691743,0.03868621723082566
linear_survival,7.0,1.0,0.95,16211,701,0.053037618586148846,0.05308124741536389,0.0032338484694478765,1.0008760145891127,-0.0008760145891126836
linear_survival,7.0,2.0,0.1,16211,1332,0.08336589952397272,5.492430743881089e-05,0.0,0.0006588342206157908,0.9993411657793843
linear_survival,7.0,2.0,0.2,16211,1332,0.08336589952397272,0.024357968311142557,0.0,0.29218143689720727,0.7078185631027927
linear_survival,7.0,2.0,0.4,16211,1332,0.08336589952397272,0.04250855393481001,0.0,0.5099033798895943,0.49009662011040567
linear_survival,7.0,2.0,0.6,16211,1332,0.08336589952397272,0.059778443630511546,0.0,0.7170611001842743,0.28293889981572573
linear_survival,7.0,2.0,0.8,16211,1332,0.08336589952397272,0.07137718407740234,0.0,0.8561916141368703,0.14380838586312972
linear_survival,7.0,2.0,0.9,16211,1332,0.08336589952397272,0.0789540939421184,0.0,0.9470790142366825,0.052920985763317496
linear_survival,7.0,2.0,0.95,16211,1332,0.08336589952397272,0.08168930913241101,0.03747173136307342,0.9634683346763409,0.036531665323659146
linear_survival,7.0,3.0,0.1,16211,1597,0.09814036176974181,0.01265318732621606,0.0,0.12892949544962073,0.8710705045503793
linear_survival,7.0,3.0,0.2,16211,1597,0.09814036176974181,0.032285757166441546,0.0,0.3289753225303042,0.6710246774696957
linear_survival,7.0,3.0,0.4,16211,1597,0.09814036176974181,0.05602291339730562,0.0,0.5708447817702905,0.4291552182297095
linear_survival,7.0,3.0,0.6,16211,1597,0.09814036176974181,0.07359828506409007,0.0,0.7499288135575384,0.2500711864424616
linear_survival,7.0,3.0,0.8,16211,1597,0.09814036176974181,0.08674905404042246,0.0,0.8839284110644937,0.11607158893550629
linear_survival,7.0,3.0,0.9,16211,1597,0.09814036176974181,0.09415363101747677,0.0,0.9593772564073204,0.04062274359267959
linear_survival,7.0,3.0,0.95,16211,1597,0.09814036176974181,0.0970560881837209,0.050698222927087144,0.977145347733647,0.02285465226635297
linear_survival,7.0,5.0,0.1,16204,2331,0.15112490561257333,0.022744930629669157,0.0,0.15050418418773734,0.8494958158122626
linear_survival,7.0,5.0,0.2,16204,2331,0.15112490561257333,0.06235378052204164,0.0,0.41259764741817584,0.5874023525818242
linear_survival,7.0,5.0,0.4,16204,2331,0.15112490561257333,0.09262442089595592,0.0,0.6128997766483947,0.3871002233516053
linear_survival,7.0,5.0,0.6,16204,2331,0.15112490561257333,0.12366480985746899,0.0,0.8182953653880085,0.1817046346119915
linear_survival,7.0,5.0,0.8,16204,2331,0.15112490561257333,0.13768195786045714,0.0,0.9110474365715815,0.08895256342841851
linear_survival,7.0,5.0,0.9,16204,2331,0.15112490561257333,0.14712775743190687,0.05680557677616501,0.9576211129788753,0.04237888702112469
linear_survival,7.0,5.0,0.95,16204,2331,0.15112490561257333,0.14740861276083309,0.10815931671668323,0.9135053668007392,0.08649463319926076
linear_survival,7.0,10.0,0.1,16183,3417,0.21516238223431325,0.057873460367875405,0.0,0.26897573714744816,0.7310242628525518
linear_survival,7.0,10.0,0.2,16183,3417,0.21516238223431325,0.0909693503345259,0.0,0.42279393539833404,0.5772060646016659
linear_survival,7.0,10.0,0.4,16183,3417,0.21516238223431325,0.12667332667332667,0.0,0.5887336129945735,0.4112663870054265
linear_survival,7.0,10.0,0.6,16183,3417,0.21516238223431325,0.1512565862033744,0.0,0.7029880624702091,0.29701193752979094
linear_survival,7.0,10.0,0.8,16183,3417,0.21516238223431325,0.18440385680875065,0.018964512223141702,0.8432270165633744,0.1567729834366256
linear_survival,7.0,10.0,0.9,16183,3417,0.21516238223431325,0.20176330096615483,0.12894662175907443,0.8445866371264378,0.15541336287356222
linear_survival,7.0,10.0,0.95,16183,3417,0.21516238223431325,0.2070868096373474,0.1738627270107809,0.8044639221984493,0.1955360778015507
linear_survival,7.0,20.0,0.1,16100,4123,0.2748893334874732,0.06420385212712852,0.0,0.23356254428858847,0.7664374557114115
linear_survival,7.0,20.0,0.2,16100,4123,0.2748893334874732,0.1251475294885413,0.0,0.4552651348847056,0.5447348651152943
linear_survival,7.0,20.0,0.4,16100,4123,0.2748893334874732,0.15428229485475448,0.0,0.5612523879970235,0.4387476120029765
linear_survival,7.0,20.0,0.6,16100,4123,0.2748893334874732,0.1986344426293199,0.0,0.7225978545958086,0.2774021454041914
linear_survival,7.0,20.0,0.8,16100,4123,0.2748893334874732,0.2445262710787102,0.09361961204137612,0.8324978812427213,0.16750211875727872
linear_survival,7.0,20.0,0.9,16100,4123,0.2748893334874732,0.26256260182922314,0.19436548551305305,0.8469182488377126,0.1530817511622874
linear_survival,7.0,20.0,0.95,16100,4123,0.2748893334874732,0.26801718067980623,0.23675198574273895,0.8198051722509776,0.1801948277490224
linear_survival,7.0,30.0,0.1,15981,4321,0.292373937799287,0.06649979140592407,0.0,0.22744774006353397,0.772552259936466
linear_survival,7.0,30.0,0.2,15981,4321,0.292373937799287,0.13264617482536945,0.0,0.4536867267438532,0.5463132732561469
linear_survival,7.0,30.0,0.4,15981,4321,0.292373937799287,0.16255872466474974,0.0,0.5559959478205796,0.4440040521794204
linear_survival,7.0,30.0,0.6,15981,4321,0.292373937799287,0.20485606175496876,0.0,0.7006645780295275,0.29933542197047247
linear_survival,7.0,30.0,0.8,15981,4321,0.292373937799287,0.26019033336501135,0.11593421008872253,0.8175943431114884,0.18240565688851162
linear_survival,7.0,30.0,0.9,15981,4321,0.292373937799287,0.27682340819888296,0.2137896892517213,0.8021164560606371,0.19788354393936292
linear_survival,7.0,30.0,0.95,15981,4321,0.292373937799287,0.2839351609732373,0.2556649614332233,0.7701168035333423,0.22988319646665767
linear_survival,7.0,60.0,0.1,15981,4352,0.29464966275600385,0.06319358816276202,0.0,0.2144702545106659,0.7855297454893341
linear_survival,7.0,60.0,0.2,15981,4352,0.29464966275600385,0.12935059653281863,0.0,0.4389979452986255,0.5610020547013745
linear_survival,7.0,60.0,0.4,15981,4352,0.29464966275600385,0.16498842117115062,0.0,0.5599477685734727,0.4400522314265273
linear_survival,7.0,60.0,0.6,15981,4352,0.29464966275600385,0.2079365268061686,0.0,0.705707669444572,0.29429233055542803
linear_survival,7.0,60.0,0.8,15981,4352,0.29464966275600385,0.25694233836683167,0.11877736509522939,0.7855982727768603,0.21440172722313966
linear_survival,7.0,60.0,0.9,15981,4352,0.29464966275600385,0.27747980387786425,0.21631814110075803,0.7808052427002771,0.21919475729972293
linear_survival,7.0,60.0,0.95,15981,4352,0.29464966275600385,0.28388229094710865,0.2580587424341056,0.7057365129334738,0.29426348706652616
linear_survival,7.0,120.0,0.1,15981,4352,0.29464966275600385,0.06319358816276202,0.0,0.2144702545106659,0.7855297454893341
linear_survival,7.0,120.0,0.2,15981,4352,0.29464966275600385,0.12932184462433574,0.0,0.43890036531766113,0.5610996346823389
linear_survival,7.0,120.0,0.4,15981,4352,0.29464966275600385,0.16500305419511632,0.0,0.5599974310228671,0.44000256897713286
linear_survival,7.0,120.0,0.6,15981,4352,0.29464966275600385,0.20825876313411734,0.0,0.7068012947517749,0.2931987052482251
linear_survival,7.0,120.0,0.8,15981,4352,0.29464966275600385,0.25698759266471016,0.11877736509522939,0.7858555861711835,0.21414441382881655
linear_survival,7.0,120.0,0.9,15981,4352,0.29464966275600385,0.27747980387786425,0.21631814110075803,0.7808052427002771,0.21919475729972293
linear_survival,7.0,120.0,0.95,15981,4352,0.29464966275600385,0.2838401270312158,0.2580587424341056,0.7045842075112018,0.29541579248879823
linear_survival,7.0,180.0,0.1,15981,4352,0.29464966275600385,0.06319358816276202,0.0,0.2144702545106659,0.7855297454893341
linear_survival,7.0,180.0,0.2,15981,4352,0.29464966275600385,0.12932184462433574,0.0,0.43890036531766113,0.5610996346823389
linear_survival,7.0,180.0,0.4,15981,4352,0.29464966275600385,0.16502264068575145,0.0,0.560063904849621,0.439936095150379
linear_survival,7.0,180.0,0.6,15981,4352,0.29464966275600385,0.20785303614526118,0.0,0.7054243137463965,0.29457568625360353
linear_survival,7.0,180.0,0.8,15981,4352,0.29464966275600385,0.2572678005265276,0.11877736509522939,0.787448832325037,0.21255116767496296
linear_survival,7.0,180.0,0.9,15981,4352,0.29464966275600385,0.27738064125027256,0.21631814110075803,0.7795393075378259,0.22046069246217415
linear_survival,7.0,180.0,0.95,15981,4352,0.29464966275600385,0.2838855140580269,0.2580587424341056,0.7058245979253219,0.29417540207467807
linear_survival,7.0,300.0,0.1,15981,4352,0.29464966275600385,0.06319358816276202,0.0,0.2144702545106659,0.7855297454893341
linear_survival,7.0,300.0,0.2,15981,4352,0.29464966275600385,0.12932184462433574,0.0,0.43890036531766113,0.5610996346823389
linear_survival,7.0,300.0,0.4,15981,4352,0.29464966275600385,0.16488878481163344,0.0,0.5596096166184179,0.4403903833815821
linear_survival,7.0,300.0,0.6,15981,4352,0.29464966275600385,0.20787466397995263,0.0,0.705497715611137,0.29450228438886294
linear_survival,7.0,300.0,0.8,15981,4352,0.29464966275600385,0.2572068863241596,0.11877736509522939,0.7871024775939158,0.21289752240608417
linear_survival,7.0,300.0,0.9,15981,4352,0.29464966275600385,0.2774328402871868,0.21631814110075803,0.7802056936338851,0.21979430636611486
linear_survival,7.0,300.0,0.95,15981,4352,0.29464966275600385,0.2840565831310785,0.2580587424341056,0.7104997761265439,0.2895002238734561
linear_survival,7.0,600.0,0.1,15981,4352,0.29464966275600385,0.06322490323072498,0.0,0.21457653349863437,0.7854234665013656
linear_survival,7.0,600.0,0.2,15981,4352,0.29464966275600385,0.12927795647106777,0.0,0.4387514150257875,0.5612485849742125
linear_survival,7.0,600.0,0.4,15981,4352,0.29464966275600385,0.16489838480171187,0.0,0.5596421976503752,0.44035780234962485
linear_survival,7.0,600.0,0.6,15981,4352,0.29464966275600385,0.20776226749048415,0.0,0.7051162575486462,0.29488374245135385
linear_survival,7.0,600.0,0.8,15981,4352,0.29464966275600385,0.25717422251256866,0.11877736509522939,0.7869167529970043,0.21308324700299575
linear_survival,7.0,600.0,0.9,15981,4352,0.29464966275600385,0.27738395167714763,0.21631814110075803,0.7795815692838651,0.22041843071613487
linear_survival,7.0,600.0,0.95,15981,4352,0.29464966275600385,0.2840078132596517,0.2580587424341056,0.7091669353289421,0.29083306467105785
linear_survival,7.0,900.0,0.1,15981,4352,0.29464966275600385,0.06322490323072498,0.0,0.21457653349863437,0.7854234665013656
linear_survival,7.0,900.0,0.2,15981,4352,0.29464966275600385,0.12923709110946363,0.0,0.4386127236686622,0.5613872763313378
linear_survival,7.0,900.0,0.4,15981,4352,0.29464966275600385,0.16477340875076266,0.0,0.5592180463047389,0.4407819536952611
linear_survival,7.0,900.0,0.6,15981,4352,0.29464966275600385,0.20777208946378387,0.0,0.7051495919608014,0.2948504080391986
linear_survival,7.0,900.0,0.8,15981,4352,0.29464966275600385,0.25715998823006697,0.11877736509522939,0.7868358176667049,0.21316418233329515
linear_survival,7.0,900.0,0.9,15981,4352,0.29464966275600385,0.2773899573684299,0.21631814110075803,0.7796582394564263,0.22034176054357368
linear_survival,7.0,900.0,0.95,15981,4352,0.29464966275600385,0.2840078132596517,0.2580587424341056,0.7091669353289421,0.29083306467105785
linear_survival,7.0,1200.0,0.1,15981,4352,0.29464966275600385,0.06322490323072498,0.0,0.21457653349863437,0.7854234665013656
linear_survival,7.0,1200.0,0.2,15981,4352,0.29464966275600385,0.12908646156413858,0.0,0.438101507928871,0.561898492071129
linear_survival,7.0,1200.0,0.4,15981,4352,0.29464966275600385,0.16477083341481613,0.0,0.5592093059725001,0.44079069402749993
linear_survival,7.0,1200.0,0.6,15981,4352,0.29464966275600385,0.2078178390564951,0.0,0.7053048597194111,0.29469514028058885
linear_survival,7.0,1200.0,0.8,15981,4352,0.29464966275600385,0.25717550385546867,0.11877736509522939,0.7869240386407188,0.2130759613592812
linear_survival,7.0,1200.0,0.9,15981,4352,0.29464966275600385,0.27721873176787565,0.21631814110075803,0.7774723301706618,0.22252766982933825
linear_survival,7.0,1200.0,0.95,15981,4352,0.29464966275600385,0.2840078132596517,0.2580587424341056,0.7091669353289421,0.29083306467105785
linear_survival,7.0,1800.0,0.1,15981,4352,0.29464966275600385,0.06322490323072498,0.0,0.21457653349863437,0.7854234665013656
linear_survival,7.0,1800.0,0.2,15981,4352,0.29464966275600385,0.12868793632152412,0.0,0.4367489686492164,0.5632510313507836
linear_survival,7.0,1800.0,0.4,15981,4352,0.29464966275600385,0.16476131019197612,0.0,0.5591769854778798,0.44082301452212025
linear_survival,7.0,1800.0,0.6,15981,4352,0.29464966275600385,0.2078321375775463,0.0,0.7053533869124086,0.29464661308759144
linear_survival,7.0,1800.0,0.8,15981,4352,0.29464966275600385,0.2571486170768248,0.11877736509522939,0.7867711619284594,0.21322883807154058
linear_survival,7.0,1800.0,0.9,15981,4352,0.29464966275600385,0.2772338179715936,0.21631814110075803,0.777664924459642,0.22233507554035803
linear_survival,7.0,1800.0,0.95,15981,4352,0.29464966275600385,0.2837469523396165,0.2580587424341056,0.7020378192055886,0.2979621807944114
linear_survival,7.0,2400.0,0.1,15981,4352,0.29464966275600385,0.06322063116678361,0.0,0.21456203470742108,0.7854379652925789
linear_survival,7.0,2400.0,0.2,15981,4352,0.29464966275600385,0.1291706453357823,0.0,0.43838721594854524,0.5616127840514548
linear_survival,7.0,2400.0,0.4,15981,4352,0.29464966275600385,0.16481895177846909,0.0,0.5593726130104342,0.44062738698956583
linear_survival,7.0,2400.0,0.6,15981,4352,0.29464966275600385,0.21122360792779207,0.0,0.7168635658772297,0.28313643412277034
linear_survival,7.0,2400.0,0.8,15981,4352,0.29464966275600385,0.25728459595893693,0.11877736509522939,0.7875443302097679,0.21245566979023212
linear_survival,7.0,2400.0,0.9,15981,4352,0.29464966275600385,0.27721197680539267,0.21631814110075803,0.77738609461261,0.22261390538739
linear_survival,7.0,2400.0,0.95,15981,4352,0.29464966275600385,0.28379931923404583,0.2580587424341056,0.7034689637072478,0.29653103629275224
linear_survival,7.0,3600.0,0.1,15796,4494,0.3012336284733124,0.07182569945491543,0.0,0.23843851637327662,0.7615614836267234
linear_survival,7.0,3600.0,0.2,15796,4494,0.3012336284733124,0.1388703799097387,0.0,0.46100556771682555,0.5389944322831745
linear_survival,7.0,3600.0,0.4,15796,4494,0.3012336284733124,0.17202203093565516,0.0,0.5710585229394312,0.42894147706056884
linear_survival,7.0,3600.0,0.6,15796,4494,0.3012336284733124,0.21714645430519988,0.0,0.7208572807947231,0.2791427192052769
linear_survival,7.0,3600.0,0.8,15796,4494,0.3012336284733124,0.26346533933206756,0.12677278013822404,0.7835142411510977,0.2164857588489023
linear_survival,7.0,3600.0,0.9,15796,4494,0.3012336284733124,0.2851166118554735,0.2236047411332416,0.792383774003681,0.20761622599631901
linear_survival,7.0,3600.0,0.95,15796,4494,0.3012336284733124,0.290496917408772,0.26448436220445326,0.707838763745915,0.29216123625408497
linear_survival,10.0,1.0,0.1,14614,199,0.023670609388395502,0.000689482026627496,0.0,0.02912819080042418,0.9708718091995758
linear_survival,10.0,1.0,0.2,14614,199,0.023670609388395502,0.0031812755944187745,0.0,0.13439770570412068,0.8656022942958793
linear_survival,10.0,1.0,0.4,14614,199,0.023670609388395502,0.02457888531868402,0.0,1.0383714637585038,-0.038371463758503754
linear_survival,10.0,1.0,0.6,14614,199,0.023670609388395502,0.018584260598493108,0.0,0.7851196516978572,0.21488034830214275
linear_survival,10.0,1.0,0.8,14614,199,0.023670609388395502,0.024784404046268218,0.0,1.0470539072145204,-0.04705390721452041
linear_survival,10.0,1.0,0.9,14614,199,0.023670609388395502,0.02231652454684433,0.0,0.9427946775964707,0.05720532240352927
linear_survival,10.0,1.0,0.95,14614,199,0.023670609388395502,0.021794958627110173,0.0,0.9207603517717264,0.07923964822827356
linear_survival,10.0,2.0,0.1,14607,734,0.05864011388043622,0.000689482026627496,0.0,0.011757856201188658,0.9882421437988114
linear_survival,10.0,2.0,0.2,14607,734,0.05864011388043622,0.0032428807145769584,0.0,0.055301405471159276,0.9446985945288408
linear_survival,10.0,2.0,0.4,14607,734,0.05864011388043622,0.048620619531781685,0.0,0.8291358306519715,0.1708641693480285
linear_survival,10.0,2.0,0.6,14607,734,0.05864011388043622,0.05018492658056238,0.0,0.855812229200075,0.14418777079992495
linear_survival,10.0,2.0,0.8,14607,734,0.05864011388043622,0.05880777686819141,0.0,1.0028591859166072,-0.0028591859166071654
linear_survival,10.0,2.0,0.9,14607,734,0.05864011388043622,0.055370253895040904,0.0,0.9442385123592637,0.055761487640736296
linear_survival,10.0,2.0,0.95,14607,734,0.05864011388043622,0.05635931920173583,0.009119947351736149,0.953942104023852,0.046057895976147956
linear_survival,10.0,3.0,0.1,14607,938,0.0683978358447365,0.000689482026627496,0.0,0.010080465530994643,0.9899195344690054
linear_survival,10.0,3.0,0.2,14607,938,0.0683978358447365,0.0032428807145769584,0.0,0.04741203686529377,0.9525879631347063
linear_survival,10.0,3.0,0.4,14607,938,0.0683978358447365,0.057706476065926035,0.0,0.8436886248407053,0.15631137515929472
linear_survival,10.0,3.0,0.6,14607,938,0.0683978358447365,0.05810254493973342,0.0,0.8494792886667724,0.15052071133322764
linear_survival,10.0,3.0,0.8,14607,938,0.0683978358447365,0.0670150202465032,0.0,0.9797827580192406,0.02021724198075936
linear_survival,10.0,3.0,0.9,14607,938,0.0683978358447365,0.06452881493764334,0.0,0.943433577110892,0.05656642288910796
linear_survival,10.0,3.0,0.95,14607,938,0.0683978358447365,0.06520277035277897,0.01936637910710398,0.9348364151394821,0.06516358486051788
linear_survival,10.0,5.0,0.1,14607,1370,0.09717654898665778,0.0023082659152311824,0.0,0.023753322579381824,0.9762466774206182
linear_survival,10.0,5.0,0.2,14607,1370,0.09717654898665778,0.013396412634659573,0.0,0.13785643526504407,0.8621435647349559
linear_survival,10.0,5.0,0.4,14607,1370,0.09717654898665778,0.07454374265090032,0.0,0.7670960064771911,0.23290399352280888
linear_survival,10.0,5.0,0.6,14607,1370,0.09717654898665778,0.08098612347833173,0.0,0.8333916394731307,0.16660836052686934
linear_survival,10.0,5.0,0.8,14607,1370,0.09717654898665778,0.09410526085062951,0.0,0.9683947601756268,0.031605239824373244
linear_survival,10.0,5.0,0.9,14607,1370,0.09717654898665778,0.0913613424734701,0.0,0.9401583347646343,0.059841665235365715
linear_survival,10.0,5.0,0.95,14607,1370,0.09717654898665778,0.09221808401990884,0.049810750404187865,0.8953154994712985,0.10468450052870149
linear_survival,10.0,10.0,0.1,14586,1970,0.1432075103950104,0.019061929725293872,0.0,0.1331070533431885,0.8668929466568115
linear_survival,10.0,10.0,0.2,14586,1970,0.1432075103950104,0.026790919933999183,0.0,0.18707761806696854,0.8129223819330315
linear_survival,10.0,10.0,0.4,14586,1970,0.1432075103950104,0.09219539306402152,0.0,0.6437888125400564,0.3562111874599436
linear_survival,10.0,10.0,0.6,14586,1970,0.1432075103950104,0.10753875466867154,0.0,0.7509295732608335,0.24907042673916646
linear_survival,10.0,10.0,0.8,14586,1970,0.1432075103950104,0.1239143846880142,0.0,0.8652785342487987,0.13472146575120125
linear_survival,10.0,10.0,0.9,14586,1970,0.1432075103950104,0.12730272214037078,0.048075849322100614,0.8328128819021667,0.16718711809783326
linear_survival,10.0,10.0,0.95,14586,1970,0.1432075103950104,0.13238628558142024,0.09811951804340248,0.7599976346428684,0.2400023653571316
linear_survival,10.0,20.0,0.1,14503,2561,0.199108803685338,0.019329586244730062,0.0,0.09708052023293562,0.9029194797670643
linear_survival,10.0,20.0,0.2,14503,2561,0.199108803685338,0.05090779191267943,0.0,0.255678257166025,0.744321742833975
linear_survival,10.0,20.0,0.4,14503,2561,0.199108803685338,0.11426319102101866,0.0,0.5738731231673448,0.42612687683265515
linear_survival,10.0,20.0,0.6,14503,2561,0.199108803685338,0.14530663891886336,0.0,0.7297851035682932,0.2702148964317068
linear_survival,10.0,20.0,0.8,14503,2561,0.199108803685338,0.1669614128934573,0.0,0.8385435992941583,0.16145640070584166
linear_survival,10.0,20.0,0.9,14503,2561,0.199108803685338,0.18045173630602868,0.11027670217994805,0.7899738150607942,0.21002618493920577
linear_survival,10.0,20.0,0.95,14503,2561,0.199108803685338,0.19115971960051142,0.15808997053434007,0.806208917363287,0.19379108263671296
linear_survival,10.0,30.0,0.1,14384,2724,0.2142332197202266,0.019331887502552034,0.0,0.09023758093071704,0.909762419069283
linear_survival,10.0,30.0,0.2,14384,2724,0.2142332197202266,0.04097922989057336,0.0,0.19128326570496082,0.8087167342950392
linear_survival,10.0,30.0,0.4,14384,2724,0.2142332197202266,0.11930491302962111,0.0,0.5568926853894315,0.4431073146105685
linear_survival,10.0,30.0,0.6,14384,2724,0.2142332197202266,0.14984063411524567,0.0,0.6994276345700584,0.3005723654299416
linear_survival,10.0,30.0,0.8,14384,2724,0.2142332197202266,0.17427172573756664,0.017841144483785015,0.7965218610040692,0.2034781389959308
linear_survival,10.0,30.0,0.9,14384,2724,0.2142332197202266,0.19355431361847042,0.12700930501211985,0.7629216004468755,0.23707839955312449
linear_survival,10.0,30.0,0.95,14384,2724,0.2142332197202266,0.20446547275370752,0.17287981518162554,0.763798239213861,0.23620176078613897
linear_survival,10.0,60.0,0.1,14384,2755,0.21676024517556453,0.02107101548960763,0.0,0.09720885613753207,0.902791143862468
linear_survival,10.0,60.0,0.2,14384,2755,0.21676024517556453,0.04747497872430858,0.0,0.21902069120588194,0.780979308794118
linear_survival,10.0,60.0,0.4,14384,2755,0.21676024517556453,0.12157429110947209,0.0,0.5608698726604744,0.4391301273395256
linear_survival,10.0,60.0,0.6,14384,2755,0.21676024517556453,0.15101139528211943,0.0,0.6966747761325333,0.30332522386746674
linear_survival,10.0,60.0,0.8,14384,2755,0.21676024517556453,0.17787541548617558,0.020950353756981982,0.8014153962923921,0.1985846037076079
linear_survival,10.0,60.0,0.9,14384,2755,0.21676024517556453,0.1981696528301903,0.12981684252054193,0.7861759285044468,0.21382407149555316
linear_survival,10.0,60.0,0.95,14384,2755,0.21676024517556453,0.20701488521745814,0.17553983315911706,0.7635792685862077,0.23642073141379227
linear_survival,10.0,120.0,0.1,14384,2755,0.21676024517556453,0.02107101548960763,0.0,0.09720885613753207,0.902791143862468
linear_survival,10.0,120.0,0.2,14384,2755,0.21676024517556453,0.047432870911017645,0.0,0.21882643135321925,0.7811735686467808
linear_survival,10.0,120.0,0.4,14384,2755,0.21676024517556453,0.12163012492653581,0.0,0.5611274559503369,0.43887254404966314
linear_survival,10.0,120.0,0.6,14384,2755,0.21676024517556453,0.15096037062462409,0.0,0.6964393793813715,0.30356062061862854
linear_survival,10.0,120.0,0.8,14384,2755,0.21676024517556453,0.1782860021269341,0.020950353756981982,0.8035122599277476,0.19648774007225245
linear_survival,10.0,120.0,0.9,14384,2755,0.21676024517556453,0.1981696528301903,0.12981684252054193,0.7861759285044468,0.21382407149555316
linear_survival,10.0,120.0,0.95,14384,2755,0.21676024517556453,0.20701488521745814,0.17553983315911706,0.7635792685862077,0.23642073141379227
linear_survival,10.0,180.0,0.1,14384,2755,0.21676024517556453,0.021066886933804603,0.0,0.09718980949085715,0.9028101905091428
linear_survival,10.0,180.0,0.2,14384,2755,0.21676024517556453,0.04727327641597636,0.0,0.21809015937257067,0.7819098406274293
linear_survival,10.0,180.0,0.4,14384,2755,0.21676024517556453,0.12164316607220908,0.0,0.5611876198685992,0.4388123801314008
linear_survival,10.0,180.0,0.6,14384,2755,0.21676024517556453,0.15096231496543702,0.0,0.6964483493878935,0.30355165061210654
linear_survival,10.0,180.0,0.8,14384,2755,0.21676024517556453,0.1779931716119062,0.020950353756981982,0.8020167761556743,0.19798322384432565
linear_survival,10.0,180.0,0.9,14384,2755,0.21676024517556453,0.19812152271976927,0.12981684252054193,0.7856223487163172,0.2143776512836828
linear_survival,10.0,180.0,0.95,14384,2755,0.21676024517556453,0.20701488521745814,0.17553983315911706,0.7635792685862077,0.23642073141379227
linear_survival,10.0,300.0,0.1,14384,2755,0.21676024517556453,0.021066886933804603,0.0,0.09718980949085715,0.9028101905091428
linear_survival,10.0,300.0,0.2,14384,2755,0.21676024517556453,0.04727327641597636,0.0,0.21809015937257067,0.7819098406274293
linear_survival,10.0,300.0,0.4,14384,2755,0.21676024517556453,0.12168540687939114,0.0,0.561382493274227,0.43861750672577304
linear_survival,10.0,300.0,0.6,14384,2755,0.21676024517556453,0.15099747387752394,0.0,0.696610551234724,0.30338944876527596
linear_survival,10.0,300.0,0.8,14384,2755,0.21676024517556453,0.177526602967443,0.020950353756981982,0.7996340127463131,0.20036598725368693
linear_survival,10.0,300.0,0.9,14384,2755,0.21676024517556453,0.1981678241011539,0.12981684252054193,0.7861548949472067,0.2138451050527933
linear_survival,10.0,300.0,0.95,14384,2755,0.21676024517556453,0.2070192214223747,0.17553983315911706,0.7636844641605465,0.23631553583945353
linear_survival,10.0,600.0,0.1,14384,2755,0.21676024517556453,0.02117177379966448,0.0,0.09767369372790866,0.9023263062720913
linear_survival,10.0,600.0,0.2,14384,2755,0.21676024517556453,0.04725370833802378,0.0,0.21799988415657462,0.7820001158434253
linear_survival,10.0,600.0,0.4,14384,2755,0.21676024517556453,0.1216753578786424,0.0,0.5613361332936845,0.4386638667063155
linear_survival,10.0,600.0,0.6,14384,2755,0.21676024517556453,0.15114784808871226,0.0,0.6973042864307999,0.3026957135692001
linear_survival,10.0,600.0,0.8,14384,2755,0.21676024517556453,0.17754380831179103,0.020950353756981982,0.7997218803418844,0.2002781196581156
linear_survival,10.0,600.0,0.9,14384,2755,0.21676024517556453,0.19824651260237228,0.12981684252054193,0.7870599492562793,0.2129400507437207
linear_survival,10.0,600.0,0.95,14384,2755,0.21676024517556453,0.2071876864559231,0.17553983315911706,0.7677713964668313,0.23222860353316865
linear_survival,10.0,900.0,0.1,14384,2755,0.21676024517556453,0.021174757881404365,0.0,0.09768746046699621,0.9023125395330038
linear_survival,10.0,900.0,0.2,14384,2755,0.21676024517556453,0.04727294778058838,0.0,0.21808864324867205,0.781911356751328
linear_survival,10.0,900.0,0.4,14384,2755,0.21676024517556453,0.12152738037460128,0.0,0.5606534550473977,0.4393465449526023
linear_survival,10.0,900.0,0.6,14384,2755,0.21676024517556453,0.15104981815770482,0.0,0.6968520359227418,0.3031479640772582
linear_survival,10.0,900.0,0.8,14384,2755,0.21676024517556453,0.1770701061330434,0.020950353756981982,0.7973026860135702,0.20269731398642976
linear_survival,10.0,900.0,0.9,14384,2755,0.21676024517556453,0.19824651260237228,0.12981684252054193,0.7870599492562793,0.2129400507437207
linear_survival,10.0,900.0,0.95,14384,2755,0.21676024517556453,0.2071876864559231,0.17553983315911706,0.7677713964668313,0.23222860353316865
linear_survival,10.0,1200.0,0.1,14384,2755,0.21676024517556453,0.021183265085374332,0.0,0.09772670753447889,0.9022732924655211
linear_survival,10.0,1200.0,0.2,14384,2755,0.21676024517556453,0.04727294778058838,0.0,0.21808864324867205,0.781911356751328
linear_survival,10.0,1200.0,0.4,14384,2755,0.21676024517556453,0.12151264246347279,0.0,0.5605854632848097,0.43941453671519026
linear_survival,10.0,1200.0,0.6,14384,2755,0.21676024517556453,0.15103615627431144,0.0,0.6967890082979931,0.30321099170200694
linear_survival,10.0,1200.0,0.8,14384,2755,0.21676024517556453,0.1773898420761253,0.020950353756981982,0.7989355756534425,0.20106442434655747
linear_survival,10.0,1200.0,0.9,14384,2755,0.21676024517556453,0.1983049115620032,0.12981684252054193,0.7877316386294527,0.21226836137054728
linear_survival,10.0,1200.0,0.95,14384,2755,0.21676024517556453,0.20696677816244227,0.17553983315911706,0.7624121998291881,0.23758780017081194
linear_survival,10.0,1800.0,0.1,14384,2755,0.21676024517556453,0.021183265085374332,0.0,0.09772670753447889,0.9022732924655211
linear_survival,10.0,1800.0,0.2,14384,2755,0.21676024517556453,0.04728532752067102,0.0,0.2181457558436159,0.781854244156384
linear_survival,10.0,1800.0,0.4,14384,2755,0.21676024517556453,0.12150031898150004,0.0,0.560528610230585,0.439471389769415
linear_survival,10.0,1800.0,0.6,14384,2755,0.21676024517556453,0.15112576841087175,0.0,0.6972024242197536,0.30279757578024635
linear_survival,10.0,1800.0,0.8,14384,2755,0.21676024517556453,0.17748786634749486,0.020950353756981982,0.7994361850489098,0.2005638149510902
linear_survival,10.0,1800.0,0.9,14384,2755,0.21676024517556453,0.19829957666512754,0.12981684252054193,0.787670278057946,0.21232972194205402
linear_survival,10.0,1800.0,0.95,14384,2755,0.21676024517556453,0.2069796129408997,0.17553983315911706,0.7627235693141002,0.23727643068589976
linear_survival,10.0,2400.0,0.1,14384,2755,0.21676024517556453,0.03212439437142128,0.0,0.14820242681217763,0.8517975731878223
linear_survival,10.0,2400.0,0.2,14384,2755,0.21676024517556453,0.04243786356425172,0.0,0.1957825039821267,0.8042174960178733
linear_survival,10.0,2400.0,0.4,14384,2755,0.21676024517556453,0.12148897114721403,0.0,0.5604762582216785,0.43952374177832154
linear_survival,10.0,2400.0,0.6,14384,2755,0.21676024517556453,0.15174513815502652,0.0,0.7000598196967385,0.2999401803032615
linear_survival,10.0,2400.0,0.8,14384,2755,0.21676024517556453,0.1775223746040729,0.020950353756981982,0.7996124185186699,0.20038758148133007
linear_survival,10.0,2400.0,0.9,14384,2755,0.21676024517556453,0.19841674120794,0.12981684252054193,0.7890178736113126,0.2109821263886874
linear_survival,10.0,2400.0,0.95,14384,2755,0.21676024517556453,0.2076130230273637,0.17553983315911706,0.7780899874423631,0.22191001255763687
linear_survival,10.0,3600.0,0.1,14166,2897,0.22401961843017218,0.035985654367515656,0.0,0.1606361738301618,0.8393638261698382
linear_survival,10.0,3600.0,0.2,14166,2897,0.22401961843017218,0.045763773363342794,0.0,0.2042846679412926,0.7957153320587074
linear_survival,10.0,3600.0,0.4,14166,2897,0.22401961843017218,0.12880952614107072,0.0,0.5749921682918193,0.4250078317081807
linear_survival,10.0,3600.0,0.6,14166,2897,0.22401961843017218,0.15827697611841543,0.0,0.7065317637247517,0.2934682362752483
linear_survival,10.0,3600.0,0.8,14166,2897,0.22401961843017218,0.18525234721476772,0.030542736135034245,0.79962840647666,0.20037159352334
linear_survival,10.0,3600.0,0.9,14166,2897,0.22401961843017218,0.20720586297673987,0.13781876130982962,0.8049467718173718,0.19505322818262816
linear_survival,10.0,3600.0,0.95,14166,2897,0.22401961843017218,0.2144497280899738,0.18357347012468053,0.7633918001804143,0.2366081998195857
linear_survival,15.0,1.0,0.1,13237,176,0.0085362372571888,0.0,0.0,0.0,1.0
linear_survival,15.0,1.0,0.2,13237,176,0.0085362372571888,0.0019640704912392538,0.0,0.2300862115313407,0.7699137884686593
linear_survival,15.0,1.0,0.4,13237,176,0.0085362372571888,0.002239310104603173,0.0,0.26232988108634586,0.7376701189136541
linear_survival,15.0,1.0,0.6,13237,176,0.0085362372571888,0.007611338653377464,0.0,0.8916503166506493,0.10834968334935069
linear_survival,15.0,1.0,0.8,13237,176,0.0085362372571888,0.007858183568897793,0.0,0.9205676145282884,0.07943238547171161
linear_survival,15.0,1.0,0.9,13237,176,0.0085362372571888,0.007712413121651842,0.0,0.903490951491165,0.09650904850883502
linear_survival,15.0,1.0,0.95,13237,176,0.0085362372571888,0.00781373394695751,0.0,0.9153604464750751,0.08463955352492492
linear_survival,15.0,2.0,0.1,13216,450,0.035483432525904676,0.004081321603061838,0.0,0.1150204845622607,0.8849795154377393
linear_survival,15.0,2.0,0.2,13216,450,0.035483432525904676,0.006033489039690832,0.0,0.1700367921081503,0.8299632078918497
linear_survival,15.0,2.0,0.4,13216,450,0.035483432525904676,0.00795021188401459,0.0,0.2240541942556019,0.7759458057443981
linear_survival,15.0,2.0,0.6,13216,450,0.035483432525904676,0.02025947677861657,0.0,0.5709559458157307,0.4290440541842693
linear_survival,15.0,2.0,0.8,13216,450,0.035483432525904676,0.02214876435451677,0.0,0.6242001626631547,0.3757998373368453
linear_survival,15.0,2.0,0.9,13216,450,0.035483432525904676,0.026956495770771614,0.0,0.7596924494577019,0.24030755054229813
linear_survival,15.0,2.0,0.95,13216,450,0.035483432525904676,0.029548167962791378,0.0,0.8327313864356201,0.16726861356437994
linear_survival,15.0,3.0,0.1,13216,471,0.037245060413187585,0.011367581435913937,0.0,0.3052104442791815,0.6947895557208186
linear_survival,15.0,3.0,0.2,13216,471,0.037245060413187585,0.0121061428327972,0.0,0.3250402254284089,0.6749597745715912
linear_survival,15.0,3.0,0.4,13216,471,0.037245060413187585,0.011850485458457988,0.0,0.31817602997529343,0.6818239700247066
linear_survival,15.0,3.0,0.6,13216,471,0.037245060413187585,0.022900238328112596,0.0,0.614853032162197,0.385146967837803
linear_survival,15.0,3.0,0.8,13216,471,0.037245060413187585,0.024150332478882847,0.0,0.6484170574826559,0.3515829425173441
linear_survival,15.0,3.0,0.9,13216,471,0.037245060413187585,0.02873514432237464,0.0,0.7715155782698158,0.22848442173018424
linear_survival,15.0,3.0,0.95,13216,471,0.037245060413187585,0.031233312027682345,0.0,0.8385893775224855,0.16141062247751448
linear_survival,15.0,5.0,0.1,13216,600,0.05073323182608048,0.011367581435913937,0.0,0.22406578541819197,0.775934214581808
linear_survival,15.0,5.0,0.2,13216,600,0.05073323182608048,0.012723252325804174,0.0,0.2507873413115291,0.7492126586884709
linear_survival,15.0,5.0,0.4,13216,600,0.05073323182608048,0.01845635897959324,0.0,0.3637922977756241,0.636207702224376
linear_survival,15.0,5.0,0.6,13216,600,0.05073323182608048,0.02857150919152205,0.0,0.5631714787945811,0.43682852120541893
linear_survival,15.0,5.0,0.8,13216,600,0.05073323182608048,0.03213252476755322,0.0,0.633362465015186,0.366637534984814
linear_survival,15.0,5.0,0.9,13216,600,0.05073323182608048,0.03948557458178597,0.0,0.778298033863626,0.22170196613637405
linear_survival,15.0,5.0,0.95,13216,600,0.05073323182608048,0.043212449569880566,0.00090064856946837,0.8490790208994031,0.15092097910059687
linear_survival,15.0,10.0,0.1,13194,929,0.09615359222250572,0.011397091155790259,0.0,0.11853006104459043,0.8814699389554096
linear_survival,15.0,10.0,0.2,13194,929,0.09615359222250572,0.026565696954744415,0.0,0.27628397796381493,0.7237160220361851
linear_survival,15.0,10.0,0.4,13194,929,0.09615359222250572,0.039877818163238044,0.0,0.4147304041533691,0.585269595846631
linear_survival,15.0,10.0,0.6,13194,929,0.09615359222250572,0.05153987519724471,0.0,0.5360161176087739,0.4639838823912261
linear_survival,15.0,10.0,0.8,13194,929,0.09615359222250572,0.06388085911584067,0.0,0.6643626893108285,0.33563731068917146
linear_survival,15.0,10.0,0.9,13194,929,0.09615359222250572,0.07957648301455354,0.0,0.8275976089422468,0.17240239105775323
linear_survival,15.0,10.0,0.95,13194,929,0.09615359222250572,0.08746575690929927,0.0486280937859868,0.817196334620014,0.18280366537998605
linear_survival,15.0,20.0,0.1,13022,1298,0.12554606225291579,0.01566384298536431,0.0,0.12476570514660265,0.8752342948533973
linear_survival,15.0,20.0,0.2,13022,1298,0.12554606225291579,0.028079495125117353,0.0,0.2236589075056013,0.7763410924943988
linear_survival,15.0,20.0,0.4,13022,1298,0.12554606225291579,0.04485016539610885,0.0,0.3572407177993128,0.6427592822006871
linear_survival,15.0,20.0,0.6,13022,1298,0.12554606225291579,0.0617864158835639,0.0,0.4921414082991593,0.5078585917008407
linear_survival,15.0,20.0,0.8,13022,1298,0.12554606225291579,0.08784167121617527,0.0,0.6996768328680508,0.3003231671319492
linear_survival,15.0,20.0,0.9,13022,1298,0.12554606225291579,0.10833647941983945,0.028914007740028207,0.8219060650233704,0.17809393497662962
linear_survival,15.0,20.0,0.95,13022,1298,0.12554606225291579,0.11795145552342082,0.0795481089326513,0.8348925075727414,0.16510749242725864
linear_survival,15.0,30.0,0.1,13014,1354,0.12838457875487705,0.015302791956938157,0.0,0.1191949384057689,0.8808050615942311
linear_survival,15.0,30.0,0.2,13014,1354,0.12838457875487705,0.028276732414145966,0.0,0.22025022544284195,0.779749774557158
linear_survival,15.0,30.0,0.4,13014,1354,0.12838457875487705,0.0456800797995155,0.0,0.3558065948616139,0.6441934051383861
linear_survival,15.0,30.0,0.6,13014,1354,0.12838457875487705,0.060420346804138575,0.0,0.47061997157383156,0.5293800284261685
linear_survival,15.0,30.0,0.8,13014,1354,0.12838457875487705,0.08789205741380723,0.0,0.6845998037008663,0.31540019629913374
linear_survival,15.0,30.0,0.9,13014,1354,0.12838457875487705,0.11036548600861243,0.032476498006749316,0.8121212247632598,0.18787877523674024
linear_survival,15.0,30.0,0.95,13014,1354,0.12838457875487705,0.11992721307836707,0.08256159524494296,0.8154339803152171,0.18456601968478292
linear_survival,15.0,60.0,0.1,13014,1385,0.13118769338383512,0.014010699079296918,0.0,0.10679888271458327,0.8932011172854167
linear_survival,15.0,60.0,0.2,13014,1385,0.13118769338383512,0.02806136329447361,0.0,0.2139024063207694,0.7860975936792306
linear_survival,15.0,60.0,0.4,13014,1385,0.13118769338383512,0.047098287115838675,0.0,0.3590145226354144,0.6409854773645856
linear_survival,15.0,60.0,0.6,13014,1385,0.13118769338383512,0.05789223948795709,0.0,0.4412932188583669,0.5587067811416331
linear_survival,15.0,60.0,0.8,13014,1385,0.13118769338383512,0.0912231449236539,0.0,0.6953635861006331,0.3046364138993669
linear_survival,15.0,60.0,0.9,13014,1385,0.13118769338383512,0.11387056954769081,0.03465478559737043,0.8206091142053796,0.17939088579462037
linear_survival,15.0,60.0,0.95,13014,1385,0.13118769338383512,0.12355657912099438,0.08633728772267245,0.8298540637404144,0.17014593625958563
linear_survival,15.0,120.0,0.1,13014,1385,0.13118769338383512,0.014018291246332113,0.0,0.10685675526984637,0.8931432447301536
linear_survival,15.0,120.0,0.2,13014,1385,0.13118769338383512,0.028108685778407118,0.0,0.21426312982091547,0.7857368701790846
linear_survival,15.0,120.0,0.4,13014,1385,0.13118769338383512,0.04709586482781233,0.0,0.3589960583422793,0.6410039416577207
linear_survival,15.0,120.0,0.6,13014,1385,0.13118769338383512,0.05782020680759523,0.0,0.44074413777839777,0.5592558622216022
linear_survival,15.0,120.0,0.8,13014,1385,0.13118769338383512,0.09101909043324617,0.0,0.6938081468277534,0.3061918531722466
linear_survival,15.0,120.0,0.9,13014,1385,0.13118769338383512,0.11388759106116468,0.03465478559737043,0.8207854428156345,0.17921455718436552
linear_survival,15.0,120.0,0.95,13014,1385,0.13118769338383512,0.12355657912099438,0.08633728772267245,0.8298540637404144,0.17014593625958563
linear_survival,15.0,180.0,0.1,13014,1385,0.13118769338383512,0.014018291246332113,0.0,0.10685675526984637,0.8931432447301536
linear_survival,15.0,180.0,0.2,13014,1385,0.13118769338383512,0.028113913618819285,0.0,0.2143029799034752,0.7856970200965248
linear_survival,15.0,180.0,0.4,13014,1385,0.13118769338383512,0.04709253458857713,0.0,0.35897067304012714,0.6410293269598728
linear_survival,15.0,180.0,0.6,13014,1385,0.13118769338383512,0.05782945858257412,0.0,0.44081466097108646,0.5591853390289135
linear_survival,15.0,180.0,0.8,13014,1385,0.13118769338383512,0.09098494946724157,0.0,0.6935479016391692,0.30645209836083076
linear_survival,15.0,180.0,0.9,13014,1385,0.13118769338383512,0.11406946196268332,0.03465478559737043,0.8226694728908597,0.17733052710914032
linear_survival,15.0,180.0,0.95,13014,1385,0.13118769338383512,0.12344390900073211,0.08633728772267245,0.8273419321643151,0.17265806783568494
linear_survival,15.0,300.0,0.1,13014,1385,0.13118769338383512,0.014018291246332113,0.0,0.10685675526984637,0.8931432447301536
linear_survival,15.0,300.0,0.2,13014,1385,0.13118769338383512,0.028125578107773726,0.0,0.2143918944095052,0.7856081055904948
linear_survival,15.0,300.0,0.4,13014,1385,0.13118769338383512,0.047093442788932086,0.0,0.3589775959483019,0.6410224040516981
linear_survival,15.0,300.0,0.6,13014,1385,0.13118769338383512,0.057782633221229715,0.0,0.44045772687051193,0.5595422731294881
linear_survival,15.0,300.0,0.8,13014,1385,0.13118769338383512,0.09095801418546105,0.0,0.6933425829763759,0.30665741702362415
linear_survival,15.0,300.0,0.9,13014,1385,0.13118769338383512,0.11409773397813786,0.03465478559737043,0.822962347270207,0.177037652729793
linear_survival,15.0,300.0,0.95,13014,1385,0.13118769338383512,0.12344390900073211,0.08633728772267245,0.8273419321643151,0.17265806783568494
linear_survival,15.0,600.0,0.1,13014,1385,0.13118769338383512,0.014018291246332113,0.0,0.10685675526984637,0.8931432447301536
linear_survival,15.0,600.0,0.2,13014,1385,0.13118769338383512,0.02814194875130936,0.0,0.2145166823611291,0.7854833176388709
linear_survival,15.0,600.0,0.4,13014,1385,0.13118769338383512,0.047094628547673205,0.0,0.35898663459141344,0.6410133654085866
linear_survival,15.0,600.0,0.6,13014,1385,0.13118769338383512,0.0576540166972606,0.0,0.4394773260367782,0.5605226739632219
linear_survival,15.0,600.0,0.8,13014,1385,0.13118769338383512,0.09106263176082012,0.0,0.6941400478350114,0.3058599521649886
linear_survival,15.0,600.0,0.9,13014,1385,0.13118769338383512,0.11367399760344822,0.03465478559737043,0.8185727936515905,0.18142720634840948
linear_survival,15.0,600.0,0.95,13014,1385,0.13118769338383512,0.12333792748755405,0.08633728772267245,0.8249789320617356,0.17502106793826444
linear_survival,15.0,900.0,0.1,13014,1385,0.13118769338383512,0.014543514864847496,0.0,0.11086035960930722,0.8891396403906928
linear_survival,15.0,900.0,0.2,13014,1385,0.13118769338383512,0.02817287618908882,0.0,0.214752431896636,0.7852475681033639
linear_survival,15.0,900.0,0.4,13014,1385,0.13118769338383512,0.047084992833530084,0.0,0.35891318475862366,0.6410868152413763
linear_survival,15.0,900.0,0.6,13014,1385,0.13118769338383512,0.0578600778126283,0.0,0.44104806114197437,0.5589519388580256
linear_survival,15.0,900.0,0.8,13014,1385,0.13118769338383512,0.09121598455416435,0.0,0.695309004993939,0.304690995006061
linear_survival,15.0,900.0,0.9,13014,1385,0.13118769338383512,0.11367399760344822,0.03465478559737043,0.8185727936515905,0.18142720634840948
linear_survival,15.0,900.0,0.95,13014,1385,0.13118769338383512,0.12333792748755405,0.08633728772267245,0.8249789320617356,0.17502106793826444
linear_survival,15.0,1200.0,0.1,13014,1385,0.13118769338383512,0.013957783303548198,0.0,0.10639552341780917,0.8936044765821909
linear_survival,15.0,1200.0,0.2,13014,1385,0.13118769338383512,0.028181871755447098,0.0,0.2148210020965248,0.7851789979034752
linear_survival,15.0,1200.0,0.4,13014,1385,0.13118769338383512,0.04709185346129864,0.0,0.3589654810342239,0.6410345189657761
linear_survival,15.0,1200.0,0.6,13014,1385,0.13118769338383512,0.05780575078914879,0.0,0.4406339443747822,0.5593660556252178
linear_survival,15.0,1200.0,0.8,13014,1385,0.13118769338383512,0.09117942294649702,0.0,0.6950303080619,0.3049696919381
linear_survival,15.0,1200.0,0.9,13014,1385,0.13118769338383512,0.1130793242025869,0.03465478559737043,0.8124124757403477,0.1875875242596523
linear_survival,15.0,1200.0,0.95,13014,1385,0.13118769338383512,0.12333792748755405,0.08633728772267245,0.8249789320617356,0.17502106793826444
linear_survival,15.0,1800.0,0.1,13014,1385,0.13118769338383512,0.014002306262207893,0.0,0.1067349070711937,0.8932650929288063
linear_survival,15.0,1800.0,0.2,13014,1385,0.13118769338383512,0.02808584431587872,0.0,0.2140890169758823,0.7859109830241177
linear_survival,15.0,1800.0,0.4,13014,1385,0.13118769338383512,0.04709684885227247,0.0,0.35900355923230004,0.6409964407677
linear_survival,15.0,1800.0,0.6,13014,1385,0.13118769338383512,0.05770957813882022,0.0,0.4399008523609819,0.560099147639018
linear_survival,15.0,1800.0,0.8,13014,1385,0.13118769338383512,0.09120274376607926,0.0,0.6952080748857592,0.3047919251142408
linear_survival,15.0,1800.0,0.9,13014,1385,0.13118769338383512,0.1130649766779751,0.03465478559737043,0.8122638474130676,0.18773615258693244
linear_survival,15.0,1800.0,0.95,13014,1385,0.13118769338383512,0.1241853456649504,0.08633728772267245,0.8438732578744931,0.15612674212550692
linear_survival,15.0,2400.0,0.1,13014,1385,0.13118769338383512,0.01617877438838035,0.0,0.12332539715477525,0.8766746028452248
linear_survival,15.0,2400.0,0.2,13014,1385,0.13118769338383512,0.028927070781886857,0.0,0.22050140554915218,0.7794985944508478
linear_survival,15.0,2400.0,0.4,13014,1385,0.13118769338383512,0.04698944887793905,0.0,0.35818488507496743,0.6418151149250326
linear_survival,15.0,2400.0,0.6,13014,1385,0.13118769338383512,0.05787190484082039,0.0,0.44113821463036207,0.5588617853696379
linear_survival,15.0,2400.0,0.8,13014,1385,0.13118769338383512,0.09131346499717924,0.0,0.6960520658748837,0.30394793412511634
linear_survival,15.0,2400.0,0.9,13014,1385,0.13118769338383512,0.11304997560545266,0.03465478559737043,0.8121084488773098,0.18789155112269018
linear_survival,15.0,2400.0,0.95,13014,1385,0.13118769338383512,0.1244085421842169,0.08633728772267245,0.8488497238835792,0.15115027611642085
linear_survival,15.0,3600.0,0.1,12762,1527,0.13842789779581094,0.015598239523873222,0.0,0.11268132921357743,0.8873186707864226
linear_survival,15.0,3600.0,0.2,12762,1527,0.13842789779581094,0.029999606734453996,0.0,0.2167164799302604,0.7832835200697397
linear_survival,15.0,3600.0,0.4,12762,1527,0.13842789779581094,0.05169581665661495,0.0,0.373449409257585,0.6265505907424149
linear_survival,15.0,3600.0,0.6,12762,1527,0.13842789779581094,0.06517867417786863,0.0,0.4708492667714343,0.5291507332285657
linear_survival,15.0,3600.0,0.8,12762,1527,0.13842789779581094,0.09806298087928687,0.0,0.708404753960328,0.291595246039672
linear_survival,15.0,3600.0,0.9,12762,1527,0.13842789779581094,0.12181904404027526,0.04275598226034407,0.8263978131661999,0.17360218683380013
linear_survival,15.0,3600.0,0.95,12762,1527,0.13842789779581094,0.13247877318360687,0.0933143456580118,0.8681299890987858,0.1318700109012142
linear_survival,20.0,1.0,0.1,12616,121,0.01419476854076923,0.0,0.0,0.0,1.0
linear_survival,20.0,1.0,0.2,12616,121,0.01419476854076923,0.004264953723196838,0.0,0.3004595468356763,0.6995404531643237
linear_survival,20.0,1.0,0.4,12616,121,0.01419476854076923,0.003190554664799424,0.0,0.2247697562405286,0.7752302437594714
linear_survival,20.0,1.0,0.6,12616,121,0.01419476854076923,0.004269662921348315,0.0,0.30079130273137494,0.6992086972686251
linear_survival,20.0,1.0,0.8,12616,121,0.01419476854076923,0.006692598419581853,0.0,0.4714834483112448,0.5285165516887552
linear_survival,20.0,1.0,0.9,12616,121,0.01419476854076923,0.011955469518285163,0.0,0.8422447667214504,0.15775523327854957
linear_survival,20.0,1.0,0.95,12616,121,0.01419476854076923,0.01381077878718458,0.0,0.9729485019440944,0.027051498055905565
linear_survival,20.0,2.0,0.1,12616,234,0.029131089792554812,0.0,0.0,0.0,1.0
linear_survival,20.0,2.0,0.2,12616,234,0.029131089792554812,0.004264953723196838,0.0,0.14640556716442701,0.853594432835573
linear_survival,20.0,2.0,0.4,12616,234,0.029131089792554812,0.003190554664799424,0.0,0.10952404072486334,0.8904759592751367
linear_survival,20.0,2.0,0.6,12616,234,0.029131089792554812,0.0043361500603584366,0.0,0.1488495655753548,0.8511504344246452
linear_survival,20.0,2.0,0.8,12616,234,0.029131089792554812,0.014916143351859198,0.0,0.5120351987542668,0.48796480124573316
linear_survival,20.0,2.0,0.9,12616,234,0.029131089792554812,0.025645091634565808,0.0,0.8803340972544069,0.11966590274559308
linear_survival,20.0,2.0,0.95,12616,234,0.029131089792554812,0.02904913378374826,0.0,0.9971866480317019,0.002813351968298128
linear_survival,20.0,3.0,0.1,12611,275,0.03488804510824504,0.0,0.0,0.0,1.0
linear_survival,20.0,3.0,0.2,12611,275,0.03488804510824504,0.004279053592387542,0.0,0.12265099919216398,0.8773490008078361
linear_survival,20.0,3.0,0.4,12611,275,0.03488804510824504,0.003196951305007477,0.0,0.09163457840897903,0.908365421591021
linear_survival,20.0,3.0,0.6,12611,275,0.03488804510824504,0.004347534634291673,0.0,0.12461387907527748,0.8753861209247226
linear_survival,20.0,3.0,0.8,12611,275,0.03488804510824504,0.020487221529149145,0.0,0.5872275579094408,0.4127724420905592
linear_survival,20.0,3.0,0.9,12611,275,0.03488804510824504,0.03066783141768541,0.0,0.8790355355977721,0.12096446440222786
linear_survival,20.0,3.0,0.95,12611,275,0.03488804510824504,0.03386650476358724,0.0,0.970719473060519,0.029280526939481022
linear_survival,20.0,5.0,0.1,12594,329,0.04754343650248431,0.0,0.0,0.0,1.0
linear_survival,20.0,5.0,0.2,12594,329,0.04754343650248431,0.014482071579060736,0.0,0.3046071686110447,0.6953928313889552
linear_survival,20.0,5.0,0.4,12594,329,0.04754343650248431,0.015036636693229952,0.0,0.316271557114813,0.6837284428851871
linear_survival,20.0,5.0,0.6,12594,329,0.04754343650248431,0.020894776548986194,0.0,0.4394881414997077,0.5605118585002923
linear_survival,20.0,5.0,0.8,12594,329,0.04754343650248431,0.03615749209788388,0.0,0.7605149050593876,0.23948509494061243
linear_survival,20.0,5.0,0.9,12594,329,0.04754343650248431,0.04467590786650219,0.0,0.9396861302646417,0.06031386973535835
linear_survival,20.0,5.0,0.95,12594,329,0.04754343650248431,0.047175021661915374,0.0,0.9922509842015798,0.007749015798420245
linear_survival,20.0,10.0,0.1,12533,591,0.06392275287478513,0.0,0.0,0.0,1.0
linear_survival,20.0,10.0,0.2,12533,591,0.06392275287478513,0.014502946314719215,0.0,0.22688238009912154,0.7731176199008785
linear_survival,20.0,10.0,0.4,12533,591,0.06392275287478513,0.015074532031061105,0.0,0.23582419957084452,0.7641758004291554
linear_survival,20.0,10.0,0.6,12533,591,0.06392275287478513,0.022302305969037314,0.0,0.3488946418300243,0.6511053581699757
linear_survival,20.0,10.0,0.8,12533,591,0.06392275287478513,0.04484244440222627,0.0,0.7015099066535156,0.29849009334648435
linear_survival,20.0,10.0,0.9,12533,591,0.06392275287478513,0.05919491275185251,0.0,0.9260382272303928,0.07396177276960725
linear_survival,20.0,10.0,0.95,12533,591,0.06392275287478513,0.06302890671137645,0.014704630772166768,0.9818390843611416,0.018160915638858355
linear_survival,20.0,20.0,0.1,12414,754,0.08119909610104908,0.0,0.0,0.0,1.0
linear_survival,20.0,20.0,0.2,12414,754,0.08119909610104908,0.01458006498853044,0.0,0.17955944941044813,0.8204405505895519
linear_survival,20.0,20.0,0.4,12414,754,0.08119909610104908,0.018948037383599552,0.0,0.23335281171134545,0.7666471882886545
linear_survival,20.0,20.0,0.6,12414,754,0.08119909610104908,0.02530043086329117,0.0,0.3115851293689991,0.6884148706310009
linear_survival,20.0,20.0,0.8,12414,754,0.08119909610104908,0.05134345486258528,0.0,0.6323155962067653,0.36768440379323475
linear_survival,20.0,20.0,0.9,12414,754,0.08119909610104908,0.07222363203766692,0.0,0.8894634978176044,0.11053650218239564
linear_survival,20.0,20.0,0.95,12414,754,0.08119909610104908,0.07691374851504548,0.03290371778388665,0.911267956990395,0.08873204300960502
linear_survival,20.0,30.0,0.1,12414,785,0.08415395921159373,0.00014884644008930786,0.0,0.0017687395992273358,0.9982312604007727
linear_survival,20.0,30.0,0.2,12414,785,0.08415395921159373,0.014654608662652602,0.0,0.17414045399581943,0.8258595460041805
linear_survival,20.0,30.0,0.4,12414,785,0.08415395921159373,0.019683450606250277,0.0,0.23389809333579786,0.7661019066642021
linear_survival,20.0,30.0,0.6,12414,785,0.08415395921159373,0.026531791211833095,0.0,0.3152768029026715,0.6847231970973284
linear_survival,20.0,30.0,0.8,12414,785,0.08415395921159373,0.05503331167752231,0.0,0.6539598634824596,0.3460401365175404
linear_survival,20.0,30.0,0.9,12414,785,0.08415395921159373,0.07550678681808336,0.0,0.8972458043029417,0.10275419569705835
linear_survival,20.0,30.0,0.95,12414,785,0.08415395921159373,0.08002394949870599,0.03595361069893087,0.9143157707292774,0.08568422927072261
linear_survival,20.0,60.0,0.1,12414,785,0.08415395921159373,0.00014897209256132686,0.0,0.001770232725316663,0.9982297672746834
linear_survival,20.0,60.0,0.2,12414,785,0.08415395921159373,0.014620459628938933,0.0,0.1737346616357974,0.8262653383642026
linear_survival,20.0,60.0,0.4,12414,785,0.08415395921159373,0.019690963386382716,0.0,0.23398736756844032,0.7660126324315597
linear_survival,20.0,60.0,0.6,12414,785,0.08415395921159373,0.026365171207640307,0.0,0.3132968603574391,0.6867031396425609
linear_survival,20.0,60.0,0.8,12414,785,0.08415395921159373,0.05502986509289622,0.0,0.6539189077786712,0.34608109222132877
linear_survival,20.0,60.0,0.9,12414,785,0.08415395921159373,0.07550678681808336,0.0,0.8972458043029417,0.10275419569705835
linear_survival,20.0,60.0,0.95,12414,785,0.08415395921159373,0.08002394949870599,0.03595361069893087,0.9143157707292774,0.08568422927072261
linear_survival,20.0,120.0,0.1,12414,785,0.08415395921159373,0.00014907101652881363,0.0,0.0017714082370622012,0.9982285917629378
linear_survival,20.0,120.0,0.2,12414,785,0.08415395921159373,0.014652060153058977,0.0,0.1741101701016628,0.8258898298983373
linear_survival,20.0,120.0,0.4,12414,785,0.08415395921159373,0.01969429929800764,0.0,0.234027008146925,0.765972991853075
linear_survival,20.0,120.0,0.6,12414,785,0.08415395921159373,0.02641683195306017,0.0,0.31391074407608827,0.6860892559239118
linear_survival,20.0,120.0,0.8,12414,785,0.08415395921159373,0.05502420766015758,0.0,0.653851680606098,0.346148319393902
linear_survival,20.0,120.0,0.9,12414,785,0.08415395921159373,0.07550678681808336,0.0,0.8972458043029417,0.10275419569705835
linear_survival,20.0,120.0,0.95,12414,785,0.08415395921159373,0.08099419269969947,0.03595361069893087,0.9344451521742805,0.06555484782571952
linear_survival,20.0,180.0,0.1,12414,785,0.08415395921159373,0.00014908616954711687,0.0,0.0017715883001090881,0.998228411699891
linear_survival,20.0,180.0,0.2,12414,785,0.08415395921159373,0.014653930076753842,0.0,0.1741323903716582,0.8258676096283418
linear_survival,20.0,180.0,0.4,12414,785,0.08415395921159373,0.019717107525224382,0.0,0.23429803790512563,0.7657019620948744
linear_survival,20.0,180.0,0.6,12414,785,0.08415395921159373,0.026407853667000516,0.0,0.31380405526258776,0.6861959447374122
linear_survival,20.0,180.0,0.8,12414,785,0.08415395921159373,0.055008473049716275,0.0,0.6536647065101824,0.3463352934898176
linear_survival,20.0,180.0,0.9,12414,785,0.08415395921159373,0.07538449840740157,0.0,0.8957926532946294,0.10420734670537057
linear_survival,20.0,180.0,0.95,12414,785,0.08415395921159373,0.08089542304995305,0.03595361069893087,0.9323960041329448,0.06760399586705523
linear_survival,20.0,300.0,0.1,12414,785,0.08415395921159373,0.0001490006795334021,0.0,0.0017705724237971987,0.9982294275762028
linear_survival,20.0,300.0,0.2,12414,785,0.08415395921159373,0.014653003329252703,0.0,0.17412137784759135,0.8258786221524086
linear_survival,20.0,300.0,0.4,12414,785,0.08415395921159373,0.019712522190204983,0.0,0.23424355045067477,0.7657564495493252
linear_survival,20.0,300.0,0.6,12414,785,0.08415395921159373,0.026407649397594893,0.0,0.31380162793287525,0.6861983720671248
linear_survival,20.0,300.0,0.8,12414,785,0.08415395921159373,0.05501620864536388,0.0,0.6537566284556271,0.3462433715443729
linear_survival,20.0,300.0,0.9,12414,785,0.08415395921159373,0.07539978650611204,0.0,0.8959743214995921,0.10402567850040789
linear_survival,20.0,300.0,0.95,12414,785,0.08415395921159373,0.08083128083356338,0.03595361069893087,0.9310652623775647,0.0689347376224353
linear_survival,20.0,600.0,0.1,12414,785,0.08415395921159373,0.0001490531735904877,0.0,0.001771196209743545,0.9982288037902565
linear_survival,20.0,600.0,0.2,12414,785,0.08415395921159373,0.014647461840398546,0.0,0.1740555284341345,0.8259444715658655
linear_survival,20.0,600.0,0.4,12414,785,0.08415395921159373,0.019708717536599363,0.0,0.23419833981957358,0.7658016601804264
linear_survival,20.0,600.0,0.6,12414,785,0.08415395921159373,0.026454759514850493,0.0,0.31436143661801563,0.6856385633819844
linear_survival,20.0,600.0,0.8,12414,785,0.08415395921159373,0.05506184044180498,0.0,0.6542988702808319,0.3457011297191681
linear_survival,20.0,600.0,0.9,12414,785,0.08415395921159373,0.07532242587721377,0.0,0.8950550465228349,0.10494495347716515
linear_survival,20.0,600.0,0.95,12414,785,0.08415395921159373,0.08078829206159097,0.03595361069893087,0.9301733855903851,0.0698266144096149
linear_survival,20.0,900.0,0.1,12414,785,0.08415395921159373,0.00014909492602858555,0.0,0.0017716923532225806,0.9982283076467774
linear_survival,20.0,900.0,0.2,12414,785,0.08415395921159373,0.014655105228738238,0.0,0.17414635468177989,0.8258536453182201
linear_survival,20.0,900.0,0.4,12414,785,0.08415395921159373,0.019715493511156475,0.0,0.23427885860467407,0.765721141395326
linear_survival,20.0,900.0,0.6,12414,785,0.08415395921159373,0.026454171867028857,0.0,0.31435445360940684,0.6856455463905932
linear_survival,20.0,900.0,0.8,12414,785,0.08415395921159373,0.05505647672431611,0.0,0.6542351333213456,0.34576486667865436
linear_survival,20.0,900.0,0.9,12414,785,0.08415395921159373,0.07532582549940435,0.0,0.8950954441728376,0.1049045558271624
linear_survival,20.0,900.0,0.95,12414,785,0.08415395921159373,0.08066826626545971,0.03595361069893087,0.9276832418500401,0.07231675814995986
linear_survival,20.0,1200.0,0.1,12414,785,0.08415395921159373,0.00014866204162537167,0.0,0.0017665483955612963,0.9982334516044387
linear_survival,20.0,1200.0,0.2,12414,785,0.08415395921159373,0.014584534660610292,0.0,0.17330776587634403,0.826692234123656
linear_survival,20.0,1200.0,0.4,12414,785,0.08415395921159373,0.01972248576850095,0.0,0.2343619474742885,0.7656380525257115
linear_survival,20.0,1200.0,0.6,12414,785,0.08415395921159373,0.026455187816998956,0.0,0.31436652612482524,0.6856334738751748
linear_survival,20.0,1200.0,0.8,12414,785,0.08415395921159373,0.055049060635941505,0.0,0.6541470080751411,0.34585299192485885
linear_survival,20.0,1200.0,0.9,12414,785,0.08415395921159373,0.07521349600220914,0.0,0.8937606347562923,0.1062393652437077
linear_survival,20.0,1200.0,0.95,12414,785,0.08415395921159373,0.08062513995191598,0.03595361069893087,0.9267885115239222,0.07321148847607784
linear_survival,20.0,1800.0,0.1,12414,785,0.08415395921159373,0.00014908313869701337,0.0,0.0017715522845712347,0.9982284477154287
linear_survival,20.0,1800.0,0.2,12414,785,0.08415395921159373,0.01465441004564044,0.0,0.17413809383339782,0.8258619061666022
linear_survival,20.0,1800.0,0.4,12414,785,0.08415395921159373,0.01971353478699696,0.0,0.23425558312033717,0.7657444168796628
linear_survival,20.0,1800.0,0.6,12414,785,0.08415395921159373,0.027836411956784574,0.0,0.33077958800243357,0.6692204119975664
linear_survival,20.0,1800.0,0.8,12414,785,0.08415395921159373,0.05521177170045728,0.0,0.6560805007597416,0.34391949924025844
linear_survival,20.0,1800.0,0.9,12414,785,0.08415395921159373,0.07514993143410144,0.0,0.8930052981244426,0.10699470187555737
linear_survival,20.0,1800.0,0.95,12414,785,0.08415395921159373,0.08054094051138071,0.03595361069893087,0.9250416477950604,0.07495835220493963
linear_survival,20.0,2400.0,0.1,12414,785,0.08415395921159373,0.00014805476231602514,0.0,0.0017593321063333633,0.9982406678936666
linear_survival,20.0,2400.0,0.2,12414,785,0.08415395921159373,0.015245317799984412,0.0,0.1811598401645266,0.8188401598354734
linear_survival,20.0,2400.0,0.4,12414,785,0.08415395921159373,0.019758929766037336,0.0,0.2347950108485827,0.7652049891514173
linear_survival,20.0,2400.0,0.6,12414,785,0.08415395921159373,0.02786289905496262,0.0,0.331094333718811,0.668905666281189
linear_survival,20.0,2400.0,0.8,12414,785,0.08415395921159373,0.05491903870927298,0.0,0.6526019598339574,0.3473980401660426
linear_survival,20.0,2400.0,0.9,12414,785,0.08415395921159373,0.07491700718217688,0.0,0.8902374633831335,0.10976253661686652
linear_survival,20.0,2400.0,0.95,12414,785,0.08415395921159373,0.08048055017307044,0.03595361069893087,0.9237887452710382,0.07621125472896184
linear_survival,20.0,3600.0,0.1,12107,927,0.0908263580515267,0.005637631129910932,0.0,0.06207043033380958,0.9379295696661905
linear_survival,20.0,3600.0,0.2,12107,927,0.0908263580515267,0.017925062108818585,0.0,0.1973552886338294,0.8026447113661705
linear_survival,20.0,3600.0,0.4,12107,927,0.0908263580515267,0.02145273659537404,0.0,0.23619505455898263,0.7638049454410174
linear_survival,20.0,3600.0,0.6,12107,927,0.0908263580515267,0.029955295162884817,0.0,0.3298083926902682,0.6701916073097318
linear_survival,20.0,3600.0,0.8,12107,927,0.0908263580515267,0.06310505183509207,0.0,0.6947878698306053,0.30521213016939475
linear_survival,20.0,3600.0,0.9,12107,927,0.0908263580515267,0.08176395825584726,0.0,0.9002227988648598,0.09977720113514021
linear_survival,20.0,3600.0,0.95,12107,927,0.0908263580515267,0.08790366550337524,0.04426988392988435,0.9372226397446879,0.06277736025531211
linear_survival,30.0,1.0,0.1,11942,0,0.0,0.0,0.0,nan,nan
linear_survival,30.0,1.0,0.2,11942,0,0.0,0.0,0.0,nan,nan
linear_survival,30.0,1.0,0.4,11942,0,0.0,0.0,0.0,nan,nan
linear_survival,30.0,1.0,0.6,11942,0,0.0,0.0,0.0,nan,nan
linear_survival,30.0,1.0,0.8,11942,0,0.0,0.0,0.0,nan,nan
linear_survival,30.0,1.0,0.9,11942,0,0.0,0.0,0.0,nan,nan
linear_survival,30.0,1.0,0.95,11942,0,0.0,0.0,0.0,nan,nan
linear_survival,30.0,2.0,0.1,11942,66,0.007484538642326297,0.0,0.0,0.0,1.0
linear_survival,30.0,2.0,0.2,11942,66,0.007484538642326297,0.0,0.0,0.0,1.0
linear_survival,30.0,2.0,0.4,11942,66,0.007484538642326297,0.0,0.0,0.0,1.0
linear_survival,30.0,2.0,0.6,11942,66,0.007484538642326297,0.0,0.0,0.0,1.0
linear_survival,30.0,2.0,0.8,11942,66,0.007484538642326297,0.0003520079936776839,0.0,0.047031354970501565,0.9529686450294984
linear_survival,30.0,2.0,0.9,11942,66,0.007484538642326297,0.006863577245987625,0.0,0.9170341117851897,0.08296588821481032
linear_survival,30.0,2.0,0.95,11942,66,0.007484538642326297,0.007016159702075274,0.0,0.9374204660254858,0.06257953397451421
linear_survival,30.0,3.0,0.1,11942,79,0.010761836383899784,0.0,0.0,0.0,1.0
linear_survival,30.0,3.0,0.2,11942,79,0.010761836383899784,0.0,0.0,0.0,1.0
linear_survival,30.0,3.0,0.4,11942,79,0.010761836383899784,0.0,0.0,0.0,1.0
linear_survival,30.0,3.0,0.6,11942,79,0.010761836383899784,0.0,0.0,0.0,1.0
linear_survival,30.0,3.0,0.8,11942,79,0.010761836383899784,0.004398747200243851,0.0,0.4087357439130542,0.5912642560869459
linear_survival,30.0,3.0,0.9,11942,79,0.010761836383899784,0.010504957072566944,0.0,0.9761305318005816,0.023869468199418375
linear_survival,30.0,3.0,0.95,11942,79,0.010761836383899784,0.010464990856964026,0.0,0.9724168333036681,0.027583166696331873
linear_survival,30.0,5.0,0.1,11831,107,0.01523635460142777,0.0,0.0,0.0,1.0
linear_survival,30.0,5.0,0.2,11831,107,0.01523635460142777,0.0,0.0,0.0,1.0
linear_survival,30.0,5.0,0.4,11831,107,0.01523635460142777,0.0,0.0,0.0,1.0
linear_survival,30.0,5.0,0.6,11831,107,0.01523635460142777,0.0028113838555077217,0.0,0.18451814289254415,0.8154818571074558
linear_survival,30.0,5.0,0.8,11831,107,0.01523635460142777,0.00655600434938449,0.0,0.43028693679590124,0.5697130632040988
linear_survival,30.0,5.0,0.9,11831,107,0.01523635460142777,0.012952927433887996,0.0,0.850132972927409,0.14986702707259103
linear_survival,30.0,5.0,0.95,11831,107,0.01523635460142777,0.013357393854929258,0.0,0.8766791141548755,0.12332088584512446
linear_survival,30.0,10.0,0.1,11823,163,0.018253421309577977,0.0,0.0,0.0,1.0
linear_survival,30.0,10.0,0.2,11823,163,0.018253421309577977,0.0,0.0,0.0,1.0
linear_survival,30.0,10.0,0.4,11823,163,0.018253421309577977,5.4176202681601645e-06,0.0,0.00029680026425059385,0.9997031997357494
linear_survival,30.0,10.0,0.6,11823,163,0.018253421309577977,0.002868082670251703,0.0,0.1571257585966504,0.8428742414033497
linear_survival,30.0,10.0,0.8,11823,163,0.018253421309577977,0.006616220311841602,0.0,0.3624646689314032,0.6375353310685967
linear_survival,30.0,10.0,0.9,11823,163,0.018253421309577977,0.013605803426313028,0.0,0.7453837390568397,0.25461626094316026
linear_survival,30.0,10.0,0.95,11823,163,0.018253421309577977,0.0145154901931393,0.0,0.7952202464927876,0.20477975350721245
linear_survival,30.0,20.0,0.1,11823,194,0.021410717669393897,0.0001590445758570334,0.0,0.007428269258082076,0.992571730741918
linear_survival,30.0,20.0,0.2,11823,194,0.021410717669393897,7.960006995157662e-05,0.0,0.003717767483588978,0.996282232516411
linear_survival,30.0,20.0,0.4,11823,194,0.021410717669393897,0.0007897686435362373,0.0,0.03688660304297938,0.9631133969570206
linear_survival,30.0,20.0,0.6,11823,194,0.021410717669393897,0.004184329188671114,0.0,0.19543152421520701,0.804568475784793
linear_survival,30.0,20.0,0.8,11823,194,0.021410717669393897,0.010561520593532422,0.0,0.4932819514326631,0.5067180485673368
linear_survival,30.0,20.0,0.9,11823,194,0.021410717669393897,0.01711386391943691,0.0,0.7993129508171865,0.20068704918281355
linear_survival,30.0,20.0,0.95,11823,194,0.021410717669393897,0.01783860098052093,0.0,0.8331622160438265,0.16683778395617355
linear_survival,30.0,30.0,0.1,11823,194,0.021410717669393897,0.0001590445758570334,0.0,0.007428269258082076,0.992571730741918
linear_survival,30.0,30.0,0.2,11823,194,0.021410717669393897,7.963627939302676e-05,0.0,0.003719458666575427,0.9962805413334246
linear_survival,30.0,30.0,0.4,11823,194,0.021410717669393897,0.0007897686435362373,0.0,0.03688660304297938,0.9631133969570206
linear_survival,30.0,30.0,0.6,11823,194,0.021410717669393897,0.004184329188671114,0.0,0.19543152421520701,0.804568475784793
linear_survival,30.0,30.0,0.8,11823,194,0.021410717669393897,0.010561520593532422,0.0,0.4932819514326631,0.5067180485673368
linear_survival,30.0,30.0,0.9,11823,194,0.021410717669393897,0.01711386391943691,0.0,0.7993129508171865,0.20068704918281355
linear_survival,30.0,30.0,0.95,11823,194,0.021410717669393897,0.01783860098052093,0.0,0.8331622160438265,0.16683778395617355
linear_survival,30.0,60.0,0.1,11823,194,0.021410717669393897,0.00015914121612823888,0.0,0.0074327828980589195,0.9925672171019411
linear_survival,30.0,60.0,0.2,11823,194,0.021410717669393897,7.959834194241663e-05,0.0,0.003717686775917864,0.9962823132240821
linear_survival,30.0,60.0,0.4,11823,194,0.021410717669393897,0.0007905757584887469,0.0,0.03692429981545438,0.9630757001845456
linear_survival,30.0,60.0,0.6,11823,194,0.021410717669393897,0.004184536112731596,0.0,0.19544118872359373,0.8045588112764063
linear_survival,30.0,60.0,0.8,11823,194,0.021410717669393897,0.010560122276052424,0.0,0.49321664220288436,0.5067833577971157
linear_survival,30.0,60.0,0.9,11823,194,0.021410717669393897,0.017111610553581118,0.0,0.7992077060565677,0.20079229394343234
linear_survival,30.0,60.0,0.95,11823,194,0.021410717669393897,0.017786988087972466,0.0,0.8307516059304512,0.16924839406954884
linear_survival,30.0,120.0,0.1,11823,194,0.021410717669393897,0.00015891896577463363,0.0,0.007422402566253277,0.9925775974337467
linear_survival,30.0,120.0,0.2,11823,194,0.021410717669393897,7.962417389919579e-05,0.0,0.0037188932724574954,0.9962811067275426
linear_survival,30.0,120.0,0.4,11823,194,0.021410717669393897,0.0007913024283093268,0.0,0.03695823935133545,0.9630417606486645
linear_survival,30.0,120.0,0.6,11823,194,0.021410717669393897,0.0041855710400951,0.0,0.19548952560699412,0.8045104743930058
linear_survival,30.0,120.0,0.8,11823,194,0.021410717669393897,0.010564739085793284,0.0,0.49343227298239156,0.5065677270176084
linear_survival,30.0,120.0,0.9,11823,194,0.021410717669393897,0.01710560142099,0.0,0.7989270460299444,0.20107295397005565
linear_survival,30.0,120.0,0.95,11823,194,0.021410717669393897,0.017786988087972466,0.0,0.8307516059304512,0.16924839406954884
linear_survival,30.0,180.0,0.1,11823,194,0.021410717669393897,0.000159086745663681,0.0,0.0074302388233857125,0.9925697611766143
linear_survival,30.0,180.0,0.2,11823,194,0.021410717669393897,7.964771573971609e-05,0.0,0.0037199928077875956,0.9962800071922124
linear_survival,30.0,180.0,0.4,11823,194,0.021410717669393897,0.0007914895568020444,0.0,0.036966979296236276,0.9630330207037637
linear_survival,30.0,180.0,0.6,11823,194,0.021410717669393897,0.004184537795124901,0.0,0.19544126730074987,0.8045587326992502
linear_survival,30.0,180.0,0.8,11823,194,0.021410717669393897,0.010538769747765483,0.0,0.4922193599717771,0.5077806400282229
linear_survival,30.0,180.0,0.9,11823,194,0.021410717669393897,0.01711000464686382,0.0,0.7991327012509328,0.20086729874906717
linear_survival,30.0,180.0,0.95,11823,194,0.021410717669393897,0.017786988087972466,0.0,0.8307516059304512,0.16924839406954884
linear_survival,30.0,300.0,0.1,11823,194,0.021410717669393897,0.00015922222356247662,0.0,0.007436566397308622,0.9925634336026914
linear_survival,30.0,300.0,0.2,11823,194,0.021410717669393897,7.965309868656867e-05,0.0,0.0037202442214457317,0.9962797557785543
linear_survival,30.0,300.0,0.4,11823,194,0.021410717669393897,0.0007915931838517404,0.0,0.0369718192577591,0.963028180742241
linear_survival,30.0,300.0,0.6,11823,194,0.021410717669393897,0.00418314691776266,0.0,0.19537630556599075,0.8046236944340093
linear_survival,30.0,300.0,0.8,11823,194,0.021410717669393897,0.010543416995457711,0.0,0.49243641237347546,0.5075635876265245
linear_survival,30.0,300.0,0.9,11823,194,0.021410717669393897,0.017082073276004243,0.0,0.7978281503577367,0.2021718496422633
linear_survival,30.0,300.0,0.95,11823,194,0.021410717669393897,0.017786988087972466,0.0,0.8307516059304512,0.16924839406954884
linear_survival,30.0,600.0,0.1,11823,194,0.021410717669393897,0.00015930369801811717,0.0,0.0074403717090640985,0.9925596282909359
linear_survival,30.0,600.0,0.2,11823,194,0.021410717669393897,7.915614749428816e-05,0.0,0.003697033827476038,0.996302966172524
linear_survival,30.0,600.0,0.4,11823,194,0.021410717669393897,0.0007912852474756674,0.0,0.03695743691052405,0.963042563089476
linear_survival,30.0,600.0,0.6,11823,194,0.021410717669393897,0.004159496384419313,0.0,0.1942716936744821,0.8057283063255178
linear_survival,30.0,600.0,0.8,11823,194,0.021410717669393897,0.010541443005213395,0.0,0.4923442160129986,0.5076557839870014
linear_survival,30.0,600.0,0.9,11823,194,0.021410717669393897,0.01702734109848744,0.0,0.7952718522288307,0.20472814777116932
linear_survival,30.0,600.0,0.95,11823,194,0.021410717669393897,0.01758504536887843,0.0,0.8213197539854455,0.17868024601455446
linear_survival,30.0,900.0,0.1,11823,194,0.021410717669393897,0.00015882030204733807,0.0,0.0074177944195849095,0.9925822055804151
linear_survival,30.0,900.0,0.2,11823,194,0.021410717669393897,7.964694680670048e-05,0.0,0.0037199568943246525,0.9962800431056753
linear_survival,30.0,900.0,0.4,11823,194,0.021410717669393897,0.0007914332179964192,0.0,0.03696434795960875,0.9630356520403912
linear_survival,30.0,900.0,0.6,11823,194,0.021410717669393897,0.004162382508075414,0.0,0.1944064917555491,0.8055935082444509
linear_survival,30.0,900.0,0.8,11823,194,0.021410717669393897,0.010541684732479632,0.0,0.49235550602531714,0.5076444939746829
linear_survival,30.0,900.0,0.9,11823,194,0.021410717669393897,0.016977608137580202,0.0,0.7929490454142638,0.2070509545857362
linear_survival,30.0,900.0,0.95,11823,194,0.021410717669393897,0.01758504536887843,0.0,0.8213197539854455,0.17868024601455446
linear_survival,30.0,1200.0,0.1,11823,194,0.021410717669393897,0.00015856998702609197,0.0,0.0074061033111825075,0.9925938966888175
linear_survival,30.0,1200.0,0.2,11823,194,0.021410717669393897,7.962984188650335e-05,0.0,0.0037191579990955782,0.9962808420009044
linear_survival,30.0,1200.0,0.4,11823,194,0.021410717669393897,0.0007913205644431685,0.0,0.036959086409996525,0.9630409135900034
linear_survival,30.0,1200.0,0.6,11823,194,0.021410717669393897,0.004170962996328767,0.0,0.19480724844132888,0.8051927515586711
linear_survival,30.0,1200.0,0.8,11823,194,0.021410717669393897,0.01054180241950327,0.0,0.49236100266608634,0.5076389973339137
linear_survival,30.0,1200.0,0.9,11823,194,0.021410717669393897,0.0169507162791995,0.0,0.7916930455549437,0.2083069544450563
linear_survival,30.0,1200.0,0.95,11823,194,0.021410717669393897,0.01758367386342129,0.0,0.8212556970267618,0.17874430297323818
linear_survival,30.0,1800.0,0.1,11823,194,0.021410717669393897,0.00015924604237392418,0.0,0.007437678868726691,0.9925623211312733
linear_survival,30.0,1800.0,0.2,11823,194,0.021410717669393897,7.962061981033404e-05,0.0,0.003718727276673672,0.9962812727233263
linear_survival,30.0,1800.0,0.4,11823,194,0.021410717669393897,0.0007910328706715519,0.0,0.036945649505355636,0.9630543504946444
linear_survival,30.0,1800.0,0.6,11823,194,0.021410717669393897,0.0041829754346649215,0.0,0.1953682963483463,0.8046317036516537
linear_survival,30.0,1800.0,0.8,11823,194,0.021410717669393897,0.010328558895262047,0.0,0.4824013400553346,0.5175986599446654
linear_survival,30.0,1800.0,0.9,11823,194,0.021410717669393897,0.01692306248298777,0.0,0.7904014589468376,0.20959854105316245
linear_survival,30.0,1800.0,0.95,11823,194,0.021410717669393897,0.017517706619576058,0.0,0.8181746586018084,0.18182534139819162
linear_survival,30.0,2400.0,0.1,11823,194,0.021410717669393897,0.0001589258538652694,0.0,0.0074227242785257054,0.9925772757214743
linear_survival,30.0,2400.0,0.2,11823,194,0.021410717669393897,7.964608177480432e-05,0.0,0.003719916492507697,0.9962800835074923
linear_survival,30.0,2400.0,0.4,11823,194,0.021410717669393897,0.0048671461000679445,0.0,0.2273228845114992,0.7726771154885008
linear_survival,30.0,2400.0,0.6,11823,194,0.021410717669393897,0.004184684168521188,0.0,0.19544810375520913,0.8045518962447908
linear_survival,30.0,2400.0,0.8,11823,194,0.021410717669393897,0.010540940502427964,0.0,0.49232074632864753,0.5076792536713525
linear_survival,30.0,2400.0,0.9,11823,194,0.021410717669393897,0.016883738973141188,0.0,0.7885648315878774,0.21143516841212262
linear_survival,30.0,2400.0,0.95,11823,194,0.021410717669393897,0.01751610440455941,0.0,0.8180998262191957,0.18190017378080425
linear_survival,30.0,3600.0,0.1,11488,336,0.026822047225270682,0.00016413500850517772,0.0,0.006119406439286862,0.9938805935607131
linear_survival,30.0,3600.0,0.2,11488,336,0.026822047225270682,0.0024746669314254155,0.0,0.09226241795197054,0.9077375820480295
linear_survival,30.0,3600.0,0.4,11488,336,0.026822047225270682,0.006321697107226162,0.0,0.23569032796535033,0.7643096720346496
linear_survival,30.0,3600.0,0.6,11488,336,0.026822047225270682,0.005172761436457762,0.0,0.19285483292953823,0.8071451670704618
linear_survival,30.0,3600.0,0.8,11488,336,0.026822047225270682,0.012228435071506548,0.0,0.4559098330117544,0.5440901669882456
linear_survival,30.0,3600.0,0.9,11488,336,0.026822047225270682,0.021218890215595695,0.0,0.7910988313973323,0.20890116860266772
linear_survival,30.0,3600.0,0.95,11488,336,0.026822047225270682,0.023160979000778778,0.0,0.8635052651371596,0.13649473486284036
linear_survival,45.0,1.0,0.1,11660,0,0.0,0.0,0.0,nan,nan
linear_survival,45.0,1.0,0.2,11660,0,0.0,0.0,0.0,nan,nan
linear_survival,45.0,1.0,0.4,11660,0,0.0,0.0,0.0,nan,nan
linear_survival,45.0,1.0,0.6,11660,0,0.0,0.0,0.0,nan,nan
linear_survival,45.0,1.0,0.8,11660,0,0.0,0.0,0.0,nan,nan
linear_survival,45.0,1.0,0.9,11660,0,0.0,0.0,0.0,nan,nan
linear_survival,45.0,1.0,0.95,11660,0,0.0,0.0,0.0,nan,nan
linear_survival,45.0,2.0,0.1,11660,1,1.6227519660500617e-05,0.0001622207529500827,0.0,9.99664497988217,-8.99664497988217
linear_survival,45.0,2.0,0.2,11660,1,1.6227519660500617e-05,8.095408063762377e-05,0.0,4.98869096025032,-3.98869096025032
linear_survival,45.0,2.0,0.4,11660,1,1.6227519660500617e-05,4.0567228194961184e-05,0.0,2.499903191841808,-1.499903191841808
linear_survival,45.0,2.0,0.6,11660,1,1.6227519660500617e-05,2.7042829696141028e-05,0.0,1.6664795521379612,-0.6664795521379612
linear_survival,45.0,2.0,0.8,11660,1,1.6227519660500617e-05,2.0283844747452302e-05,0.0,1.2499658094283614,-0.24996580942836144
linear_survival,45.0,2.0,0.9,11660,1,1.6227519660500617e-05,1.802166859899002e-05,0.0,1.1105621176880494,-0.11056211768804936
linear_survival,45.0,2.0,0.95,11660,1,1.6227519660500617e-05,1.7078721000461125e-05,0.0,1.0524541863309163,-0.05245418633091625
linear_survival,45.0,3.0,0.1,11660,31,0.0032159993508992135,0.0001622207529500827,0.0,0.05044178659573571,0.9495582134042643
linear_survival,45.0,3.0,0.2,11660,31,0.0032159993508992135,8.095408063762377e-05,0.0,0.025172293836125466,0.9748277061638745
linear_survival,45.0,3.0,0.4,11660,31,0.0032159993508992135,0.0008008954293641579,0.0,0.24903469869800268,0.7509653013019973
linear_survival,45.0,3.0,0.6,11660,31,0.0032159993508992135,0.0013414882488661474,0.0,0.41712951480884436,0.5828704851911557
linear_survival,45.0,3.0,0.8,11660,31,0.0032159993508992135,0.0035745666402669353,0.0,1.1114948264114122,-0.11149482641141217
linear_survival,45.0,3.0,0.9,11660,31,0.0032159993508992135,0.0035715670496180227,0.0,1.1105621176880494,-0.11056211768804936
linear_survival,45.0,3.0,0.95,11660,31,0.0032159993508992135,0.0033846919800913865,0.0,1.0524541863309163,-0.05245418633091625
linear_survival,45.0,5.0,0.1,11660,31,0.0032159993508992135,0.0001622207529500827,0.0,0.05044178659573571,0.9495582134042643
linear_survival,45.0,5.0,0.2,11660,31,0.0032159993508992135,8.095408063762377e-05,0.0,0.025172293836125466,0.9748277061638745
linear_survival,45.0,5.0,0.4,11660,31,0.0032159993508992135,0.0008008954293641579,0.0,0.24903469869800268,0.7509653013019973
linear_survival,45.0,5.0,0.6,11660,31,0.0032159993508992135,0.0013414882488661474,0.0,0.41712951480884436,0.5828704851911557
linear_survival,45.0,5.0,0.8,11660,31,0.0032159993508992135,0.0035745666402669353,0.0,1.1114948264114122,-0.11149482641141217
linear_survival,45.0,5.0,0.9,11660,31,0.0032159993508992135,0.0035715670496180227,0.0,1.1105621176880494,-0.11056211768804936
linear_survival,45.0,5.0,0.95,11660,31,0.0032159993508992135,0.0033846919800913865,0.0,1.0524541863309163,-0.05245418633091625
linear_survival,45.0,10.0,0.1,11660,31,0.0032159993508992135,0.0001622207529500827,0.0,0.05044178659573571,0.9495582134042643
linear_survival,45.0,10.0,0.2,11660,31,0.0032159993508992135,8.095408063762377e-05,0.0,0.025172293836125466,0.9748277061638745
linear_survival,45.0,10.0,0.4,11660,31,0.0032159993508992135,0.0008008954293641579,0.0,0.24903469869800268,0.7509653013019973
linear_survival,45.0,10.0,0.6,11660,31,0.0032159993508992135,0.0013414882488661474,0.0,0.41712951480884436,0.5828704851911557
linear_survival,45.0,10.0,0.8,11660,31,0.0032159993508992135,0.0035745666402669353,0.0,1.1114948264114122,-0.11149482641141217
linear_survival,45.0,10.0,0.9,11660,31,0.0032159993508992135,0.0035715670496180227,0.0,1.1105621176880494,-0.11056211768804936
linear_survival,45.0,10.0,0.95,11660,31,0.0032159993508992135,0.0033846919800913865,0.0,1.0524541863309163,-0.05245418633091625
linear_survival,45.0,20.0,0.1,11660,31,0.0032159993508992135,0.0001603050653971801,0.0,0.04984611248517752,0.9501538875148224
linear_survival,45.0,20.0,0.2,11660,31,0.0032159993508992135,8.096510404015869e-05,0.0,0.02517572151173486,0.9748242784882651
linear_survival,45.0,20.0,0.4,11660,31,0.0032159993508992135,0.0008008501426840834,0.0,0.24902061701603287,0.7509793829839672
linear_survival,45.0,20.0,0.6,11660,31,0.0032159993508992135,0.0013416339248980046,0.0,0.41717481209157437,0.5828251879084256
linear_survival,45.0,20.0,0.8,11660,31,0.0032159993508992135,0.0035737275259364867,0.0,1.11123390772366,-0.11123390772365993
linear_survival,45.0,20.0,0.9,11660,31,0.0032159993508992135,0.003571725044892324,0.0,1.1106112455817652,-0.11061124558176516
linear_survival,45.0,20.0,0.95,11660,31,0.0032159993508992135,0.003385196545857249,0.0,1.052611078702714,-0.05261107870271409
linear_survival,45.0,30.0,0.1,11660,31,0.0032159993508992135,0.0001608814352574103,0.0,0.05002533200525269,0.9499746679947473
linear_survival,45.0,30.0,0.2,11660,31,0.0032159993508992135,8.099302355547101e-05,0.0,0.02518440295481554,0.9748155970451845
linear_survival,45.0,30.0,0.4,11660,31,0.0032159993508992135,0.0008006306733101193,0.0,0.248952374037718,0.751047625962282
linear_survival,45.0,30.0,0.6,11660,31,0.0032159993508992135,0.0013411140340169438,0.0,0.4170131544466761,0.5829868455533239
linear_survival,45.0,30.0,0.8,11660,31,0.0032159993508992135,0.0035745457674624444,0.0,1.1114883361101981,-0.11148833611019815
linear_survival,45.0,30.0,0.9,11660,31,0.0032159993508992135,0.00357255133425779,0.0,1.1108681764064667,-0.11086817640646673
linear_survival,45.0,30.0,0.95,11660,31,0.0032159993508992135,0.003385196545857249,0.0,1.052611078702714,-0.05261107870271409
linear_survival,45.0,60.0,0.1,11660,31,0.0032159993508992135,0.00016218368039002719,0.0,0.050430259056078355,0.9495697409439217
linear_survival,45.0,60.0,0.2,11660,31,0.0032159993508992135,8.109542720088074e-05,0.0,0.02521624489078518,0.9747837551092148
linear_survival,45.0,60.0,0.4,11660,31,0.0032159993508992135,0.0008008402984313241,0.0,0.24901755599154712,0.7509824440084529
linear_survival,45.0,60.0,0.6,11660,31,0.0032159993508992135,0.0013404057408996522,0.0,0.41679291400505614,0.5832070859949439
linear_survival,45.0,60.0,0.8,11660,31,0.0032159993508992135,0.0035746160768288905,0.0,1.1115101984797993,-0.11151019847979926
linear_survival,45.0,60.0,0.9,11660,31,0.0032159993508992135,0.0035732491488946693,0.0,1.11108515861347,-0.11108515861347001
linear_survival,45.0,60.0,0.95,11660,31,0.0032159993508992135,0.003376777939416783,0.0,1.0499933522911362,-0.04999335229113622
linear_survival,45.0,120.0,0.1,11660,31,0.0032159993508992135,0.00016074938440292563,0.0,0.049984271407884175,0.9500157285921158
linear_survival,45.0,120.0,0.2,11660,31,0.0032159993508992135,8.112932013629726e-05,0.0,0.02522678374098956,0.9747732162590105
linear_survival,45.0,120.0,0.4,11660,31,0.0032159993508992135,0.0008007581083672155,0.0,0.24899199937441485,0.7510080006255851
linear_survival,45.0,120.0,0.6,11660,31,0.0032159993508992135,0.0013415514628811478,0.0,0.4171491709120033,0.5828508290879967
linear_survival,45.0,120.0,0.8,11660,31,0.0032159993508992135,0.0035746644161227786,0.0,1.1115252293577982,-0.11152522935779818
linear_survival,45.0,120.0,0.9,11660,31,0.0032159993508992135,0.00357331748106251,0.0,1.1111064061823857,-0.11110640618238565
linear_survival,45.0,120.0,0.95,11660,31,0.0032159993508992135,0.0033803996262952705,0.0,1.0511194989358719,-0.051119498935871865
linear_survival,45.0,180.0,0.1,11660,31,0.0032159993508992135,0.00016227499711101332,0.0,0.05045865356460355,0.9495413464353964
linear_survival,45.0,180.0,0.2,11660,31,0.0032159993508992135,8.111944838775097e-05,0.0,0.02522371416681706,0.974776285833183
linear_survival,45.0,180.0,0.4,11660,31,0.0032159993508992135,0.0008008969061899558,0.0,0.24903515791009723,0.7509648420899028
linear_survival,45.0,180.0,0.6,11660,31,0.0032159993508992135,0.0013409355175482752,0.0,0.4169576455832745,0.5830423544167255
linear_survival,45.0,180.0,0.8,11660,31,0.0032159993508992135,0.003574644640799078,0.0,1.1115190803131179,-0.11151908031311786
linear_survival,45.0,180.0,0.9,11660,31,0.0032159993508992135,0.003573261838956804,0.0,1.1110891045291094,-0.11108910452910936
linear_survival,45.0,180.0,0.95,11660,31,0.0032159993508992135,0.0033811502424967157,0.0,1.0513528995431312,-0.05135289954313116
linear_survival,45.0,300.0,0.1,11660,31,0.0032159993508992135,0.0001618210259453045,0.0,0.05031749334777021,0.9496825066522298
linear_survival,45.0,300.0,0.2,11660,31,0.0032159993508992135,8.104573558214784e-05,0.0,0.02520079351368244,0.9747992064863176
linear_survival,45.0,300.0,0.4,11660,31,0.0032159993508992135,0.000798715679898294,0.0,0.2483569157670906,0.7516430842329094
linear_survival,45.0,300.0,0.6,11660,31,0.0032159993508992135,0.001341572902030348,0.0,0.41715583731546335,0.5828441626845366
linear_survival,45.0,300.0,0.8,11660,31,0.0032159993508992135,0.003574640246312413,0.0,1.1115177138679837,-0.1115177138679837
linear_survival,45.0,300.0,0.9,11660,31,0.0032159993508992135,0.0035732491488946693,0.0,1.11108515861347,-0.11108515861347001
linear_survival,45.0,300.0,0.95,11660,31,0.0032159993508992135,0.003381832115304962,0.0,1.0515649247128676,-0.051564924712867555
linear_survival,45.0,600.0,0.1,11660,31,0.0032159993508992135,0.00016192702979212005,0.0,0.05035045474957706,0.9496495452504229
linear_survival,45.0,600.0,0.2,11660,31,0.0032159993508992135,8.110937968529561e-05,0.0,0.025220583350745056,0.9747794166492549
linear_survival,45.0,600.0,0.4,11660,31,0.0032159993508992135,0.0008008284856474696,0.0,0.24901388286149775,0.7509861171385023
linear_survival,45.0,600.0,0.6,11660,31,0.0032159993508992135,0.0013416009388747927,0.0,0.41716455524149054,0.5828354447585095
linear_survival,45.0,600.0,0.8,11660,31,0.0032159993508992135,0.0035746457394224326,0.0,1.1115194219249265,-0.11151942192492648
linear_survival,45.0,600.0,0.9,11660,31,0.0032159993508992135,0.0035731583687712513,0.0,1.111056930957456,-0.11105693095745606
linear_survival,45.0,600.0,0.95,11660,31,0.0032159993508992135,0.003385157997332247,0.0,1.0525990922186397,-0.052599092218639676
linear_survival,45.0,900.0,0.1,11660,31,0.0032159993508992135,0.00016224866820884845,0.0,0.050450466715263084,0.9495495332847369
linear_survival,45.0,900.0,0.2,11660,31,0.0032159993508992135,8.110818356993983e-05,0.0,0.02522021142425339,0.9747797885757467
linear_survival,45.0,900.0,0.4,11660,31,0.0032159993508992135,0.0008008649095170164,0.0,0.24902520869386666,0.7509747913061333
linear_survival,45.0,900.0,0.6,11660,31,0.0032159993508992135,0.0013416201805245432,0.0,0.4171705383427449,0.5828294616572551
linear_survival,45.0,900.0,0.8,11660,31,0.0032159993508992135,0.003573684702134563,0.0,1.1112205918621652,-0.11122059186216515
linear_survival,45.0,900.0,0.9,11660,31,0.0032159993508992135,0.003573238411220187,0.0,1.111081819783666,-0.11108181978366605
linear_survival,45.0,900.0,0.95,11660,31,0.0032159993508992135,0.003383921406096957,0.0,1.0522145799410039,-0.05221457994100387
linear_survival,45.0,1200.0,0.1,11660,31,0.0032159993508992135,0.0001618885029728616,0.0,0.05033847501480265,0.9496615249851974
linear_survival,45.0,1200.0,0.2,11660,31,0.0032159993508992135,8.10873568838866e-05,0.0,0.02521373546335265,0.9747862645366474
linear_survival,45.0,1200.0,0.4,11660,31,0.0032159993508992135,0.0008008127358110795,0.0,0.24900898552332335,0.7509910144766767
linear_survival,45.0,1200.0,0.6,11660,31,0.0032159993508992135,0.0013331324540794098,0.0,0.4145313193880644,0.5854686806119356
linear_survival,45.0,1200.0,0.8,11660,31,0.0032159993508992135,0.003569277150028401,0.0,1.109850084089852,-0.10985008408985197
linear_survival,45.0,1200.0,0.9,11660,31,0.0032159993508992135,0.0035733213858367527,0.0,1.111107620353726,-0.11110762035372601
linear_survival,45.0,1200.0,0.95,11660,31,0.0032159993508992135,0.003384207703419214,0.0,1.0523036027581811,-0.052303602758181134
linear_survival,45.0,1800.0,0.1,11660,31,0.0032159993508992135,0.00016215299872488777,0.0,0.050420718735390536,0.9495792812646094
linear_survival,45.0,1800.0,0.2,11660,31,0.0032159993508992135,8.111047615536343e-05,0.0,0.025220924292999138,0.9747790757070008
linear_survival,45.0,1800.0,0.4,11660,31,0.0032159993508992135,0.0008002761351883198,0.0,0.24884213206217146,0.7511578679378286
linear_survival,45.0,1800.0,0.6,11660,31,0.0032159993508992135,0.0013415014408643302,0.0,0.417133616799157,0.5828663832008429
linear_survival,45.0,1800.0,0.8,11660,31,0.0032159993508992135,0.003574003160093586,0.0,1.11131961487936,-0.11131961487936004
linear_survival,45.0,1800.0,0.9,11660,31,0.0032159993508992135,0.003573231578188208,0.0,1.1110796950842388,-0.11107969508423876
linear_survival,45.0,1800.0,0.95,11660,31,0.0032159993508992135,0.0033851369712340996,0.0,1.0525925542514785,-0.05259255425147846
linear_survival,45.0,2400.0,0.1,11660,31,0.0032159993508992135,0.0,0.0,0.0,1.0
linear_survival,45.0,2400.0,0.2,11660,31,0.0032159993508992135,8.105359853415796e-05,0.0,0.025203238461940256,0.9747967615380597
linear_survival,45.0,2400.0,0.4,11660,31,0.0032159993508992135,0.0008007379325475081,0.0,0.24898572579736894,0.7510142742026311
linear_survival,45.0,2400.0,0.6,11660,31,0.0032159993508992135,0.0013415932423694323,0.0,0.4171621620490422,0.5828378379509578
linear_survival,45.0,2400.0,0.8,11660,31,0.0032159993508992135,0.0035745128108990217,0.0,1.1114780884204984,-0.11147808842049844
linear_survival,45.0,2400.0,0.9,11660,31,0.0032159993508992135,0.0035686028428778,0.0,1.109640411426077,-0.10964041142607694
linear_survival,45.0,2400.0,0.95,11660,31,0.0032159993508992135,0.0033847725603630714,0.0,1.0524792423906018,-0.052479242390601755
linear_survival,45.0,3600.0,0.1,11305,173,0.00816450216229928,0.00016791628609882128,0.0,0.02056662889676213,0.9794333711032379
linear_survival,45.0,3600.0,0.2,11305,173,0.00816450216229928,0.002536414852655158,0.0,0.3106637492690497,0.6893362507309503
linear_survival,45.0,3600.0,0.4,11305,173,0.00816450216229928,0.0020965520398936273,0.0,0.25678871757481386,0.7432112824251862
linear_survival,45.0,3600.0,0.6,11305,173,0.00816450216229928,0.0022336410596481377,0.0,0.273579578429446,0.726420421570554
linear_survival,45.0,3600.0,0.8,11305,173,0.00816450216229928,0.004915659769436541,0.0,0.6020770981157039,0.39792290188429613
linear_survival,45.0,3600.0,0.9,11305,173,0.00816450216229928,0.0073139892245185365,0.0,0.8958279487378783,0.1041720512621217
linear_survival,45.0,3600.0,0.95,11305,173,0.00816450216229928,0.006943449426186548,0.0,0.8504436998313121,0.14955630016868793
linear_survival,60.0,1.0,0.1,11629,0,0.0,0.0,0.0,nan,nan
linear_survival,60.0,1.0,0.2,11629,0,0.0,0.0,0.0,nan,nan
linear_survival,60.0,1.0,0.4,11629,0,0.0,0.0,0.0,nan,nan
linear_survival,60.0,1.0,0.6,11629,0,0.0,0.0,0.0,nan,nan
linear_survival,60.0,1.0,0.8,11629,0,0.0,0.0,0.0,nan,nan
linear_survival,60.0,1.0,0.9,11629,0,0.0,0.0,0.0,nan,nan
linear_survival,60.0,1.0,0.95,11629,0,0.0,0.0,0.0,nan,nan
linear_survival,60.0,2.0,0.1,11629,0,0.0,0.0,0.0,nan,nan
linear_survival,60.0,2.0,0.2,11629,0,0.0,0.0,0.0,nan,nan
linear_survival,60.0,2.0,0.4,11629,0,0.0,0.0,0.0,nan,nan
linear_survival,60.0,2.0,0.6,11629,0,0.0,0.0,0.0,nan,nan
linear_survival,60.0,2.0,0.8,11629,0,0.0,0.0,0.0,nan,nan
linear_survival,60.0,2.0,0.9,11629,0,0.0,0.0,0.0,nan,nan
linear_survival,60.0,2.0,0.95,11629,0,0.0,0.0,0.0,nan,nan
linear_survival,60.0,3.0,0.1,11629,0,0.0,0.0,0.0,nan,nan
linear_survival,60.0,3.0,0.2,11629,0,0.0,0.0,0.0,nan,nan
linear_survival,60.0,3.0,0.4,11629,0,0.0,0.0,0.0,nan,nan
linear_survival,60.0,3.0,0.6,11629,0,0.0,0.0,0.0,nan,nan
linear_survival,60.0,3.0,0.8,11629,0,0.0,0.0,0.0,nan,nan
linear_survival,60.0,3.0,0.9,11629,0,0.0,0.0,0.0,nan,nan
linear_survival,60.0,3.0,0.95,11629,0,0.0,0.0,0.0,nan,nan
linear_survival,60.0,5.0,0.1,11629,0,0.0,0.0,0.0,nan,nan
linear_survival,60.0,5.0,0.2,11629,0,0.0,0.0,0.0,nan,nan
linear_survival,60.0,5.0,0.4,11629,0,0.0,0.0,0.0,nan,nan
linear_survival,60.0,5.0,0.6,11629,0,0.0,0.0,0.0,nan,nan
linear_survival,60.0,5.0,0.8,11629,0,0.0,0.0,0.0,nan,nan
linear_survival,60.0,5.0,0.9,11629,0,0.0,0.0,0.0,nan,nan
linear_survival,60.0,5.0,0.95,11629,0,0.0,0.0,0.0,nan,nan
linear_survival,60.0,10.0,0.1,11629,0,0.0,0.0,0.0,nan,nan
linear_survival,60.0,10.0,0.2,11629,0,0.0,0.0,0.0,nan,nan
linear_survival,60.0,10.0,0.4,11629,0,0.0,0.0,0.0,nan,nan
linear_survival,60.0,10.0,0.6,11629,0,0.0,0.0,0.0,nan,nan
linear_survival,60.0,10.0,0.8,11629,0,0.0,0.0,0.0,nan,nan
linear_survival,60.0,10.0,0.9,11629,0,0.0,0.0,0.0,nan,nan
linear_survival,60.0,10.0,0.95,11629,0,0.0,0.0,0.0,nan,nan
linear_survival,60.0,20.0,0.1,11629,0,0.0,0.0,0.0,nan,nan
linear_survival,60.0,20.0,0.2,11629,0,0.0,0.0,0.0,nan,nan
linear_survival,60.0,20.0,0.4,11629,0,0.0,0.0,0.0,nan,nan
linear_survival,60.0,20.0,0.6,11629,0,0.0,0.0,0.0,nan,nan
linear_survival,60.0,20.0,0.8,11629,0,0.0,0.0,0.0,nan,nan
linear_survival,60.0,20.0,0.9,11629,0,0.0,0.0,0.0,nan,nan
linear_survival,60.0,20.0,0.95,11629,0,0.0,0.0,0.0,nan,nan
linear_survival,60.0,30.0,0.1,11629,0,0.0,0.0,0.0,nan,nan
linear_survival,60.0,30.0,0.2,11629,0,0.0,0.0,0.0,nan,nan
linear_survival,60.0,30.0,0.4,11629,0,0.0,0.0,0.0,nan,nan
linear_survival,60.0,30.0,0.6,11629,0,0.0,0.0,0.0,nan,nan
linear_survival,60.0,30.0,0.8,11629,0,0.0,0.0,0.0,nan,nan
linear_survival,60.0,30.0,0.9,11629,0,0.0,0.0,0.0,nan,nan
linear_survival,60.0,30.0,0.95,11629,0,0.0,0.0,0.0,nan,nan
linear_survival,60.0,60.0,0.1,11629,0,0.0,0.0,0.0,nan,nan
linear_survival,60.0,60.0,0.2,11629,0,0.0,0.0,0.0,nan,nan
linear_survival,60.0,60.0,0.4,11629,0,0.0,0.0,0.0,nan,nan
linear_survival,60.0,60.0,0.6,11629,0,0.0,0.0,0.0,nan,nan
linear_survival,60.0,60.0,0.8,11629,0,0.0,0.0,0.0,nan,nan
linear_survival,60.0,60.0,0.9,11629,0,0.0,0.0,0.0,nan,nan
linear_survival,60.0,60.0,0.95,11629,0,0.0,0.0,0.0,nan,nan
linear_survival,60.0,120.0,0.1,11629,0,0.0,0.0,0.0,nan,nan
linear_survival,60.0,120.0,0.2,11629,0,0.0,0.0,0.0,nan,nan
linear_survival,60.0,120.0,0.4,11629,0,0.0,0.0,0.0,nan,nan
linear_survival,60.0,120.0,0.6,11629,0,0.0,0.0,0.0,nan,nan
linear_survival,60.0,120.0,0.8,11629,0,0.0,0.0,0.0,nan,nan
linear_survival,60.0,120.0,0.9,11629,0,0.0,0.0,0.0,nan,nan
linear_survival,60.0,120.0,0.95,11629,0,0.0,0.0,0.0,nan,nan
linear_survival,60.0,180.0,0.1,11629,0,0.0,0.0,0.0,nan,nan
linear_survival,60.0,180.0,0.2,11629,0,0.0,0.0,0.0,nan,nan
linear_survival,60.0,180.0,0.4,11629,0,0.0,0.0,0.0,nan,nan
linear_survival,60.0,180.0,0.6,11629,0,0.0,0.0,0.0,nan,nan
linear_survival,60.0,180.0,0.8,11629,0,0.0,0.0,0.0,nan,nan
linear_survival,60.0,180.0,0.9,11629,0,0.0,0.0,0.0,nan,nan
linear_survival,60.0,180.0,0.95,11629,0,0.0,0.0,0.0,nan,nan
linear_survival,60.0,300.0,0.1,11629,0,0.0,0.0,0.0,nan,nan
linear_survival,60.0,300.0,0.2,11629,0,0.0,0.0,0.0,nan,nan
linear_survival,60.0,300.0,0.4,11629,0,0.0,0.0,0.0,nan,nan
linear_survival,60.0,300.0,0.6,11629,0,0.0,0.0,0.0,nan,nan
linear_survival,60.0,300.0,0.8,11629,0,0.0,0.0,0.0,nan,nan
linear_survival,60.0,300.0,0.9,11629,0,0.0,0.0,0.0,nan,nan
linear_survival,60.0,300.0,0.95,11629,0,0.0,0.0,0.0,nan,nan
linear_survival,60.0,600.0,0.1,11629,0,0.0,0.0,0.0,nan,nan
linear_survival,60.0,600.0,0.2,11629,0,0.0,0.0,0.0,nan,nan
linear_survival,60.0,600.0,0.4,11629,0,0.0,0.0,0.0,nan,nan
linear_survival,60.0,600.0,0.6,11629,0,0.0,0.0,0.0,nan,nan
linear_survival,60.0,600.0,0.8,11629,0,0.0,0.0,0.0,nan,nan
linear_survival,60.0,600.0,0.9,11629,0,0.0,0.0,0.0,nan,nan
linear_survival,60.0,600.0,0.95,11629,0,0.0,0.0,0.0,nan,nan
linear_survival,60.0,900.0,0.1,11629,0,0.0,0.0,0.0,nan,nan
linear_survival,60.0,900.0,0.2,11629,0,0.0,0.0,0.0,nan,nan
linear_survival,60.0,900.0,0.4,11629,0,0.0,0.0,0.0,nan,nan
linear_survival,60.0,900.0,0.6,11629,0,0.0,0.0,0.0,nan,nan
linear_survival,60.0,900.0,0.8,11629,0,0.0,0.0,0.0,nan,nan
linear_survival,60.0,900.0,0.9,11629,0,0.0,0.0,0.0,nan,nan
linear_survival,60.0,900.0,0.95,11629,0,0.0,0.0,0.0,nan,nan
linear_survival,60.0,1200.0,0.1,11629,0,0.0,0.0,0.0,nan,nan
linear_survival,60.0,1200.0,0.2,11629,0,0.0,0.0,0.0,nan,nan
linear_survival,60.0,1200.0,0.4,11629,0,0.0,0.0,0.0,nan,nan
linear_survival,60.0,1200.0,0.6,11629,0,0.0,0.0,0.0,nan,nan
linear_survival,60.0,1200.0,0.8,11629,0,0.0,0.0,0.0,nan,nan
linear_survival,60.0,1200.0,0.9,11629,0,0.0,0.0,0.0,nan,nan
linear_survival,60.0,1200.0,0.95,11629,0,0.0,0.0,0.0,nan,nan
linear_survival,60.0,1800.0,0.1,11629,0,0.0,0.0,0.0,nan,nan
linear_survival,60.0,1800.0,0.2,11629,0,0.0,0.0,0.0,nan,nan
linear_survival,60.0,1800.0,0.4,11629,0,0.0,0.0,0.0,nan,nan
linear_survival,60.0,1800.0,0.6,11629,0,0.0,0.0,0.0,nan,nan
linear_survival,60.0,1800.0,0.8,11629,0,0.0,0.0,0.0,nan,nan
linear_survival,60.0,1800.0,0.9,11629,0,0.0,0.0,0.0,nan,nan
linear_survival,60.0,1800.0,0.95,11629,0,0.0,0.0,0.0,nan,nan
linear_survival,60.0,2400.0,0.1,11629,0,0.0,0.0,0.0,nan,nan
linear_survival,60.0,2400.0,0.2,11629,0,0.0,0.0,0.0,nan,nan
linear_survival,60.0,2400.0,0.4,11629,0,0.0,0.0,0.0,nan,nan
linear_survival,60.0,2400.0,0.6,11629,0,0.0,0.0,0.0,nan,nan
linear_survival,60.0,2400.0,0.8,11629,0,0.0,0.0,0.0,nan,nan
linear_survival,60.0,2400.0,0.9,11629,0,0.0,0.0,0.0,nan,nan
linear_survival,60.0,2400.0,0.95,11629,0,0.0,0.0,0.0,nan,nan
linear_survival,60.0,3600.0,0.1,11274,142,0.004852667460936014,0.0001623963800370559,0.0,0.03346538400670295,0.966534615993297
linear_survival,60.0,3600.0,0.2,11274,142,0.004852667460936014,0.0025422194570308815,0.0,0.5238808299756278,0.4761191700243722
linear_survival,60.0,3600.0,0.4,11274,142,0.004852667460936014,0.0012718053385209044,0.0,0.2620837608921157,0.7379162391078843
linear_survival,60.0,3600.0,0.6,11274,142,0.004852667460936014,0.0008480725276389133,0.0,0.17476419607687924,0.8252358039231208
linear_survival,60.0,3600.0,0.8,11274,142,0.004852667460936014,0.0029709584978282523,0.0,0.6122320397481336,0.38776796025186644
linear_survival,60.0,3600.0,0.9,11274,142,0.004852667460936014,0.0028058875427271106,0.0,0.5782155000964959,0.4217844999035041
linear_survival,60.0,3600.0,0.95,11274,142,0.004852667460936014,0.0030347717015465673,0.0,0.6253821688744361,0.3746178311255639
linear_survival,90.0,1.0,0.1,11629,0,0.0,0.0,0.0,nan,nan
linear_survival,90.0,1.0,0.2,11629,0,0.0,0.0,0.0,nan,nan
linear_survival,90.0,1.0,0.4,11629,0,0.0,0.0,0.0,nan,nan
linear_survival,90.0,1.0,0.6,11629,0,0.0,0.0,0.0,nan,nan
linear_survival,90.0,1.0,0.8,11629,0,0.0,0.0,0.0,nan,nan
linear_survival,90.0,1.0,0.9,11629,0,0.0,0.0,0.0,nan,nan
linear_survival,90.0,1.0,0.95,11629,0,0.0,0.0,0.0,nan,nan
linear_survival,90.0,2.0,0.1,11629,0,0.0,0.0,0.0,nan,nan
linear_survival,90.0,2.0,0.2,11629,0,0.0,0.0,0.0,nan,nan
linear_survival,90.0,2.0,0.4,11629,0,0.0,0.0,0.0,nan,nan
linear_survival,90.0,2.0,0.6,11629,0,0.0,0.0,0.0,nan,nan
linear_survival,90.0,2.0,0.8,11629,0,0.0,0.0,0.0,nan,nan
linear_survival,90.0,2.0,0.9,11629,0,0.0,0.0,0.0,nan,nan
linear_survival,90.0,2.0,0.95,11629,0,0.0,0.0,0.0,nan,nan
linear_survival,90.0,3.0,0.1,11629,0,0.0,0.0,0.0,nan,nan
linear_survival,90.0,3.0,0.2,11629,0,0.0,0.0,0.0,nan,nan
linear_survival,90.0,3.0,0.4,11629,0,0.0,0.0,0.0,nan,nan
linear_survival,90.0,3.0,0.6,11629,0,0.0,0.0,0.0,nan,nan
linear_survival,90.0,3.0,0.8,11629,0,0.0,0.0,0.0,nan,nan
linear_survival,90.0,3.0,0.9,11629,0,0.0,0.0,0.0,nan,nan
linear_survival,90.0,3.0,0.95,11629,0,0.0,0.0,0.0,nan,nan
linear_survival,90.0,5.0,0.1,11629,0,0.0,0.0,0.0,nan,nan
linear_survival,90.0,5.0,0.2,11629,0,0.0,0.0,0.0,nan,nan
linear_survival,90.0,5.0,0.4,11629,0,0.0,0.0,0.0,nan,nan
linear_survival,90.0,5.0,0.6,11629,0,0.0,0.0,0.0,nan,nan
linear_survival,90.0,5.0,0.8,11629,0,0.0,0.0,0.0,nan,nan
linear_survival,90.0,5.0,0.9,11629,0,0.0,0.0,0.0,nan,nan
linear_survival,90.0,5.0,0.95,11629,0,0.0,0.0,0.0,nan,nan
linear_survival,90.0,10.0,0.1,11629,0,0.0,0.0,0.0,nan,nan
linear_survival,90.0,10.0,0.2,11629,0,0.0,0.0,0.0,nan,nan
linear_survival,90.0,10.0,0.4,11629,0,0.0,0.0,0.0,nan,nan
linear_survival,90.0,10.0,0.6,11629,0,0.0,0.0,0.0,nan,nan
linear_survival,90.0,10.0,0.8,11629,0,0.0,0.0,0.0,nan,nan
linear_survival,90.0,10.0,0.9,11629,0,0.0,0.0,0.0,nan,nan
linear_survival,90.0,10.0,0.95,11629,0,0.0,0.0,0.0,nan,nan
linear_survival,90.0,20.0,0.1,11629,0,0.0,0.0,0.0,nan,nan
linear_survival,90.0,20.0,0.2,11629,0,0.0,0.0,0.0,nan,nan
linear_survival,90.0,20.0,0.4,11629,0,0.0,0.0,0.0,nan,nan
linear_survival,90.0,20.0,0.6,11629,0,0.0,0.0,0.0,nan,nan
linear_survival,90.0,20.0,0.8,11629,0,0.0,0.0,0.0,nan,nan
linear_survival,90.0,20.0,0.9,11629,0,0.0,0.0,0.0,nan,nan
linear_survival,90.0,20.0,0.95,11629,0,0.0,0.0,0.0,nan,nan
linear_survival,90.0,30.0,0.1,11629,0,0.0,0.0,0.0,nan,nan
linear_survival,90.0,30.0,0.2,11629,0,0.0,0.0,0.0,nan,nan
linear_survival,90.0,30.0,0.4,11629,0,0.0,0.0,0.0,nan,nan
linear_survival,90.0,30.0,0.6,11629,0,0.0,0.0,0.0,nan,nan
linear_survival,90.0,30.0,0.8,11629,0,0.0,0.0,0.0,nan,nan
linear_survival,90.0,30.0,0.9,11629,0,0.0,0.0,0.0,nan,nan
linear_survival,90.0,30.0,0.95,11629,0,0.0,0.0,0.0,nan,nan
linear_survival,90.0,60.0,0.1,11629,0,0.0,0.0,0.0,nan,nan
linear_survival,90.0,60.0,0.2,11629,0,0.0,0.0,0.0,nan,nan
linear_survival,90.0,60.0,0.4,11629,0,0.0,0.0,0.0,nan,nan
linear_survival,90.0,60.0,0.6,11629,0,0.0,0.0,0.0,nan,nan
linear_survival,90.0,60.0,0.8,11629,0,0.0,0.0,0.0,nan,nan
linear_survival,90.0,60.0,0.9,11629,0,0.0,0.0,0.0,nan,nan
linear_survival,90.0,60.0,0.95,11629,0,0.0,0.0,0.0,nan,nan
linear_survival,90.0,120.0,0.1,11629,0,0.0,0.0,0.0,nan,nan
linear_survival,90.0,120.0,0.2,11629,0,0.0,0.0,0.0,nan,nan
linear_survival,90.0,120.0,0.4,11629,0,0.0,0.0,0.0,nan,nan
linear_survival,90.0,120.0,0.6,11629,0,0.0,0.0,0.0,nan,nan
linear_survival,90.0,120.0,0.8,11629,0,0.0,0.0,0.0,nan,nan
linear_survival,90.0,120.0,0.9,11629,0,0.0,0.0,0.0,nan,nan
linear_survival,90.0,120.0,0.95,11629,0,0.0,0.0,0.0,nan,nan
linear_survival,90.0,180.0,0.1,11629,0,0.0,0.0,0.0,nan,nan
linear_survival,90.0,180.0,0.2,11629,0,0.0,0.0,0.0,nan,nan
linear_survival,90.0,180.0,0.4,11629,0,0.0,0.0,0.0,nan,nan
linear_survival,90.0,180.0,0.6,11629,0,0.0,0.0,0.0,nan,nan
linear_survival,90.0,180.0,0.8,11629,0,0.0,0.0,0.0,nan,nan
linear_survival,90.0,180.0,0.9,11629,0,0.0,0.0,0.0,nan,nan
linear_survival,90.0,180.0,0.95,11629,0,0.0,0.0,0.0,nan,nan
linear_survival,90.0,300.0,0.1,11629,0,0.0,0.0,0.0,nan,nan
linear_survival,90.0,300.0,0.2,11629,0,0.0,0.0,0.0,nan,nan
linear_survival,90.0,300.0,0.4,11629,0,0.0,0.0,0.0,nan,nan
linear_survival,90.0,300.0,0.6,11629,0,0.0,0.0,0.0,nan,nan
linear_survival,90.0,300.0,0.8,11629,0,0.0,0.0,0.0,nan,nan
linear_survival,90.0,300.0,0.9,11629,0,0.0,0.0,0.0,nan,nan
linear_survival,90.0,300.0,0.95,11629,0,0.0,0.0,0.0,nan,nan
linear_survival,90.0,600.0,0.1,11629,0,0.0,0.0,0.0,nan,nan
linear_survival,90.0,600.0,0.2,11629,0,0.0,0.0,0.0,nan,nan
linear_survival,90.0,600.0,0.4,11629,0,0.0,0.0,0.0,nan,nan
linear_survival,90.0,600.0,0.6,11629,0,0.0,0.0,0.0,nan,nan
linear_survival,90.0,600.0,0.8,11629,0,0.0,0.0,0.0,nan,nan
linear_survival,90.0,600.0,0.9,11629,0,0.0,0.0,0.0,nan,nan
linear_survival,90.0,600.0,0.95,11629,0,0.0,0.0,0.0,nan,nan
linear_survival,90.0,900.0,0.1,11629,0,0.0,0.0,0.0,nan,nan
linear_survival,90.0,900.0,0.2,11629,0,0.0,0.0,0.0,nan,nan
linear_survival,90.0,900.0,0.4,11629,0,0.0,0.0,0.0,nan,nan
linear_survival,90.0,900.0,0.6,11629,0,0.0,0.0,0.0,nan,nan
linear_survival,90.0,900.0,0.8,11629,0,0.0,0.0,0.0,nan,nan
linear_survival,90.0,900.0,0.9,11629,0,0.0,0.0,0.0,nan,nan
linear_survival,90.0,900.0,0.95,11629,0,0.0,0.0,0.0,nan,nan
linear_survival,90.0,1200.0,0.1,11629,0,0.0,0.0,0.0,nan,nan
linear_survival,90.0,1200.0,0.2,11629,0,0.0,0.0,0.0,nan,nan
linear_survival,90.0,1200.0,0.4,11629,0,0.0,0.0,0.0,nan,nan
linear_survival,90.0,1200.0,0.6,11629,0,0.0,0.0,0.0,nan,nan
linear_survival,90.0,1200.0,0.8,11629,0,0.0,0.0,0.0,nan,nan
linear_survival,90.0,1200.0,0.9,11629,0,0.0,0.0,0.0,nan,nan
linear_survival,90.0,1200.0,0.95,11629,0,0.0,0.0,0.0,nan,nan
linear_survival,90.0,1800.0,0.1,11629,0,0.0,0.0,0.0,nan,nan
linear_survival,90.0,1800.0,0.2,11629,0,0.0,0.0,0.0,nan,nan
linear_survival,90.0,1800.0,0.4,11629,0,0.0,0.0,0.0,nan,nan
linear_survival,90.0,1800.0,0.6,11629,0,0.0,0.0,0.0,nan,nan
linear_survival,90.0,1800.0,0.8,11629,0,0.0,0.0,0.0,nan,nan
linear_survival,90.0,1800.0,0.9,11629,0,0.0,0.0,0.0,nan,nan
linear_survival,90.0,1800.0,0.95,11629,0,0.0,0.0,0.0,nan,nan
linear_survival,90.0,2400.0,0.1,11629,0,0.0,0.0,0.0,nan,nan
linear_survival,90.0,2400.0,0.2,11629,0,0.0,0.0,0.0,nan,nan
linear_survival,90.0,2400.0,0.4,11629,0,0.0,0.0,0.0,nan,nan
linear_survival,90.0,2400.0,0.6,11629,0,0.0,0.0,0.0,nan,nan
linear_survival,90.0,2400.0,0.8,11629,0,0.0,0.0,0.0,nan,nan
linear_survival,90.0,2400.0,0.9,11629,0,0.0,0.0,0.0,nan,nan
linear_survival,90.0,2400.0,0.95,11629,0,0.0,0.0,0.0,nan,nan
linear_survival,90.0,3600.0,0.1,11274,142,0.004852667460936014,0.00016358417893134916,0.0,0.033710156372387404,0.9662898436276126
linear_survival,90.0,3600.0,0.2,11274,142,0.004852667460936014,0.002545087878285065,0.0,0.5244719319370283,0.47552806806297165
linear_survival,90.0,3600.0,0.4,11274,142,0.004852667460936014,0.0012721380084724137,0.0,0.26215231493052593,0.7378476850694741
linear_survival,90.0,3600.0,0.6,11274,142,0.004852667460936014,0.0008477289240092222,0.0,0.17469338891103547,0.8253066110889645
linear_survival,90.0,3600.0,0.8,11274,142,0.004852667460936014,0.0029699313586096436,0.0,0.6120203748799189,0.3879796251200811
linear_survival,90.0,3600.0,0.9,11274,142,0.004852667460936014,0.002806353921109517,0.0,0.5783116077292898,0.4216883922707102
linear_survival,90.0,3600.0,0.95,11274,142,0.004852667460936014,0.003034907074445244,0.0,0.625410065469405,0.37458993453059497
linear_survival,120.0,1.0,0.1,11629,0,0.0,0.0,0.0,nan,nan
linear_survival,120.0,1.0,0.2,11629,0,0.0,0.0,0.0,nan,nan
linear_survival,120.0,1.0,0.4,11629,0,0.0,0.0,0.0,nan,nan
linear_survival,120.0,1.0,0.6,11629,0,0.0,0.0,0.0,nan,nan
linear_survival,120.0,1.0,0.8,11629,0,0.0,0.0,0.0,nan,nan
linear_survival,120.0,1.0,0.9,11629,0,0.0,0.0,0.0,nan,nan
linear_survival,120.0,1.0,0.95,11629,0,0.0,0.0,0.0,nan,nan
linear_survival,120.0,2.0,0.1,11629,0,0.0,0.0,0.0,nan,nan
linear_survival,120.0,2.0,0.2,11629,0,0.0,0.0,0.0,nan,nan
linear_survival,120.0,2.0,0.4,11629,0,0.0,0.0,0.0,nan,nan
linear_survival,120.0,2.0,0.6,11629,0,0.0,0.0,0.0,nan,nan
linear_survival,120.0,2.0,0.8,11629,0,0.0,0.0,0.0,nan,nan
linear_survival,120.0,2.0,0.9,11629,0,0.0,0.0,0.0,nan,nan
linear_survival,120.0,2.0,0.95,11629,0,0.0,0.0,0.0,nan,nan
linear_survival,120.0,3.0,0.1,11629,0,0.0,0.0,0.0,nan,nan
linear_survival,120.0,3.0,0.2,11629,0,0.0,0.0,0.0,nan,nan
linear_survival,120.0,3.0,0.4,11629,0,0.0,0.0,0.0,nan,nan
linear_survival,120.0,3.0,0.6,11629,0,0.0,0.0,0.0,nan,nan
linear_survival,120.0,3.0,0.8,11629,0,0.0,0.0,0.0,nan,nan
linear_survival,120.0,3.0,0.9,11629,0,0.0,0.0,0.0,nan,nan
linear_survival,120.0,3.0,0.95,11629,0,0.0,0.0,0.0,nan,nan
linear_survival,120.0,5.0,0.1,11629,0,0.0,0.0,0.0,nan,nan
linear_survival,120.0,5.0,0.2,11629,0,0.0,0.0,0.0,nan,nan
linear_survival,120.0,5.0,0.4,11629,0,0.0,0.0,0.0,nan,nan
linear_survival,120.0,5.0,0.6,11629,0,0.0,0.0,0.0,nan,nan
linear_survival,120.0,5.0,0.8,11629,0,0.0,0.0,0.0,nan,nan
linear_survival,120.0,5.0,0.9,11629,0,0.0,0.0,0.0,nan,nan
linear_survival,120.0,5.0,0.95,11629,0,0.0,0.0,0.0,nan,nan
linear_survival,120.0,10.0,0.1,11629,0,0.0,0.0,0.0,nan,nan
linear_survival,120.0,10.0,0.2,11629,0,0.0,0.0,0.0,nan,nan
linear_survival,120.0,10.0,0.4,11629,0,0.0,0.0,0.0,nan,nan
linear_survival,120.0,10.0,0.6,11629,0,0.0,0.0,0.0,nan,nan
linear_survival,120.0,10.0,0.8,11629,0,0.0,0.0,0.0,nan,nan
linear_survival,120.0,10.0,0.9,11629,0,0.0,0.0,0.0,nan,nan
linear_survival,120.0,10.0,0.95,11629,0,0.0,0.0,0.0,nan,nan
linear_survival,120.0,20.0,0.1,11629,0,0.0,0.0,0.0,nan,nan
linear_survival,120.0,20.0,0.2,11629,0,0.0,0.0,0.0,nan,nan
linear_survival,120.0,20.0,0.4,11629,0,0.0,0.0,0.0,nan,nan
linear_survival,120.0,20.0,0.6,11629,0,0.0,0.0,0.0,nan,nan
linear_survival,120.0,20.0,0.8,11629,0,0.0,0.0,0.0,nan,nan
linear_survival,120.0,20.0,0.9,11629,0,0.0,0.0,0.0,nan,nan
linear_survival,120.0,20.0,0.95,11629,0,0.0,0.0,0.0,nan,nan
linear_survival,120.0,30.0,0.1,11629,0,0.0,0.0,0.0,nan,nan
linear_survival,120.0,30.0,0.2,11629,0,0.0,0.0,0.0,nan,nan
linear_survival,120.0,30.0,0.4,11629,0,0.0,0.0,0.0,nan,nan
linear_survival,120.0,30.0,0.6,11629,0,0.0,0.0,0.0,nan,nan
linear_survival,120.0,30.0,0.8,11629,0,0.0,0.0,0.0,nan,nan
linear_survival,120.0,30.0,0.9,11629,0,0.0,0.0,0.0,nan,nan
linear_survival,120.0,30.0,0.95,11629,0,0.0,0.0,0.0,nan,nan
linear_survival,120.0,60.0,0.1,11629,0,0.0,0.0,0.0,nan,nan
linear_survival,120.0,60.0,0.2,11629,0,0.0,0.0,0.0,nan,nan
linear_survival,120.0,60.0,0.4,11629,0,0.0,0.0,0.0,nan,nan
linear_survival,120.0,60.0,0.6,11629,0,0.0,0.0,0.0,nan,nan
linear_survival,120.0,60.0,0.8,11629,0,0.0,0.0,0.0,nan,nan
linear_survival,120.0,60.0,0.9,11629,0,0.0,0.0,0.0,nan,nan
linear_survival,120.0,60.0,0.95,11629,0,0.0,0.0,0.0,nan,nan
linear_survival,120.0,120.0,0.1,11629,0,0.0,0.0,0.0,nan,nan
linear_survival,120.0,120.0,0.2,11629,0,0.0,0.0,0.0,nan,nan
linear_survival,120.0,120.0,0.4,11629,0,0.0,0.0,0.0,nan,nan
linear_survival,120.0,120.0,0.6,11629,0,0.0,0.0,0.0,nan,nan
linear_survival,120.0,120.0,0.8,11629,0,0.0,0.0,0.0,nan,nan
linear_survival,120.0,120.0,0.9,11629,0,0.0,0.0,0.0,nan,nan
linear_survival,120.0,120.0,0.95,11629,0,0.0,0.0,0.0,nan,nan
linear_survival,120.0,180.0,0.1,11629,0,0.0,0.0,0.0,nan,nan
linear_survival,120.0,180.0,0.2,11629,0,0.0,0.0,0.0,nan,nan
linear_survival,120.0,180.0,0.4,11629,0,0.0,0.0,0.0,nan,nan
linear_survival,120.0,180.0,0.6,11629,0,0.0,0.0,0.0,nan,nan
linear_survival,120.0,180.0,0.8,11629,0,0.0,0.0,0.0,nan,nan
linear_survival,120.0,180.0,0.9,11629,0,0.0,0.0,0.0,nan,nan
linear_survival,120.0,180.0,0.95,11629,0,0.0,0.0,0.0,nan,nan
linear_survival,120.0,300.0,0.1,11629,0,0.0,0.0,0.0,nan,nan
linear_survival,120.0,300.0,0.2,11629,0,0.0,0.0,0.0,nan,nan
linear_survival,120.0,300.0,0.4,11629,0,0.0,0.0,0.0,nan,nan
linear_survival,120.0,300.0,0.6,11629,0,0.0,0.0,0.0,nan,nan
linear_survival,120.0,300.0,0.8,11629,0,0.0,0.0,0.0,nan,nan
linear_survival,120.0,300.0,0.9,11629,0,0.0,0.0,0.0,nan,nan
linear_survival,120.0,300.0,0.95,11629,0,0.0,0.0,0.0,nan,nan
linear_survival,120.0,600.0,0.1,11629,0,0.0,0.0,0.0,nan,nan
linear_survival,120.0,600.0,0.2,11629,0,0.0,0.0,0.0,nan,nan
linear_survival,120.0,600.0,0.4,11629,0,0.0,0.0,0.0,nan,nan
linear_survival,120.0,600.0,0.6,11629,0,0.0,0.0,0.0,nan,nan
linear_survival,120.0,600.0,0.8,11629,0,0.0,0.0,0.0,nan,nan
linear_survival,120.0,600.0,0.9,11629,0,0.0,0.0,0.0,nan,nan
linear_survival,120.0,600.0,0.95,11629,0,0.0,0.0,0.0,nan,nan
linear_survival,120.0,900.0,0.1,11629,0,0.0,0.0,0.0,nan,nan
linear_survival,120.0,900.0,0.2,11629,0,0.0,0.0,0.0,nan,nan
linear_survival,120.0,900.0,0.4,11629,0,0.0,0.0,0.0,nan,nan
linear_survival,120.0,900.0,0.6,11629,0,0.0,0.0,0.0,nan,nan
linear_survival,120.0,900.0,0.8,11629,0,0.0,0.0,0.0,nan,nan
linear_survival,120.0,900.0,0.9,11629,0,0.0,0.0,0.0,nan,nan
linear_survival,120.0,900.0,0.95,11629,0,0.0,0.0,0.0,nan,nan
linear_survival,120.0,1200.0,0.1,11629,0,0.0,0.0,0.0,nan,nan
linear_survival,120.0,1200.0,0.2,11629,0,0.0,0.0,0.0,nan,nan
linear_survival,120.0,1200.0,0.4,11629,0,0.0,0.0,0.0,nan,nan
linear_survival,120.0,1200.0,0.6,11629,0,0.0,0.0,0.0,nan,nan
linear_survival,120.0,1200.0,0.8,11629,0,0.0,0.0,0.0,nan,nan
linear_survival,120.0,1200.0,0.9,11629,0,0.0,0.0,0.0,nan,nan
linear_survival,120.0,1200.0,0.95,11629,0,0.0,0.0,0.0,nan,nan
linear_survival,120.0,1800.0,0.1,11629,0,0.0,0.0,0.0,nan,nan
linear_survival,120.0,1800.0,0.2,11629,0,0.0,0.0,0.0,nan,nan
linear_survival,120.0,1800.0,0.4,11629,0,0.0,0.0,0.0,nan,nan
linear_survival,120.0,1800.0,0.6,11629,0,0.0,0.0,0.0,nan,nan
linear_survival,120.0,1800.0,0.8,11629,0,0.0,0.0,0.0,nan,nan
linear_survival,120.0,1800.0,0.9,11629,0,0.0,0.0,0.0,nan,nan
linear_survival,120.0,1800.0,0.95,11629,0,0.0,0.0,0.0,nan,nan
linear_survival,120.0,2400.0,0.1,11629,0,0.0,0.0,0.0,nan,nan
linear_survival,120.0,2400.0,0.2,11629,0,0.0,0.0,0.0,nan,nan
linear_survival,120.0,2400.0,0.4,11629,0,0.0,0.0,0.0,nan,nan
linear_survival,120.0,2400.0,0.6,11629,0,0.0,0.0,0.0,nan,nan
linear_survival,120.0,2400.0,0.8,11629,0,0.0,0.0,0.0,nan,nan
linear_survival,120.0,2400.0,0.9,11629,0,0.0,0.0,0.0,nan,nan
linear_survival,120.0,2400.0,0.95,11629,0,0.0,0.0,0.0,nan,nan
linear_survival,120.0,3600.0,0.1,11274,142,0.004852667460936014,0.0001634970533371978,0.0,0.033692202207002545,0.9663077977929975
linear_survival,120.0,3600.0,0.2,11274,142,0.004852667460936014,0.0025182236546320664,0.0,0.5189359614899998,0.48106403851000024
linear_survival,120.0,3600.0,0.4,11274,142,0.004852667460936014,0.0012683211663975036,0.0,0.2613657697766213,0.7386342302233787
linear_survival,120.0,3600.0,0.6,11274,142,0.004852667460936014,0.0008479387306858991,0.0,0.17473662424054567,0.8252633757594543
linear_survival,120.0,3600.0,0.8,11274,142,0.004852667460936014,0.002971282705807275,0.0,0.6122988500090123,0.3877011499909877
linear_survival,120.0,3600.0,0.9,11274,142,0.004852667460936014,0.002806388945539206,0.0,0.5783188252915833,0.4216811747084167
linear_survival,120.0,3600.0,0.95,11274,142,0.004852667460936014,0.0029718911761165284,0.0,0.6124242388418866,0.38757576115811343
linear_survival,180.0,1.0,0.1,11629,0,0.0,0.0,0.0,nan,nan
linear_survival,180.0,1.0,0.2,11629,0,0.0,0.0,0.0,nan,nan
linear_survival,180.0,1.0,0.4,11629,0,0.0,0.0,0.0,nan,nan
linear_survival,180.0,1.0,0.6,11629,0,0.0,0.0,0.0,nan,nan
linear_survival,180.0,1.0,0.8,11629,0,0.0,0.0,0.0,nan,nan
linear_survival,180.0,1.0,0.9,11629,0,0.0,0.0,0.0,nan,nan
linear_survival,180.0,1.0,0.95,11629,0,0.0,0.0,0.0,nan,nan
linear_survival,180.0,2.0,0.1,11629,0,0.0,0.0,0.0,nan,nan
linear_survival,180.0,2.0,0.2,11629,0,0.0,0.0,0.0,nan,nan
linear_survival,180.0,2.0,0.4,11629,0,0.0,0.0,0.0,nan,nan
linear_survival,180.0,2.0,0.6,11629,0,0.0,0.0,0.0,nan,nan
linear_survival,180.0,2.0,0.8,11629,0,0.0,0.0,0.0,nan,nan
linear_survival,180.0,2.0,0.9,11629,0,0.0,0.0,0.0,nan,nan
linear_survival,180.0,2.0,0.95,11629,0,0.0,0.0,0.0,nan,nan
linear_survival,180.0,3.0,0.1,11629,0,0.0,0.0,0.0,nan,nan
linear_survival,180.0,3.0,0.2,11629,0,0.0,0.0,0.0,nan,nan
linear_survival,180.0,3.0,0.4,11629,0,0.0,0.0,0.0,nan,nan
linear_survival,180.0,3.0,0.6,11629,0,0.0,0.0,0.0,nan,nan
linear_survival,180.0,3.0,0.8,11629,0,0.0,0.0,0.0,nan,nan
linear_survival,180.0,3.0,0.9,11629,0,0.0,0.0,0.0,nan,nan
linear_survival,180.0,3.0,0.95,11629,0,0.0,0.0,0.0,nan,nan
linear_survival,180.0,5.0,0.1,11629,0,0.0,0.0,0.0,nan,nan
linear_survival,180.0,5.0,0.2,11629,0,0.0,0.0,0.0,nan,nan
linear_survival,180.0,5.0,0.4,11629,0,0.0,0.0,0.0,nan,nan
linear_survival,180.0,5.0,0.6,11629,0,0.0,0.0,0.0,nan,nan
linear_survival,180.0,5.0,0.8,11629,0,0.0,0.0,0.0,nan,nan
linear_survival,180.0,5.0,0.9,11629,0,0.0,0.0,0.0,nan,nan
linear_survival,180.0,5.0,0.95,11629,0,0.0,0.0,0.0,nan,nan
linear_survival,180.0,10.0,0.1,11629,0,0.0,0.0,0.0,nan,nan
linear_survival,180.0,10.0,0.2,11629,0,0.0,0.0,0.0,nan,nan
linear_survival,180.0,10.0,0.4,11629,0,0.0,0.0,0.0,nan,nan
linear_survival,180.0,10.0,0.6,11629,0,0.0,0.0,0.0,nan,nan
linear_survival,180.0,10.0,0.8,11629,0,0.0,0.0,0.0,nan,nan
linear_survival,180.0,10.0,0.9,11629,0,0.0,0.0,0.0,nan,nan
linear_survival,180.0,10.0,0.95,11629,0,0.0,0.0,0.0,nan,nan
linear_survival,180.0,20.0,0.1,11629,0,0.0,0.0,0.0,nan,nan
linear_survival,180.0,20.0,0.2,11629,0,0.0,0.0,0.0,nan,nan
linear_survival,180.0,20.0,0.4,11629,0,0.0,0.0,0.0,nan,nan
linear_survival,180.0,20.0,0.6,11629,0,0.0,0.0,0.0,nan,nan
linear_survival,180.0,20.0,0.8,11629,0,0.0,0.0,0.0,nan,nan
linear_survival,180.0,20.0,0.9,11629,0,0.0,0.0,0.0,nan,nan
linear_survival,180.0,20.0,0.95,11629,0,0.0,0.0,0.0,nan,nan
linear_survival,180.0,30.0,0.1,11629,0,0.0,0.0,0.0,nan,nan
linear_survival,180.0,30.0,0.2,11629,0,0.0,0.0,0.0,nan,nan
linear_survival,180.0,30.0,0.4,11629,0,0.0,0.0,0.0,nan,nan
linear_survival,180.0,30.0,0.6,11629,0,0.0,0.0,0.0,nan,nan
linear_survival,180.0,30.0,0.8,11629,0,0.0,0.0,0.0,nan,nan
linear_survival,180.0,30.0,0.9,11629,0,0.0,0.0,0.0,nan,nan
linear_survival,180.0,30.0,0.95,11629,0,0.0,0.0,0.0,nan,nan
linear_survival,180.0,60.0,0.1,11629,0,0.0,0.0,0.0,nan,nan
linear_survival,180.0,60.0,0.2,11629,0,0.0,0.0,0.0,nan,nan
linear_survival,180.0,60.0,0.4,11629,0,0.0,0.0,0.0,nan,nan
linear_survival,180.0,60.0,0.6,11629,0,0.0,0.0,0.0,nan,nan
linear_survival,180.0,60.0,0.8,11629,0,0.0,0.0,0.0,nan,nan
linear_survival,180.0,60.0,0.9,11629,0,0.0,0.0,0.0,nan,nan
linear_survival,180.0,60.0,0.95,11629,0,0.0,0.0,0.0,nan,nan
linear_survival,180.0,120.0,0.1,11629,0,0.0,0.0,0.0,nan,nan
linear_survival,180.0,120.0,0.2,11629,0,0.0,0.0,0.0,nan,nan
linear_survival,180.0,120.0,0.4,11629,0,0.0,0.0,0.0,nan,nan
linear_survival,180.0,120.0,0.6,11629,0,0.0,0.0,0.0,nan,nan
linear_survival,180.0,120.0,0.8,11629,0,0.0,0.0,0.0,nan,nan
linear_survival,180.0,120.0,0.9,11629,0,0.0,0.0,0.0,nan,nan
linear_survival,180.0,120.0,0.95,11629,0,0.0,0.0,0.0,nan,nan
linear_survival,180.0,180.0,0.1,11629,0,0.0,0.0,0.0,nan,nan
linear_survival,180.0,180.0,0.2,11629,0,0.0,0.0,0.0,nan,nan
linear_survival,180.0,180.0,0.4,11629,0,0.0,0.0,0.0,nan,nan
linear_survival,180.0,180.0,0.6,11629,0,0.0,0.0,0.0,nan,nan
linear_survival,180.0,180.0,0.8,11629,0,0.0,0.0,0.0,nan,nan
linear_survival,180.0,180.0,0.9,11629,0,0.0,0.0,0.0,nan,nan
linear_survival,180.0,180.0,0.95,11629,0,0.0,0.0,0.0,nan,nan
linear_survival,180.0,300.0,0.1,11629,0,0.0,0.0,0.0,nan,nan
linear_survival,180.0,300.0,0.2,11629,0,0.0,0.0,0.0,nan,nan
linear_survival,180.0,300.0,0.4,11629,0,0.0,0.0,0.0,nan,nan
linear_survival,180.0,300.0,0.6,11629,0,0.0,0.0,0.0,nan,nan
linear_survival,180.0,300.0,0.8,11629,0,0.0,0.0,0.0,nan,nan
linear_survival,180.0,300.0,0.9,11629,0,0.0,0.0,0.0,nan,nan
linear_survival,180.0,300.0,0.95,11629,0,0.0,0.0,0.0,nan,nan
linear_survival,180.0,600.0,0.1,11629,0,0.0,0.0,0.0,nan,nan
linear_survival,180.0,600.0,0.2,11629,0,0.0,0.0,0.0,nan,nan
linear_survival,180.0,600.0,0.4,11629,0,0.0,0.0,0.0,nan,nan
linear_survival,180.0,600.0,0.6,11629,0,0.0,0.0,0.0,nan,nan
linear_survival,180.0,600.0,0.8,11629,0,0.0,0.0,0.0,nan,nan
linear_survival,180.0,600.0,0.9,11629,0,0.0,0.0,0.0,nan,nan
linear_survival,180.0,600.0,0.95,11629,0,0.0,0.0,0.0,nan,nan
linear_survival,180.0,900.0,0.1,11629,0,0.0,0.0,0.0,nan,nan
linear_survival,180.0,900.0,0.2,11629,0,0.0,0.0,0.0,nan,nan
linear_survival,180.0,900.0,0.4,11629,0,0.0,0.0,0.0,nan,nan
linear_survival,180.0,900.0,0.6,11629,0,0.0,0.0,0.0,nan,nan
linear_survival,180.0,900.0,0.8,11629,0,0.0,0.0,0.0,nan,nan
linear_survival,180.0,900.0,0.9,11629,0,0.0,0.0,0.0,nan,nan
linear_survival,180.0,900.0,0.95,11629,0,0.0,0.0,0.0,nan,nan
linear_survival,180.0,1200.0,0.1,11629,0,0.0,0.0,0.0,nan,nan
linear_survival,180.0,1200.0,0.2,11629,0,0.0,0.0,0.0,nan,nan
linear_survival,180.0,1200.0,0.4,11629,0,0.0,0.0,0.0,nan,nan
linear_survival,180.0,1200.0,0.6,11629,0,0.0,0.0,0.0,nan,nan
linear_survival,180.0,1200.0,0.8,11629,0,0.0,0.0,0.0,nan,nan
linear_survival,180.0,1200.0,0.9,11629,0,0.0,0.0,0.0,nan,nan
linear_survival,180.0,1200.0,0.95,11629,0,0.0,0.0,0.0,nan,nan
linear_survival,180.0,1800.0,0.1,11629,0,0.0,0.0,0.0,nan,nan
linear_survival,180.0,1800.0,0.2,11629,0,0.0,0.0,0.0,nan,nan
linear_survival,180.0,1800.0,0.4,11629,0,0.0,0.0,0.0,nan,nan
linear_survival,180.0,1800.0,0.6,11629,0,0.0,0.0,0.0,nan,nan
linear_survival,180.0,1800.0,0.8,11629,0,0.0,0.0,0.0,nan,nan
linear_survival,180.0,1800.0,0.9,11629,0,0.0,0.0,0.0,nan,nan
linear_survival,180.0,1800.0,0.95,11629,0,0.0,0.0,0.0,nan,nan
linear_survival,180.0,2400.0,0.1,11629,0,0.0,0.0,0.0,nan,nan
linear_survival,180.0,2400.0,0.2,11629,0,0.0,0.0,0.0,nan,nan
linear_survival,180.0,2400.0,0.4,11629,0,0.0,0.0,0.0,nan,nan
linear_survival,180.0,2400.0,0.6,11629,0,0.0,0.0,0.0,nan,nan
linear_survival,180.0,2400.0,0.8,11629,0,0.0,0.0,0.0,nan,nan
linear_survival,180.0,2400.0,0.9,11629,0,0.0,0.0,0.0,nan,nan
linear_survival,180.0,2400.0,0.95,11629,0,0.0,0.0,0.0,nan,nan
linear_survival,180.0,3600.0,0.1,11274,142,0.004852667460936014,0.00016428331404248964,0.0,0.03385422870307326,0.9661457712969267
linear_survival,180.0,3600.0,0.2,11274,142,0.004852667460936014,0.0025440780013804877,0.0,0.5242638243523428,0.47573617564765724
linear_survival,180.0,3600.0,0.4,11274,142,0.004852667460936014,0.0012717996603006524,0.0,0.2620825907686119,0.737917409231388
linear_survival,180.0,3600.0,0.6,11274,142,0.004852667460936014,0.0008478543629420461,0.0,0.1747192383915189,0.8252807616084811
linear_survival,180.0,3600.0,0.8,11274,142,0.004852667460936014,0.002971438199063384,0.0,0.6123308928508845,0.3876691071491155
linear_survival,180.0,3600.0,0.9,11274,142,0.004852667460936014,0.002806340389177635,0.0,0.578308819173925,0.42169118082607504
linear_survival,180.0,3600.0,0.95,11274,142,0.004852667460936014,0.0029596737399689497,0.0,0.6099065645429718,0.39009343545702824
linear_survival,300.0,1.0,0.1,11629,0,0.0,0.0,0.0,nan,nan
linear_survival,300.0,1.0,0.2,11629,0,0.0,0.0,0.0,nan,nan
linear_survival,300.0,1.0,0.4,11629,0,0.0,0.0,0.0,nan,nan
linear_survival,300.0,1.0,0.6,11629,0,0.0,0.0,0.0,nan,nan
linear_survival,300.0,1.0,0.8,11629,0,0.0,0.0,0.0,nan,nan
linear_survival,300.0,1.0,0.9,11629,0,0.0,0.0,0.0,nan,nan
linear_survival,300.0,1.0,0.95,11629,0,0.0,0.0,0.0,nan,nan
linear_survival,300.0,2.0,0.1,11629,0,0.0,0.0,0.0,nan,nan
linear_survival,300.0,2.0,0.2,11629,0,0.0,0.0,0.0,nan,nan
linear_survival,300.0,2.0,0.4,11629,0,0.0,0.0,0.0,nan,nan
linear_survival,300.0,2.0,0.6,11629,0,0.0,0.0,0.0,nan,nan
linear_survival,300.0,2.0,0.8,11629,0,0.0,0.0,0.0,nan,nan
linear_survival,300.0,2.0,0.9,11629,0,0.0,0.0,0.0,nan,nan
linear_survival,300.0,2.0,0.95,11629,0,0.0,0.0,0.0,nan,nan
linear_survival,300.0,3.0,0.1,11629,0,0.0,0.0,0.0,nan,nan
linear_survival,300.0,3.0,0.2,11629,0,0.0,0.0,0.0,nan,nan
linear_survival,300.0,3.0,0.4,11629,0,0.0,0.0,0.0,nan,nan
linear_survival,300.0,3.0,0.6,11629,0,0.0,0.0,0.0,nan,nan
linear_survival,300.0,3.0,0.8,11629,0,0.0,0.0,0.0,nan,nan
linear_survival,300.0,3.0,0.9,11629,0,0.0,0.0,0.0,nan,nan
linear_survival,300.0,3.0,0.95,11629,0,0.0,0.0,0.0,nan,nan
linear_survival,300.0,5.0,0.1,11629,0,0.0,0.0,0.0,nan,nan
linear_survival,300.0,5.0,0.2,11629,0,0.0,0.0,0.0,nan,nan
linear_survival,300.0,5.0,0.4,11629,0,0.0,0.0,0.0,nan,nan
linear_survival,300.0,5.0,0.6,11629,0,0.0,0.0,0.0,nan,nan
linear_survival,300.0,5.0,0.8,11629,0,0.0,0.0,0.0,nan,nan
linear_survival,300.0,5.0,0.9,11629,0,0.0,0.0,0.0,nan,nan
linear_survival,300.0,5.0,0.95,11629,0,0.0,0.0,0.0,nan,nan
linear_survival,300.0,10.0,0.1,11629,0,0.0,0.0,0.0,nan,nan
linear_survival,300.0,10.0,0.2,11629,0,0.0,0.0,0.0,nan,nan
linear_survival,300.0,10.0,0.4,11629,0,0.0,0.0,0.0,nan,nan
linear_survival,300.0,10.0,0.6,11629,0,0.0,0.0,0.0,nan,nan
linear_survival,300.0,10.0,0.8,11629,0,0.0,0.0,0.0,nan,nan
linear_survival,300.0,10.0,0.9,11629,0,0.0,0.0,0.0,nan,nan
linear_survival,300.0,10.0,0.95,11629,0,0.0,0.0,0.0,nan,nan
linear_survival,300.0,20.0,0.1,11629,0,0.0,0.0,0.0,nan,nan
linear_survival,300.0,20.0,0.2,11629,0,0.0,0.0,0.0,nan,nan
linear_survival,300.0,20.0,0.4,11629,0,0.0,0.0,0.0,nan,nan
linear_survival,300.0,20.0,0.6,11629,0,0.0,0.0,0.0,nan,nan
linear_survival,300.0,20.0,0.8,11629,0,0.0,0.0,0.0,nan,nan
linear_survival,300.0,20.0,0.9,11629,0,0.0,0.0,0.0,nan,nan
linear_survival,300.0,20.0,0.95,11629,0,0.0,0.0,0.0,nan,nan
linear_survival,300.0,30.0,0.1,11629,0,0.0,0.0,0.0,nan,nan
linear_survival,300.0,30.0,0.2,11629,0,0.0,0.0,0.0,nan,nan
linear_survival,300.0,30.0,0.4,11629,0,0.0,0.0,0.0,nan,nan
linear_survival,300.0,30.0,0.6,11629,0,0.0,0.0,0.0,nan,nan
linear_survival,300.0,30.0,0.8,11629,0,0.0,0.0,0.0,nan,nan
linear_survival,300.0,30.0,0.9,11629,0,0.0,0.0,0.0,nan,nan
linear_survival,300.0,30.0,0.95,11629,0,0.0,0.0,0.0,nan,nan
linear_survival,300.0,60.0,0.1,11629,0,0.0,0.0,0.0,nan,nan
linear_survival,300.0,60.0,0.2,11629,0,0.0,0.0,0.0,nan,nan
linear_survival,300.0,60.0,0.4,11629,0,0.0,0.0,0.0,nan,nan
linear_survival,300.0,60.0,0.6,11629,0,0.0,0.0,0.0,nan,nan
linear_survival,300.0,60.0,0.8,11629,0,0.0,0.0,0.0,nan,nan
linear_survival,300.0,60.0,0.9,11629,0,0.0,0.0,0.0,nan,nan
linear_survival,300.0,60.0,0.95,11629,0,0.0,0.0,0.0,nan,nan
linear_survival,300.0,120.0,0.1,11629,0,0.0,0.0,0.0,nan,nan
linear_survival,300.0,120.0,0.2,11629,0,0.0,0.0,0.0,nan,nan
linear_survival,300.0,120.0,0.4,11629,0,0.0,0.0,0.0,nan,nan
linear_survival,300.0,120.0,0.6,11629,0,0.0,0.0,0.0,nan,nan
linear_survival,300.0,120.0,0.8,11629,0,0.0,0.0,0.0,nan,nan
linear_survival,300.0,120.0,0.9,11629,0,0.0,0.0,0.0,nan,nan
linear_survival,300.0,120.0,0.95,11629,0,0.0,0.0,0.0,nan,nan
linear_survival,300.0,180.0,0.1,11629,0,0.0,0.0,0.0,nan,nan
linear_survival,300.0,180.0,0.2,11629,0,0.0,0.0,0.0,nan,nan
linear_survival,300.0,180.0,0.4,11629,0,0.0,0.0,0.0,nan,nan
linear_survival,300.0,180.0,0.6,11629,0,0.0,0.0,0.0,nan,nan
linear_survival,300.0,180.0,0.8,11629,0,0.0,0.0,0.0,nan,nan
linear_survival,300.0,180.0,0.9,11629,0,0.0,0.0,0.0,nan,nan
linear_survival,300.0,180.0,0.95,11629,0,0.0,0.0,0.0,nan,nan
linear_survival,300.0,300.0,0.1,11629,0,0.0,0.0,0.0,nan,nan
linear_survival,300.0,300.0,0.2,11629,0,0.0,0.0,0.0,nan,nan
linear_survival,300.0,300.0,0.4,11629,0,0.0,0.0,0.0,nan,nan
linear_survival,300.0,300.0,0.6,11629,0,0.0,0.0,0.0,nan,nan
linear_survival,300.0,300.0,0.8,11629,0,0.0,0.0,0.0,nan,nan
linear_survival,300.0,300.0,0.9,11629,0,0.0,0.0,0.0,nan,nan
linear_survival,300.0,300.0,0.95,11629,0,0.0,0.0,0.0,nan,nan
linear_survival,300.0,600.0,0.1,11629,0,0.0,0.0,0.0,nan,nan
linear_survival,300.0,600.0,0.2,11629,0,0.0,0.0,0.0,nan,nan
linear_survival,300.0,600.0,0.4,11629,0,0.0,0.0,0.0,nan,nan
linear_survival,300.0,600.0,0.6,11629,0,0.0,0.0,0.0,nan,nan
linear_survival,300.0,600.0,0.8,11629,0,0.0,0.0,0.0,nan,nan
linear_survival,300.0,600.0,0.9,11629,0,0.0,0.0,0.0,nan,nan
linear_survival,300.0,600.0,0.95,11629,0,0.0,0.0,0.0,nan,nan
linear_survival,300.0,900.0,0.1,11629,0,0.0,0.0,0.0,nan,nan
linear_survival,300.0,900.0,0.2,11629,0,0.0,0.0,0.0,nan,nan
linear_survival,300.0,900.0,0.4,11629,0,0.0,0.0,0.0,nan,nan
linear_survival,300.0,900.0,0.6,11629,0,0.0,0.0,0.0,nan,nan
linear_survival,300.0,900.0,0.8,11629,0,0.0,0.0,0.0,nan,nan
linear_survival,300.0,900.0,0.9,11629,0,0.0,0.0,0.0,nan,nan
linear_survival,300.0,900.0,0.95,11629,0,0.0,0.0,0.0,nan,nan
linear_survival,300.0,1200.0,0.1,11629,0,0.0,0.0,0.0,nan,nan
linear_survival,300.0,1200.0,0.2,11629,0,0.0,0.0,0.0,nan,nan
linear_survival,300.0,1200.0,0.4,11629,0,0.0,0.0,0.0,nan,nan
linear_survival,300.0,1200.0,0.6,11629,0,0.0,0.0,0.0,nan,nan
linear_survival,300.0,1200.0,0.8,11629,0,0.0,0.0,0.0,nan,nan
linear_survival,300.0,1200.0,0.9,11629,0,0.0,0.0,0.0,nan,nan
linear_survival,300.0,1200.0,0.95,11629,0,0.0,0.0,0.0,nan,nan
linear_survival,300.0,1800.0,0.1,11629,0,0.0,0.0,0.0,nan,nan
linear_survival,300.0,1800.0,0.2,11629,0,0.0,0.0,0.0,nan,nan
linear_survival,300.0,1800.0,0.4,11629,0,0.0,0.0,0.0,nan,nan
linear_survival,300.0,1800.0,0.6,11629,0,0.0,0.0,0.0,nan,nan
linear_survival,300.0,1800.0,0.8,11629,0,0.0,0.0,0.0,nan,nan
linear_survival,300.0,1800.0,0.9,11629,0,0.0,0.0,0.0,nan,nan
linear_survival,300.0,1800.0,0.95,11629,0,0.0,0.0,0.0,nan,nan
linear_survival,300.0,2400.0,0.1,11629,0,0.0,0.0,0.0,nan,nan
linear_survival,300.0,2400.0,0.2,11629,0,0.0,0.0,0.0,nan,nan
linear_survival,300.0,2400.0,0.4,11629,0,0.0,0.0,0.0,nan,nan
linear_survival,300.0,2400.0,0.6,11629,0,0.0,0.0,0.0,nan,nan
linear_survival,300.0,2400.0,0.8,11629,0,0.0,0.0,0.0,nan,nan
linear_survival,300.0,2400.0,0.9,11629,0,0.0,0.0,0.0,nan,nan
linear_survival,300.0,2400.0,0.95,11629,0,0.0,0.0,0.0,nan,nan
linear_survival,300.0,3600.0,0.1,11274,142,0.004852667460936014,0.00016479236162435332,0.0,0.033959129272906556,0.9660408707270934
linear_survival,300.0,3600.0,0.2,11274,142,0.004852667460936014,0.0025408297580350237,0.0,0.5235944516059899,0.47640554839401006
linear_survival,300.0,3600.0,0.4,11274,142,0.004852667460936014,0.0012696084143074809,0.0,0.26163103582263403,0.738368964177366
linear_survival,300.0,3600.0,0.6,11274,142,0.004852667460936014,0.0008472966604868684,0.0,0.17460431140349278,0.8253956885965072
linear_survival,300.0,3600.0,0.8,11274,142,0.004852667460936014,0.0029714002723783585,0.0,0.6123230772143649,0.38767692278563515
linear_survival,300.0,3600.0,0.9,11274,142,0.004852667460936014,0.0028061477722975867,0.0,0.5782691261841212,0.4217308738158788
linear_survival,300.0,3600.0,0.95,11274,142,0.004852667460936014,0.0029287601071648346,0.0,0.6035361233262657,0.3964638766737343
linear_survival,600.0,1.0,0.1,11629,0,0.0,0.0,0.0,nan,nan
linear_survival,600.0,1.0,0.2,11629,0,0.0,0.0,0.0,nan,nan
linear_survival,600.0,1.0,0.4,11629,0,0.0,0.0,0.0,nan,nan
linear_survival,600.0,1.0,0.6,11629,0,0.0,0.0,0.0,nan,nan
linear_survival,600.0,1.0,0.8,11629,0,0.0,0.0,0.0,nan,nan
linear_survival,600.0,1.0,0.9,11629,0,0.0,0.0,0.0,nan,nan
linear_survival,600.0,1.0,0.95,11629,0,0.0,0.0,0.0,nan,nan
linear_survival,600.0,2.0,0.1,11629,0,0.0,0.0,0.0,nan,nan
linear_survival,600.0,2.0,0.2,11629,0,0.0,0.0,0.0,nan,nan
linear_survival,600.0,2.0,0.4,11629,0,0.0,0.0,0.0,nan,nan
linear_survival,600.0,2.0,0.6,11629,0,0.0,0.0,0.0,nan,nan
linear_survival,600.0,2.0,0.8,11629,0,0.0,0.0,0.0,nan,nan
linear_survival,600.0,2.0,0.9,11629,0,0.0,0.0,0.0,nan,nan
linear_survival,600.0,2.0,0.95,11629,0,0.0,0.0,0.0,nan,nan
linear_survival,600.0,3.0,0.1,11629,0,0.0,0.0,0.0,nan,nan
linear_survival,600.0,3.0,0.2,11629,0,0.0,0.0,0.0,nan,nan
linear_survival,600.0,3.0,0.4,11629,0,0.0,0.0,0.0,nan,nan
linear_survival,600.0,3.0,0.6,11629,0,0.0,0.0,0.0,nan,nan
linear_survival,600.0,3.0,0.8,11629,0,0.0,0.0,0.0,nan,nan
linear_survival,600.0,3.0,0.9,11629,0,0.0,0.0,0.0,nan,nan
linear_survival,600.0,3.0,0.95,11629,0,0.0,0.0,0.0,nan,nan
linear_survival,600.0,5.0,0.1,11629,0,0.0,0.0,0.0,nan,nan
linear_survival,600.0,5.0,0.2,11629,0,0.0,0.0,0.0,nan,nan
linear_survival,600.0,5.0,0.4,11629,0,0.0,0.0,0.0,nan,nan
linear_survival,600.0,5.0,0.6,11629,0,0.0,0.0,0.0,nan,nan
linear_survival,600.0,5.0,0.8,11629,0,0.0,0.0,0.0,nan,nan
linear_survival,600.0,5.0,0.9,11629,0,0.0,0.0,0.0,nan,nan
linear_survival,600.0,5.0,0.95,11629,0,0.0,0.0,0.0,nan,nan
linear_survival,600.0,10.0,0.1,11629,0,0.0,0.0,0.0,nan,nan
linear_survival,600.0,10.0,0.2,11629,0,0.0,0.0,0.0,nan,nan
linear_survival,600.0,10.0,0.4,11629,0,0.0,0.0,0.0,nan,nan
linear_survival,600.0,10.0,0.6,11629,0,0.0,0.0,0.0,nan,nan
linear_survival,600.0,10.0,0.8,11629,0,0.0,0.0,0.0,nan,nan
linear_survival,600.0,10.0,0.9,11629,0,0.0,0.0,0.0,nan,nan
linear_survival,600.0,10.0,0.95,11629,0,0.0,0.0,0.0,nan,nan
linear_survival,600.0,20.0,0.1,11629,0,0.0,0.0,0.0,nan,nan
linear_survival,600.0,20.0,0.2,11629,0,0.0,0.0,0.0,nan,nan
linear_survival,600.0,20.0,0.4,11629,0,0.0,0.0,0.0,nan,nan
linear_survival,600.0,20.0,0.6,11629,0,0.0,0.0,0.0,nan,nan
linear_survival,600.0,20.0,0.8,11629,0,0.0,0.0,0.0,nan,nan
linear_survival,600.0,20.0,0.9,11629,0,0.0,0.0,0.0,nan,nan
linear_survival,600.0,20.0,0.95,11629,0,0.0,0.0,0.0,nan,nan
linear_survival,600.0,30.0,0.1,11629,0,0.0,0.0,0.0,nan,nan
linear_survival,600.0,30.0,0.2,11629,0,0.0,0.0,0.0,nan,nan
linear_survival,600.0,30.0,0.4,11629,0,0.0,0.0,0.0,nan,nan
linear_survival,600.0,30.0,0.6,11629,0,0.0,0.0,0.0,nan,nan
linear_survival,600.0,30.0,0.8,11629,0,0.0,0.0,0.0,nan,nan
linear_survival,600.0,30.0,0.9,11629,0,0.0,0.0,0.0,nan,nan
linear_survival,600.0,30.0,0.95,11629,0,0.0,0.0,0.0,nan,nan
linear_survival,600.0,60.0,0.1,11629,0,0.0,0.0,0.0,nan,nan
linear_survival,600.0,60.0,0.2,11629,0,0.0,0.0,0.0,nan,nan
linear_survival,600.0,60.0,0.4,11629,0,0.0,0.0,0.0,nan,nan
linear_survival,600.0,60.0,0.6,11629,0,0.0,0.0,0.0,nan,nan
linear_survival,600.0,60.0,0.8,11629,0,0.0,0.0,0.0,nan,nan
linear_survival,600.0,60.0,0.9,11629,0,0.0,0.0,0.0,nan,nan
linear_survival,600.0,60.0,0.95,11629,0,0.0,0.0,0.0,nan,nan
linear_survival,600.0,120.0,0.1,11629,0,0.0,0.0,0.0,nan,nan
linear_survival,600.0,120.0,0.2,11629,0,0.0,0.0,0.0,nan,nan
linear_survival,600.0,120.0,0.4,11629,0,0.0,0.0,0.0,nan,nan
linear_survival,600.0,120.0,0.6,11629,0,0.0,0.0,0.0,nan,nan
linear_survival,600.0,120.0,0.8,11629,0,0.0,0.0,0.0,nan,nan
linear_survival,600.0,120.0,0.9,11629,0,0.0,0.0,0.0,nan,nan
linear_survival,600.0,120.0,0.95,11629,0,0.0,0.0,0.0,nan,nan
linear_survival,600.0,180.0,0.1,11629,0,0.0,0.0,0.0,nan,nan
linear_survival,600.0,180.0,0.2,11629,0,0.0,0.0,0.0,nan,nan
linear_survival,600.0,180.0,0.4,11629,0,0.0,0.0,0.0,nan,nan
linear_survival,600.0,180.0,0.6,11629,0,0.0,0.0,0.0,nan,nan
linear_survival,600.0,180.0,0.8,11629,0,0.0,0.0,0.0,nan,nan
linear_survival,600.0,180.0,0.9,11629,0,0.0,0.0,0.0,nan,nan
linear_survival,600.0,180.0,0.95,11629,0,0.0,0.0,0.0,nan,nan
linear_survival,600.0,300.0,0.1,11629,0,0.0,0.0,0.0,nan,nan
linear_survival,600.0,300.0,0.2,11629,0,0.0,0.0,0.0,nan,nan
linear_survival,600.0,300.0,0.4,11629,0,0.0,0.0,0.0,nan,nan
linear_survival,600.0,300.0,0.6,11629,0,0.0,0.0,0.0,nan,nan
linear_survival,600.0,300.0,0.8,11629,0,0.0,0.0,0.0,nan,nan
linear_survival,600.0,300.0,0.9,11629,0,0.0,0.0,0.0,nan,nan
linear_survival,600.0,300.0,0.95,11629,0,0.0,0.0,0.0,nan,nan
linear_survival,600.0,600.0,0.1,11629,0,0.0,0.0,0.0,nan,nan
linear_survival,600.0,600.0,0.2,11629,0,0.0,0.0,0.0,nan,nan
linear_survival,600.0,600.0,0.4,11629,0,0.0,0.0,0.0,nan,nan
linear_survival,600.0,600.0,0.6,11629,0,0.0,0.0,0.0,nan,nan
linear_survival,600.0,600.0,0.8,11629,0,0.0,0.0,0.0,nan,nan
linear_survival,600.0,600.0,0.9,11629,0,0.0,0.0,0.0,nan,nan
linear_survival,600.0,600.0,0.95,11629,0,0.0,0.0,0.0,nan,nan
linear_survival,600.0,900.0,0.1,11629,0,0.0,0.0,0.0,nan,nan
linear_survival,600.0,900.0,0.2,11629,0,0.0,0.0,0.0,nan,nan
linear_survival,600.0,900.0,0.4,11629,0,0.0,0.0,0.0,nan,nan
linear_survival,600.0,900.0,0.6,11629,0,0.0,0.0,0.0,nan,nan
linear_survival,600.0,900.0,0.8,11629,0,0.0,0.0,0.0,nan,nan
linear_survival,600.0,900.0,0.9,11629,0,0.0,0.0,0.0,nan,nan
linear_survival,600.0,900.0,0.95,11629,0,0.0,0.0,0.0,nan,nan
linear_survival,600.0,1200.0,0.1,11629,0,0.0,0.0,0.0,nan,nan
linear_survival,600.0,1200.0,0.2,11629,0,0.0,0.0,0.0,nan,nan
linear_survival,600.0,1200.0,0.4,11629,0,0.0,0.0,0.0,nan,nan
linear_survival,600.0,1200.0,0.6,11629,0,0.0,0.0,0.0,nan,nan
linear_survival,600.0,1200.0,0.8,11629,0,0.0,0.0,0.0,nan,nan
linear_survival,600.0,1200.0,0.9,11629,0,0.0,0.0,0.0,nan,nan
linear_survival,600.0,1200.0,0.95,11629,0,0.0,0.0,0.0,nan,nan
linear_survival,600.0,1800.0,0.1,11629,0,0.0,0.0,0.0,nan,nan
linear_survival,600.0,1800.0,0.2,11629,0,0.0,0.0,0.0,nan,nan
linear_survival,600.0,1800.0,0.4,11629,0,0.0,0.0,0.0,nan,nan
linear_survival,600.0,1800.0,0.6,11629,0,0.0,0.0,0.0,nan,nan
linear_survival,600.0,1800.0,0.8,11629,0,0.0,0.0,0.0,nan,nan
linear_survival,600.0,1800.0,0.9,11629,0,0.0,0.0,0.0,nan,nan
linear_survival,600.0,1800.0,0.95,11629,0,0.0,0.0,0.0,nan,nan
linear_survival,600.0,2400.0,0.1,11629,0,0.0,0.0,0.0,nan,nan
linear_survival,600.0,2400.0,0.2,11629,0,0.0,0.0,0.0,nan,nan
linear_survival,600.0,2400.0,0.4,11629,0,0.0,0.0,0.0,nan,nan
linear_survival,600.0,2400.0,0.6,11629,0,0.0,0.0,0.0,nan,nan
linear_survival,600.0,2400.0,0.8,11629,0,0.0,0.0,0.0,nan,nan
linear_survival,600.0,2400.0,0.9,11629,0,0.0,0.0,0.0,nan,nan
linear_survival,600.0,2400.0,0.95,11629,0,0.0,0.0,0.0,nan,nan
linear_survival,600.0,3600.0,0.1,11274,142,0.004852667460936014,0.0001645848347543322,0.0,0.03391636374823549,0.9660836362517645
linear_survival,600.0,3600.0,0.2,11274,142,0.004852667460936014,0.00254371451205713,0.0,0.5241889192972811,0.47581108070271894
linear_survival,600.0,3600.0,0.4,11274,142,0.004852667460936014,0.0012691106487548523,0.0,0.26152846016571224,0.7384715398342878
linear_survival,600.0,3600.0,0.6,11274,142,0.004852667460936014,0.0008482092533078672,0.0,0.17479237144023446,0.8252076285597656
linear_survival,600.0,3600.0,0.8,11274,142,0.004852667460936014,0.0029711395526252566,0.0,0.6122693501137133,0.3877306498862867
linear_survival,600.0,3600.0,0.9,11274,142,0.004852667460936014,0.0028062369140129757,0.0,0.5782874958161033,0.4217125041838967
linear_survival,600.0,3600.0,0.95,11274,142,0.004852667460936014,0.0029285578592373714,0.0,0.603494445645054,0.39650555435494605
linear_survival,900.0,1.0,0.1,11629,0,0.0,0.0,0.0,nan,nan
linear_survival,900.0,1.0,0.2,11629,0,0.0,0.0,0.0,nan,nan
linear_survival,900.0,1.0,0.4,11629,0,0.0,0.0,0.0,nan,nan
linear_survival,900.0,1.0,0.6,11629,0,0.0,0.0,0.0,nan,nan
linear_survival,900.0,1.0,0.8,11629,0,0.0,0.0,0.0,nan,nan
linear_survival,900.0,1.0,0.9,11629,0,0.0,0.0,0.0,nan,nan
linear_survival,900.0,1.0,0.95,11629,0,0.0,0.0,0.0,nan,nan
linear_survival,900.0,2.0,0.1,11629,0,0.0,0.0,0.0,nan,nan
linear_survival,900.0,2.0,0.2,11629,0,0.0,0.0,0.0,nan,nan
linear_survival,900.0,2.0,0.4,11629,0,0.0,0.0,0.0,nan,nan
linear_survival,900.0,2.0,0.6,11629,0,0.0,0.0,0.0,nan,nan
linear_survival,900.0,2.0,0.8,11629,0,0.0,0.0,0.0,nan,nan
linear_survival,900.0,2.0,0.9,11629,0,0.0,0.0,0.0,nan,nan
linear_survival,900.0,2.0,0.95,11629,0,0.0,0.0,0.0,nan,nan
linear_survival,900.0,3.0,0.1,11629,0,0.0,0.0,0.0,nan,nan
linear_survival,900.0,3.0,0.2,11629,0,0.0,0.0,0.0,nan,nan
linear_survival,900.0,3.0,0.4,11629,0,0.0,0.0,0.0,nan,nan
linear_survival,900.0,3.0,0.6,11629,0,0.0,0.0,0.0,nan,nan
linear_survival,900.0,3.0,0.8,11629,0,0.0,0.0,0.0,nan,nan
linear_survival,900.0,3.0,0.9,11629,0,0.0,0.0,0.0,nan,nan
linear_survival,900.0,3.0,0.95,11629,0,0.0,0.0,0.0,nan,nan
linear_survival,900.0,5.0,0.1,11629,0,0.0,0.0,0.0,nan,nan
linear_survival,900.0,5.0,0.2,11629,0,0.0,0.0,0.0,nan,nan
linear_survival,900.0,5.0,0.4,11629,0,0.0,0.0,0.0,nan,nan
linear_survival,900.0,5.0,0.6,11629,0,0.0,0.0,0.0,nan,nan
linear_survival,900.0,5.0,0.8,11629,0,0.0,0.0,0.0,nan,nan
linear_survival,900.0,5.0,0.9,11629,0,0.0,0.0,0.0,nan,nan
linear_survival,900.0,5.0,0.95,11629,0,0.0,0.0,0.0,nan,nan
linear_survival,900.0,10.0,0.1,11629,0,0.0,0.0,0.0,nan,nan
linear_survival,900.0,10.0,0.2,11629,0,0.0,0.0,0.0,nan,nan
linear_survival,900.0,10.0,0.4,11629,0,0.0,0.0,0.0,nan,nan
linear_survival,900.0,10.0,0.6,11629,0,0.0,0.0,0.0,nan,nan
linear_survival,900.0,10.0,0.8,11629,0,0.0,0.0,0.0,nan,nan
linear_survival,900.0,10.0,0.9,11629,0,0.0,0.0,0.0,nan,nan
linear_survival,900.0,10.0,0.95,11629,0,0.0,0.0,0.0,nan,nan
linear_survival,900.0,20.0,0.1,11629,0,0.0,0.0,0.0,nan,nan
linear_survival,900.0,20.0,0.2,11629,0,0.0,0.0,0.0,nan,nan
linear_survival,900.0,20.0,0.4,11629,0,0.0,0.0,0.0,nan,nan
linear_survival,900.0,20.0,0.6,11629,0,0.0,0.0,0.0,nan,nan
linear_survival,900.0,20.0,0.8,11629,0,0.0,0.0,0.0,nan,nan
linear_survival,900.0,20.0,0.9,11629,0,0.0,0.0,0.0,nan,nan
linear_survival,900.0,20.0,0.95,11629,0,0.0,0.0,0.0,nan,nan
linear_survival,900.0,30.0,0.1,11629,0,0.0,0.0,0.0,nan,nan
linear_survival,900.0,30.0,0.2,11629,0,0.0,0.0,0.0,nan,nan
linear_survival,900.0,30.0,0.4,11629,0,0.0,0.0,0.0,nan,nan
linear_survival,900.0,30.0,0.6,11629,0,0.0,0.0,0.0,nan,nan
linear_survival,900.0,30.0,0.8,11629,0,0.0,0.0,0.0,nan,nan
linear_survival,900.0,30.0,0.9,11629,0,0.0,0.0,0.0,nan,nan
linear_survival,900.0,30.0,0.95,11629,0,0.0,0.0,0.0,nan,nan
linear_survival,900.0,60.0,0.1,11629,0,0.0,0.0,0.0,nan,nan
linear_survival,900.0,60.0,0.2,11629,0,0.0,0.0,0.0,nan,nan
linear_survival,900.0,60.0,0.4,11629,0,0.0,0.0,0.0,nan,nan
linear_survival,900.0,60.0,0.6,11629,0,0.0,0.0,0.0,nan,nan
linear_survival,900.0,60.0,0.8,11629,0,0.0,0.0,0.0,nan,nan
linear_survival,900.0,60.0,0.9,11629,0,0.0,0.0,0.0,nan,nan
linear_survival,900.0,60.0,0.95,11629,0,0.0,0.0,0.0,nan,nan
linear_survival,900.0,120.0,0.1,11629,0,0.0,0.0,0.0,nan,nan
linear_survival,900.0,120.0,0.2,11629,0,0.0,0.0,0.0,nan,nan
linear_survival,900.0,120.0,0.4,11629,0,0.0,0.0,0.0,nan,nan
linear_survival,900.0,120.0,0.6,11629,0,0.0,0.0,0.0,nan,nan
linear_survival,900.0,120.0,0.8,11629,0,0.0,0.0,0.0,nan,nan
linear_survival,900.0,120.0,0.9,11629,0,0.0,0.0,0.0,nan,nan
linear_survival,900.0,120.0,0.95,11629,0,0.0,0.0,0.0,nan,nan
linear_survival,900.0,180.0,0.1,11629,0,0.0,0.0,0.0,nan,nan
linear_survival,900.0,180.0,0.2,11629,0,0.0,0.0,0.0,nan,nan
linear_survival,900.0,180.0,0.4,11629,0,0.0,0.0,0.0,nan,nan
linear_survival,900.0,180.0,0.6,11629,0,0.0,0.0,0.0,nan,nan
linear_survival,900.0,180.0,0.8,11629,0,0.0,0.0,0.0,nan,nan
linear_survival,900.0,180.0,0.9,11629,0,0.0,0.0,0.0,nan,nan
linear_survival,900.0,180.0,0.95,11629,0,0.0,0.0,0.0,nan,nan
linear_survival,900.0,300.0,0.1,11629,0,0.0,0.0,0.0,nan,nan
linear_survival,900.0,300.0,0.2,11629,0,0.0,0.0,0.0,nan,nan
linear_survival,900.0,300.0,0.4,11629,0,0.0,0.0,0.0,nan,nan
linear_survival,900.0,300.0,0.6,11629,0,0.0,0.0,0.0,nan,nan
linear_survival,900.0,300.0,0.8,11629,0,0.0,0.0,0.0,nan,nan
linear_survival,900.0,300.0,0.9,11629,0,0.0,0.0,0.0,nan,nan
linear_survival,900.0,300.0,0.95,11629,0,0.0,0.0,0.0,nan,nan
linear_survival,900.0,600.0,0.1,11629,0,0.0,0.0,0.0,nan,nan
linear_survival,900.0,600.0,0.2,11629,0,0.0,0.0,0.0,nan,nan
linear_survival,900.0,600.0,0.4,11629,0,0.0,0.0,0.0,nan,nan
linear_survival,900.0,600.0,0.6,11629,0,0.0,0.0,0.0,nan,nan
linear_survival,900.0,600.0,0.8,11629,0,0.0,0.0,0.0,nan,nan
linear_survival,900.0,600.0,0.9,11629,0,0.0,0.0,0.0,nan,nan
linear_survival,900.0,600.0,0.95,11629,0,0.0,0.0,0.0,nan,nan
linear_survival,900.0,900.0,0.1,11629,0,0.0,0.0,0.0,nan,nan
linear_survival,900.0,900.0,0.2,11629,0,0.0,0.0,0.0,nan,nan
linear_survival,900.0,900.0,0.4,11629,0,0.0,0.0,0.0,nan,nan
linear_survival,900.0,900.0,0.6,11629,0,0.0,0.0,0.0,nan,nan
linear_survival,900.0,900.0,0.8,11629,0,0.0,0.0,0.0,nan,nan
linear_survival,900.0,900.0,0.9,11629,0,0.0,0.0,0.0,nan,nan
linear_survival,900.0,900.0,0.95,11629,0,0.0,0.0,0.0,nan,nan
linear_survival,900.0,1200.0,0.1,11629,0,0.0,0.0,0.0,nan,nan
linear_survival,900.0,1200.0,0.2,11629,0,0.0,0.0,0.0,nan,nan
linear_survival,900.0,1200.0,0.4,11629,0,0.0,0.0,0.0,nan,nan
linear_survival,900.0,1200.0,0.6,11629,0,0.0,0.0,0.0,nan,nan
linear_survival,900.0,1200.0,0.8,11629,0,0.0,0.0,0.0,nan,nan
linear_survival,900.0,1200.0,0.9,11629,0,0.0,0.0,0.0,nan,nan
linear_survival,900.0,1200.0,0.95,11629,0,0.0,0.0,0.0,nan,nan
linear_survival,900.0,1800.0,0.1,11629,0,0.0,0.0,0.0,nan,nan
linear_survival,900.0,1800.0,0.2,11629,0,0.0,0.0,0.0,nan,nan
linear_survival,900.0,1800.0,0.4,11629,0,0.0,0.0,0.0,nan,nan
linear_survival,900.0,1800.0,0.6,11629,0,0.0,0.0,0.0,nan,nan
linear_survival,900.0,1800.0,0.8,11629,0,0.0,0.0,0.0,nan,nan
linear_survival,900.0,1800.0,0.9,11629,0,0.0,0.0,0.0,nan,nan
linear_survival,900.0,1800.0,0.95,11629,0,0.0,0.0,0.0,nan,nan
linear_survival,900.0,2400.0,0.1,11629,0,0.0,0.0,0.0,nan,nan
linear_survival,900.0,2400.0,0.2,11629,0,0.0,0.0,0.0,nan,nan
linear_survival,900.0,2400.0,0.4,11629,0,0.0,0.0,0.0,nan,nan
linear_survival,900.0,2400.0,0.6,11629,0,0.0,0.0,0.0,nan,nan
linear_survival,900.0,2400.0,0.8,11629,0,0.0,0.0,0.0,nan,nan
linear_survival,900.0,2400.0,0.9,11629,0,0.0,0.0,0.0,nan,nan
linear_survival,900.0,2400.0,0.95,11629,0,0.0,0.0,0.0,nan,nan
linear_survival,900.0,3600.0,0.1,11274,142,0.004852667460936014,0.00016660271814858944,0.0,0.03433219347703954,0.9656678065229605
linear_survival,900.0,3600.0,0.2,11274,142,0.004852667460936014,0.0025449676901418876,0.0,0.5244471644984711,0.47555283550152894
linear_survival,900.0,3600.0,0.4,11274,142,0.004852667460936014,0.0012720844449718215,0.0,0.2621412769805689,0.7378587230194311
linear_survival,900.0,3600.0,0.6,11274,142,0.004852667460936014,0.0008479906576435471,0.0,0.1747473249444505,0.8252526750555496
linear_survival,900.0,3600.0,0.8,11274,142,0.004852667460936014,0.0029710457047140465,0.0,0.6122500106654685,0.38774998933453153
linear_survival,900.0,3600.0,0.9,11274,142,0.004852667460936014,0.0028063809853647826,0.0,0.5783171849206972,0.42168281507930283
linear_survival,900.0,3600.0,0.95,11274,142,0.004852667460936014,0.00288698620566606,0.0,0.5949276823327184,0.4050723176672816
linear_survival,1200.0,1.0,0.1,11629,0,0.0,0.0,0.0,nan,nan
linear_survival,1200.0,1.0,0.2,11629,0,0.0,0.0,0.0,nan,nan
linear_survival,1200.0,1.0,0.4,11629,0,0.0,0.0,0.0,nan,nan
linear_survival,1200.0,1.0,0.6,11629,0,0.0,0.0,0.0,nan,nan
linear_survival,1200.0,1.0,0.8,11629,0,0.0,0.0,0.0,nan,nan
linear_survival,1200.0,1.0,0.9,11629,0,0.0,0.0,0.0,nan,nan
linear_survival,1200.0,1.0,0.95,11629,0,0.0,0.0,0.0,nan,nan
linear_survival,1200.0,2.0,0.1,11629,0,0.0,0.0,0.0,nan,nan
linear_survival,1200.0,2.0,0.2,11629,0,0.0,0.0,0.0,nan,nan
linear_survival,1200.0,2.0,0.4,11629,0,0.0,0.0,0.0,nan,nan
linear_survival,1200.0,2.0,0.6,11629,0,0.0,0.0,0.0,nan,nan
linear_survival,1200.0,2.0,0.8,11629,0,0.0,0.0,0.0,nan,nan
linear_survival,1200.0,2.0,0.9,11629,0,0.0,0.0,0.0,nan,nan
linear_survival,1200.0,2.0,0.95,11629,0,0.0,0.0,0.0,nan,nan
linear_survival,1200.0,3.0,0.1,11629,0,0.0,0.0,0.0,nan,nan
linear_survival,1200.0,3.0,0.2,11629,0,0.0,0.0,0.0,nan,nan
linear_survival,1200.0,3.0,0.4,11629,0,0.0,0.0,0.0,nan,nan
linear_survival,1200.0,3.0,0.6,11629,0,0.0,0.0,0.0,nan,nan
linear_survival,1200.0,3.0,0.8,11629,0,0.0,0.0,0.0,nan,nan
linear_survival,1200.0,3.0,0.9,11629,0,0.0,0.0,0.0,nan,nan
linear_survival,1200.0,3.0,0.95,11629,0,0.0,0.0,0.0,nan,nan
linear_survival,1200.0,5.0,0.1,11629,0,0.0,0.0,0.0,nan,nan
linear_survival,1200.0,5.0,0.2,11629,0,0.0,0.0,0.0,nan,nan
linear_survival,1200.0,5.0,0.4,11629,0,0.0,0.0,0.0,nan,nan
linear_survival,1200.0,5.0,0.6,11629,0,0.0,0.0,0.0,nan,nan
linear_survival,1200.0,5.0,0.8,11629,0,0.0,0.0,0.0,nan,nan
linear_survival,1200.0,5.0,0.9,11629,0,0.0,0.0,0.0,nan,nan
linear_survival,1200.0,5.0,0.95,11629,0,0.0,0.0,0.0,nan,nan
linear_survival,1200.0,10.0,0.1,11629,0,0.0,0.0,0.0,nan,nan
linear_survival,1200.0,10.0,0.2,11629,0,0.0,0.0,0.0,nan,nan
linear_survival,1200.0,10.0,0.4,11629,0,0.0,0.0,0.0,nan,nan
linear_survival,1200.0,10.0,0.6,11629,0,0.0,0.0,0.0,nan,nan
linear_survival,1200.0,10.0,0.8,11629,0,0.0,0.0,0.0,nan,nan
linear_survival,1200.0,10.0,0.9,11629,0,0.0,0.0,0.0,nan,nan
linear_survival,1200.0,10.0,0.95,11629,0,0.0,0.0,0.0,nan,nan
linear_survival,1200.0,20.0,0.1,11629,0,0.0,0.0,0.0,nan,nan
linear_survival,1200.0,20.0,0.2,11629,0,0.0,0.0,0.0,nan,nan
linear_survival,1200.0,20.0,0.4,11629,0,0.0,0.0,0.0,nan,nan
linear_survival,1200.0,20.0,0.6,11629,0,0.0,0.0,0.0,nan,nan
linear_survival,1200.0,20.0,0.8,11629,0,0.0,0.0,0.0,nan,nan
linear_survival,1200.0,20.0,0.9,11629,0,0.0,0.0,0.0,nan,nan
linear_survival,1200.0,20.0,0.95,11629,0,0.0,0.0,0.0,nan,nan
linear_survival,1200.0,30.0,0.1,11629,0,0.0,0.0,0.0,nan,nan
linear_survival,1200.0,30.0,0.2,11629,0,0.0,0.0,0.0,nan,nan
linear_survival,1200.0,30.0,0.4,11629,0,0.0,0.0,0.0,nan,nan
linear_survival,1200.0,30.0,0.6,11629,0,0.0,0.0,0.0,nan,nan
linear_survival,1200.0,30.0,0.8,11629,0,0.0,0.0,0.0,nan,nan
linear_survival,1200.0,30.0,0.9,11629,0,0.0,0.0,0.0,nan,nan
linear_survival,1200.0,30.0,0.95,11629,0,0.0,0.0,0.0,nan,nan
linear_survival,1200.0,60.0,0.1,11629,0,0.0,0.0,0.0,nan,nan
linear_survival,1200.0,60.0,0.2,11629,0,0.0,0.0,0.0,nan,nan
linear_survival,1200.0,60.0,0.4,11629,0,0.0,0.0,0.0,nan,nan
linear_survival,1200.0,60.0,0.6,11629,0,0.0,0.0,0.0,nan,nan
linear_survival,1200.0,60.0,0.8,11629,0,0.0,0.0,0.0,nan,nan
linear_survival,1200.0,60.0,0.9,11629,0,0.0,0.0,0.0,nan,nan
linear_survival,1200.0,60.0,0.95,11629,0,0.0,0.0,0.0,nan,nan
linear_survival,1200.0,120.0,0.1,11629,0,0.0,0.0,0.0,nan,nan
linear_survival,1200.0,120.0,0.2,11629,0,0.0,0.0,0.0,nan,nan
linear_survival,1200.0,120.0,0.4,11629,0,0.0,0.0,0.0,nan,nan
linear_survival,1200.0,120.0,0.6,11629,0,0.0,0.0,0.0,nan,nan
linear_survival,1200.0,120.0,0.8,11629,0,0.0,0.0,0.0,nan,nan
linear_survival,1200.0,120.0,0.9,11629,0,0.0,0.0,0.0,nan,nan
linear_survival,1200.0,120.0,0.95,11629,0,0.0,0.0,0.0,nan,nan
linear_survival,1200.0,180.0,0.1,11629,0,0.0,0.0,0.0,nan,nan
linear_survival,1200.0,180.0,0.2,11629,0,0.0,0.0,0.0,nan,nan
linear_survival,1200.0,180.0,0.4,11629,0,0.0,0.0,0.0,nan,nan
linear_survival,1200.0,180.0,0.6,11629,0,0.0,0.0,0.0,nan,nan
linear_survival,1200.0,180.0,0.8,11629,0,0.0,0.0,0.0,nan,nan
linear_survival,1200.0,180.0,0.9,11629,0,0.0,0.0,0.0,nan,nan
linear_survival,1200.0,180.0,0.95,11629,0,0.0,0.0,0.0,nan,nan
linear_survival,1200.0,300.0,0.1,11629,0,0.0,0.0,0.0,nan,nan
linear_survival,1200.0,300.0,0.2,11629,0,0.0,0.0,0.0,nan,nan
linear_survival,1200.0,300.0,0.4,11629,0,0.0,0.0,0.0,nan,nan
linear_survival,1200.0,300.0,0.6,11629,0,0.0,0.0,0.0,nan,nan
linear_survival,1200.0,300.0,0.8,11629,0,0.0,0.0,0.0,nan,nan
linear_survival,1200.0,300.0,0.9,11629,0,0.0,0.0,0.0,nan,nan
linear_survival,1200.0,300.0,0.95,11629,0,0.0,0.0,0.0,nan,nan
linear_survival,1200.0,600.0,0.1,11629,0,0.0,0.0,0.0,nan,nan
linear_survival,1200.0,600.0,0.2,11629,0,0.0,0.0,0.0,nan,nan
linear_survival,1200.0,600.0,0.4,11629,0,0.0,0.0,0.0,nan,nan
linear_survival,1200.0,600.0,0.6,11629,0,0.0,0.0,0.0,nan,nan
linear_survival,1200.0,600.0,0.8,11629,0,0.0,0.0,0.0,nan,nan
linear_survival,1200.0,600.0,0.9,11629,0,0.0,0.0,0.0,nan,nan
linear_survival,1200.0,600.0,0.95,11629,0,0.0,0.0,0.0,nan,nan
linear_survival,1200.0,900.0,0.1,11629,0,0.0,0.0,0.0,nan,nan
linear_survival,1200.0,900.0,0.2,11629,0,0.0,0.0,0.0,nan,nan
linear_survival,1200.0,900.0,0.4,11629,0,0.0,0.0,0.0,nan,nan
linear_survival,1200.0,900.0,0.6,11629,0,0.0,0.0,0.0,nan,nan
linear_survival,1200.0,900.0,0.8,11629,0,0.0,0.0,0.0,nan,nan
linear_survival,1200.0,900.0,0.9,11629,0,0.0,0.0,0.0,nan,nan
linear_survival,1200.0,900.0,0.95,11629,0,0.0,0.0,0.0,nan,nan
linear_survival,1200.0,1200.0,0.1,11629,0,0.0,0.0,0.0,nan,nan
linear_survival,1200.0,1200.0,0.2,11629,0,0.0,0.0,0.0,nan,nan
linear_survival,1200.0,1200.0,0.4,11629,0,0.0,0.0,0.0,nan,nan
linear_survival,1200.0,1200.0,0.6,11629,0,0.0,0.0,0.0,nan,nan
linear_survival,1200.0,1200.0,0.8,11629,0,0.0,0.0,0.0,nan,nan
linear_survival,1200.0,1200.0,0.9,11629,0,0.0,0.0,0.0,nan,nan
linear_survival,1200.0,1200.0,0.95,11629,0,0.0,0.0,0.0,nan,nan
linear_survival,1200.0,1800.0,0.1,11629,0,0.0,0.0,0.0,nan,nan
linear_survival,1200.0,1800.0,0.2,11629,0,0.0,0.0,0.0,nan,nan
linear_survival,1200.0,1800.0,0.4,11629,0,0.0,0.0,0.0,nan,nan
linear_survival,1200.0,1800.0,0.6,11629,0,0.0,0.0,0.0,nan,nan
linear_survival,1200.0,1800.0,0.8,11629,0,0.0,0.0,0.0,nan,nan
linear_survival,1200.0,1800.0,0.9,11629,0,0.0,0.0,0.0,nan,nan
linear_survival,1200.0,1800.0,0.95,11629,0,0.0,0.0,0.0,nan,nan
linear_survival,1200.0,2400.0,0.1,11453,142,0.004759528508972346,0.00016512260353312335,0.0,0.03469305903344107,0.9653069409665589
linear_survival,1200.0,2400.0,0.2,11453,142,0.004759528508972346,0.0024873635941780226,0.0,0.5226071425959548,0.47739285740404525
linear_survival,1200.0,2400.0,0.4,11453,142,0.004759528508972346,0.0012438633372217059,0.0,0.26134171375943177,0.7386582862405682
linear_survival,1200.0,2400.0,0.6,11453,142,0.004759528508972346,0.0008299487462945744,0.0,0.17437625275907273,0.8256237472409272
linear_survival,1200.0,2400.0,0.8,11453,142,0.004759528508972346,0.0025137687820830927,0.0,0.5281550005098832,0.4718449994901168
linear_survival,1200.0,2400.0,0.9,11453,142,0.004759528508972346,0.0027525202224272256,0.0,0.578317834894435,0.421682165105565
linear_survival,1200.0,2400.0,0.95,11453,142,0.004759528508972346,0.002831647935287462,0.0,0.5949429507459464,0.4050570492540536
linear_survival,1200.0,3600.0,0.1,11274,142,0.004852667460936014,0.00016600432617334875,0.0,0.034208881508919375,0.9657911184910806
linear_survival,1200.0,3600.0,0.2,11274,142,0.004852667460936014,0.0025327388891005853,0.0,0.521927148210575,0.47807285178942505
linear_survival,1200.0,3600.0,0.4,11274,142,0.004852667460936014,0.001271781814795657,0.0,0.2620789133056209,0.7379210866943791
linear_survival,1200.0,3600.0,0.6,11274,142,0.004852667460936014,0.0008483193152182699,0.0,0.17481505214343301,0.8251849478565669
linear_survival,1200.0,3600.0,0.8,11274,142,0.004852667460936014,0.0029714514736318785,0.0,0.6123336283708024,0.3876663716291976
linear_survival,1200.0,3600.0,0.9,11274,142,0.004852667460936014,0.0028062114443735374,0.0,0.5782822472307338,0.42171775276926615
linear_survival,1200.0,3600.0,0.95,11274,142,0.004852667460936014,0.0028869838784091814,0.0,0.5949272027497061,0.4050727972502939
linear_survival,1800.0,1.0,0.1,11629,0,0.0,0.0,0.0,nan,nan
linear_survival,1800.0,1.0,0.2,11629,0,0.0,0.0,0.0,nan,nan
linear_survival,1800.0,1.0,0.4,11629,0,0.0,0.0,0.0,nan,nan
linear_survival,1800.0,1.0,0.6,11629,0,0.0,0.0,0.0,nan,nan
linear_survival,1800.0,1.0,0.8,11629,0,0.0,0.0,0.0,nan,nan
linear_survival,1800.0,1.0,0.9,11629,0,0.0,0.0,0.0,nan,nan
linear_survival,1800.0,1.0,0.95,11629,0,0.0,0.0,0.0,nan,nan
linear_survival,1800.0,2.0,0.1,11629,0,0.0,0.0,0.0,nan,nan
linear_survival,1800.0,2.0,0.2,11629,0,0.0,0.0,0.0,nan,nan
linear_survival,1800.0,2.0,0.4,11629,0,0.0,0.0,0.0,nan,nan
linear_survival,1800.0,2.0,0.6,11629,0,0.0,0.0,0.0,nan,nan
linear_survival,1800.0,2.0,0.8,11629,0,0.0,0.0,0.0,nan,nan
linear_survival,1800.0,2.0,0.9,11629,0,0.0,0.0,0.0,nan,nan
linear_survival,1800.0,2.0,0.95,11629,0,0.0,0.0,0.0,nan,nan
linear_survival,1800.0,3.0,0.1,11629,0,0.0,0.0,0.0,nan,nan
linear_survival,1800.0,3.0,0.2,11629,0,0.0,0.0,0.0,nan,nan
linear_survival,1800.0,3.0,0.4,11629,0,0.0,0.0,0.0,nan,nan
linear_survival,1800.0,3.0,0.6,11629,0,0.0,0.0,0.0,nan,nan
linear_survival,1800.0,3.0,0.8,11629,0,0.0,0.0,0.0,nan,nan
linear_survival,1800.0,3.0,0.9,11629,0,0.0,0.0,0.0,nan,nan
linear_survival,1800.0,3.0,0.95,11629,0,0.0,0.0,0.0,nan,nan
linear_survival,1800.0,5.0,0.1,11629,0,0.0,0.0,0.0,nan,nan
linear_survival,1800.0,5.0,0.2,11629,0,0.0,0.0,0.0,nan,nan
linear_survival,1800.0,5.0,0.4,11629,0,0.0,0.0,0.0,nan,nan
linear_survival,1800.0,5.0,0.6,11629,0,0.0,0.0,0.0,nan,nan
linear_survival,1800.0,5.0,0.8,11629,0,0.0,0.0,0.0,nan,nan
linear_survival,1800.0,5.0,0.9,11629,0,0.0,0.0,0.0,nan,nan
linear_survival,1800.0,5.0,0.95,11629,0,0.0,0.0,0.0,nan,nan
linear_survival,1800.0,10.0,0.1,11629,0,0.0,0.0,0.0,nan,nan
linear_survival,1800.0,10.0,0.2,11629,0,0.0,0.0,0.0,nan,nan
linear_survival,1800.0,10.0,0.4,11629,0,0.0,0.0,0.0,nan,nan
linear_survival,1800.0,10.0,0.6,11629,0,0.0,0.0,0.0,nan,nan
linear_survival,1800.0,10.0,0.8,11629,0,0.0,0.0,0.0,nan,nan
linear_survival,1800.0,10.0,0.9,11629,0,0.0,0.0,0.0,nan,nan
linear_survival,1800.0,10.0,0.95,11629,0,0.0,0.0,0.0,nan,nan
linear_survival,1800.0,20.0,0.1,11629,0,0.0,0.0,0.0,nan,nan
linear_survival,1800.0,20.0,0.2,11629,0,0.0,0.0,0.0,nan,nan
linear_survival,1800.0,20.0,0.4,11629,0,0.0,0.0,0.0,nan,nan
linear_survival,1800.0,20.0,0.6,11629,0,0.0,0.0,0.0,nan,nan
linear_survival,1800.0,20.0,0.8,11629,0,0.0,0.0,0.0,nan,nan
linear_survival,1800.0,20.0,0.9,11629,0,0.0,0.0,0.0,nan,nan
linear_survival,1800.0,20.0,0.95,11629,0,0.0,0.0,0.0,nan,nan
linear_survival,1800.0,30.0,0.1,11629,0,0.0,0.0,0.0,nan,nan
linear_survival,1800.0,30.0,0.2,11629,0,0.0,0.0,0.0,nan,nan
linear_survival,1800.0,30.0,0.4,11629,0,0.0,0.0,0.0,nan,nan
linear_survival,1800.0,30.0,0.6,11629,0,0.0,0.0,0.0,nan,nan
linear_survival,1800.0,30.0,0.8,11629,0,0.0,0.0,0.0,nan,nan
linear_survival,1800.0,30.0,0.9,11629,0,0.0,0.0,0.0,nan,nan
linear_survival,1800.0,30.0,0.95,11629,0,0.0,0.0,0.0,nan,nan
linear_survival,1800.0,60.0,0.1,11629,0,0.0,0.0,0.0,nan,nan
linear_survival,1800.0,60.0,0.2,11629,0,0.0,0.0,0.0,nan,nan
linear_survival,1800.0,60.0,0.4,11629,0,0.0,0.0,0.0,nan,nan
linear_survival,1800.0,60.0,0.6,11629,0,0.0,0.0,0.0,nan,nan
linear_survival,1800.0,60.0,0.8,11629,0,0.0,0.0,0.0,nan,nan
linear_survival,1800.0,60.0,0.9,11629,0,0.0,0.0,0.0,nan,nan
linear_survival,1800.0,60.0,0.95,11629,0,0.0,0.0,0.0,nan,nan
linear_survival,1800.0,120.0,0.1,11629,0,0.0,0.0,0.0,nan,nan
linear_survival,1800.0,120.0,0.2,11629,0,0.0,0.0,0.0,nan,nan
linear_survival,1800.0,120.0,0.4,11629,0,0.0,0.0,0.0,nan,nan
linear_survival,1800.0,120.0,0.6,11629,0,0.0,0.0,0.0,nan,nan
linear_survival,1800.0,120.0,0.8,11629,0,0.0,0.0,0.0,nan,nan
linear_survival,1800.0,120.0,0.9,11629,0,0.0,0.0,0.0,nan,nan
linear_survival,1800.0,120.0,0.95,11629,0,0.0,0.0,0.0,nan,nan
linear_survival,1800.0,180.0,0.1,11629,0,0.0,0.0,0.0,nan,nan
linear_survival,1800.0,180.0,0.2,11629,0,0.0,0.0,0.0,nan,nan
linear_survival,1800.0,180.0,0.4,11629,0,0.0,0.0,0.0,nan,nan
linear_survival,1800.0,180.0,0.6,11629,0,0.0,0.0,0.0,nan,nan
linear_survival,1800.0,180.0,0.8,11629,0,0.0,0.0,0.0,nan,nan
linear_survival,1800.0,180.0,0.9,11629,0,0.0,0.0,0.0,nan,nan
linear_survival,1800.0,180.0,0.95,11629,0,0.0,0.0,0.0,nan,nan
linear_survival,1800.0,300.0,0.1,11629,0,0.0,0.0,0.0,nan,nan
linear_survival,1800.0,300.0,0.2,11629,0,0.0,0.0,0.0,nan,nan
linear_survival,1800.0,300.0,0.4,11629,0,0.0,0.0,0.0,nan,nan
linear_survival,1800.0,300.0,0.6,11629,0,0.0,0.0,0.0,nan,nan
linear_survival,1800.0,300.0,0.8,11629,0,0.0,0.0,0.0,nan,nan
linear_survival,1800.0,300.0,0.9,11629,0,0.0,0.0,0.0,nan,nan
linear_survival,1800.0,300.0,0.95,11629,0,0.0,0.0,0.0,nan,nan
linear_survival,1800.0,600.0,0.1,11629,0,0.0,0.0,0.0,nan,nan
linear_survival,1800.0,600.0,0.2,11629,0,0.0,0.0,0.0,nan,nan
linear_survival,1800.0,600.0,0.4,11629,0,0.0,0.0,0.0,nan,nan
linear_survival,1800.0,600.0,0.6,11629,0,0.0,0.0,0.0,nan,nan
linear_survival,1800.0,600.0,0.8,11629,0,0.0,0.0,0.0,nan,nan
linear_survival,1800.0,600.0,0.9,11629,0,0.0,0.0,0.0,nan,nan
linear_survival,1800.0,600.0,0.95,11629,0,0.0,0.0,0.0,nan,nan
linear_survival,1800.0,900.0,0.1,11629,0,0.0,0.0,0.0,nan,nan
linear_survival,1800.0,900.0,0.2,11629,0,0.0,0.0,0.0,nan,nan
linear_survival,1800.0,900.0,0.4,11629,0,0.0,0.0,0.0,nan,nan
linear_survival,1800.0,900.0,0.6,11629,0,0.0,0.0,0.0,nan,nan
linear_survival,1800.0,900.0,0.8,11629,0,0.0,0.0,0.0,nan,nan
linear_survival,1800.0,900.0,0.9,11629,0,0.0,0.0,0.0,nan,nan
linear_survival,1800.0,900.0,0.95,11629,0,0.0,0.0,0.0,nan,nan
linear_survival,1800.0,1200.0,0.1,11629,0,0.0,0.0,0.0,nan,nan
linear_survival,1800.0,1200.0,0.2,11629,0,0.0,0.0,0.0,nan,nan
linear_survival,1800.0,1200.0,0.4,11629,0,0.0,0.0,0.0,nan,nan
linear_survival,1800.0,1200.0,0.6,11629,0,0.0,0.0,0.0,nan,nan
linear_survival,1800.0,1200.0,0.8,11629,0,0.0,0.0,0.0,nan,nan
linear_survival,1800.0,1200.0,0.9,11629,0,0.0,0.0,0.0,nan,nan
linear_survival,1800.0,1200.0,0.95,11629,0,0.0,0.0,0.0,nan,nan
linear_survival,1800.0,1800.0,0.1,11453,142,0.004759528508972346,0.00016484092850399364,0.0,0.03463387774508473,0.9653661222549152
linear_survival,1800.0,1800.0,0.2,11453,142,0.004759528508972346,0.002495781953268548,0.0,0.5243758806284418,0.47562411937155824
linear_survival,1800.0,1800.0,0.4,11453,142,0.004759528508972346,0.0012473109939141983,0.0,0.2620660831346741,0.7379339168653258
linear_survival,1800.0,1800.0,0.6,11453,142,0.004759528508972346,0.0008319769549893791,0.0,0.1748023892326712,0.8251976107673288
linear_survival,1800.0,1800.0,0.8,11453,142,0.004759528508972346,0.0029138380710842563,0.0,0.6122114964940925,0.38778850350590754
linear_survival,1800.0,1800.0,0.9,11453,142,0.004759528508972346,0.0027521144327734715,0.0,0.5782325765221006,0.4217674234778994
linear_survival,1800.0,1800.0,0.95,11453,142,0.004759528508972346,0.0027598377198553878,0.0,0.5798552765579039,0.4201447234420961
linear_survival,1800.0,2400.0,0.1,11274,142,0.004852667460936014,0.00016627575069722445,0.0,0.03426481456554456,0.9657351854344555
linear_survival,1800.0,2400.0,0.2,11274,142,0.004852667460936014,0.002540321553239738,0.0,0.5234897247110654,0.47651027528893464
linear_survival,1800.0,2400.0,0.4,11274,142,0.004852667460936014,0.0012697054270673943,0.0,0.26165102745830543,0.7383489725416945
linear_survival,1800.0,2400.0,0.6,11274,142,0.004852667460936014,0.0008483828393510084,0.0,0.17482814270305816,0.8251718572969419
linear_survival,1800.0,2400.0,0.8,11274,142,0.004852667460936014,0.002971365191056676,0.0,0.6123158479282114,0.38768415207178863
linear_survival,1800.0,2400.0,0.9,11274,142,0.004852667460936014,0.0028063977017832283,0.0,0.5783206297103062,0.4216793702896938
linear_survival,1800.0,2400.0,0.95,11274,142,0.004852667460936014,0.002833314120325025,0.0,0.5838673560744089,0.41613264392559113
linear_survival,1800.0,3600.0,0.1,11274,142,0.004852667460936014,0.00016627575069722445,0.0,0.03426481456554456,0.9657351854344555
linear_survival,1800.0,3600.0,0.2,11274,142,0.004852667460936014,0.002540321553239738,0.0,0.5234897247110654,0.47651027528893464
linear_survival,1800.0,3600.0,0.4,11274,142,0.004852667460936014,0.0012697054270673943,0.0,0.26165102745830543,0.7383489725416945
linear_survival,1800.0,3600.0,0.6,11274,142,0.004852667460936014,0.0008483828393510084,0.0,0.17482814270305816,0.8251718572969419
linear_survival,1800.0,3600.0,0.8,11274,142,0.004852667460936014,0.002971365191056676,0.0,0.6123158479282114,0.38768415207178863
linear_survival,1800.0,3600.0,0.9,11274,142,0.004852667460936014,0.0028063977017832283,0.0,0.5783206297103062,0.4216793702896938
linear_survival,1800.0,3600.0,0.95,11274,142,0.004852667460936014,0.002833314120325025,0.0,0.5838673560744089,0.41613264392559113
linear_survival,2400.0,1.0,0.1,11629,0,0.0,0.0,0.0,nan,nan
linear_survival,2400.0,1.0,0.2,11629,0,0.0,0.0,0.0,nan,nan
linear_survival,2400.0,1.0,0.4,11629,0,0.0,0.0,0.0,nan,nan
linear_survival,2400.0,1.0,0.6,11629,0,0.0,0.0,0.0,nan,nan
linear_survival,2400.0,1.0,0.8,11629,0,0.0,0.0,0.0,nan,nan
linear_survival,2400.0,1.0,0.9,11629,0,0.0,0.0,0.0,nan,nan
linear_survival,2400.0,1.0,0.95,11629,0,0.0,0.0,0.0,nan,nan
linear_survival,2400.0,2.0,0.1,11629,0,0.0,0.0,0.0,nan,nan
linear_survival,2400.0,2.0,0.2,11629,0,0.0,0.0,0.0,nan,nan
linear_survival,2400.0,2.0,0.4,11629,0,0.0,0.0,0.0,nan,nan
linear_survival,2400.0,2.0,0.6,11629,0,0.0,0.0,0.0,nan,nan
linear_survival,2400.0,2.0,0.8,11629,0,0.0,0.0,0.0,nan,nan
linear_survival,2400.0,2.0,0.9,11629,0,0.0,0.0,0.0,nan,nan
linear_survival,2400.0,2.0,0.95,11629,0,0.0,0.0,0.0,nan,nan
linear_survival,2400.0,3.0,0.1,11629,0,0.0,0.0,0.0,nan,nan
linear_survival,2400.0,3.0,0.2,11629,0,0.0,0.0,0.0,nan,nan
linear_survival,2400.0,3.0,0.4,11629,0,0.0,0.0,0.0,nan,nan
linear_survival,2400.0,3.0,0.6,11629,0,0.0,0.0,0.0,nan,nan
linear_survival,2400.0,3.0,0.8,11629,0,0.0,0.0,0.0,nan,nan
linear_survival,2400.0,3.0,0.9,11629,0,0.0,0.0,0.0,nan,nan
linear_survival,2400.0,3.0,0.95,11629,0,0.0,0.0,0.0,nan,nan
linear_survival,2400.0,5.0,0.1,11629,0,0.0,0.0,0.0,nan,nan
linear_survival,2400.0,5.0,0.2,11629,0,0.0,0.0,0.0,nan,nan
linear_survival,2400.0,5.0,0.4,11629,0,0.0,0.0,0.0,nan,nan
linear_survival,2400.0,5.0,0.6,11629,0,0.0,0.0,0.0,nan,nan
linear_survival,2400.0,5.0,0.8,11629,0,0.0,0.0,0.0,nan,nan
linear_survival,2400.0,5.0,0.9,11629,0,0.0,0.0,0.0,nan,nan
linear_survival,2400.0,5.0,0.95,11629,0,0.0,0.0,0.0,nan,nan
linear_survival,2400.0,10.0,0.1,11629,0,0.0,0.0,0.0,nan,nan
linear_survival,2400.0,10.0,0.2,11629,0,0.0,0.0,0.0,nan,nan
linear_survival,2400.0,10.0,0.4,11629,0,0.0,0.0,0.0,nan,nan
linear_survival,2400.0,10.0,0.6,11629,0,0.0,0.0,0.0,nan,nan
linear_survival,2400.0,10.0,0.8,11629,0,0.0,0.0,0.0,nan,nan
linear_survival,2400.0,10.0,0.9,11629,0,0.0,0.0,0.0,nan,nan
linear_survival,2400.0,10.0,0.95,11629,0,0.0,0.0,0.0,nan,nan
linear_survival,2400.0,20.0,0.1,11629,0,0.0,0.0,0.0,nan,nan
linear_survival,2400.0,20.0,0.2,11629,0,0.0,0.0,0.0,nan,nan
linear_survival,2400.0,20.0,0.4,11629,0,0.0,0.0,0.0,nan,nan
linear_survival,2400.0,20.0,0.6,11629,0,0.0,0.0,0.0,nan,nan
linear_survival,2400.0,20.0,0.8,11629,0,0.0,0.0,0.0,nan,nan
linear_survival,2400.0,20.0,0.9,11629,0,0.0,0.0,0.0,nan,nan
linear_survival,2400.0,20.0,0.95,11629,0,0.0,0.0,0.0,nan,nan
linear_survival,2400.0,30.0,0.1,11629,0,0.0,0.0,0.0,nan,nan
linear_survival,2400.0,30.0,0.2,11629,0,0.0,0.0,0.0,nan,nan
linear_survival,2400.0,30.0,0.4,11629,0,0.0,0.0,0.0,nan,nan
linear_survival,2400.0,30.0,0.6,11629,0,0.0,0.0,0.0,nan,nan
linear_survival,2400.0,30.0,0.8,11629,0,0.0,0.0,0.0,nan,nan
linear_survival,2400.0,30.0,0.9,11629,0,0.0,0.0,0.0,nan,nan
linear_survival,2400.0,30.0,0.95,11629,0,0.0,0.0,0.0,nan,nan
linear_survival,2400.0,60.0,0.1,11629,0,0.0,0.0,0.0,nan,nan
linear_survival,2400.0,60.0,0.2,11629,0,0.0,0.0,0.0,nan,nan
linear_survival,2400.0,60.0,0.4,11629,0,0.0,0.0,0.0,nan,nan
linear_survival,2400.0,60.0,0.6,11629,0,0.0,0.0,0.0,nan,nan
linear_survival,2400.0,60.0,0.8,11629,0,0.0,0.0,0.0,nan,nan
linear_survival,2400.0,60.0,0.9,11629,0,0.0,0.0,0.0,nan,nan
linear_survival,2400.0,60.0,0.95,11629,0,0.0,0.0,0.0,nan,nan
linear_survival,2400.0,120.0,0.1,11629,0,0.0,0.0,0.0,nan,nan
linear_survival,2400.0,120.0,0.2,11629,0,0.0,0.0,0.0,nan,nan
linear_survival,2400.0,120.0,0.4,11629,0,0.0,0.0,0.0,nan,nan
linear_survival,2400.0,120.0,0.6,11629,0,0.0,0.0,0.0,nan,nan
linear_survival,2400.0,120.0,0.8,11629,0,0.0,0.0,0.0,nan,nan
linear_survival,2400.0,120.0,0.9,11629,0,0.0,0.0,0.0,nan,nan
linear_survival,2400.0,120.0,0.95,11629,0,0.0,0.0,0.0,nan,nan
linear_survival,2400.0,180.0,0.1,11629,0,0.0,0.0,0.0,nan,nan
linear_survival,2400.0,180.0,0.2,11629,0,0.0,0.0,0.0,nan,nan
linear_survival,2400.0,180.0,0.4,11629,0,0.0,0.0,0.0,nan,nan
linear_survival,2400.0,180.0,0.6,11629,0,0.0,0.0,0.0,nan,nan
linear_survival,2400.0,180.0,0.8,11629,0,0.0,0.0,0.0,nan,nan
linear_survival,2400.0,180.0,0.9,11629,0,0.0,0.0,0.0,nan,nan
linear_survival,2400.0,180.0,0.95,11629,0,0.0,0.0,0.0,nan,nan
linear_survival,2400.0,300.0,0.1,11629,0,0.0,0.0,0.0,nan,nan
linear_survival,2400.0,300.0,0.2,11629,0,0.0,0.0,0.0,nan,nan
linear_survival,2400.0,300.0,0.4,11629,0,0.0,0.0,0.0,nan,nan
linear_survival,2400.0,300.0,0.6,11629,0,0.0,0.0,0.0,nan,nan
linear_survival,2400.0,300.0,0.8,11629,0,0.0,0.0,0.0,nan,nan
linear_survival,2400.0,300.0,0.9,11629,0,0.0,0.0,0.0,nan,nan
linear_survival,2400.0,300.0,0.95,11629,0,0.0,0.0,0.0,nan,nan
linear_survival,2400.0,600.0,0.1,11629,0,0.0,0.0,0.0,nan,nan
linear_survival,2400.0,600.0,0.2,11629,0,0.0,0.0,0.0,nan,nan
linear_survival,2400.0,600.0,0.4,11629,0,0.0,0.0,0.0,nan,nan
linear_survival,2400.0,600.0,0.6,11629,0,0.0,0.0,0.0,nan,nan
linear_survival,2400.0,600.0,0.8,11629,0,0.0,0.0,0.0,nan,nan
linear_survival,2400.0,600.0,0.9,11629,0,0.0,0.0,0.0,nan,nan
linear_survival,2400.0,600.0,0.95,11629,0,0.0,0.0,0.0,nan,nan
linear_survival,2400.0,900.0,0.1,11629,0,0.0,0.0,0.0,nan,nan
linear_survival,2400.0,900.0,0.2,11629,0,0.0,0.0,0.0,nan,nan
linear_survival,2400.0,900.0,0.4,11629,0,0.0,0.0,0.0,nan,nan
linear_survival,2400.0,900.0,0.6,11629,0,0.0,0.0,0.0,nan,nan
linear_survival,2400.0,900.0,0.8,11629,0,0.0,0.0,0.0,nan,nan
linear_survival,2400.0,900.0,0.9,11629,0,0.0,0.0,0.0,nan,nan
linear_survival,2400.0,900.0,0.95,11629,0,0.0,0.0,0.0,nan,nan
linear_survival,2400.0,1200.0,0.1,11453,142,0.004759528508972346,0.00016484092850399364,0.0,0.03463387774508473,0.9653661222549152
linear_survival,2400.0,1200.0,0.2,11453,142,0.004759528508972346,0.002495781953268548,0.0,0.5243758806284418,0.47562411937155824
linear_survival,2400.0,1200.0,0.4,11453,142,0.004759528508972346,0.0012473109939141983,0.0,0.2620660831346741,0.7379339168653258
linear_survival,2400.0,1200.0,0.6,11453,142,0.004759528508972346,0.0008319769549893791,0.0,0.1748023892326712,0.8251976107673288
linear_survival,2400.0,1200.0,0.8,11453,142,0.004759528508972346,0.0029138380710842563,0.0,0.6122114964940925,0.38778850350590754
linear_survival,2400.0,1200.0,0.9,11453,142,0.004759528508972346,0.0027521144327734715,0.0,0.5782325765221006,0.4217674234778994
linear_survival,2400.0,1200.0,0.95,11453,142,0.004759528508972346,0.0027598377198553878,0.0,0.5798552765579039,0.4201447234420961
linear_survival,2400.0,1800.0,0.1,11274,142,0.004852667460936014,0.00016627575069722445,0.0,0.03426481456554456,0.9657351854344555
linear_survival,2400.0,1800.0,0.2,11274,142,0.004852667460936014,0.002540321553239738,0.0,0.5234897247110654,0.47651027528893464
linear_survival,2400.0,1800.0,0.4,11274,142,0.004852667460936014,0.0012697054270673943,0.0,0.26165102745830543,0.7383489725416945
linear_survival,2400.0,1800.0,0.6,11274,142,0.004852667460936014,0.0008483828393510084,0.0,0.17482814270305816,0.8251718572969419
linear_survival,2400.0,1800.0,0.8,11274,142,0.004852667460936014,0.002971365191056676,0.0,0.6123158479282114,0.38768415207178863
linear_survival,2400.0,1800.0,0.9,11274,142,0.004852667460936014,0.0028063977017832283,0.0,0.5783206297103062,0.4216793702896938
linear_survival,2400.0,1800.0,0.95,11274,142,0.004852667460936014,0.002833314120325025,0.0,0.5838673560744089,0.41613264392559113
linear_survival,2400.0,2400.0,0.1,11274,142,0.004852667460936014,0.00016627575069722445,0.0,0.03426481456554456,0.9657351854344555
linear_survival,2400.0,2400.0,0.2,11274,142,0.004852667460936014,0.002540321553239738,0.0,0.5234897247110654,0.47651027528893464
linear_survival,2400.0,2400.0,0.4,11274,142,0.004852667460936014,0.0012697054270673943,0.0,0.26165102745830543,0.7383489725416945
linear_survival,2400.0,2400.0,0.6,11274,142,0.004852667460936014,0.0008483828393510084,0.0,0.17482814270305816,0.8251718572969419
linear_survival,2400.0,2400.0,0.8,11274,142,0.004852667460936014,0.002971365191056676,0.0,0.6123158479282114,0.38768415207178863
linear_survival,2400.0,2400.0,0.9,11274,142,0.004852667460936014,0.0028063977017832283,0.0,0.5783206297103062,0.4216793702896938
linear_survival,2400.0,2400.0,0.95,11274,142,0.004852667460936014,0.002833314120325025,0.0,0.5838673560744089,0.41613264392559113
linear_survival,2400.0,3600.0,0.1,11274,142,0.004852667460936014,0.00016627575069722445,0.0,0.03426481456554456,0.9657351854344555
linear_survival,2400.0,3600.0,0.2,11274,142,0.004852667460936014,0.002540321553239738,0.0,0.5234897247110654,0.47651027528893464
linear_survival,2400.0,3600.0,0.4,11274,142,0.004852667460936014,0.0012697054270673943,0.0,0.26165102745830543,0.7383489725416945
linear_survival,2400.0,3600.0,0.6,11274,142,0.004852667460936014,0.0008483828393510084,0.0,0.17482814270305816,0.8251718572969419
linear_survival,2400.0,3600.0,0.8,11274,142,0.004852667460936014,0.002971365191056676,0.0,0.6123158479282114,0.38768415207178863
linear_survival,2400.0,3600.0,0.9,11274,142,0.004852667460936014,0.0028063977017832283,0.0,0.5783206297103062,0.4216793702896938
linear_survival,2400.0,3600.0,0.95,11274,142,0.004852667460936014,0.002833314120325025,0.0,0.5838673560744089,0.41613264392559113
linear_survival,3600.0,1.0,0.1,11311,0,0.0,0.0,0.0,nan,nan
linear_survival,3600.0,1.0,0.2,11311,0,0.0,0.0,0.0,nan,nan
linear_survival,3600.0,1.0,0.4,11311,0,0.0,0.0,0.0,nan,nan
linear_survival,3600.0,1.0,0.6,11311,0,0.0,0.0,0.0,nan,nan
linear_survival,3600.0,1.0,0.8,11311,0,0.0,0.0,0.0,nan,nan
linear_survival,3600.0,1.0,0.9,11311,0,0.0,0.0,0.0,nan,nan
linear_survival,3600.0,1.0,0.95,11311,0,0.0,0.0,0.0,nan,nan
linear_survival,3600.0,2.0,0.1,11311,0,0.0,0.0,0.0,nan,nan
linear_survival,3600.0,2.0,0.2,11311,0,0.0,0.0,0.0,nan,nan
linear_survival,3600.0,2.0,0.4,11311,0,0.0,0.0,0.0,nan,nan
linear_survival,3600.0,2.0,0.6,11311,0,0.0,0.0,0.0,nan,nan
linear_survival,3600.0,2.0,0.8,11311,0,0.0,0.0,0.0,nan,nan
linear_survival,3600.0,2.0,0.9,11311,0,0.0,0.0,0.0,nan,nan
linear_survival,3600.0,2.0,0.95,11311,0,0.0,0.0,0.0,nan,nan
linear_survival,3600.0,3.0,0.1,11311,0,0.0,0.0,0.0,nan,nan
linear_survival,3600.0,3.0,0.2,11311,0,0.0,0.0,0.0,nan,nan
linear_survival,3600.0,3.0,0.4,11311,0,0.0,0.0,0.0,nan,nan
linear_survival,3600.0,3.0,0.6,11311,0,0.0,0.0,0.0,nan,nan
linear_survival,3600.0,3.0,0.8,11311,0,0.0,0.0,0.0,nan,nan
linear_survival,3600.0,3.0,0.9,11311,0,0.0,0.0,0.0,nan,nan
linear_survival,3600.0,3.0,0.95,11311,0,0.0,0.0,0.0,nan,nan
linear_survival,3600.0,5.0,0.1,11302,0,0.0,0.0,0.0,nan,nan
linear_survival,3600.0,5.0,0.2,11302,0,0.0,0.0,0.0,nan,nan
linear_survival,3600.0,5.0,0.4,11302,0,0.0,0.0,0.0,nan,nan
linear_survival,3600.0,5.0,0.6,11302,0,0.0,0.0,0.0,nan,nan
linear_survival,3600.0,5.0,0.8,11302,0,0.0,0.0,0.0,nan,nan
linear_survival,3600.0,5.0,0.9,11302,0,0.0,0.0,0.0,nan,nan
linear_survival,3600.0,5.0,0.95,11302,0,0.0,0.0,0.0,nan,nan
linear_survival,3600.0,10.0,0.1,11269,0,0.0,0.0,0.0,nan,nan
linear_survival,3600.0,10.0,0.2,11269,0,0.0,0.0,0.0,nan,nan
linear_survival,3600.0,10.0,0.4,11269,0,0.0,0.0,0.0,nan,nan
linear_survival,3600.0,10.0,0.6,11269,0,0.0,0.0,0.0,nan,nan
linear_survival,3600.0,10.0,0.8,11269,0,0.0,0.0,0.0,nan,nan
linear_survival,3600.0,10.0,0.9,11269,0,0.0,0.0,0.0,nan,nan
linear_survival,3600.0,10.0,0.95,11269,0,0.0,0.0,0.0,nan,nan
linear_survival,3600.0,20.0,0.1,11180,0,0.0,0.0,0.0,nan,nan
linear_survival,3600.0,20.0,0.2,11180,0,0.0,0.0,0.0,nan,nan
linear_survival,3600.0,20.0,0.4,11180,0,0.0,0.0,0.0,nan,nan
linear_survival,3600.0,20.0,0.6,11180,0,0.0,0.0,0.0,nan,nan
linear_survival,3600.0,20.0,0.8,11180,0,0.0,0.0,0.0,nan,nan
linear_survival,3600.0,20.0,0.9,11180,0,0.0,0.0,0.0,nan,nan
linear_survival,3600.0,20.0,0.95,11180,0,0.0,0.0,0.0,nan,nan
linear_survival,3600.0,30.0,0.1,11152,0,0.0,0.0,0.0,nan,nan
linear_survival,3600.0,30.0,0.2,11152,0,0.0,0.0,0.0,nan,nan
linear_survival,3600.0,30.0,0.4,11152,0,0.0,0.0,0.0,nan,nan
linear_survival,3600.0,30.0,0.6,11152,0,0.0,0.0,0.0,nan,nan
linear_survival,3600.0,30.0,0.8,11152,0,0.0,0.0,0.0,nan,nan
linear_survival,3600.0,30.0,0.9,11152,0,0.0,0.0,0.0,nan,nan
linear_survival,3600.0,30.0,0.95,11152,0,0.0,0.0,0.0,nan,nan
linear_survival,3600.0,60.0,0.1,11132,0,0.0,0.0,0.0,nan,nan
linear_survival,3600.0,60.0,0.2,11132,0,0.0,0.0,0.0,nan,nan
linear_survival,3600.0,60.0,0.4,11132,0,0.0,0.0,0.0,nan,nan
linear_survival,3600.0,60.0,0.6,11132,0,0.0,0.0,0.0,nan,nan
linear_survival,3600.0,60.0,0.8,11132,0,0.0,0.0,0.0,nan,nan
linear_survival,3600.0,60.0,0.9,11132,0,0.0,0.0,0.0,nan,nan
linear_survival,3600.0,60.0,0.95,11132,0,0.0,0.0,0.0,nan,nan
linear_survival,3600.0,120.0,0.1,11132,0,0.0,0.0,0.0,nan,nan
linear_survival,3600.0,120.0,0.2,11132,0,0.0,0.0,0.0,nan,nan
linear_survival,3600.0,120.0,0.4,11132,0,0.0,0.0,0.0,nan,nan
linear_survival,3600.0,120.0,0.6,11132,0,0.0,0.0,0.0,nan,nan
linear_survival,3600.0,120.0,0.8,11132,0,0.0,0.0,0.0,nan,nan
linear_survival,3600.0,120.0,0.9,11132,0,0.0,0.0,0.0,nan,nan
linear_survival,3600.0,120.0,0.95,11132,0,0.0,0.0,0.0,nan,nan
linear_survival,3600.0,180.0,0.1,11132,0,0.0,0.0,0.0,nan,nan
linear_survival,3600.0,180.0,0.2,11132,0,0.0,0.0,0.0,nan,nan
linear_survival,3600.0,180.0,0.4,11132,0,0.0,0.0,0.0,nan,nan
linear_survival,3600.0,180.0,0.6,11132,0,0.0,0.0,0.0,nan,nan
linear_survival,3600.0,180.0,0.8,11132,0,0.0,0.0,0.0,nan,nan
linear_survival,3600.0,180.0,0.9,11132,0,0.0,0.0,0.0,nan,nan
linear_survival,3600.0,180.0,0.95,11132,0,0.0,0.0,0.0,nan,nan
linear_survival,3600.0,300.0,0.1,11132,0,0.0,0.0,0.0,nan,nan
linear_survival,3600.0,300.0,0.2,11132,0,0.0,0.0,0.0,nan,nan
linear_survival,3600.0,300.0,0.4,11132,0,0.0,0.0,0.0,nan,nan
linear_survival,3600.0,300.0,0.6,11132,0,0.0,0.0,0.0,nan,nan
linear_survival,3600.0,300.0,0.8,11132,0,0.0,0.0,0.0,nan,nan
linear_survival,3600.0,300.0,0.9,11132,0,0.0,0.0,0.0,nan,nan
linear_survival,3600.0,300.0,0.95,11132,0,0.0,0.0,0.0,nan,nan
linear_survival,3600.0,600.0,0.1,11132,0,0.0,0.0,0.0,nan,nan
linear_survival,3600.0,600.0,0.2,11132,0,0.0,0.0,0.0,nan,nan
linear_survival,3600.0,600.0,0.4,11132,0,0.0,0.0,0.0,nan,nan
linear_survival,3600.0,600.0,0.6,11132,0,0.0,0.0,0.0,nan,nan
linear_survival,3600.0,600.0,0.8,11132,0,0.0,0.0,0.0,nan,nan
linear_survival,3600.0,600.0,0.9,11132,0,0.0,0.0,0.0,nan,nan
linear_survival,3600.0,600.0,0.95,11132,0,0.0,0.0,0.0,nan,nan
linear_survival,3600.0,900.0,0.1,11132,0,0.0,0.0,0.0,nan,nan
linear_survival,3600.0,900.0,0.2,11132,0,0.0,0.0,0.0,nan,nan
linear_survival,3600.0,900.0,0.4,11132,0,0.0,0.0,0.0,nan,nan
linear_survival,3600.0,900.0,0.6,11132,0,0.0,0.0,0.0,nan,nan
linear_survival,3600.0,900.0,0.8,11132,0,0.0,0.0,0.0,nan,nan
linear_survival,3600.0,900.0,0.9,11132,0,0.0,0.0,0.0,nan,nan
linear_survival,3600.0,900.0,0.95,11132,0,0.0,0.0,0.0,nan,nan
linear_survival,3600.0,1200.0,0.1,11132,0,0.0,0.0,0.0,nan,nan
linear_survival,3600.0,1200.0,0.2,11132,0,0.0,0.0,0.0,nan,nan
linear_survival,3600.0,1200.0,0.4,11132,0,0.0,0.0,0.0,nan,nan
linear_survival,3600.0,1200.0,0.6,11132,0,0.0,0.0,0.0,nan,nan
linear_survival,3600.0,1200.0,0.8,11132,0,0.0,0.0,0.0,nan,nan
linear_survival,3600.0,1200.0,0.9,11132,0,0.0,0.0,0.0,nan,nan
linear_survival,3600.0,1200.0,0.95,11132,0,0.0,0.0,0.0,nan,nan
linear_survival,3600.0,1800.0,0.1,11132,0,0.0,0.0,0.0,nan,nan
linear_survival,3600.0,1800.0,0.2,11132,0,0.0,0.0,0.0,nan,nan
linear_survival,3600.0,1800.0,0.4,11132,0,0.0,0.0,0.0,nan,nan
linear_survival,3600.0,1800.0,0.6,11132,0,0.0,0.0,0.0,nan,nan
linear_survival,3600.0,1800.0,0.8,11132,0,0.0,0.0,0.0,nan,nan
linear_survival,3600.0,1800.0,0.9,11132,0,0.0,0.0,0.0,nan,nan
linear_survival,3600.0,1800.0,0.95,11132,0,0.0,0.0,0.0,nan,nan
linear_survival,3600.0,2400.0,0.1,11132,0,0.0,0.0,0.0,nan,nan
linear_survival,3600.0,2400.0,0.2,11132,0,0.0,0.0,0.0,nan,nan
linear_survival,3600.0,2400.0,0.4,11132,0,0.0,0.0,0.0,nan,nan
linear_survival,3600.0,2400.0,0.6,11132,0,0.0,0.0,0.0,nan,nan
linear_survival,3600.0,2400.0,0.8,11132,0,0.0,0.0,0.0,nan,nan
linear_survival,3600.0,2400.0,0.9,11132,0,0.0,0.0,0.0,nan,nan
linear_survival,3600.0,2400.0,0.95,11132,0,0.0,0.0,0.0,nan,nan
linear_survival,3600.0,3600.0,0.1,11027,0,0.0,0.0,0.0,nan,nan
linear_survival,3600.0,3600.0,0.2,11027,0,0.0,0.0,0.0,nan,nan
linear_survival,3600.0,3600.0,0.4,11027,0,0.0,0.0,0.0,nan,nan
linear_survival,3600.0,3600.0,0.6,11027,0,0.0,0.0,0.0,nan,nan
linear_survival,3600.0,3600.0,0.8,11027,0,0.0,0.0,0.0,nan,nan
linear_survival,3600.0,3600.0,0.9,11027,0,0.0,0.0,0.0,nan,nan
linear_survival,3600.0,3600.0,0.95,11027,0,0.0,0.0,0.0,nan,nan
right_step,0.0,1.0,0.1,23786,1,7.938932766862414e-06,0.0,0.0,0.0,1.0
right_step,0.0,1.0,0.2,23786,1,7.938932766862414e-06,0.0,0.0,0.0,1.0
right_step,0.0,1.0,0.4,23786,1,7.938932766862414e-06,0.0,0.0,0.0,1.0
right_step,0.0,1.0,0.6,23786,1,7.938932766862414e-06,0.0,0.0,0.0,1.0
right_step,0.0,1.0,0.8,23786,1,7.938932766862414e-06,0.0,0.0,0.0,1.0
right_step,0.0,1.0,0.9,23786,1,7.938932766862414e-06,0.0,0.0,0.0,1.0
right_step,0.0,1.0,0.95,23786,1,7.938932766862414e-06,0.0,0.0,0.0,1.0
right_step,0.0,2.0,0.1,23725,231,0.008135433182445539,0.0,0.0,0.0,1.0
right_step,0.0,2.0,0.2,23725,231,0.008135433182445539,1.7433594536672166e-05,0.0,0.0021429214825696066,0.9978570785174304
right_step,0.0,2.0,0.4,23725,231,0.008135433182445539,0.0015483615984634468,0.0,0.1903231903870181,0.8096768096129819
right_step,0.0,2.0,0.6,23725,231,0.008135433182445539,0.004757859475352155,0.0,0.5848317315934154,0.4151682684065846
right_step,0.0,2.0,0.8,23725,231,0.008135433182445539,0.008462713867415376,0.0,1.0402290422194158,-0.04022904221941581
right_step,0.0,2.0,0.9,23725,231,0.008135433182445539,0.008060644549090673,0.0,0.9908070496459558,0.009192950354044216
right_step,0.0,2.0,0.95,23725,231,0.008135433182445539,0.00803129871398257,0.0,0.9871998864562409,0.012800113543759095
right_step,0.0,3.0,0.1,23666,2205,0.08308947395816162,0.02403756909806682,0.0,0.2892974037863154,0.7107025962136846
right_step,0.0,3.0,0.2,23666,2205,0.08308947395816162,0.038462165260014815,0.0,0.46290057485960046,0.5370994251403995
right_step,0.0,3.0,0.4,23666,2205,0.08308947395816162,0.07702048520563237,0.0,0.9269583924001591,0.07304160759984091
right_step,0.0,3.0,0.6,23666,2205,0.08308947395816162,0.08148672221817771,0.0,0.980710532109146,0.01928946789085395
right_step,0.0,3.0,0.8,23666,2205,0.08308947395816162,0.08506156803093087,0.0,1.0237345836821914,-0.02373458368219139
right_step,0.0,3.0,0.9,23666,2205,0.08308947395816162,0.0851035254466514,0.0,1.0242395503611434,-0.024239550361143447
right_step,0.0,3.0,0.95,23666,2205,0.08308947395816162,0.08334089708944123,0.035041567934455196,1.0052327593871742,-0.005232759387174157
right_step,0.0,5.0,0.1,23666,5341,0.2069568729094425,0.009719685290328968,0.0,0.04696478620732727,0.9530352137926728
right_step,0.0,5.0,0.2,23666,5341,0.2069568729094425,0.01562990566630118,0.0,0.07552252528061879,0.9244774747193812
right_step,0.0,5.0,0.4,23666,5341,0.2069568729094425,0.06545415752935266,0.0,0.3162695522462462,0.6837304477537538
right_step,0.0,5.0,0.6,23666,5341,0.2069568729094425,0.10711303822288319,0.0,0.5175621216008242,0.48243787839917585
right_step,0.0,5.0,0.8,23666,5341,0.2069568729094425,0.16618247311423784,0.008712611821110376,0.7943224203749498,0.20567757962505018
right_step,0.0,5.0,0.9,23666,5341,0.2069568729094425,0.17853963615830792,0.11884258977220913,0.6774956824323677,0.3225043175676323
right_step,0.0,5.0,0.95,23666,5341,0.2069568729094425,0.18974247760589166,0.16545819769988032,0.5851820517975408,0.4148179482024592
right_step,0.0,10.0,0.1,23583,8969,0.3636552192451886,0.05567856791202669,0.0,0.15310812265418447,0.8468918773458155
right_step,0.0,10.0,0.2,23583,8969,0.3636552192451886,0.0929236565577199,0.0,0.255526805721624,0.744473194278376
right_step,0.0,10.0,0.4,23583,8969,0.3636552192451886,0.17284512518623496,0.0,0.4752994485958331,0.5247005514041669
right_step,0.0,10.0,0.6,23583,8969,0.3636552192451886,0.2530623667603425,0.0,0.695885424896705,0.304114575103295
right_step,0.0,10.0,0.8,23583,8969,0.3636552192451886,0.3162881489443085,0.20464032984225647,0.7021217919986386,0.29787820800136144
right_step,0.0,10.0,0.9,23583,8969,0.3636552192451886,0.33667879772735104,0.29297608351084775,0.6183255321735557,0.3816744678264443
right_step,0.0,10.0,0.95,23583,8969,0.3636552192451886,0.3458008557975733,0.3306035188646242,0.4598049951428727,0.5401950048571273
right_step,0.0,20.0,0.1,23555,10939,0.4555103794421132,0.11539907294933856,0.0,0.25334016118507263,0.7466598388149274
right_step,0.0,20.0,0.2,23555,10939,0.4555103794421132,0.18513911401703487,0.0,0.40644323899662654,0.5935567610033734
right_step,0.0,20.0,0.4,23555,10939,0.4555103794421132,0.2585888919618226,0.0,0.5676904492901559,0.4323095507098441
right_step,0.0,20.0,0.6,23555,10939,0.4555103794421132,0.34862450797301564,0.09260247503603719,0.7054738401357674,0.2945261598642326
right_step,0.0,20.0,0.8,23555,10939,0.4555103794421132,0.40789058853441307,0.31949523629136145,0.6498934618263721,0.3501065381736279
right_step,0.0,20.0,0.9,23555,10939,0.4555103794421132,0.4344652927583856,0.3950125285858329,0.6521349703194799,0.34786502968052013
right_step,0.0,20.0,0.95,23555,10939,0.4555103794421132,0.43974486222025877,0.4268604743760519,0.44971834337663213,0.5502816566233679
right_step,0.0,30.0,0.1,23472,11530,0.49259835179263883,0.11836631683670483,0.0,0.24028971352817596,0.759710286471824
right_step,0.0,30.0,0.2,23472,11530,0.49259835179263883,0.2013193523734181,0.0,0.4086886438835757,0.5913113561164243
right_step,0.0,30.0,0.4,23472,11530,0.49259835179263883,0.29605287654793494,0.0,0.6010025723199325,0.3989974276800675
right_step,0.0,30.0,0.6,23472,11530,0.49259835179263883,0.3877296109840934,0.15555574518888393,0.6888561304896546,0.31114386951034545
right_step,0.0,30.0,0.8,23472,11530,0.49259835179263883,0.4481006444574342,0.36581696288653315,0.6490201935856718,0.35097980641432824
right_step,0.0,30.0,0.9,23472,11530,0.49259835179263883,0.4728134186718061,0.43655554678880826,0.6469674721049309,0.3530325278950691
right_step,0.0,30.0,0.95,23472,11530,0.49259835179263883,0.4783830270956675,0.4659100269540047,0.46735792587501895,0.5326420741249811
right_step,0.0,60.0,0.1,23353,11724,0.5042510740797715,0.14107812929009428,0.0,0.279777548411877,0.720222451588123
right_step,0.0,60.0,0.2,23353,11724,0.5042510740797715,0.22170387478801826,0.0,0.4396696133818153,0.5603303866181847
right_step,0.0,60.0,0.4,23353,11724,0.5042510740797715,0.31129555320451663,0.0,0.6173423701131676,0.3826576298868324
right_step,0.0,60.0,0.6,23353,11724,0.5042510740797715,0.39848568734703077,0.17377438807292725,0.679961125213685,0.320038874786315
right_step,0.0,60.0,0.8,23353,11724,0.5042510740797715,0.46069344381532107,0.3803197721385444,0.6485340702294313,0.3514659297705687
right_step,0.0,60.0,0.9,23353,11724,0.5042510740797715,0.48147101442875667,0.4493510723506824,0.5850626788059882,0.41493732119401183
right_step,0.0,60.0,0.95,23353,11724,0.5042510740797715,0.48913987557138316,0.47817272120784393,0.4205462828653174,0.5794537171346825
right_step,0.0,120.0,0.1,23353,11724,0.5042510740797715,0.14107812929009428,0.0,0.279777548411877,0.720222451588123
right_step,0.0,120.0,0.2,23353,11724,0.5042510740797715,0.22170387478801826,0.0,0.4396696133818153,0.5603303866181847
right_step,0.0,120.0,0.4,23353,11724,0.5042510740797715,0.31129555320451663,0.0,0.6173423701131676,0.3826576298868324
right_step,0.0,120.0,0.6,23353,11724,0.5042510740797715,0.39848568734703077,0.17377438807292725,0.679961125213685,0.320038874786315
right_step,0.0,120.0,0.8,23353,11724,0.5042510740797715,0.46069344381532107,0.3803197721385444,0.6485340702294313,0.3514659297705687
right_step,0.0,120.0,0.9,23353,11724,0.5042510740797715,0.48147101442875667,0.4493510723506824,0.5850626788059882,0.41493732119401183
right_step,0.0,120.0,0.95,23353,11724,0.5042510740797715,0.48913987557138316,0.47817272120784393,0.4205462828653174,0.5794537171346825
right_step,0.0,180.0,0.1,23353,11724,0.5042510740797715,0.14107812929009428,0.0,0.279777548411877,0.720222451588123
right_step,0.0,180.0,0.2,23353,11724,0.5042510740797715,0.22171593816582247,0.0,0.4396935367375091,0.5603064632624909
right_step,0.0,180.0,0.4,23353,11724,0.5042510740797715,0.31149238594816053,0.0,0.6177327168149632,0.3822672831850368
right_step,0.0,180.0,0.6,23353,11724,0.5042510740797715,0.39851410136351734,0.17377438807292725,0.6800471040971877,0.3199528959028123
right_step,0.0,180.0,0.8,23353,11724,0.5042510740797715,0.46073870790086585,0.3803197721385444,0.6488993055237903,0.35110069447620973
right_step,0.0,180.0,0.9,23353,11724,0.5042510740797715,0.48124284772375053,0.4493510723506824,0.5809066369513438,0.4190933630486562
right_step,0.0,180.0,0.95,23353,11724,0.5042510740797715,0.4894374792766286,0.47817272120784393,0.4319581886212907,0.5680418113787093
right_step,0.0,300.0,0.1,23353,11724,0.5042510740797715,0.14107812929009428,0.0,0.279777548411877,0.720222451588123
right_step,0.0,300.0,0.2,23353,11724,0.5042510740797715,0.22171593816582247,0.0,0.4396935367375091,0.5603064632624909
right_step,0.0,300.0,0.4,23353,11724,0.5042510740797715,0.31149238594816053,0.0,0.6177327168149632,0.3822672831850368
right_step,0.0,300.0,0.6,23353,11724,0.5042510740797715,0.39851410136351734,0.17377438807292725,0.6800471040971877,0.3199528959028123
right_step,0.0,300.0,0.8,23353,11724,0.5042510740797715,0.46073870790086585,0.3803197721385444,0.6488993055237903,0.35110069447620973
right_step,0.0,300.0,0.9,23353,11724,0.5042510740797715,0.48124284772375053,0.4493510723506824,0.5809066369513438,0.4190933630486562
right_step,0.0,300.0,0.95,23353,11724,0.5042510740797715,0.4894374792766286,0.47817272120784393,0.4319581886212907,0.5680418113787093
right_step,0.0,600.0,0.1,23353,11724,0.5042510740797715,0.13668222870572583,0.0,0.27105986626833234,0.7289401337316677
right_step,0.0,600.0,0.2,23353,11724,0.5042510740797715,0.22154137910164168,0.0,0.4393473618394202,0.5606526381605799
right_step,0.0,600.0,0.4,23353,11724,0.5042510740797715,0.3114162549720435,0.0,0.6175817385027088,0.3824182614972912
right_step,0.0,600.0,0.6,23353,11724,0.5042510740797715,0.398793922330473,0.17377438807292725,0.6808938233327766,0.3191061766672234
right_step,0.0,600.0,0.8,23353,11724,0.5042510740797715,0.4607223090559323,0.3803197721385444,0.648766983465709,0.35123301653429095
right_step,0.0,600.0,0.9,23353,11724,0.5042510740797715,0.4812720732838117,0.4493510723506824,0.5814389786478962,0.4185610213521038
right_step,0.0,600.0,0.95,23353,11724,0.5042510740797715,0.48938606644491434,0.47817272120784393,0.429986713200018,0.570013286799982
right_step,0.0,900.0,0.1,23353,11724,0.5042510740797715,0.13668222870572583,0.0,0.27105986626833234,0.7289401337316677
right_step,0.0,900.0,0.2,23353,11724,0.5042510740797715,0.22154137910164168,0.0,0.4393473618394202,0.5606526381605799
right_step,0.0,900.0,0.4,23353,11724,0.5042510740797715,0.3114162549720435,0.0,0.6175817385027088,0.3824182614972912
right_step,0.0,900.0,0.6,23353,11724,0.5042510740797715,0.398793922330473,0.17377438807292725,0.6808938233327766,0.3191061766672234
right_step,0.0,900.0,0.8,23353,11724,0.5042510740797715,0.4607223090559323,0.3803197721385444,0.648766983465709,0.35123301653429095
right_step,0.0,900.0,0.9,23353,11724,0.5042510740797715,0.4812720732838117,0.4493510723506824,0.5814389786478962,0.4185610213521038
right_step,0.0,900.0,0.95,23353,11724,0.5042510740797715,0.48938606644491434,0.47817272120784393,0.429986713200018,0.570013286799982
right_step,0.0,1200.0,0.1,23353,11724,0.5042510740797715,0.13668222870572583,0.0,0.27105986626833234,0.7289401337316677
right_step,0.0,1200.0,0.2,23353,11724,0.5042510740797715,0.22154137910164168,0.0,0.4393473618394202,0.5606526381605799
right_step,0.0,1200.0,0.4,23353,11724,0.5042510740797715,0.3114162549720435,0.0,0.6175817385027088,0.3824182614972912
right_step,0.0,1200.0,0.6,23353,11724,0.5042510740797715,0.398793922330473,0.17377438807292725,0.6808938233327766,0.3191061766672234
right_step,0.0,1200.0,0.8,23353,11724,0.5042510740797715,0.4607223090559323,0.3803197721385444,0.648766983465709,0.35123301653429095
right_step,0.0,1200.0,0.9,23353,11724,0.5042510740797715,0.4812720732838117,0.4493510723506824,0.5814389786478962,0.4185610213521038
right_step,0.0,1200.0,0.95,23353,11724,0.5042510740797715,0.48938606644491434,0.47817272120784393,0.429986713200018,0.570013286799982
right_step,0.0,1800.0,0.1,23353,11724,0.5042510740797715,0.13711417988654526,0.0,0.27191648552612513,0.7280835144738749
right_step,0.0,1800.0,0.2,23353,11724,0.5042510740797715,0.22153437199668397,0.0,0.4393334657758957,0.5606665342241043
right_step,0.0,1800.0,0.4,23353,11724,0.5042510740797715,0.3114707044808256,0.0,0.6176897194502585,0.3823102805497415
right_step,0.0,1800.0,0.6,23353,11724,0.5042510740797715,0.39869207133193146,0.17377438807292725,0.680585629130722,0.31941437086927804
right_step,0.0,1800.0,0.8,23353,11724,0.5042510740797715,0.46076970861629274,0.3803197721385444,0.649149449877487,0.350850550122513
right_step,0.0,1800.0,0.9,23353,11724,0.5042510740797715,0.4812271831827735,0.4493510723506824,0.5806213083450842,0.4193786916549158
right_step,0.0,1800.0,0.95,23353,11724,0.5042510740797715,0.4893051763494403,0.47817272120784393,0.4268849032095146,0.5731150967904854
right_step,0.0,2400.0,0.1,23353,11724,0.5042510740797715,0.13711417988654526,0.0,0.27191648552612513,0.7280835144738749
right_step,0.0,2400.0,0.2,23353,11724,0.5042510740797715,0.22153437199668397,0.0,0.4393334657758957,0.5606665342241043
right_step,0.0,2400.0,0.4,23353,11724,0.5042510740797715,0.3114707044808256,0.0,0.6176897194502585,0.3823102805497415
right_step,0.0,2400.0,0.6,23353,11724,0.5042510740797715,0.39869207133193146,0.17377438807292725,0.680585629130722,0.31941437086927804
right_step,0.0,2400.0,0.8,23353,11724,0.5042510740797715,0.46076970861629274,0.3803197721385444,0.649149449877487,0.350850550122513
right_step,0.0,2400.0,0.9,23353,11724,0.5042510740797715,0.4812271831827735,0.4493510723506824,0.5806213083450842,0.4193786916549158
right_step,0.0,2400.0,0.95,23353,11724,0.5042510740797715,0.4893051763494403,0.47817272120784393,0.4268849032095146,0.5731150967904854
right_step,0.0,3600.0,0.1,23177,11866,0.5103324966221111,0.1549841176782127,0.0,0.30369243327448675,0.6963075667255132
right_step,0.0,3600.0,0.2,23177,11866,0.5103324966221111,0.23323821484378127,0.0,0.4570318691981877,0.5429681308018123
right_step,0.0,3600.0,0.4,23177,11866,0.5103324966221111,0.32073551259340655,0.0,0.6284834195673482,0.3715165804326518
right_step,0.0,3600.0,0.6,23177,11866,0.5103324966221111,0.4072848341575717,0.1839354814337897,0.6842873627227137,0.31571263727728627
right_step,0.0,3600.0,0.8,23177,11866,0.5103324966221111,0.4682165660994976,0.3882277434815331,0.6550836110849356,0.3449163889150644
right_step,0.0,3600.0,0.9,23177,11866,0.5103324966221111,0.48792202358066444,0.4561987374107727,0.5860166859287178,0.4139833140712822
right_step,0.0,3600.0,0.95,23177,11866,0.5103324966221111,0.49537782811911213,0.48459706790619705,0.41890734877280517,0.5810926512271948
right_step,1.0,1.0,0.1,23724,230,0.00812754494135067,0.0,0.0,0.0,1.0
right_step,1.0,1.0,0.2,23724,230,0.00812754494135067,1.7433594536672166e-05,0.0,0.002145001308817737,0.9978549986911822
right_step,1.0,1.0,0.4,23724,230,0.00812754494135067,0.0015483615984634468,0.0,0.190507909785379,0.809492090214621
right_step,1.0,1.0,0.6,23724,230,0.00812754494135067,0.004757859475352155,0.0,0.5853993437975963,0.4146006562024037
right_step,1.0,1.0,0.8,23724,230,0.00812754494135067,0.008462713867415376,0.0,1.0412386432167802,-0.04123864321678017
right_step,1.0,1.0,0.9,23724,230,0.00812754494135067,0.008060644549090673,0.0,0.9917686838100855,0.008231316189914462
right_step,1.0,1.0,0.95,23724,230,0.00812754494135067,0.008022994524074437,0.0,0.9871362855535489,0.012863714446451069
right_step,1.0,2.0,0.1,23665,2204,0.0830821655344038,0.02403756909806682,0.0,0.28932285218435977,0.7106771478156402
right_step,1.0,2.0,0.2,23665,2204,0.0830821655344038,0.038462165260014815,0.0,0.46294129447177057,0.5370587055282294
right_step,1.0,2.0,0.4,23665,2204,0.0830821655344038,0.07702048520563237,0.0,0.9270399334227594,0.07296006657724063
right_step,1.0,2.0,0.6,23665,2204,0.0830821655344038,0.08148672221817771,0.0,0.9807968015041035,0.019203198495896467
right_step,1.0,2.0,0.8,23665,2204,0.0830821655344038,0.08506156803093087,0.0,1.0238246377401827,-0.02382463774018273
right_step,1.0,2.0,0.9,23665,2204,0.0830821655344038,0.0851035254466514,0.0,1.0243296488391431,-0.024329648839143125
right_step,1.0,2.0,0.95,23665,2204,0.0830821655344038,0.08333320621031537,0.034849594846208344,1.0052047956874297,-0.0052047956874297086
right_step,1.0,3.0,0.1,23665,3803,0.1529834411008945,0.05469505242171698,0.0,0.3575226967580426,0.6424773032419574
right_step,1.0,3.0,0.2,23665,3803,0.1529834411008945,0.07862402226982486,0.0,0.5139381210412918,0.4860618789587082
right_step,1.0,3.0,0.4,23665,3803,0.1529834411008945,0.1244371420869656,0.0,0.8134026871895091,0.18659731281049086
right_step,1.0,3.0,0.6,23665,3803,0.1529834411008945,0.1369116019855033,0.0,0.894943929880675,0.10505607011932505
right_step,1.0,3.0,0.8,23665,3803,0.1529834411008945,0.15138270347516525,0.0,0.9895365301354834,0.010463469864516628
right_step,1.0,3.0,0.9,23665,3803,0.1529834411008945,0.152637242326827,0.05892366669305528,0.9963193748204581,0.00368062517954193
right_step,1.0,3.0,0.95,23665,3803,0.1529834411008945,0.15170594005183569,0.10860556066550865,0.9712131125568544,0.028786887443145615
right_step,1.0,5.0,0.1,23654,6571,0.25461430619768993,0.02724020656905039,0.0,0.10698615869565595,0.893013841304344
right_step,1.0,5.0,0.2,23654,6571,0.25461430619768993,0.030088831276147723,0.0,0.11817415810400646,0.8818258418959936
right_step,1.0,5.0,0.4,23654,6571,0.25461430619768993,0.09142337597682178,0.0,0.3590661394565866,0.6409338605434134
right_step,1.0,5.0,0.6,23654,6571,0.25461430619768993,0.14109077598386505,0.0,0.5541353040638576,0.4458646959361424
right_step,1.0,5.0,0.8,23654,6571,0.25461430619768993,0.20846726135642182,0.06837773584632148,0.7522127649032438,0.24778723509675615
right_step,1.0,5.0,0.9,23654,6571,0.25461430619768993,0.2231261145210855,0.17180138923100982,0.6197671470831808,0.3802328529168192
right_step,1.0,5.0,0.95,23654,6571,0.25461430619768993,0.23560984449863448,0.21538928753468015,0.515501525637841,0.484498474362159
right_step,1.0,10.0,0.1,23582,9167,0.37871292016802904,0.062250519975214115,0.0,0.16437390081012954,0.8356260991898705
right_step,1.0,10.0,0.2,23582,9167,0.37871292016802904,0.11284197679887983,0.0,0.297961782631587,0.702038217368413
right_step,1.0,10.0,0.4,23582,9167,0.37871292016802904,0.19127439953921824,0.0,0.5050643623522344,0.4949356376477656
right_step,1.0,10.0,0.6,23582,9167,0.37871292016802904,0.2737061219478903,0.0,0.7227271829713419,0.27727281702865814
right_step,1.0,10.0,0.8,23582,9167,0.37871292016802904,0.3327444346117993,0.22352517927877852,0.7037879068744542,0.29621209312554575
right_step,1.0,10.0,0.9,23582,9167,0.37871292016802904,0.35314595981745633,0.30968937641326233,0.6295907315131575,0.3704092684868425
right_step,1.0,10.0,0.95,23582,9167,0.37871292016802904,0.3616505906772014,0.34613304799229966,0.47629231327867666,0.5237076867213233
right_step,1.0,20.0,0.1,23554,11059,0.4632349816014007,0.11532850068114045,0.0,0.24896328054166048,0.7510367194583395
right_step,1.0,20.0,0.2,23554,11059,0.4632349816014007,0.18510646306576717,0.0,0.39959517397812916,0.6004048260218708
right_step,1.0,20.0,0.4,23554,11059,0.4632349816014007,0.2645428631276012,0.0,0.5710770421807914,0.42892295781920864
right_step,1.0,20.0,0.6,23554,11059,0.4632349816014007,0.3592697614563526,0.10584793062160548,0.7090962868967355,0.29090371310326446
right_step,1.0,20.0,0.8,23554,11059,0.4632349816014007,0.4160585703293716,0.3292410685494059,0.6479212361406087,0.3520787638593913
right_step,1.0,20.0,0.9,23554,11059,0.4632349816014007,0.4419222456637233,0.40404670133655046,0.6399162833873674,0.3600837166126326
right_step,1.0,20.0,0.95,23554,11059,0.4632349816014007,0.44757058897402724,0.43499966830011283,0.4452198047096232,0.5547801952903768
right_step,1.0,30.0,0.1,23471,11529,0.4925942633483152,0.11829536836303957,0.0,0.24014767764234493,0.7598523223576551
right_step,1.0,30.0,0.2,23471,11529,0.4925942633483152,0.2012795563976599,0.0,0.4086112473773053,0.5913887526226946
right_step,1.0,30.0,0.4,23471,11529,0.4925942633483152,0.2960124052129483,0.0,0.6009254009595253,0.3990745990404747
right_step,1.0,30.0,0.6,23471,11529,0.4925942633483152,0.387721388949307,0.15544489449888876,0.6889423973804168,0.31105760261958315
right_step,1.0,30.0,0.8,23471,11529,0.4925942633483152,0.44809508802192227,0.3657544439649305,0.6491703035945661,0.35082969640543393
right_step,1.0,30.0,0.9,23471,11529,0.4925942633483152,0.47280869887235333,0.4365061976389534,0.6472410979817513,0.35275890201824867
right_step,1.0,30.0,0.95,23471,11529,0.4925942633483152,0.4783786040798917,0.46598997294081673,0.4656629043405422,0.5343370956594578
right_step,1.0,60.0,0.1,23352,11723,0.5042470729913011,0.1410089466920671,0.0,0.27964256858363495,0.720357431416365
right_step,1.0,60.0,0.2,23352,11723,0.5042470729913011,0.2216724705445048,0.0,0.43961082258642864,0.5603891774135714
right_step,1.0,60.0,0.4,23352,11723,0.5042470729913011,0.3112816582760192,0.0,0.6173197127936313,0.3826802872063687
right_step,1.0,60.0,0.6,23352,11723,0.5042470729913011,0.39847759749356837,0.17375906471650177,0.6799597176010517,0.32004028239894833
right_step,1.0,60.0,0.8,23352,11723,0.5042470729913011,0.46068800368521545,0.38031115248397696,0.6485355566991453,0.3514644433008547
right_step,1.0,60.0,0.9,23352,11723,0.5042470729913011,0.4814663645063125,0.44934426616950224,0.5850720609070277,0.4149279390929723
right_step,1.0,60.0,0.95,23352,11723,0.5042470729913011,0.4891355364049391,0.4781666088723203,0.42058022750583846,0.5794197724941615
right_step,1.0,120.0,0.1,23352,11723,0.5042470729913011,0.1410089466920671,0.0,0.27964256858363495,0.720357431416365
right_step,1.0,120.0,0.2,23352,11723,0.5042470729913011,0.2216724705445048,0.0,0.43961082258642864,0.5603891774135714
right_step,1.0,120.0,0.4,23352,11723,0.5042470729913011,0.3112816582760192,0.0,0.6173197127936313,0.3826802872063687
right_step,1.0,120.0,0.6,23352,11723,0.5042470729913011,0.39847759749356837,0.17375906471650177,0.6799597176010517,0.32004028239894833
right_step,1.0,120.0,0.8,23352,11723,0.5042470729913011,0.46068800368521545,0.38031115248397696,0.6485355566991453,0.3514644433008547
right_step,1.0,120.0,0.9,23352,11723,0.5042470729913011,0.4814663645063125,0.44934426616950224,0.5850720609070277,0.4149279390929723
right_step,1.0,120.0,0.95,23352,11723,0.5042470729913011,0.4891355364049391,0.4781666088723203,0.42058022750583846,0.5794197724941615
right_step,1.0,180.0,0.1,23352,11723,0.5042470729913011,0.1410089466920671,0.0,0.27964256858363495,0.720357431416365
right_step,1.0,180.0,0.2,23352,11723,0.5042470729913011,0.22168453270025232,0.0,0.43963474370842137,0.5603652562915786
right_step,1.0,180.0,0.4,23352,11723,0.5042470729913011,0.3114784964641673,0.0,0.6177100733900357,0.3822899266099643
right_step,1.0,180.0,0.6,23352,11723,0.5042470729913011,0.39850601082717224,0.17375906471650177,0.6800456914726974,0.31995430852730256
right_step,1.0,180.0,0.8,23352,11723,0.5042470729913011,0.4607332675954248,0.38031115248397696,0.6489007769680075,0.3510992230319925
right_step,1.0,180.0,0.9,23352,11723,0.5042470729913011,0.48123819604847756,0.44934426616950224,0.5809161994667275,0.41908380053327254
right_step,1.0,180.0,0.95,23352,11723,0.5042470729913011,0.48943314522547476,0.4781666088723203,0.43199140558832705,0.568008594411673
right_step,1.0,300.0,0.1,23352,11723,0.5042470729913011,0.1410089466920671,0.0,0.27964256858363495,0.720357431416365
right_step,1.0,300.0,0.2,23352,11723,0.5042470729913011,0.22168453270025232,0.0,0.43963474370842137,0.5603652562915786
right_step,1.0,300.0,0.4,23352,11723,0.5042470729913011,0.3114784964641673,0.0,0.6177100733900357,0.3822899266099643
right_step,1.0,300.0,0.6,23352,11723,0.5042470729913011,0.39850601082717224,0.17375906471650177,0.6800456914726974,0.31995430852730256
right_step,1.0,300.0,0.8,23352,11723,0.5042470729913011,0.4607332675954248,0.38031115248397696,0.6489007769680075,0.3510992230319925
right_step,1.0,300.0,0.9,23352,11723,0.5042470729913011,0.48123819604847756,0.44934426616950224,0.5809161994667275,0.41908380053327254
right_step,1.0,300.0,0.95,23352,11723,0.5042470729913011,0.48943314522547476,0.4781666088723203,0.43199140558832705,0.568008594411673
right_step,1.0,600.0,0.1,23352,11723,0.5042470729913011,0.14063856021480903,0.0,0.27890803486574767,0.7210919651342523
right_step,1.0,600.0,0.2,23352,11723,0.5042470729913011,0.22150996759088584,0.0,0.43928855407497264,0.5607114459250273
right_step,1.0,600.0,0.4,23352,11723,0.5042470729913011,0.3114023653574794,0.0,0.6175590936208597,0.3824409063791403
right_step,1.0,600.0,0.6,23352,11723,0.5042470729913011,0.3987858355909381,0.17375906471650177,0.680892393188825,0.319107606811175
right_step,1.0,600.0,0.8,23352,11723,0.5042470729913011,0.460716868843669,0.38031115248397696,0.6487684605928302,0.3512315394071698
right_step,1.0,600.0,0.9,23352,11723,0.5042470729913011,0.481267421874395,0.44934426616950224,0.5814485188071989,0.41855148119280106
right_step,1.0,600.0,0.95,23352,11723,0.5042470729913011,0.4893817312882343,0.4781666088723203,0.43002004737146793,0.5699799526285321
right_step,1.0,900.0,0.1,23352,11723,0.5042470729913011,0.14063856021480903,0.0,0.27890803486574767,0.7210919651342523
right_step,1.0,900.0,0.2,23352,11723,0.5042470729913011,0.22150996759088584,0.0,0.43928855407497264,0.5607114459250273
right_step,1.0,900.0,0.4,23352,11723,0.5042470729913011,0.3114023653574794,0.0,0.6175590936208597,0.3824409063791403
right_step,1.0,900.0,0.6,23352,11723,0.5042470729913011,0.3987858355909381,0.17375906471650177,0.680892393188825,0.319107606811175
right_step,1.0,900.0,0.8,23352,11723,0.5042470729913011,0.460716868843669,0.38031115248397696,0.6487684605928302,0.3512315394071698
right_step,1.0,900.0,0.9,23352,11723,0.5042470729913011,0.481267421874395,0.44934426616950224,0.5814485188071989,0.41855148119280106
right_step,1.0,900.0,0.95,23352,11723,0.5042470729913011,0.4893817312882343,0.4781666088723203,0.43002004737146793,0.5699799526285321
right_step,1.0,1200.0,0.1,23352,11723,0.5042470729913011,0.14063856021480903,0.0,0.27890803486574767,0.7210919651342523
right_step,1.0,1200.0,0.2,23352,11723,0.5042470729913011,0.22150996759088584,0.0,0.43928855407497264,0.5607114459250273
right_step,1.0,1200.0,0.4,23352,11723,0.5042470729913011,0.3114023653574794,0.0,0.6175590936208597,0.3824409063791403
right_step,1.0,1200.0,0.6,23352,11723,0.5042470729913011,0.3987858355909381,0.17375906471650177,0.680892393188825,0.319107606811175
right_step,1.0,1200.0,0.8,23352,11723,0.5042470729913011,0.460716868843669,0.38031115248397696,0.6487684605928302,0.3512315394071698
right_step,1.0,1200.0,0.9,23352,11723,0.5042470729913011,0.481267421874395,0.44934426616950224,0.5814485188071989,0.41855148119280106
right_step,1.0,1200.0,0.95,23352,11723,0.5042470729913011,0.4893817312882343,0.4781666088723203,0.43002004737146793,0.5699799526285321
right_step,1.0,1800.0,0.1,23352,11723,0.5042470729913011,0.14106868110466247,0.0,0.2797610311703209,0.7202389688296791
right_step,1.0,1800.0,0.2,23352,11723,0.5042470729913011,0.22150295972306627,0.0,0.43927465638831276,0.5607253436116872
right_step,1.0,1800.0,0.4,23352,11723,0.5042470729913011,0.31145681353619403,0.0,0.6176670727874846,0.38233292721251544
right_step,1.0,1800.0,0.6,23352,11723,0.5042470729913011,0.39868398477981715,0.17375906471650177,0.680584210112372,0.319415789887628
right_step,1.0,1800.0,0.8,23352,11723,0.5042470729913011,0.4607617330980992,0.38031115248397696,0.649130456164788,0.35086954383521196
right_step,1.0,1800.0,0.9,23352,11723,0.5042470729913011,0.4812225310876721,0.44934426616950224,0.5806308777917117,0.41936912220828826
right_step,1.0,1800.0,0.95,23352,11723,0.5042470729913011,0.48930084095828674,0.4781666088723203,0.4269184794860752,0.5730815205139248
right_step,1.0,2400.0,0.1,23352,11723,0.5042470729913011,0.14106868110466247,0.0,0.2797610311703209,0.7202389688296791
right_step,1.0,2400.0,0.2,23352,11723,0.5042470729913011,0.22150295972306627,0.0,0.43927465638831276,0.5607253436116872
right_step,1.0,2400.0,0.4,23352,11723,0.5042470729913011,0.31145681353619403,0.0,0.6176670727874846,0.38233292721251544
right_step,1.0,2400.0,0.6,23352,11723,0.5042470729913011,0.39868398477981715,0.17375906471650177,0.680584210112372,0.319415789887628
right_step,1.0,2400.0,0.8,23352,11723,0.5042470729913011,0.4607617330980992,0.38031115248397696,0.649130456164788,0.35086954383521196
right_step,1.0,2400.0,0.9,23352,11723,0.5042470729913011,0.4812225310876721,0.44934426616950224,0.5806308777917117,0.41936912220828826
right_step,1.0,2400.0,0.95,23352,11723,0.5042470729913011,0.48930084095828674,0.4781666088723203,0.4269184794860752,0.5730815205139248
right_step,1.0,3600.0,0.1,23176,11865,0.5103285153059528,0.15491542083875823,0.0,0.30356018954943786,0.6964398104505621
right_step,1.0,3600.0,0.2,23176,11865,0.5103285153059528,0.23320704418723973,0.0,0.45697435513166873,0.5430256448683313
right_step,1.0,3600.0,0.4,23176,11865,0.5103285153059528,0.3207217056818077,0.0,0.6284612677179683,0.3715387322820317
right_step,1.0,3600.0,0.6,23176,11865,0.5103285153059528,0.4072768022772242,0.1839589367438293,0.6842484110107921,0.31575158898920785
right_step,1.0,3600.0,0.8,23176,11865,0.5103285153059528,0.4682111620991925,0.38791563962841374,0.6559401699074029,0.3440598300925971
right_step,1.0,3600.0,0.9,23176,11865,0.5103285153059528,0.4879173975322465,0.4562091528304561,0.5858946456759676,0.4141053543240324
right_step,1.0,3600.0,0.95,23176,11865,0.5103285153059528,0.4953735108494123,0.4846064239135678,0.4185929818689655,0.5814070181310345
right_step,2.0,1.0,0.1,23435,1974,0.07555188976523682,0.06052268094557182,0.0,0.8010743494786773,0.19892565052132272
right_step,2.0,1.0,0.2,23435,1974,0.07555188976523682,0.07283627980349291,0.0,0.9640563595406794,0.035943640459320636
right_step,2.0,1.0,0.4,23435,1974,0.07555188976523682,0.09510282791191788,0.0,1.2587749718429533,-0.2587749718429533
right_step,2.0,1.0,0.6,23435,1974,0.07555188976523682,0.08534646867876719,0.0,1.1296404225488623,-0.12964042254886232
right_step,2.0,1.0,0.8,23435,1974,0.07555188976523682,0.07862447763302104,0.0,1.0406685772828674,-0.040668577282867435
right_step,2.0,1.0,0.9,23435,1974,0.07555188976523682,0.07874863362489429,0.0,1.0423118980821096,-0.042311898082109556
right_step,2.0,1.0,0.95,23435,1974,0.07555188976523682,0.07722998918264917,0.026908898705334795,1.0344982777754321,-0.03449827777543213
right_step,2.0,2.0,0.1,23435,3573,0.1460272362700892,0.18605616234141592,0.0,1.274119589562662,-0.274119589562662
right_step,2.0,2.0,0.2,23435,3573,0.1460272362700892,0.15577787299098775,0.0,1.0667727265813889,-0.06677272658138889
right_step,2.0,2.0,0.4,23435,3573,0.1460272362700892,0.16585046118952074,0.0,1.1357501889768487,-0.13575018897684865
right_step,2.0,2.0,0.6,23435,3573,0.1460272362700892,0.1601685908275779,0.0,1.0968405272789872,-0.09684052727898718
right_step,2.0,2.0,0.8,23435,3573,0.1460272362700892,0.1495905915270961,0.0,1.0244019906698514,-0.02440199066985138
right_step,2.0,2.0,0.9,23435,3573,0.1460272362700892,0.15083834760041887,0.051149743291416666,1.0507086684026437,-0.05070866840264365
right_step,2.0,2.0,0.95,23435,3573,0.1460272362700892,0.14916037363437354,0.10108690065733375,1.0697177117519134,-0.06971771175191344
right_step,2.0,3.0,0.1,23435,5110,0.20043755704460023,0.015242036829549284,0.0,0.07604381660946762,0.9239561833905324
right_step,2.0,3.0,0.2,23435,5110,0.20043755704460023,0.014582390139178947,0.0,0.07275278323180798,0.927247216768192
right_step,2.0,3.0,0.4,23435,5110,0.20043755704460023,0.06217977107427074,0.0,0.3102201602887968,0.6897798397112032
right_step,2.0,3.0,0.6,23435,5110,0.20043755704460023,0.10245316071582916,0.0,0.5111475225824662,0.4888524774175338
right_step,2.0,3.0,0.8,23435,5110,0.20043755704460023,0.16134614102728387,0.000611956823638183,0.8043723328037545,0.19562766719624547
right_step,2.0,3.0,0.9,23435,5110,0.20043755704460023,0.17292987650793754,0.1120151376668461,0.6889060406824465,0.31109395931755346
right_step,2.0,3.0,0.95,23435,5110,0.20043755704460023,0.18355546606990963,0.15835981067048435,0.5987881379247152,0.4012118620752848
right_step,2.0,5.0,0.1,23352,7141,0.28858915789216527,0.03686969512276719,0.0,0.12775842097485862,0.8722415790251414
right_step,2.0,5.0,0.2,23352,7141,0.28858915789216527,0.0462238275173618,0.0,0.16017173983588764,0.8398282601641124
right_step,2.0,5.0,0.4,23352,7141,0.28858915789216527,0.11803985050110696,0.0,0.40902385717904877,0.5909761428209512
right_step,2.0,5.0,0.6,23352,7141,0.28858915789216527,0.17610289945211463,0.0,0.6102200815108846,0.3897799184891154
right_step,2.0,5.0,0.8,23352,7141,0.28858915789216527,0.24260440124629767,0.11083501297556063,0.7413013538027939,0.25869864619720606
right_step,2.0,5.0,0.9,23352,7141,0.28858915789216527,0.2579022094413781,0.2096623607282786,0.611197342937056,0.38880265706294403
right_step,2.0,5.0,0.95,23352,7141,0.28858915789216527,0.2694042892551858,0.2511489854571563,0.48758599682515336,0.5124140031748466
right_step,2.0,10.0,0.1,23345,9472,0.3962884921300958,0.08192465183484954,0.0,0.2067298280464699,0.7932701719535301
right_step,2.0,10.0,0.2,23345,9472,0.3962884921300958,0.1281541661242543,0.0,0.3233860398908155,0.6766139601091845
right_step,2.0,10.0,0.4,23345,9472,0.3962884921300958,0.21588403809328222,0.0,0.5447648427358587,0.4552351572641413
right_step,2.0,10.0,0.6,23345,9472,0.3962884921300958,0.2963661108666243,0.0,0.7478544463242489,0.2521455536757511
right_step,2.0,10.0,0.8,23345,9472,0.3962884921300958,0.3531765769044876,0.2454317796021018,0.7142194437147896,0.2857805562852104
right_step,2.0,10.0,0.9,23345,9472,0.3962884921300958,0.37183404491716493,0.32924269884628843,0.6352575454001375,0.36474245459986254
right_step,2.0,10.0,0.95,23345,9472,0.3962884921300958,0.37963558796968766,0.3645580337268041,0.47517606116019445,0.5248239388398055
right_step,2.0,20.0,0.1,23324,10942,0.46700211339766295,0.11227246654036621,0.0,0.2404110459448042,0.7595889540551958
right_step,2.0,20.0,0.2,23324,10942,0.46700211339766295,0.18778960512704368,0.0,0.40211724902224705,0.5978827509777529
right_step,2.0,20.0,0.4,23324,10942,0.46700211339766295,0.2691362218774006,0.0,0.57630621822952,0.42369378177048
right_step,2.0,20.0,0.6,23324,10942,0.46700211339766295,0.36528487417884503,0.1118156928442584,0.7136229502796431,0.28637704972035694
right_step,2.0,20.0,0.8,23324,10942,0.46700211339766295,0.4224508104570802,0.33375441597281646,0.6656504855124399,0.3343495144875601
right_step,2.0,20.0,0.9,23324,10942,0.46700211339766295,0.4453755550476688,0.4077887223427385,0.6347691296731502,0.36523087032684975
right_step,2.0,20.0,0.95,23324,10942,0.46700211339766295,0.4517296179670092,0.438978215186092,0.4550188801232596,0.5449811198767405
right_step,2.0,30.0,0.1,23241,11365,0.4922105636859478,0.11671241430768228,0.0,0.23711887334086149,0.7628811266591385
right_step,2.0,30.0,0.2,23241,11365,0.4922105636859478,0.20151649433776464,0.0,0.40941115287875274,0.5905888471212473
right_step,2.0,30.0,0.4,23241,11365,0.4922105636859478,0.2920894210736939,0.0,0.593423714611822,0.406576285388178
right_step,2.0,30.0,0.6,23241,11365,0.4922105636859478,0.3889300228401137,0.15454728982612626,0.6941315540027896,0.3058684459972104
right_step,2.0,30.0,0.8,23241,11365,0.4922105636859478,0.44876596836838983,0.36531830470332954,0.6576261178902252,0.3423738821097748
right_step,2.0,30.0,0.9,23241,11365,0.4922105636859478,0.4730048936821605,0.4358698846634231,0.659115396956629,0.340884603043371
right_step,2.0,30.0,0.95,23241,11365,0.4922105636859478,0.4782235569263686,0.46549389771505584,0.47646885375524883,0.5235311462447512
right_step,2.0,60.0,0.1,23122,11493,0.5001241032415668,0.14117896360507048,0.0,0.2822878615327986,0.7177121384672014
right_step,2.0,60.0,0.2,23122,11493,0.5001241032415668,0.22531110860915826,0.0,0.450510397616909,0.5494896023830911
right_step,2.0,60.0,0.4,23122,11493,0.5001241032415668,0.3081809974444497,0.0,0.6162090478082679,0.3837909521917321
right_step,2.0,60.0,0.6,23122,11493,0.5001241032415668,0.3969189353033954,0.1669007611375368,0.6902822974929786,0.30971770250702135
right_step,2.0,60.0,0.8,23122,11493,0.5001241032415668,0.4567894482309493,0.3752482041844548,0.6529782340882417,0.34702176591175826
right_step,2.0,60.0,0.9,23122,11493,0.5001241032415668,0.4784721748555923,0.44459225171746036,0.6100989289619606,0.3899010710380394
right_step,2.0,60.0,0.95,23122,11493,0.5001241032415668,0.4865396540933806,0.4738438109417946,0.48309368125620455,0.5169063187437954
right_step,2.0,120.0,0.1,23122,11493,0.5001241032415668,0.14117896360507048,0.0,0.2822878615327986,0.7177121384672014
right_step,2.0,120.0,0.2,23122,11493,0.5001241032415668,0.22531110860915826,0.0,0.450510397616909,0.5494896023830911
right_step,2.0,120.0,0.4,23122,11493,0.5001241032415668,0.3081809974444497,0.0,0.6162090478082679,0.3837909521917321
right_step,2.0,120.0,0.6,23122,11493,0.5001241032415668,0.3969189353033954,0.1669007611375368,0.6902822974929786,0.30971770250702135
right_step,2.0,120.0,0.8,23122,11493,0.5001241032415668,0.4567894482309493,0.3752482041844548,0.6529782340882417,0.34702176591175826
right_step,2.0,120.0,0.9,23122,11493,0.5001241032415668,0.4784721748555923,0.44459225171746036,0.6100989289619606,0.3899010710380394
right_step,2.0,120.0,0.95,23122,11493,0.5001241032415668,0.4865396540933806,0.4738438109417946,0.48309368125620455,0.5169063187437954
right_step,2.0,180.0,0.1,23122,11493,0.5001241032415668,0.14118557342470378,0.0,0.2823010778916793,0.7176989221083208
right_step,2.0,180.0,0.2,23122,11493,0.5001241032415668,0.22537180698347833,0.0,0.45063176424156604,0.549368235758434
right_step,2.0,180.0,0.4,23122,11493,0.5001241032415668,0.3084003499978888,0.0,0.6166476440527147,0.38335235594728534
right_step,2.0,180.0,0.6,23122,11493,0.5001241032415668,0.3962434482748707,0.1669007611375368,0.6882551675078474,0.31174483249215257
right_step,2.0,180.0,0.8,23122,11493,0.5001241032415668,0.45665797672204195,0.3752482041844548,0.6519254167720099,0.3480745832279901
right_step,2.0,180.0,0.9,23122,11493,0.5001241032415668,0.47881467957571006,0.44459225171746036,0.6162666455195309,0.3837333544804691
right_step,2.0,180.0,0.95,23122,11493,0.5001241032415668,0.4865056815416382,0.4738438109417946,0.48180098057559917,0.5181990194244008
right_step,2.0,300.0,0.1,23122,11493,0.5001241032415668,0.14118557342470378,0.0,0.2823010778916793,0.7176989221083208
right_step,2.0,300.0,0.2,23122,11493,0.5001241032415668,0.22537180698347833,0.0,0.45063176424156604,0.549368235758434
right_step,2.0,300.0,0.4,23122,11493,0.5001241032415668,0.3084003499978888,0.0,0.6166476440527147,0.38335235594728534
right_step,2.0,300.0,0.6,23122,11493,0.5001241032415668,0.3962434482748707,0.1669007611375368,0.6882551675078474,0.31174483249215257
right_step,2.0,300.0,0.8,23122,11493,0.5001241032415668,0.45665797672204195,0.3752482041844548,0.6519254167720099,0.3480745832279901
right_step,2.0,300.0,0.9,23122,11493,0.5001241032415668,0.47881467957571006,0.44459225171746036,0.6162666455195309,0.3837333544804691
right_step,2.0,300.0,0.95,23122,11493,0.5001241032415668,0.4865056815416382,0.4738438109417946,0.48180098057559917,0.5181990194244008
right_step,2.0,600.0,0.1,23122,11493,0.5001241032415668,0.14120436260755878,0.0,0.28233864693250976,0.7176613530674902
right_step,2.0,600.0,0.2,23122,11493,0.5001241032415668,0.22555462612631744,0.0,0.45099731179597136,0.5490026882040286
right_step,2.0,600.0,0.4,23122,11493,0.5001241032415668,0.30843362130002056,0.0,0.6167141701447709,0.3832858298552291
right_step,2.0,600.0,0.6,23122,11493,0.5001241032415668,0.3962397261385607,0.1669007611375368,0.6882439974130801,0.31175600258691993
right_step,2.0,600.0,0.8,23122,11493,0.5001241032415668,0.45669722019913545,0.3752482041844548,0.6522396765882739,0.34776032341172614
right_step,2.0,600.0,0.9,23122,11493,0.5001241032415668,0.47890357847435333,0.44459225171746036,0.6178675087395279,0.3821324912604721
right_step,2.0,600.0,0.95,23122,11493,0.5001241032415668,0.4864142565565584,0.4738438109417946,0.47832213855828287,0.5216778614417171
right_step,2.0,900.0,0.1,23122,11493,0.5001241032415668,0.14120436260755878,0.0,0.28233864693250976,0.7176613530674902
right_step,2.0,900.0,0.2,23122,11493,0.5001241032415668,0.22555462612631744,0.0,0.45099731179597136,0.5490026882040286
right_step,2.0,900.0,0.4,23122,11493,0.5001241032415668,0.30843362130002056,0.0,0.6167141701447709,0.3832858298552291
right_step,2.0,900.0,0.6,23122,11493,0.5001241032415668,0.3962397261385607,0.1669007611375368,0.6882439974130801,0.31175600258691993
right_step,2.0,900.0,0.8,23122,11493,0.5001241032415668,0.45669722019913545,0.3752482041844548,0.6522396765882739,0.34776032341172614
right_step,2.0,900.0,0.9,23122,11493,0.5001241032415668,0.47890357847435333,0.44459225171746036,0.6178675087395279,0.3821324912604721
right_step,2.0,900.0,0.95,23122,11493,0.5001241032415668,0.4864142565565584,0.4738438109417946,0.47832213855828287,0.5216778614417171
right_step,2.0,1200.0,0.1,23122,11493,0.5001241032415668,0.14120436260755878,0.0,0.28233864693250976,0.7176613530674902
right_step,2.0,1200.0,0.2,23122,11493,0.5001241032415668,0.22555462612631744,0.0,0.45099731179597136,0.5490026882040286
right_step,2.0,1200.0,0.4,23122,11493,0.5001241032415668,0.30843362130002056,0.0,0.6167141701447709,0.3832858298552291
right_step,2.0,1200.0,0.6,23122,11493,0.5001241032415668,0.3962397261385607,0.1669007611375368,0.6882439974130801,0.31175600258691993
right_step,2.0,1200.0,0.8,23122,11493,0.5001241032415668,0.45669722019913545,0.3752482041844548,0.6522396765882739,0.34776032341172614
right_step,2.0,1200.0,0.9,23122,11493,0.5001241032415668,0.47890357847435333,0.44459225171746036,0.6178675087395279,0.3821324912604721
right_step,2.0,1200.0,0.95,23122,11493,0.5001241032415668,0.4864142565565584,0.4738438109417946,0.47832213855828287,0.5216778614417171
right_step,2.0,1800.0,0.1,23122,11493,0.5001241032415668,0.14102927545949356,0.0,0.28198855953034224,0.7180114404696578
right_step,2.0,1800.0,0.2,23122,11493,0.5001241032415668,0.22562443236919477,0.0,0.4511368896376008,0.5488631103623992
right_step,2.0,1800.0,0.4,23122,11493,0.5001241032415668,0.30870221797791114,0.0,0.6172512301987648,0.3827487698012352
right_step,2.0,1800.0,0.6,23122,11493,0.5001241032415668,0.3961776544254861,0.1669007611375368,0.6880577208074778,0.31194227919252215
right_step,2.0,1800.0,0.8,23122,11493,0.5001241032415668,0.4567266937723676,0.3752482041844548,0.6524756994994575,0.3475243005005425
right_step,2.0,1800.0,0.9,23122,11493,0.5001241032415668,0.4785480151969729,0.44459225171746036,0.611464637817313,0.388535362182687
right_step,2.0,1800.0,0.95,23122,11493,0.5001241032415668,0.48637955690145107,0.4738438109417946,0.47700177062966476,0.5229982293703352
right_step,2.0,2400.0,0.1,23122,11493,0.5001241032415668,0.14102927545949356,0.0,0.28198855953034224,0.7180114404696578
right_step,2.0,2400.0,0.2,23122,11493,0.5001241032415668,0.22562443236919477,0.0,0.4511368896376008,0.5488631103623992
right_step,2.0,2400.0,0.4,23122,11493,0.5001241032415668,0.30870221797791114,0.0,0.6172512301987648,0.3827487698012352
right_step,2.0,2400.0,0.6,23122,11493,0.5001241032415668,0.3961776544254861,0.1669007611375368,0.6880577208074778,0.31194227919252215
right_step,2.0,2400.0,0.8,23122,11493,0.5001241032415668,0.4567266937723676,0.3752482041844548,0.6524756994994575,0.3475243005005425
right_step,2.0,2400.0,0.9,23122,11493,0.5001241032415668,0.4785480151969729,0.44459225171746036,0.611464637817313,0.388535362182687
right_step,2.0,2400.0,0.95,23122,11493,0.5001241032415668,0.48637955690145107,0.4738438109417946,0.47700177062966476,0.5229982293703352
right_step,2.0,3600.0,0.1,22946,11635,0.5062256668680336,0.15314715405114165,0.0,0.30252743800733656,0.6974725619926634
right_step,2.0,3600.0,0.2,22946,11635,0.5062256668680336,0.23148202091620257,0.0,0.4572704152840731,0.5427295847159269
right_step,2.0,3600.0,0.4,22946,11635,0.5062256668680336,0.31801938354658793,0.0,0.628216632147756,0.371783367852244
right_step,2.0,3600.0,0.6,22946,11635,0.5062256668680336,0.4050510189508422,0.17707998849738738,0.6926143815163204,0.3073856184836796
right_step,2.0,3600.0,0.8,22946,11635,0.5062256668680336,0.4650396298196941,0.3828308822273571,0.6662254635131254,0.3337745364868746
right_step,2.0,3600.0,0.9,22946,11635,0.5062256668680336,0.4848992616987416,0.45136231400765414,0.6112814099501882,0.3887185900498118
right_step,2.0,3600.0,0.95,22946,11635,0.5062256668680336,0.49262009700915044,0.48036257331041887,0.4739388067179862,0.5260611932820138
right_step,3.0,1.0,0.1,21461,1599,0.07623504848417637,0.13241675032755365,0.0,1.7369537104057666,-0.7369537104057666
right_step,3.0,1.0,0.2,21461,1599,0.07623504848417637,0.08974463663171647,0.0,1.1772096747645435,-0.17720967476454352
right_step,3.0,1.0,0.4,21461,1599,0.07623504848417637,0.07661894498925678,0.0,1.0050356956900224,-0.005035695690022379
right_step,3.0,1.0,0.6,21461,1599,0.07623504848417637,0.0809198146589701,0.0,1.0614516061567945,-0.06145160615679446
right_step,3.0,1.0,0.8,21461,1599,0.07623504848417637,0.0767333930496583,0.0,1.0065369482330082,-0.006536948233008211
right_step,3.0,1.0,0.9,21461,1599,0.07623504848417637,0.07802298382996034,0.0,1.0234529311823692,-0.02345293118236924
right_step,3.0,1.0,0.95,21461,1599,0.07623504848417637,0.07780797676606546,0.027616743766118997,1.0323525941723117,-0.03235259417231173
right_step,3.0,2.0,0.1,21461,3136,0.13509213323790425,0.01608240851582758,0.0,0.11904770566843907,0.880952294331561
right_step,3.0,2.0,0.2,21461,3136,0.13509213323790425,0.014521279152692712,0.0,0.10749167108879676,0.8925083289112032
right_step,3.0,2.0,0.4,21461,3136,0.13509213323790425,0.04646544040297916,0.0,0.3439537098814711,0.6560462901185289
right_step,3.0,2.0,0.6,21461,3136,0.13509213323790425,0.06769112668656685,0.0,0.5010737861941914,0.4989262138058086
right_step,3.0,2.0,0.8,21461,3136,0.13509213323790425,0.11265774248892134,0.0,0.8339326634995482,0.1660673365004518
right_step,3.0,2.0,0.9,21461,3136,0.13509213323790425,0.1208270377966341,0.03920981943441189,0.8512228702521093,0.1487771297478907
right_step,3.0,2.0,0.95,21461,3136,0.13509213323790425,0.12665426922252,0.08958426078521109,0.8145845199826539,0.1854154800173461
right_step,3.0,3.0,0.1,21450,4367,0.18704590521952627,0.03519843585929585,0.0,0.1881807346596828,0.8118192653403172
right_step,3.0,3.0,0.2,21450,4367,0.18704590521952627,0.0309139935477538,0.0,0.16527490142845747,0.8347250985715425
right_step,3.0,3.0,0.4,21450,4367,0.18704590521952627,0.07222786614804039,0.0,0.3861504803501056,0.6138495196498944
right_step,3.0,3.0,0.6,21450,4367,0.18704590521952627,0.10379162312195951,0.0,0.554899199745349,0.44510080025465104
right_step,3.0,3.0,0.8,21450,4367,0.18704590521952627,0.15461839352734627,0.0,0.8266334050236412,0.17336659497635876
right_step,3.0,3.0,0.9,21450,4367,0.18704590521952627,0.1673463334303519,0.09776527407835507,0.7793522342149972,0.22064776578500278
right_step,3.0,3.0,0.95,21450,4367,0.18704590521952627,0.1751061839219527,0.14427829506435924,0.7208232759732297,0.2791767240267703
right_step,3.0,5.0,0.1,21378,5868,0.27107207912343767,0.04221682251387694,0.0,0.15574020994856033,0.8442597900514397
right_step,3.0,5.0,0.2,21378,5868,0.27107207912343767,0.053724011804863234,0.0,0.19819087225283358,0.8018091277471664
right_step,3.0,5.0,0.4,21378,5868,0.27107207912343767,0.12374742497104899,0.0,0.45651114408835264,0.5434888559116473
right_step,3.0,5.0,0.6,21378,5868,0.27107207912343767,0.1843476008513332,0.0,0.6800685686532367,0.3199314313467633
right_step,3.0,5.0,0.8,21378,5868,0.27107207912343767,0.2432646893744411,0.08892414891367553,0.847336229860128,0.15266377013987198
right_step,3.0,5.0,0.9,21378,5868,0.27107207912343767,0.25356341783836794,0.19017513348548543,0.7835683269992871,0.21643167300071287
right_step,3.0,5.0,0.95,21378,5868,0.27107207912343767,0.2596180279627193,0.2330823962417979,0.6984957416884877,0.3015042583115123
right_step,3.0,10.0,0.1,21371,7702,0.3535083995791976,0.06656130744103936,0.0,0.18828776775960995,0.81171223224039
right_step,3.0,10.0,0.2,21371,7702,0.3535083995791976,0.12367623466985322,0.0,0.3498537370457746,0.6501462629542254
right_step,3.0,10.0,0.4,21371,7702,0.3535083995791976,0.19396576934705997,0.0,0.5486878659119533,0.4513121340880467
right_step,3.0,10.0,0.6,21371,7702,0.3535083995791976,0.2713211443222526,0.0,0.7675097526543148,0.23249024734568524
right_step,3.0,10.0,0.8,21371,7702,0.3535083995791976,0.3152556362732078,0.1921180108155643,0.7629799172117153,0.23702008278828468
right_step,3.0,10.0,0.9,21371,7702,0.3535083995791976,0.33589494525140584,0.28168173226200865,0.7547783436754741,0.24522165632452586
right_step,3.0,10.0,0.95,21371,7702,0.3535083995791976,0.3407078007280115,0.31957197720386005,0.622806472950766,0.37719352704923403
right_step,3.0,20.0,0.1,21345,9009,0.4270815561446572,0.11115689612910491,0.0,0.26027088861560405,0.739729111384396
right_step,3.0,20.0,0.2,21345,9009,0.4270815561446572,0.16817859810191804,0.0,0.39378567320981217,0.6062143267901878
right_step,3.0,20.0,0.4,21345,9009,0.4270815561446572,0.24766489047323073,0.0,0.5799006932281194,0.42009930677188057
right_step,3.0,20.0,0.6,21345,9009,0.4270815561446572,0.33654618296306776,0.045832702703001285,0.762529454543148,0.23747054545685198
right_step,3.0,20.0,0.8,21345,9009,0.4270815561446572,0.38931494189779436,0.28433863244055907,0.7354221612753854,0.2645778387246146
right_step,3.0,20.0,0.9,21345,9009,0.4270815561446572,0.40957680972202004,0.36380717371528326,0.7233517617943449,0.2766482382056551
right_step,3.0,20.0,0.95,21345,9009,0.4270815561446572,0.41524298852186114,0.39693348696528075,0.607319209984614,0.392680790015386
right_step,3.0,30.0,0.1,21267,9404,0.45203215537963937,0.11157392999731353,0.0,0.24682741851319873,0.7531725814868013
right_step,3.0,30.0,0.2,21267,9404,0.45203215537963937,0.180786658238075,0.0,0.3999420308633603,0.6000579691366397
right_step,3.0,30.0,0.4,21267,9404,0.45203215537963937,0.2639561434753157,0.0,0.5839322276832984,0.41606777231670156
right_step,3.0,30.0,0.6,21267,9404,0.45203215537963937,0.3575587489163339,0.08677973600963454,0.7413476230321616,0.2586523769678384
right_step,3.0,30.0,0.8,21267,9404,0.45203215537963937,0.41388985467456835,0.3150665077377873,0.7215192176887424,0.2784807823112576
right_step,3.0,30.0,0.9,21267,9404,0.45203215537963937,0.4360029380361657,0.3912743760304736,0.7361783541930295,0.26382164580697054
right_step,3.0,30.0,0.95,21267,9404,0.45203215537963937,0.44068301724027964,0.42323587422809417,0.6058818123203824,0.3941181876796176
right_step,3.0,60.0,0.1,21148,9519,0.45871088036412744,0.12056547273365668,0.0,0.2628354327195184,0.7371645672804816
right_step,3.0,60.0,0.2,21148,9519,0.45871088036412744,0.19407558528829985,0.0,0.4230891256258005,0.5769108743741995
right_step,3.0,60.0,0.4,21148,9519,0.45871088036412744,0.2823383337811429,0.0,0.6155038955191581,0.3844961044808419
right_step,3.0,60.0,0.6,21148,9519,0.45871088036412744,0.36259674832658007,0.09787816670612717,0.733632432982102,0.266367567017898
right_step,3.0,60.0,0.8,21148,9519,0.45871088036412744,0.418839480175872,0.3233918752316717,0.7053525471220567,0.29464745287794325
right_step,3.0,60.0,0.9,21148,9519,0.45871088036412744,0.4396816325053734,0.3988892584177834,0.6819001685406995,0.31809983145930054
right_step,3.0,60.0,0.95,21148,9519,0.45871088036412744,0.4461639241596871,0.4302256028814745,0.5595283840193856,0.44047161598061435
right_step,3.0,120.0,0.1,21148,9519,0.45871088036412744,0.12056547273365668,0.0,0.2628354327195184,0.7371645672804816
right_step,3.0,120.0,0.2,21148,9519,0.45871088036412744,0.19407558528829985,0.0,0.4230891256258005,0.5769108743741995
right_step,3.0,120.0,0.4,21148,9519,0.45871088036412744,0.2823383337811429,0.0,0.6155038955191581,0.3844961044808419
right_step,3.0,120.0,0.6,21148,9519,0.45871088036412744,0.36259674832658007,0.09787816670612717,0.733632432982102,0.266367567017898
right_step,3.0,120.0,0.8,21148,9519,0.45871088036412744,0.418839480175872,0.3233918752316717,0.7053525471220567,0.29464745287794325
right_step,3.0,120.0,0.9,21148,9519,0.45871088036412744,0.4396816325053734,0.3988892584177834,0.6819001685406995,0.31809983145930054
right_step,3.0,120.0,0.95,21148,9519,0.45871088036412744,0.4461639241596871,0.4302256028814745,0.5595283840193856,0.44047161598061435
right_step,3.0,180.0,0.1,21148,9519,0.45871088036412744,0.12056547273365668,0.0,0.2628354327195184,0.7371645672804816
right_step,3.0,180.0,0.2,21148,9519,0.45871088036412744,0.1954844467907404,0.0,0.4261604752770714,0.5738395247229287
right_step,3.0,180.0,0.4,21148,9519,0.45871088036412744,0.2821387196830973,0.0,0.61506873231159,0.38493126768841
right_step,3.0,180.0,0.6,21148,9519,0.45871088036412744,0.3624515175302287,0.09787816670612717,0.7332299450954602,0.26677005490453976
right_step,3.0,180.0,0.8,21148,9519,0.45871088036412744,0.4188172463649407,0.3233918752316717,0.7051882404830186,0.29481175951698135
right_step,3.0,180.0,0.9,21148,9519,0.45871088036412744,0.43968322994632103,0.3988892584177834,0.6819268719448476,0.3180731280551524
right_step,3.0,180.0,0.95,21148,9519,0.45871088036412744,0.4461543867046133,0.4302256028814745,0.5591935635115086,0.4408064364884914
right_step,3.0,300.0,0.1,21148,9519,0.45871088036412744,0.12056547273365668,0.0,0.2628354327195184,0.7371645672804816
right_step,3.0,300.0,0.2,21148,9519,0.45871088036412744,0.1954844467907404,0.0,0.4261604752770714,0.5738395247229287
right_step,3.0,300.0,0.4,21148,9519,0.45871088036412744,0.2821387196830973,0.0,0.61506873231159,0.38493126768841
right_step,3.0,300.0,0.6,21148,9519,0.45871088036412744,0.3624515175302287,0.09787816670612717,0.7332299450954602,0.26677005490453976
right_step,3.0,300.0,0.8,21148,9519,0.45871088036412744,0.4188172463649407,0.3233918752316717,0.7051882404830186,0.29481175951698135
right_step,3.0,300.0,0.9,21148,9519,0.45871088036412744,0.43968322994632103,0.3988892584177834,0.6819268719448476,0.3180731280551524
right_step,3.0,300.0,0.95,21148,9519,0.45871088036412744,0.4461543867046133,0.4302256028814745,0.5591935635115086,0.4408064364884914
right_step,3.0,600.0,0.1,21148,9519,0.45871088036412744,0.12056547273365668,0.0,0.2628354327195184,0.7371645672804816
right_step,3.0,600.0,0.2,21148,9519,0.45871088036412744,0.1954867418876352,0.0,0.4261654786397407,0.5738345213602594
right_step,3.0,600.0,0.4,21148,9519,0.45871088036412744,0.28211804222840936,0.0,0.6150236549969392,0.38497634500306077
right_step,3.0,600.0,0.6,21148,9519,0.45871088036412744,0.36254357160562006,0.09787816670612717,0.733485060754066,0.26651493924593395
right_step,3.0,600.0,0.8,21148,9519,0.45871088036412744,0.41894571715848455,0.3233918752316717,0.7061376325763028,0.2938623674236972
right_step,3.0,600.0,0.9,21148,9519,0.45871088036412744,0.43964528554964116,0.3988892584177834,0.6812925796029599,0.31870742039704014
right_step,3.0,600.0,0.95,21148,9519,0.45871088036412744,0.4461622506820598,0.4302256028814745,0.5594696351576859,0.4405303648423141
right_step,3.0,900.0,0.1,21148,9519,0.45871088036412744,0.12056547273365668,0.0,0.2628354327195184,0.7371645672804816
right_step,3.0,900.0,0.2,21148,9519,0.45871088036412744,0.1954867418876352,0.0,0.4261654786397407,0.5738345213602594
right_step,3.0,900.0,0.4,21148,9519,0.45871088036412744,0.28211804222840936,0.0,0.6150236549969392,0.38497634500306077
right_step,3.0,900.0,0.6,21148,9519,0.45871088036412744,0.36254357160562006,0.09787816670612717,0.733485060754066,0.26651493924593395
right_step,3.0,900.0,0.8,21148,9519,0.45871088036412744,0.41894571715848455,0.3233918752316717,0.7061376325763028,0.2938623674236972
right_step,3.0,900.0,0.9,21148,9519,0.45871088036412744,0.43964528554964116,0.3988892584177834,0.6812925796029599,0.31870742039704014
right_step,3.0,900.0,0.95,21148,9519,0.45871088036412744,0.4461622506820598,0.4302256028814745,0.5594696351576859,0.4405303648423141
right_step,3.0,1200.0,0.1,21148,9519,0.45871088036412744,0.12056547273365668,0.0,0.2628354327195184,0.7371645672804816
right_step,3.0,1200.0,0.2,21148,9519,0.45871088036412744,0.1954867418876352,0.0,0.4261654786397407,0.5738345213602594
right_step,3.0,1200.0,0.4,21148,9519,0.45871088036412744,0.28211804222840936,0.0,0.6150236549969392,0.38497634500306077
right_step,3.0,1200.0,0.6,21148,9519,0.45871088036412744,0.36254357160562006,0.09787816670612717,0.733485060754066,0.26651493924593395
right_step,3.0,1200.0,0.8,21148,9519,0.45871088036412744,0.41894571715848455,0.3233918752316717,0.7061376325763028,0.2938623674236972
right_step,3.0,1200.0,0.9,21148,9519,0.45871088036412744,0.43964528554964116,0.3988892584177834,0.6812925796029599,0.31870742039704014
right_step,3.0,1200.0,0.95,21148,9519,0.45871088036412744,0.4461622506820598,0.4302256028814745,0.5594696351576859,0.4405303648423141
right_step,3.0,1800.0,0.1,21148,9519,0.45871088036412744,0.12056547273365668,0.0,0.2628354327195184,0.7371645672804816
right_step,3.0,1800.0,0.2,21148,9519,0.45871088036412744,0.19552323282962591,0.0,0.4262450297111296,0.5737549702888705
right_step,3.0,1800.0,0.4,21148,9519,0.45871088036412744,0.28187844418706337,0.0,0.6145013258968407,0.3854986741031593
right_step,3.0,1800.0,0.6,21148,9519,0.45871088036412744,0.36260526276554766,0.09787816670612717,0.7336560296202262,0.26634397037977375
right_step,3.0,1800.0,0.8,21148,9519,0.45871088036412744,0.41887649515797987,0.3233918752316717,0.7056260858025372,0.29437391419746284
right_step,3.0,1800.0,0.9,21148,9519,0.45871088036412744,0.4396699895851922,0.3988892584177834,0.6817055412503924,0.3182944587496076
right_step,3.0,1800.0,0.95,21148,9519,0.45871088036412744,0.44612691341847704,0.4302256028814745,0.5582290903322316,0.44177090966776844
right_step,3.0,2400.0,0.1,21148,9519,0.45871088036412744,0.12056547273365668,0.0,0.2628354327195184,0.7371645672804816
right_step,3.0,2400.0,0.2,21148,9519,0.45871088036412744,0.19552323282962591,0.0,0.4262450297111296,0.5737549702888705
right_step,3.0,2400.0,0.4,21148,9519,0.45871088036412744,0.28187844418706337,0.0,0.6145013258968407,0.3854986741031593
right_step,3.0,2400.0,0.6,21148,9519,0.45871088036412744,0.36260526276554766,0.09787816670612717,0.7336560296202262,0.26634397037977375
right_step,3.0,2400.0,0.8,21148,9519,0.45871088036412744,0.41887649515797987,0.3233918752316717,0.7056260858025372,0.29437391419746284
right_step,3.0,2400.0,0.9,21148,9519,0.45871088036412744,0.4396699895851922,0.3988892584177834,0.6817055412503924,0.3182944587496076
right_step,3.0,2400.0,0.95,21148,9519,0.45871088036412744,0.44612691341847704,0.4302256028814745,0.5582290903322316,0.44177090966776844
right_step,3.0,3600.0,0.1,20972,9661,0.46498646002689553,0.13673331575633982,0.0,0.29405870387802463,0.7059412961219753
right_step,3.0,3600.0,0.2,20972,9661,0.46498646002689553,0.20209603425972558,0.0,0.4346277830284263,0.5653722169715737
right_step,3.0,3600.0,0.4,20972,9661,0.46498646002689553,0.2904743804447079,0.0,0.6246942769643367,0.37530572303566334
right_step,3.0,3600.0,0.6,20972,9661,0.46498646002689553,0.37050015399810715,0.10834661135174677,0.7350652026693383,0.2649347973306617
right_step,3.0,3600.0,0.8,20972,9661,0.46498646002689553,0.4260452492402883,0.33123719320690426,0.7088491644666963,0.2911508355333037
right_step,3.0,3600.0,0.9,20972,9661,0.46498646002689553,0.44611478372394764,0.4055664077396361,0.682402226579759,0.317597773420241
right_step,3.0,3600.0,0.95,20972,9661,0.46498646002689553,0.4525627956302161,0.4368328116846657,0.558719202369087,0.441280797630913
right_step,5.0,1.0,0.1,18314,1231,0.060005938934407685,0.07697358698682624,0.0,1.2827661453804737,-0.28276614538047373
right_step,5.0,1.0,0.2,18314,1231,0.060005938934407685,0.0645396390221613,0.0,1.0755541896062886,-0.07555418960628857
right_step,5.0,1.0,0.4,18314,1231,0.060005938934407685,0.05504528451794717,0.0,0.9173306091938168,0.08266939080618319
right_step,5.0,1.0,0.6,18314,1231,0.060005938934407685,0.0672266261682504,0.0,1.1203328764130434,-0.12033287641304335
right_step,5.0,1.0,0.8,18314,1231,0.060005938934407685,0.05705315897986704,0.0,0.9507918714884486,0.04920812851155143
right_step,5.0,1.0,0.9,18314,1231,0.060005938934407685,0.061300121342130635,0.0,1.0215675719887929,-0.02156757198879289
right_step,5.0,1.0,0.95,18314,1231,0.060005938934407685,0.061584611795041634,0.010610532595334829,1.0319599124217587,-0.03195991242175866
right_step,5.0,2.0,0.1,18242,2031,0.109533437546633,0.10724626603274579,0.0,0.9791189652665336,0.020881034733466364
right_step,5.0,2.0,0.2,18242,2031,0.109533437546633,0.10477180643681676,0.0,0.9565280592258504,0.04347194077414962
right_step,5.0,2.0,0.4,18242,2031,0.109533437546633,0.11052026037864222,0.0,1.0090093295171996,-0.009009329517199571
right_step,5.0,2.0,0.6,18242,2031,0.109533437546633,0.11202015336139431,0.0,1.0227028008109635,-0.02270280081096354
right_step,5.0,2.0,0.8,18242,2031,0.109533437546633,0.09796564800953736,0.0,0.8943903359905897,0.1056096640094103
right_step,5.0,2.0,0.9,18242,2031,0.109533437546633,0.10501599269274342,0.010598792985555749,0.9543391005857332,0.045660899414266765
right_step,5.0,2.0,0.95,18242,2031,0.109533437546633,0.10681969502158932,0.0628575106501949,0.9418599114043353,0.05814008859566466
right_step,5.0,3.0,0.1,18242,2732,0.15676166344975379,0.14095363306987907,0.0,0.8991588247279502,0.10084117527204983
right_step,5.0,3.0,0.2,18242,2732,0.15676166344975379,0.1667701246082104,0.0,1.0638450813687912,-0.06384508136879119
right_step,5.0,3.0,0.4,18242,2732,0.15676166344975379,0.16427553044694765,0.0,1.0479317891367124,-0.047931789136712366
right_step,5.0,3.0,0.6,18242,2732,0.15676166344975379,0.16429783831303996,0.0,1.0480740934833326,-0.04807409348333258
right_step,5.0,3.0,0.8,18242,2732,0.15676166344975379,0.15129297271636358,0.0,0.9651146165902796,0.03488538340972036
right_step,5.0,3.0,0.9,18242,2732,0.15676166344975379,0.15547438646547135,0.06340697724180422,0.9862109012780034,0.013789098721996629
right_step,5.0,3.0,0.95,18242,2732,0.15676166344975379,0.15653298814884842,0.11238564113788728,0.9948468725002372,0.005153127499762822
right_step,5.0,5.0,0.1,18242,3628,0.19692414812966483,0.03521619877873146,0.0,0.17883128663094852,0.8211687133690515
right_step,5.0,5.0,0.2,18242,3628,0.19692414812966483,0.07229814595244594,0.0,0.367137025291795,0.6328629747082051
right_step,5.0,5.0,0.4,18242,3628,0.19692414812966483,0.1117983729623342,0.0,0.5677230244445212,0.43227697555547884
right_step,5.0,5.0,0.6,18242,3628,0.19692414812966483,0.14532227514841375,0.0,0.7379606641879503,0.26203933581204975
right_step,5.0,5.0,0.8,18242,3628,0.19692414812966483,0.16553246472330682,0.0,0.8405899748481424,0.15941002515185765
right_step,5.0,5.0,0.9,18242,3628,0.19692414812966483,0.17952567372746028,0.10812398225234877,0.8040716002012674,0.19592839979873256
right_step,5.0,5.0,0.95,18242,3628,0.19692414812966483,0.1871579989845743,0.15471068049287032,0.7686484979362828,0.23135150206371724
right_step,5.0,10.0,0.1,18235,4998,0.275134588569969,0.06435278418794263,0.0,0.2338956527509706,0.7661043472490294
right_step,5.0,10.0,0.2,18235,4998,0.275134588569969,0.13357180888499928,0.0,0.48547806940322547,0.5145219305967745
right_step,5.0,10.0,0.4,18235,4998,0.275134588569969,0.1668247362966256,0.0,0.6063386547060792,0.39366134529392083
right_step,5.0,10.0,0.6,18235,4998,0.275134588569969,0.212106518755409,0.0,0.7709191340058235,0.22908086599417654
right_step,5.0,10.0,0.8,18235,4998,0.275134588569969,0.24265477113477948,0.09413720914309408,0.8205508967144373,0.17944910328556274
right_step,5.0,10.0,0.9,18235,4998,0.275134588569969,0.25746456130808715,0.19459813705174783,0.7805959049749785,0.21940409502502145
right_step,5.0,10.0,0.95,18235,4998,0.275134588569969,0.26431932239361805,0.2369950428155622,0.7164290774202184,0.28357092257978156
right_step,5.0,20.0,0.1,18192,5927,0.3464033212739969,0.0806523145153839,0.0,0.23282777491498072,0.7671722250850193
right_step,5.0,20.0,0.2,18192,5927,0.3464033212739969,0.16531990757601073,0.0,0.47724688945821786,0.5227531105417822
right_step,5.0,20.0,0.4,18192,5927,0.3464033212739969,0.21323764599920325,0.0,0.615576216806932,0.384423783193068
right_step,5.0,20.0,0.6,18192,5927,0.3464033212739969,0.2568582829433467,0.0,0.7415006357291183,0.2584993642708817
right_step,5.0,20.0,0.8,18192,5927,0.3464033212739969,0.3119148804443481,0.18392857039843505,0.7877304587710171,0.2122695412289829
right_step,5.0,20.0,0.9,18192,5927,0.3464033212739969,0.3329533992334073,0.2738150319876854,0.8147094776191951,0.1852905223808049
right_step,5.0,20.0,0.95,18192,5927,0.3464033212739969,0.3357315283070005,0.3127207507753099,0.6831657201634168,0.3168342798365832
right_step,5.0,30.0,0.1,18020,6296,0.3684956633505796,0.08669111499523242,0.0,0.23525681199877835,0.7647431880012217
right_step,5.0,30.0,0.2,18020,6296,0.3684956633505796,0.17243744949373993,0.0,0.46794973901683695,0.532050260983163
right_step,5.0,30.0,0.4,18020,6296,0.3684956633505796,0.21960841426823657,0.0,0.5959592910033935,0.4040407089966065
right_step,5.0,30.0,0.6,18020,6296,0.3684956633505796,0.27003443761003193,0.0,0.7328022130700801,0.2671977869299199
right_step,5.0,30.0,0.8,18020,6296,0.3684956633505796,0.33289872213881233,0.21068633342353896,0.7744306928606525,0.22556930713934753
right_step,5.0,30.0,0.9,18020,6296,0.3684956633505796,0.35508115165814635,0.29838392173568,0.8086695411716531,0.19133045882834687
right_step,5.0,30.0,0.95,18020,6296,0.3684956633505796,0.35846707026889923,0.3354189154398401,0.696808370981833,0.303191629018167
right_step,5.0,60.0,0.1,18012,6383,0.37282246405678204,0.09130760283126269,0.0,0.2449090696888808,0.7550909303111192
right_step,5.0,60.0,0.2,18012,6383,0.37282246405678204,0.18145607794618002,0.0,0.4867090785563385,0.5132909214436615
right_step,5.0,60.0,0.4,18012,6383,0.37282246405678204,0.2237655043068862,0.0,0.6001931908073168,0.3998068091926832
right_step,5.0,60.0,0.6,18012,6383,0.37282246405678204,0.27403082997981054,0.0,0.7350169488125983,0.26498305118740173
right_step,5.0,60.0,0.8,18012,6383,0.37282246405678204,0.33366007567607914,0.2160295960993359,0.7502285091734425,0.24977149082655747
right_step,5.0,60.0,0.9,18012,6383,0.37282246405678204,0.3561179641916516,0.303176616101336,0.7601508150806537,0.23984918491934626
right_step,5.0,60.0,0.95,18012,6383,0.37282246405678204,0.3628806058921632,0.3399140278028113,0.69789332778098,0.30210667221902
right_step,5.0,120.0,0.1,18012,6383,0.37282246405678204,0.09130760283126269,0.0,0.2449090696888808,0.7550909303111192
right_step,5.0,120.0,0.2,18012,6383,0.37282246405678204,0.18145607794618002,0.0,0.4867090785563385,0.5132909214436615
right_step,5.0,120.0,0.4,18012,6383,0.37282246405678204,0.2237655043068862,0.0,0.6001931908073168,0.3998068091926832
right_step,5.0,120.0,0.6,18012,6383,0.37282246405678204,0.27403082997981054,0.0,0.7350169488125983,0.26498305118740173
right_step,5.0,120.0,0.8,18012,6383,0.37282246405678204,0.33366007567607914,0.2160295960993359,0.7502285091734425,0.24977149082655747
right_step,5.0,120.0,0.9,18012,6383,0.37282246405678204,0.3561179641916516,0.303176616101336,0.7601508150806537,0.23984918491934626
right_step,5.0,120.0,0.95,18012,6383,0.37282246405678204,0.3628806058921632,0.3399140278028113,0.69789332778098,0.30210667221902
right_step,5.0,180.0,0.1,18012,6383,0.37282246405678204,0.09130760283126269,0.0,0.2449090696888808,0.7550909303111192
right_step,5.0,180.0,0.2,18012,6383,0.37282246405678204,0.18149551518695292,0.0,0.48681485877232594,0.513185141227674
right_step,5.0,180.0,0.4,18012,6383,0.37282246405678204,0.22379657304100842,0.0,0.6002765246648966,0.39972347533510344
right_step,5.0,180.0,0.6,18012,6383,0.37282246405678204,0.27389612381717193,0.0,0.7346556343113936,0.2653443656886064
right_step,5.0,180.0,0.8,18012,6383,0.37282246405678204,0.3337011583684965,0.2160295960993359,0.7504905280583098,0.24950947194169015
right_step,5.0,180.0,0.9,18012,6383,0.37282246405678204,0.35607734763896715,0.303176616101336,0.759567628087074,0.240432371912926
right_step,5.0,180.0,0.95,18012,6383,0.37282246405678204,0.36280715329848295,0.3399140278028113,0.6956612984887531,0.30433870151124687
right_step,5.0,300.0,0.1,18012,6383,0.37282246405678204,0.09130760283126269,0.0,0.2449090696888808,0.7550909303111192
right_step,5.0,300.0,0.2,18012,6383,0.37282246405678204,0.18149551518695292,0.0,0.48681485877232594,0.513185141227674
right_step,5.0,300.0,0.4,18012,6383,0.37282246405678204,0.22379657304100842,0.0,0.6002765246648966,0.39972347533510344
right_step,5.0,300.0,0.6,18012,6383,0.37282246405678204,0.27389612381717193,0.0,0.7346556343113936,0.2653443656886064
right_step,5.0,300.0,0.8,18012,6383,0.37282246405678204,0.3337011583684965,0.2160295960993359,0.7504905280583098,0.24950947194169015
right_step,5.0,300.0,0.9,18012,6383,0.37282246405678204,0.35607734763896715,0.303176616101336,0.759567628087074,0.240432371912926
right_step,5.0,300.0,0.95,18012,6383,0.37282246405678204,0.36280715329848295,0.3399140278028113,0.6956612984887531,0.30433870151124687
right_step,5.0,600.0,0.1,18012,6383,0.37282246405678204,0.09130760283126269,0.0,0.2449090696888808,0.7550909303111192
right_step,5.0,600.0,0.2,18012,6383,0.37282246405678204,0.1815942484056433,0.0,0.48707968513932126,0.5129203148606787
right_step,5.0,600.0,0.4,18012,6383,0.37282246405678204,0.2236363551981634,0.0,0.5998467816684535,0.4001532183315465
right_step,5.0,600.0,0.6,18012,6383,0.37282246405678204,0.2740294998027674,0.0,0.7350133809561215,0.26498661904387855
right_step,5.0,600.0,0.8,18012,6383,0.37282246405678204,0.33361765061259996,0.2160295960993359,0.7499579288592237,0.25004207114077626
right_step,5.0,600.0,0.9,18012,6383,0.37282246405678204,0.3560276093917306,0.303176616101336,0.758853468539927,0.24114653146007303
right_step,5.0,600.0,0.95,18012,6383,0.37282246405678204,0.36284660647351574,0.3399140278028113,0.6968601757227946,0.3031398242772054
right_step,5.0,900.0,0.1,18012,6383,0.37282246405678204,0.09130760283126269,0.0,0.2449090696888808,0.7550909303111192
right_step,5.0,900.0,0.2,18012,6383,0.37282246405678204,0.1815942484056433,0.0,0.48707968513932126,0.5129203148606787
right_step,5.0,900.0,0.4,18012,6383,0.37282246405678204,0.2236363551981634,0.0,0.5998467816684535,0.4001532183315465
right_step,5.0,900.0,0.6,18012,6383,0.37282246405678204,0.2740294998027674,0.0,0.7350133809561215,0.26498661904387855
right_step,5.0,900.0,0.8,18012,6383,0.37282246405678204,0.33361765061259996,0.2160295960993359,0.7499579288592237,0.25004207114077626
right_step,5.0,900.0,0.9,18012,6383,0.37282246405678204,0.3560276093917306,0.303176616101336,0.758853468539927,0.24114653146007303
right_step,5.0,900.0,0.95,18012,6383,0.37282246405678204,0.36284660647351574,0.3399140278028113,0.6968601757227946,0.3031398242772054
right_step,5.0,1200.0,0.1,18012,6383,0.37282246405678204,0.09130760283126269,0.0,0.2449090696888808,0.7550909303111192
right_step,5.0,1200.0,0.2,18012,6383,0.37282246405678204,0.1815942484056433,0.0,0.48707968513932126,0.5129203148606787
right_step,5.0,1200.0,0.4,18012,6383,0.37282246405678204,0.2236363551981634,0.0,0.5998467816684535,0.4001532183315465
right_step,5.0,1200.0,0.6,18012,6383,0.37282246405678204,0.2740294998027674,0.0,0.7350133809561215,0.26498661904387855
right_step,5.0,1200.0,0.8,18012,6383,0.37282246405678204,0.33361765061259996,0.2160295960993359,0.7499579288592237,0.25004207114077626
right_step,5.0,1200.0,0.9,18012,6383,0.37282246405678204,0.3560276093917306,0.303176616101336,0.758853468539927,0.24114653146007303
right_step,5.0,1200.0,0.95,18012,6383,0.37282246405678204,0.36284660647351574,0.3399140278028113,0.6968601757227946,0.3031398242772054
right_step,5.0,1800.0,0.1,18012,6383,0.37282246405678204,0.09130760283126269,0.0,0.2449090696888808,0.7550909303111192
right_step,5.0,1800.0,0.2,18012,6383,0.37282246405678204,0.18147903491293424,0.0,0.48677065469234815,0.5132293453076519
right_step,5.0,1800.0,0.4,18012,6383,0.37282246405678204,0.2234441481444827,0.0,0.5993312358733068,0.40066876412669317
right_step,5.0,1800.0,0.6,18012,6383,0.37282246405678204,0.2764297928644627,0.0,0.7414515473573007,0.2585484526426993
right_step,5.0,1800.0,0.8,18012,6383,0.37282246405678204,0.3335122672545703,0.2160295960993359,0.7492858105454094,0.25071418945459056
right_step,5.0,1800.0,0.9,18012,6383,0.37282246405678204,0.3561670722820333,0.303176616101336,0.7608559266102476,0.2391440733897524
right_step,5.0,1800.0,0.95,18012,6383,0.37282246405678204,0.3631349169015694,0.3399140278028113,0.7056211641158202,0.2943788358841798
right_step,5.0,2400.0,0.1,18012,6383,0.37282246405678204,0.09130760283126269,0.0,0.2449090696888808,0.7550909303111192
right_step,5.0,2400.0,0.2,18012,6383,0.37282246405678204,0.18147903491293424,0.0,0.48677065469234815,0.5132293453076519
right_step,5.0,2400.0,0.4,18012,6383,0.37282246405678204,0.2234441481444827,0.0,0.5993312358733068,0.40066876412669317
right_step,5.0,2400.0,0.6,18012,6383,0.37282246405678204,0.2764297928644627,0.0,0.7414515473573007,0.2585484526426993
right_step,5.0,2400.0,0.8,18012,6383,0.37282246405678204,0.3335122672545703,0.2160295960993359,0.7492858105454094,0.25071418945459056
right_step,5.0,2400.0,0.9,18012,6383,0.37282246405678204,0.3561670722820333,0.303176616101336,0.7608559266102476,0.2391440733897524
right_step,5.0,2400.0,0.95,18012,6383,0.37282246405678204,0.3631349169015694,0.3399140278028113,0.7056211641158202,0.2943788358841798
right_step,5.0,3600.0,0.1,17827,6525,0.3794330855526717,0.11399288015439146,0.0,0.30042946831679845,0.6995705316832015
right_step,5.0,3600.0,0.2,17827,6525,0.3794330855526717,0.1908117064464089,0.0,0.5028863156951057,0.49711368430489433
right_step,5.0,3600.0,0.4,17827,6525,0.3794330855526717,0.2293488342123196,0.0,0.6044513326460619,0.3955486673539381
right_step,5.0,3600.0,0.6,17827,6525,0.3794330855526717,0.28410363294284013,0.0,0.7487581967951548,0.25124180320484524
right_step,5.0,3600.0,0.8,17827,6525,0.3794330855526717,0.34117510455066147,0.22429938477898653,0.7533870409123908,0.24661295908760916
right_step,5.0,3600.0,0.9,17827,6525,0.3794330855526717,0.3635394506250376,0.311116899169745,0.7673518419405486,0.23264815805945138
right_step,5.0,3600.0,0.95,17827,6525,0.3794330855526717,0.3703114383400211,0.3469537651427328,0.7191552317745143,0.28084476822548565
right_step,7.0,1.0,0.1,16211,701,0.053037618586148846,0.03785853486834763,0.0,0.7138053305853868,0.28619466941461325
right_step,7.0,1.0,0.2,16211,701,0.053037618586148846,0.06960053071477428,0.0,1.3122861201191065,-0.3122861201191065
right_step,7.0,1.0,0.4,16211,701,0.053037618586148846,0.060356566996544715,0.0,1.1379954192043469,-0.13799541920434688
right_step,7.0,1.0,0.6,16211,701,0.053037618586148846,0.058725173593474345,0.0,1.107236243989485,-0.10723624398948495
right_step,7.0,1.0,0.8,16211,701,0.053037618586148846,0.059873581287043606,0.0,1.1288889449248392,-0.12888894492483915
right_step,7.0,1.0,0.9,16211,701,0.053037618586148846,0.056668318179416095,0.0,1.0684551774769055,-0.06845517747690555
right_step,7.0,1.0,0.95,16211,701,0.053037618586148846,0.05581237942653784,0.0032338484694478765,1.0557138713371925,-0.05571387133719252
right_step,7.0,2.0,0.1,16211,1332,0.08336589952397272,0.05443977987826341,0.0,0.6530221612088368,0.3469778387911632
right_step,7.0,2.0,0.2,16211,1332,0.08336589952397272,0.07927594851105499,0.0,0.9509397603064114,0.049060239693588636
right_step,7.0,2.0,0.4,16211,1332,0.08336589952397272,0.07413694023268999,0.0,0.8892957510927013,0.11070424890729869
right_step,7.0,2.0,0.6,16211,1332,0.08336589952397272,0.08538695641598333,0.0,1.0242432085966928,-0.024243208596692822
right_step,7.0,2.0,0.8,16211,1332,0.08336589952397272,0.08882225635387284,0.0,1.0654507041974768,-0.06545070419747678
right_step,7.0,2.0,0.9,16211,1332,0.08336589952397272,0.08240673420380837,0.0,0.9884945124368444,0.011505487563155614
right_step,7.0,2.0,0.95,16211,1332,0.08336589952397272,0.08367565641561488,0.03747173136307342,1.0067493737016038,-0.006749373701603778
right_step,7.0,3.0,0.1,16211,1597,0.09814036176974181,0.01265318732621606,0.0,0.12892949544962073,0.8710705045503793
right_step,7.0,3.0,0.2,16211,1597,0.09814036176974181,0.032285757166441546,0.0,0.3289753225303042,0.6710246774696957
right_step,7.0,3.0,0.4,16211,1597,0.09814036176974181,0.05602291339730562,0.0,0.5708447817702905,0.4291552182297095
right_step,7.0,3.0,0.6,16211,1597,0.09814036176974181,0.07359828506409007,0.0,0.7499288135575384,0.2500711864424616
right_step,7.0,3.0,0.8,16211,1597,0.09814036176974181,0.08674905404042246,0.0,0.8839284110644937,0.11607158893550629
right_step,7.0,3.0,0.9,16211,1597,0.09814036176974181,0.09415363101747677,0.0,0.9593772564073204,0.04062274359267959
right_step,7.0,3.0,0.95,16211,1597,0.09814036176974181,0.0970560881837209,0.050698222927087144,0.977145347733647,0.02285465226635297
right_step,7.0,5.0,0.1,16204,2331,0.15112490561257333,0.021104289418472182,0.0,0.13964799073274883,0.8603520092672512
right_step,7.0,5.0,0.2,16204,2331,0.15112490561257333,0.07126375935300856,0.0,0.4715553605419724,0.5284446394580276
right_step,7.0,5.0,0.4,16204,2331,0.15112490561257333,0.09265176266797012,0.0,0.6130806983297242,0.3869193016702758
right_step,7.0,5.0,0.6,16204,2331,0.15112490561257333,0.12175666063724898,0.0,0.8056690599323626,0.1943309400676374
right_step,7.0,5.0,0.8,16204,2331,0.15112490561257333,0.14089652754143334,0.0,0.9323183824024237,0.0676816175975763
right_step,7.0,5.0,0.9,16204,2331,0.15112490561257333,0.145053387224989,0.05680557677616501,0.9356280577641192,0.06437194223588083
right_step,7.0,5.0,0.95,16204,2331,0.15112490561257333,0.1475651798655318,0.10815931671668323,0.9171493784091475,0.08285062159085255
right_step,7.0,10.0,0.1,16183,3417,0.21516238223431325,0.04387375875288031,0.0,0.20390998787651227,0.7960900121234877
right_step,7.0,10.0,0.2,16183,3417,0.21516238223431325,0.09380609292367187,0.0,0.43597812939957326,0.5640218706004267
right_step,7.0,10.0,0.4,16183,3417,0.21516238223431325,0.1176811333213278,0.0,0.5469410224003389,0.4530589775996611
right_step,7.0,10.0,0.6,16183,3417,0.21516238223431325,0.16078852050643608,0.0,0.747289181485899,0.25271081851410104
right_step,7.0,10.0,0.8,16183,3417,0.21516238223431325,0.19248116609367147,0.018964512223141702,0.8843962162313469,0.1156037837686531
right_step,7.0,10.0,0.9,16183,3417,0.21516238223431325,0.20597776901653522,0.12894662175907443,0.8934694403070788,0.10653055969292125
right_step,7.0,10.0,0.95,16183,3417,0.21516238223431325,0.2114131278805048,0.1738627270107809,0.9092182650553423,0.09078173494465769
right_step,7.0,20.0,0.1,16100,4123,0.2748893334874732,0.06452746142144893,0.0,0.23473977910601418,0.7652602208939858
right_step,7.0,20.0,0.2,16100,4123,0.2748893334874732,0.11221816277589833,0.0,0.40823032800947934,0.5917696719905207
right_step,7.0,20.0,0.4,16100,4123,0.2748893334874732,0.15873288614832953,0.0,0.5774428717713889,0.42255712822861113
right_step,7.0,20.0,0.6,16100,4123,0.2748893334874732,0.19998877686321426,0.0,0.7275246890302778,0.2724753109697222
right_step,7.0,20.0,0.8,16100,4123,0.2748893334874732,0.2480644222752045,0.09361961204137612,0.8520165916388556,0.14798340836114443
right_step,7.0,20.0,0.9,16100,4123,0.2748893334874732,0.26346223722976586,0.19436548551305305,0.8580905341068977,0.14190946589310227
right_step,7.0,20.0,0.95,16100,4123,0.2748893334874732,0.26727745649533713,0.23675198574273895,0.8004088526794038,0.19959114732059624
right_step,7.0,30.0,0.1,15981,4321,0.292373937799287,0.06491505930149655,0.0,0.22202751650887692,0.777972483491123
right_step,7.0,30.0,0.2,15981,4321,0.292373937799287,0.11950285143650465,0.0,0.4087329135285056,0.5912670864714944
right_step,7.0,30.0,0.4,15981,4321,0.292373937799287,0.1634501943625088,0.0,0.5590450215665816,0.44095497843341835
right_step,7.0,30.0,0.6,15981,4321,0.292373937799287,0.20475828441725788,0.0,0.7003301524016934,0.2996698475983066
right_step,7.0,30.0,0.8,15981,4321,0.292373937799287,0.2634888939679977,0.11593421008872253,0.8362894558606837,0.1637105441393163
right_step,7.0,30.0,0.9,15981,4321,0.292373937799287,0.27963398466425043,0.2137896892517213,0.8378815936971735,0.16211840630282648
right_step,7.0,30.0,0.95,15981,4321,0.292373937799287,0.2851349314615678,0.2556649614332233,0.8028001035623696,0.19719989643763036
right_step,7.0,60.0,0.1,15981,4352,0.29464966275600385,0.06613857872082787,0.0,0.22446514312014165,0.7755348568798583
right_step,7.0,60.0,0.2,15981,4352,0.29464966275600385,0.12744078909024797,0.0,0.4325163242958818,0.5674836757041182
right_step,7.0,60.0,0.4,15981,4352,0.29464966275600385,0.16388391572273123,0.0,0.5561992306043863,0.44380076939561375
right_step,7.0,60.0,0.6,15981,4352,0.29464966275600385,0.20277737906236634,0.0,0.6881982391077232,0.31180176089227685
right_step,7.0,60.0,0.8,15981,4352,0.29464966275600385,0.2614077067629521,0.11877736509522939,0.8109881065114108,0.18901189348858916
right_step,7.0,60.0,0.9,15981,4352,0.29464966275600385,0.2782448750378168,0.21631814110075803,0.7905723344634091,0.20942766553659087
right_step,7.0,60.0,0.95,15981,4352,0.29464966275600385,0.2844354063769776,0.2580587424341056,0.7208527063771776,0.2791472936228224
right_step,7.0,120.0,0.1,15981,4352,0.29464966275600385,0.06613857872082787,0.0,0.22446514312014165,0.7755348568798583
right_step,7.0,120.0,0.2,15981,4352,0.29464966275600385,0.12744078909024797,0.0,0.4325163242958818,0.5674836757041182
right_step,7.0,120.0,0.4,15981,4352,0.29464966275600385,0.16388391572273123,0.0,0.5561992306043863,0.44380076939561375
right_step,7.0,120.0,0.6,15981,4352,0.29464966275600385,0.20277737906236634,0.0,0.6881982391077232,0.31180176089227685
right_step,7.0,120.0,0.8,15981,4352,0.29464966275600385,0.2614077067629521,0.11877736509522939,0.8109881065114108,0.18901189348858916
right_step,7.0,120.0,0.9,15981,4352,0.29464966275600385,0.2782448750378168,0.21631814110075803,0.7905723344634091,0.20942766553659087
right_step,7.0,120.0,0.95,15981,4352,0.29464966275600385,0.2844354063769776,0.2580587424341056,0.7208527063771776,0.2791472936228224
right_step,7.0,180.0,0.1,15981,4352,0.29464966275600385,0.06613857872082787,0.0,0.22446514312014165,0.7755348568798583
right_step,7.0,180.0,0.2,15981,4352,0.29464966275600385,0.12724453576134306,0.0,0.4318502677761857,0.5681497322238143
right_step,7.0,180.0,0.4,15981,4352,0.29464966275600385,0.16392646937942065,0.0,0.5563436518003632,0.44365634819963684
right_step,7.0,180.0,0.6,15981,4352,0.29464966275600385,0.20448459684218673,0.0,0.6939922989544304,0.3060077010455696
right_step,7.0,180.0,0.8,15981,4352,0.29464966275600385,0.26128048502074047,0.11877736509522939,0.8102647308354017,0.18973526916459826
right_step,7.0,180.0,0.9,15981,4352,0.29464966275600385,0.27847056387764496,0.21631814110075803,0.7934535352247254,0.2065464647752746
right_step,7.0,180.0,0.95,15981,4352,0.29464966275600385,0.2844354063769776,0.2580587424341056,0.7208527063771776,0.2791472936228224
right_step,7.0,300.0,0.1,15981,4352,0.29464966275600385,0.06613857872082787,0.0,0.22446514312014165,0.7755348568798583
right_step,7.0,300.0,0.2,15981,4352,0.29464966275600385,0.12724453576134306,0.0,0.4318502677761857,0.5681497322238143
right_step,7.0,300.0,0.4,15981,4352,0.29464966275600385,0.16392646937942065,0.0,0.5563436518003632,0.44365634819963684
right_step,7.0,300.0,0.6,15981,4352,0.29464966275600385,0.20448459684218673,0.0,0.6939922989544304,0.3060077010455696
right_step,7.0,300.0,0.8,15981,4352,0.29464966275600385,0.26128048502074047,0.11877736509522939,0.8102647308354017,0.18973526916459826
right_step,7.0,300.0,0.9,15981,4352,0.29464966275600385,0.27847056387764496,0.21631814110075803,0.7934535352247254,0.2065464647752746
right_step,7.0,300.0,0.95,15981,4352,0.29464966275600385,0.2844354063769776,0.2580587424341056,0.7208527063771776,0.2791472936228224
right_step,7.0,600.0,0.1,15981,4352,0.29464966275600385,0.06613857872082787,0.0,0.22446514312014165,0.7755348568798583
right_step,7.0,600.0,0.2,15981,4352,0.29464966275600385,0.12725095044475773,0.0,0.43187203832007387,0.5681279616799262
right_step,7.0,600.0,0.4,15981,4352,0.29464966275600385,0.16390990524697333,0.0,0.5562874354372003,0.4437125645627997
right_step,7.0,600.0,0.6,15981,4352,0.29464966275600385,0.20460528166084027,0.0,0.6944018864541232,0.30559811354587685
right_step,7.0,600.0,0.8,15981,4352,0.29464966275600385,0.2615140025734765,0.11877736509522939,0.8115924985159404,0.1884075014840596
right_step,7.0,600.0,0.9,15981,4352,0.29464966275600385,0.27956797236468683,0.21631814110075803,0.8074633292878589,0.1925366707121411
right_step,7.0,600.0,0.95,15981,4352,0.29464966275600385,0.28495081706179876,0.2580587424341056,0.7349384598998263,0.2650615401001737
right_step,7.0,900.0,0.1,15981,4352,0.29464966275600385,0.06613857872082787,0.0,0.22446514312014165,0.7755348568798583
right_step,7.0,900.0,0.2,15981,4352,0.29464966275600385,0.12725095044475773,0.0,0.43187203832007387,0.5681279616799262
right_step,7.0,900.0,0.4,15981,4352,0.29464966275600385,0.16390990524697333,0.0,0.5562874354372003,0.4437125645627997
right_step,7.0,900.0,0.6,15981,4352,0.29464966275600385,0.20460528166084027,0.0,0.6944018864541232,0.30559811354587685
right_step,7.0,900.0,0.8,15981,4352,0.29464966275600385,0.2615140025734765,0.11877736509522939,0.8115924985159404,0.1884075014840596
right_step,7.0,900.0,0.9,15981,4352,0.29464966275600385,0.27956797236468683,0.21631814110075803,0.8074633292878589,0.1925366707121411
right_step,7.0,900.0,0.95,15981,4352,0.29464966275600385,0.28495081706179876,0.2580587424341056,0.7349384598998263,0.2650615401001737
right_step,7.0,1200.0,0.1,15981,4352,0.29464966275600385,0.06613857872082787,0.0,0.22446514312014165,0.7755348568798583
right_step,7.0,1200.0,0.2,15981,4352,0.29464966275600385,0.12725095044475773,0.0,0.43187203832007387,0.5681279616799262
right_step,7.0,1200.0,0.4,15981,4352,0.29464966275600385,0.16390990524697333,0.0,0.5562874354372003,0.4437125645627997
right_step,7.0,1200.0,0.6,15981,4352,0.29464966275600385,0.20460528166084027,0.0,0.6944018864541232,0.30559811354587685
right_step,7.0,1200.0,0.8,15981,4352,0.29464966275600385,0.2615140025734765,0.11877736509522939,0.8115924985159404,0.1884075014840596
right_step,7.0,1200.0,0.9,15981,4352,0.29464966275600385,0.27956797236468683,0.21631814110075803,0.8074633292878589,0.1925366707121411
right_step,7.0,1200.0,0.95,15981,4352,0.29464966275600385,0.28495081706179876,0.2580587424341056,0.7349384598998263,0.2650615401001737
right_step,7.0,1800.0,0.1,15981,4352,0.29464966275600385,0.06613857872082787,0.0,0.22446514312014165,0.7755348568798583
right_step,7.0,1800.0,0.2,15981,4352,0.29464966275600385,0.12719860575690276,0.0,0.43169438772524416,0.5683056122747558
right_step,7.0,1800.0,0.4,15981,4352,0.29464966275600385,0.1640123988095264,0.0,0.5566352843422164,0.44336471565778357
right_step,7.0,1800.0,0.6,15981,4352,0.29464966275600385,0.20509496420271206,0.0,0.6960638009368738,0.3039361990631262
right_step,7.0,1800.0,0.8,15981,4352,0.29464966275600385,0.2615055318068017,0.11877736509522939,0.8115443342127073,0.18845566578729267
right_step,7.0,1800.0,0.9,15981,4352,0.29464966275600385,0.27951484557025985,0.21631814110075803,0.8067850992049453,0.19321490079505466
right_step,7.0,1800.0,0.95,15981,4352,0.29464966275600385,0.2849227213043253,0.2580587424341056,0.7341706257697659,0.2658293742302341
right_step,7.0,2400.0,0.1,15981,4352,0.29464966275600385,0.06613857872082787,0.0,0.22446514312014165,0.7755348568798583
right_step,7.0,2400.0,0.2,15981,4352,0.29464966275600385,0.12719860575690276,0.0,0.43169438772524416,0.5683056122747558
right_step,7.0,2400.0,0.4,15981,4352,0.29464966275600385,0.1640123988095264,0.0,0.5566352843422164,0.44336471565778357
right_step,7.0,2400.0,0.6,15981,4352,0.29464966275600385,0.20509496420271206,0.0,0.6960638009368738,0.3039361990631262
right_step,7.0,2400.0,0.8,15981,4352,0.29464966275600385,0.2615055318068017,0.11877736509522939,0.8115443342127073,0.18845566578729267
right_step,7.0,2400.0,0.9,15981,4352,0.29464966275600385,0.27951484557025985,0.21631814110075803,0.8067850992049453,0.19321490079505466
right_step,7.0,2400.0,0.95,15981,4352,0.29464966275600385,0.2849227213043253,0.2580587424341056,0.7341706257697659,0.2658293742302341
right_step,7.0,3600.0,0.1,15796,4494,0.3012336284733124,0.07610894366717443,0.0,0.25265752715891493,0.7473424728410851
right_step,7.0,3600.0,0.2,15796,4494,0.3012336284733124,0.13737728360448273,0.0,0.45604896206551376,0.5439510379344863
right_step,7.0,3600.0,0.4,15796,4494,0.3012336284733124,0.17004698138971275,0.0,0.564501985556961,0.43549801444303904
right_step,7.0,3600.0,0.6,15796,4494,0.3012336284733124,0.21111411063925475,0.0,0.7008318151901101,0.29916818480988994
right_step,7.0,3600.0,0.8,15796,4494,0.3012336284733124,0.2689405988794297,0.12677278013822404,0.814898128135562,0.18510187186443805
right_step,7.0,3600.0,0.9,15796,4494,0.3012336284733124,0.28643119039985376,0.2236047411332416,0.8093179152676343,0.1906820847323657
right_step,7.0,3600.0,0.95,15796,4494,0.3012336284733124,0.29185516425067654,0.26448436220445326,0.7447985994054235,0.2552014005945765
right_step,10.0,1.0,0.1,14614,199,0.023670609388395502,0.03419224132032871,0.0,1.444501945821954,-0.4445019458219539
right_step,10.0,1.0,0.2,14614,199,0.023670609388395502,0.03387646576286284,0.0,1.4311615390633226,-0.43116153906332255
right_step,10.0,1.0,0.4,14614,199,0.023670609388395502,0.02261527991281131,0.0,0.9554160411222211,0.044583958877778884
right_step,10.0,1.0,0.6,14614,199,0.023670609388395502,0.023455722418357222,0.0,0.9909217812472699,0.009078218752730072
right_step,10.0,1.0,0.8,14614,199,0.023670609388395502,0.02329580155213385,0.0,0.9841656870716053,0.015834312928394656
right_step,10.0,1.0,0.9,14614,199,0.023670609388395502,0.025103714170555198,0.0,1.0605436369907009,-0.060543636990700866
right_step,10.0,1.0,0.95,14614,199,0.023670609388395502,0.02379072848584615,0.0,1.005074609423006,-0.005074609423006082
right_step,10.0,2.0,0.1,14607,734,0.05864011388043622,0.09939715530282874,0.0,1.6950368736577448,-0.6950368736577448
right_step,10.0,2.0,0.2,14607,734,0.05864011388043622,0.09266696273536985,0.0,1.5802657362554309,-0.5802657362554309
right_step,10.0,2.0,0.4,14607,734,0.05864011388043622,0.05394905810711372,0.0,0.9200026148842875,0.07999738511571253
right_step,10.0,2.0,0.6,14607,734,0.05864011388043622,0.06423906091107784,0.0,1.0954798116875686,-0.09547981168756858
right_step,10.0,2.0,0.8,14607,734,0.05864011388043622,0.05828903063423873,0.0,0.9940129167055622,0.005987083294437756
right_step,10.0,2.0,0.9,14607,734,0.05864011388043622,0.057396373775620964,0.0,0.9787902849685598,0.0212097150314402
right_step,10.0,2.0,0.95,14607,734,0.05864011388043622,0.05437141699462825,0.009119947351736149,0.9137988180364056,0.08620118196359439
right_step,10.0,3.0,0.1,14607,938,0.0683978358447365,0.12734238994093186,0.0,1.86178975355302,-0.8617897535530199
right_step,10.0,3.0,0.2,14607,938,0.0683978358447365,0.10668003423214963,0.0,1.559698971679659,-0.559698971679659
right_step,10.0,3.0,0.4,14607,938,0.0683978358447365,0.06250696103060378,0.0,0.913873374188256,0.08612662581174402
right_step,10.0,3.0,0.6,14607,938,0.0683978358447365,0.07609613199379818,0.0,1.1125517504170288,-0.1125517504170288
right_step,10.0,3.0,0.8,14607,938,0.0683978358447365,0.0704809460684401,0.0,1.0304557914439323,-0.03045579144393229
right_step,10.0,3.0,0.9,14607,938,0.0683978358447365,0.0682359582585687,0.0,0.9976332937414093,0.0023667062585907006
right_step,10.0,3.0,0.95,14607,938,0.0683978358447365,0.06463972366979985,0.01936637910710398,0.923353038539191,0.07664696146080896
right_step,10.0,5.0,0.1,14607,1370,0.09717654898665778,0.17421299499023132,0.0,1.7927472914699878,-0.7927472914699878
right_step,10.0,5.0,0.2,14607,1370,0.09717654898665778,0.14026508949724867,0.0,1.4434047201707778,-0.4434047201707778
right_step,10.0,5.0,0.4,14607,1370,0.09717654898665778,0.09190797446146612,0.0,0.9457834778027049,0.054216522197295114
right_step,10.0,5.0,0.6,14607,1370,0.09717654898665778,0.1003222226950724,0.0,1.0323707081720561,-0.03237070817205612
right_step,10.0,5.0,0.8,14607,1370,0.09717654898665778,0.09851346800464708,0.0,1.0137576301271292,-0.013757630127129161
right_step,10.0,5.0,0.9,14607,1370,0.09717654898665778,0.09713191764363598,0.0,0.9995407189956094,0.0004592810043906326
right_step,10.0,5.0,0.95,14607,1370,0.09717654898665778,0.0925302988361877,0.049810750404187865,0.9019070660789057,0.0980929339210943
right_step,10.0,10.0,0.1,14586,1970,0.1432075103950104,0.019061929725293872,0.0,0.1331070533431885,0.8668929466568115
right_step,10.0,10.0,0.2,14586,1970,0.1432075103950104,0.026790919933999183,0.0,0.18707761806696854,0.8129223819330315
right_step,10.0,10.0,0.4,14586,1970,0.1432075103950104,0.09219539306402152,0.0,0.6437888125400564,0.3562111874599436
right_step,10.0,10.0,0.6,14586,1970,0.1432075103950104,0.10753875466867154,0.0,0.7509295732608335,0.24907042673916646
right_step,10.0,10.0,0.8,14586,1970,0.1432075103950104,0.1239143846880142,0.0,0.8652785342487987,0.13472146575120125
right_step,10.0,10.0,0.9,14586,1970,0.1432075103950104,0.12730272214037078,0.048075849322100614,0.8328128819021667,0.16718711809783326
right_step,10.0,10.0,0.95,14586,1970,0.1432075103950104,0.13238628558142024,0.09811951804340248,0.7599976346428684,0.2400023653571316
right_step,10.0,20.0,0.1,14503,2561,0.199108803685338,0.02039546553401331,0.0,0.10243377066463281,0.8975662293353672
right_step,10.0,20.0,0.2,14503,2561,0.199108803685338,0.0493478047664193,0.0,0.2478434094978854,0.7521565905021146
right_step,10.0,20.0,0.4,14503,2561,0.199108803685338,0.11715276630565398,0.0,0.5883856672193992,0.4116143327806008
right_step,10.0,20.0,0.6,14503,2561,0.199108803685338,0.14151670872852834,0.0,0.7107506353771004,0.28924936462289963
right_step,10.0,20.0,0.8,14503,2561,0.199108803685338,0.16879129982468646,0.0,0.8477339861447619,0.15226601385523808
right_step,10.0,20.0,0.9,14503,2561,0.199108803685338,0.17925522052592568,0.11027670217994805,0.77650440749499,0.22349559250501005
right_step,10.0,20.0,0.95,14503,2561,0.199108803685338,0.1866188427249749,0.15808997053434007,0.6955066733764647,0.30449332662353534
right_step,10.0,30.0,0.1,14384,2724,0.2142332197202266,0.02226053378245103,0.0,0.10390794579627617,0.8960920542037238
right_step,10.0,30.0,0.2,14384,2724,0.2142332197202266,0.049756688412418454,0.0,0.23225477578779408,0.7677452242122059
right_step,10.0,30.0,0.4,14384,2724,0.2142332197202266,0.12138259095853692,0.0,0.5665908915389218,0.43340910846107816
right_step,10.0,30.0,0.6,14384,2724,0.2142332197202266,0.15158229315011343,0.0,0.7075573683113625,0.2924426316886375
right_step,10.0,30.0,0.8,14384,2724,0.2142332197202266,0.1784356211998386,0.017841144483785015,0.8177238135638094,0.1822761864361906
right_step,10.0,30.0,0.9,14384,2724,0.2142332197202266,0.19086443820199395,0.12700930501211985,0.7320828628658108,0.2679171371341892
right_step,10.0,30.0,0.95,14384,2724,0.2142332197202266,0.20012126750159057,0.17287981518162554,0.6587475112124486,0.34125248878755143
right_step,10.0,60.0,0.1,14384,2755,0.21676024517556453,0.02107101548960763,0.0,0.09720885613753207,0.902791143862468
right_step,10.0,60.0,0.2,14384,2755,0.21676024517556453,0.04747497872430858,0.0,0.21902069120588194,0.780979308794118
right_step,10.0,60.0,0.4,14384,2755,0.21676024517556453,0.12157429110947209,0.0,0.5608698726604744,0.4391301273395256
right_step,10.0,60.0,0.6,14384,2755,0.21676024517556453,0.15093149309266007,0.0,0.6963061560038992,0.3036938439961008
right_step,10.0,60.0,0.8,14384,2755,0.21676024517556453,0.17787541548617558,0.020950353756981982,0.8014153962923921,0.1985846037076079
right_step,10.0,60.0,0.9,14384,2755,0.21676024517556453,0.19812254437845703,0.12981684252054193,0.7856340995640706,0.2143659004359294
right_step,10.0,60.0,0.95,14384,2755,0.21676024517556453,0.20701488521745814,0.17553983315911706,0.7635792685862077,0.23642073141379227
right_step,10.0,120.0,0.1,14384,2755,0.21676024517556453,0.02107101548960763,0.0,0.09720885613753207,0.902791143862468
right_step,10.0,120.0,0.2,14384,2755,0.21676024517556453,0.04747497872430858,0.0,0.21902069120588194,0.780979308794118
right_step,10.0,120.0,0.4,14384,2755,0.21676024517556453,0.12157429110947209,0.0,0.5608698726604744,0.4391301273395256
right_step,10.0,120.0,0.6,14384,2755,0.21676024517556453,0.15093149309266007,0.0,0.6963061560038992,0.3036938439961008
right_step,10.0,120.0,0.8,14384,2755,0.21676024517556453,0.17787541548617558,0.020950353756981982,0.8014153962923921,0.1985846037076079
right_step,10.0,120.0,0.9,14384,2755,0.21676024517556453,0.19812254437845703,0.12981684252054193,0.7856340995640706,0.2143659004359294
right_step,10.0,120.0,0.95,14384,2755,0.21676024517556453,0.20701488521745814,0.17553983315911706,0.7635792685862077,0.23642073141379227
right_step,10.0,180.0,0.1,14384,2755,0.21676024517556453,0.021066886933804603,0.0,0.09718980949085715,0.9028101905091428
right_step,10.0,180.0,0.2,14384,2755,0.21676024517556453,0.04727327641597636,0.0,0.21809015937257067,0.7819098406274293
right_step,10.0,180.0,0.4,14384,2755,0.21676024517556453,0.12164316607220908,0.0,0.5611876198685992,0.4388123801314008
right_step,10.0,180.0,0.6,14384,2755,0.21676024517556453,0.15096231496543702,0.0,0.6964483493878935,0.30355165061210654
right_step,10.0,180.0,0.8,14384,2755,0.21676024517556453,0.17828966162749055,0.020950353756981982,0.8035309489762421,0.1964690510237579
right_step,10.0,180.0,0.9,14384,2755,0.21676024517556453,0.1981678241011539,0.12981684252054193,0.7861548949472067,0.2138451050527933
right_step,10.0,180.0,0.95,14384,2755,0.21676024517556453,0.20701488521745814,0.17553983315911706,0.7635792685862077,0.23642073141379227
right_step,10.0,300.0,0.1,14384,2755,0.21676024517556453,0.021066886933804603,0.0,0.09718980949085715,0.9028101905091428
right_step,10.0,300.0,0.2,14384,2755,0.21676024517556453,0.04727327641597636,0.0,0.21809015937257067,0.7819098406274293
right_step,10.0,300.0,0.4,14384,2755,0.21676024517556453,0.12164316607220908,0.0,0.5611876198685992,0.4388123801314008
right_step,10.0,300.0,0.6,14384,2755,0.21676024517556453,0.15096231496543702,0.0,0.6964483493878935,0.30355165061210654
right_step,10.0,300.0,0.8,14384,2755,0.21676024517556453,0.17828966162749055,0.020950353756981982,0.8035309489762421,0.1964690510237579
right_step,10.0,300.0,0.9,14384,2755,0.21676024517556453,0.1981678241011539,0.12981684252054193,0.7861548949472067,0.2138451050527933
right_step,10.0,300.0,0.95,14384,2755,0.21676024517556453,0.20701488521745814,0.17553983315911706,0.7635792685862077,0.23642073141379227
right_step,10.0,600.0,0.1,14384,2755,0.21676024517556453,0.02117177379966448,0.0,0.09767369372790866,0.9023263062720913
right_step,10.0,600.0,0.2,14384,2755,0.21676024517556453,0.04725370833802378,0.0,0.21799988415657462,0.7820001158434253
right_step,10.0,600.0,0.4,14384,2755,0.21676024517556453,0.1216753578786424,0.0,0.5613361332936845,0.4386638667063155
right_step,10.0,600.0,0.6,14384,2755,0.21676024517556453,0.15114784808871226,0.0,0.6973042864307999,0.3026957135692001
right_step,10.0,600.0,0.8,14384,2755,0.21676024517556453,0.17754380831179103,0.020950353756981982,0.7997218803418844,0.2002781196581156
right_step,10.0,600.0,0.9,14384,2755,0.21676024517556453,0.19824651260237228,0.12981684252054193,0.7870599492562793,0.2129400507437207
right_step,10.0,600.0,0.95,14384,2755,0.21676024517556453,0.2071876864559231,0.17553983315911706,0.7677713964668313,0.23222860353316865
right_step,10.0,900.0,0.1,14384,2755,0.21676024517556453,0.02117177379966448,0.0,0.09767369372790866,0.9023263062720913
right_step,10.0,900.0,0.2,14384,2755,0.21676024517556453,0.04725370833802378,0.0,0.21799988415657462,0.7820001158434253
right_step,10.0,900.0,0.4,14384,2755,0.21676024517556453,0.1216753578786424,0.0,0.5613361332936845,0.4386638667063155
right_step,10.0,900.0,0.6,14384,2755,0.21676024517556453,0.15114784808871226,0.0,0.6973042864307999,0.3026957135692001
right_step,10.0,900.0,0.8,14384,2755,0.21676024517556453,0.17754380831179103,0.020950353756981982,0.7997218803418844,0.2002781196581156
right_step,10.0,900.0,0.9,14384,2755,0.21676024517556453,0.19824651260237228,0.12981684252054193,0.7870599492562793,0.2129400507437207
right_step,10.0,900.0,0.95,14384,2755,0.21676024517556453,0.2071876864559231,0.17553983315911706,0.7677713964668313,0.23222860353316865
right_step,10.0,1200.0,0.1,14384,2755,0.21676024517556453,0.02117177379966448,0.0,0.09767369372790866,0.9023263062720913
right_step,10.0,1200.0,0.2,14384,2755,0.21676024517556453,0.04725370833802378,0.0,0.21799988415657462,0.7820001158434253
right_step,10.0,1200.0,0.4,14384,2755,0.21676024517556453,0.1216753578786424,0.0,0.5613361332936845,0.4386638667063155
right_step,10.0,1200.0,0.6,14384,2755,0.21676024517556453,0.15114784808871226,0.0,0.6973042864307999,0.3026957135692001
right_step,10.0,1200.0,0.8,14384,2755,0.21676024517556453,0.17754380831179103,0.020950353756981982,0.7997218803418844,0.2002781196581156
right_step,10.0,1200.0,0.9,14384,2755,0.21676024517556453,0.19824651260237228,0.12981684252054193,0.7870599492562793,0.2129400507437207
right_step,10.0,1200.0,0.95,14384,2755,0.21676024517556453,0.2071876864559231,0.17553983315911706,0.7677713964668313,0.23222860353316865
right_step,10.0,1800.0,0.1,14384,2755,0.21676024517556453,0.021183265085374332,0.0,0.09772670753447889,0.9022732924655211
right_step,10.0,1800.0,0.2,14384,2755,0.21676024517556453,0.04728532752067102,0.0,0.2181457558436159,0.781854244156384
right_step,10.0,1800.0,0.4,14384,2755,0.21676024517556453,0.12150031898150004,0.0,0.560528610230585,0.439471389769415
right_step,10.0,1800.0,0.6,14384,2755,0.21676024517556453,0.1511176430818167,0.0,0.6971649388909819,0.30283506110901814
right_step,10.0,1800.0,0.8,14384,2755,0.21676024517556453,0.17748786634749486,0.020950353756981982,0.7994361850489098,0.2005638149510902
right_step,10.0,1800.0,0.9,14384,2755,0.21676024517556453,0.19829957666512754,0.12981684252054193,0.787670278057946,0.21232972194205402
right_step,10.0,1800.0,0.95,14384,2755,0.21676024517556453,0.2069796129408997,0.17553983315911706,0.7627235693141002,0.23727643068589976
right_step,10.0,2400.0,0.1,14384,2755,0.21676024517556453,0.021183265085374332,0.0,0.09772670753447889,0.9022732924655211
right_step,10.0,2400.0,0.2,14384,2755,0.21676024517556453,0.04728532752067102,0.0,0.2181457558436159,0.781854244156384
right_step,10.0,2400.0,0.4,14384,2755,0.21676024517556453,0.12150031898150004,0.0,0.560528610230585,0.439471389769415
right_step,10.0,2400.0,0.6,14384,2755,0.21676024517556453,0.1511176430818167,0.0,0.6971649388909819,0.30283506110901814
right_step,10.0,2400.0,0.8,14384,2755,0.21676024517556453,0.17748786634749486,0.020950353756981982,0.7994361850489098,0.2005638149510902
right_step,10.0,2400.0,0.9,14384,2755,0.21676024517556453,0.19829957666512754,0.12981684252054193,0.787670278057946,0.21232972194205402
right_step,10.0,2400.0,0.95,14384,2755,0.21676024517556453,0.2069796129408997,0.17553983315911706,0.7627235693141002,0.23727643068589976
right_step,10.0,3600.0,0.1,14166,2897,0.22401961843017218,0.03520994052175962,0.0,0.1571734688617671,0.8428265311382329
right_step,10.0,3600.0,0.2,14166,2897,0.22401961843017218,0.05277575549383523,0.0,0.2355854182042795,0.7644145817957205
right_step,10.0,3600.0,0.4,14166,2897,0.22401961843017218,0.1298416054625305,0.0,0.5795992617628829,0.4204007382371171
right_step,10.0,3600.0,0.6,14166,2897,0.22401961843017218,0.15848668648879108,0.0,0.7074678887473956,0.29253211125260437
right_step,10.0,3600.0,0.8,14166,2897,0.22401961843017218,0.18466761110288107,0.030542736135034245,0.7966061533529268,0.20339384664707316
right_step,10.0,3600.0,0.9,14166,2897,0.22401961843017218,0.20728663212561765,0.13781876130982962,0.8058837595872849,0.19411624041271514
right_step,10.0,3600.0,0.95,14166,2897,0.22401961843017218,0.21498501126867392,0.18357347012468053,0.776626266282281,0.22337373371771896
right_step,15.0,1.0,0.1,13237,176,0.0085362372571888,0.0,0.0,0.0,1.0
right_step,15.0,1.0,0.2,13237,176,0.0085362372571888,0.006458384981775792,0.0,0.756584521632978,0.24341547836702204
right_step,15.0,1.0,0.4,13237,176,0.0085362372571888,0.0043274274237336385,0.0,0.506947885040249,0.493052114959751
right_step,15.0,1.0,0.6,13237,176,0.0085362372571888,0.004626028128418372,0.0,0.5419282511767768,0.4580717488232232
right_step,15.0,1.0,0.8,13237,176,0.0085362372571888,0.010664554382738568,0.0,1.2493273161728726,-0.24932731617287263
right_step,15.0,1.0,0.9,13237,176,0.0085362372571888,0.009482202021021683,0.0,1.1108175341584183,-0.11081753415841833
right_step,15.0,1.0,0.95,13237,176,0.0085362372571888,0.008985423438996307,0.0,1.0526210985325208,-0.05262109853252084
right_step,15.0,2.0,0.1,13216,450,0.035483432525904676,0.005636883194896559,0.0,0.15885958019369611,0.8411404198063039
right_step,15.0,2.0,0.2,13216,450,0.035483432525904676,0.024882620163506196,0.0,0.7012461419943136,0.29875385800568643
right_step,15.0,2.0,0.4,13216,450,0.035483432525904676,0.02724031293260011,0.0,0.7676910319404224,0.23230896805957757
right_step,15.0,2.0,0.6,13216,450,0.035483432525904676,0.02880859099351357,0.0,0.8118885052194953,0.1881114947805047
right_step,15.0,2.0,0.8,13216,450,0.035483432525904676,0.04100049007310875,0.0,1.1554826338510613,-0.1554826338510613
right_step,15.0,2.0,0.9,13216,450,0.035483432525904676,0.03642970033231621,0.0,1.026667876782234,-0.026667876782233924
right_step,15.0,2.0,0.95,13216,450,0.035483432525904676,0.036522117778303206,0.0,1.0292724006235936,-0.029272400623593597
right_step,15.0,3.0,0.1,13216,471,0.037245060413187585,0.005636883194896559,0.0,0.15134579276721144,0.8486542072327885
right_step,15.0,3.0,0.2,13216,471,0.037245060413187585,0.024882620163506196,0.0,0.6680783944894839,0.3319216055105161
right_step,15.0,3.0,0.4,13216,471,0.037245060413187585,0.02724031293260011,0.0,0.7313805543715797,0.26861944562842033
right_step,15.0,3.0,0.6,13216,471,0.037245060413187585,0.03170179915207831,0.0,0.8511678810662759,0.14883211893372406
right_step,15.0,3.0,0.8,13216,471,0.037245060413187585,0.043202379024447554,0.0,1.1599492266939813,-0.15994922669398126
right_step,15.0,3.0,0.9,13216,471,0.037245060413187585,0.03838611974387152,0.0,1.0306365278516212,-0.030636527851621187
right_step,15.0,3.0,0.95,13216,471,0.037245060413187585,0.03837643622769096,0.0,1.0303765332087578,-0.030376533208757772
right_step,15.0,5.0,0.1,13216,600,0.05073323182608048,0.011367581435913937,0.0,0.22406578541819197,0.775934214581808
right_step,15.0,5.0,0.2,13216,600,0.05073323182608048,0.012723252325804174,0.0,0.2507873413115291,0.7492126586884709
right_step,15.0,5.0,0.4,13216,600,0.05073323182608048,0.01845635897959324,0.0,0.3637922977756241,0.636207702224376
right_step,15.0,5.0,0.6,13216,600,0.05073323182608048,0.02857150919152205,0.0,0.5631714787945811,0.43682852120541893
right_step,15.0,5.0,0.8,13216,600,0.05073323182608048,0.03213252476755322,0.0,0.633362465015186,0.366637534984814
right_step,15.0,5.0,0.9,13216,600,0.05073323182608048,0.03948557458178597,0.0,0.778298033863626,0.22170196613637405
right_step,15.0,5.0,0.95,13216,600,0.05073323182608048,0.043212449569880566,0.00090064856946837,0.8490790208994031,0.15092097910059687
right_step,15.0,10.0,0.1,13194,929,0.09615359222250572,0.011564832540459917,0.0,0.12027457605222004,0.87972542394778
right_step,15.0,10.0,0.2,13194,929,0.09615359222250572,0.026555812811337964,0.0,0.276181182600917,0.7238188173990829
right_step,15.0,10.0,0.4,13194,929,0.09615359222250572,0.04084874592880696,0.0,0.4248280795820949,0.5751719204179051
right_step,15.0,10.0,0.6,13194,929,0.09615359222250572,0.051882712116366414,0.0,0.5395816309837538,0.4604183690162462
right_step,15.0,10.0,0.8,13194,929,0.09615359222250572,0.0648179475869427,0.0,0.6741084351476929,0.3258915648523071
right_step,15.0,10.0,0.9,13194,929,0.09615359222250572,0.07890813644318953,0.0,0.820646786243731,0.179353213756269
right_step,15.0,10.0,0.95,13194,929,0.09615359222250572,0.08625833442953879,0.0486280937859868,0.7917905520510364,0.20820944794896357
right_step,15.0,20.0,0.1,13022,1298,0.12554606225291579,0.011570560650315252,0.0,0.09216187622839224,0.9078381237716078
right_step,15.0,20.0,0.2,13022,1298,0.12554606225291579,0.02673072027144694,0.0,0.2129156406164075,0.7870843593835926
right_step,15.0,20.0,0.4,13022,1298,0.12554606225291579,0.049286631012037584,0.0,0.39257807156666047,0.6074219284333395
right_step,15.0,20.0,0.6,13022,1298,0.12554606225291579,0.06972525936554211,0.0,0.5553759163316391,0.4446240836683609
right_step,15.0,20.0,0.8,13022,1298,0.12554606225291579,0.09090850736564343,0.0,0.7241048085005318,0.2758951914994682
right_step,15.0,20.0,0.9,13022,1298,0.12554606225291579,0.10602936968109423,0.028914007740028207,0.798030863876348,0.20196913612365197
right_step,15.0,20.0,0.95,13022,1298,0.12554606225291579,0.11538543832831341,0.0795481089326513,0.7791070430056267,0.22089295699437328
right_step,15.0,30.0,0.1,13014,1354,0.12838457875487705,0.011570560650315252,0.0,0.0901242249071578,0.9098757750928422
right_step,15.0,30.0,0.2,13014,1354,0.12838457875487705,0.02691497191513797,0.0,0.20964334015946234,0.7903566598405376
right_step,15.0,30.0,0.4,13014,1354,0.12838457875487705,0.04941825275501055,0.0,0.38492358844253527,0.6150764115574647
right_step,15.0,30.0,0.6,13014,1354,0.12838457875487705,0.06996260760270408,0.0,0.5449455711988801,0.4550544288011199
right_step,15.0,30.0,0.8,13014,1354,0.12838457875487705,0.09193104100417379,0.0,0.7160598406425159,0.28394015935748407
right_step,15.0,30.0,0.9,13014,1354,0.12838457875487705,0.10763168104212115,0.032476498006749316,0.783616796928125,0.21638320307187497
right_step,15.0,30.0,0.95,13014,1354,0.12838457875487705,0.11720702417008726,0.08256159524494296,0.7560709991228184,0.2439290008771816
right_step,15.0,60.0,0.1,13014,1385,0.13118769338383512,0.015831654315806604,0.0,0.1206794167002053,0.8793205832997947
right_step,15.0,60.0,0.2,13014,1385,0.13118769338383512,0.028309064000828006,0.0,0.2157905461299637,0.7842094538700363
right_step,15.0,60.0,0.4,13014,1385,0.13118769338383512,0.046522990152931966,0.0,0.3546292259046953,0.6453707740953047
right_step,15.0,60.0,0.6,13014,1385,0.13118769338383512,0.060931487435470125,0.0,0.4644603915490298,0.5355396084509703
right_step,15.0,60.0,0.8,13014,1385,0.13118769338383512,0.09149835721835523,0.0,0.6974614375652222,0.30253856243477784
right_step,15.0,60.0,0.9,13014,1385,0.13118769338383512,0.11355893433415858,0.03465478559737043,0.8173808346406367,0.1826191653593633
right_step,15.0,60.0,0.95,13014,1385,0.13118769338383512,0.12286020888420973,0.08633728772267245,0.8143275545256347,0.18567244547436534
right_step,15.0,120.0,0.1,13014,1385,0.13118769338383512,0.015831654315806604,0.0,0.1206794167002053,0.8793205832997947
right_step,15.0,120.0,0.2,13014,1385,0.13118769338383512,0.028309064000828006,0.0,0.2157905461299637,0.7842094538700363
right_step,15.0,120.0,0.4,13014,1385,0.13118769338383512,0.046522990152931966,0.0,0.3546292259046953,0.6453707740953047
right_step,15.0,120.0,0.6,13014,1385,0.13118769338383512,0.060931487435470125,0.0,0.4644603915490298,0.5355396084509703
right_step,15.0,120.0,0.8,13014,1385,0.13118769338383512,0.09149835721835523,0.0,0.6974614375652222,0.30253856243477784
right_step,15.0,120.0,0.9,13014,1385,0.13118769338383512,0.11355893433415858,0.03465478559737043,0.8173808346406367,0.1826191653593633
right_step,15.0,120.0,0.95,13014,1385,0.13118769338383512,0.12286020888420973,0.08633728772267245,0.8143275545256347,0.18567244547436534
right_step,15.0,180.0,0.1,13014,1385,0.13118769338383512,0.015365418439353868,0.0,0.11712545623008253,0.8828745437699175
right_step,15.0,180.0,0.2,13014,1385,0.13118769338383512,0.028330405719258718,0.0,0.21595322692631147,0.7840467730736885
right_step,15.0,180.0,0.4,13014,1385,0.13118769338383512,0.04651529013002985,0.0,0.3545705312001578,0.6454294687998422
right_step,15.0,180.0,0.6,13014,1385,0.13118769338383512,0.061295621812708,0.0,0.46723606636917064,0.5327639336308294
right_step,15.0,180.0,0.8,13014,1385,0.13118769338383512,0.09125174921084607,0.0,0.6955816270346138,0.3044183729653862
right_step,15.0,180.0,0.9,13014,1385,0.13118769338383512,0.11341681335965839,0.03465478559737043,0.8159085804864933,0.18409141951350672
right_step,15.0,180.0,0.95,13014,1385,0.13118769338383512,0.12287173717493552,0.08633728772267245,0.8145845932425837,0.1854154067574163
right_step,15.0,300.0,0.1,13014,1385,0.13118769338383512,0.015365418439353868,0.0,0.11712545623008253,0.8828745437699175
right_step,15.0,300.0,0.2,13014,1385,0.13118769338383512,0.028330405719258718,0.0,0.21595322692631147,0.7840467730736885
right_step,15.0,300.0,0.4,13014,1385,0.13118769338383512,0.04651529013002985,0.0,0.3545705312001578,0.6454294687998422
right_step,15.0,300.0,0.6,13014,1385,0.13118769338383512,0.061295621812708,0.0,0.46723606636917064,0.5327639336308294
right_step,15.0,300.0,0.8,13014,1385,0.13118769338383512,0.09125174921084607,0.0,0.6955816270346138,0.3044183729653862
right_step,15.0,300.0,0.9,13014,1385,0.13118769338383512,0.11341681335965839,0.03465478559737043,0.8159085804864933,0.18409141951350672
right_step,15.0,300.0,0.95,13014,1385,0.13118769338383512,0.12287173717493552,0.08633728772267245,0.8145845932425837,0.1854154067574163
right_step,15.0,600.0,0.1,13014,1385,0.13118769338383512,0.015374847125099608,0.0,0.11719732795449919,0.8828026720455008
right_step,15.0,600.0,0.2,13014,1385,0.13118769338383512,0.02840429142368334,0.0,0.21651643299022513,0.7834835670097748
right_step,15.0,600.0,0.4,13014,1385,0.13118769338383512,0.04652610577319742,0.0,0.35465297523807476,0.6453470247619253
right_step,15.0,600.0,0.6,13014,1385,0.13118769338383512,0.061420286531805056,0.0,0.46818634391336306,0.5318136560866369
right_step,15.0,600.0,0.8,13014,1385,0.13118769338383512,0.09106540716207515,0.0,0.6941612037924296,0.3058387962075704
right_step,15.0,600.0,0.9,13014,1385,0.13118769338383512,0.11341357943428428,0.03465478559737043,0.8158750797306549,0.18412492026934513
right_step,15.0,600.0,0.95,13014,1385,0.13118769338383512,0.12329153020297408,0.08633728772267245,0.8239444423197587,0.17605555768024128
right_step,15.0,900.0,0.1,13014,1385,0.13118769338383512,0.015374847125099608,0.0,0.11719732795449919,0.8828026720455008
right_step,15.0,900.0,0.2,13014,1385,0.13118769338383512,0.02840429142368334,0.0,0.21651643299022513,0.7834835670097748
right_step,15.0,900.0,0.4,13014,1385,0.13118769338383512,0.04652610577319742,0.0,0.35465297523807476,0.6453470247619253
right_step,15.0,900.0,0.6,13014,1385,0.13118769338383512,0.061420286531805056,0.0,0.46818634391336306,0.5318136560866369
right_step,15.0,900.0,0.8,13014,1385,0.13118769338383512,0.09106540716207515,0.0,0.6941612037924296,0.3058387962075704
right_step,15.0,900.0,0.9,13014,1385,0.13118769338383512,0.11341357943428428,0.03465478559737043,0.8158750797306549,0.18412492026934513
right_step,15.0,900.0,0.95,13014,1385,0.13118769338383512,0.12329153020297408,0.08633728772267245,0.8239444423197587,0.17605555768024128
right_step,15.0,1200.0,0.1,13014,1385,0.13118769338383512,0.015374847125099608,0.0,0.11719732795449919,0.8828026720455008
right_step,15.0,1200.0,0.2,13014,1385,0.13118769338383512,0.02840429142368334,0.0,0.21651643299022513,0.7834835670097748
right_step,15.0,1200.0,0.4,13014,1385,0.13118769338383512,0.04652610577319742,0.0,0.35465297523807476,0.6453470247619253
right_step,15.0,1200.0,0.6,13014,1385,0.13118769338383512,0.061420286531805056,0.0,0.46818634391336306,0.5318136560866369
right_step,15.0,1200.0,0.8,13014,1385,0.13118769338383512,0.09106540716207515,0.0,0.6941612037924296,0.3058387962075704
right_step,15.0,1200.0,0.9,13014,1385,0.13118769338383512,0.11341357943428428,0.03465478559737043,0.8158750797306549,0.18412492026934513
right_step,15.0,1200.0,0.95,13014,1385,0.13118769338383512,0.12329153020297408,0.08633728772267245,0.8239444423197587,0.17605555768024128
right_step,15.0,1800.0,0.1,13014,1385,0.13118769338383512,0.015384943393812762,0.0,0.11727428844105652,0.8827257115589435
right_step,15.0,1800.0,0.2,13014,1385,0.13118769338383512,0.02826278617102076,0.0,0.21543778567954672,0.7845622143204533
right_step,15.0,1800.0,0.4,13014,1385,0.13118769338383512,0.046447435058712426,0.0,0.3540532946395691,0.6459467053604309
right_step,15.0,1800.0,0.6,13014,1385,0.13118769338383512,0.0616267942583732,0.0,0.4697604833866743,0.5302395166133257
right_step,15.0,1800.0,0.8,13014,1385,0.13118769338383512,0.0908947372083103,0.0,0.692860243699584,0.307139756300416
right_step,15.0,1800.0,0.9,13014,1385,0.13118769338383512,0.11343556086686014,0.03465478559737043,0.8161027889448483,0.18389721105515167
right_step,15.0,1800.0,0.95,13014,1385,0.13118769338383512,0.1232999287005937,0.08633728772267245,0.8241316980980691,0.17586830190193092
right_step,15.0,2400.0,0.1,13014,1385,0.13118769338383512,0.015384943393812762,0.0,0.11727428844105652,0.8827257115589435
right_step,15.0,2400.0,0.2,13014,1385,0.13118769338383512,0.02826278617102076,0.0,0.21543778567954672,0.7845622143204533
right_step,15.0,2400.0,0.4,13014,1385,0.13118769338383512,0.046447435058712426,0.0,0.3540532946395691,0.6459467053604309
right_step,15.0,2400.0,0.6,13014,1385,0.13118769338383512,0.0616267942583732,0.0,0.4697604833866743,0.5302395166133257
right_step,15.0,2400.0,0.8,13014,1385,0.13118769338383512,0.0908947372083103,0.0,0.692860243699584,0.307139756300416
right_step,15.0,2400.0,0.9,13014,1385,0.13118769338383512,0.11343556086686014,0.03465478559737043,0.8161027889448483,0.18389721105515167
right_step,15.0,2400.0,0.95,13014,1385,0.13118769338383512,0.1232999287005937,0.08633728772267245,0.8241316980980691,0.17586830190193092
right_step,15.0,3600.0,0.1,12762,1527,0.13842789779581094,0.024030932944990063,0.0,0.17359891559168994,0.8264010844083101
right_step,15.0,3600.0,0.2,12762,1527,0.13842789779581094,0.034526379021747114,0.0,0.24941778045835455,0.7505822195416454
right_step,15.0,3600.0,0.4,12762,1527,0.13842789779581094,0.052184124851287275,0.0,0.3769769366017668,0.6230230633982332
right_step,15.0,3600.0,0.6,12762,1527,0.13842789779581094,0.06841450617362918,0.0,0.4942248438573017,0.5057751561426983
right_step,15.0,3600.0,0.8,12762,1527,0.13842789779581094,0.09700216304833549,0.0,0.7007414299639169,0.29925857003608314
right_step,15.0,3600.0,0.9,12762,1527,0.13842789779581094,0.12109323503617547,0.04275598226034407,0.8188113757039883,0.18118862429601168
right_step,15.0,3600.0,0.95,12762,1527,0.13842789779581094,0.13058393619671219,0.0933143456580118,0.8261284862885678,0.17387151371143217
right_step,20.0,1.0,0.1,12616,121,0.01419476854076923,0.04341955450783967,0.0,3.058842022195222,-2.058842022195222
right_step,20.0,1.0,0.2,12616,121,0.01419476854076923,0.02161722633470038,0.0,1.5229009386530594,-0.5229009386530594
right_step,20.0,1.0,0.4,12616,121,0.01419476854076923,0.019961523045198437,0.0,1.4062591431389906,-0.4062591431389906
right_step,20.0,1.0,0.6,12616,121,0.01419476854076923,0.01413302593642813,0.0,0.9956503267972445,0.004349673202755477
right_step,20.0,1.0,0.8,12616,121,0.01419476854076923,0.015543501229686204,0.0,1.0950161804359992,-0.09501618043599924
right_step,20.0,1.0,0.9,12616,121,0.01419476854076923,0.01576627067887832,0.0,1.1107099515991072,-0.11070995159910724
right_step,20.0,1.0,0.95,12616,121,0.01419476854076923,0.014941623974020773,0.0,1.0526148370159385,-0.0526148370159385
right_step,20.0,2.0,0.1,12616,234,0.029131089792554812,0.11559980125087176,0.0,3.9682621581982906,-2.9682621581982906
right_step,20.0,2.0,0.2,12616,234,0.029131089792554812,0.05755349395478653,0.0,1.9756725328379505,-0.9756725328379505
right_step,20.0,2.0,0.4,12616,234,0.029131089792554812,0.05490073871070425,0.0,1.884609848160762,-0.884609848160762
right_step,20.0,2.0,0.6,12616,234,0.029131089792554812,0.03776323429491454,0.0,1.2963206856945628,-0.2963206856945628
right_step,20.0,2.0,0.8,12616,234,0.029131089792554812,0.03421376746748203,0.0,1.1744760567188333,-0.17447605671883326
right_step,20.0,2.0,0.9,12616,234,0.029131089792554812,0.032356191333517796,0.0,1.110709951599107,-0.11070995159910701
right_step,20.0,2.0,0.95,12616,234,0.029131089792554812,0.03066381733408675,0.0,1.0526148370159385,-0.0526148370159385
right_step,20.0,3.0,0.1,12611,275,0.03488804510824504,0.11594831246731536,0.0,3.3234396512492896,-2.3234396512492896
right_step,20.0,3.0,0.2,12611,275,0.03488804510824504,0.05796735495591723,0.0,1.6615248798281879,-0.6615248798281879
right_step,20.0,3.0,0.4,12611,275,0.03488804510824504,0.05391710418229222,0.0,1.5454320818207747,-0.5454320818207747
right_step,20.0,3.0,0.6,12611,275,0.03488804510824504,0.03974823091247672,0.0,1.1393080577932149,-0.13930805779321487
right_step,20.0,3.0,0.8,12611,275,0.03488804510824504,0.04137167573457906,0.0,1.1858410411422495,-0.18584104114224953
right_step,20.0,3.0,0.9,12611,275,0.03488804510824504,0.03876297373581266,0.0,1.1110675194194777,-0.11106751941947768
right_step,20.0,3.0,0.95,12611,275,0.03488804510824504,0.03671975317092424,0.0,1.052502456271083,-0.052502456271082965
right_step,20.0,5.0,0.1,12594,329,0.04754343650248431,0.11643099350767387,0.0,2.4489393715069365,-1.4489393715069365
right_step,20.0,5.0,0.2,12594,329,0.04754343650248431,0.05820302289552242,0.0,1.2242073181327797,-0.22420731813277972
right_step,20.0,5.0,0.4,12594,329,0.04754343650248431,0.05780773058130304,0.0,1.2158929777464105,-0.21589297774641047
right_step,20.0,5.0,0.6,12594,329,0.04754343650248431,0.050341832334997935,0.0,1.0588597719974953,-0.05885977199749526
right_step,20.0,5.0,0.8,12594,329,0.04754343650248431,0.05016449952198638,0.0,1.0551298604459336,-0.0551298604459336
right_step,20.0,5.0,0.9,12594,329,0.04754343650248431,0.052770315781921956,0.0,1.1099390297368286,-0.10993902973682856
right_step,20.0,5.0,0.95,12594,329,0.04754343650248431,0.05001109563493,0.0,1.051903255506504,-0.05190325550650399
right_step,20.0,10.0,0.1,12533,591,0.06392275287478513,0.13963107680775283,0.0,2.184372082367427,-1.1843720823674269
right_step,20.0,10.0,0.2,12533,591,0.06392275287478513,0.0753336426161725,0.0,1.1785106120779802,-0.17851061207798025
right_step,20.0,10.0,0.4,12533,591,0.06392275287478513,0.07043949529733445,0.0,1.1019471491679125,-0.10194714916791248
right_step,20.0,10.0,0.6,12533,591,0.06392275287478513,0.06733573952517032,0.0,1.0533923602613096,-0.05339236026130956
right_step,20.0,10.0,0.8,12533,591,0.06392275287478513,0.061781718408560234,0.0,0.9665059095558844,0.033494090444115554
right_step,20.0,10.0,0.9,12533,591,0.06392275287478513,0.06619035761967265,0.0,1.0354741409421058,-0.03547414094210577
right_step,20.0,10.0,0.95,12533,591,0.06392275287478513,0.06270417612178925,0.014704630772166768,0.9752412993235461,0.024758700676453915
right_step,20.0,20.0,0.1,12414,754,0.08119909610104908,0.13993181721267509,0.0,1.7233174250922134,-0.7233174250922134
right_step,20.0,20.0,0.2,12414,754,0.08119909610104908,0.08361156039070759,0.0,1.0297104820804446,-0.029710482080444578
right_step,20.0,20.0,0.4,12414,754,0.08119909610104908,0.07445056754561223,0.0,0.9168891172502884,0.08311088274971157
right_step,20.0,20.0,0.6,12414,754,0.08119909610104908,0.07354458730254942,0.0,0.9057316008915429,0.09426839910845708
right_step,20.0,20.0,0.8,12414,754,0.08119909610104908,0.07292655301501798,0.0,0.8981202564652166,0.10187974353478335
right_step,20.0,20.0,0.9,12414,754,0.08119909610104908,0.08167423279097868,0.0,1.0058515022056196,-0.005851502205619585
right_step,20.0,20.0,0.95,12414,754,0.08119909610104908,0.08007845443993118,0.03290371778388665,0.9767960889806372,0.02320391101936281
right_step,20.0,30.0,0.1,12414,785,0.08415395921159373,0.13993181721267509,0.0,1.6628072941979533,-0.6628072941979533
right_step,20.0,30.0,0.2,12414,785,0.08415395921159373,0.08361156039070759,0.0,0.9935546844620543,0.006445315537945695
right_step,20.0,30.0,0.4,12414,785,0.08415395921159373,0.07445056754561223,0.0,0.8846947694809744,0.11530523051902564
right_step,20.0,30.0,0.6,12414,785,0.08415395921159373,0.07354458730254942,0.0,0.8739290223723345,0.1260709776276655
right_step,20.0,30.0,0.8,12414,785,0.08415395921159373,0.07292655301501798,0.0,0.8665849319299884,0.13341506807001158
right_step,20.0,30.0,0.9,12414,785,0.08415395921159373,0.08167423279097868,0.0,0.9705334550644241,0.029466544935575878
right_step,20.0,30.0,0.95,12414,785,0.08415395921159373,0.08007845443993118,0.03595361069893087,0.9154465704622061,0.08455342953779388
right_step,20.0,60.0,0.1,12414,785,0.08415395921159373,0.00014884644008930786,0.0,0.0017687395992273358,0.9982312604007727
right_step,20.0,60.0,0.2,12414,785,0.08415395921159373,0.014654608662652602,0.0,0.17414045399581943,0.8258595460041805
right_step,20.0,60.0,0.4,12414,785,0.08415395921159373,0.019683450606250277,0.0,0.23389809333579786,0.7661019066642021
right_step,20.0,60.0,0.6,12414,785,0.08415395921159373,0.026531791211833095,0.0,0.3152768029026715,0.6847231970973284
right_step,20.0,60.0,0.8,12414,785,0.08415395921159373,0.05503331167752231,0.0,0.6539598634824596,0.3460401365175404
right_step,20.0,60.0,0.9,12414,785,0.08415395921159373,0.07550678681808336,0.0,0.8972458043029417,0.10275419569705835
right_step,20.0,60.0,0.95,12414,785,0.08415395921159373,0.08002394949870599,0.03595361069893087,0.9143157707292774,0.08568422927072261
right_step,20.0,120.0,0.1,12414,785,0.08415395921159373,0.00014884644008930786,0.0,0.0017687395992273358,0.9982312604007727
right_step,20.0,120.0,0.2,12414,785,0.08415395921159373,0.014654608662652602,0.0,0.17414045399581943,0.8258595460041805
right_step,20.0,120.0,0.4,12414,785,0.08415395921159373,0.019683450606250277,0.0,0.23389809333579786,0.7661019066642021
right_step,20.0,120.0,0.6,12414,785,0.08415395921159373,0.026531791211833095,0.0,0.3152768029026715,0.6847231970973284
right_step,20.0,120.0,0.8,12414,785,0.08415395921159373,0.05503331167752231,0.0,0.6539598634824596,0.3460401365175404
right_step,20.0,120.0,0.9,12414,785,0.08415395921159373,0.07550678681808336,0.0,0.8972458043029417,0.10275419569705835
right_step,20.0,120.0,0.95,12414,785,0.08415395921159373,0.08002394949870599,0.03595361069893087,0.9143157707292774,0.08568422927072261
right_step,20.0,180.0,0.1,12414,785,0.08415395921159373,0.00014906933305025216,0.0,0.0017713882323164086,0.9982286117676836
right_step,20.0,180.0,0.2,12414,785,0.08415395921159373,0.014655535613233921,0.0,0.17415146893308445,0.8258485310669156
right_step,20.0,180.0,0.4,12414,785,0.08415395921159373,0.019716461887886654,0.0,0.2342903658081289,0.7657096341918711
right_step,20.0,180.0,0.6,12414,785,0.08415395921159373,0.02640726725827055,0.0,0.3137970869780833,0.6862029130219167
right_step,20.0,180.0,0.8,12414,785,0.08415395921159373,0.05499963725024962,0.0,0.6535597108623312,0.3464402891376688
right_step,20.0,180.0,0.9,12414,785,0.08415395921159373,0.07538256891485004,0.0,0.8957697251689701,0.10423027483102987
right_step,20.0,180.0,0.95,12414,785,0.08415395921159373,0.08089542304995305,0.03595361069893087,0.9323960041329448,0.06760399586705523
right_step,20.0,300.0,0.1,12414,785,0.08415395921159373,0.00014906933305025216,0.0,0.0017713882323164086,0.9982286117676836
right_step,20.0,300.0,0.2,12414,785,0.08415395921159373,0.014655535613233921,0.0,0.17415146893308445,0.8258485310669156
right_step,20.0,300.0,0.4,12414,785,0.08415395921159373,0.019716461887886654,0.0,0.2342903658081289,0.7657096341918711
right_step,20.0,300.0,0.6,12414,785,0.08415395921159373,0.02640726725827055,0.0,0.3137970869780833,0.6862029130219167
right_step,20.0,300.0,0.8,12414,785,0.08415395921159373,0.05499963725024962,0.0,0.6535597108623312,0.3464402891376688
right_step,20.0,300.0,0.9,12414,785,0.08415395921159373,0.07538256891485004,0.0,0.8957697251689701,0.10423027483102987
right_step,20.0,300.0,0.95,12414,785,0.08415395921159373,0.08089542304995305,0.03595361069893087,0.9323960041329448,0.06760399586705523
right_step,20.0,600.0,0.1,12414,785,0.08415395921159373,0.0001490531735904877,0.0,0.001771196209743545,0.9982288037902565
right_step,20.0,600.0,0.2,12414,785,0.08415395921159373,0.014651249449519529,0.0,0.174100536525928,0.825899463474072
right_step,20.0,600.0,0.4,12414,785,0.08415395921159373,0.019708717536599363,0.0,0.23419833981957358,0.7658016601804264
right_step,20.0,600.0,0.6,12414,785,0.08415395921159373,0.026454759514850493,0.0,0.31436143661801563,0.6856385633819844
right_step,20.0,600.0,0.8,12414,785,0.08415395921159373,0.05506184044180498,0.0,0.6542988702808319,0.3457011297191681
right_step,20.0,600.0,0.9,12414,785,0.08415395921159373,0.07531158690902527,0.0,0.8949262472567036,0.10507375274329644
right_step,20.0,600.0,0.95,12414,785,0.08415395921159373,0.08078829206159097,0.03595361069893087,0.9301733855903851,0.0698266144096149
right_step,20.0,900.0,0.1,12414,785,0.08415395921159373,0.0001490531735904877,0.0,0.001771196209743545,0.9982288037902565
right_step,20.0,900.0,0.2,12414,785,0.08415395921159373,0.014651249449519529,0.0,0.174100536525928,0.825899463474072
right_step,20.0,900.0,0.4,12414,785,0.08415395921159373,0.019708717536599363,0.0,0.23419833981957358,0.7658016601804264
right_step,20.0,900.0,0.6,12414,785,0.08415395921159373,0.026454759514850493,0.0,0.31436143661801563,0.6856385633819844
right_step,20.0,900.0,0.8,12414,785,0.08415395921159373,0.05506184044180498,0.0,0.6542988702808319,0.3457011297191681
right_step,20.0,900.0,0.9,12414,785,0.08415395921159373,0.07531158690902527,0.0,0.8949262472567036,0.10507375274329644
right_step,20.0,900.0,0.95,12414,785,0.08415395921159373,0.08078829206159097,0.03595361069893087,0.9301733855903851,0.0698266144096149
right_step,20.0,1200.0,0.1,12414,785,0.08415395921159373,0.0001490531735904877,0.0,0.001771196209743545,0.9982288037902565
right_step,20.0,1200.0,0.2,12414,785,0.08415395921159373,0.014651249449519529,0.0,0.174100536525928,0.825899463474072
right_step,20.0,1200.0,0.4,12414,785,0.08415395921159373,0.019708717536599363,0.0,0.23419833981957358,0.7658016601804264
right_step,20.0,1200.0,0.6,12414,785,0.08415395921159373,0.026454759514850493,0.0,0.31436143661801563,0.6856385633819844
right_step,20.0,1200.0,0.8,12414,785,0.08415395921159373,0.05506184044180498,0.0,0.6542988702808319,0.3457011297191681
right_step,20.0,1200.0,0.9,12414,785,0.08415395921159373,0.07531158690902527,0.0,0.8949262472567036,0.10507375274329644
right_step,20.0,1200.0,0.95,12414,785,0.08415395921159373,0.08078829206159097,0.03595361069893087,0.9301733855903851,0.0698266144096149
right_step,20.0,1800.0,0.1,12414,785,0.08415395921159373,0.0001490659662071972,0.0,0.001771348224180291,0.9982286517758198
right_step,20.0,1800.0,0.2,12414,785,0.08415395921159373,0.01463881887578384,0.0,0.1739528242393981,0.8260471757606019
right_step,20.0,1800.0,0.4,12414,785,0.08415395921159373,0.01971075317732397,0.0,0.2342225293020849,0.7657774706979151
right_step,20.0,1800.0,0.6,12414,785,0.08415395921159373,0.027835417514340575,0.0,0.33076777106056515,0.6692322289394348
right_step,20.0,1800.0,0.8,12414,785,0.08415395921159373,0.05521132033345775,0.0,0.6560751371737171,0.3439248628262829
right_step,20.0,1800.0,0.9,12414,785,0.08415395921159373,0.07514570689174023,0.0,0.8929550979627296,0.10704490203727035
right_step,20.0,1800.0,0.95,12414,785,0.08415395921159373,0.08054094051138071,0.03595361069893087,0.9250416477950604,0.07495835220493963
right_step,20.0,2400.0,0.1,12414,785,0.08415395921159373,0.0001490659662071972,0.0,0.001771348224180291,0.9982286517758198
right_step,20.0,2400.0,0.2,12414,785,0.08415395921159373,0.01463881887578384,0.0,0.1739528242393981,0.8260471757606019
right_step,20.0,2400.0,0.4,12414,785,0.08415395921159373,0.01971075317732397,0.0,0.2342225293020849,0.7657774706979151
right_step,20.0,2400.0,0.6,12414,785,0.08415395921159373,0.027835417514340575,0.0,0.33076777106056515,0.6692322289394348
right_step,20.0,2400.0,0.8,12414,785,0.08415395921159373,0.05521132033345775,0.0,0.6560751371737171,0.3439248628262829
right_step,20.0,2400.0,0.9,12414,785,0.08415395921159373,0.07514570689174023,0.0,0.8929550979627296,0.10704490203727035
right_step,20.0,2400.0,0.95,12414,785,0.08415395921159373,0.08054094051138071,0.03595361069893087,0.9250416477950604,0.07495835220493963
right_step,20.0,3600.0,0.1,12107,927,0.0908263580515267,0.010988043377514134,0.0,0.1209785750880874,0.8790214249119126
right_step,20.0,3600.0,0.2,12107,927,0.0908263580515267,0.02304159756931962,0.0,0.25368844533266316,0.7463115546673369
right_step,20.0,3600.0,0.4,12107,927,0.0908263580515267,0.025060821325614997,0.0,0.2759201388587853,0.7240798611412147
right_step,20.0,3600.0,0.6,12107,927,0.0908263580515267,0.03205359431488284,0.0,0.35291070788832596,0.647089292111674
right_step,20.0,3600.0,0.8,12107,927,0.0908263580515267,0.06214462437983648,0.0,0.684213544537162,0.315786455462838
right_step,20.0,3600.0,0.9,12107,927,0.0908263580515267,0.08210678436944042,0.0,0.9039973211615556,0.09600267883844438
right_step,20.0,3600.0,0.95,12107,927,0.0908263580515267,0.08788578332646367,0.04426988392988435,0.9368385432844438,0.06316145671555617
right_step,30.0,1.0,0.1,11942,0,0.0,0.0,0.0,nan,nan
right_step,30.0,1.0,0.2,11942,0,0.0,0.0,0.0,nan,nan
right_step,30.0,1.0,0.4,11942,0,0.0,0.0,0.0,nan,nan
right_step,30.0,1.0,0.6,11942,0,0.0,0.0,0.0,nan,nan
right_step,30.0,1.0,0.8,11942,0,0.0,0.0,0.0,nan,nan
right_step,30.0,1.0,0.9,11942,0,0.0,0.0,0.0,nan,nan
right_step,30.0,1.0,0.95,11942,0,0.0,0.0,0.0,nan,nan
right_step,30.0,2.0,0.1,11942,66,0.007484538642326297,0.0,0.0,0.0,1.0
right_step,30.0,2.0,0.2,11942,66,0.007484538642326297,0.0,0.0,0.0,1.0
right_step,30.0,2.0,0.4,11942,66,0.007484538642326297,0.0,0.0,0.0,1.0
right_step,30.0,2.0,0.6,11942,66,0.007484538642326297,0.0034859637127739136,0.0,0.46575532298814193,0.5342446770118581
right_step,30.0,2.0,0.8,11942,66,0.007484538642326297,0.002614411715259196,0.0,0.3493083328442274,0.6506916671557725
right_step,30.0,2.0,0.9,11942,66,0.007484538642326297,0.005191257195785511,0.0,0.6935974872823955,0.30640251271760455
right_step,30.0,2.0,0.95,11942,66,0.007484538642326297,0.007875453053114686,0.0,1.0522295934952761,-0.052229593495276116
right_step,30.0,3.0,0.1,11942,79,0.010761836383899784,0.0,0.0,0.0,1.0
right_step,30.0,3.0,0.2,11942,79,0.010761836383899784,0.0,0.0,0.0,1.0
right_step,30.0,3.0,0.4,11942,79,0.010761836383899784,0.0,0.0,0.0,1.0
right_step,30.0,3.0,0.6,11942,79,0.010761836383899784,0.0034859637127739136,0.0,0.32391904024754364,0.6760809597524564
right_step,30.0,3.0,0.8,11942,79,0.010761836383899784,0.005796336936407511,0.0,0.5386011020460323,0.4613988979539677
right_step,30.0,3.0,0.9,11942,79,0.010761836383899784,0.008019449839009544,0.0,0.7451748524078121,0.2548251475921879
right_step,30.0,3.0,0.95,11942,79,0.010761836383899784,0.010554023577496767,0.0,0.9806898377758358,0.01931016222416415
right_step,30.0,5.0,0.1,11831,107,0.01523635460142777,0.0,0.0,0.0,1.0
right_step,30.0,5.0,0.2,11831,107,0.01523635460142777,0.008376919436106668,0.0,0.5497981410410128,0.45020185895898723
right_step,30.0,5.0,0.4,11831,107,0.01523635460142777,0.0042115472661991855,0.0,0.27641436395845825,0.7235856360415418
right_step,30.0,5.0,0.6,11831,107,0.01523635460142777,0.006299258138248715,0.0,0.4134360418244941,0.5865639581755059
right_step,30.0,5.0,0.8,11831,107,0.01523635460142777,0.007954417087266335,0.0,0.5220682568336222,0.47793174316637776
right_step,30.0,5.0,0.9,11831,107,0.01523635460142777,0.012985131734986142,0.0,0.8522466216275467,0.14775337837245328
right_step,30.0,5.0,0.95,11831,107,0.01523635460142777,0.015256190071802931,0.0,1.0013018514529257,-0.0013018514529257175
right_step,30.0,10.0,0.1,11823,163,0.018253421309577977,0.0003231586588433332,0.0,0.0177040048198397,0.9822959951801603
right_step,30.0,10.0,0.2,11823,163,0.018253421309577977,0.008591034215828483,0.0,0.470653367942621,0.529346632057379
right_step,30.0,10.0,0.4,11823,163,0.018253421309577977,0.004298904488297628,0.0,0.235512259065751,0.764487740934249
right_step,30.0,10.0,0.6,11823,163,0.018253421309577977,0.006361173756800319,0.0,0.3484921346477917,0.6515078653522083
right_step,30.0,10.0,0.8,11823,163,0.018253421309577977,0.01170461017210923,0.0,0.6412282921431042,0.3587717078568958
right_step,30.0,10.0,0.9,11823,163,0.018253421309577977,0.016330366215676583,0.0,0.8946468685904749,0.10535313140952507
right_step,30.0,10.0,0.95,11823,163,0.018253421309577977,0.01843258401569712,0.0,1.0098152945182464,-0.009815294518246365
right_step,30.0,20.0,0.1,11823,194,0.021410717669393897,0.0003231586588433332,0.0,0.015093312790036957,0.984906687209963
right_step,30.0,20.0,0.2,11823,194,0.021410717669393897,0.008591034215828483,0.0,0.40124924108028187,0.5987507589197181
right_step,30.0,20.0,0.4,11823,194,0.021410717669393897,0.004298904488297628,0.0,0.20078283010768985,0.7992171698923102
right_step,30.0,20.0,0.6,11823,194,0.021410717669393897,0.006361173756800319,0.0,0.2971023136647803,0.7028976863352197
right_step,30.0,20.0,0.8,11823,194,0.021410717669393897,0.01170461017210923,0.0,0.5466706138879542,0.45332938611204576
right_step,30.0,20.0,0.9,11823,194,0.021410717669393897,0.016330366215676583,0.0,0.7627192356574037,0.23728076434259626
right_step,30.0,20.0,0.95,11823,194,0.021410717669393897,0.01843258401569712,0.0,0.8609045385735039,0.1390954614264961
right_step,30.0,30.0,0.1,11823,194,0.021410717669393897,0.0001590445758570334,0.0,0.007428269258082076,0.992571730741918
right_step,30.0,30.0,0.2,11823,194,0.021410717669393897,7.963627939302676e-05,0.0,0.003719458666575427,0.9962805413334246
right_step,30.0,30.0,0.4,11823,194,0.021410717669393897,0.0007897686435362373,0.0,0.03688660304297938,0.9631133969570206
right_step,30.0,30.0,0.6,11823,194,0.021410717669393897,0.004184329188671114,0.0,0.19543152421520701,0.804568475784793
right_step,30.0,30.0,0.8,11823,194,0.021410717669393897,0.010561520593532422,0.0,0.4932819514326631,0.5067180485673368
right_step,30.0,30.0,0.9,11823,194,0.021410717669393897,0.01711386391943691,0.0,0.7993129508171865,0.20068704918281355
right_step,30.0,30.0,0.95,11823,194,0.021410717669393897,0.01783860098052093,0.0,0.8331622160438265,0.16683778395617355
right_step,30.0,60.0,0.1,11823,194,0.021410717669393897,0.0001590445758570334,0.0,0.007428269258082076,0.992571730741918
right_step,30.0,60.0,0.2,11823,194,0.021410717669393897,7.963627939302676e-05,0.0,0.003719458666575427,0.9962805413334246
right_step,30.0,60.0,0.4,11823,194,0.021410717669393897,0.0007897686435362373,0.0,0.03688660304297938,0.9631133969570206
right_step,30.0,60.0,0.6,11823,194,0.021410717669393897,0.004184329188671114,0.0,0.19543152421520701,0.804568475784793
right_step,30.0,60.0,0.8,11823,194,0.021410717669393897,0.010561520593532422,0.0,0.4932819514326631,0.5067180485673368
right_step,30.0,60.0,0.9,11823,194,0.021410717669393897,0.01711386391943691,0.0,0.7993129508171865,0.20068704918281355
right_step,30.0,60.0,0.95,11823,194,0.021410717669393897,0.01783860098052093,0.0,0.8331622160438265,0.16683778395617355
right_step,30.0,120.0,0.1,11823,194,0.021410717669393897,0.0001590445758570334,0.0,0.007428269258082076,0.992571730741918
right_step,30.0,120.0,0.2,11823,194,0.021410717669393897,7.963627939302676e-05,0.0,0.003719458666575427,0.9962805413334246
right_step,30.0,120.0,0.4,11823,194,0.021410717669393897,0.0007897686435362373,0.0,0.03688660304297938,0.9631133969570206
right_step,30.0,120.0,0.6,11823,194,0.021410717669393897,0.004184329188671114,0.0,0.19543152421520701,0.804568475784793
right_step,30.0,120.0,0.8,11823,194,0.021410717669393897,0.010561520593532422,0.0,0.4932819514326631,0.5067180485673368
right_step,30.0,120.0,0.9,11823,194,0.021410717669393897,0.01711386391943691,0.0,0.7993129508171865,0.20068704918281355
right_step,30.0,120.0,0.95,11823,194,0.021410717669393897,0.01783860098052093,0.0,0.8331622160438265,0.16683778395617355
right_step,30.0,180.0,0.1,11823,194,0.021410717669393897,0.00015891896577463363,0.0,0.007422402566253277,0.9925775974337467
right_step,30.0,180.0,0.2,11823,194,0.021410717669393897,7.962417389919579e-05,0.0,0.0037188932724574954,0.9962811067275426
right_step,30.0,180.0,0.4,11823,194,0.021410717669393897,0.0007913024283093268,0.0,0.03695823935133545,0.9630417606486645
right_step,30.0,180.0,0.6,11823,194,0.021410717669393897,0.00418570233575703,0.0,0.195495657847116,0.804504342152884
right_step,30.0,180.0,0.8,11823,194,0.021410717669393897,0.010564962222302013,0.0,0.4934426947025867,0.5065573052974133
right_step,30.0,180.0,0.9,11823,194,0.021410717669393897,0.01710560142099,0.0,0.7989270460299444,0.20107295397005565
right_step,30.0,180.0,0.95,11823,194,0.021410717669393897,0.017786988087972466,0.0,0.8307516059304512,0.16924839406954884
right_step,30.0,300.0,0.1,11823,194,0.021410717669393897,0.00015891896577463363,0.0,0.007422402566253277,0.9925775974337467
right_step,30.0,300.0,0.2,11823,194,0.021410717669393897,7.962417389919579e-05,0.0,0.0037188932724574954,0.9962811067275426
right_step,30.0,300.0,0.4,11823,194,0.021410717669393897,0.0007913024283093268,0.0,0.03695823935133545,0.9630417606486645
right_step,30.0,300.0,0.6,11823,194,0.021410717669393897,0.00418570233575703,0.0,0.195495657847116,0.804504342152884
right_step,30.0,300.0,0.8,11823,194,0.021410717669393897,0.010564962222302013,0.0,0.4934426947025867,0.5065573052974133
right_step,30.0,300.0,0.9,11823,194,0.021410717669393897,0.01710560142099,0.0,0.7989270460299444,0.20107295397005565
right_step,30.0,300.0,0.95,11823,194,0.021410717669393897,0.017786988087972466,0.0,0.8307516059304512,0.16924839406954884
right_step,30.0,600.0,0.1,11823,194,0.021410717669393897,0.00015930485155684287,0.0,0.007440425585760037,0.9925595744142399
right_step,30.0,600.0,0.2,11823,194,0.021410717669393897,7.960266210599697e-05,0.0,0.0037178885516662083,0.9962821114483338
right_step,30.0,600.0,0.4,11823,194,0.021410717669393897,0.000791699704440156,0.0,0.036976794363687844,0.9630232056363122
right_step,30.0,600.0,0.6,11823,194,0.021410717669393897,0.004182960304478356,0.0,0.19536758968419804,0.804632410315802
right_step,30.0,600.0,0.8,11823,194,0.021410717669393897,0.0105378247827995,0.0,0.4921752248343859,0.5078247751656141
right_step,30.0,600.0,0.9,11823,194,0.021410717669393897,0.017027368497839597,0.0,0.7952731319314816,0.20472686806851836
right_step,30.0,600.0,0.95,11823,194,0.021410717669393897,0.017775972067925725,0.0,0.83023709631817,0.16976290368183
right_step,30.0,900.0,0.1,11823,194,0.021410717669393897,0.00015930485155684287,0.0,0.007440425585760037,0.9925595744142399
right_step,30.0,900.0,0.2,11823,194,0.021410717669393897,7.960266210599697e-05,0.0,0.0037178885516662083,0.9962821114483338
right_step,30.0,900.0,0.4,11823,194,0.021410717669393897,0.000791699704440156,0.0,0.036976794363687844,0.9630232056363122
right_step,30.0,900.0,0.6,11823,194,0.021410717669393897,0.004182960304478356,0.0,0.19536758968419804,0.804632410315802
right_step,30.0,900.0,0.8,11823,194,0.021410717669393897,0.0105378247827995,0.0,0.4921752248343859,0.5078247751656141
right_step,30.0,900.0,0.9,11823,194,0.021410717669393897,0.017027368497839597,0.0,0.7952731319314816,0.20472686806851836
right_step,30.0,900.0,0.95,11823,194,0.021410717669393897,0.017775972067925725,0.0,0.83023709631817,0.16976290368183
right_step,30.0,1200.0,0.1,11823,194,0.021410717669393897,0.00015930485155684287,0.0,0.007440425585760037,0.9925595744142399
right_step,30.0,1200.0,0.2,11823,194,0.021410717669393897,7.960266210599697e-05,0.0,0.0037178885516662083,0.9962821114483338
right_step,30.0,1200.0,0.4,11823,194,0.021410717669393897,0.000791699704440156,0.0,0.036976794363687844,0.9630232056363122
right_step,30.0,1200.0,0.6,11823,194,0.021410717669393897,0.004182960304478356,0.0,0.19536758968419804,0.804632410315802
right_step,30.0,1200.0,0.8,11823,194,0.021410717669393897,0.0105378247827995,0.0,0.4921752248343859,0.5078247751656141
right_step,30.0,1200.0,0.9,11823,194,0.021410717669393897,0.017027368497839597,0.0,0.7952731319314816,0.20472686806851836
right_step,30.0,1200.0,0.95,11823,194,0.021410717669393897,0.017775972067925725,0.0,0.83023709631817,0.16976290368183
right_step,30.0,1800.0,0.1,11823,194,0.021410717669393897,0.00015882030204733807,0.0,0.0074177944195849095,0.9925822055804151
right_step,30.0,1800.0,0.2,11823,194,0.021410717669393897,7.96492536502891e-05,0.0,0.0037200646367938324,0.9962799353632061
right_step,30.0,1800.0,0.4,11823,194,0.021410717669393897,0.000791590318222928,0.0,0.036971685416901615,0.9630283145830983
right_step,30.0,1800.0,0.6,11823,194,0.021410717669393897,0.004163153372682226,0.0,0.19444249543458103,0.805557504565419
right_step,30.0,1800.0,0.8,11823,194,0.021410717669393897,0.010541754708231035,0.0,0.492358774283415,0.507641225716585
right_step,30.0,1800.0,0.9,11823,194,0.021410717669393897,0.01697805436818004,0.0,0.7929698868735148,0.20703011312648523
right_step,30.0,1800.0,0.95,11823,194,0.021410717669393897,0.0175839910329623,0.0,0.8212705106143261,0.1787294893856739
right_step,30.0,2400.0,0.1,11823,194,0.021410717669393897,0.00015882030204733807,0.0,0.0074177944195849095,0.9925822055804151
right_step,30.0,2400.0,0.2,11823,194,0.021410717669393897,7.96492536502891e-05,0.0,0.0037200646367938324,0.9962799353632061
right_step,30.0,2400.0,0.4,11823,194,0.021410717669393897,0.000791590318222928,0.0,0.036971685416901615,0.9630283145830983
right_step,30.0,2400.0,0.6,11823,194,0.021410717669393897,0.004163153372682226,0.0,0.19444249543458103,0.805557504565419
right_step,30.0,2400.0,0.8,11823,194,0.021410717669393897,0.010541754708231035,0.0,0.492358774283415,0.507641225716585
right_step,30.0,2400.0,0.9,11823,194,0.021410717669393897,0.01697805436818004,0.0,0.7929698868735148,0.20703011312648523
right_step,30.0,2400.0,0.95,11823,194,0.021410717669393897,0.0175839910329623,0.0,0.8212705106143261,0.1787294893856739
right_step,30.0,3600.0,0.1,11488,336,0.026822047225270682,0.011799043038390434,0.0,0.4399009120852579,0.560099087914742
right_step,30.0,3600.0,0.2,11488,336,0.026822047225270682,0.0061537621356210735,0.0,0.22942924840663317,0.7705707515933669
right_step,30.0,3600.0,0.4,11488,336,0.026822047225270682,0.0059324970804150445,0.0,0.22117987603965136,0.7788201239603486
right_step,30.0,3600.0,0.6,11488,336,0.026822047225270682,0.007745994632325028,0.0,0.2887920734487059,0.7112079265512941
right_step,30.0,3600.0,0.8,11488,336,0.026822047225270682,0.01407660110447178,0.0,0.5248145671449478,0.4751854328550522
right_step,30.0,3600.0,0.9,11488,336,0.026822047225270682,0.022941819106323636,0.0,0.8553343789771853,0.14466562102281466
right_step,30.0,3600.0,0.95,11488,336,0.026822047225270682,0.023396158560304144,0.0,0.8722734086554437,0.12772659134455633
right_step,45.0,1.0,0.1,11660,0,0.0,0.0,0.0,nan,nan
right_step,45.0,1.0,0.2,11660,0,0.0,0.0,0.0,nan,nan
right_step,45.0,1.0,0.4,11660,0,0.0,0.0,0.0,nan,nan
right_step,45.0,1.0,0.6,11660,0,0.0,0.0,0.0,nan,nan
right_step,45.0,1.0,0.8,11660,0,0.0,0.0,0.0,nan,nan
right_step,45.0,1.0,0.9,11660,0,0.0,0.0,0.0,nan,nan
right_step,45.0,1.0,0.95,11660,0,0.0,0.0,0.0,nan,nan
right_step,45.0,2.0,0.1,11660,1,1.6227519660500617e-05,0.0,0.0,0.0,1.0
right_step,45.0,2.0,0.2,11660,1,1.6227519660500617e-05,0.0,0.0,0.0,1.0
right_step,45.0,2.0,0.4,11660,1,1.6227519660500617e-05,0.0,0.0,0.0,1.0
right_step,45.0,2.0,0.6,11660,1,1.6227519660500617e-05,0.0,0.0,0.0,1.0
right_step,45.0,2.0,0.8,11660,1,1.6227519660500617e-05,0.0,0.0,0.0,1.0
right_step,45.0,2.0,0.9,11660,1,1.6227519660500617e-05,0.0,0.0,0.0,1.0
right_step,45.0,2.0,0.95,11660,1,1.6227519660500617e-05,0.0,0.0,0.0,1.0
right_step,45.0,3.0,0.1,11660,31,0.0032159993508992135,0.0,0.0,0.0,1.0
right_step,45.0,3.0,0.2,11660,31,0.0032159993508992135,0.0,0.0,0.0,1.0
right_step,45.0,3.0,0.4,11660,31,0.0032159993508992135,0.0,0.0,0.0,1.0
right_step,45.0,3.0,0.6,11660,31,0.0032159993508992135,0.0,0.0,0.0,1.0
right_step,45.0,3.0,0.8,11660,31,0.0032159993508992135,0.0,0.0,0.0,1.0
right_step,45.0,3.0,0.9,11660,31,0.0032159993508992135,0.0,0.0,0.0,1.0
right_step,45.0,3.0,0.95,11660,31,0.0032159993508992135,0.0,0.0,0.0,1.0
right_step,45.0,5.0,0.1,11660,31,0.0032159993508992135,0.0,0.0,0.0,1.0
right_step,45.0,5.0,0.2,11660,31,0.0032159993508992135,0.0,0.0,0.0,1.0
right_step,45.0,5.0,0.4,11660,31,0.0032159993508992135,0.0,0.0,0.0,1.0
right_step,45.0,5.0,0.6,11660,31,0.0032159993508992135,0.0,0.0,0.0,1.0
right_step,45.0,5.0,0.8,11660,31,0.0032159993508992135,0.0,0.0,0.0,1.0
right_step,45.0,5.0,0.9,11660,31,0.0032159993508992135,0.0,0.0,0.0,1.0
right_step,45.0,5.0,0.95,11660,31,0.0032159993508992135,0.0,0.0,0.0,1.0
right_step,45.0,10.0,0.1,11660,31,0.0032159993508992135,0.0,0.0,0.0,1.0
right_step,45.0,10.0,0.2,11660,31,0.0032159993508992135,0.0,0.0,0.0,1.0
right_step,45.0,10.0,0.4,11660,31,0.0032159993508992135,0.0,0.0,0.0,1.0
right_step,45.0,10.0,0.6,11660,31,0.0032159993508992135,0.0,0.0,0.0,1.0
right_step,45.0,10.0,0.8,11660,31,0.0032159993508992135,0.0,0.0,0.0,1.0
right_step,45.0,10.0,0.9,11660,31,0.0032159993508992135,0.0,0.0,0.0,1.0
right_step,45.0,10.0,0.95,11660,31,0.0032159993508992135,0.0,0.0,0.0,1.0
right_step,45.0,20.0,0.1,11660,31,0.0032159993508992135,0.00015986939155162935,0.0,0.049710641734715795,0.9502893582652842
right_step,45.0,20.0,0.2,11660,31,0.0032159993508992135,8.095408063762377e-05,0.0,0.025172293836125466,0.9748277061638745
right_step,45.0,20.0,0.4,11660,31,0.0032159993508992135,0.0008008954293641579,0.0,0.24903469869800268,0.7509653013019973
right_step,45.0,20.0,0.6,11660,31,0.0032159993508992135,0.0013414882488661474,0.0,0.41712951480884436,0.5828704851911557
right_step,45.0,20.0,0.8,11660,31,0.0032159993508992135,0.0035745666402669353,0.0,1.1114948264114122,-0.11149482641141217
right_step,45.0,20.0,0.9,11660,31,0.0032159993508992135,0.0035715670496180227,0.0,1.1105621176880494,-0.11056211768804936
right_step,45.0,20.0,0.95,11660,31,0.0032159993508992135,0.0033846919800913865,0.0,1.0524541863309163,-0.05245418633091625
right_step,45.0,30.0,0.1,11660,31,0.0032159993508992135,0.00015986939155162935,0.0,0.049710641734715795,0.9502893582652842
right_step,45.0,30.0,0.2,11660,31,0.0032159993508992135,8.095408063762377e-05,0.0,0.025172293836125466,0.9748277061638745
right_step,45.0,30.0,0.4,11660,31,0.0032159993508992135,0.0008008954293641579,0.0,0.24903469869800268,0.7509653013019973
right_step,45.0,30.0,0.6,11660,31,0.0032159993508992135,0.0013414882488661474,0.0,0.41712951480884436,0.5828704851911557
right_step,45.0,30.0,0.8,11660,31,0.0032159993508992135,0.0035745666402669353,0.0,1.1114948264114122,-0.11149482641141217
right_step,45.0,30.0,0.9,11660,31,0.0032159993508992135,0.0035715670496180227,0.0,1.1105621176880494,-0.11056211768804936
right_step,45.0,30.0,0.95,11660,31,0.0032159993508992135,0.0033846919800913865,0.0,1.0524541863309163,-0.05245418633091625
right_step,45.0,60.0,0.1,11660,31,0.0032159993508992135,0.00015986939155162935,0.0,0.049710641734715795,0.9502893582652842
right_step,45.0,60.0,0.2,11660,31,0.0032159993508992135,8.095408063762377e-05,0.0,0.025172293836125466,0.9748277061638745
right_step,45.0,60.0,0.4,11660,31,0.0032159993508992135,0.0008008954293641579,0.0,0.24903469869800268,0.7509653013019973
right_step,45.0,60.0,0.6,11660,31,0.0032159993508992135,0.0013414882488661474,0.0,0.41712951480884436,0.5828704851911557
right_step,45.0,60.0,0.8,11660,31,0.0032159993508992135,0.0035745666402669353,0.0,1.1114948264114122,-0.11149482641141217
right_step,45.0,60.0,0.9,11660,31,0.0032159993508992135,0.0035715670496180227,0.0,1.1105621176880494,-0.11056211768804936
right_step,45.0,60.0,0.95,11660,31,0.0032159993508992135,0.0033846919800913865,0.0,1.0524541863309163,-0.05245418633091625
right_step,45.0,120.0,0.1,11660,31,0.0032159993508992135,0.00015986939155162935,0.0,0.049710641734715795,0.9502893582652842
right_step,45.0,120.0,0.2,11660,31,0.0032159993508992135,8.095408063762377e-05,0.0,0.025172293836125466,0.9748277061638745
right_step,45.0,120.0,0.4,11660,31,0.0032159993508992135,0.0008008954293641579,0.0,0.24903469869800268,0.7509653013019973
right_step,45.0,120.0,0.6,11660,31,0.0032159993508992135,0.0013414882488661474,0.0,0.41712951480884436,0.5828704851911557
right_step,45.0,120.0,0.8,11660,31,0.0032159993508992135,0.0035745666402669353,0.0,1.1114948264114122,-0.11149482641141217
right_step,45.0,120.0,0.9,11660,31,0.0032159993508992135,0.0035715670496180227,0.0,1.1105621176880494,-0.11056211768804936
right_step,45.0,120.0,0.95,11660,31,0.0032159993508992135,0.0033846919800913865,0.0,1.0524541863309163,-0.05245418633091625
right_step,45.0,180.0,0.1,11660,31,0.0032159993508992135,0.00016218368039002719,0.0,0.050430259056078355,0.9495697409439217
right_step,45.0,180.0,0.2,11660,31,0.0032159993508992135,8.109542720088074e-05,0.0,0.02521624489078518,0.9747837551092148
right_step,45.0,180.0,0.4,11660,31,0.0032159993508992135,0.0008008402984313241,0.0,0.24901755599154712,0.7509824440084529
right_step,45.0,180.0,0.6,11660,31,0.0032159993508992135,0.0013404057408996522,0.0,0.41679291400505614,0.5832070859949439
right_step,45.0,180.0,0.8,11660,31,0.0032159993508992135,0.0035746160768288905,0.0,1.1115101984797993,-0.11151019847979926
right_step,45.0,180.0,0.9,11660,31,0.0032159993508992135,0.0035732491488946693,0.0,1.11108515861347,-0.11108515861347001
right_step,45.0,180.0,0.95,11660,31,0.0032159993508992135,0.0033771772530071208,0.0,1.0501175169898094,-0.050117516989809374
right_step,45.0,300.0,0.1,11660,31,0.0032159993508992135,0.00016218368039002719,0.0,0.050430259056078355,0.9495697409439217
right_step,45.0,300.0,0.2,11660,31,0.0032159993508992135,8.109542720088074e-05,0.0,0.02521624489078518,0.9747837551092148
right_step,45.0,300.0,0.4,11660,31,0.0032159993508992135,0.0008008402984313241,0.0,0.24901755599154712,0.7509824440084529
right_step,45.0,300.0,0.6,11660,31,0.0032159993508992135,0.0013404057408996522,0.0,0.41679291400505614,0.5832070859949439
right_step,45.0,300.0,0.8,11660,31,0.0032159993508992135,0.0035746160768288905,0.0,1.1115101984797993,-0.11151019847979926
right_step,45.0,300.0,0.9,11660,31,0.0032159993508992135,0.0035732491488946693,0.0,1.11108515861347,-0.11108515861347001
right_step,45.0,300.0,0.95,11660,31,0.0032159993508992135,0.0033771772530071208,0.0,1.0501175169898094,-0.050117516989809374
right_step,45.0,600.0,0.1,11660,31,0.0032159993508992135,0.00016074938440292563,0.0,0.049984271407884175,0.9500157285921158
right_step,45.0,600.0,0.2,11660,31,0.0032159993508992135,8.113640135473203e-05,0.0,0.02522898561283782,0.9747710143871622
right_step,45.0,600.0,0.4,11660,31,0.0032159993508992135,0.0008007349800738053,0.0,0.24898480773944023,0.7510151922605598
right_step,45.0,600.0,0.6,11660,31,0.0032159993508992135,0.001341607535949673,0.0,0.4171666065711584,0.5828333934288417
right_step,45.0,600.0,0.8,11660,31,0.0032159993508992135,0.0035744974313773937,0.0,1.1114733062299722,-0.1114733062299722
right_step,45.0,600.0,0.9,11660,31,0.0032159993508992135,0.0035730841862888084,0.0,1.1110338642604987,-0.11103386426049866
right_step,45.0,600.0,0.95,11660,31,0.0032159993508992135,0.0033803996262952705,0.0,1.0511194989358719,-0.051119498935871865
right_step,45.0,900.0,0.1,11660,31,0.0032159993508992135,0.00016074938440292563,0.0,0.049984271407884175,0.9500157285921158
right_step,45.0,900.0,0.2,11660,31,0.0032159993508992135,8.113640135473203e-05,0.0,0.02522898561283782,0.9747710143871622
right_step,45.0,900.0,0.4,11660,31,0.0032159993508992135,0.0008007349800738053,0.0,0.24898480773944023,0.7510151922605598
right_step,45.0,900.0,0.6,11660,31,0.0032159993508992135,0.001341607535949673,0.0,0.4171666065711584,0.5828333934288417
right_step,45.0,900.0,0.8,11660,31,0.0032159993508992135,0.0035744974313773937,0.0,1.1114733062299722,-0.1114733062299722
right_step,45.0,900.0,0.9,11660,31,0.0032159993508992135,0.0035730841862888084,0.0,1.1110338642604987,-0.11103386426049866
right_step,45.0,900.0,0.95,11660,31,0.0032159993508992135,0.0033803996262952705,0.0,1.0511194989358719,-0.051119498935871865
right_step,45.0,1200.0,0.1,11660,31,0.0032159993508992135,0.00016074938440292563,0.0,0.049984271407884175,0.9500157285921158
right_step,45.0,1200.0,0.2,11660,31,0.0032159993508992135,8.113640135473203e-05,0.0,0.02522898561283782,0.9747710143871622
right_step,45.0,1200.0,0.4,11660,31,0.0032159993508992135,0.0008007349800738053,0.0,0.24898480773944023,0.7510151922605598
right_step,45.0,1200.0,0.6,11660,31,0.0032159993508992135,0.001341607535949673,0.0,0.4171666065711584,0.5828333934288417
right_step,45.0,1200.0,0.8,11660,31,0.0032159993508992135,0.0035744974313773937,0.0,1.1114733062299722,-0.1114733062299722
right_step,45.0,1200.0,0.9,11660,31,0.0032159993508992135,0.0035730841862888084,0.0,1.1110338642604987,-0.11103386426049866
right_step,45.0,1200.0,0.95,11660,31,0.0032159993508992135,0.0033803996262952705,0.0,1.0511194989358719,-0.051119498935871865
right_step,45.0,1800.0,0.1,11660,31,0.0032159993508992135,0.00016212272690426652,0.0,0.05041130585394428,0.9495886941460557
right_step,45.0,1800.0,0.2,11660,31,0.0032159993508992135,8.095507361392035e-05,0.0,0.025172602597474034,0.974827397402526
right_step,45.0,1800.0,0.4,11660,31,0.0032159993508992135,0.0007965307205332538,0.0,0.24767751284232653,0.7523224871576735
right_step,45.0,1800.0,0.6,11660,31,0.0032159993508992135,0.0013406659104775866,0.0,0.41687381252198574,0.5831261874780143
right_step,45.0,1800.0,0.8,11660,31,0.0032159993508992135,0.0035745974006336605,0.0,1.111504391203991,-0.11150439120399103
right_step,45.0,1800.0,0.9,11660,31,0.0032159993508992135,0.00357319253279251,0.0,1.1110675541005388,-0.11106755410053881
right_step,45.0,1800.0,0.95,11660,31,0.0032159993508992135,0.003381832115304962,0.0,1.0515649247128676,-0.051564924712867555
right_step,45.0,2400.0,0.1,11660,31,0.0032159993508992135,0.00016212272690426652,0.0,0.05041130585394428,0.9495886941460557
right_step,45.0,2400.0,0.2,11660,31,0.0032159993508992135,8.095507361392035e-05,0.0,0.025172602597474034,0.974827397402526
right_step,45.0,2400.0,0.4,11660,31,0.0032159993508992135,0.0007965307205332538,0.0,0.24767751284232653,0.7523224871576735
right_step,45.0,2400.0,0.6,11660,31,0.0032159993508992135,0.0013406659104775866,0.0,0.41687381252198574,0.5831261874780143
right_step,45.0,2400.0,0.8,11660,31,0.0032159993508992135,0.0035745974006336605,0.0,1.111504391203991,-0.11150439120399103
right_step,45.0,2400.0,0.9,11660,31,0.0032159993508992135,0.00357319253279251,0.0,1.1110675541005388,-0.11106755410053881
right_step,45.0,2400.0,0.95,11660,31,0.0032159993508992135,0.003381832115304962,0.0,1.0515649247128676,-0.051564924712867555
right_step,45.0,3600.0,0.1,11305,173,0.00816450216229928,0.01206348721784236,0.0,1.4775533128703404,-0.4775533128703404
right_step,45.0,3600.0,0.2,11305,173,0.00816450216229928,0.006196786116757016,0.0,0.7589913008256074,0.2410086991743926
right_step,45.0,3600.0,0.4,11305,173,0.00816450216229928,0.006058582408741251,0.0,0.7420639113450902,0.2579360886549098
right_step,45.0,3600.0,0.6,11305,173,0.00816450216229928,0.004907540113004409,0.0,0.601082590885413,0.39891740911458695
right_step,45.0,3600.0,0.8,11305,173,0.00816450216229928,0.006951061423517334,0.0,0.8513760282427044,0.14862397175729558
right_step,45.0,3600.0,0.9,11305,173,0.00816450216229928,0.009070477460051485,0.0,1.1109651611013922,-0.1109651611013922
right_step,45.0,3600.0,0.95,11305,173,0.00816450216229928,0.008593809211490085,0.0,1.0525821465481617,-0.052582146548161735
right_step,60.0,1.0,0.1,11629,0,0.0,0.0,0.0,nan,nan
right_step,60.0,1.0,0.2,11629,0,0.0,0.0,0.0,nan,nan
right_step,60.0,1.0,0.4,11629,0,0.0,0.0,0.0,nan,nan
right_step,60.0,1.0,0.6,11629,0,0.0,0.0,0.0,nan,nan
right_step,60.0,1.0,0.8,11629,0,0.0,0.0,0.0,nan,nan
right_step,60.0,1.0,0.9,11629,0,0.0,0.0,0.0,nan,nan
right_step,60.0,1.0,0.95,11629,0,0.0,0.0,0.0,nan,nan
right_step,60.0,2.0,0.1,11629,0,0.0,0.0,0.0,nan,nan
right_step,60.0,2.0,0.2,11629,0,0.0,0.0,0.0,nan,nan
right_step,60.0,2.0,0.4,11629,0,0.0,0.0,0.0,nan,nan
right_step,60.0,2.0,0.6,11629,0,0.0,0.0,0.0,nan,nan
right_step,60.0,2.0,0.8,11629,0,0.0,0.0,0.0,nan,nan
right_step,60.0,2.0,0.9,11629,0,0.0,0.0,0.0,nan,nan
right_step,60.0,2.0,0.95,11629,0,0.0,0.0,0.0,nan,nan
right_step,60.0,3.0,0.1,11629,0,0.0,0.0,0.0,nan,nan
right_step,60.0,3.0,0.2,11629,0,0.0,0.0,0.0,nan,nan
right_step,60.0,3.0,0.4,11629,0,0.0,0.0,0.0,nan,nan
right_step,60.0,3.0,0.6,11629,0,0.0,0.0,0.0,nan,nan
right_step,60.0,3.0,0.8,11629,0,0.0,0.0,0.0,nan,nan
right_step,60.0,3.0,0.9,11629,0,0.0,0.0,0.0,nan,nan
right_step,60.0,3.0,0.95,11629,0,0.0,0.0,0.0,nan,nan
right_step,60.0,5.0,0.1,11629,0,0.0,0.0,0.0,nan,nan
right_step,60.0,5.0,0.2,11629,0,0.0,0.0,0.0,nan,nan
right_step,60.0,5.0,0.4,11629,0,0.0,0.0,0.0,nan,nan
right_step,60.0,5.0,0.6,11629,0,0.0,0.0,0.0,nan,nan
right_step,60.0,5.0,0.8,11629,0,0.0,0.0,0.0,nan,nan
right_step,60.0,5.0,0.9,11629,0,0.0,0.0,0.0,nan,nan
right_step,60.0,5.0,0.95,11629,0,0.0,0.0,0.0,nan,nan
right_step,60.0,10.0,0.1,11629,0,0.0,0.0,0.0,nan,nan
right_step,60.0,10.0,0.2,11629,0,0.0,0.0,0.0,nan,nan
right_step,60.0,10.0,0.4,11629,0,0.0,0.0,0.0,nan,nan
right_step,60.0,10.0,0.6,11629,0,0.0,0.0,0.0,nan,nan
right_step,60.0,10.0,0.8,11629,0,0.0,0.0,0.0,nan,nan
right_step,60.0,10.0,0.9,11629,0,0.0,0.0,0.0,nan,nan
right_step,60.0,10.0,0.95,11629,0,0.0,0.0,0.0,nan,nan
right_step,60.0,20.0,0.1,11629,0,0.0,0.0,0.0,nan,nan
right_step,60.0,20.0,0.2,11629,0,0.0,0.0,0.0,nan,nan
right_step,60.0,20.0,0.4,11629,0,0.0,0.0,0.0,nan,nan
right_step,60.0,20.0,0.6,11629,0,0.0,0.0,0.0,nan,nan
right_step,60.0,20.0,0.8,11629,0,0.0,0.0,0.0,nan,nan
right_step,60.0,20.0,0.9,11629,0,0.0,0.0,0.0,nan,nan
right_step,60.0,20.0,0.95,11629,0,0.0,0.0,0.0,nan,nan
right_step,60.0,30.0,0.1,11629,0,0.0,0.0,0.0,nan,nan
right_step,60.0,30.0,0.2,11629,0,0.0,0.0,0.0,nan,nan
right_step,60.0,30.0,0.4,11629,0,0.0,0.0,0.0,nan,nan
right_step,60.0,30.0,0.6,11629,0,0.0,0.0,0.0,nan,nan
right_step,60.0,30.0,0.8,11629,0,0.0,0.0,0.0,nan,nan
right_step,60.0,30.0,0.9,11629,0,0.0,0.0,0.0,nan,nan
right_step,60.0,30.0,0.95,11629,0,0.0,0.0,0.0,nan,nan
right_step,60.0,60.0,0.1,11629,0,0.0,0.0,0.0,nan,nan
right_step,60.0,60.0,0.2,11629,0,0.0,0.0,0.0,nan,nan
right_step,60.0,60.0,0.4,11629,0,0.0,0.0,0.0,nan,nan
right_step,60.0,60.0,0.6,11629,0,0.0,0.0,0.0,nan,nan
right_step,60.0,60.0,0.8,11629,0,0.0,0.0,0.0,nan,nan
right_step,60.0,60.0,0.9,11629,0,0.0,0.0,0.0,nan,nan
right_step,60.0,60.0,0.95,11629,0,0.0,0.0,0.0,nan,nan
right_step,60.0,120.0,0.1,11629,0,0.0,0.0,0.0,nan,nan
right_step,60.0,120.0,0.2,11629,0,0.0,0.0,0.0,nan,nan
right_step,60.0,120.0,0.4,11629,0,0.0,0.0,0.0,nan,nan
right_step,60.0,120.0,0.6,11629,0,0.0,0.0,0.0,nan,nan
right_step,60.0,120.0,0.8,11629,0,0.0,0.0,0.0,nan,nan
right_step,60.0,120.0,0.9,11629,0,0.0,0.0,0.0,nan,nan
right_step,60.0,120.0,0.95,11629,0,0.0,0.0,0.0,nan,nan
right_step,60.0,180.0,0.1,11629,0,0.0,0.0,0.0,nan,nan
right_step,60.0,180.0,0.2,11629,0,0.0,0.0,0.0,nan,nan
right_step,60.0,180.0,0.4,11629,0,0.0,0.0,0.0,nan,nan
right_step,60.0,180.0,0.6,11629,0,0.0,0.0,0.0,nan,nan
right_step,60.0,180.0,0.8,11629,0,0.0,0.0,0.0,nan,nan
right_step,60.0,180.0,0.9,11629,0,0.0,0.0,0.0,nan,nan
right_step,60.0,180.0,0.95,11629,0,0.0,0.0,0.0,nan,nan
right_step,60.0,300.0,0.1,11629,0,0.0,0.0,0.0,nan,nan
right_step,60.0,300.0,0.2,11629,0,0.0,0.0,0.0,nan,nan
right_step,60.0,300.0,0.4,11629,0,0.0,0.0,0.0,nan,nan
right_step,60.0,300.0,0.6,11629,0,0.0,0.0,0.0,nan,nan
right_step,60.0,300.0,0.8,11629,0,0.0,0.0,0.0,nan,nan
right_step,60.0,300.0,0.9,11629,0,0.0,0.0,0.0,nan,nan
right_step,60.0,300.0,0.95,11629,0,0.0,0.0,0.0,nan,nan
right_step,60.0,600.0,0.1,11629,0,0.0,0.0,0.0,nan,nan
right_step,60.0,600.0,0.2,11629,0,0.0,0.0,0.0,nan,nan
right_step,60.0,600.0,0.4,11629,0,0.0,0.0,0.0,nan,nan
right_step,60.0,600.0,0.6,11629,0,0.0,0.0,0.0,nan,nan
right_step,60.0,600.0,0.8,11629,0,0.0,0.0,0.0,nan,nan
right_step,60.0,600.0,0.9,11629,0,0.0,0.0,0.0,nan,nan
right_step,60.0,600.0,0.95,11629,0,0.0,0.0,0.0,nan,nan
right_step,60.0,900.0,0.1,11629,0,0.0,0.0,0.0,nan,nan
right_step,60.0,900.0,0.2,11629,0,0.0,0.0,0.0,nan,nan
right_step,60.0,900.0,0.4,11629,0,0.0,0.0,0.0,nan,nan
right_step,60.0,900.0,0.6,11629,0,0.0,0.0,0.0,nan,nan
right_step,60.0,900.0,0.8,11629,0,0.0,0.0,0.0,nan,nan
right_step,60.0,900.0,0.9,11629,0,0.0,0.0,0.0,nan,nan
right_step,60.0,900.0,0.95,11629,0,0.0,0.0,0.0,nan,nan
right_step,60.0,1200.0,0.1,11629,0,0.0,0.0,0.0,nan,nan
right_step,60.0,1200.0,0.2,11629,0,0.0,0.0,0.0,nan,nan
right_step,60.0,1200.0,0.4,11629,0,0.0,0.0,0.0,nan,nan
right_step,60.0,1200.0,0.6,11629,0,0.0,0.0,0.0,nan,nan
right_step,60.0,1200.0,0.8,11629,0,0.0,0.0,0.0,nan,nan
right_step,60.0,1200.0,0.9,11629,0,0.0,0.0,0.0,nan,nan
right_step,60.0,1200.0,0.95,11629,0,0.0,0.0,0.0,nan,nan
right_step,60.0,1800.0,0.1,11629,0,0.0,0.0,0.0,nan,nan
right_step,60.0,1800.0,0.2,11629,0,0.0,0.0,0.0,nan,nan
right_step,60.0,1800.0,0.4,11629,0,0.0,0.0,0.0,nan,nan
right_step,60.0,1800.0,0.6,11629,0,0.0,0.0,0.0,nan,nan
right_step,60.0,1800.0,0.8,11629,0,0.0,0.0,0.0,nan,nan
right_step,60.0,1800.0,0.9,11629,0,0.0,0.0,0.0,nan,nan
right_step,60.0,1800.0,0.95,11629,0,0.0,0.0,0.0,nan,nan
right_step,60.0,2400.0,0.1,11629,0,0.0,0.0,0.0,nan,nan
right_step,60.0,2400.0,0.2,11629,0,0.0,0.0,0.0,nan,nan
right_step,60.0,2400.0,0.4,11629,0,0.0,0.0,0.0,nan,nan
right_step,60.0,2400.0,0.6,11629,0,0.0,0.0,0.0,nan,nan
right_step,60.0,2400.0,0.8,11629,0,0.0,0.0,0.0,nan,nan
right_step,60.0,2400.0,0.9,11629,0,0.0,0.0,0.0,nan,nan
right_step,60.0,2400.0,0.95,11629,0,0.0,0.0,0.0,nan,nan
right_step,60.0,3600.0,0.1,11274,142,0.004852667460936014,0.0003596681869662371,0.0,0.07411762496844611,0.9258823750315539
right_step,60.0,3600.0,0.2,11274,142,0.004852667460936014,0.003284891286044506,0.0,0.6769248691545195,0.32307513084548045
right_step,60.0,3600.0,0.4,11274,142,0.004852667460936014,0.004208851845100996,0.0,0.867327481015805,0.13267251898419496
right_step,60.0,3600.0,0.6,11274,142,0.004852667460936014,0.002792603912859256,0.0,0.5754781128811576,0.4245218871188424
right_step,60.0,3600.0,0.8,11274,142,0.004852667460936014,0.0031942473572601606,0.0,0.6582456727096716,0.3417543272903284
right_step,60.0,3600.0,0.9,11274,142,0.004852667460936014,0.004964266245542144,0.0,1.0229974102912471,-0.022997410291247133
right_step,60.0,3600.0,0.95,11274,142,0.004852667460936014,0.004721728873400274,0.0,0.9730171934117068,0.026982806588293218
right_step,90.0,1.0,0.1,11629,0,0.0,0.0,0.0,nan,nan
right_step,90.0,1.0,0.2,11629,0,0.0,0.0,0.0,nan,nan
right_step,90.0,1.0,0.4,11629,0,0.0,0.0,0.0,nan,nan
right_step,90.0,1.0,0.6,11629,0,0.0,0.0,0.0,nan,nan
right_step,90.0,1.0,0.8,11629,0,0.0,0.0,0.0,nan,nan
right_step,90.0,1.0,0.9,11629,0,0.0,0.0,0.0,nan,nan
right_step,90.0,1.0,0.95,11629,0,0.0,0.0,0.0,nan,nan
right_step,90.0,2.0,0.1,11629,0,0.0,0.0,0.0,nan,nan
right_step,90.0,2.0,0.2,11629,0,0.0,0.0,0.0,nan,nan
right_step,90.0,2.0,0.4,11629,0,0.0,0.0,0.0,nan,nan
right_step,90.0,2.0,0.6,11629,0,0.0,0.0,0.0,nan,nan
right_step,90.0,2.0,0.8,11629,0,0.0,0.0,0.0,nan,nan
right_step,90.0,2.0,0.9,11629,0,0.0,0.0,0.0,nan,nan
right_step,90.0,2.0,0.95,11629,0,0.0,0.0,0.0,nan,nan
right_step,90.0,3.0,0.1,11629,0,0.0,0.0,0.0,nan,nan
right_step,90.0,3.0,0.2,11629,0,0.0,0.0,0.0,nan,nan
right_step,90.0,3.0,0.4,11629,0,0.0,0.0,0.0,nan,nan
right_step,90.0,3.0,0.6,11629,0,0.0,0.0,0.0,nan,nan
right_step,90.0,3.0,0.8,11629,0,0.0,0.0,0.0,nan,nan
right_step,90.0,3.0,0.9,11629,0,0.0,0.0,0.0,nan,nan
right_step,90.0,3.0,0.95,11629,0,0.0,0.0,0.0,nan,nan
right_step,90.0,5.0,0.1,11629,0,0.0,0.0,0.0,nan,nan
right_step,90.0,5.0,0.2,11629,0,0.0,0.0,0.0,nan,nan
right_step,90.0,5.0,0.4,11629,0,0.0,0.0,0.0,nan,nan
right_step,90.0,5.0,0.6,11629,0,0.0,0.0,0.0,nan,nan
right_step,90.0,5.0,0.8,11629,0,0.0,0.0,0.0,nan,nan
right_step,90.0,5.0,0.9,11629,0,0.0,0.0,0.0,nan,nan
right_step,90.0,5.0,0.95,11629,0,0.0,0.0,0.0,nan,nan
right_step,90.0,10.0,0.1,11629,0,0.0,0.0,0.0,nan,nan
right_step,90.0,10.0,0.2,11629,0,0.0,0.0,0.0,nan,nan
right_step,90.0,10.0,0.4,11629,0,0.0,0.0,0.0,nan,nan
right_step,90.0,10.0,0.6,11629,0,0.0,0.0,0.0,nan,nan
right_step,90.0,10.0,0.8,11629,0,0.0,0.0,0.0,nan,nan
right_step,90.0,10.0,0.9,11629,0,0.0,0.0,0.0,nan,nan
right_step,90.0,10.0,0.95,11629,0,0.0,0.0,0.0,nan,nan
right_step,90.0,20.0,0.1,11629,0,0.0,0.0,0.0,nan,nan
right_step,90.0,20.0,0.2,11629,0,0.0,0.0,0.0,nan,nan
right_step,90.0,20.0,0.4,11629,0,0.0,0.0,0.0,nan,nan
right_step,90.0,20.0,0.6,11629,0,0.0,0.0,0.0,nan,nan
right_step,90.0,20.0,0.8,11629,0,0.0,0.0,0.0,nan,nan
right_step,90.0,20.0,0.9,11629,0,0.0,0.0,0.0,nan,nan
right_step,90.0,20.0,0.95,11629,0,0.0,0.0,0.0,nan,nan
right_step,90.0,30.0,0.1,11629,0,0.0,0.0,0.0,nan,nan
right_step,90.0,30.0,0.2,11629,0,0.0,0.0,0.0,nan,nan
right_step,90.0,30.0,0.4,11629,0,0.0,0.0,0.0,nan,nan
right_step,90.0,30.0,0.6,11629,0,0.0,0.0,0.0,nan,nan
right_step,90.0,30.0,0.8,11629,0,0.0,0.0,0.0,nan,nan
right_step,90.0,30.0,0.9,11629,0,0.0,0.0,0.0,nan,nan
right_step,90.0,30.0,0.95,11629,0,0.0,0.0,0.0,nan,nan
right_step,90.0,60.0,0.1,11629,0,0.0,0.0,0.0,nan,nan
right_step,90.0,60.0,0.2,11629,0,0.0,0.0,0.0,nan,nan
right_step,90.0,60.0,0.4,11629,0,0.0,0.0,0.0,nan,nan
right_step,90.0,60.0,0.6,11629,0,0.0,0.0,0.0,nan,nan
right_step,90.0,60.0,0.8,11629,0,0.0,0.0,0.0,nan,nan
right_step,90.0,60.0,0.9,11629,0,0.0,0.0,0.0,nan,nan
right_step,90.0,60.0,0.95,11629,0,0.0,0.0,0.0,nan,nan
right_step,90.0,120.0,0.1,11629,0,0.0,0.0,0.0,nan,nan
right_step,90.0,120.0,0.2,11629,0,0.0,0.0,0.0,nan,nan
right_step,90.0,120.0,0.4,11629,0,0.0,0.0,0.0,nan,nan
right_step,90.0,120.0,0.6,11629,0,0.0,0.0,0.0,nan,nan
right_step,90.0,120.0,0.8,11629,0,0.0,0.0,0.0,nan,nan
right_step,90.0,120.0,0.9,11629,0,0.0,0.0,0.0,nan,nan
right_step,90.0,120.0,0.95,11629,0,0.0,0.0,0.0,nan,nan
right_step,90.0,180.0,0.1,11629,0,0.0,0.0,0.0,nan,nan
right_step,90.0,180.0,0.2,11629,0,0.0,0.0,0.0,nan,nan
right_step,90.0,180.0,0.4,11629,0,0.0,0.0,0.0,nan,nan
right_step,90.0,180.0,0.6,11629,0,0.0,0.0,0.0,nan,nan
right_step,90.0,180.0,0.8,11629,0,0.0,0.0,0.0,nan,nan
right_step,90.0,180.0,0.9,11629,0,0.0,0.0,0.0,nan,nan
right_step,90.0,180.0,0.95,11629,0,0.0,0.0,0.0,nan,nan
right_step,90.0,300.0,0.1,11629,0,0.0,0.0,0.0,nan,nan
right_step,90.0,300.0,0.2,11629,0,0.0,0.0,0.0,nan,nan
right_step,90.0,300.0,0.4,11629,0,0.0,0.0,0.0,nan,nan
right_step,90.0,300.0,0.6,11629,0,0.0,0.0,0.0,nan,nan
right_step,90.0,300.0,0.8,11629,0,0.0,0.0,0.0,nan,nan
right_step,90.0,300.0,0.9,11629,0,0.0,0.0,0.0,nan,nan
right_step,90.0,300.0,0.95,11629,0,0.0,0.0,0.0,nan,nan
right_step,90.0,600.0,0.1,11629,0,0.0,0.0,0.0,nan,nan
right_step,90.0,600.0,0.2,11629,0,0.0,0.0,0.0,nan,nan
right_step,90.0,600.0,0.4,11629,0,0.0,0.0,0.0,nan,nan
right_step,90.0,600.0,0.6,11629,0,0.0,0.0,0.0,nan,nan
right_step,90.0,600.0,0.8,11629,0,0.0,0.0,0.0,nan,nan
right_step,90.0,600.0,0.9,11629,0,0.0,0.0,0.0,nan,nan
right_step,90.0,600.0,0.95,11629,0,0.0,0.0,0.0,nan,nan
right_step,90.0,900.0,0.1,11629,0,0.0,0.0,0.0,nan,nan
right_step,90.0,900.0,0.2,11629,0,0.0,0.0,0.0,nan,nan
right_step,90.0,900.0,0.4,11629,0,0.0,0.0,0.0,nan,nan
right_step,90.0,900.0,0.6,11629,0,0.0,0.0,0.0,nan,nan
right_step,90.0,900.0,0.8,11629,0,0.0,0.0,0.0,nan,nan
right_step,90.0,900.0,0.9,11629,0,0.0,0.0,0.0,nan,nan
right_step,90.0,900.0,0.95,11629,0,0.0,0.0,0.0,nan,nan
right_step,90.0,1200.0,0.1,11629,0,0.0,0.0,0.0,nan,nan
right_step,90.0,1200.0,0.2,11629,0,0.0,0.0,0.0,nan,nan
right_step,90.0,1200.0,0.4,11629,0,0.0,0.0,0.0,nan,nan
right_step,90.0,1200.0,0.6,11629,0,0.0,0.0,0.0,nan,nan
right_step,90.0,1200.0,0.8,11629,0,0.0,0.0,0.0,nan,nan
right_step,90.0,1200.0,0.9,11629,0,0.0,0.0,0.0,nan,nan
right_step,90.0,1200.0,0.95,11629,0,0.0,0.0,0.0,nan,nan
right_step,90.0,1800.0,0.1,11629,0,0.0,0.0,0.0,nan,nan
right_step,90.0,1800.0,0.2,11629,0,0.0,0.0,0.0,nan,nan
right_step,90.0,1800.0,0.4,11629,0,0.0,0.0,0.0,nan,nan
right_step,90.0,1800.0,0.6,11629,0,0.0,0.0,0.0,nan,nan
right_step,90.0,1800.0,0.8,11629,0,0.0,0.0,0.0,nan,nan
right_step,90.0,1800.0,0.9,11629,0,0.0,0.0,0.0,nan,nan
right_step,90.0,1800.0,0.95,11629,0,0.0,0.0,0.0,nan,nan
right_step,90.0,2400.0,0.1,11629,0,0.0,0.0,0.0,nan,nan
right_step,90.0,2400.0,0.2,11629,0,0.0,0.0,0.0,nan,nan
right_step,90.0,2400.0,0.4,11629,0,0.0,0.0,0.0,nan,nan
right_step,90.0,2400.0,0.6,11629,0,0.0,0.0,0.0,nan,nan
right_step,90.0,2400.0,0.8,11629,0,0.0,0.0,0.0,nan,nan
right_step,90.0,2400.0,0.9,11629,0,0.0,0.0,0.0,nan,nan
right_step,90.0,2400.0,0.95,11629,0,0.0,0.0,0.0,nan,nan
right_step,90.0,3600.0,0.1,11274,142,0.004852667460936014,0.0003596681869662371,0.0,0.07411762496844611,0.9258823750315539
right_step,90.0,3600.0,0.2,11274,142,0.004852667460936014,0.003284891286044506,0.0,0.6769248691545195,0.32307513084548045
right_step,90.0,3600.0,0.4,11274,142,0.004852667460936014,0.004208851845100996,0.0,0.867327481015805,0.13267251898419496
right_step,90.0,3600.0,0.6,11274,142,0.004852667460936014,0.002792603912859256,0.0,0.5754781128811576,0.4245218871188424
right_step,90.0,3600.0,0.8,11274,142,0.004852667460936014,0.0031942473572601606,0.0,0.6582456727096716,0.3417543272903284
right_step,90.0,3600.0,0.9,11274,142,0.004852667460936014,0.004964266245542144,0.0,1.0229974102912471,-0.022997410291247133
right_step,90.0,3600.0,0.95,11274,142,0.004852667460936014,0.004721728873400274,0.0,0.9730171934117068,0.026982806588293218
right_step,120.0,1.0,0.1,11629,0,0.0,0.0,0.0,nan,nan
right_step,120.0,1.0,0.2,11629,0,0.0,0.0,0.0,nan,nan
right_step,120.0,1.0,0.4,11629,0,0.0,0.0,0.0,nan,nan
right_step,120.0,1.0,0.6,11629,0,0.0,0.0,0.0,nan,nan
right_step,120.0,1.0,0.8,11629,0,0.0,0.0,0.0,nan,nan
right_step,120.0,1.0,0.9,11629,0,0.0,0.0,0.0,nan,nan
right_step,120.0,1.0,0.95,11629,0,0.0,0.0,0.0,nan,nan
right_step,120.0,2.0,0.1,11629,0,0.0,0.0,0.0,nan,nan
right_step,120.0,2.0,0.2,11629,0,0.0,0.0,0.0,nan,nan
right_step,120.0,2.0,0.4,11629,0,0.0,0.0,0.0,nan,nan
right_step,120.0,2.0,0.6,11629,0,0.0,0.0,0.0,nan,nan
right_step,120.0,2.0,0.8,11629,0,0.0,0.0,0.0,nan,nan
right_step,120.0,2.0,0.9,11629,0,0.0,0.0,0.0,nan,nan
right_step,120.0,2.0,0.95,11629,0,0.0,0.0,0.0,nan,nan
right_step,120.0,3.0,0.1,11629,0,0.0,0.0,0.0,nan,nan
right_step,120.0,3.0,0.2,11629,0,0.0,0.0,0.0,nan,nan
right_step,120.0,3.0,0.4,11629,0,0.0,0.0,0.0,nan,nan
right_step,120.0,3.0,0.6,11629,0,0.0,0.0,0.0,nan,nan
right_step,120.0,3.0,0.8,11629,0,0.0,0.0,0.0,nan,nan
right_step,120.0,3.0,0.9,11629,0,0.0,0.0,0.0,nan,nan
right_step,120.0,3.0,0.95,11629,0,0.0,0.0,0.0,nan,nan
right_step,120.0,5.0,0.1,11629,0,0.0,0.0,0.0,nan,nan
right_step,120.0,5.0,0.2,11629,0,0.0,0.0,0.0,nan,nan
right_step,120.0,5.0,0.4,11629,0,0.0,0.0,0.0,nan,nan
right_step,120.0,5.0,0.6,11629,0,0.0,0.0,0.0,nan,nan
right_step,120.0,5.0,0.8,11629,0,0.0,0.0,0.0,nan,nan
right_step,120.0,5.0,0.9,11629,0,0.0,0.0,0.0,nan,nan
right_step,120.0,5.0,0.95,11629,0,0.0,0.0,0.0,nan,nan
right_step,120.0,10.0,0.1,11629,0,0.0,0.0,0.0,nan,nan
right_step,120.0,10.0,0.2,11629,0,0.0,0.0,0.0,nan,nan
right_step,120.0,10.0,0.4,11629,0,0.0,0.0,0.0,nan,nan
right_step,120.0,10.0,0.6,11629,0,0.0,0.0,0.0,nan,nan
right_step,120.0,10.0,0.8,11629,0,0.0,0.0,0.0,nan,nan
right_step,120.0,10.0,0.9,11629,0,0.0,0.0,0.0,nan,nan
right_step,120.0,10.0,0.95,11629,0,0.0,0.0,0.0,nan,nan
right_step,120.0,20.0,0.1,11629,0,0.0,0.0,0.0,nan,nan
right_step,120.0,20.0,0.2,11629,0,0.0,0.0,0.0,nan,nan
right_step,120.0,20.0,0.4,11629,0,0.0,0.0,0.0,nan,nan
right_step,120.0,20.0,0.6,11629,0,0.0,0.0,0.0,nan,nan
right_step,120.0,20.0,0.8,11629,0,0.0,0.0,0.0,nan,nan
right_step,120.0,20.0,0.9,11629,0,0.0,0.0,0.0,nan,nan
right_step,120.0,20.0,0.95,11629,0,0.0,0.0,0.0,nan,nan
right_step,120.0,30.0,0.1,11629,0,0.0,0.0,0.0,nan,nan
right_step,120.0,30.0,0.2,11629,0,0.0,0.0,0.0,nan,nan
right_step,120.0,30.0,0.4,11629,0,0.0,0.0,0.0,nan,nan
right_step,120.0,30.0,0.6,11629,0,0.0,0.0,0.0,nan,nan
right_step,120.0,30.0,0.8,11629,0,0.0,0.0,0.0,nan,nan
right_step,120.0,30.0,0.9,11629,0,0.0,0.0,0.0,nan,nan
right_step,120.0,30.0,0.95,11629,0,0.0,0.0,0.0,nan,nan
right_step,120.0,60.0,0.1,11629,0,0.0,0.0,0.0,nan,nan
right_step,120.0,60.0,0.2,11629,0,0.0,0.0,0.0,nan,nan
right_step,120.0,60.0,0.4,11629,0,0.0,0.0,0.0,nan,nan
right_step,120.0,60.0,0.6,11629,0,0.0,0.0,0.0,nan,nan
right_step,120.0,60.0,0.8,11629,0,0.0,0.0,0.0,nan,nan
right_step,120.0,60.0,0.9,11629,0,0.0,0.0,0.0,nan,nan
right_step,120.0,60.0,0.95,11629,0,0.0,0.0,0.0,nan,nan
right_step,120.0,120.0,0.1,11629,0,0.0,0.0,0.0,nan,nan
right_step,120.0,120.0,0.2,11629,0,0.0,0.0,0.0,nan,nan
right_step,120.0,120.0,0.4,11629,0,0.0,0.0,0.0,nan,nan
right_step,120.0,120.0,0.6,11629,0,0.0,0.0,0.0,nan,nan
right_step,120.0,120.0,0.8,11629,0,0.0,0.0,0.0,nan,nan
right_step,120.0,120.0,0.9,11629,0,0.0,0.0,0.0,nan,nan
right_step,120.0,120.0,0.95,11629,0,0.0,0.0,0.0,nan,nan
right_step,120.0,180.0,0.1,11629,0,0.0,0.0,0.0,nan,nan
right_step,120.0,180.0,0.2,11629,0,0.0,0.0,0.0,nan,nan
right_step,120.0,180.0,0.4,11629,0,0.0,0.0,0.0,nan,nan
right_step,120.0,180.0,0.6,11629,0,0.0,0.0,0.0,nan,nan
right_step,120.0,180.0,0.8,11629,0,0.0,0.0,0.0,nan,nan
right_step,120.0,180.0,0.9,11629,0,0.0,0.0,0.0,nan,nan
right_step,120.0,180.0,0.95,11629,0,0.0,0.0,0.0,nan,nan
right_step,120.0,300.0,0.1,11629,0,0.0,0.0,0.0,nan,nan
right_step,120.0,300.0,0.2,11629,0,0.0,0.0,0.0,nan,nan
right_step,120.0,300.0,0.4,11629,0,0.0,0.0,0.0,nan,nan
right_step,120.0,300.0,0.6,11629,0,0.0,0.0,0.0,nan,nan
right_step,120.0,300.0,0.8,11629,0,0.0,0.0,0.0,nan,nan
right_step,120.0,300.0,0.9,11629,0,0.0,0.0,0.0,nan,nan
right_step,120.0,300.0,0.95,11629,0,0.0,0.0,0.0,nan,nan
right_step,120.0,600.0,0.1,11629,0,0.0,0.0,0.0,nan,nan
right_step,120.0,600.0,0.2,11629,0,0.0,0.0,0.0,nan,nan
right_step,120.0,600.0,0.4,11629,0,0.0,0.0,0.0,nan,nan
right_step,120.0,600.0,0.6,11629,0,0.0,0.0,0.0,nan,nan
right_step,120.0,600.0,0.8,11629,0,0.0,0.0,0.0,nan,nan
right_step,120.0,600.0,0.9,11629,0,0.0,0.0,0.0,nan,nan
right_step,120.0,600.0,0.95,11629,0,0.0,0.0,0.0,nan,nan
right_step,120.0,900.0,0.1,11629,0,0.0,0.0,0.0,nan,nan
right_step,120.0,900.0,0.2,11629,0,0.0,0.0,0.0,nan,nan
right_step,120.0,900.0,0.4,11629,0,0.0,0.0,0.0,nan,nan
right_step,120.0,900.0,0.6,11629,0,0.0,0.0,0.0,nan,nan
right_step,120.0,900.0,0.8,11629,0,0.0,0.0,0.0,nan,nan
right_step,120.0,900.0,0.9,11629,0,0.0,0.0,0.0,nan,nan
right_step,120.0,900.0,0.95,11629,0,0.0,0.0,0.0,nan,nan
right_step,120.0,1200.0,0.1,11629,0,0.0,0.0,0.0,nan,nan
right_step,120.0,1200.0,0.2,11629,0,0.0,0.0,0.0,nan,nan
right_step,120.0,1200.0,0.4,11629,0,0.0,0.0,0.0,nan,nan
right_step,120.0,1200.0,0.6,11629,0,0.0,0.0,0.0,nan,nan
right_step,120.0,1200.0,0.8,11629,0,0.0,0.0,0.0,nan,nan
right_step,120.0,1200.0,0.9,11629,0,0.0,0.0,0.0,nan,nan
right_step,120.0,1200.0,0.95,11629,0,0.0,0.0,0.0,nan,nan
right_step,120.0,1800.0,0.1,11629,0,0.0,0.0,0.0,nan,nan
right_step,120.0,1800.0,0.2,11629,0,0.0,0.0,0.0,nan,nan
right_step,120.0,1800.0,0.4,11629,0,0.0,0.0,0.0,nan,nan
right_step,120.0,1800.0,0.6,11629,0,0.0,0.0,0.0,nan,nan
right_step,120.0,1800.0,0.8,11629,0,0.0,0.0,0.0,nan,nan
right_step,120.0,1800.0,0.9,11629,0,0.0,0.0,0.0,nan,nan
right_step,120.0,1800.0,0.95,11629,0,0.0,0.0,0.0,nan,nan
right_step,120.0,2400.0,0.1,11629,0,0.0,0.0,0.0,nan,nan
right_step,120.0,2400.0,0.2,11629,0,0.0,0.0,0.0,nan,nan
right_step,120.0,2400.0,0.4,11629,0,0.0,0.0,0.0,nan,nan
right_step,120.0,2400.0,0.6,11629,0,0.0,0.0,0.0,nan,nan
right_step,120.0,2400.0,0.8,11629,0,0.0,0.0,0.0,nan,nan
right_step,120.0,2400.0,0.9,11629,0,0.0,0.0,0.0,nan,nan
right_step,120.0,2400.0,0.95,11629,0,0.0,0.0,0.0,nan,nan
right_step,120.0,3600.0,0.1,11274,142,0.004852667460936014,0.0003596681869662371,0.0,0.07411762496844611,0.9258823750315539
right_step,120.0,3600.0,0.2,11274,142,0.004852667460936014,0.003284891286044506,0.0,0.6769248691545195,0.32307513084548045
right_step,120.0,3600.0,0.4,11274,142,0.004852667460936014,0.004208851845100996,0.0,0.867327481015805,0.13267251898419496
right_step,120.0,3600.0,0.6,11274,142,0.004852667460936014,0.002792603912859256,0.0,0.5754781128811576,0.4245218871188424
right_step,120.0,3600.0,0.8,11274,142,0.004852667460936014,0.0031942473572601606,0.0,0.6582456727096716,0.3417543272903284
right_step,120.0,3600.0,0.9,11274,142,0.004852667460936014,0.004964266245542144,0.0,1.0229974102912471,-0.022997410291247133
right_step,120.0,3600.0,0.95,11274,142,0.004852667460936014,0.004721728873400274,0.0,0.9730171934117068,0.026982806588293218
right_step,180.0,1.0,0.1,11629,0,0.0,0.0,0.0,nan,nan
right_step,180.0,1.0,0.2,11629,0,0.0,0.0,0.0,nan,nan
right_step,180.0,1.0,0.4,11629,0,0.0,0.0,0.0,nan,nan
right_step,180.0,1.0,0.6,11629,0,0.0,0.0,0.0,nan,nan
right_step,180.0,1.0,0.8,11629,0,0.0,0.0,0.0,nan,nan
right_step,180.0,1.0,0.9,11629,0,0.0,0.0,0.0,nan,nan
right_step,180.0,1.0,0.95,11629,0,0.0,0.0,0.0,nan,nan
right_step,180.0,2.0,0.1,11629,0,0.0,0.0,0.0,nan,nan
right_step,180.0,2.0,0.2,11629,0,0.0,0.0,0.0,nan,nan
right_step,180.0,2.0,0.4,11629,0,0.0,0.0,0.0,nan,nan
right_step,180.0,2.0,0.6,11629,0,0.0,0.0,0.0,nan,nan
right_step,180.0,2.0,0.8,11629,0,0.0,0.0,0.0,nan,nan
right_step,180.0,2.0,0.9,11629,0,0.0,0.0,0.0,nan,nan
right_step,180.0,2.0,0.95,11629,0,0.0,0.0,0.0,nan,nan
right_step,180.0,3.0,0.1,11629,0,0.0,0.0,0.0,nan,nan
right_step,180.0,3.0,0.2,11629,0,0.0,0.0,0.0,nan,nan
right_step,180.0,3.0,0.4,11629,0,0.0,0.0,0.0,nan,nan
right_step,180.0,3.0,0.6,11629,0,0.0,0.0,0.0,nan,nan
right_step,180.0,3.0,0.8,11629,0,0.0,0.0,0.0,nan,nan
right_step,180.0,3.0,0.9,11629,0,0.0,0.0,0.0,nan,nan
right_step,180.0,3.0,0.95,11629,0,0.0,0.0,0.0,nan,nan
right_step,180.0,5.0,0.1,11629,0,0.0,0.0,0.0,nan,nan
right_step,180.0,5.0,0.2,11629,0,0.0,0.0,0.0,nan,nan
right_step,180.0,5.0,0.4,11629,0,0.0,0.0,0.0,nan,nan
right_step,180.0,5.0,0.6,11629,0,0.0,0.0,0.0,nan,nan
right_step,180.0,5.0,0.8,11629,0,0.0,0.0,0.0,nan,nan
right_step,180.0,5.0,0.9,11629,0,0.0,0.0,0.0,nan,nan
right_step,180.0,5.0,0.95,11629,0,0.0,0.0,0.0,nan,nan
right_step,180.0,10.0,0.1,11629,0,0.0,0.0,0.0,nan,nan
right_step,180.0,10.0,0.2,11629,0,0.0,0.0,0.0,nan,nan
right_step,180.0,10.0,0.4,11629,0,0.0,0.0,0.0,nan,nan
right_step,180.0,10.0,0.6,11629,0,0.0,0.0,0.0,nan,nan
right_step,180.0,10.0,0.8,11629,0,0.0,0.0,0.0,nan,nan
right_step,180.0,10.0,0.9,11629,0,0.0,0.0,0.0,nan,nan
right_step,180.0,10.0,0.95,11629,0,0.0,0.0,0.0,nan,nan
right_step,180.0,20.0,0.1,11629,0,0.0,0.0,0.0,nan,nan
right_step,180.0,20.0,0.2,11629,0,0.0,0.0,0.0,nan,nan
right_step,180.0,20.0,0.4,11629,0,0.0,0.0,0.0,nan,nan
right_step,180.0,20.0,0.6,11629,0,0.0,0.0,0.0,nan,nan
right_step,180.0,20.0,0.8,11629,0,0.0,0.0,0.0,nan,nan
right_step,180.0,20.0,0.9,11629,0,0.0,0.0,0.0,nan,nan
right_step,180.0,20.0,0.95,11629,0,0.0,0.0,0.0,nan,nan
right_step,180.0,30.0,0.1,11629,0,0.0,0.0,0.0,nan,nan
right_step,180.0,30.0,0.2,11629,0,0.0,0.0,0.0,nan,nan
right_step,180.0,30.0,0.4,11629,0,0.0,0.0,0.0,nan,nan
right_step,180.0,30.0,0.6,11629,0,0.0,0.0,0.0,nan,nan
right_step,180.0,30.0,0.8,11629,0,0.0,0.0,0.0,nan,nan
right_step,180.0,30.0,0.9,11629,0,0.0,0.0,0.0,nan,nan
right_step,180.0,30.0,0.95,11629,0,0.0,0.0,0.0,nan,nan
right_step,180.0,60.0,0.1,11629,0,0.0,0.0,0.0,nan,nan
right_step,180.0,60.0,0.2,11629,0,0.0,0.0,0.0,nan,nan
right_step,180.0,60.0,0.4,11629,0,0.0,0.0,0.0,nan,nan
right_step,180.0,60.0,0.6,11629,0,0.0,0.0,0.0,nan,nan
right_step,180.0,60.0,0.8,11629,0,0.0,0.0,0.0,nan,nan
right_step,180.0,60.0,0.9,11629,0,0.0,0.0,0.0,nan,nan
right_step,180.0,60.0,0.95,11629,0,0.0,0.0,0.0,nan,nan
right_step,180.0,120.0,0.1,11629,0,0.0,0.0,0.0,nan,nan
right_step,180.0,120.0,0.2,11629,0,0.0,0.0,0.0,nan,nan
right_step,180.0,120.0,0.4,11629,0,0.0,0.0,0.0,nan,nan
right_step,180.0,120.0,0.6,11629,0,0.0,0.0,0.0,nan,nan
right_step,180.0,120.0,0.8,11629,0,0.0,0.0,0.0,nan,nan
right_step,180.0,120.0,0.9,11629,0,0.0,0.0,0.0,nan,nan
right_step,180.0,120.0,0.95,11629,0,0.0,0.0,0.0,nan,nan
right_step,180.0,180.0,0.1,11629,0,0.0,0.0,0.0,nan,nan
right_step,180.0,180.0,0.2,11629,0,0.0,0.0,0.0,nan,nan
right_step,180.0,180.0,0.4,11629,0,0.0,0.0,0.0,nan,nan
right_step,180.0,180.0,0.6,11629,0,0.0,0.0,0.0,nan,nan
right_step,180.0,180.0,0.8,11629,0,0.0,0.0,0.0,nan,nan
right_step,180.0,180.0,0.9,11629,0,0.0,0.0,0.0,nan,nan
right_step,180.0,180.0,0.95,11629,0,0.0,0.0,0.0,nan,nan
right_step,180.0,300.0,0.1,11629,0,0.0,0.0,0.0,nan,nan
right_step,180.0,300.0,0.2,11629,0,0.0,0.0,0.0,nan,nan
right_step,180.0,300.0,0.4,11629,0,0.0,0.0,0.0,nan,nan
right_step,180.0,300.0,0.6,11629,0,0.0,0.0,0.0,nan,nan
right_step,180.0,300.0,0.8,11629,0,0.0,0.0,0.0,nan,nan
right_step,180.0,300.0,0.9,11629,0,0.0,0.0,0.0,nan,nan
right_step,180.0,300.0,0.95,11629,0,0.0,0.0,0.0,nan,nan
right_step,180.0,600.0,0.1,11629,0,0.0,0.0,0.0,nan,nan
right_step,180.0,600.0,0.2,11629,0,0.0,0.0,0.0,nan,nan
right_step,180.0,600.0,0.4,11629,0,0.0,0.0,0.0,nan,nan
right_step,180.0,600.0,0.6,11629,0,0.0,0.0,0.0,nan,nan
right_step,180.0,600.0,0.8,11629,0,0.0,0.0,0.0,nan,nan
right_step,180.0,600.0,0.9,11629,0,0.0,0.0,0.0,nan,nan
right_step,180.0,600.0,0.95,11629,0,0.0,0.0,0.0,nan,nan
right_step,180.0,900.0,0.1,11629,0,0.0,0.0,0.0,nan,nan
right_step,180.0,900.0,0.2,11629,0,0.0,0.0,0.0,nan,nan
right_step,180.0,900.0,0.4,11629,0,0.0,0.0,0.0,nan,nan
right_step,180.0,900.0,0.6,11629,0,0.0,0.0,0.0,nan,nan
right_step,180.0,900.0,0.8,11629,0,0.0,0.0,0.0,nan,nan
right_step,180.0,900.0,0.9,11629,0,0.0,0.0,0.0,nan,nan
right_step,180.0,900.0,0.95,11629,0,0.0,0.0,0.0,nan,nan
right_step,180.0,1200.0,0.1,11629,0,0.0,0.0,0.0,nan,nan
right_step,180.0,1200.0,0.2,11629,0,0.0,0.0,0.0,nan,nan
right_step,180.0,1200.0,0.4,11629,0,0.0,0.0,0.0,nan,nan
right_step,180.0,1200.0,0.6,11629,0,0.0,0.0,0.0,nan,nan
right_step,180.0,1200.0,0.8,11629,0,0.0,0.0,0.0,nan,nan
right_step,180.0,1200.0,0.9,11629,0,0.0,0.0,0.0,nan,nan
right_step,180.0,1200.0,0.95,11629,0,0.0,0.0,0.0,nan,nan
right_step,180.0,1800.0,0.1,11629,0,0.0,0.0,0.0,nan,nan
right_step,180.0,1800.0,0.2,11629,0,0.0,0.0,0.0,nan,nan
right_step,180.0,1800.0,0.4,11629,0,0.0,0.0,0.0,nan,nan
right_step,180.0,1800.0,0.6,11629,0,0.0,0.0,0.0,nan,nan
right_step,180.0,1800.0,0.8,11629,0,0.0,0.0,0.0,nan,nan
right_step,180.0,1800.0,0.9,11629,0,0.0,0.0,0.0,nan,nan
right_step,180.0,1800.0,0.95,11629,0,0.0,0.0,0.0,nan,nan
right_step,180.0,2400.0,0.1,11629,0,0.0,0.0,0.0,nan,nan
right_step,180.0,2400.0,0.2,11629,0,0.0,0.0,0.0,nan,nan
right_step,180.0,2400.0,0.4,11629,0,0.0,0.0,0.0,nan,nan
right_step,180.0,2400.0,0.6,11629,0,0.0,0.0,0.0,nan,nan
right_step,180.0,2400.0,0.8,11629,0,0.0,0.0,0.0,nan,nan
right_step,180.0,2400.0,0.9,11629,0,0.0,0.0,0.0,nan,nan
right_step,180.0,2400.0,0.95,11629,0,0.0,0.0,0.0,nan,nan
right_step,180.0,3600.0,0.1,11274,142,0.004852667460936014,0.0003597507769085927,0.0,0.0741346444619557,0.9258653555380443
right_step,180.0,3600.0,0.2,11274,142,0.004852667460936014,0.0027436223205718154,0.0,0.5653843669812495,0.4346156330187505
right_step,180.0,3600.0,0.4,11274,142,0.004852667460936014,0.004207462831105154,0.0,0.8670412438056473,0.1329587561943527
right_step,180.0,3600.0,0.6,11274,142,0.004852667460936014,0.002809182333969412,0.0,0.5788944650717028,0.42110553492829716
right_step,180.0,3600.0,0.8,11274,142,0.004852667460936014,0.0031958096194603333,0.0,0.6585676115634564,0.34143238843654355
right_step,180.0,3600.0,0.9,11274,142,0.004852667460936014,0.004911294076070601,0.0,1.0120813172562373,-0.01208131725623729
right_step,180.0,3600.0,0.95,11274,142,0.004852667460936014,0.004711395137801523,0.0,0.9708876974835524,0.029112302516447586
right_step,300.0,1.0,0.1,11629,0,0.0,0.0,0.0,nan,nan
right_step,300.0,1.0,0.2,11629,0,0.0,0.0,0.0,nan,nan
right_step,300.0,1.0,0.4,11629,0,0.0,0.0,0.0,nan,nan
right_step,300.0,1.0,0.6,11629,0,0.0,0.0,0.0,nan,nan
right_step,300.0,1.0,0.8,11629,0,0.0,0.0,0.0,nan,nan
right_step,300.0,1.0,0.9,11629,0,0.0,0.0,0.0,nan,nan
right_step,300.0,1.0,0.95,11629,0,0.0,0.0,0.0,nan,nan
right_step,300.0,2.0,0.1,11629,0,0.0,0.0,0.0,nan,nan
right_step,300.0,2.0,0.2,11629,0,0.0,0.0,0.0,nan,nan
right_step,300.0,2.0,0.4,11629,0,0.0,0.0,0.0,nan,nan
right_step,300.0,2.0,0.6,11629,0,0.0,0.0,0.0,nan,nan
right_step,300.0,2.0,0.8,11629,0,0.0,0.0,0.0,nan,nan
right_step,300.0,2.0,0.9,11629,0,0.0,0.0,0.0,nan,nan
right_step,300.0,2.0,0.95,11629,0,0.0,0.0,0.0,nan,nan
right_step,300.0,3.0,0.1,11629,0,0.0,0.0,0.0,nan,nan
right_step,300.0,3.0,0.2,11629,0,0.0,0.0,0.0,nan,nan
right_step,300.0,3.0,0.4,11629,0,0.0,0.0,0.0,nan,nan
right_step,300.0,3.0,0.6,11629,0,0.0,0.0,0.0,nan,nan
right_step,300.0,3.0,0.8,11629,0,0.0,0.0,0.0,nan,nan
right_step,300.0,3.0,0.9,11629,0,0.0,0.0,0.0,nan,nan
right_step,300.0,3.0,0.95,11629,0,0.0,0.0,0.0,nan,nan
right_step,300.0,5.0,0.1,11629,0,0.0,0.0,0.0,nan,nan
right_step,300.0,5.0,0.2,11629,0,0.0,0.0,0.0,nan,nan
right_step,300.0,5.0,0.4,11629,0,0.0,0.0,0.0,nan,nan
right_step,300.0,5.0,0.6,11629,0,0.0,0.0,0.0,nan,nan
right_step,300.0,5.0,0.8,11629,0,0.0,0.0,0.0,nan,nan
right_step,300.0,5.0,0.9,11629,0,0.0,0.0,0.0,nan,nan
right_step,300.0,5.0,0.95,11629,0,0.0,0.0,0.0,nan,nan
right_step,300.0,10.0,0.1,11629,0,0.0,0.0,0.0,nan,nan
right_step,300.0,10.0,0.2,11629,0,0.0,0.0,0.0,nan,nan
right_step,300.0,10.0,0.4,11629,0,0.0,0.0,0.0,nan,nan
right_step,300.0,10.0,0.6,11629,0,0.0,0.0,0.0,nan,nan
right_step,300.0,10.0,0.8,11629,0,0.0,0.0,0.0,nan,nan
right_step,300.0,10.0,0.9,11629,0,0.0,0.0,0.0,nan,nan
right_step,300.0,10.0,0.95,11629,0,0.0,0.0,0.0,nan,nan
right_step,300.0,20.0,0.1,11629,0,0.0,0.0,0.0,nan,nan
right_step,300.0,20.0,0.2,11629,0,0.0,0.0,0.0,nan,nan
right_step,300.0,20.0,0.4,11629,0,0.0,0.0,0.0,nan,nan
right_step,300.0,20.0,0.6,11629,0,0.0,0.0,0.0,nan,nan
right_step,300.0,20.0,0.8,11629,0,0.0,0.0,0.0,nan,nan
right_step,300.0,20.0,0.9,11629,0,0.0,0.0,0.0,nan,nan
right_step,300.0,20.0,0.95,11629,0,0.0,0.0,0.0,nan,nan
right_step,300.0,30.0,0.1,11629,0,0.0,0.0,0.0,nan,nan
right_step,300.0,30.0,0.2,11629,0,0.0,0.0,0.0,nan,nan
right_step,300.0,30.0,0.4,11629,0,0.0,0.0,0.0,nan,nan
right_step,300.0,30.0,0.6,11629,0,0.0,0.0,0.0,nan,nan
right_step,300.0,30.0,0.8,11629,0,0.0,0.0,0.0,nan,nan
right_step,300.0,30.0,0.9,11629,0,0.0,0.0,0.0,nan,nan
right_step,300.0,30.0,0.95,11629,0,0.0,0.0,0.0,nan,nan
right_step,300.0,60.0,0.1,11629,0,0.0,0.0,0.0,nan,nan
right_step,300.0,60.0,0.2,11629,0,0.0,0.0,0.0,nan,nan
right_step,300.0,60.0,0.4,11629,0,0.0,0.0,0.0,nan,nan
right_step,300.0,60.0,0.6,11629,0,0.0,0.0,0.0,nan,nan
right_step,300.0,60.0,0.8,11629,0,0.0,0.0,0.0,nan,nan
right_step,300.0,60.0,0.9,11629,0,0.0,0.0,0.0,nan,nan
right_step,300.0,60.0,0.95,11629,0,0.0,0.0,0.0,nan,nan
right_step,300.0,120.0,0.1,11629,0,0.0,0.0,0.0,nan,nan
right_step,300.0,120.0,0.2,11629,0,0.0,0.0,0.0,nan,nan
right_step,300.0,120.0,0.4,11629,0,0.0,0.0,0.0,nan,nan
right_step,300.0,120.0,0.6,11629,0,0.0,0.0,0.0,nan,nan
right_step,300.0,120.0,0.8,11629,0,0.0,0.0,0.0,nan,nan
right_step,300.0,120.0,0.9,11629,0,0.0,0.0,0.0,nan,nan
right_step,300.0,120.0,0.95,11629,0,0.0,0.0,0.0,nan,nan
right_step,300.0,180.0,0.1,11629,0,0.0,0.0,0.0,nan,nan
right_step,300.0,180.0,0.2,11629,0,0.0,0.0,0.0,nan,nan
right_step,300.0,180.0,0.4,11629,0,0.0,0.0,0.0,nan,nan
right_step,300.0,180.0,0.6,11629,0,0.0,0.0,0.0,nan,nan
right_step,300.0,180.0,0.8,11629,0,0.0,0.0,0.0,nan,nan
right_step,300.0,180.0,0.9,11629,0,0.0,0.0,0.0,nan,nan
right_step,300.0,180.0,0.95,11629,0,0.0,0.0,0.0,nan,nan
right_step,300.0,300.0,0.1,11629,0,0.0,0.0,0.0,nan,nan
right_step,300.0,300.0,0.2,11629,0,0.0,0.0,0.0,nan,nan
right_step,300.0,300.0,0.4,11629,0,0.0,0.0,0.0,nan,nan
right_step,300.0,300.0,0.6,11629,0,0.0,0.0,0.0,nan,nan
right_step,300.0,300.0,0.8,11629,0,0.0,0.0,0.0,nan,nan
right_step,300.0,300.0,0.9,11629,0,0.0,0.0,0.0,nan,nan
right_step,300.0,300.0,0.95,11629,0,0.0,0.0,0.0,nan,nan
right_step,300.0,600.0,0.1,11629,0,0.0,0.0,0.0,nan,nan
right_step,300.0,600.0,0.2,11629,0,0.0,0.0,0.0,nan,nan
right_step,300.0,600.0,0.4,11629,0,0.0,0.0,0.0,nan,nan
right_step,300.0,600.0,0.6,11629,0,0.0,0.0,0.0,nan,nan
right_step,300.0,600.0,0.8,11629,0,0.0,0.0,0.0,nan,nan
right_step,300.0,600.0,0.9,11629,0,0.0,0.0,0.0,nan,nan
right_step,300.0,600.0,0.95,11629,0,0.0,0.0,0.0,nan,nan
right_step,300.0,900.0,0.1,11629,0,0.0,0.0,0.0,nan,nan
right_step,300.0,900.0,0.2,11629,0,0.0,0.0,0.0,nan,nan
right_step,300.0,900.0,0.4,11629,0,0.0,0.0,0.0,nan,nan
right_step,300.0,900.0,0.6,11629,0,0.0,0.0,0.0,nan,nan
right_step,300.0,900.0,0.8,11629,0,0.0,0.0,0.0,nan,nan
right_step,300.0,900.0,0.9,11629,0,0.0,0.0,0.0,nan,nan
right_step,300.0,900.0,0.95,11629,0,0.0,0.0,0.0,nan,nan
right_step,300.0,1200.0,0.1,11629,0,0.0,0.0,0.0,nan,nan
right_step,300.0,1200.0,0.2,11629,0,0.0,0.0,0.0,nan,nan
right_step,300.0,1200.0,0.4,11629,0,0.0,0.0,0.0,nan,nan
right_step,300.0,1200.0,0.6,11629,0,0.0,0.0,0.0,nan,nan
right_step,300.0,1200.0,0.8,11629,0,0.0,0.0,0.0,nan,nan
right_step,300.0,1200.0,0.9,11629,0,0.0,0.0,0.0,nan,nan
right_step,300.0,1200.0,0.95,11629,0,0.0,0.0,0.0,nan,nan
right_step,300.0,1800.0,0.1,11629,0,0.0,0.0,0.0,nan,nan
right_step,300.0,1800.0,0.2,11629,0,0.0,0.0,0.0,nan,nan
right_step,300.0,1800.0,0.4,11629,0,0.0,0.0,0.0,nan,nan
right_step,300.0,1800.0,0.6,11629,0,0.0,0.0,0.0,nan,nan
right_step,300.0,1800.0,0.8,11629,0,0.0,0.0,0.0,nan,nan
right_step,300.0,1800.0,0.9,11629,0,0.0,0.0,0.0,nan,nan
right_step,300.0,1800.0,0.95,11629,0,0.0,0.0,0.0,nan,nan
right_step,300.0,2400.0,0.1,11629,0,0.0,0.0,0.0,nan,nan
right_step,300.0,2400.0,0.2,11629,0,0.0,0.0,0.0,nan,nan
right_step,300.0,2400.0,0.4,11629,0,0.0,0.0,0.0,nan,nan
right_step,300.0,2400.0,0.6,11629,0,0.0,0.0,0.0,nan,nan
right_step,300.0,2400.0,0.8,11629,0,0.0,0.0,0.0,nan,nan
right_step,300.0,2400.0,0.9,11629,0,0.0,0.0,0.0,nan,nan
right_step,300.0,2400.0,0.95,11629,0,0.0,0.0,0.0,nan,nan
right_step,300.0,3600.0,0.1,11274,142,0.004852667460936014,0.0003597507769085927,0.0,0.0741346444619557,0.9258653555380443
right_step,300.0,3600.0,0.2,11274,142,0.004852667460936014,0.0027436223205718154,0.0,0.5653843669812495,0.4346156330187505
right_step,300.0,3600.0,0.4,11274,142,0.004852667460936014,0.004207462831105154,0.0,0.8670412438056473,0.1329587561943527
right_step,300.0,3600.0,0.6,11274,142,0.004852667460936014,0.002809182333969412,0.0,0.5788944650717028,0.42110553492829716
right_step,300.0,3600.0,0.8,11274,142,0.004852667460936014,0.0031958096194603333,0.0,0.6585676115634564,0.34143238843654355
right_step,300.0,3600.0,0.9,11274,142,0.004852667460936014,0.004911294076070601,0.0,1.0120813172562373,-0.01208131725623729
right_step,300.0,3600.0,0.95,11274,142,0.004852667460936014,0.004711395137801523,0.0,0.9708876974835524,0.029112302516447586
right_step,600.0,1.0,0.1,11629,0,0.0,0.0,0.0,nan,nan
right_step,600.0,1.0,0.2,11629,0,0.0,0.0,0.0,nan,nan
right_step,600.0,1.0,0.4,11629,0,0.0,0.0,0.0,nan,nan
right_step,600.0,1.0,0.6,11629,0,0.0,0.0,0.0,nan,nan
right_step,600.0,1.0,0.8,11629,0,0.0,0.0,0.0,nan,nan
right_step,600.0,1.0,0.9,11629,0,0.0,0.0,0.0,nan,nan
right_step,600.0,1.0,0.95,11629,0,0.0,0.0,0.0,nan,nan
right_step,600.0,2.0,0.1,11629,0,0.0,0.0,0.0,nan,nan
right_step,600.0,2.0,0.2,11629,0,0.0,0.0,0.0,nan,nan
right_step,600.0,2.0,0.4,11629,0,0.0,0.0,0.0,nan,nan
right_step,600.0,2.0,0.6,11629,0,0.0,0.0,0.0,nan,nan
right_step,600.0,2.0,0.8,11629,0,0.0,0.0,0.0,nan,nan
right_step,600.0,2.0,0.9,11629,0,0.0,0.0,0.0,nan,nan
right_step,600.0,2.0,0.95,11629,0,0.0,0.0,0.0,nan,nan
right_step,600.0,3.0,0.1,11629,0,0.0,0.0,0.0,nan,nan
right_step,600.0,3.0,0.2,11629,0,0.0,0.0,0.0,nan,nan
right_step,600.0,3.0,0.4,11629,0,0.0,0.0,0.0,nan,nan
right_step,600.0,3.0,0.6,11629,0,0.0,0.0,0.0,nan,nan
right_step,600.0,3.0,0.8,11629,0,0.0,0.0,0.0,nan,nan
right_step,600.0,3.0,0.9,11629,0,0.0,0.0,0.0,nan,nan
right_step,600.0,3.0,0.95,11629,0,0.0,0.0,0.0,nan,nan
right_step,600.0,5.0,0.1,11629,0,0.0,0.0,0.0,nan,nan
right_step,600.0,5.0,0.2,11629,0,0.0,0.0,0.0,nan,nan
right_step,600.0,5.0,0.4,11629,0,0.0,0.0,0.0,nan,nan
right_step,600.0,5.0,0.6,11629,0,0.0,0.0,0.0,nan,nan
right_step,600.0,5.0,0.8,11629,0,0.0,0.0,0.0,nan,nan
right_step,600.0,5.0,0.9,11629,0,0.0,0.0,0.0,nan,nan
right_step,600.0,5.0,0.95,11629,0,0.0,0.0,0.0,nan,nan
right_step,600.0,10.0,0.1,11629,0,0.0,0.0,0.0,nan,nan
right_step,600.0,10.0,0.2,11629,0,0.0,0.0,0.0,nan,nan
right_step,600.0,10.0,0.4,11629,0,0.0,0.0,0.0,nan,nan
right_step,600.0,10.0,0.6,11629,0,0.0,0.0,0.0,nan,nan
right_step,600.0,10.0,0.8,11629,0,0.0,0.0,0.0,nan,nan
right_step,600.0,10.0,0.9,11629,0,0.0,0.0,0.0,nan,nan
right_step,600.0,10.0,0.95,11629,0,0.0,0.0,0.0,nan,nan
right_step,600.0,20.0,0.1,11629,0,0.0,0.0,0.0,nan,nan
right_step,600.0,20.0,0.2,11629,0,0.0,0.0,0.0,nan,nan
right_step,600.0,20.0,0.4,11629,0,0.0,0.0,0.0,nan,nan
right_step,600.0,20.0,0.6,11629,0,0.0,0.0,0.0,nan,nan
right_step,600.0,20.0,0.8,11629,0,0.0,0.0,0.0,nan,nan
right_step,600.0,20.0,0.9,11629,0,0.0,0.0,0.0,nan,nan
right_step,600.0,20.0,0.95,11629,0,0.0,0.0,0.0,nan,nan
right_step,600.0,30.0,0.1,11629,0,0.0,0.0,0.0,nan,nan
right_step,600.0,30.0,0.2,11629,0,0.0,0.0,0.0,nan,nan
right_step,600.0,30.0,0.4,11629,0,0.0,0.0,0.0,nan,nan
right_step,600.0,30.0,0.6,11629,0,0.0,0.0,0.0,nan,nan
right_step,600.0,30.0,0.8,11629,0,0.0,0.0,0.0,nan,nan
right_step,600.0,30.0,0.9,11629,0,0.0,0.0,0.0,nan,nan
right_step,600.0,30.0,0.95,11629,0,0.0,0.0,0.0,nan,nan
right_step,600.0,60.0,0.1,11629,0,0.0,0.0,0.0,nan,nan
right_step,600.0,60.0,0.2,11629,0,0.0,0.0,0.0,nan,nan
right_step,600.0,60.0,0.4,11629,0,0.0,0.0,0.0,nan,nan
right_step,600.0,60.0,0.6,11629,0,0.0,0.0,0.0,nan,nan
right_step,600.0,60.0,0.8,11629,0,0.0,0.0,0.0,nan,nan
right_step,600.0,60.0,0.9,11629,0,0.0,0.0,0.0,nan,nan
right_step,600.0,60.0,0.95,11629,0,0.0,0.0,0.0,nan,nan
right_step,600.0,120.0,0.1,11629,0,0.0,0.0,0.0,nan,nan
right_step,600.0,120.0,0.2,11629,0,0.0,0.0,0.0,nan,nan
right_step,600.0,120.0,0.4,11629,0,0.0,0.0,0.0,nan,nan
right_step,600.0,120.0,0.6,11629,0,0.0,0.0,0.0,nan,nan
right_step,600.0,120.0,0.8,11629,0,0.0,0.0,0.0,nan,nan
right_step,600.0,120.0,0.9,11629,0,0.0,0.0,0.0,nan,nan
right_step,600.0,120.0,0.95,11629,0,0.0,0.0,0.0,nan,nan
right_step,600.0,180.0,0.1,11629,0,0.0,0.0,0.0,nan,nan
right_step,600.0,180.0,0.2,11629,0,0.0,0.0,0.0,nan,nan
right_step,600.0,180.0,0.4,11629,0,0.0,0.0,0.0,nan,nan
right_step,600.0,180.0,0.6,11629,0,0.0,0.0,0.0,nan,nan
right_step,600.0,180.0,0.8,11629,0,0.0,0.0,0.0,nan,nan
right_step,600.0,180.0,0.9,11629,0,0.0,0.0,0.0,nan,nan
right_step,600.0,180.0,0.95,11629,0,0.0,0.0,0.0,nan,nan
right_step,600.0,300.0,0.1,11629,0,0.0,0.0,0.0,nan,nan
right_step,600.0,300.0,0.2,11629,0,0.0,0.0,0.0,nan,nan
right_step,600.0,300.0,0.4,11629,0,0.0,0.0,0.0,nan,nan
right_step,600.0,300.0,0.6,11629,0,0.0,0.0,0.0,nan,nan
right_step,600.0,300.0,0.8,11629,0,0.0,0.0,0.0,nan,nan
right_step,600.0,300.0,0.9,11629,0,0.0,0.0,0.0,nan,nan
right_step,600.0,300.0,0.95,11629,0,0.0,0.0,0.0,nan,nan
right_step,600.0,600.0,0.1,11629,0,0.0,0.0,0.0,nan,nan
right_step,600.0,600.0,0.2,11629,0,0.0,0.0,0.0,nan,nan
right_step,600.0,600.0,0.4,11629,0,0.0,0.0,0.0,nan,nan
right_step,600.0,600.0,0.6,11629,0,0.0,0.0,0.0,nan,nan
right_step,600.0,600.0,0.8,11629,0,0.0,0.0,0.0,nan,nan
right_step,600.0,600.0,0.9,11629,0,0.0,0.0,0.0,nan,nan
right_step,600.0,600.0,0.95,11629,0,0.0,0.0,0.0,nan,nan
right_step,600.0,900.0,0.1,11629,0,0.0,0.0,0.0,nan,nan
right_step,600.0,900.0,0.2,11629,0,0.0,0.0,0.0,nan,nan
right_step,600.0,900.0,0.4,11629,0,0.0,0.0,0.0,nan,nan
right_step,600.0,900.0,0.6,11629,0,0.0,0.0,0.0,nan,nan
right_step,600.0,900.0,0.8,11629,0,0.0,0.0,0.0,nan,nan
right_step,600.0,900.0,0.9,11629,0,0.0,0.0,0.0,nan,nan
right_step,600.0,900.0,0.95,11629,0,0.0,0.0,0.0,nan,nan
right_step,600.0,1200.0,0.1,11629,0,0.0,0.0,0.0,nan,nan
right_step,600.0,1200.0,0.2,11629,0,0.0,0.0,0.0,nan,nan
right_step,600.0,1200.0,0.4,11629,0,0.0,0.0,0.0,nan,nan
right_step,600.0,1200.0,0.6,11629,0,0.0,0.0,0.0,nan,nan
right_step,600.0,1200.0,0.8,11629,0,0.0,0.0,0.0,nan,nan
right_step,600.0,1200.0,0.9,11629,0,0.0,0.0,0.0,nan,nan
right_step,600.0,1200.0,0.95,11629,0,0.0,0.0,0.0,nan,nan
right_step,600.0,1800.0,0.1,11629,0,0.0,0.0,0.0,nan,nan
right_step,600.0,1800.0,0.2,11629,0,0.0,0.0,0.0,nan,nan
right_step,600.0,1800.0,0.4,11629,0,0.0,0.0,0.0,nan,nan
right_step,600.0,1800.0,0.6,11629,0,0.0,0.0,0.0,nan,nan
right_step,600.0,1800.0,0.8,11629,0,0.0,0.0,0.0,nan,nan
right_step,600.0,1800.0,0.9,11629,0,0.0,0.0,0.0,nan,nan
right_step,600.0,1800.0,0.95,11629,0,0.0,0.0,0.0,nan,nan
right_step,600.0,2400.0,0.1,11629,0,0.0,0.0,0.0,nan,nan
right_step,600.0,2400.0,0.2,11629,0,0.0,0.0,0.0,nan,nan
right_step,600.0,2400.0,0.4,11629,0,0.0,0.0,0.0,nan,nan
right_step,600.0,2400.0,0.6,11629,0,0.0,0.0,0.0,nan,nan
right_step,600.0,2400.0,0.8,11629,0,0.0,0.0,0.0,nan,nan
right_step,600.0,2400.0,0.9,11629,0,0.0,0.0,0.0,nan,nan
right_step,600.0,2400.0,0.95,11629,0,0.0,0.0,0.0,nan,nan
right_step,600.0,3600.0,0.1,11274,142,0.004852667460936014,0.00035777358260763654,0.0,0.07372719962530193,0.9262728003746981
right_step,600.0,3600.0,0.2,11274,142,0.004852667460936014,0.0035303265742978483,0.0,0.7275022660664442,0.2724977339335558
right_step,600.0,3600.0,0.4,11274,142,0.004852667460936014,0.004214379431990484,0.0,0.8684665631668046,0.1315334368331954
right_step,600.0,3600.0,0.6,11274,142,0.004852667460936014,0.0028069877162409146,0.0,0.578442215304711,0.42155778469528904
right_step,600.0,3600.0,0.8,11274,142,0.004852667460936014,0.003276217557692762,0.0,0.6751374546198193,0.32486254538018067
right_step,600.0,3600.0,0.9,11274,142,0.004852667460936014,0.004970330617894665,0.0,1.0242471090190788,-0.024247109019078783
right_step,600.0,3600.0,0.95,11274,142,0.004852667460936014,0.004716682001100639,0.0,0.9719771731877245,0.028022826812275525
right_step,900.0,1.0,0.1,11629,0,0.0,0.0,0.0,nan,nan
right_step,900.0,1.0,0.2,11629,0,0.0,0.0,0.0,nan,nan
right_step,900.0,1.0,0.4,11629,0,0.0,0.0,0.0,nan,nan
right_step,900.0,1.0,0.6,11629,0,0.0,0.0,0.0,nan,nan
right_step,900.0,1.0,0.8,11629,0,0.0,0.0,0.0,nan,nan
right_step,900.0,1.0,0.9,11629,0,0.0,0.0,0.0,nan,nan
right_step,900.0,1.0,0.95,11629,0,0.0,0.0,0.0,nan,nan
right_step,900.0,2.0,0.1,11629,0,0.0,0.0,0.0,nan,nan
right_step,900.0,2.0,0.2,11629,0,0.0,0.0,0.0,nan,nan
right_step,900.0,2.0,0.4,11629,0,0.0,0.0,0.0,nan,nan
right_step,900.0,2.0,0.6,11629,0,0.0,0.0,0.0,nan,nan
right_step,900.0,2.0,0.8,11629,0,0.0,0.0,0.0,nan,nan
right_step,900.0,2.0,0.9,11629,0,0.0,0.0,0.0,nan,nan
right_step,900.0,2.0,0.95,11629,0,0.0,0.0,0.0,nan,nan
right_step,900.0,3.0,0.1,11629,0,0.0,0.0,0.0,nan,nan
right_step,900.0,3.0,0.2,11629,0,0.0,0.0,0.0,nan,nan
right_step,900.0,3.0,0.4,11629,0,0.0,0.0,0.0,nan,nan
right_step,900.0,3.0,0.6,11629,0,0.0,0.0,0.0,nan,nan
right_step,900.0,3.0,0.8,11629,0,0.0,0.0,0.0,nan,nan
right_step,900.0,3.0,0.9,11629,0,0.0,0.0,0.0,nan,nan
right_step,900.0,3.0,0.95,11629,0,0.0,0.0,0.0,nan,nan
right_step,900.0,5.0,0.1,11629,0,0.0,0.0,0.0,nan,nan
right_step,900.0,5.0,0.2,11629,0,0.0,0.0,0.0,nan,nan
right_step,900.0,5.0,0.4,11629,0,0.0,0.0,0.0,nan,nan
right_step,900.0,5.0,0.6,11629,0,0.0,0.0,0.0,nan,nan
right_step,900.0,5.0,0.8,11629,0,0.0,0.0,0.0,nan,nan
right_step,900.0,5.0,0.9,11629,0,0.0,0.0,0.0,nan,nan
right_step,900.0,5.0,0.95,11629,0,0.0,0.0,0.0,nan,nan
right_step,900.0,10.0,0.1,11629,0,0.0,0.0,0.0,nan,nan
right_step,900.0,10.0,0.2,11629,0,0.0,0.0,0.0,nan,nan
right_step,900.0,10.0,0.4,11629,0,0.0,0.0,0.0,nan,nan
right_step,900.0,10.0,0.6,11629,0,0.0,0.0,0.0,nan,nan
right_step,900.0,10.0,0.8,11629,0,0.0,0.0,0.0,nan,nan
right_step,900.0,10.0,0.9,11629,0,0.0,0.0,0.0,nan,nan
right_step,900.0,10.0,0.95,11629,0,0.0,0.0,0.0,nan,nan
right_step,900.0,20.0,0.1,11629,0,0.0,0.0,0.0,nan,nan
right_step,900.0,20.0,0.2,11629,0,0.0,0.0,0.0,nan,nan
right_step,900.0,20.0,0.4,11629,0,0.0,0.0,0.0,nan,nan
right_step,900.0,20.0,0.6,11629,0,0.0,0.0,0.0,nan,nan
right_step,900.0,20.0,0.8,11629,0,0.0,0.0,0.0,nan,nan
right_step,900.0,20.0,0.9,11629,0,0.0,0.0,0.0,nan,nan
right_step,900.0,20.0,0.95,11629,0,0.0,0.0,0.0,nan,nan
right_step,900.0,30.0,0.1,11629,0,0.0,0.0,0.0,nan,nan
right_step,900.0,30.0,0.2,11629,0,0.0,0.0,0.0,nan,nan
right_step,900.0,30.0,0.4,11629,0,0.0,0.0,0.0,nan,nan
right_step,900.0,30.0,0.6,11629,0,0.0,0.0,0.0,nan,nan
right_step,900.0,30.0,0.8,11629,0,0.0,0.0,0.0,nan,nan
right_step,900.0,30.0,0.9,11629,0,0.0,0.0,0.0,nan,nan
right_step,900.0,30.0,0.95,11629,0,0.0,0.0,0.0,nan,nan
right_step,900.0,60.0,0.1,11629,0,0.0,0.0,0.0,nan,nan
right_step,900.0,60.0,0.2,11629,0,0.0,0.0,0.0,nan,nan
right_step,900.0,60.0,0.4,11629,0,0.0,0.0,0.0,nan,nan
right_step,900.0,60.0,0.6,11629,0,0.0,0.0,0.0,nan,nan
right_step,900.0,60.0,0.8,11629,0,0.0,0.0,0.0,nan,nan
right_step,900.0,60.0,0.9,11629,0,0.0,0.0,0.0,nan,nan
right_step,900.0,60.0,0.95,11629,0,0.0,0.0,0.0,nan,nan
right_step,900.0,120.0,0.1,11629,0,0.0,0.0,0.0,nan,nan
right_step,900.0,120.0,0.2,11629,0,0.0,0.0,0.0,nan,nan
right_step,900.0,120.0,0.4,11629,0,0.0,0.0,0.0,nan,nan
right_step,900.0,120.0,0.6,11629,0,0.0,0.0,0.0,nan,nan
right_step,900.0,120.0,0.8,11629,0,0.0,0.0,0.0,nan,nan
right_step,900.0,120.0,0.9,11629,0,0.0,0.0,0.0,nan,nan
right_step,900.0,120.0,0.95,11629,0,0.0,0.0,0.0,nan,nan
right_step,900.0,180.0,0.1,11629,0,0.0,0.0,0.0,nan,nan
right_step,900.0,180.0,0.2,11629,0,0.0,0.0,0.0,nan,nan
right_step,900.0,180.0,0.4,11629,0,0.0,0.0,0.0,nan,nan
right_step,900.0,180.0,0.6,11629,0,0.0,0.0,0.0,nan,nan
right_step,900.0,180.0,0.8,11629,0,0.0,0.0,0.0,nan,nan
right_step,900.0,180.0,0.9,11629,0,0.0,0.0,0.0,nan,nan
right_step,900.0,180.0,0.95,11629,0,0.0,0.0,0.0,nan,nan
right_step,900.0,300.0,0.1,11629,0,0.0,0.0,0.0,nan,nan
right_step,900.0,300.0,0.2,11629,0,0.0,0.0,0.0,nan,nan
right_step,900.0,300.0,0.4,11629,0,0.0,0.0,0.0,nan,nan
right_step,900.0,300.0,0.6,11629,0,0.0,0.0,0.0,nan,nan
right_step,900.0,300.0,0.8,11629,0,0.0,0.0,0.0,nan,nan
right_step,900.0,300.0,0.9,11629,0,0.0,0.0,0.0,nan,nan
right_step,900.0,300.0,0.95,11629,0,0.0,0.0,0.0,nan,nan
right_step,900.0,600.0,0.1,11629,0,0.0,0.0,0.0,nan,nan
right_step,900.0,600.0,0.2,11629,0,0.0,0.0,0.0,nan,nan
right_step,900.0,600.0,0.4,11629,0,0.0,0.0,0.0,nan,nan
right_step,900.0,600.0,0.6,11629,0,0.0,0.0,0.0,nan,nan
right_step,900.0,600.0,0.8,11629,0,0.0,0.0,0.0,nan,nan
right_step,900.0,600.0,0.9,11629,0,0.0,0.0,0.0,nan,nan
right_step,900.0,600.0,0.95,11629,0,0.0,0.0,0.0,nan,nan
right_step,900.0,900.0,0.1,11629,0,0.0,0.0,0.0,nan,nan
right_step,900.0,900.0,0.2,11629,0,0.0,0.0,0.0,nan,nan
right_step,900.0,900.0,0.4,11629,0,0.0,0.0,0.0,nan,nan
right_step,900.0,900.0,0.6,11629,0,0.0,0.0,0.0,nan,nan
right_step,900.0,900.0,0.8,11629,0,0.0,0.0,0.0,nan,nan
right_step,900.0,900.0,0.9,11629,0,0.0,0.0,0.0,nan,nan
right_step,900.0,900.0,0.95,11629,0,0.0,0.0,0.0,nan,nan
right_step,900.0,1200.0,0.1,11629,0,0.0,0.0,0.0,nan,nan
right_step,900.0,1200.0,0.2,11629,0,0.0,0.0,0.0,nan,nan
right_step,900.0,1200.0,0.4,11629,0,0.0,0.0,0.0,nan,nan
right_step,900.0,1200.0,0.6,11629,0,0.0,0.0,0.0,nan,nan
right_step,900.0,1200.0,0.8,11629,0,0.0,0.0,0.0,nan,nan
right_step,900.0,1200.0,0.9,11629,0,0.0,0.0,0.0,nan,nan
right_step,900.0,1200.0,0.95,11629,0,0.0,0.0,0.0,nan,nan
right_step,900.0,1800.0,0.1,11629,0,0.0,0.0,0.0,nan,nan
right_step,900.0,1800.0,0.2,11629,0,0.0,0.0,0.0,nan,nan
right_step,900.0,1800.0,0.4,11629,0,0.0,0.0,0.0,nan,nan
right_step,900.0,1800.0,0.6,11629,0,0.0,0.0,0.0,nan,nan
right_step,900.0,1800.0,0.8,11629,0,0.0,0.0,0.0,nan,nan
right_step,900.0,1800.0,0.9,11629,0,0.0,0.0,0.0,nan,nan
right_step,900.0,1800.0,0.95,11629,0,0.0,0.0,0.0,nan,nan
right_step,900.0,2400.0,0.1,11629,0,0.0,0.0,0.0,nan,nan
right_step,900.0,2400.0,0.2,11629,0,0.0,0.0,0.0,nan,nan
right_step,900.0,2400.0,0.4,11629,0,0.0,0.0,0.0,nan,nan
right_step,900.0,2400.0,0.6,11629,0,0.0,0.0,0.0,nan,nan
right_step,900.0,2400.0,0.8,11629,0,0.0,0.0,0.0,nan,nan
right_step,900.0,2400.0,0.9,11629,0,0.0,0.0,0.0,nan,nan
right_step,900.0,2400.0,0.95,11629,0,0.0,0.0,0.0,nan,nan
right_step,900.0,3600.0,0.1,11274,142,0.004852667460936014,0.00035777358260763654,0.0,0.07372719962530193,0.9262728003746981
right_step,900.0,3600.0,0.2,11274,142,0.004852667460936014,0.0035303265742978483,0.0,0.7275022660664442,0.2724977339335558
right_step,900.0,3600.0,0.4,11274,142,0.004852667460936014,0.004214379431990484,0.0,0.8684665631668046,0.1315334368331954
right_step,900.0,3600.0,0.6,11274,142,0.004852667460936014,0.0028069877162409146,0.0,0.578442215304711,0.42155778469528904
right_step,900.0,3600.0,0.8,11274,142,0.004852667460936014,0.003276217557692762,0.0,0.6751374546198193,0.32486254538018067
right_step,900.0,3600.0,0.9,11274,142,0.004852667460936014,0.004970330617894665,0.0,1.0242471090190788,-0.024247109019078783
right_step,900.0,3600.0,0.95,11274,142,0.004852667460936014,0.004716682001100639,0.0,0.9719771731877245,0.028022826812275525
right_step,1200.0,1.0,0.1,11629,0,0.0,0.0,0.0,nan,nan
right_step,1200.0,1.0,0.2,11629,0,0.0,0.0,0.0,nan,nan
right_step,1200.0,1.0,0.4,11629,0,0.0,0.0,0.0,nan,nan
right_step,1200.0,1.0,0.6,11629,0,0.0,0.0,0.0,nan,nan
right_step,1200.0,1.0,0.8,11629,0,0.0,0.0,0.0,nan,nan
right_step,1200.0,1.0,0.9,11629,0,0.0,0.0,0.0,nan,nan
right_step,1200.0,1.0,0.95,11629,0,0.0,0.0,0.0,nan,nan
right_step,1200.0,2.0,0.1,11629,0,0.0,0.0,0.0,nan,nan
right_step,1200.0,2.0,0.2,11629,0,0.0,0.0,0.0,nan,nan
right_step,1200.0,2.0,0.4,11629,0,0.0,0.0,0.0,nan,nan
right_step,1200.0,2.0,0.6,11629,0,0.0,0.0,0.0,nan,nan
right_step,1200.0,2.0,0.8,11629,0,0.0,0.0,0.0,nan,nan
right_step,1200.0,2.0,0.9,11629,0,0.0,0.0,0.0,nan,nan
right_step,1200.0,2.0,0.95,11629,0,0.0,0.0,0.0,nan,nan
right_step,1200.0,3.0,0.1,11629,0,0.0,0.0,0.0,nan,nan
right_step,1200.0,3.0,0.2,11629,0,0.0,0.0,0.0,nan,nan
right_step,1200.0,3.0,0.4,11629,0,0.0,0.0,0.0,nan,nan
right_step,1200.0,3.0,0.6,11629,0,0.0,0.0,0.0,nan,nan
right_step,1200.0,3.0,0.8,11629,0,0.0,0.0,0.0,nan,nan
right_step,1200.0,3.0,0.9,11629,0,0.0,0.0,0.0,nan,nan
right_step,1200.0,3.0,0.95,11629,0,0.0,0.0,0.0,nan,nan
right_step,1200.0,5.0,0.1,11629,0,0.0,0.0,0.0,nan,nan
right_step,1200.0,5.0,0.2,11629,0,0.0,0.0,0.0,nan,nan
right_step,1200.0,5.0,0.4,11629,0,0.0,0.0,0.0,nan,nan
right_step,1200.0,5.0,0.6,11629,0,0.0,0.0,0.0,nan,nan
right_step,1200.0,5.0,0.8,11629,0,0.0,0.0,0.0,nan,nan
right_step,1200.0,5.0,0.9,11629,0,0.0,0.0,0.0,nan,nan
right_step,1200.0,5.0,0.95,11629,0,0.0,0.0,0.0,nan,nan
right_step,1200.0,10.0,0.1,11629,0,0.0,0.0,0.0,nan,nan
right_step,1200.0,10.0,0.2,11629,0,0.0,0.0,0.0,nan,nan
right_step,1200.0,10.0,0.4,11629,0,0.0,0.0,0.0,nan,nan
right_step,1200.0,10.0,0.6,11629,0,0.0,0.0,0.0,nan,nan
right_step,1200.0,10.0,0.8,11629,0,0.0,0.0,0.0,nan,nan
right_step,1200.0,10.0,0.9,11629,0,0.0,0.0,0.0,nan,nan
right_step,1200.0,10.0,0.95,11629,0,0.0,0.0,0.0,nan,nan
right_step,1200.0,20.0,0.1,11629,0,0.0,0.0,0.0,nan,nan
right_step,1200.0,20.0,0.2,11629,0,0.0,0.0,0.0,nan,nan
right_step,1200.0,20.0,0.4,11629,0,0.0,0.0,0.0,nan,nan
right_step,1200.0,20.0,0.6,11629,0,0.0,0.0,0.0,nan,nan
right_step,1200.0,20.0,0.8,11629,0,0.0,0.0,0.0,nan,nan
right_step,1200.0,20.0,0.9,11629,0,0.0,0.0,0.0,nan,nan
right_step,1200.0,20.0,0.95,11629,0,0.0,0.0,0.0,nan,nan
right_step,1200.0,30.0,0.1,11629,0,0.0,0.0,0.0,nan,nan
right_step,1200.0,30.0,0.2,11629,0,0.0,0.0,0.0,nan,nan
right_step,1200.0,30.0,0.4,11629,0,0.0,0.0,0.0,nan,nan
right_step,1200.0,30.0,0.6,11629,0,0.0,0.0,0.0,nan,nan
right_step,1200.0,30.0,0.8,11629,0,0.0,0.0,0.0,nan,nan
right_step,1200.0,30.0,0.9,11629,0,0.0,0.0,0.0,nan,nan
right_step,1200.0,30.0,0.95,11629,0,0.0,0.0,0.0,nan,nan
right_step,1200.0,60.0,0.1,11629,0,0.0,0.0,0.0,nan,nan
right_step,1200.0,60.0,0.2,11629,0,0.0,0.0,0.0,nan,nan
right_step,1200.0,60.0,0.4,11629,0,0.0,0.0,0.0,nan,nan
right_step,1200.0,60.0,0.6,11629,0,0.0,0.0,0.0,nan,nan
right_step,1200.0,60.0,0.8,11629,0,0.0,0.0,0.0,nan,nan
right_step,1200.0,60.0,0.9,11629,0,0.0,0.0,0.0,nan,nan
right_step,1200.0,60.0,0.95,11629,0,0.0,0.0,0.0,nan,nan
right_step,1200.0,120.0,0.1,11629,0,0.0,0.0,0.0,nan,nan
right_step,1200.0,120.0,0.2,11629,0,0.0,0.0,0.0,nan,nan
right_step,1200.0,120.0,0.4,11629,0,0.0,0.0,0.0,nan,nan
right_step,1200.0,120.0,0.6,11629,0,0.0,0.0,0.0,nan,nan
right_step,1200.0,120.0,0.8,11629,0,0.0,0.0,0.0,nan,nan
right_step,1200.0,120.0,0.9,11629,0,0.0,0.0,0.0,nan,nan
right_step,1200.0,120.0,0.95,11629,0,0.0,0.0,0.0,nan,nan
right_step,1200.0,180.0,0.1,11629,0,0.0,0.0,0.0,nan,nan
right_step,1200.0,180.0,0.2,11629,0,0.0,0.0,0.0,nan,nan
right_step,1200.0,180.0,0.4,11629,0,0.0,0.0,0.0,nan,nan
right_step,1200.0,180.0,0.6,11629,0,0.0,0.0,0.0,nan,nan
right_step,1200.0,180.0,0.8,11629,0,0.0,0.0,0.0,nan,nan
right_step,1200.0,180.0,0.9,11629,0,0.0,0.0,0.0,nan,nan
right_step,1200.0,180.0,0.95,11629,0,0.0,0.0,0.0,nan,nan
right_step,1200.0,300.0,0.1,11629,0,0.0,0.0,0.0,nan,nan
right_step,1200.0,300.0,0.2,11629,0,0.0,0.0,0.0,nan,nan
right_step,1200.0,300.0,0.4,11629,0,0.0,0.0,0.0,nan,nan
right_step,1200.0,300.0,0.6,11629,0,0.0,0.0,0.0,nan,nan
right_step,1200.0,300.0,0.8,11629,0,0.0,0.0,0.0,nan,nan
right_step,1200.0,300.0,0.9,11629,0,0.0,0.0,0.0,nan,nan
right_step,1200.0,300.0,0.95,11629,0,0.0,0.0,0.0,nan,nan
right_step,1200.0,600.0,0.1,11629,0,0.0,0.0,0.0,nan,nan
right_step,1200.0,600.0,0.2,11629,0,0.0,0.0,0.0,nan,nan
right_step,1200.0,600.0,0.4,11629,0,0.0,0.0,0.0,nan,nan
right_step,1200.0,600.0,0.6,11629,0,0.0,0.0,0.0,nan,nan
right_step,1200.0,600.0,0.8,11629,0,0.0,0.0,0.0,nan,nan
right_step,1200.0,600.0,0.9,11629,0,0.0,0.0,0.0,nan,nan
right_step,1200.0,600.0,0.95,11629,0,0.0,0.0,0.0,nan,nan
right_step,1200.0,900.0,0.1,11629,0,0.0,0.0,0.0,nan,nan
right_step,1200.0,900.0,0.2,11629,0,0.0,0.0,0.0,nan,nan
right_step,1200.0,900.0,0.4,11629,0,0.0,0.0,0.0,nan,nan
right_step,1200.0,900.0,0.6,11629,0,0.0,0.0,0.0,nan,nan
right_step,1200.0,900.0,0.8,11629,0,0.0,0.0,0.0,nan,nan
right_step,1200.0,900.0,0.9,11629,0,0.0,0.0,0.0,nan,nan
right_step,1200.0,900.0,0.95,11629,0,0.0,0.0,0.0,nan,nan
right_step,1200.0,1200.0,0.1,11629,0,0.0,0.0,0.0,nan,nan
right_step,1200.0,1200.0,0.2,11629,0,0.0,0.0,0.0,nan,nan
right_step,1200.0,1200.0,0.4,11629,0,0.0,0.0,0.0,nan,nan
right_step,1200.0,1200.0,0.6,11629,0,0.0,0.0,0.0,nan,nan
right_step,1200.0,1200.0,0.8,11629,0,0.0,0.0,0.0,nan,nan
right_step,1200.0,1200.0,0.9,11629,0,0.0,0.0,0.0,nan,nan
right_step,1200.0,1200.0,0.95,11629,0,0.0,0.0,0.0,nan,nan
right_step,1200.0,1800.0,0.1,11629,0,0.0,0.0,0.0,nan,nan
right_step,1200.0,1800.0,0.2,11629,0,0.0,0.0,0.0,nan,nan
right_step,1200.0,1800.0,0.4,11629,0,0.0,0.0,0.0,nan,nan
right_step,1200.0,1800.0,0.6,11629,0,0.0,0.0,0.0,nan,nan
right_step,1200.0,1800.0,0.8,11629,0,0.0,0.0,0.0,nan,nan
right_step,1200.0,1800.0,0.9,11629,0,0.0,0.0,0.0,nan,nan
right_step,1200.0,1800.0,0.95,11629,0,0.0,0.0,0.0,nan,nan
right_step,1200.0,2400.0,0.1,11453,142,0.004759528508972346,0.00035301451866094836,0.0,0.07417006075191458,0.9258299392480854
right_step,1200.0,2400.0,0.2,11453,142,0.004759528508972346,0.00347264820095792,0.0,0.7296202122566374,0.2703797877433626
right_step,1200.0,2400.0,0.4,11453,142,0.004759528508972346,0.0041329063581297286,0.0,0.8683436500776598,0.1316563499223402
right_step,1200.0,2400.0,0.6,11453,142,0.004759528508972346,0.002755391036884856,0.0,0.5789210069212899,0.4210789930787101
right_step,1200.0,2400.0,0.8,11453,142,0.004759528508972346,0.0032112296714118934,0.0,0.674694912607057,0.32530508739294295
right_step,1200.0,2400.0,0.9,11453,142,0.004759528508972346,0.004871964614239549,0.0,1.0236233704778208,-0.023623370477820815
right_step,1200.0,2400.0,0.95,11453,142,0.004759528508972346,0.004623575146603413,0.0,0.9714355398622694,0.02856446013773062
right_step,1200.0,3600.0,0.1,11274,142,0.004852667460936014,0.00035777358260763654,0.0,0.07372719962530193,0.9262728003746981
right_step,1200.0,3600.0,0.2,11274,142,0.004852667460936014,0.0035303265742978483,0.0,0.7275022660664442,0.2724977339335558
right_step,1200.0,3600.0,0.4,11274,142,0.004852667460936014,0.004214379431990484,0.0,0.8684665631668046,0.1315334368331954
right_step,1200.0,3600.0,0.6,11274,142,0.004852667460936014,0.0028069877162409146,0.0,0.578442215304711,0.42155778469528904
right_step,1200.0,3600.0,0.8,11274,142,0.004852667460936014,0.003276217557692762,0.0,0.6751374546198193,0.32486254538018067
right_step,1200.0,3600.0,0.9,11274,142,0.004852667460936014,0.004970330617894665,0.0,1.0242471090190788,-0.024247109019078783
right_step,1200.0,3600.0,0.95,11274,142,0.004852667460936014,0.004716682001100639,0.0,0.9719771731877245,0.028022826812275525
right_step,1800.0,1.0,0.1,11629,0,0.0,0.0,0.0,nan,nan
right_step,1800.0,1.0,0.2,11629,0,0.0,0.0,0.0,nan,nan
right_step,1800.0,1.0,0.4,11629,0,0.0,0.0,0.0,nan,nan
right_step,1800.0,1.0,0.6,11629,0,0.0,0.0,0.0,nan,nan
right_step,1800.0,1.0,0.8,11629,0,0.0,0.0,0.0,nan,nan
right_step,1800.0,1.0,0.9,11629,0,0.0,0.0,0.0,nan,nan
right_step,1800.0,1.0,0.95,11629,0,0.0,0.0,0.0,nan,nan
right_step,1800.0,2.0,0.1,11629,0,0.0,0.0,0.0,nan,nan
right_step,1800.0,2.0,0.2,11629,0,0.0,0.0,0.0,nan,nan
right_step,1800.0,2.0,0.4,11629,0,0.0,0.0,0.0,nan,nan
right_step,1800.0,2.0,0.6,11629,0,0.0,0.0,0.0,nan,nan
right_step,1800.0,2.0,0.8,11629,0,0.0,0.0,0.0,nan,nan
right_step,1800.0,2.0,0.9,11629,0,0.0,0.0,0.0,nan,nan
right_step,1800.0,2.0,0.95,11629,0,0.0,0.0,0.0,nan,nan
right_step,1800.0,3.0,0.1,11629,0,0.0,0.0,0.0,nan,nan
right_step,1800.0,3.0,0.2,11629,0,0.0,0.0,0.0,nan,nan
right_step,1800.0,3.0,0.4,11629,0,0.0,0.0,0.0,nan,nan
right_step,1800.0,3.0,0.6,11629,0,0.0,0.0,0.0,nan,nan
right_step,1800.0,3.0,0.8,11629,0,0.0,0.0,0.0,nan,nan
right_step,1800.0,3.0,0.9,11629,0,0.0,0.0,0.0,nan,nan
right_step,1800.0,3.0,0.95,11629,0,0.0,0.0,0.0,nan,nan
right_step,1800.0,5.0,0.1,11629,0,0.0,0.0,0.0,nan,nan
right_step,1800.0,5.0,0.2,11629,0,0.0,0.0,0.0,nan,nan
right_step,1800.0,5.0,0.4,11629,0,0.0,0.0,0.0,nan,nan
right_step,1800.0,5.0,0.6,11629,0,0.0,0.0,0.0,nan,nan
right_step,1800.0,5.0,0.8,11629,0,0.0,0.0,0.0,nan,nan
right_step,1800.0,5.0,0.9,11629,0,0.0,0.0,0.0,nan,nan
right_step,1800.0,5.0,0.95,11629,0,0.0,0.0,0.0,nan,nan
right_step,1800.0,10.0,0.1,11629,0,0.0,0.0,0.0,nan,nan
right_step,1800.0,10.0,0.2,11629,0,0.0,0.0,0.0,nan,nan
right_step,1800.0,10.0,0.4,11629,0,0.0,0.0,0.0,nan,nan
right_step,1800.0,10.0,0.6,11629,0,0.0,0.0,0.0,nan,nan
right_step,1800.0,10.0,0.8,11629,0,0.0,0.0,0.0,nan,nan
right_step,1800.0,10.0,0.9,11629,0,0.0,0.0,0.0,nan,nan
right_step,1800.0,10.0,0.95,11629,0,0.0,0.0,0.0,nan,nan
right_step,1800.0,20.0,0.1,11629,0,0.0,0.0,0.0,nan,nan
right_step,1800.0,20.0,0.2,11629,0,0.0,0.0,0.0,nan,nan
right_step,1800.0,20.0,0.4,11629,0,0.0,0.0,0.0,nan,nan
right_step,1800.0,20.0,0.6,11629,0,0.0,0.0,0.0,nan,nan
right_step,1800.0,20.0,0.8,11629,0,0.0,0.0,0.0,nan,nan
right_step,1800.0,20.0,0.9,11629,0,0.0,0.0,0.0,nan,nan
right_step,1800.0,20.0,0.95,11629,0,0.0,0.0,0.0,nan,nan
right_step,1800.0,30.0,0.1,11629,0,0.0,0.0,0.0,nan,nan
right_step,1800.0,30.0,0.2,11629,0,0.0,0.0,0.0,nan,nan
right_step,1800.0,30.0,0.4,11629,0,0.0,0.0,0.0,nan,nan
right_step,1800.0,30.0,0.6,11629,0,0.0,0.0,0.0,nan,nan
right_step,1800.0,30.0,0.8,11629,0,0.0,0.0,0.0,nan,nan
right_step,1800.0,30.0,0.9,11629,0,0.0,0.0,0.0,nan,nan
right_step,1800.0,30.0,0.95,11629,0,0.0,0.0,0.0,nan,nan
right_step,1800.0,60.0,0.1,11629,0,0.0,0.0,0.0,nan,nan
right_step,1800.0,60.0,0.2,11629,0,0.0,0.0,0.0,nan,nan
right_step,1800.0,60.0,0.4,11629,0,0.0,0.0,0.0,nan,nan
right_step,1800.0,60.0,0.6,11629,0,0.0,0.0,0.0,nan,nan
right_step,1800.0,60.0,0.8,11629,0,0.0,0.0,0.0,nan,nan
right_step,1800.0,60.0,0.9,11629,0,0.0,0.0,0.0,nan,nan
right_step,1800.0,60.0,0.95,11629,0,0.0,0.0,0.0,nan,nan
right_step,1800.0,120.0,0.1,11629,0,0.0,0.0,0.0,nan,nan
right_step,1800.0,120.0,0.2,11629,0,0.0,0.0,0.0,nan,nan
right_step,1800.0,120.0,0.4,11629,0,0.0,0.0,0.0,nan,nan
right_step,1800.0,120.0,0.6,11629,0,0.0,0.0,0.0,nan,nan
right_step,1800.0,120.0,0.8,11629,0,0.0,0.0,0.0,nan,nan
right_step,1800.0,120.0,0.9,11629,0,0.0,0.0,0.0,nan,nan
right_step,1800.0,120.0,0.95,11629,0,0.0,0.0,0.0,nan,nan
right_step,1800.0,180.0,0.1,11629,0,0.0,0.0,0.0,nan,nan
right_step,1800.0,180.0,0.2,11629,0,0.0,0.0,0.0,nan,nan
right_step,1800.0,180.0,0.4,11629,0,0.0,0.0,0.0,nan,nan
right_step,1800.0,180.0,0.6,11629,0,0.0,0.0,0.0,nan,nan
right_step,1800.0,180.0,0.8,11629,0,0.0,0.0,0.0,nan,nan
right_step,1800.0,180.0,0.9,11629,0,0.0,0.0,0.0,nan,nan
right_step,1800.0,180.0,0.95,11629,0,0.0,0.0,0.0,nan,nan
right_step,1800.0,300.0,0.1,11629,0,0.0,0.0,0.0,nan,nan
right_step,1800.0,300.0,0.2,11629,0,0.0,0.0,0.0,nan,nan
right_step,1800.0,300.0,0.4,11629,0,0.0,0.0,0.0,nan,nan
right_step,1800.0,300.0,0.6,11629,0,0.0,0.0,0.0,nan,nan
right_step,1800.0,300.0,0.8,11629,0,0.0,0.0,0.0,nan,nan
right_step,1800.0,300.0,0.9,11629,0,0.0,0.0,0.0,nan,nan
right_step,1800.0,300.0,0.95,11629,0,0.0,0.0,0.0,nan,nan
right_step,1800.0,600.0,0.1,11629,0,0.0,0.0,0.0,nan,nan
right_step,1800.0,600.0,0.2,11629,0,0.0,0.0,0.0,nan,nan
right_step,1800.0,600.0,0.4,11629,0,0.0,0.0,0.0,nan,nan
right_step,1800.0,600.0,0.6,11629,0,0.0,0.0,0.0,nan,nan
right_step,1800.0,600.0,0.8,11629,0,0.0,0.0,0.0,nan,nan
right_step,1800.0,600.0,0.9,11629,0,0.0,0.0,0.0,nan,nan
right_step,1800.0,600.0,0.95,11629,0,0.0,0.0,0.0,nan,nan
right_step,1800.0,900.0,0.1,11629,0,0.0,0.0,0.0,nan,nan
right_step,1800.0,900.0,0.2,11629,0,0.0,0.0,0.0,nan,nan
right_step,1800.0,900.0,0.4,11629,0,0.0,0.0,0.0,nan,nan
right_step,1800.0,900.0,0.6,11629,0,0.0,0.0,0.0,nan,nan
right_step,1800.0,900.0,0.8,11629,0,0.0,0.0,0.0,nan,nan
right_step,1800.0,900.0,0.9,11629,0,0.0,0.0,0.0,nan,nan
right_step,1800.0,900.0,0.95,11629,0,0.0,0.0,0.0,nan,nan
right_step,1800.0,1200.0,0.1,11629,0,0.0,0.0,0.0,nan,nan
right_step,1800.0,1200.0,0.2,11629,0,0.0,0.0,0.0,nan,nan
right_step,1800.0,1200.0,0.4,11629,0,0.0,0.0,0.0,nan,nan
right_step,1800.0,1200.0,0.6,11629,0,0.0,0.0,0.0,nan,nan
right_step,1800.0,1200.0,0.8,11629,0,0.0,0.0,0.0,nan,nan
right_step,1800.0,1200.0,0.9,11629,0,0.0,0.0,0.0,nan,nan
right_step,1800.0,1200.0,0.95,11629,0,0.0,0.0,0.0,nan,nan
right_step,1800.0,1800.0,0.1,11453,142,0.004759528508972346,0.0,0.0,0.0,1.0
right_step,1800.0,1800.0,0.2,11453,142,0.004759528508972346,0.011622835246935258,0.0,2.442013998870826,-1.4420139988708258
right_step,1800.0,1800.0,0.4,11453,142,0.004759528508972346,0.005819071914343261,0.0,1.2226152030339843,-0.2226152030339843
right_step,1800.0,1800.0,0.6,11453,142,0.004759528508972346,0.0038807758881134755,0.0,0.8153698167366149,0.1846301832633851
right_step,1800.0,1800.0,0.8,11453,142,0.004759528508972346,0.0034408820225651,0.0,0.7229459842668404,0.2770540157331596
right_step,1800.0,1800.0,0.9,11453,142,0.004759528508972346,0.003592897618266445,0.0,0.75488519745041,0.24511480254958995
right_step,1800.0,1800.0,0.95,11453,142,0.004759528508972346,0.0034056984963216504,0.0,0.715553754936325,0.284446245063675
right_step,1800.0,2400.0,0.1,11274,142,0.004852667460936014,0.0,0.0,0.0,1.0
right_step,1800.0,2400.0,0.2,11274,142,0.004852667460936014,0.01184998681211145,0.0,2.441953195330996,-1.441953195330996
right_step,1800.0,2400.0,0.4,11274,142,0.004852667460936014,0.005931780695051619,0.0,1.2223752694373702,-0.22237526943737018
right_step,1800.0,2400.0,0.6,11274,142,0.004852667460936014,0.003952097182494675,0.0,0.8144174754007085,0.18558252459929148
right_step,1800.0,2400.0,0.8,11274,142,0.004852667460936014,0.0035081718002211992,0.0,0.7229367823907143,0.27706321760928565
right_step,1800.0,2400.0,0.9,11274,142,0.004852667460936014,0.0031182707863919275,0.0,0.642589011403319,0.35741098859668097
right_step,1800.0,2400.0,0.95,11274,142,0.004852667460936014,0.0034718173440409245,0.0,0.7154451385735914,0.2845548614264086
right_step,1800.0,3600.0,0.1,11274,142,0.004852667460936014,0.0,0.0,0.0,1.0
right_step,1800.0,3600.0,0.2,11274,142,0.004852667460936014,0.01184998681211145,0.0,2.441953195330996,-1.441953195330996
right_step,1800.0,3600.0,0.4,11274,142,0.004852667460936014,0.005931780695051619,0.0,1.2223752694373702,-0.22237526943737018
right_step,1800.0,3600.0,0.6,11274,142,0.004852667460936014,0.003952097182494675,0.0,0.8144174754007085,0.18558252459929148
right_step,1800.0,3600.0,0.8,11274,142,0.004852667460936014,0.0035081718002211992,0.0,0.7229367823907143,0.27706321760928565
right_step,1800.0,3600.0,0.9,11274,142,0.004852667460936014,0.0031182707863919275,0.0,0.642589011403319,0.35741098859668097
right_step,1800.0,3600.0,0.95,11274,142,0.004852667460936014,0.0034718173440409245,0.0,0.7154451385735914,0.2845548614264086
right_step,2400.0,1.0,0.1,11629,0,0.0,0.0,0.0,nan,nan
right_step,2400.0,1.0,0.2,11629,0,0.0,0.0,0.0,nan,nan
right_step,2400.0,1.0,0.4,11629,0,0.0,0.0,0.0,nan,nan
right_step,2400.0,1.0,0.6,11629,0,0.0,0.0,0.0,nan,nan
right_step,2400.0,1.0,0.8,11629,0,0.0,0.0,0.0,nan,nan
right_step,2400.0,1.0,0.9,11629,0,0.0,0.0,0.0,nan,nan
right_step,2400.0,1.0,0.95,11629,0,0.0,0.0,0.0,nan,nan
right_step,2400.0,2.0,0.1,11629,0,0.0,0.0,0.0,nan,nan
right_step,2400.0,2.0,0.2,11629,0,0.0,0.0,0.0,nan,nan
right_step,2400.0,2.0,0.4,11629,0,0.0,0.0,0.0,nan,nan
right_step,2400.0,2.0,0.6,11629,0,0.0,0.0,0.0,nan,nan
right_step,2400.0,2.0,0.8,11629,0,0.0,0.0,0.0,nan,nan
right_step,2400.0,2.0,0.9,11629,0,0.0,0.0,0.0,nan,nan
right_step,2400.0,2.0,0.95,11629,0,0.0,0.0,0.0,nan,nan
right_step,2400.0,3.0,0.1,11629,0,0.0,0.0,0.0,nan,nan
right_step,2400.0,3.0,0.2,11629,0,0.0,0.0,0.0,nan,nan
right_step,2400.0,3.0,0.4,11629,0,0.0,0.0,0.0,nan,nan
right_step,2400.0,3.0,0.6,11629,0,0.0,0.0,0.0,nan,nan
right_step,2400.0,3.0,0.8,11629,0,0.0,0.0,0.0,nan,nan
right_step,2400.0,3.0,0.9,11629,0,0.0,0.0,0.0,nan,nan
right_step,2400.0,3.0,0.95,11629,0,0.0,0.0,0.0,nan,nan
right_step,2400.0,5.0,0.1,11629,0,0.0,0.0,0.0,nan,nan
right_step,2400.0,5.0,0.2,11629,0,0.0,0.0,0.0,nan,nan
right_step,2400.0,5.0,0.4,11629,0,0.0,0.0,0.0,nan,nan
right_step,2400.0,5.0,0.6,11629,0,0.0,0.0,0.0,nan,nan
right_step,2400.0,5.0,0.8,11629,0,0.0,0.0,0.0,nan,nan
right_step,2400.0,5.0,0.9,11629,0,0.0,0.0,0.0,nan,nan
right_step,2400.0,5.0,0.95,11629,0,0.0,0.0,0.0,nan,nan
right_step,2400.0,10.0,0.1,11629,0,0.0,0.0,0.0,nan,nan
right_step,2400.0,10.0,0.2,11629,0,0.0,0.0,0.0,nan,nan
right_step,2400.0,10.0,0.4,11629,0,0.0,0.0,0.0,nan,nan
right_step,2400.0,10.0,0.6,11629,0,0.0,0.0,0.0,nan,nan
right_step,2400.0,10.0,0.8,11629,0,0.0,0.0,0.0,nan,nan
right_step,2400.0,10.0,0.9,11629,0,0.0,0.0,0.0,nan,nan
right_step,2400.0,10.0,0.95,11629,0,0.0,0.0,0.0,nan,nan
right_step,2400.0,20.0,0.1,11629,0,0.0,0.0,0.0,nan,nan
right_step,2400.0,20.0,0.2,11629,0,0.0,0.0,0.0,nan,nan
right_step,2400.0,20.0,0.4,11629,0,0.0,0.0,0.0,nan,nan
right_step,2400.0,20.0,0.6,11629,0,0.0,0.0,0.0,nan,nan
right_step,2400.0,20.0,0.8,11629,0,0.0,0.0,0.0,nan,nan
right_step,2400.0,20.0,0.9,11629,0,0.0,0.0,0.0,nan,nan
right_step,2400.0,20.0,0.95,11629,0,0.0,0.0,0.0,nan,nan
right_step,2400.0,30.0,0.1,11629,0,0.0,0.0,0.0,nan,nan
right_step,2400.0,30.0,0.2,11629,0,0.0,0.0,0.0,nan,nan
right_step,2400.0,30.0,0.4,11629,0,0.0,0.0,0.0,nan,nan
right_step,2400.0,30.0,0.6,11629,0,0.0,0.0,0.0,nan,nan
right_step,2400.0,30.0,0.8,11629,0,0.0,0.0,0.0,nan,nan
right_step,2400.0,30.0,0.9,11629,0,0.0,0.0,0.0,nan,nan
right_step,2400.0,30.0,0.95,11629,0,0.0,0.0,0.0,nan,nan
right_step,2400.0,60.0,0.1,11629,0,0.0,0.0,0.0,nan,nan
right_step,2400.0,60.0,0.2,11629,0,0.0,0.0,0.0,nan,nan
right_step,2400.0,60.0,0.4,11629,0,0.0,0.0,0.0,nan,nan
right_step,2400.0,60.0,0.6,11629,0,0.0,0.0,0.0,nan,nan
right_step,2400.0,60.0,0.8,11629,0,0.0,0.0,0.0,nan,nan
right_step,2400.0,60.0,0.9,11629,0,0.0,0.0,0.0,nan,nan
right_step,2400.0,60.0,0.95,11629,0,0.0,0.0,0.0,nan,nan
right_step,2400.0,120.0,0.1,11629,0,0.0,0.0,0.0,nan,nan
right_step,2400.0,120.0,0.2,11629,0,0.0,0.0,0.0,nan,nan
right_step,2400.0,120.0,0.4,11629,0,0.0,0.0,0.0,nan,nan
right_step,2400.0,120.0,0.6,11629,0,0.0,0.0,0.0,nan,nan
right_step,2400.0,120.0,0.8,11629,0,0.0,0.0,0.0,nan,nan
right_step,2400.0,120.0,0.9,11629,0,0.0,0.0,0.0,nan,nan
right_step,2400.0,120.0,0.95,11629,0,0.0,0.0,0.0,nan,nan
right_step,2400.0,180.0,0.1,11629,0,0.0,0.0,0.0,nan,nan
right_step,2400.0,180.0,0.2,11629,0,0.0,0.0,0.0,nan,nan
right_step,2400.0,180.0,0.4,11629,0,0.0,0.0,0.0,nan,nan
right_step,2400.0,180.0,0.6,11629,0,0.0,0.0,0.0,nan,nan
right_step,2400.0,180.0,0.8,11629,0,0.0,0.0,0.0,nan,nan
right_step,2400.0,180.0,0.9,11629,0,0.0,0.0,0.0,nan,nan
right_step,2400.0,180.0,0.95,11629,0,0.0,0.0,0.0,nan,nan
right_step,2400.0,300.0,0.1,11629,0,0.0,0.0,0.0,nan,nan
right_step,2400.0,300.0,0.2,11629,0,0.0,0.0,0.0,nan,nan
right_step,2400.0,300.0,0.4,11629,0,0.0,0.0,0.0,nan,nan
right_step,2400.0,300.0,0.6,11629,0,0.0,0.0,0.0,nan,nan
right_step,2400.0,300.0,0.8,11629,0,0.0,0.0,0.0,nan,nan
right_step,2400.0,300.0,0.9,11629,0,0.0,0.0,0.0,nan,nan
right_step,2400.0,300.0,0.95,11629,0,0.0,0.0,0.0,nan,nan
right_step,2400.0,600.0,0.1,11629,0,0.0,0.0,0.0,nan,nan
right_step,2400.0,600.0,0.2,11629,0,0.0,0.0,0.0,nan,nan
right_step,2400.0,600.0,0.4,11629,0,0.0,0.0,0.0,nan,nan
right_step,2400.0,600.0,0.6,11629,0,0.0,0.0,0.0,nan,nan
right_step,2400.0,600.0,0.8,11629,0,0.0,0.0,0.0,nan,nan
right_step,2400.0,600.0,0.9,11629,0,0.0,0.0,0.0,nan,nan
right_step,2400.0,600.0,0.95,11629,0,0.0,0.0,0.0,nan,nan
right_step,2400.0,900.0,0.1,11629,0,0.0,0.0,0.0,nan,nan
right_step,2400.0,900.0,0.2,11629,0,0.0,0.0,0.0,nan,nan
right_step,2400.0,900.0,0.4,11629,0,0.0,0.0,0.0,nan,nan
right_step,2400.0,900.0,0.6,11629,0,0.0,0.0,0.0,nan,nan
right_step,2400.0,900.0,0.8,11629,0,0.0,0.0,0.0,nan,nan
right_step,2400.0,900.0,0.9,11629,0,0.0,0.0,0.0,nan,nan
right_step,2400.0,900.0,0.95,11629,0,0.0,0.0,0.0,nan,nan
right_step,2400.0,1200.0,0.1,11453,142,0.004759528508972346,0.0,0.0,0.0,1.0
right_step,2400.0,1200.0,0.2,11453,142,0.004759528508972346,0.011622835246935258,0.0,2.442013998870826,-1.4420139988708258
right_step,2400.0,1200.0,0.4,11453,142,0.004759528508972346,0.005819071914343261,0.0,1.2226152030339843,-0.2226152030339843
right_step,2400.0,1200.0,0.6,11453,142,0.004759528508972346,0.0038807758881134755,0.0,0.8153698167366149,0.1846301832633851
right_step,2400.0,1200.0,0.8,11453,142,0.004759528508972346,0.0034408820225651,0.0,0.7229459842668404,0.2770540157331596
right_step,2400.0,1200.0,0.9,11453,142,0.004759528508972346,0.003592897618266445,0.0,0.75488519745041,0.24511480254958995
right_step,2400.0,1200.0,0.95,11453,142,0.004759528508972346,0.0034056984963216504,0.0,0.715553754936325,0.284446245063675
right_step,2400.0,1800.0,0.1,11274,142,0.004852667460936014,0.0,0.0,0.0,1.0
right_step,2400.0,1800.0,0.2,11274,142,0.004852667460936014,0.01184998681211145,0.0,2.441953195330996,-1.441953195330996
right_step,2400.0,1800.0,0.4,11274,142,0.004852667460936014,0.005931780695051619,0.0,1.2223752694373702,-0.22237526943737018
right_step,2400.0,1800.0,0.6,11274,142,0.004852667460936014,0.003952097182494675,0.0,0.8144174754007085,0.18558252459929148
right_step,2400.0,1800.0,0.8,11274,142,0.004852667460936014,0.0035081718002211992,0.0,0.7229367823907143,0.27706321760928565
right_step,2400.0,1800.0,0.9,11274,142,0.004852667460936014,0.0031182707863919275,0.0,0.642589011403319,0.35741098859668097
right_step,2400.0,1800.0,0.95,11274,142,0.004852667460936014,0.0034718173440409245,0.0,0.7154451385735914,0.2845548614264086
right_step,2400.0,2400.0,0.1,11274,142,0.004852667460936014,0.0,0.0,0.0,1.0
right_step,2400.0,2400.0,0.2,11274,142,0.004852667460936014,0.01184998681211145,0.0,2.441953195330996,-1.441953195330996
right_step,2400.0,2400.0,0.4,11274,142,0.004852667460936014,0.005931780695051619,0.0,1.2223752694373702,-0.22237526943737018
right_step,2400.0,2400.0,0.6,11274,142,0.004852667460936014,0.003952097182494675,0.0,0.8144174754007085,0.18558252459929148
right_step,2400.0,2400.0,0.8,11274,142,0.004852667460936014,0.0035081718002211992,0.0,0.7229367823907143,0.27706321760928565
right_step,2400.0,2400.0,0.9,11274,142,0.004852667460936014,0.0031182707863919275,0.0,0.642589011403319,0.35741098859668097
right_step,2400.0,2400.0,0.95,11274,142,0.004852667460936014,0.0034718173440409245,0.0,0.7154451385735914,0.2845548614264086
right_step,2400.0,3600.0,0.1,11274,142,0.004852667460936014,0.0,0.0,0.0,1.0
right_step,2400.0,3600.0,0.2,11274,142,0.004852667460936014,0.01184998681211145,0.0,2.441953195330996,-1.441953195330996
right_step,2400.0,3600.0,0.4,11274,142,0.004852667460936014,0.005931780695051619,0.0,1.2223752694373702,-0.22237526943737018
right_step,2400.0,3600.0,0.6,11274,142,0.004852667460936014,0.003952097182494675,0.0,0.8144174754007085,0.18558252459929148
right_step,2400.0,3600.0,0.8,11274,142,0.004852667460936014,0.0035081718002211992,0.0,0.7229367823907143,0.27706321760928565
right_step,2400.0,3600.0,0.9,11274,142,0.004852667460936014,0.0031182707863919275,0.0,0.642589011403319,0.35741098859668097
right_step,2400.0,3600.0,0.95,11274,142,0.004852667460936014,0.0034718173440409245,0.0,0.7154451385735914,0.2845548614264086
right_step,3600.0,1.0,0.1,11311,0,0.0,0.0,0.0,nan,nan
right_step,3600.0,1.0,0.2,11311,0,0.0,0.0,0.0,nan,nan
right_step,3600.0,1.0,0.4,11311,0,0.0,0.0,0.0,nan,nan
right_step,3600.0,1.0,0.6,11311,0,0.0,0.0,0.0,nan,nan
right_step,3600.0,1.0,0.8,11311,0,0.0,0.0,0.0,nan,nan
right_step,3600.0,1.0,0.9,11311,0,0.0,0.0,0.0,nan,nan
right_step,3600.0,1.0,0.95,11311,0,0.0,0.0,0.0,nan,nan
right_step,3600.0,2.0,0.1,11311,0,0.0,0.0,0.0,nan,nan
right_step,3600.0,2.0,0.2,11311,0,0.0,0.0,0.0,nan,nan
right_step,3600.0,2.0,0.4,11311,0,0.0,0.0,0.0,nan,nan
right_step,3600.0,2.0,0.6,11311,0,0.0,0.0,0.0,nan,nan
right_step,3600.0,2.0,0.8,11311,0,0.0,0.0,0.0,nan,nan
right_step,3600.0,2.0,0.9,11311,0,0.0,0.0,0.0,nan,nan
right_step,3600.0,2.0,0.95,11311,0,0.0,0.0,0.0,nan,nan
right_step,3600.0,3.0,0.1,11311,0,0.0,0.0,0.0,nan,nan
right_step,3600.0,3.0,0.2,11311,0,0.0,0.0,0.0,nan,nan
right_step,3600.0,3.0,0.4,11311,0,0.0,0.0,0.0,nan,nan
right_step,3600.0,3.0,0.6,11311,0,0.0,0.0,0.0,nan,nan
right_step,3600.0,3.0,0.8,11311,0,0.0,0.0,0.0,nan,nan
right_step,3600.0,3.0,0.9,11311,0,0.0,0.0,0.0,nan,nan
right_step,3600.0,3.0,0.95,11311,0,0.0,0.0,0.0,nan,nan
right_step,3600.0,5.0,0.1,11302,0,0.0,0.0,0.0,nan,nan
right_step,3600.0,5.0,0.2,11302,0,0.0,0.0,0.0,nan,nan
right_step,3600.0,5.0,0.4,11302,0,0.0,0.0,0.0,nan,nan
right_step,3600.0,5.0,0.6,11302,0,0.0,0.0,0.0,nan,nan
right_step,3600.0,5.0,0.8,11302,0,0.0,0.0,0.0,nan,nan
right_step,3600.0,5.0,0.9,11302,0,0.0,0.0,0.0,nan,nan
right_step,3600.0,5.0,0.95,11302,0,0.0,0.0,0.0,nan,nan
right_step,3600.0,10.0,0.1,11269,0,0.0,0.0,0.0,nan,nan
right_step,3600.0,10.0,0.2,11269,0,0.0,0.0,0.0,nan,nan
right_step,3600.0,10.0,0.4,11269,0,0.0,0.0,0.0,nan,nan
right_step,3600.0,10.0,0.6,11269,0,0.0,0.0,0.0,nan,nan
right_step,3600.0,10.0,0.8,11269,0,0.0,0.0,0.0,nan,nan
right_step,3600.0,10.0,0.9,11269,0,0.0,0.0,0.0,nan,nan
right_step,3600.0,10.0,0.95,11269,0,0.0,0.0,0.0,nan,nan
right_step,3600.0,20.0,0.1,11180,0,0.0,0.0,0.0,nan,nan
right_step,3600.0,20.0,0.2,11180,0,0.0,0.0,0.0,nan,nan
right_step,3600.0,20.0,0.4,11180,0,0.0,0.0,0.0,nan,nan
right_step,3600.0,20.0,0.6,11180,0,0.0,0.0,0.0,nan,nan
right_step,3600.0,20.0,0.8,11180,0,0.0,0.0,0.0,nan,nan
right_step,3600.0,20.0,0.9,11180,0,0.0,0.0,0.0,nan,nan
right_step,3600.0,20.0,0.95,11180,0,0.0,0.0,0.0,nan,nan
right_step,3600.0,30.0,0.1,11152,0,0.0,0.0,0.0,nan,nan
right_step,3600.0,30.0,0.2,11152,0,0.0,0.0,0.0,nan,nan
right_step,3600.0,30.0,0.4,11152,0,0.0,0.0,0.0,nan,nan
right_step,3600.0,30.0,0.6,11152,0,0.0,0.0,0.0,nan,nan
right_step,3600.0,30.0,0.8,11152,0,0.0,0.0,0.0,nan,nan
right_step,3600.0,30.0,0.9,11152,0,0.0,0.0,0.0,nan,nan
right_step,3600.0,30.0,0.95,11152,0,0.0,0.0,0.0,nan,nan
right_step,3600.0,60.0,0.1,11132,0,0.0,0.0,0.0,nan,nan
right_step,3600.0,60.0,0.2,11132,0,0.0,0.0,0.0,nan,nan
right_step,3600.0,60.0,0.4,11132,0,0.0,0.0,0.0,nan,nan
right_step,3600.0,60.0,0.6,11132,0,0.0,0.0,0.0,nan,nan
right_step,3600.0,60.0,0.8,11132,0,0.0,0.0,0.0,nan,nan
right_step,3600.0,60.0,0.9,11132,0,0.0,0.0,0.0,nan,nan
right_step,3600.0,60.0,0.95,11132,0,0.0,0.0,0.0,nan,nan
right_step,3600.0,120.0,0.1,11132,0,0.0,0.0,0.0,nan,nan
right_step,3600.0,120.0,0.2,11132,0,0.0,0.0,0.0,nan,nan
right_step,3600.0,120.0,0.4,11132,0,0.0,0.0,0.0,nan,nan
right_step,3600.0,120.0,0.6,11132,0,0.0,0.0,0.0,nan,nan
right_step,3600.0,120.0,0.8,11132,0,0.0,0.0,0.0,nan,nan
right_step,3600.0,120.0,0.9,11132,0,0.0,0.0,0.0,nan,nan
right_step,3600.0,120.0,0.95,11132,0,0.0,0.0,0.0,nan,nan
right_step,3600.0,180.0,0.1,11132,0,0.0,0.0,0.0,nan,nan
right_step,3600.0,180.0,0.2,11132,0,0.0,0.0,0.0,nan,nan
right_step,3600.0,180.0,0.4,11132,0,0.0,0.0,0.0,nan,nan
right_step,3600.0,180.0,0.6,11132,0,0.0,0.0,0.0,nan,nan
right_step,3600.0,180.0,0.8,11132,0,0.0,0.0,0.0,nan,nan
right_step,3600.0,180.0,0.9,11132,0,0.0,0.0,0.0,nan,nan
right_step,3600.0,180.0,0.95,11132,0,0.0,0.0,0.0,nan,nan
right_step,3600.0,300.0,0.1,11132,0,0.0,0.0,0.0,nan,nan
right_step,3600.0,300.0,0.2,11132,0,0.0,0.0,0.0,nan,nan
right_step,3600.0,300.0,0.4,11132,0,0.0,0.0,0.0,nan,nan
right_step,3600.0,300.0,0.6,11132,0,0.0,0.0,0.0,nan,nan
right_step,3600.0,300.0,0.8,11132,0,0.0,0.0,0.0,nan,nan
right_step,3600.0,300.0,0.9,11132,0,0.0,0.0,0.0,nan,nan
right_step,3600.0,300.0,0.95,11132,0,0.0,0.0,0.0,nan,nan
right_step,3600.0,600.0,0.1,11132,0,0.0,0.0,0.0,nan,nan
right_step,3600.0,600.0,0.2,11132,0,0.0,0.0,0.0,nan,nan
right_step,3600.0,600.0,0.4,11132,0,0.0,0.0,0.0,nan,nan
right_step,3600.0,600.0,0.6,11132,0,0.0,0.0,0.0,nan,nan
right_step,3600.0,600.0,0.8,11132,0,0.0,0.0,0.0,nan,nan
right_step,3600.0,600.0,0.9,11132,0,0.0,0.0,0.0,nan,nan
right_step,3600.0,600.0,0.95,11132,0,0.0,0.0,0.0,nan,nan
right_step,3600.0,900.0,0.1,11132,0,0.0,0.0,0.0,nan,nan
right_step,3600.0,900.0,0.2,11132,0,0.0,0.0,0.0,nan,nan
right_step,3600.0,900.0,0.4,11132,0,0.0,0.0,0.0,nan,nan
right_step,3600.0,900.0,0.6,11132,0,0.0,0.0,0.0,nan,nan
right_step,3600.0,900.0,0.8,11132,0,0.0,0.0,0.0,nan,nan
right_step,3600.0,900.0,0.9,11132,0,0.0,0.0,0.0,nan,nan
right_step,3600.0,900.0,0.95,11132,0,0.0,0.0,0.0,nan,nan
right_step,3600.0,1200.0,0.1,11132,0,0.0,0.0,0.0,nan,nan
right_step,3600.0,1200.0,0.2,11132,0,0.0,0.0,0.0,nan,nan
right_step,3600.0,1200.0,0.4,11132,0,0.0,0.0,0.0,nan,nan
right_step,3600.0,1200.0,0.6,11132,0,0.0,0.0,0.0,nan,nan
right_step,3600.0,1200.0,0.8,11132,0,0.0,0.0,0.0,nan,nan
right_step,3600.0,1200.0,0.9,11132,0,0.0,0.0,0.0,nan,nan
right_step,3600.0,1200.0,0.95,11132,0,0.0,0.0,0.0,nan,nan
right_step,3600.0,1800.0,0.1,11132,0,0.0,0.0,0.0,nan,nan
right_step,3600.0,1800.0,0.2,11132,0,0.0,0.0,0.0,nan,nan
right_step,3600.0,1800.0,0.4,11132,0,0.0,0.0,0.0,nan,nan
right_step,3600.0,1800.0,0.6,11132,0,0.0,0.0,0.0,nan,nan
right_step,3600.0,1800.0,0.8,11132,0,0.0,0.0,0.0,nan,nan
right_step,3600.0,1800.0,0.9,11132,0,0.0,0.0,0.0,nan,nan
right_step,3600.0,1800.0,0.95,11132,0,0.0,0.0,0.0,nan,nan
right_step,3600.0,2400.0,0.1,11132,0,0.0,0.0,0.0,nan,nan
right_step,3600.0,2400.0,0.2,11132,0,0.0,0.0,0.0,nan,nan
right_step,3600.0,2400.0,0.4,11132,0,0.0,0.0,0.0,nan,nan
right_step,3600.0,2400.0,0.6,11132,0,0.0,0.0,0.0,nan,nan
right_step,3600.0,2400.0,0.8,11132,0,0.0,0.0,0.0,nan,nan
right_step,3600.0,2400.0,0.9,11132,0,0.0,0.0,0.0,nan,nan
right_step,3600.0,2400.0,0.95,11132,0,0.0,0.0,0.0,nan,nan
right_step,3600.0,3600.0,0.1,11027,0,0.0,0.0,0.0,nan,nan
right_step,3600.0,3600.0,0.2,11027,0,0.0,0.0,0.0,nan,nan
right_step,3600.0,3600.0,0.4,11027,0,0.0,0.0,0.0,nan,nan
right_step,3600.0,3600.0,0.6,11027,0,0.0,0.0,0.0,nan,nan
right_step,3600.0,3600.0,0.8,11027,0,0.0,0.0,0.0,nan,nan
right_step,3600.0,3600.0,0.9,11027,0,0.0,0.0,0.0,nan,nan
right_step,3600.0,3600.0,0.95,11027,0,0.0,0.0,0.0,nan,nan
