kind,method,time_s,bin,n,weight,predicted_risk,km_observed_risk,abs_error,age_s,horizon_s
absolute,log_survival,0.2,0,2379,2379.0,0.00013751572994904874,0.0,0.00013751572994904874,,
absolute,log_survival,0.2,1,2379,2379.0,0.00040508104180855375,0.0,0.00040508104180855375,,
absolute,log_survival,0.2,2,2379,2379.0,0.0005881309243703164,0.0,0.0005881309243703164,,
absolute,log_survival,0.2,3,2379,2379.0,0.0007199889306652332,0.0,0.0007199889306652332,,
absolute,log_survival,0.2,4,2379,2379.0,0.0008148044012812045,0.0,0.0008148044012812045,,
absolute,log_survival,0.2,5,2379,2379.0,0.0009037068940352783,0.0,0.0009037068940352783,,
absolute,log_survival,0.2,6,2378,2378.0,0.0010583983392661082,0.0,0.0010583983392661082,,
absolute,log_survival,0.2,7,2378,2378.0,0.0014247167415883271,0.0,0.0014247167415883271,,
absolute,log_survival,0.2,8,2378,2378.0,0.0019050439318017028,0.0,0.0019050439318017028,,
absolute,log_survival,0.2,9,2378,2378.0,0.006007156770773651,0.0,0.006007156770773651,,
absolute,log_survival,0.2,0,2379,1096966.0,0.00013237749901916118,0.0,0.00013237749901916118,,
absolute,log_survival,0.2,1,2379,919246.0,0.00039544430248064774,0.0,0.00039544430248064774,,
absolute,log_survival,0.2,2,2379,1040920.0,0.0005881288736349036,0.0,0.0005881288736349036,,
absolute,log_survival,0.2,3,2379,852340.0,0.0007190652381315497,0.0,0.0007190652381315497,,
absolute,log_survival,0.2,4,2379,758109.0,0.0008132197703045225,0.0,0.0008132197703045225,,
absolute,log_survival,0.2,5,2379,788869.0,0.0009022537316776638,0.0,0.0009022537316776638,,
absolute,log_survival,0.2,6,2378,939521.0,0.0010529810172198832,0.0,0.0010529810172198832,,
absolute,log_survival,0.2,7,2378,898607.0,0.0014150052657806273,0.0,0.0014150052657806273,,
absolute,log_survival,0.2,8,2378,611778.0,0.0018885676412859521,0.0,0.0018885676412859521,,
absolute,log_survival,0.2,9,2378,407104.0,0.004128831458209677,0.0,0.004128831458209677,,
absolute,log_survival,0.5,0,2379,2379.0,0.00034374233735158554,0.0,0.00034374233735158554,,
absolute,log_survival,0.5,1,2379,2379.0,0.0010123802065650459,0.0,0.0010123802065650459,,
absolute,log_survival,0.5,2,2379,2379.0,0.0014696602750318899,0.0,0.0014696602750318899,,
absolute,log_survival,0.5,3,2379,2379.0,0.001798978871316357,0.0,0.001798978871316357,,
absolute,log_survival,0.5,4,2379,2379.0,0.0020357445555144026,0.0,0.0020357445555144026,,
absolute,log_survival,0.5,5,2379,2379.0,0.0022577136462918986,0.0,0.0022577136462918986,,
absolute,log_survival,0.5,6,2378,2378.0,0.0026438500345182924,0.0,0.0026438500345182924,,
absolute,log_survival,0.5,7,2378,2378.0,0.003557884933829827,0.0,0.003557884933829827,,
absolute,log_survival,0.5,8,2378,2378.0,0.00475563720396905,0.0,0.00475563720396905,,
absolute,log_survival,0.5,9,2378,2378.0,0.014776433916416854,0.0,0.014776433916416854,,
absolute,log_survival,0.5,0,2379,1096966.0,0.0003308991931747147,0.0,0.0003308991931747147,,
absolute,log_survival,0.5,1,2379,919246.0,0.0009883013257096806,0.0,0.0009883013257096806,,
absolute,log_survival,0.5,2,2379,1040920.0,0.0014696558570341143,0.0,0.0014696558570341143,,
absolute,log_survival,0.5,3,2379,852340.0,0.001796669146669538,0.0,0.001796669146669538,,
absolute,log_survival,0.5,4,2379,758109.0,0.0020317828135648953,0.0,0.0020317828135648953,,
absolute,log_survival,0.5,5,2379,788869.0,0.0022540851387743625,0.0,0.0022540851387743625,,
absolute,log_survival,0.5,6,2378,939521.0,0.0026303269194239637,0.0,0.0026303269194239637,,
absolute,log_survival,0.5,7,2378,898595.0,0.0035336465943725617,0.0,0.0035336465943725617,,
absolute,log_survival,0.5,8,2378,611790.0,0.0047145575128077445,0.0,0.0047145575128077445,,
absolute,log_survival,0.5,9,2378,407104.0,0.010223374605052316,0.0,0.010223374605052316,,
absolute,log_survival,1.0,0,2379,2379.0,0.0006873280959052556,0.0,0.0006873280959052556,,
absolute,log_survival,1.0,1,2379,2379.0,0.0020236863877353727,0.0,0.0020236863877353727,,
absolute,log_survival,1.0,2,2379,2379.0,0.0029370989381748967,0.0,0.0029370989381748967,,
absolute,log_survival,1.0,3,2379,2379.0,0.0035946495421193903,0.0,0.0035946495421193903,,
absolute,log_survival,1.0,4,2379,2379.0,0.004067272351466004,0.0,0.004067272351466004,,
absolute,log_survival,1.0,5,2379,2379.0,0.0045102550905542025,0.0,0.0045102550905542025,,
absolute,log_survival,1.0,6,2378,2378.0,0.005280557826207156,0.0,0.005280557826207156,,
absolute,log_survival,1.0,7,2378,2378.0,0.0071027727057734425,0.0,0.0071027727057734425,,
absolute,log_survival,1.0,8,2378,2378.0,0.009488094463164015,0.000420521446593769,0.009067573016570246,,
absolute,log_survival,1.0,9,2378,2378.0,0.028787556945480557,0.0,0.028787556945480557,,
absolute,log_survival,1.0,0,2379,1096966.0,0.0006616499137893925,0.0,0.0006616499137893925,,
absolute,log_survival,1.0,1,2379,919246.0,0.0019755718196176005,0.0,0.0019755718196176005,,
absolute,log_survival,1.0,2,2379,1040920.0,0.002937092457837229,0.0,0.002937092457837229,,
absolute,log_survival,1.0,3,2379,852340.0,0.0035900284625445074,0.0,0.0035900284625445074,,
absolute,log_survival,1.0,4,2379,758129.0,0.004059354063203036,0.0,0.004059354063203036,,
absolute,log_survival,1.0,5,2379,788849.0,0.004503018462436566,0.0,0.004503018462436566,,
absolute,log_survival,1.0,6,2378,939394.0,0.005253472249894448,0.0,0.005253472249894448,,
absolute,log_survival,1.0,7,2378,898722.0,0.0070543115733194195,0.0,0.0070543115733194195,,
absolute,log_survival,1.0,8,2378,611790.0,0.009406344793674819,0.00010788015495510894,0.00929846463871971,,
absolute,log_survival,1.0,9,2378,407104.0,0.02013129867891465,0.0,0.02013129867891465,,
absolute,log_survival,1.5,0,2379,2379.0,0.0010307573623852052,0.0,0.0010307573623852052,,
absolute,log_survival,1.5,1,2379,2379.0,0.0030339197322336257,0.0,0.0030339197322336257,,
absolute,log_survival,1.5,2,2379,2379.0,0.004402319433900665,0.0,0.004402319433900665,,
absolute,log_survival,1.5,3,2379,2379.0,0.005387018228618116,0.0,0.005387018228618116,,
absolute,log_survival,1.5,4,2379,2379.0,0.006094592264938277,0.0,0.006094592264938277,,
absolute,log_survival,1.5,5,2379,2379.0,0.006757636349964891,0.0,0.006757636349964891,,
absolute,log_survival,1.5,6,2378,2378.0,0.00791014274879636,0.0,0.00791014274879636,,
absolute,log_survival,1.5,7,2378,2378.0,0.01063471234694823,0.0,0.01063471234694823,,
absolute,log_survival,1.5,8,2378,2378.0,0.014197487543514624,0.000420521446593769,0.013776966096920855,,
absolute,log_survival,1.5,9,2378,2378.0,0.04210245542237322,0.0,0.04210245542237322,,
absolute,log_survival,1.5,0,2379,1096966.0,0.0009922522405961102,0.0,0.0009922522405961102,,
absolute,log_survival,1.5,1,2379,919246.0,0.0029618126118262514,0.0,0.0029618126118262514,,
absolute,log_survival,1.5,2,2379,1040948.0,0.004402328225293988,0.0,0.004402328225293988,,
absolute,log_survival,1.5,3,2379,852312.0,0.005380098002830761,0.0,0.005380098002830761,,
absolute,log_survival,1.5,4,2379,758129.0,0.006082714085772293,0.0,0.006082714085772293,,
absolute,log_survival,1.5,5,2379,788849.0,0.00674680328353599,0.0,0.00674680328353599,,
absolute,log_survival,1.5,6,2378,939394.0,0.007869615668651506,0.0,0.007869615668651506,,
absolute,log_survival,1.5,7,2378,898722.0,0.010562258293153508,0.0,0.010562258293153508,,
absolute,log_survival,1.5,8,2378,611790.0,0.014075474396805133,0.00010788015495510894,0.013967594241850024,,
absolute,log_survival,1.5,9,2378,407104.0,0.029747567667842513,0.0,0.029747567667842513,,
absolute,log_survival,1.8,0,2379,2379.0,0.0012367398421342219,0.0,0.0012367398421342219,,
absolute,log_survival,1.8,1,2379,2379.0,0.0036395452713267875,0.0,0.0036395452713267875,,
absolute,log_survival,1.8,2,2379,2379.0,0.005280388404758919,0.0033627574611182487,0.00191763094364067,,
absolute,log_survival,1.8,3,2379,2379.0,0.006460857106599395,0.0012610340479193294,0.005199823058680065,,
absolute,log_survival,1.8,4,2379,2379.0,0.007308968062496331,0.0033627574611182487,0.003946210601378082,,
absolute,log_survival,1.8,5,2379,2379.0,0.008103593258125392,0.0008406893652794789,0.007262903892845913,,
absolute,log_survival,1.8,6,2378,2378.0,0.009484482961867184,0.00462573591253157,0.004858747049335614,,
absolute,log_survival,1.8,7,2378,2378.0,0.012747681157765494,0.0,0.012747681157765494,,
absolute,log_survival,1.8,8,2378,2378.0,0.017012100522573202,0.003364171572750152,0.01364792894982305,,
absolute,log_survival,1.8,9,2378,2378.0,0.04978323750285771,0.002523128679562614,0.047260108823295094,,
absolute,log_survival,1.8,0,2379,1096966.0,0.001190542440395748,0.0,0.001190542440395748,,
absolute,log_survival,1.8,1,2379,919246.0,0.0035530632999727914,0.0,0.0035530632999727914,,
absolute,log_survival,1.8,2,2379,1040948.0,0.005280401499575031,0.0006330767723267128,0.004647324727248318,,
absolute,log_survival,1.8,3,2379,852312.0,0.00645255105744755,0.0014924112296905712,0.004960139827756979,,
absolute,log_survival,1.8,4,2379,758107.0,0.007294702506318853,0.013975599750431056,0.0066808972441122026,,
absolute,log_survival,1.8,5,2379,788871.0,0.008090597895302703,0.00024465343509905146,0.007845944460203652,,
absolute,log_survival,1.8,6,2378,939394.0,0.009435923233558711,0.009243192952052115,0.00019273028150659614,,
absolute,log_survival,1.8,7,2378,898722.0,0.012660906940398146,0.0,0.012660906940398146,,
absolute,log_survival,1.8,8,2378,611790.0,0.016866123082787413,0.003556776017914709,0.013309347064872704,,
absolute,log_survival,1.8,9,2378,407104.0,0.035386357023777154,0.0020854621914793148,0.03330089483229784,,
absolute,log_survival,2.0,0,2379,2379.0,0.0013740302234599953,0.0,0.0013740302234599953,,
absolute,log_survival,2.0,1,2379,2379.0,0.004043081427415547,0.004203446826397617,0.0001603653989820696,,
absolute,log_survival,2.0,2,2379,2379.0,0.005865325133673897,0.007566204287515865,0.0017008791538419684,,
absolute,log_survival,2.0,3,2379,2379.0,0.007176091202637953,0.0033627574611181377,0.0038133337415198155,,
absolute,log_survival,2.0,4,2379,2379.0,0.008117713053987795,0.007986548970155716,0.00013116408383207975,,
absolute,log_survival,2.0,5,2379,2379.0,0.008999869513448186,0.008827238335434973,0.00017263117801321302,,
absolute,log_survival,2.0,6,2378,2378.0,0.010532624578823521,0.028174936921783078,0.017642312342959557,,
absolute,log_survival,2.0,7,2378,2378.0,0.014153752243081024,0.00504625735912545,0.009107494883955574,,
absolute,log_survival,2.0,8,2378,2378.0,0.018883931601719257,0.008830950378469371,0.010052981223249886,,
absolute,log_survival,2.0,9,2378,2378.0,0.054783044967258346,0.023128679562657628,0.03165436540460072,,
absolute,log_survival,2.0,0,2379,1096966.0,0.0013227062523004064,0.0,0.0013227062523004064,,
absolute,log_survival,2.0,1,2379,919246.0,0.0039470248311411224,0.001610015164602352,0.0023370096665387705,,
absolute,log_survival,2.0,2,2379,1040948.0,0.005865341565183118,0.0031701871755360767,0.002695154389647041,,
absolute,log_survival,2.0,3,2379,852312.0,0.007166860948989569,0.00350458517538188,0.0036622757736076888,,
absolute,log_survival,2.0,4,2379,758107.0,0.008101862115440634,0.020745092711187296,0.012643230595746662,,
absolute,log_survival,2.0,5,2379,788871.0,0.008985441830304721,0.0036723367952428143,0.005313105035061907,,
absolute,log_survival,2.0,6,2378,939394.0,0.010478723154795547,0.03174706246793135,0.021268339313135806,,
absolute,log_survival,2.0,7,2378,898722.0,0.014057462640184877,0.0030866052016085277,0.01097085743857635,,
absolute,log_survival,2.0,8,2378,611886.0,0.01872253788073455,0.007078115858182965,0.011644422022551584,,
absolute,log_survival,2.0,9,2378,407008.0,0.03909774025249052,0.010309379668212881,0.02878836058427764,,
absolute,log_survival,2.3,0,2379,2379.0,0.006865776411893252,0.002942412778478398,0.003923363633414854,,
absolute,log_survival,2.3,1,2379,2379.0,0.013035956231560302,0.0,0.013035956231560302,,
absolute,log_survival,2.3,2,2379,2379.0,0.017382602356515776,0.007153827385296796,0.01022877497121898,,
absolute,log_survival,2.3,3,2379,2379.0,0.022335057198666075,0.03368201415606664,0.011346956957400567,,
absolute,log_survival,2.3,4,2379,2379.0,0.02712815141651956,0.005049976770425513,0.02207817464609405,,
absolute,log_survival,2.3,5,2379,2379.0,0.03255220726381349,0.015730993835546214,0.016821213428267277,,
absolute,log_survival,2.3,6,2378,2378.0,0.038088757343797824,0.0378617487403331,0.0002270086034647234,,
absolute,log_survival,2.3,7,2378,2378.0,0.04528579938564072,0.043851718550081964,0.0014340808355587584,,
absolute,log_survival,2.3,8,2378,2378.0,0.05740673344614992,0.05340622371740955,0.004000509728740366,,
absolute,log_survival,2.3,9,2378,2378.0,0.1101356650774122,0.08494533221194278,0.025190332865469414,,
absolute,log_survival,2.3,0,2379,1187334.0,0.006594331807903083,0.00024424466914951815,0.006350087138753565,,
absolute,log_survival,2.3,1,2379,917569.0,0.012929011815331393,0.0,0.012929011815331393,,
absolute,log_survival,2.3,2,2379,1024916.0,0.017603486659087304,0.02083255471181289,0.003229068052725586,,
absolute,log_survival,2.3,3,2379,1059612.0,0.022246747060723642,0.03089469691932889,0.008647949858605248,,
absolute,log_survival,2.3,4,2379,945765.0,0.026974632830229148,0.007911168069528518,0.01906346476070063,,
absolute,log_survival,2.3,5,2379,808770.0,0.03264590188685468,0.03145578325315557,0.001190118633699111,,
absolute,log_survival,2.3,6,2378,747908.0,0.038094509258993776,0.04483701808829743,0.006742508829303655,,
absolute,log_survival,2.3,7,2378,706798.0,0.04525597857116882,0.04844476236780226,0.0031887837966334404,,
absolute,log_survival,2.3,8,2378,512960.0,0.056596601309484545,0.04184926699937619,0.014747334310108356,,
absolute,log_survival,2.3,9,2378,401828.0,0.09838048285873058,0.04779656967657797,0.05058391318215261,,
absolute,log_survival,2.75,0,2379,2379.0,0.012619382844947794,0.003373479612555963,0.009245903232391831,,
absolute,log_survival,2.75,1,2379,2379.0,0.022248537899528215,0.007992566536138557,0.014255971363389658,,
absolute,log_survival,2.75,2,2379,2379.0,0.030806410852207197,0.021885002544191567,0.008921408308015629,,
absolute,log_survival,2.75,3,2379,2379.0,0.03878207840420508,0.04842958514117135,0.009647506736966273,,
absolute,log_survival,2.75,4,2379,2379.0,0.04760981439507752,0.030356243470997524,0.017253570924079996,,
absolute,log_survival,2.75,5,2379,2379.0,0.05932216837800838,0.035308953341740223,0.02401321503626816,,
absolute,log_survival,2.75,6,2378,2378.0,0.07481193247229187,0.10075858055311715,0.02594664808082528,,
absolute,log_survival,2.75,7,2378,2378.0,0.09031023334336225,0.21951219512195075,0.1292019617785885,,
absolute,log_survival,2.75,8,2378,2378.0,0.11802406398056423,0.08830950378469293,0.029714560195871292,,
absolute,log_survival,2.75,9,2378,2378.0,0.2097342367049397,0.17157275021026086,0.03816148649467885,,
absolute,log_survival,2.75,0,2379,1150658.0,0.012211234135792193,0.00031032544107900684,0.011900908694713186,,
absolute,log_survival,2.75,1,2379,882968.0,0.02267069963816868,0.011573056893554479,0.011097642744614201,,
absolute,log_survival,2.75,2,2379,997768.0,0.031021291873613317,0.03997106117808957,0.008949769304476256,,
absolute,log_survival,2.75,3,2379,934601.0,0.038952298321342727,0.05980621454474366,0.020853916223400937,,
absolute,log_survival,2.75,4,2379,895327.0,0.047424358830627615,0.06494388533616602,0.017519526505538403,,
absolute,log_survival,2.75,5,2379,921043.0,0.05930226287536144,0.03433281616602013,0.024969446709341307,,
absolute,log_survival,2.75,6,2378,848867.0,0.07442359058850828,0.11801748981603222,0.043593899227523936,,
absolute,log_survival,2.75,7,2378,728410.0,0.09009836021164348,0.11240922008209664,0.022310859870453156,,
absolute,log_survival,2.75,8,2378,570188.0,0.11789923671634771,0.14640785144548807,0.02850861472914036,,
absolute,log_survival,2.75,9,2378,383630.0,0.20644296797869724,0.170875583244272,0.03556738473442525,,
absolute,log_survival,3.5,0,2379,2379.0,0.021485305807022202,0.006369558823609567,0.015115746983412635,,
absolute,log_survival,3.5,1,2379,2379.0,0.03698198935142507,0.02019317456475922,0.01678881478666585,,
absolute,log_survival,3.5,2,2379,2379.0,0.050679269278575564,0.04082491582491565,0.009854353453659911,,
absolute,log_survival,3.5,3,2379,2379.0,0.06476297593529312,0.04088779922476826,0.02387517671052486,,
absolute,log_survival,3.5,4,2379,2379.0,0.08031894260053331,0.09680688164294693,0.01648793904241362,,
absolute,log_survival,3.5,5,2379,2379.0,0.10275671258227266,0.0944620077663173,0.008294704815955359,,
absolute,log_survival,3.5,6,2378,2378.0,0.13158903458568144,0.1917577796467621,0.060168745061080664,,
absolute,log_survival,3.5,7,2378,2378.0,0.16241651757421519,0.2977291841883939,0.1353126666141787,,
absolute,log_survival,3.5,8,2378,2378.0,0.21175347440989745,0.1581160639192596,0.05363741049063786,,
absolute,log_survival,3.5,9,2378,2378.0,0.3500807370309794,0.3153910849453323,0.034689652085647116,,
absolute,log_survival,3.5,0,2379,1116859.0,0.021027748272238213,0.0016870216838367202,0.019340726588401493,,
absolute,log_survival,3.5,1,2379,848404.0,0.037566948233305426,0.021258285748362082,0.016308662484943344,,
absolute,log_survival,3.5,2,2379,895036.0,0.05104689766434061,0.04575920979690573,0.00528768786743488,,
absolute,log_survival,3.5,3,2379,981173.0,0.06429851399932666,0.057037164326160794,0.0072613496731658705,,
absolute,log_survival,3.5,4,2379,927122.0,0.08018253369680088,0.14978110990487803,0.06959857620807715,,
absolute,log_survival,3.5,5,2379,930437.0,0.10247161765328659,0.11547138560043246,0.012999767947145871,,
absolute,log_survival,3.5,6,2378,898666.0,0.13056688345844839,0.2085391012901343,0.07797221783168592,,
absolute,log_survival,3.5,7,2378,757922.0,0.16192756814643697,0.14890318528819568,0.013024382858241285,,
absolute,log_survival,3.5,8,2378,569929.0,0.21161792023178183,0.24549724614820456,0.03387932591642273,,
absolute,log_survival,3.5,9,2378,387912.0,0.35503701436221796,0.37900090742230175,0.023963893060083785,,
absolute,log_survival,4.25,0,2379,2379.0,0.029867714669196327,0.006369558823609678,0.02349815584558665,,
absolute,log_survival,4.25,1,2379,2379.0,0.05112116978622231,0.034076225333055876,0.017044944453166434,,
absolute,log_survival,4.25,2,2379,2379.0,0.07012949418987349,0.06313031782944911,0.006999176360424381,,
absolute,log_survival,4.25,3,2379,2379.0,0.08982946033769668,0.08314367546445756,0.00668578487323912,,
absolute,log_survival,4.25,4,2379,2379.0,0.11170083863794518,0.14377363759696216,0.032072798959016977,,
absolute,log_survival,4.25,5,2379,2379.0,0.1443866009310085,0.13790667636501308,0.006479924565995415,,
absolute,log_survival,4.25,6,2378,2378.0,0.18499792804028523,0.2531539108494535,0.06815598280916826,,
absolute,log_survival,4.25,7,2378,2378.0,0.2288511887912678,0.3687973086627415,0.1399461198714737,,
absolute,log_survival,4.25,8,2378,2378.0,0.29514075529490463,0.26240538267451674,0.03273537262038789,,
absolute,log_survival,4.25,9,2378,2378.0,0.4635326105779544,0.47266610597140457,0.009133495393450153,,
absolute,log_survival,4.25,0,2379,1085519.0,0.02937945504393419,0.008054016747728654,0.021325438296205534,,
absolute,log_survival,4.25,1,2379,810097.0,0.05144741927738435,0.03262218617862711,0.018825233098757242,,
absolute,log_survival,4.25,2,2379,924344.0,0.07022183599385891,0.08396474683483945,0.013742910840980546,,
absolute,log_survival,4.25,3,2379,987826.0,0.08925012918508478,0.0762412111499754,0.013008918035109382,,
absolute,log_survival,4.25,4,2379,937836.0,0.111989269731678,0.20938162743020605,0.09739235769852805,,
absolute,log_survival,4.25,5,2379,938677.0,0.14434011231160493,0.1578327855566467,0.013492673245041775,,
absolute,log_survival,4.25,6,2378,904738.0,0.18372274563903354,0.28737932970650026,0.10365658406746672,,
absolute,log_survival,4.25,7,2378,774309.0,0.22844659398663913,0.2281169403945973,0.0003296535920418453,,
absolute,log_survival,4.25,8,2378,560971.0,0.2959821589231929,0.3292844015109515,0.0333022425877586,,
absolute,log_survival,4.25,9,2378,389143.0,0.47396240629890507,0.5252644914594378,0.051302085160532696,,
absolute,log_survival,4.7,0,2379,2379.0,0.03476821199787612,0.010249243843387323,0.0245189681544888,,
absolute,log_survival,4.7,1,2379,2379.0,0.059432544915426884,0.033655526824925674,0.02577701809050121,,
absolute,log_survival,4.7,2,2379,2379.0,0.08165505916472905,0.08122798015349841,0.0004270790112306383,,
absolute,log_survival,4.7,3,2379,2379.0,0.10440409842922525,0.09257349691702288,0.011830601512202374,,
absolute,log_survival,4.7,4,2379,2379.0,0.13015798318423033,0.15929977310076437,0.029141789916534044,,
absolute,log_survival,4.7,5,2379,2379.0,0.16843849304445566,0.15562453519578356,0.012813957848672092,,
absolute,log_survival,4.7,6,2378,2378.0,0.21534294058580983,0.31791421362489436,0.10257127303908453,,
absolute,log_survival,4.7,7,2378,2378.0,0.26613877514896717,0.4049621530698062,0.13882337792083904,,
absolute,log_survival,4.7,8,2378,2378.0,0.3408156749771489,0.30613961312026905,0.034676061856879825,,
absolute,log_survival,4.7,9,2378,2378.0,0.5209334494832576,0.5449957947855341,0.024062345302276467,,
absolute,log_survival,4.7,0,2379,1085149.0,0.034482642154445284,0.009585898139845228,0.024896744014600056,,
absolute,log_survival,4.7,1,2379,765103.0,0.05948541137274079,0.02442486762213547,0.03506054375060532,,
absolute,log_survival,4.7,2,2379,968980.0,0.081407081180018,0.1104160717242032,0.029008990544185195,,
absolute,log_survival,4.7,3,2379,976807.0,0.10407130721013307,0.0976028533755956,0.006468453834537466,,
absolute,log_survival,4.7,4,2379,938683.0,0.13050620096218377,0.22292221127667677,0.09241601031449301,,
absolute,log_survival,4.7,5,2379,945555.0,0.16846349612378103,0.20947083820071988,0.041007342076938846,,
absolute,log_survival,4.7,6,2378,909857.0,0.21416596032455007,0.35563061008488106,0.141464649760331,,
absolute,log_survival,4.7,7,2378,775180.0,0.2658208305339698,0.2700250264454702,0.004204195911500397,,
absolute,log_survival,4.7,8,2378,559882.0,0.342265651669029,0.36583780153675194,0.023572149867722936,,
absolute,log_survival,4.7,9,2378,388264.0,0.5340940480846589,0.5495255805328334,0.015431532448174523,,
absolute,log_survival,5.0,0,2379,2379.0,0.0380118996266845,0.011531819728541004,0.026480079898143494,,
absolute,log_survival,5.0,1,2379,2379.0,0.06490864897256286,0.03281447202355947,0.03209417694900339,,
absolute,log_survival,5.0,2,2379,2379.0,0.08925061838986514,0.09300911918876109,0.0037585007988959473,,
absolute,log_survival,5.0,3,2379,2379.0,0.11398972515031906,0.09778158200788234,0.016208143142436723,,
absolute,log_survival,5.0,4,2379,2379.0,0.14226169785489345,0.19869931898373527,0.05643762112884182,,
absolute,log_survival,5.0,5,2379,2379.0,0.184091062126528,0.19358462025045575,0.009493558123927742,,
absolute,log_survival,5.0,6,2378,2378.0,0.23490578129514786,0.34356602186711527,0.10866024057196741,,
absolute,log_survival,5.0,7,2378,2378.0,0.29000908071159315,0.4116904962153066,0.12168141550371347,,
absolute,log_survival,5.0,8,2378,2378.0,0.3695206468273216,0.32422203532380134,0.04529861150352027,,
absolute,log_survival,5.0,9,2378,2378.0,0.5554395046814056,0.5428931875525651,0.012546317128840467,,
absolute,log_survival,5.0,0,2379,1079909.0,0.037787361520269326,0.010426367608474152,0.027360993911795174,,
absolute,log_survival,5.0,1,2379,752376.0,0.06478258829314001,0.024139996007718545,0.04064259228542147,,
absolute,log_survival,5.0,2,2379,963400.0,0.08852747749260452,0.11787706740851644,0.029349589915911925,,
absolute,log_survival,5.0,3,2379,993995.0,0.11356012942028479,0.11040695004431367,0.0031531793759711213,,
absolute,log_survival,5.0,4,2379,942428.0,0.14268536770436613,0.2505461443969613,0.1078607766925952,,
absolute,log_survival,5.0,5,2379,936914.0,0.18398227513863233,0.2508000654227067,0.06681779028407439,,
absolute,log_survival,5.0,6,2378,913298.0,0.23331751532689185,0.38110999914595245,0.1477924838190606,,
absolute,log_survival,5.0,7,2378,783463.0,0.28938878259712586,0.27460518237619347,0.014783600220932391,,
absolute,log_survival,5.0,8,2378,558395.0,0.371164771666848,0.3863841904028511,0.015219418736003076,,
absolute,log_survival,5.0,9,2378,389282.0,0.5694939830527398,0.5477622905759837,0.021731692476756104,,
absolute,log_survival,5.5,0,2379,2379.0,0.04474780118174259,0.024024581160446035,0.020723220021296555,,
absolute,log_survival,5.5,1,2379,2379.0,0.07517703181305775,0.03619477445189223,0.03898225736116552,,
absolute,log_survival,5.5,2,2379,2379.0,0.10305701154460961,0.11530704219605659,0.012250030651446975,,
absolute,log_survival,5.5,3,2379,2379.0,0.1305359092787194,0.10589686722413161,0.02463904205458778,,
absolute,log_survival,5.5,4,2379,2379.0,0.16170004545952876,0.22510560121036172,0.06340555575083295,,
absolute,log_survival,5.5,5,2379,2379.0,0.20429631879080548,0.21045185986519066,0.006155541074385179,,
absolute,log_survival,5.5,6,2378,2378.0,0.2570421457215715,0.3718879371585808,0.11484579143700929,,
absolute,log_survival,5.5,7,2378,2378.0,0.3106836463804386,0.45584524810765337,0.14516160172721476,,
absolute,log_survival,5.5,8,2378,2378.0,0.39118973063557855,0.3578637510513032,0.033325979584275356,,
absolute,log_survival,5.5,9,2378,2378.0,0.5716262012060571,0.629941126997477,0.058314925791419836,,
absolute,log_survival,5.5,0,2379,1050709.0,0.04475562692968813,0.01829069022495744,0.026464936704730692,,
absolute,log_survival,5.5,1,2379,775800.0,0.0759867820479132,0.03742453911789301,0.038562242930020196,,
absolute,log_survival,5.5,2,2379,921116.0,0.10287799235391513,0.13031419075474948,0.027436198400834347,,
absolute,log_survival,5.5,3,2379,974460.0,0.1301144918963895,0.14824787932381545,0.018133387427425957,,
absolute,log_survival,5.5,4,2379,975716.0,0.1616874194339408,0.26787920805334753,0.10619178861940673,,
absolute,log_survival,5.5,5,2379,942039.0,0.20499329003413747,0.2556002283857781,0.05060693835164065,,
absolute,log_survival,5.5,6,2378,910320.0,0.2563973553591671,0.4095512625111689,0.15315390715200183,,
absolute,log_survival,5.5,7,2378,782668.0,0.311243888141105,0.3346374196977515,0.02339353155664653,,
absolute,log_survival,5.5,8,2378,583199.0,0.39045810265979397,0.4260003875178111,0.03554228485801714,,
absolute,log_survival,5.5,9,2378,397433.0,0.5831311682639118,0.5902303029693055,0.007099134705393695,,
absolute,log_survival,6.25,0,2379,2379.0,0.05453371948487591,0.032410559491400925,0.022123159993474986,,
absolute,log_survival,6.25,1,2379,2379.0,0.09026746228851819,0.039025121618835645,0.05124234066968254,,
absolute,log_survival,6.25,2,2379,2379.0,0.12309306642321177,0.12877572375305169,0.005682657329839913,,
absolute,log_survival,6.25,3,2379,2379.0,0.1546090100826482,0.1266619490051285,0.027947061077519708,,
absolute,log_survival,6.25,4,2379,2379.0,0.18990251671628544,0.23916836365716798,0.04926584694088254,,
absolute,log_survival,6.25,5,2379,2379.0,0.2337203794419706,0.2623292216368688,0.028608842194898176,,
absolute,log_survival,6.25,6,2378,2378.0,0.28876807886411787,0.41071755236440155,0.12194947350028368,,
absolute,log_survival,6.25,7,2378,2378.0,0.34103789697958975,0.48065601345668607,0.13961811647709632,,
absolute,log_survival,6.25,8,2378,2378.0,0.42249347080521726,0.38435660218671097,0.03813686861850629,,
absolute,log_survival,6.25,9,2378,2378.0,0.5948445399979241,0.7001682085786374,0.10532366858071329,,
absolute,log_survival,6.25,0,2379,973057.0,0.053753492028450964,0.02677347941489472,0.026980012613556245,,
absolute,log_survival,6.25,1,2379,835816.0,0.09136975903892,0.043471952060265995,0.047897806978654006,,
absolute,log_survival,6.25,2,2379,910081.0,0.12411627660317698,0.1550596886589899,0.030943412055812913,,
absolute,log_survival,6.25,3,2379,950850.0,0.1547607930484368,0.1882720259720717,0.03351123292363492,,
absolute,log_survival,6.25,4,2379,977324.0,0.18989512376746948,0.28331902117734487,0.09342389740987539,,
absolute,log_survival,6.25,5,2379,954746.0,0.23527725131333346,0.28440570673210785,0.04912845541877439,,
absolute,log_survival,6.25,6,2378,875377.0,0.28891420652552163,0.4408024517184288,0.15188824519290717,,
absolute,log_survival,6.25,7,2378,825560.0,0.34279039263120625,0.3851518968942296,0.04236150426302332,,
absolute,log_survival,6.25,8,2378,605741.0,0.42047514318290324,0.42717762211902444,0.006702478936121192,,
absolute,log_survival,6.25,9,2378,404908.0,0.604666808266564,0.6361222796289527,0.03145547136238869,,
absolute,log_survival,7.5,0,2379,2379.0,0.07015972852773411,0.04748050197071252,0.022679226557021592,,
absolute,log_survival,7.5,1,2379,2379.0,0.114844642021286,0.07155886841903569,0.043285773602250305,,
absolute,log_survival,7.5,2,2379,2379.0,0.15510422541507474,0.12211258935158076,0.03299163606349398,,
absolute,log_survival,7.5,3,2379,2379.0,0.192933730674887,0.20056050389593505,0.007626773221048044,,
absolute,log_survival,7.5,4,2379,2379.0,0.23378251605510925,0.3490177825645354,0.11523526650942617,,
absolute,log_survival,7.5,5,2379,2379.0,0.2810487408158063,0.3437312211235205,0.06268248030771423,,
absolute,log_survival,7.5,6,2378,2378.0,0.3377489138574521,0.46027407547243704,0.12252516161498495,,
absolute,log_survival,7.5,7,2378,2378.0,0.3896766220482682,0.5227170658960443,0.13304044384777608,,
absolute,log_survival,7.5,8,2378,2378.0,0.4715033321889564,0.4104462260475712,0.06105710614138521,,
absolute,log_survival,7.5,9,2378,2378.0,0.6308427389924067,0.7428312994906139,0.11198856049820716,,
absolute,log_survival,7.5,0,2379,902101.0,0.06840760481042402,0.04109352599243843,0.027314078817985588,,
absolute,log_survival,7.5,1,2379,825815.0,0.11505272057875933,0.08215374099597195,0.03289897958278738,,
absolute,log_survival,7.5,2,2379,942246.0,0.1561228338344726,0.16388123385288134,0.007758400018408745,,
absolute,log_survival,7.5,3,2379,927428.0,0.19359550153363622,0.26395242480204095,0.07035692326840473,,
absolute,log_survival,7.5,4,2379,946028.0,0.23301730205184013,0.349559635652567,0.11654233360072686,,
absolute,log_survival,7.5,5,2379,994399.0,0.28237643460797046,0.40883363745835033,0.12645720285037987,,
absolute,log_survival,7.5,6,2378,828383.0,0.33841906604289423,0.4558896584701366,0.11747059242724239,,
absolute,log_survival,7.5,7,2378,840484.0,0.390784753525738,0.47050188712575813,0.07971713360002014,,
absolute,log_survival,7.5,8,2378,700996.0,0.4666522625914919,0.4398298747125885,0.026822387878903398,,
absolute,log_survival,7.5,9,2378,405580.0,0.6415867298831269,0.6954300219713867,0.053843292088259775,,
absolute,log_survival,8.75,0,2379,2379.0,0.08528068803429505,0.050730885040018436,0.03454980299427661,,
absolute,log_survival,8.75,1,2379,2379.0,0.13841856257937682,0.08846116526682235,0.04995739731255447,,
absolute,log_survival,8.75,2,2379,2379.0,0.18587921667711046,0.14981891972997563,0.036060296947134834,,
absolute,log_survival,8.75,3,2379,2379.0,0.22935198269260124,0.2684041927231575,0.039052210030556284,,
absolute,log_survival,8.75,4,2379,2379.0,0.27414829140886016,0.38691014185280026,0.1127618504439401,,
absolute,log_survival,8.75,5,2379,2379.0,0.32610108263800897,0.3902155448955448,0.06411446225753581,,
absolute,log_survival,8.75,6,2378,2378.0,0.38253406108856974,0.494668337501484,0.11213427641291424,,
absolute,log_survival,8.75,7,2378,2378.0,0.4353394654788936,0.5509707331208334,0.11563126764193987,,
absolute,log_survival,8.75,8,2378,2378.0,0.516612182832815,0.4729633818099388,0.04364880102287616,,
absolute,log_survival,8.75,9,2378,2378.0,0.6638244705434673,0.7390508193007627,0.07522634875729539,,
absolute,log_survival,8.75,0,2379,875633.0,0.08327646285194965,0.04593035257925249,0.03734611027269716,,
absolute,log_survival,8.75,1,2379,813389.0,0.13857847078529006,0.11250245081211474,0.026076019973175324,,
absolute,log_survival,8.75,2,2379,947670.0,0.18709839338710904,0.22121160395979467,0.034113210572685626,,
absolute,log_survival,8.75,3,2379,883404.0,0.2297878591926463,0.27542273245584903,0.04563487326320273,,
absolute,log_survival,8.75,4,2379,970635.0,0.27299766546029286,0.4036023433043353,0.13060467784404245,,
absolute,log_survival,8.75,5,2379,948578.0,0.32607405596959815,0.4181854634845027,0.09211140751490454,,
absolute,log_survival,8.75,6,2378,801570.0,0.38102723290337337,0.4729051195395153,0.09187788663614194,,
absolute,log_survival,8.75,7,2378,915446.0,0.43600341855397745,0.5204992907610744,0.08449587220709692,,
absolute,log_survival,8.75,8,2378,735867.0,0.5112840984160745,0.48806668234698747,0.023217416069087005,,
absolute,log_survival,8.75,9,2378,421268.0,0.6719959140695678,0.6943138558991759,0.022317941829608112,,
absolute,log_survival,9.5,0,2379,2379.0,0.09413646453805108,0.05109517192632984,0.04304129261172124,,
absolute,log_survival,9.5,1,2379,2379.0,0.15216980476597713,0.09070659102649814,0.061463213739478995,,
absolute,log_survival,9.5,2,2379,2379.0,0.20381123510910387,0.1863988815975518,0.01741235351155207,,
absolute,log_survival,9.5,3,2379,2379.0,0.2502954104060704,0.27878490315738724,0.028489492751316847,,
absolute,log_survival,9.5,4,2379,2379.0,0.29711833214389727,0.3991706088644893,0.10205227672059203,,
absolute,log_survival,9.5,5,2379,2379.0,0.351732329340015,0.4043307164750408,0.05259838713502579,,
absolute,log_survival,9.5,6,2378,2378.0,0.40765654203801294,0.5072638520918129,0.09960731005379997,,
absolute,log_survival,9.5,7,2378,2378.0,0.46124301275549295,0.5648193785231341,0.10357636576764118,,
absolute,log_survival,9.5,8,2378,2378.0,0.541876310611334,0.49027087928654134,0.05160543132479267,,
absolute,log_survival,9.5,9,2378,2378.0,0.6823429760124359,0.7307317073170733,0.04838873130463739,,
absolute,log_survival,9.5,0,2379,857748.0,0.09171601065807285,0.05478840710681354,0.036927603551259305,,
absolute,log_survival,9.5,1,2379,810157.0,0.15199513757061117,0.11532753844749632,0.03666759912311485,,
absolute,log_survival,9.5,2,2379,932484.0,0.20442658111717543,0.23324497169727687,0.02881839058010144,,
absolute,log_survival,9.5,3,2379,875104.0,0.2497828110582137,0.27485328772410333,0.02507047666588963,,
absolute,log_survival,9.5,4,2379,984333.0,0.2955913966164229,0.4219444692882415,0.12635307267181856,,
absolute,log_survival,9.5,5,2379,947534.0,0.3512590354351067,0.41452138577967057,0.06326235034456384,,
absolute,log_survival,9.5,6,2378,795735.0,0.40667098100421606,0.48944014876866293,0.08276916776444687,,
absolute,log_survival,9.5,7,2378,926742.0,0.4623896943415505,0.54021422340581,0.07782452906425957,,
absolute,log_survival,9.5,8,2378,742187.0,0.5358635944039729,0.4787731025602916,0.05709049184368131,,
absolute,log_survival,9.5,9,2378,441436.0,0.6869188554867104,0.695427746622653,0.008508891135942664,,
absolute,log_survival,10.0,0,2379,2379.0,0.09995514329536412,0.051517658492702845,0.048437484802661274,,
absolute,log_survival,10.0,1,2379,2379.0,0.16119576182715048,0.12587737382641595,0.03531838800073453,,
absolute,log_survival,10.0,2,2379,2379.0,0.21553498606626617,0.1961621125782601,0.019372873488006065,,
absolute,log_survival,10.0,3,2379,2379.0,0.26390412133918895,0.2799362146945693,0.01603209335538036,,
absolute,log_survival,10.0,4,2379,2379.0,0.31195626415840194,0.40701228099825293,0.09505601683985099,,
absolute,log_survival,10.0,5,2379,2379.0,0.36823562800588205,0.42417747384848725,0.0559418458426052,,
absolute,log_survival,10.0,6,2378,2378.0,0.4237496967336595,0.5127867671970805,0.08903707046342102,,
absolute,log_survival,10.0,7,2378,2378.0,0.4779190024706216,0.5547254125294807,0.07680641005885913,,
absolute,log_survival,10.0,8,2378,2378.0,0.5579438364721274,0.5076202111865825,0.050323625285544904,,
absolute,log_survival,10.0,9,2378,2378.0,0.6942218117089234,0.7270084469960141,0.03278663528709069,,
absolute,log_survival,10.0,0,2379,847660.0,0.09725920700085677,0.055323248563353356,0.04193595843750342,,
absolute,log_survival,10.0,1,2379,809261.0,0.16082897060928342,0.12582535274395878,0.03500361786532463,,
absolute,log_survival,10.0,2,2379,924635.0,0.21580490615723913,0.25016796672764985,0.03436306057041072,,
absolute,log_survival,10.0,3,2379,882243.0,0.2632064899533993,0.2683240066211302,0.005117516667730915,,
absolute,log_survival,10.0,4,2379,985926.0,0.31086549467835584,0.42890418047982093,0.11803868580146509,,
absolute,log_survival,10.0,5,2379,933847.0,0.36757549615046176,0.42740423462866894,0.05982873847820719,,
absolute,log_survival,10.0,6,2378,786799.0,0.42265984149140917,0.49647035408242035,0.07381051259101118,,
absolute,log_survival,10.0,7,2378,943717.0,0.4789895288459608,0.5384940655251003,0.059504536679139464,,
absolute,log_survival,10.0,8,2378,749079.0,0.5520023919929196,0.4847602623955669,0.06724212959735265,,
absolute,log_survival,10.0,9,2378,450293.0,0.69764219833842,0.6908261903660755,0.0068160079723444955,,
absolute,log_survival,11.0,0,2379,2379.0,0.10976992087467838,0.052744608236794055,0.05702531263788432,,
absolute,log_survival,11.0,1,2379,2379.0,0.17691988851826987,0.15265429506298478,0.02426559345528509,,
absolute,log_survival,11.0,2,2379,2379.0,0.23073572999640318,0.21209811700688308,0.018637612989520103,,
absolute,log_survival,11.0,3,2379,2379.0,0.2783184442447286,0.2935310730573174,0.01521262881258878,,
absolute,log_survival,11.0,4,2379,2379.0,0.3250415481349157,0.40954659772643287,0.08450504959151717,,
absolute,log_survival,11.0,5,2379,2379.0,0.3806029789294851,0.4398105772583569,0.05920759832887185,,
absolute,log_survival,11.0,6,2378,2378.0,0.4342742368945408,0.5132889117525088,0.07901467485796798,,
absolute,log_survival,11.0,7,2378,2378.0,0.4874697058157081,0.5584524810765343,0.07098277526082625,,
absolute,log_survival,11.0,8,2378,2378.0,0.5654196534563429,0.5126526807504747,0.052766972705868276,,
absolute,log_survival,11.0,9,2378,2378.0,0.6977805225669756,0.7266100874174887,0.028829564850513023,,
absolute,log_survival,11.0,0,2379,834177.0,0.10672920188100324,0.06226728390513259,0.04446191797587065,,
absolute,log_survival,11.0,1,2379,842129.0,0.1771113936166925,0.1671325198475847,0.009978873769107804,,
absolute,log_survival,11.0,2,2379,896789.0,0.2315306036388559,0.24178885497355584,0.010258251334699958,,
absolute,log_survival,11.0,3,2379,867863.0,0.2769919249702662,0.3032835308441857,0.026291605873919488,,
absolute,log_survival,11.0,4,2379,980275.0,0.3241671149796547,0.4421482115063471,0.11798109652669236,,
absolute,log_survival,11.0,5,2379,960473.0,0.3803440567792963,0.45059601319192644,0.07025195641263016,,
absolute,log_survival,11.0,6,2378,744752.0,0.4334166390865978,0.4903106069416441,0.0568939678550463,,
absolute,log_survival,11.0,7,2378,952167.0,0.48757668176013985,0.5730108268822591,0.08543414512211928,,
absolute,log_survival,11.0,8,2378,781171.0,0.55906040427598,0.4714085462387345,0.08765185803724551,,
absolute,log_survival,11.0,9,2378,453664.0,0.7009928865225701,0.7046863120052351,0.003693425482665047,,
absolute,log_survival,12.5,0,2379,2379.0,0.12317198530359917,0.08017135753445437,0.0430006277691448,,
absolute,log_survival,12.5,1,2379,2379.0,0.20014705577370745,0.17897890648850878,0.021168149285198667,,
absolute,log_survival,12.5,2,2379,2379.0,0.2525994312588933,0.24334200546289686,0.009257425795996421,,
absolute,log_survival,12.5,3,2379,2379.0,0.29893410262537534,0.32531688095811784,0.026382778332742496,,
absolute,log_survival,12.5,4,2379,2379.0,0.34497879950288995,0.4402876170043245,0.09530881750143455,,
absolute,log_survival,12.5,5,2379,2379.0,0.3987951073953764,0.4751201659601356,0.07632505856475924,,
absolute,log_survival,12.5,6,2378,2378.0,0.4496819710431228,0.5433612909365412,0.09367931989341838,,
absolute,log_survival,12.5,7,2378,2378.0,0.5016180683682849,0.5605550883095034,0.05893701994121847,,
absolute,log_survival,12.5,8,2378,2378.0,0.5763150147505662,0.5710681244743481,0.0052468902762181635,,
absolute,log_survival,12.5,9,2378,2378.0,0.7033201812547639,0.7513228779219661,0.04800269666720214,,
absolute,log_survival,12.5,0,2379,828803.0,0.12021721186812773,0.0751900543300642,0.04502715753806352,,
absolute,log_survival,12.5,1,2379,869200.0,0.2010349237298512,0.19054017955205027,0.010494744177800941,,
absolute,log_survival,12.5,2,2379,880993.0,0.25400783303613356,0.2869902488901729,0.032982415854039326,,
absolute,log_survival,12.5,3,2379,844057.0,0.29764573859516563,0.3441878417312412,0.04654210313607554,,
absolute,log_survival,12.5,4,2379,966309.0,0.3452849646984358,0.46844841304668516,0.12316344834824938,,
absolute,log_survival,12.5,5,2379,965661.0,0.398679943242935,0.4879815937374036,0.08930165049446859,,
absolute,log_survival,12.5,6,2378,735112.0,0.44922812308506677,0.518109121838255,0.0688809987531882,,
absolute,log_survival,12.5,7,2378,964575.0,0.5022602896296133,0.5649462198377523,0.06268593020813895,,
absolute,log_survival,12.5,8,2378,790844.0,0.5705582148763486,0.516647608747916,0.05391060612843257,,
absolute,log_survival,12.5,9,2378,467906.0,0.7046731494294954,0.7212256279367056,0.0165524785072102,,
absolute,log_survival,15.0,0,2379,2379.0,0.14324156472425065,0.15232689003180777,0.009085325307557124,,
absolute,log_survival,15.0,1,2379,2379.0,0.23644520562754856,0.20189003436426078,0.034555171263287776,,
absolute,log_survival,15.0,2,2379,2379.0,0.28727415623560254,0.24497118689557174,0.042302969340030805,,
absolute,log_survival,15.0,3,2379,2379.0,0.3314090117353163,0.3248525351813697,0.006556476553946589,,
absolute,log_survival,15.0,4,2379,2379.0,0.37800167624478515,0.4642073066748127,0.08620563043002755,,
absolute,log_survival,15.0,5,2379,2379.0,0.428168152136202,0.5191112529255129,0.09094310078931084,,
absolute,log_survival,15.0,6,2378,2378.0,0.4746930401167212,0.557505941499637,0.08281290138291575,,
absolute,log_survival,15.0,7,2378,2378.0,0.5245537201857375,0.567883254990789,0.04332953480505142,,
absolute,log_survival,15.0,8,2378,2378.0,0.5937885188925499,0.5866880902468312,0.007100428645718693,,
absolute,log_survival,15.0,9,2378,2378.0,0.7128824321359651,0.7487704318572421,0.035887999721276986,,
absolute,log_survival,15.0,0,2379,861064.0,0.14278021427540064,0.10866804392232132,0.03411217035307931,,
absolute,log_survival,15.0,1,2379,832655.0,0.2379122122317555,0.22195263903657292,0.01595957319518257,,
absolute,log_survival,15.0,2,2379,891962.0,0.2876033795626817,0.2843048929839801,0.0032984865787016315,,
absolute,log_survival,15.0,3,2379,807317.0,0.3316918325881145,0.3605514796271304,0.02885964703901589,,
absolute,log_survival,15.0,4,2379,956168.0,0.3794713183356125,0.4791832620858014,0.09971194375018894,,
absolute,log_survival,15.0,5,2379,878466.0,0.42675106476012387,0.5135019263364057,0.08675086157628181,,
absolute,log_survival,15.0,6,2378,811026.0,0.47318366823960345,0.5578819435462444,0.08469827530664098,,
absolute,log_survival,15.0,7,2378,971085.0,0.5260316651475474,0.5613425648519179,0.03531089970437051,,
absolute,log_survival,15.0,8,2378,815906.0,0.5897314401280758,0.5437730853772299,0.045958354750845865,,
absolute,log_survival,15.0,9,2378,487811.0,0.7125682937938592,0.7259379040568603,0.013369610263001097,,
absolute,log_survival,17.5,0,2379,2379.0,0.1610211904757143,0.15570407373686102,0.005317116738853295,,
absolute,log_survival,17.5,1,2379,2379.0,0.2694815870973022,0.23103300471495947,0.03844858238234272,,
absolute,log_survival,17.5,2,2379,2379.0,0.31929469931391696,0.2592605991758712,0.060034100138045776,,
absolute,log_survival,17.5,3,2379,2379.0,0.36372600019877666,0.33406720066200035,0.029658799536776304,,
absolute,log_survival,17.5,4,2379,2379.0,0.40944031547931736,0.47481831778368855,0.06537800230437119,,
absolute,log_survival,17.5,5,2379,2379.0,0.45611931539654244,0.5488095004085378,0.09269018501199539,,
absolute,log_survival,17.5,6,2378,2378.0,0.4991598894006071,0.6159678267683921,0.116807937367785,,
absolute,log_survival,17.5,7,2378,2378.0,0.5466569646347246,0.5861344869204252,0.03947752228570067,,
absolute,log_survival,17.5,8,2378,2378.0,0.6106061292534085,0.604182857629536,0.006423271623872462,,
absolute,log_survival,17.5,9,2378,2378.0,0.722582003167956,0.7525860944576622,0.03000409128970627,,
absolute,log_survival,17.5,0,2379,873106.0,0.16195596287202071,0.11424940543858286,0.04770655743343785,,
absolute,log_survival,17.5,1,2379,799805.0,0.2694639519328928,0.2582280298317239,0.011235922101168916,,
absolute,log_survival,17.5,2,2379,895898.0,0.3178429763458125,0.27203214167058154,0.04581083467523095,,
absolute,log_survival,17.5,3,2379,778306.0,0.3644532800626721,0.3721381321375382,0.007684852074866133,,
absolute,log_survival,17.5,4,2379,918918.0,0.40914101655425983,0.4932429021160444,0.08410188556178455,,
absolute,log_survival,17.5,5,2379,887655.0,0.45430406985288374,0.5362802209437412,0.08197615109085743,,
absolute,log_survival,17.5,6,2378,856650.0,0.49956674479358504,0.58959181573948,0.09002507094589501,,
absolute,log_survival,17.5,7,2378,933104.0,0.5488616586866026,0.5901799101622891,0.04131825147568646,,
absolute,log_survival,17.5,8,2378,852537.0,0.6079062278516456,0.5973779158905814,0.010528311961064185,,
absolute,log_survival,17.5,9,2378,517481.0,0.7199627364939446,0.7058792100378112,0.014083526456133422,,
absolute,log_survival,19.0,0,2379,2379.0,0.17089562519404064,0.15823696151565025,0.012658663678390386,,
absolute,log_survival,19.0,1,2379,2379.0,0.2878127451029487,0.2383197599657092,0.04949298513723949,,
absolute,log_survival,19.0,2,2379,2379.0,0.3374737746152923,0.2676880207128791,0.0697857539024132,,
absolute,log_survival,19.0,3,2379,2379.0,0.3828054239679824,0.33009542572870076,0.05270999823928163,,
absolute,log_survival,19.0,4,2379,2379.0,0.42745759567601443,0.4733266580413511,0.045869062365336666,,
absolute,log_survival,19.0,5,2379,2379.0,0.47222925410213196,0.5545035472292147,0.08227429312708273,,
absolute,log_survival,19.0,6,2378,2378.0,0.5135429968161531,0.612436765971047,0.0988937691548939,,
absolute,log_survival,19.0,7,2378,2378.0,0.5595920351067933,0.5891149466329406,0.029522911526147277,,
absolute,log_survival,19.0,8,2378,2378.0,0.6203906388892507,0.6145503058481547,0.005840333041095991,,
absolute,log_survival,19.0,9,2378,2378.0,0.7284080256137386,0.7570415325474792,0.02863350693374056,,
absolute,log_survival,19.0,0,2379,890785.0,0.17370944051753706,0.11436657327239819,0.059342867245138875,,
absolute,log_survival,19.0,1,2379,804990.0,0.2878880119272366,0.26393903179181744,0.023948980135419184,,
absolute,log_survival,19.0,2,2379,883337.0,0.3371629858029474,0.2827116934921501,0.05445129231079732,,
absolute,log_survival,19.0,3,2379,741964.0,0.3835807977291436,0.3645257377012342,0.01905506002790941,,
absolute,log_survival,19.0,4,2379,919315.0,0.4266047393050893,0.493426151723404,0.06682141241831469,,
absolute,log_survival,19.0,5,2379,868903.0,0.4712177815585467,0.547061089566255,0.07584330800770828,,
absolute,log_survival,19.0,6,2378,848233.0,0.5138910021451721,0.5720198741708368,0.058128872025664635,,
absolute,log_survival,19.0,7,2378,953044.0,0.5614589365779875,0.6062967238262451,0.0448377872482576,,
absolute,log_survival,19.0,8,2378,864517.0,0.6189548918421615,0.6031955125151978,0.015759379326963696,,
absolute,log_survival,19.0,9,2378,538372.0,0.724565998414999,0.7137132818725238,0.010852716542475216,,
absolute,log_survival,20.0,0,2379,2379.0,0.17720028724668688,0.1628805891100975,0.01431969813658937,,
absolute,log_survival,20.0,1,2379,2379.0,0.29940320690352584,0.2405821917808214,0.058821015122704434,,
absolute,log_survival,20.0,2,2379,2379.0,0.34939810538011673,0.26929552422387093,0.0801025811562458,,
absolute,log_survival,20.0,3,2379,2379.0,0.3951446514901139,0.33606854386509266,0.059076107625021246,,
absolute,log_survival,20.0,4,2379,2379.0,0.43917003935022925,0.4758491618291485,0.036679122478919246,,
absolute,log_survival,20.0,5,2379,2379.0,0.48267460460295897,0.5641416843823932,0.08146707977943424,,
absolute,log_survival,20.0,6,2378,2378.0,0.5230320327600606,0.601285954262065,0.07825392150200439,,
absolute,log_survival,20.0,7,2378,2378.0,0.5680385617170154,0.5909079359450065,0.02286937422799107,,
absolute,log_survival,20.0,8,2378,2378.0,0.6268346164426398,0.6170606512153815,0.009773965227258374,,
absolute,log_survival,20.0,9,2378,2378.0,0.732295652781516,0.7657695542472667,0.03347390146575069,,
absolute,log_survival,20.0,0,2379,895449.0,0.18076613913167133,0.12946586268170213,0.05130027644996921,,
absolute,log_survival,20.0,1,2379,805484.0,0.29875597645858964,0.2509558468097015,0.047800129648888134,,
absolute,log_survival,20.0,2,2379,884990.0,0.34966635408045704,0.30069399206810743,0.04897236201234961,,
absolute,log_survival,20.0,3,2379,742386.0,0.39644965588456915,0.37442032704803463,0.022029328836534523,,
absolute,log_survival,20.0,4,2379,881826.0,0.4382152586574271,0.5109401334701068,0.0727248748126797,,
absolute,log_survival,20.0,5,2379,852008.0,0.48137852799553943,0.5389637651099319,0.05758523711439251,,
absolute,log_survival,20.0,6,2378,862531.0,0.5230186443359539,0.5865434030410039,0.06352475870505003,,
absolute,log_survival,20.0,7,2378,938633.0,0.5691601915053573,0.5822676768018347,0.013107485296477317,,
absolute,log_survival,20.0,8,2378,890530.0,0.6250662882345427,0.6167818919113712,0.008284396323171461,,
absolute,log_survival,20.0,9,2378,559623.0,0.7270653442504451,0.7106980949675049,0.0163672492829402,,
absolute,log_survival,24.0,0,2379,2379.0,0.17825097506001444,0.16583754759071712,0.012413427469297328,,
absolute,log_survival,24.0,1,2379,2379.0,0.3024059330340027,0.25514431229438406,0.04726162073961865,,
absolute,log_survival,24.0,2,2379,2379.0,0.3529873954414005,0.29652901807098986,0.05645837737041065,,
absolute,log_survival,24.0,3,2379,2379.0,0.3991849300292496,0.3574050973066395,0.0417798327226101,,
absolute,log_survival,24.0,4,2379,2379.0,0.4434318825026495,0.49850376387119655,0.05507188136854707,,
absolute,log_survival,24.0,5,2379,2379.0,0.4864798076612367,0.5781103053076272,0.09163049764639047,,
absolute,log_survival,24.0,6,2378,2378.0,0.5266917460516856,0.5973942317324732,0.07070248568078763,,
absolute,log_survival,24.0,7,2378,2378.0,0.5711330174055687,0.5985985801840992,0.027465562778530517,,
absolute,log_survival,24.0,8,2378,2378.0,0.6285904694665426,0.6309351920326862,0.0023447225661435978,,
absolute,log_survival,24.0,9,2378,2378.0,0.7329336808582669,0.7687132043734229,0.03577952351515601,,
absolute,log_survival,24.0,0,2379,905021.0,0.1826719805096197,0.132301140848208,0.050370839661411704,,
absolute,log_survival,24.0,1,2379,802841.0,0.301595181982615,0.2730345168786462,0.028560665103968763,,
absolute,log_survival,24.0,2,2379,890516.0,0.35327363163510395,0.328047649913374,0.025225981721729962,,
absolute,log_survival,24.0,3,2379,728696.0,0.40022483398728015,0.4232888678112856,0.02306403382400546,,
absolute,log_survival,24.0,4,2379,880313.0,0.44186454222523014,0.5407604778274397,0.0988959356022096,,
absolute,log_survival,24.0,5,2379,869318.0,0.4857062284575399,0.5638413706404108,0.07813514218287093,,
absolute,log_survival,24.0,6,2378,836066.0,0.5268667447974961,0.600710110455655,0.07384336565815897,,
absolute,log_survival,24.0,7,2378,935752.0,0.5719938172761235,0.6089785114854787,0.03698469420935513,,
absolute,log_survival,24.0,8,2378,896033.0,0.6273373367854487,0.6204064167914364,0.006930919994012297,,
absolute,log_survival,24.0,9,2378,568904.0,0.727006094561101,0.728947238901467,0.0019411443403659634,,
absolute,log_survival,30.0,0,2379,2379.0,0.17978505658670965,0.1662596965273868,0.013525360059322838,,
absolute,log_survival,30.0,1,2379,2379.0,0.3067328869109656,0.26917273762038363,0.03756014929058199,,
absolute,log_survival,30.0,2,2379,2379.0,0.3582880871173008,0.3167519576298128,0.04153612948748803,,
absolute,log_survival,30.0,3,2379,2379.0,0.40505233639427163,0.36627323922078203,0.038779097173489596,,
absolute,log_survival,30.0,4,2379,2379.0,0.44968199769096273,0.5132581944013941,0.06357619671043135,,
absolute,log_survival,30.0,5,2379,2379.0,0.49216919237113776,0.5949685997664707,0.10279940739533289,,
absolute,log_survival,30.0,6,2378,2378.0,0.5321772963574678,0.6077244117525826,0.07554711539511483,,
absolute,log_survival,30.0,7,2378,2378.0,0.5757950262283431,0.6277373900243237,0.051942363795980606,,
absolute,log_survival,30.0,8,2378,2378.0,0.6313335026885493,0.6498416718709387,0.0185081691823894,,
absolute,log_survival,30.0,9,2378,2378.0,0.7339104450002572,0.7645079899074853,0.030597544907228102,,
absolute,log_survival,30.0,0,2379,922962.0,0.1857975813795634,0.13121339197115856,0.05458418940840484,,
absolute,log_survival,30.0,1,2379,800309.0,0.30610649161747644,0.29599940923644863,0.01010708238102781,,
absolute,log_survival,30.0,2,2379,879126.0,0.35840561517094954,0.3361620029457697,0.022243612225179843,,
absolute,log_survival,30.0,3,2379,754310.0,0.4060124173085816,0.45362225707744264,0.04760983976886102,,
absolute,log_survival,30.0,4,2379,880097.0,0.4488731577564089,0.5381601526017405,0.08928699484533165,,
absolute,log_survival,30.0,5,2379,842741.0,0.49249683948970535,0.5915861311313579,0.09908929164165259,,
absolute,log_survival,30.0,6,2378,832761.0,0.5325212770889148,0.6113765997584106,0.0788553226694958,,
absolute,log_survival,30.0,7,2378,926301.0,0.5770820400814048,0.6346424691258593,0.057560429044454464,,
absolute,log_survival,30.0,8,2378,875899.0,0.6306186812951889,0.6647073555482168,0.03408867425302786,,
absolute,log_survival,30.0,9,2378,598954.0,0.7255108743919647,0.6909094855364519,0.03460138885551278,,
absolute,log_survival,40.0,0,2379,2379.0,0.18223720019411735,0.17065289354182922,0.011584306652288129,,
absolute,log_survival,40.0,1,2379,2379.0,0.3134946534140352,0.2806068319597209,0.03288782145431429,,
absolute,log_survival,40.0,2,2379,2379.0,0.36691112757995853,0.30650595780828305,0.06040516977167548,,
absolute,log_survival,40.0,3,2379,2379.0,0.41443604258349515,0.3644561921691871,0.049979850414308025,,
absolute,log_survival,40.0,4,2379,2379.0,0.4598049464901458,0.5223578204627108,0.06255287397256504,,
absolute,log_survival,40.0,5,2379,2379.0,0.5014566865075275,0.6383922846907506,0.1369355981832231,,
absolute,log_survival,40.0,6,2378,2378.0,0.5412050217531488,0.6198010312706622,0.07859600951751344,,
absolute,log_survival,40.0,7,2378,2378.0,0.5836013204444174,0.6242436475887534,0.04064232714433602,,
absolute,log_survival,40.0,8,2378,2378.0,0.6362213039168633,0.6521448903227223,0.015923586405859003,,
absolute,log_survival,40.0,9,2378,2378.0,0.7356135834688264,0.7670311185870478,0.03141753511822132,,
absolute,log_survival,40.0,0,2379,932463.0,0.18911367906542279,0.13912270359102408,0.04999097547439871,,
absolute,log_survival,40.0,1,2379,815615.0,0.31240077366982405,0.2984754072271625,0.013925366442661569,,
absolute,log_survival,40.0,2,2379,856903.0,0.3666047140888734,0.36143860950121265,0.005166104587660758,,
absolute,log_survival,40.0,3,2379,800148.0,0.4148154665438001,0.45452158072467175,0.039706114180871666,,
absolute,log_survival,40.0,4,2379,856608.0,0.4599293161188973,0.5517595134684912,0.09183019734959386,,
absolute,log_survival,40.0,5,2379,806894.0,0.5024618511542555,0.6096571263480622,0.10719527519380678,,
absolute,log_survival,40.0,6,2378,810606.0,0.5406851283607695,0.6190207835452761,0.07833565518450658,,
absolute,log_survival,40.0,7,2378,934020.0,0.5845305611745326,0.6515430213803516,0.06701246020581897,,
absolute,log_survival,40.0,8,2378,867058.0,0.63670130171654,0.6528513043370907,0.016150002620550663,,
absolute,log_survival,40.0,9,2378,633145.0,0.7256491714732703,0.7130088684266638,0.012640303046606571,,
absolute,log_survival,50.0,0,2379,2379.0,0.18457966764263717,0.1753274424564375,0.00925222518619967,,
absolute,log_survival,50.0,1,2379,2379.0,0.31973880606030947,0.28347820609675023,0.03626059996355924,,
absolute,log_survival,50.0,2,2379,2379.0,0.3752620551825823,0.31154052347020944,0.06372153171237288,,
absolute,log_survival,50.0,3,2379,2379.0,0.4234499251638049,0.3670927980034726,0.05635712716033231,,
absolute,log_survival,50.0,4,2379,2379.0,0.469459435880344,0.5168997536251101,0.04744031774476609,,
absolute,log_survival,50.0,5,2379,2379.0,0.5106250706819073,0.6402524626933999,0.12962739201149254,,
absolute,log_survival,50.0,6,2378,2378.0,0.5499058933847423,0.6310670767600377,0.08116118337529543,,
absolute,log_survival,50.0,7,2378,2378.0,0.5914314486235592,0.6125331600997946,0.021101711476235407,,
absolute,log_survival,50.0,8,2378,2378.0,0.6415012973004801,0.6524839199520494,0.01098262265156924,,
absolute,log_survival,50.0,9,2378,2378.0,0.7374536192644142,0.7687132043734232,0.03125958510900895,,
absolute,log_survival,50.0,0,2379,945562.0,0.19266823388536677,0.13779611761974653,0.05487211626562025,,
absolute,log_survival,50.0,1,2379,837716.0,0.3189217974895294,0.3313958561016108,0.012474058612081396,,
absolute,log_survival,50.0,2,2379,842770.0,0.3754977988542792,0.3469871718124504,0.028510627041828773,,
absolute,log_survival,50.0,3,2379,792795.0,0.4227122482885917,0.46227805422665535,0.039565805938063636,,
absolute,log_survival,50.0,4,2379,851094.0,0.46934240623022,0.5397836444998343,0.07044123826961429,,
absolute,log_survival,50.0,5,2379,794076.0,0.5115951919609525,0.5985852210298053,0.08699002906885278,,
absolute,log_survival,50.0,6,2378,807113.0,0.5496193916240905,0.6375554701534308,0.08793607852934038,,
absolute,log_survival,50.0,7,2378,896629.0,0.5918941357478185,0.6494505418217693,0.05755640607395085,,
absolute,log_survival,50.0,8,2378,856531.0,0.6417692481187511,0.6473429583763648,0.005573710257613662,,
absolute,log_survival,50.0,9,2378,689174.0,0.7251013700191832,0.7238099522036524,0.001291417815530771,,
absolute,log_survival,56.0,0,2379,2379.0,0.1859402619608396,0.1778610014620775,0.008079260498762092,,
absolute,log_survival,56.0,1,2379,2379.0,0.32327553253008373,0.2831165432596445,0.040158989270439205,,
absolute,log_survival,56.0,2,2379,2379.0,0.38008359817077036,0.3161748342983811,0.06390876387238925,,
absolute,log_survival,56.0,3,2379,2379.0,0.428721033530935,0.36266588084374973,0.06605515268718526,,
absolute,log_survival,56.0,4,2379,2379.0,0.4750896750867758,0.5192263894720296,0.044136714385253795,,
absolute,log_survival,56.0,5,2379,2379.0,0.5160507592027253,0.6351794646915647,0.11912870548883947,,
absolute,log_survival,56.0,6,2378,2378.0,0.5549411579896467,0.6377729746292136,0.08283181663956685,,
absolute,log_survival,56.0,7,2378,2378.0,0.5961104637726958,0.6082529506411966,0.012142486868500724,,
absolute,log_survival,56.0,8,2378,2378.0,0.64484012872619,0.6525715395121778,0.0077314107859878245,,
absolute,log_survival,56.0,9,2378,2378.0,0.7386461849515897,0.766610597140454,0.02796441218886425,,
absolute,log_survival,56.0,0,2379,947684.0,0.19423911166639496,0.14049211455708166,0.0537469971093133,,
absolute,log_survival,56.0,1,2379,859791.0,0.32252199988178265,0.3322936648967558,0.009771665014973174,,
absolute,log_survival,56.0,2,2379,840849.0,0.381089046464907,0.343288623332738,0.03780042313216897,,
absolute,log_survival,56.0,3,2379,808215.0,0.4285505609468536,0.45827291262263425,0.029722351675780634,,
absolute,log_survival,56.0,4,2379,822085.0,0.47581478664399873,0.5626781436776482,0.0868633570336495,,
absolute,log_survival,56.0,5,2379,779558.0,0.5168268694034172,0.5866019071117206,0.0697750377083034,,
absolute,log_survival,56.0,6,2378,810389.0,0.5548314486063519,0.6481161865703188,0.09328473796396686,,
absolute,log_survival,56.0,7,2378,871089.0,0.5963060723949722,0.6450220830167651,0.04871601062179287,,
absolute,log_survival,56.0,8,2378,841425.0,0.6445240020665509,0.6451159917815321,0.0005919897149812003,,
absolute,log_survival,56.0,9,2378,732375.0,0.7248066819099088,0.7152019115890083,0.009604770320900569,,
absolute,log_survival,60.0,0,2379,2379.0,0.186830992881011,0.17997295097247445,0.006858041908536533,,
absolute,log_survival,60.0,1,2379,2379.0,0.32555187710373534,0.281711749577806,0.04384012752592936,,
absolute,log_survival,60.0,2,2379,2379.0,0.3832433630587576,0.3190416141235817,0.06420174893517594,,
absolute,log_survival,60.0,3,2379,2379.0,0.4321629072298667,0.36547158026110615,0.06669132696876057,,
absolute,log_survival,60.0,4,2379,2379.0,0.4787467792226372,0.5193575915446943,0.0406108123220571,,
absolute,log_survival,60.0,5,2379,2379.0,0.51962093084377,0.6288364070382861,0.1092154761945161,,
absolute,log_survival,60.0,6,2378,2378.0,0.5582704863766759,0.6422671664370142,0.08399668006033834,,
absolute,log_survival,60.0,7,2378,2378.0,0.5992067675432656,0.6090757702983287,0.009869002755063083,,
absolute,log_survival,60.0,8,2378,2378.0,0.6471361418156342,0.6462065525354002,0.0009295892802340111,,
absolute,log_survival,60.0,9,2378,2378.0,0.7394774317822318,0.7674516400336417,0.02797420825140995,,
absolute,log_survival,60.0,0,2379,955162.0,0.19582139788273586,0.14680387726162902,0.04901752062110684,,
absolute,log_survival,60.0,1,2379,861018.0,0.32489750368684733,0.32916068291691536,0.004263179230068026,,
absolute,log_survival,60.0,2,2379,834793.0,0.3842073825477054,0.33837221303530207,0.04583516951240335,,
absolute,log_survival,60.0,3,2379,815044.0,0.43153329725647777,0.4652958250778174,0.03376252782133965,,
absolute,log_survival,60.0,4,2379,802120.0,0.47921253770196787,0.5631816349413032,0.08396909723933538,,
absolute,log_survival,60.0,5,2379,777616.0,0.5195676315328991,0.5888061264670716,0.06923849493417256,,
absolute,log_survival,60.0,6,2378,825886.0,0.5582655079990253,0.6478664334691622,0.08960092547013687,,
absolute,log_survival,60.0,7,2378,862744.0,0.5996314145844539,0.6418568516332251,0.04222543704877124,,
absolute,log_survival,60.0,8,2378,829637.0,0.6473031032286422,0.6392862302613049,0.008016872967337219,,
absolute,log_survival,60.0,9,2378,749440.0,0.7256353855509633,0.7167004696840306,0.008934915866932736,,
absolute,log_survival,72.0,0,2379,2379.0,0.18683354975042352,0.17997295097247445,0.006860598777949062,,
absolute,log_survival,72.0,1,2379,2379.0,0.3255689506841278,0.2821385655508971,0.043430385133230665,,
absolute,log_survival,72.0,2,2379,2379.0,0.38327150268049187,0.3186092595928667,0.06466224308762519,,
absolute,log_survival,72.0,3,2379,2379.0,0.4321964301246246,0.36547158026110615,0.06672484986351845,,
absolute,log_survival,72.0,4,2379,2379.0,0.4787857642698837,0.5193575915446943,0.04057182727481062,,
absolute,log_survival,72.0,5,2379,2379.0,0.5196652082921038,0.6288364070382861,0.10917119874618231,,
absolute,log_survival,72.0,6,2378,2378.0,0.5583160822718726,0.642690464752069,0.08437438248019646,,
absolute,log_survival,72.0,7,2378,2378.0,0.5992472411990806,0.6086540535632264,0.009406812364145867,,
absolute,log_survival,72.0,8,2378,2378.0,0.6471712047892467,0.6462065525354002,0.0009646522538465652,,
absolute,log_survival,72.0,9,2378,2378.0,0.7394975286680928,0.7674516400336417,0.027954111365548928,,
absolute,log_survival,72.0,0,2379,955162.0,0.1958230407145236,0.14680387726162902,0.04901916345289459,,
absolute,log_survival,72.0,1,2379,861122.0,0.32490999640214396,0.3294371621636546,0.004527165761510632,,
absolute,log_survival,72.0,2,2379,834689.0,0.38422848380577707,0.3380806450163184,0.04614783878945866,,
absolute,log_survival,72.0,3,2379,815044.0,0.4315535251215673,0.4652958250778174,0.03374229995625011,,
absolute,log_survival,72.0,4,2379,802120.0,0.4792382938667942,0.5631816349413032,0.08394334107450907,,
absolute,log_survival,72.0,5,2379,777616.0,0.5195993223137219,0.5888061264670716,0.06920680415334979,,
absolute,log_survival,72.0,6,2378,826027.0,0.5583007200013689,0.6479620296710761,0.0896613096697072,,
absolute,log_survival,72.0,7,2378,862603.0,0.599665714083147,0.6417643978844376,0.04209868380129067,,
absolute,log_survival,72.0,8,2378,829637.0,0.6473358733561998,0.6392862302613049,0.008049643094894865,,
absolute,log_survival,72.0,9,2378,749440.0,0.7256559096801799,0.7167004696840306,0.00895543999614934,,
absolute,log_survival,90.0,0,2379,2379.0,0.1868373849952226,0.17997295097247445,0.006864434022748139,,
absolute,log_survival,90.0,1,2379,2379.0,0.3255945544047274,0.2821385655508971,0.043455988853830285,,
absolute,log_survival,90.0,2,2379,2379.0,0.38331370076713756,0.319041614123581,0.06427208664355655,,
absolute,log_survival,90.0,3,2379,2379.0,0.4322467222845683,0.36505015415367426,0.06719656813089403,,
absolute,log_survival,90.0,4,2379,2379.0,0.47884423380277263,0.5193575915446943,0.04051335774192166,,
absolute,log_survival,90.0,5,2379,2379.0,0.5197316039124635,0.6288356630652565,0.10910405915279298,,
absolute,log_survival,90.0,6,2378,2378.0,0.5583843092269398,0.642270104001883,0.08388579477494318,,
absolute,log_survival,90.0,7,2378,2378.0,0.5993080980287196,0.6090757702983285,0.00976767226960884,,
absolute,log_survival,90.0,8,2378,2378.0,0.6472237827902845,0.6462065525353999,0.001017230254884538,,
absolute,log_survival,90.0,9,2378,2378.0,0.7395276699457451,0.7674516400336415,0.027923970087896377,,
absolute,log_survival,90.0,0,2379,955162.0,0.19582550493732437,0.14680387726162902,0.049021627675695345,,
absolute,log_survival,90.0,1,2379,861122.0,0.3249230442848263,0.3294371621636546,0.004514117878828272,,
absolute,log_survival,90.0,2,2379,834565.0,0.38425148693787103,0.33819679035832995,0.04605469657954109,,
absolute,log_survival,90.0,3,2379,815168.0,0.43158018010183313,0.4651611360128014,0.03358095591096827,,
absolute,log_survival,90.0,4,2379,802120.0,0.4792769241180342,0.5631816349413032,0.08390471082326906,,
absolute,log_survival,90.0,5,2379,777611.0,0.5196467262125593,0.5888033869203168,0.0691566607077575,,
absolute,log_survival,90.0,6,2378,827655.0,0.5583853560409685,0.6466436045974392,0.08825824855647069,,
absolute,log_survival,90.0,7,2378,860980.0,0.5997542614651861,0.6430246317197996,0.043270370254613555,,
absolute,log_survival,90.0,8,2378,829633.0,0.6473848762176225,0.6392844911126943,0.008100385104928276,,
absolute,log_survival,90.0,9,2378,749444.0,0.725686430188691,0.7167019817357931,0.008984448452897809,,
absolute,log_survival,120.0,0,2379,2379.0,0.18684377691170811,0.17997295097247445,0.00687082593923366,,
absolute,log_survival,120.0,1,2379,2379.0,0.3256372237853138,0.2821385655508971,0.043498658234416676,,
absolute,log_survival,120.0,2,2379,2379.0,0.3833839527558117,0.319041614123581,0.06434233863223071,,
absolute,log_survival,120.0,3,2379,2379.0,0.43233053608200805,0.3654661145438026,0.06686442153820543,,
absolute,log_survival,120.0,4,2379,2379.0,0.4789417225694211,0.5189478608728794,0.04000613830345828,,
absolute,log_survival,120.0,5,2379,2379.0,0.5198421453548479,0.6284138061755948,0.10857166082074698,,
absolute,log_survival,120.0,6,2378,2378.0,0.5584977292736699,0.6431199148169598,0.08462218554328993,,
absolute,log_survival,120.0,7,2378,2378.0,0.59940982603772,0.6086485046513317,0.009238678613611717,,
absolute,log_survival,120.0,8,2378,2378.0,0.6473113217756037,0.6466306562890587,0.0006806654865449957,,
absolute,log_survival,120.0,9,2378,2378.0,0.7395779417565913,0.7670311185870478,0.02745317683045645,,
absolute,log_survival,120.0,0,2379,955162.0,0.19582961190897835,0.14680387726162902,0.04902573464734933,,
absolute,log_survival,120.0,1,2379,861122.0,0.32494478957205547,0.3294371621636546,0.004492372591599125,,
absolute,log_survival,120.0,2,2379,835072.0,0.3843095432200562,0.3379848911246123,0.04632465209544395,,
absolute,log_survival,120.0,3,2379,814689.0,0.43164670959151913,0.4655612420459547,0.0339145324544356,,
absolute,log_survival,120.0,4,2379,802092.0,0.47934208585927385,0.5630741211427741,0.08373203528350026,,
absolute,log_survival,120.0,5,2379,777614.0,0.5197259869723492,0.5887352641685513,0.06900927719620209,,
absolute,log_survival,120.0,6,2378,828648.0,0.5584877384366589,0.6472327013692708,0.08874496293261191,,
absolute,log_survival,120.0,7,2378,859984.0,0.5998571415744404,0.6424872347053776,0.04263009313093724,,
absolute,log_survival,120.0,8,2378,829371.0,0.6474574055358852,0.6395116410396058,0.007945764496279373,,
absolute,log_survival,120.0,9,2378,749706.0,0.7257207107342256,0.7164248385367065,0.00929587219751915,,
absolute,log_survival,150.0,0,2379,2379.0,0.1868501686304787,0.17997295097247445,0.006877217658004253,,
absolute,log_survival,150.0,1,2379,2379.0,0.3256798824866359,0.28171174957780587,0.043968132908830004,,
absolute,log_survival,150.0,2,2379,2379.0,0.3834541801817906,0.319473968654297,0.06398021152749361,,
absolute,log_survival,150.0,3,2379,2379.0,0.4324142209206762,0.3663086588343093,0.06610556208636692,,
absolute,log_survival,150.0,4,2379,2379.0,0.4790392175615908,0.5185257030756212,0.03948648551403039,,
absolute,log_survival,150.0,5,2379,2379.0,0.5199526128905444,0.6284138061755948,0.10846119328505044,,
absolute,log_survival,150.0,6,2378,2378.0,0.5586110418280542,0.6426934041577878,0.08408236232973354,,
absolute,log_survival,150.0,7,2378,2378.0,0.5995116650958701,0.6086504037311343,0.009138738635264265,,
absolute,log_survival,150.0,8,2378,2378.0,0.6473988020422164,0.6466306562890587,0.0007681457531577562,,
absolute,log_survival,150.0,9,2378,2378.0,0.7396282348241421,0.7670311185870478,0.027402883762905672,,
absolute,log_survival,150.0,0,2379,955162.0,0.19583371879770103,0.14680387726162902,0.04902984153607201,,
absolute,log_survival,150.0,1,2379,861093.0,0.32496547285312866,0.32937241399276385,0.00440694113963519,,
absolute,log_survival,150.0,2,2379,835041.0,0.3843509240432322,0.3380781740844162,0.04627274995881597,,
absolute,log_survival,150.0,3,2379,815379.0,0.4317150808898108,0.4660933664321548,0.03437828554234401,,
absolute,log_survival,150.0,4,2379,801454.0,0.47942383137781025,0.562632923899266,0.08320909252145575,,
absolute,log_survival,150.0,5,2379,777570.0,0.5198036306199375,0.5887273518123616,0.06892372119242407,,
absolute,log_survival,150.0,6,2378,828719.0,0.5585665665572691,0.6471775876679959,0.08861102111072683,,
absolute,log_survival,150.0,7,2378,859882.0,0.5999323749150748,0.6424516153289166,0.04251924041384181,,
absolute,log_survival,150.0,8,2378,829454.0,0.6475366225931188,0.6395477136051653,0.007988908987953569,,
absolute,log_survival,150.0,9,2378,749706.0,0.725772024349419,0.7164248385367065,0.009347185812712544,,
absolute,log_survival,168.0,0,2379,2379.0,0.18685400356684262,0.17997295097247445,0.006881052594368164,,
absolute,log_survival,168.0,1,2379,2379.0,0.3257054697894281,0.28171174957780587,0.043993720211622234,,
absolute,log_survival,168.0,2,2379,2379.0,0.38349630512770083,0.319473968654297,0.06402233647340383,,
absolute,log_survival,168.0,3,2379,2379.0,0.43246438727523356,0.3663086588343093,0.06615572844092427,,
absolute,log_survival,168.0,4,2379,2379.0,0.4790977462139571,0.5185237675127856,0.039426021298828495,,
absolute,log_survival,168.0,5,2379,2379.0,0.5200187245611556,0.6275693083173995,0.10755058375624393,,
absolute,log_survival,168.0,6,2378,2378.0,0.5586791172965814,0.6435434932375068,0.08486437594092544,,
absolute,log_survival,168.0,7,2378,2378.0,0.5995727597631247,0.6086517085081411,0.009078948745016358,,
absolute,log_survival,168.0,8,2378,2378.0,0.6474512739114421,0.6466223444665009,0.0008289294449411733,,
absolute,log_survival,168.0,9,2378,2378.0,0.7396584214818115,0.7670311185870478,0.027372697105236266,,
absolute,log_survival,168.0,0,2379,955162.0,0.195836182891129,0.14680387726162902,0.04903230562949998,,
absolute,log_survival,168.0,1,2379,861093.0,0.3249785168306703,0.32937241399276385,0.004393897162093541,,
absolute,log_survival,168.0,2,2379,835041.0,0.38437732722280554,0.3380781740844162,0.04629915313838934,,
absolute,log_survival,168.0,3,2379,815379.0,0.43174538770727594,0.4660933664321548,0.03434797872487888,,
absolute,log_survival,168.0,4,2379,801461.0,0.4794626672687756,0.5626359667739322,0.08317329950515662,,
absolute,log_survival,168.0,5,2379,777676.0,0.5198541109424611,0.5886407501055699,0.06878663916310879,,
absolute,log_survival,168.0,6,2378,828606.0,0.5586169420566308,0.647264850142105,0.08864790808547418,,
absolute,log_survival,168.0,7,2378,860723.0,0.5999994948081737,0.6428087728278977,0.042809278019724006,,
absolute,log_survival,168.0,8,2378,828883.0,0.6476218242621468,0.639293583565447,0.008328240696699796,,
absolute,log_survival,168.0,9,2378,749436.0,0.7258203015945452,0.7163226746513378,0.009497626943207438,,
absolute,log_survival,180.0,0,2379,2379.0,0.18685656015154561,0.17997295097247445,0.0068836091790711595,,
absolute,log_survival,180.0,1,2379,2379.0,0.3257225271201357,0.28171174957780587,0.04401077754232985,,
absolute,log_survival,180.0,2,2379,2379.0,0.38352438542987927,0.31904161412358123,0.06448277130629804,,
absolute,log_survival,180.0,3,2379,2379.0,0.4324978286242056,0.3667319599790232,0.06576586864518241,,
absolute,log_survival,180.0,4,2379,2379.0,0.4791367245205293,0.5193719555211871,0.04023523100065779,,
absolute,log_survival,180.0,5,2379,2379.0,0.5200628002234251,0.6262998957995705,0.10623709557614536,,
absolute,log_survival,180.0,6,2378,2378.0,0.5587245027546153,0.643543765053296,0.08481926229868075,,
absolute,log_survival,180.0,7,2378,2378.0,0.5996134837820212,0.609495138857502,0.009881655075480777,,
absolute,log_survival,180.0,8,2378,2378.0,0.6474862152269243,0.6466223444665009,0.0008638707604233797,,
absolute,log_survival,180.0,9,2378,2378.0,0.7396785830214869,0.7666105971404542,0.026932014118967285,,
absolute,log_survival,180.0,0,2379,955162.0,0.19583782560349564,0.14680387726162902,0.04903394834186661,,
absolute,log_survival,180.0,1,2379,861093.0,0.32498721251984986,0.32937241399276385,0.004385201472913991,,
absolute,log_survival,180.0,2,2379,834992.0,0.38439356993105445,0.3379948255230265,0.04639874440802794,,
absolute,log_survival,180.0,3,2379,815428.0,0.43176413505771416,0.46616848931989974,0.03440435426218558,,
absolute,log_survival,180.0,4,2379,801142.0,0.47948020842981043,0.5630877955873584,0.08360758715754801,,
absolute,log_survival,180.0,5,2379,777905.0,0.5198753804877879,0.5881089002311392,0.06823351974335123,,
absolute,log_survival,180.0,6,2378,833540.0,0.5587556758050792,0.6433475767744139,0.08459190096933467,,
absolute,log_survival,180.0,7,2378,856316.0,0.6001692089354126,0.6469304784798612,0.04676126954444859,,
absolute,log_survival,180.0,8,2378,828378.0,0.64766586668072,0.6391572485605144,0.008508618120205647,,
absolute,log_survival,180.0,9,2378,749504.0,0.7258364292186563,0.7161482793954401,0.009688149823216197,,
absolute,log_survival,222.0,0,2379,2379.0,0.1868601396405652,0.17997295097247445,0.006887188668090738,,
absolute,log_survival,222.0,1,2379,2379.0,0.32574241246883245,0.2812844417513555,0.04445797071747698,,
absolute,log_survival,222.0,2,2379,2379.0,0.3835557439641168,0.31947396865429634,0.06408177530982045,,
absolute,log_survival,222.0,3,2379,2379.0,0.4325347789283849,0.3671552613026833,0.0653795176257016,,
absolute,log_survival,222.0,4,2379,2379.0,0.47917932223311915,0.5189467701585477,0.03976744792542858,,
absolute,log_survival,222.0,5,2379,2379.0,0.5201110277011722,0.6262998957995705,0.10618886809839823,,
absolute,log_survival,222.0,6,2378,2378.0,0.5587747116029543,0.6431172510609855,0.08434253945803116,,
absolute,log_survival,222.0,7,2378,2378.0,0.599659110877321,0.6095006909042773,0.009841580026956231,,
absolute,log_survival,222.0,8,2378,2378.0,0.6475252159722262,0.64704645027245,0.00047876569977622907,,
absolute,log_survival,222.0,9,2378,2378.0,0.7397009892616153,0.7666105971404542,0.026909607878838893,,
absolute,log_survival,222.0,0,2379,955162.0,0.19583978728500917,0.14680387726162902,0.04903591002338015,,
absolute,log_survival,222.0,1,2379,861227.0,0.3250017217282628,0.32930451772395886,0.0043027959956960515,,
absolute,log_survival,222.0,2,2379,834858.0,0.3844166953220298,0.33806811847843377,0.04634857684359606,,
absolute,log_survival,222.0,3,2379,821786.0,0.4319821838431748,0.4703569790336828,0.03837479519050796,,
absolute,log_survival,222.0,4,2379,794784.0,0.47968486508713415,0.5594356427651013,0.07975077767796712,,
absolute,log_survival,222.0,5,2379,778429.0,0.519921355442468,0.5877104447051048,0.06778908926263683,,
absolute,log_survival,222.0,6,2378,833259.0,0.5588057995381455,0.6432892504021582,0.08448345086401277,,
absolute,log_survival,222.0,7,2378,856063.0,0.6002075214361032,0.6473043783448393,0.04709685690873611,,
absolute,log_survival,222.0,8,2378,828388.0,0.6477000964172297,0.6392500083161119,0.008450088101117803,,
absolute,log_survival,222.0,9,2378,749504.0,0.72585795467995,0.7161482793954401,0.009709675284509833,,
absolute,log_survival,285.0,0,2379,2379.0,0.1868655087324408,0.17997295097247445,0.0068925577599663335,,
absolute,log_survival,285.0,1,2379,2379.0,0.3257722382082795,0.2812844417513555,0.04448779645692402,,
absolute,log_survival,285.0,2,2379,2379.0,0.3836027772945758,0.31947396865429634,0.06412880864027948,,
absolute,log_survival,285.0,3,2379,2379.0,0.43259019164107637,0.3671552613026833,0.0654349303383931,,
absolute,log_survival,285.0,4,2379,2379.0,0.47924318859310266,0.5185207394877569,0.039277550894654234,,
absolute,log_survival,285.0,5,2379,2379.0,0.520183262235545,0.6271466664206631,0.10696340418511807,,
absolute,log_survival,285.0,6,2378,2378.0,0.5588500910219502,0.6422655242275764,0.08341543320562628,,
absolute,log_survival,285.0,7,2378,2378.0,0.5997275021754617,0.609928869971268,0.010201367795806382,,
absolute,log_survival,285.0,8,2378,2378.0,0.6475837656238453,0.6470464502724498,0.000537315351395562,,
absolute,log_survival,285.0,9,2378,2378.0,0.7397345880579168,0.7666105971404542,0.0268760090825374,,
absolute,log_survival,285.0,0,2379,955162.0,0.19584272976344086,0.14680387726162902,0.049038852501811836,,
absolute,log_survival,285.0,1,2379,861227.0,0.3250161361643727,0.32930451772395886,0.004288381559586163,,
absolute,log_survival,285.0,2,2379,834858.0,0.38444465978568054,0.33806811847843377,0.04637654130724678,,
absolute,log_survival,285.0,3,2379,821786.0,0.43201407524121577,0.4703569790336828,0.03834290379246702,,
absolute,log_survival,285.0,4,2379,794835.0,0.47972579144496014,0.5594094679537689,0.07968367650880875,,
absolute,log_survival,285.0,5,2379,778010.0,0.5199624600672158,0.5880492363878029,0.06808677632058713,,
absolute,log_survival,285.0,6,2378,833527.0,0.5588439302000887,0.6427625949493281,0.08391866474923937,,
absolute,log_survival,285.0,7,2378,856147.0,0.6002526333360784,0.6475084450241044,0.04725581168802606,,
absolute,log_survival,285.0,8,2378,828404.0,0.6477514071981861,0.6392569759307859,0.008494431267400238,,
absolute,log_survival,285.0,9,2378,749504.0,0.7258902362805065,0.7161482793954401,0.009741956885066405,,
absolute,log_survival,390.0,0,2379,2379.0,0.18687445684117981,0.17997295097247445,0.00690150586870536,,
absolute,log_survival,390.0,1,2379,2379.0,0.3258219237966581,0.2812844417513555,0.04453748204530261,,
absolute,log_survival,390.0,2,2379,2379.0,0.3836811683807738,0.31947396865429634,0.06420719972647748,,
absolute,log_survival,390.0,3,2379,2379.0,0.4326825026200748,0.3671552613026833,0.06552724131739152,,
absolute,log_survival,390.0,4,2379,2379.0,0.4793494809406702,0.51894180348771,0.039592322547039815,,
absolute,log_survival,390.0,5,2379,2379.0,0.5203035497705808,0.6275700979677511,0.1072665481971703,,
absolute,log_survival,390.0,6,2378,2378.0,0.5589757575731751,0.6414183930578363,0.08244263548466124,,
absolute,log_survival,390.0,7,2378,2378.0,0.5998414976930917,0.6099275675113024,0.010086069818210697,,
absolute,log_survival,390.0,8,2378,2378.0,0.6476812872511929,0.6466306562890587,0.0010506309621342025,,
absolute,log_survival,390.0,9,2378,2378.0,0.7397906523356931,0.767031118587048,0.0272404662513549,,
absolute,log_survival,390.0,0,2379,955162.0,0.19584763377726228,0.14680387726162902,0.04904375651563325,,
absolute,log_survival,390.0,1,2379,861375.0,0.32504556589643585,0.3292476187300142,0.004202052833578329,,
absolute,log_survival,390.0,2,2379,834703.0,0.38449602780738423,0.338132905191987,0.04636312261539721,,
absolute,log_survival,390.0,3,2379,821702.0,0.43206419151262737,0.47040511342763114,0.03834092191500377,,
absolute,log_survival,390.0,4,2379,794858.0,0.4797874699033021,0.5595184804911768,0.07973101058787468,,
absolute,log_survival,390.0,5,2379,778286.0,0.5200477681134944,0.5881093931578509,0.06806162504435653,,
absolute,log_survival,390.0,6,2378,833284.0,0.5589293812034548,0.6425384563881158,0.08360907518466099,,
absolute,log_survival,390.0,7,2378,855500.0,0.6003149299083186,0.6469450427726473,0.04663011286432872,,
absolute,log_survival,390.0,8,2378,829122.0,0.6478175384160884,0.6397530541848601,0.008064484231228297,,
absolute,log_survival,390.0,9,2378,749468.0,0.7259463747576627,0.7162654042600884,0.009680970497574215,,
absolute,log_survival,495.0,0,2379,2379.0,0.18688340447780635,0.17997295097247445,0.006910453505331898,,
absolute,log_survival,495.0,1,2379,2379.0,0.325871582176107,0.2812844417513555,0.04458714042475154,,
absolute,log_survival,495.0,2,2379,2379.0,0.3837594909618737,0.3194739686542962,0.06428552230757745,,
absolute,log_survival,495.0,3,2379,2379.0,0.43277483337982264,0.3671574371415063,0.06561739623831636,,
absolute,log_survival,495.0,4,2379,2379.0,0.4794555360278344,0.5193639616210004,0.039908425593165986,,
absolute,log_survival,495.0,5,2379,2379.0,0.520423790858359,0.6271490354481122,0.10672524458975319,,
absolute,log_survival,495.0,6,2378,2378.0,0.5591013644743507,0.6414181199587128,0.08231675548436213,,
absolute,log_survival,495.0,7,2378,2378.0,0.5999555204575387,0.6103492963606758,0.010393775903137059,,
absolute,log_survival,495.0,8,2378,2378.0,0.6477788697950748,0.6466306562890588,0.001148213506016016,,
absolute,log_survival,495.0,9,2378,2378.0,0.7398467093156996,0.7666105971404541,0.026763887824754473,,
absolute,log_survival,495.0,0,2379,955162.0,0.19585253764496927,0.14680387726162902,0.04904866038334024,,
absolute,log_survival,495.0,1,2379,861375.0,0.32506958088584564,0.3292476187300142,0.004178037844168536,,
absolute,log_survival,495.0,2,2379,835007.0,0.3845510717167125,0.33838159578629967,0.04616947593041282,,
absolute,log_survival,495.0,3,2379,821362.0,0.43212518986520027,0.47022978565174944,0.03810459578654918,,
absolute,log_survival,495.0,4,2379,795046.0,0.47985635681349115,0.5594598213807462,0.07960346456725509,,
absolute,log_survival,495.0,5,2379,778216.0,0.5201354646335382,0.588182331796733,0.06804686716319475,,
absolute,log_survival,495.0,6,2378,833087.0,0.5590100773279953,0.6427296597105744,0.08371958238257904,,
absolute,log_survival,495.0,7,2378,855606.0,0.6003918985047271,0.6471019907652952,0.046710092260568103,,
absolute,log_survival,495.0,8,2378,830206.0,0.6479417536018318,0.6399080451950175,0.008033708406814277,,
absolute,log_survival,495.0,9,2378,748393.0,0.7260700144190516,0.7157830177460238,0.010286996673027793,,
absolute,log_survival,558.0,0,2379,2379.0,0.18688877283318628,0.17997295097247445,0.006915821860711824,,
absolute,log_survival,558.0,1,2379,2379.0,0.32590136837084815,0.2817112574259505,0.044190110944897665,,
absolute,log_survival,558.0,2,2379,2379.0,0.3838064399892698,0.31904161412358123,0.06476482586568855,,
absolute,log_survival,558.0,3,2379,2379.0,0.43283025938544795,0.3671574371415063,0.06567282224394166,,
absolute,log_survival,558.0,4,2379,2379.0,0.4795189850452883,0.5193650543307637,0.03984606928547546,,
absolute,log_survival,558.0,5,2379,2379.0,0.5204959577720671,0.6275708867479639,0.10707492897589677,,
absolute,log_survival,558.0,6,2378,2378.0,0.5591767392323511,0.640994830172585,0.08181809094023385,,
absolute,log_survival,558.0,7,2378,2378.0,0.6000237608651059,0.6111927602702822,0.01116899940517635,,
absolute,log_survival,558.0,8,2378,2378.0,0.6478376211230849,0.6457824550964164,0.0020551660266684424,,
absolute,log_survival,558.0,9,2378,2378.0,0.7398803295759834,0.7666105971404541,0.026730267564470722,,
absolute,log_survival,558.0,0,2379,955162.0,0.19585547989546231,0.14680387726162902,0.04905160263383329,,
absolute,log_survival,558.0,1,2379,861268.0,0.32508005985656113,0.32936464314708647,0.0042845832905253345,,
absolute,log_survival,558.0,2,2379,835114.0,0.3845754416728495,0.3382565263468057,0.04631891532604382,,
absolute,log_survival,558.0,3,2379,821362.0,0.43215704976842007,0.47022978565174944,0.03807273588332938,,
absolute,log_survival,558.0,4,2379,795186.0,0.4798995235262944,0.5594116903437489,0.07951216681745454,,
absolute,log_survival,558.0,5,2379,778133.0,0.5201895187658248,0.5884336040177992,0.06824408525197445,,
absolute,log_survival,558.0,6,2378,832621.0,0.5590509310641503,0.642868387030942,0.08381745596679169,,
absolute,log_survival,558.0,7,2378,856378.0,0.6004382356419576,0.6470749095169186,0.046636673874960954,,
absolute,log_survival,558.0,8,2378,829843.0,0.6480050814153201,0.6396102980548228,0.00839478336049726,,
absolute,log_survival,558.0,9,2378,748393.0,0.7261023046191681,0.7157830177460238,0.010319286873144318,,
absolute,log_survival,600.0,0,2379,2379.0,0.1868923516423637,0.17997295097247445,0.006919400669889247,,
absolute,log_survival,600.0,1,2379,2379.0,0.3259212218159823,0.2817112574259505,0.04420996439003183,,
absolute,log_survival,600.0,2,2379,2379.0,0.38383773536832816,0.3186092595928659,0.06522847577546226,,
absolute,log_survival,600.0,3,2379,2379.0,0.4328672088550927,0.36758073718907447,0.06528647166601825,,
absolute,log_survival,600.0,4,2379,2379.0,0.4795612702875308,0.5193650543307637,0.039803784043232926,,
absolute,log_survival,600.0,5,2379,2379.0,0.5205440462657671,0.6279942715597273,0.1074502252939602,,
absolute,log_survival,600.0,6,2378,2378.0,0.5592269289448827,0.6401455422767488,0.08091861333186612,,
absolute,log_survival,600.0,7,2378,2378.0,0.6000693074213728,0.6116163919151751,0.011547084493802373,,
absolute,log_survival,600.0,8,2378,2378.0,0.6478767813455322,0.6457824550964164,0.0020943262491157633,,
absolute,log_survival,600.0,9,2378,2378.0,0.7399027360411063,0.7666105971404541,0.02670786109934775,,
absolute,log_survival,600.0,0,2379,955162.0,0.1958574413665709,0.14680387726162902,0.04905356410494188,,
absolute,log_survival,600.0,1,2379,861268.0,0.32508966021470653,0.32936464314708647,0.004274982932379934,,
absolute,log_survival,600.0,2,2379,835865.0,0.3846149681662808,0.3378762286041178,0.04673873956216301,,
absolute,log_survival,600.0,3,2379,820611.0,0.43220055008339653,0.4707264845814776,0.03852593449808106,,
absolute,log_survival,600.0,4,2379,795186.0,0.47992588399003494,0.5594116903437489,0.079485806353714,,
absolute,log_survival,600.0,5,2379,778374.0,0.5202283424482795,0.588721658196827,0.06849331574854745,,
absolute,log_survival,600.0,6,2378,833642.0,0.5591173576157457,0.6414407730132833,0.08232341539753762,,
absolute,log_survival,600.0,7,2378,855116.0,0.6005036789712317,0.6482264880361084,0.04772280906487669,,
absolute,log_survival,600.0,8,2378,829843.0,0.6480396505943375,0.6396102980548228,0.008429352539514712,,
absolute,log_survival,600.0,9,2378,748393.0,0.726123827023719,0.7157830177460238,0.010340809277695207,,
absolute,log_survival,720.0,0,2379,2379.0,0.18689592573662406,0.17997295097247445,0.006922974764149603,,
absolute,log_survival,720.0,1,2379,2379.0,0.3259434865016399,0.2817112574259505,0.04423222907568941,,
absolute,log_survival,720.0,2,2379,2379.0,0.3838739070503263,0.31817690506215035,0.06569700198817596,,
absolute,log_survival,720.0,3,2379,2379.0,0.4329104095439897,0.36800403741629173,0.06490637212769795,,
absolute,log_survival,720.0,4,2379,2379.0,0.4796109251160497,0.5193650543307637,0.03975412921471405,,
absolute,log_survival,720.0,5,2379,2379.0,0.5206001094961995,0.6275708867479639,0.1069707772517644,,
absolute,log_survival,720.0,6,2378,2378.0,0.5592849813396896,0.6405704592478682,0.08128547790817853,,
absolute,log_survival,720.0,7,2378,2378.0,0.6001219987104738,0.6111946559180114,0.011072657207537584,,
absolute,log_survival,720.0,8,2378,2378.0,0.6479217056558654,0.6462065525354003,0.0017151531204651072,,
absolute,log_survival,720.0,9,2378,2378.0,0.7399277509323975,0.7666105971404541,0.02668284620805661,,
absolute,log_survival,720.0,0,2379,955162.0,0.19585958694752,0.14680387726162902,0.049055709685890986,,
absolute,log_survival,720.0,1,2379,861268.0,0.32510066862465486,0.32936464314708647,0.004263974522431602,,
absolute,log_survival,720.0,2,2379,840078.0,0.3847538737775055,0.33607999990509596,0.04867387387240951,,
absolute,log_survival,720.0,3,2379,816936.0,0.43236791415753745,0.4728941418644155,0.040526227706878026,,
absolute,log_survival,720.0,4,2379,794524.0,0.47996973456986997,0.5598872227279807,0.07991748815811078,,
absolute,log_survival,720.0,5,2379,778339.0,0.5202603338076006,0.5882768540635628,0.06801652025596217,,
absolute,log_survival,720.0,6,2378,836098.0,0.5592044296946306,0.6427463252906246,0.08354189559599401,,
absolute,log_survival,720.0,7,2378,851338.0,0.6005667337625347,0.6465788939090173,0.046012160146482683,,
absolute,log_survival,720.0,8,2378,831324.0,0.6480346499645371,0.6403404224957114,0.007694227468825643,,
absolute,log_survival,720.0,9,2378,748393.0,0.7261501982307621,0.7157830177460238,0.010367180484738281,,
absolute,log_survival,900.0,0,2379,2379.0,0.18690128673778744,0.17997295097247445,0.006928335765312987,,
absolute,log_survival,900.0,1,2379,2379.0,0.3259768751926232,0.2812844417513555,0.04469243344126772,,
absolute,log_survival,900.0,2,2379,2379.0,0.38392808416833657,0.3181769050621506,0.065751179106186,,
absolute,log_survival,900.0,3,2379,2379.0,0.4329752313511884,0.36885063841109356,0.06412459294009487,,
absolute,log_survival,900.0,4,2379,2379.0,0.47968542350575083,0.5189398628630182,0.03925443935726736,,
absolute,log_survival,900.0,5,2379,2379.0,0.5206841980924498,0.6275708867479639,0.1068866886555141,,
absolute,log_survival,900.0,6,2378,2378.0,0.5593719853293216,0.640568827313725,0.08119684198440336,,
absolute,log_survival,900.0,7,2378,2378.0,0.6002010244939694,0.6111946559180114,0.010993631424041972,,
absolute,log_survival,900.0,8,2378,2378.0,0.6479890665026588,0.6466389536813691,0.0013501128212896063,,
absolute,log_survival,900.0,9,2378,2378.0,0.7399653061961691,0.7661900756938602,0.026224769497691147,,
absolute,log_survival,900.0,0,2379,955162.0,0.19586280527223868,0.14680387726162902,0.049058928010609654,,
absolute,log_survival,900.0,1,2379,863439.0,0.32519676311490364,0.3284561527930082,0.003259389678104574,,
absolute,log_survival,900.0,2,2379,838538.0,0.3848769864599929,0.33674887732617864,0.04812810913381427,,
absolute,log_survival,900.0,3,2379,816746.0,0.432438435879216,0.47431622013531927,0.04187778425610328,,
absolute,log_survival,900.0,4,2379,793980.0,0.4800274175797138,0.558825429411009,0.0787980118312952,,
absolute,log_survival,900.0,5,2379,778442.0,0.520316487281892,0.5883318972750546,0.06801540999316269,,
absolute,log_survival,900.0,6,2378,836076.0,0.5592625183866279,0.6427363526182457,0.0834738342316178,,
absolute,log_survival,900.0,7,2378,851444.0,0.6006268916747438,0.6469002426243267,0.04627335094958285,,
absolute,log_survival,900.0,8,2378,831263.0,0.6481007651323581,0.6402877952817614,0.007812969850596763,,
absolute,log_survival,900.0,9,2378,748370.0,0.7261912715653565,0.7154910004409585,0.010700271124397975,,
absolute,log_survival,1200.0,0,2379,2379.0,0.18691022136581423,0.17997295097247445,0.006937270393339773,,
absolute,log_survival,1200.0,1,2379,2379.0,0.3260325125232398,0.2812844417513555,0.04474807077188431,,
absolute,log_survival,1200.0,2,2379,2379.0,0.3840182135039213,0.3177445505314356,0.06627366297248571,,
absolute,log_survival,1200.0,3,2379,2379.0,0.4330833048927221,0.3709587818410518,0.06212452305167032,,
absolute,log_survival,1200.0,4,2379,2379.0,0.47980955731349645,0.5168271714556245,0.037017614142128064,,
absolute,log_survival,1200.0,5,2379,2379.0,0.5208242731279938,0.6284177756527268,0.10759350252473299,,
absolute,log_survival,1200.0,6,2378,2378.0,0.5595169719765374,0.639720136106254,0.08020316412971662,,
absolute,log_survival,1200.0,7,2378,2378.0,0.6003325939810501,0.6116163919151756,0.011283797934125483,,
absolute,log_survival,1200.0,8,2378,2378.0,0.6481013646199675,0.6466389536813691,0.0014624109385983353,,
absolute,log_survival,1200.0,9,2378,2378.0,0.7400279065576539,0.7661900756938602,0.02616216913620628,,
absolute,log_survival,1200.0,0,2379,955162.0,0.19586816902222917,0.14680387726162902,0.04906429176060015,,
absolute,log_survival,1200.0,1,2379,863439.0,0.32522431362604565,0.3284561527930082,0.003231839166962569,,
absolute,log_survival,1200.0,2,2379,838798.0,0.38493937585390603,0.3368503060271716,0.04808906982673444,,
absolute,log_survival,1200.0,3,2379,816573.0,0.4325121813884887,0.47493615092206687,0.04242396953357819,,
absolute,log_survival,1200.0,4,2379,794019.0,0.4801131143855756,0.5579896948398922,0.07787658045431667,,
absolute,log_survival,1200.0,5,2379,778517.0,0.5204226857210831,0.5887061674324015,0.06828348171131837,,
absolute,log_survival,1200.0,6,2378,835761.0,0.5593621498557916,0.6424599150978278,0.08309776524203627,,
absolute,log_survival,1200.0,7,2378,851558.0,0.600721547954213,0.6469759512796103,0.04625440332539732,,
absolute,log_survival,1200.0,8,2378,831263.0,0.6482051676878591,0.6402877952817614,0.007917372406097689,,
absolute,log_survival,1200.0,9,2378,748370.0,0.7262572379467802,0.7154910004409585,0.01076623750582173,,
absolute,log_survival,1500.0,0,2379,2379.0,0.1869191555264945,0.17997295097247445,0.006946204554020036,,
absolute,log_survival,1500.0,1,2379,2379.0,0.3260881409885189,0.2812844417513555,0.04480369923716343,,
absolute,log_survival,1500.0,2,2379,2379.0,0.3841081139941655,0.317744550531436,0.06636356346272948,,
absolute,log_survival,1500.0,3,2379,2379.0,0.43319145568678014,0.37096095099984705,0.062230504686933086,,
absolute,log_survival,1500.0,4,2379,2379.0,0.47993359622355575,0.5168232844148671,0.03688968819131139,,
absolute,log_survival,1500.0,5,2379,2379.0,0.5209642408242303,0.6288434309939916,0.10787919016976133,,
absolute,log_survival,1500.0,6,2378,2378.0,0.5596619528426949,0.6397208994789583,0.08005894663626334,,
absolute,log_survival,1500.0,7,2378,2378.0,0.6004640854531901,0.6120344623055755,0.011570376852385378,,
absolute,log_survival,1500.0,8,2378,2378.0,0.6482136965603391,0.6457907439770931,0.0024229525832459853,,
absolute,log_survival,1500.0,9,2378,2378.0,0.740090465160574,0.7661900756938602,0.026099610533286244,,
absolute,log_survival,1500.0,0,2379,955162.0,0.19587353261655308,0.14680387726162902,0.04906965535492405,,
absolute,log_survival,1500.0,1,2379,863439.0,0.32525186146149543,0.3284561527930082,0.0032042913315127874,,
absolute,log_survival,1500.0,2,2379,838983.0,0.3849996738521589,0.3369852101101708,0.04801446374198809,,
absolute,log_survival,1500.0,3,2379,816388.0,0.43258094747525155,0.4748331330043464,0.04225218552909482,,
absolute,log_survival,1500.0,4,2379,796746.0,0.4802639623375904,0.5574320510860078,0.07716808874841741,,
absolute,log_survival,1500.0,5,2379,775770.0,0.520588975870759,0.5894942920215732,0.06890531615081419,,
absolute,log_survival,1500.0,6,2378,846781.0,0.5597032236574409,0.6471465297400937,0.08744330608265283,,
absolute,log_survival,1500.0,7,2378,841074.0,0.6011276043093372,0.642609900886116,0.04148229657677882,,
absolute,log_survival,1500.0,8,2378,830747.0,0.6483257876668105,0.6398723637567711,0.008453423910039337,,
absolute,log_survival,1500.0,9,2378,748370.0,0.726323171803523,0.7154910004409585,0.010832171362564535,,
absolute,log_survival,1680.0,0,2379,2379.0,0.18692451579859723,0.17997295097247445,0.006951564826122775,,
absolute,log_survival,1680.0,1,2379,2379.0,0.3261215051234105,0.2817112574259505,0.04441024769745999,,
absolute,log_survival,1680.0,2,2379,2379.0,0.384161950463596,0.31731219600072125,0.06684975446287478,,
absolute,log_survival,1680.0,3,2379,2379.0,0.4332564096434428,0.3709557499659143,0.062300659677528514,,
absolute,log_survival,1680.0,4,2379,2379.0,0.48000799395491184,0.5168356679451721,0.03682767399026027,,
absolute,log_survival,1680.0,5,2379,2379.0,0.5210481044940061,0.6292652908649408,0.10821718637093469,,
absolute,log_survival,1680.0,6,2378,2378.0,0.5597487943981436,0.639720899478958,0.07997210508081443,,
absolute,log_survival,1680.0,7,2378,2378.0,0.6005428906352742,0.611614620965893,0.011071730330618812,,
absolute,log_survival,1680.0,8,2378,2378.0,0.6482813146831015,0.6453583639553597,0.0029229507277417355,,
absolute,log_survival,1680.0,9,2378,2378.0,0.740127995915272,0.7666105971404541,0.02648260122518209,,
absolute,log_survival,1680.0,0,2379,955162.0,0.19587675069843194,0.14680387726162902,0.049072873436802916,,
absolute,log_survival,1680.0,1,2379,863432.0,0.3252681287109776,0.3286358490575614,0.00336772034658378,,
absolute,log_survival,1680.0,2,2379,838971.0,0.3850320029515764,0.3368032331269558,0.0482287698246206,,
absolute,log_survival,1680.0,3,2379,816423.0,0.4326188336997642,0.47481250993485435,0.04219367623509013,,
absolute,log_survival,1680.0,4,2379,796730.0,0.4803123316070363,0.5574467441725148,0.07713441256547854,,
absolute,log_survival,1680.0,5,2379,776073.0,0.5206555038952095,0.5897288434784793,0.06907333958326978,,
absolute,log_survival,1680.0,6,2378,846694.0,0.5597730942066773,0.6472244919328897,0.08745139772621235,,
absolute,log_survival,1680.0,7,2378,843035.0,0.6012466355095787,0.643264460576806,0.04201782506722729,,
absolute,log_survival,1680.0,8,2378,827947.0,0.648435204032021,0.6384862756707075,0.009948928361313558,,
absolute,log_survival,1680.0,9,2378,748993.0,0.7263221694311119,0.7159065572041394,0.010415612226972515,,
absolute,log_survival,1800.0,0,2379,2379.0,0.18692808921987844,0.17997295097247445,0.006955138247403986,,
absolute,log_survival,1800.0,1,2379,2379.0,0.32614373632823584,0.2817112574259505,0.044432478902285355,,
absolute,log_survival,1800.0,2,2379,2379.0,0.3841978131133716,0.3168798414700068,0.06731797164336478,,
absolute,log_survival,1800.0,3,2379,2379.0,0.4332997303489542,0.3713790522581142,0.06192067809084001,,
absolute,log_survival,1800.0,4,2379,2379.0,0.48005759196948894,0.5168356679451721,0.03677807597568317,,
absolute,log_survival,1800.0,5,2379,2379.0,0.5211039926693978,0.6292652908649408,0.10816129819554299,,
absolute,log_survival,1800.0,6,2378,2378.0,0.5598065759982477,0.6392987044364815,0.07949212843823383,,
absolute,log_survival,1800.0,7,2378,2378.0,0.6005954476340072,0.6120331571580679,0.011437709524060757,,
absolute,log_survival,1800.0,8,2378,2378.0,0.6483264220608194,0.6453666485836373,0.002959773477182015,,
absolute,log_survival,1800.0,9,2378,2378.0,0.7401530327864524,0.7666105971404541,0.026457564354001706,,
absolute,log_survival,1800.0,0,2379,955162.0,0.19587889605522113,0.14680387726162902,0.04907501879359211,,
absolute,log_survival,1800.0,1,2379,863432.0,0.3252791396089348,0.3286358490575614,0.0033567094486265936,,
absolute,log_survival,1800.0,2,2379,841496.0,0.38512406163622165,0.3357127238780042,0.04941133775821743,,
absolute,log_survival,1800.0,3,2379,813898.0,0.4327194046868115,0.4763351336274114,0.043615728940599896,,
absolute,log_survival,1800.0,4,2379,796730.0,0.48034427645950856,0.5574467441725148,0.07710246771300627,,
absolute,log_survival,1800.0,5,2379,776073.0,0.5206946757495262,0.5897288434784793,0.0690341677289531,,
absolute,log_survival,1800.0,6,2378,847122.0,0.5598212147729648,0.6473766627148256,0.08755544794186088,,
absolute,log_survival,1800.0,7,2378,842601.0,0.6012973597051321,0.6431059292917801,0.041808569586648026,,
absolute,log_survival,1800.0,8,2378,828537.0,0.6484973712224262,0.638744221125009,0.009753150097417285,,
absolute,log_survival,1800.0,9,2378,748409.0,0.7263865571459226,0.7156848728435923,0.010701684302330317,,
absolute,log_survival,2340.0,0,2379,2379.0,0.197361184421127,0.17367798636160892,0.023683198059518074,,
absolute,log_survival,2340.0,1,2379,2379.0,0.3276220114967933,0.2871408425908277,0.04048116890596559,,
absolute,log_survival,2340.0,2,2379,2379.0,0.3848363927847695,0.31644748693929114,0.06838890584547835,,
absolute,log_survival,2340.0,3,2379,2379.0,0.43397577269395915,0.3684329819673553,0.06554279072660385,,
absolute,log_survival,2340.0,4,2379,2379.0,0.4807593528625395,0.5219168893350634,0.0411575364725239,,
absolute,log_survival,2340.0,5,2379,2379.0,0.5218384337746871,0.6275695368523961,0.10573110307770905,,
absolute,log_survival,2340.0,6,2378,2378.0,0.5605160008904978,0.6439574428207506,0.08344144193025282,,
absolute,log_survival,2340.0,7,2378,2378.0,0.6013301409435193,0.6048601810319431,0.003530040088423725,,
absolute,log_survival,2340.0,8,2378,2378.0,0.6500018142124231,0.6474521695392045,0.0025496446732186095,,
absolute,log_survival,2340.0,9,2378,2378.0,0.7412342365814768,0.7678721614802353,0.02663792489875849,,
absolute,log_survival,2340.0,0,2379,985261.0,0.20059826676465556,0.14759141926953667,0.053006847495118886,,
absolute,log_survival,2340.0,1,2379,841979.0,0.32737613148621253,0.33182031765740017,0.004444186171187636,,
absolute,log_survival,2340.0,2,2379,840520.0,0.38590011401298263,0.3435799602817098,0.04232015373127285,,
absolute,log_survival,2340.0,3,2379,812444.0,0.43342455262453583,0.4707304843039817,0.03730593167944585,,
absolute,log_survival,2340.0,4,2379,795750.0,0.48095218776304727,0.5602915478319852,0.07933936006893794,,
absolute,log_survival,2340.0,5,2379,783711.0,0.5215563678761813,0.5883644208098724,0.06680805293369108,,
absolute,log_survival,2340.0,6,2378,838981.0,0.5605875143063902,0.6518279995306587,0.09124048522426853,,
absolute,log_survival,2340.0,7,2378,840851.0,0.6018510857172663,0.6404720285846497,0.03862094286738338,,
absolute,log_survival,2340.0,8,2378,825684.0,0.6490533664168173,0.6383833445006006,0.010670021916216688,,
absolute,log_survival,2340.0,9,2378,748279.0,0.7266913793905304,0.7161045545845867,0.01058682480594375,,
absolute,log_survival,3150.0,0,2379,2379.0,0.20616889017822665,0.18714870633809222,0.01902018384013443,,
absolute,log_survival,3150.0,1,2379,2379.0,0.332129417710389,0.2707072131927293,0.06142220451765973,,
absolute,log_survival,3150.0,2,2379,2379.0,0.38683923685929483,0.32336529800689406,0.06347393885240077,,
absolute,log_survival,3150.0,3,2379,2379.0,0.43543749694743633,0.36842927804626024,0.06700821890117609,,
absolute,log_survival,3150.0,4,2379,2379.0,0.48189740021927624,0.5151405848312365,0.03324318461196024,,
absolute,log_survival,3150.0,5,2379,2379.0,0.5227999860747377,0.6263125101991891,0.10351252412445144,,
absolute,log_survival,3150.0,6,2378,2378.0,0.5617103667520082,0.6464664165551809,0.08475604980317264,,
absolute,log_survival,3150.0,7,2378,2378.0,0.6025300295974083,0.6060996833782697,0.0035696537808613815,,
absolute,log_survival,3150.0,8,2378,2378.0,0.6514890304402665,0.6368798370880593,0.014609193352207228,,
absolute,log_survival,3150.0,9,2378,2378.0,0.743959576701866,0.7783851976450797,0.034425620943213775,,
absolute,log_survival,3150.0,0,2379,1039999.0,0.2072304787847151,0.15849803622843917,0.04873244255627593,,
absolute,log_survival,3150.0,1,2379,807132.0,0.331697287345221,0.3307700261576837,0.0009272611875373316,,
absolute,log_survival,3150.0,2,2379,840380.0,0.38764531458401247,0.3488789386182992,0.03876637596571325,,
absolute,log_survival,3150.0,3,2379,800079.0,0.43471580206976096,0.47213108118531955,0.037415279115558586,,
absolute,log_survival,3150.0,4,2379,804611.0,0.48200241888541223,0.548834065694024,0.06683164680861181,,
absolute,log_survival,3150.0,5,2379,773182.0,0.5225675092348416,0.5930727913274477,0.07050528209260609,,
absolute,log_survival,3150.0,6,2378,839348.0,0.5614684659723524,0.6547809153910709,0.09331244941871841,,
absolute,log_survival,3150.0,7,2378,835250.0,0.6025251336579226,0.6421135271072695,0.03958839344934695,,
absolute,log_survival,3150.0,8,2378,860094.0,0.6508928290645765,0.6337139977680426,0.01717883129653386,,
absolute,log_survival,3150.0,9,2378,713385.0,0.729667534032811,0.7252759730019556,0.004391561030855473,,
absolute,log_survival,4500.0,0,2379,2379.0,0.2134073901668909,0.2240336359552999,0.010626245788409011,,
absolute,log_survival,4500.0,1,2379,2379.0,0.3358800919608633,0.2845901298333947,0.051289962127468613,,
absolute,log_survival,4500.0,2,2379,2379.0,0.3908412262458552,0.3163497104285775,0.0744915158172777,,
absolute,log_survival,4500.0,3,2379,2379.0,0.438925730339507,0.3701862077945365,0.06873952254497051,,
absolute,log_survival,4500.0,4,2379,2379.0,0.485192754037577,0.535738893371269,0.05054613933369201,,
absolute,log_survival,4500.0,5,2379,2379.0,0.5257046340112358,0.6175707103756749,0.09186607636443911,,
absolute,log_survival,4500.0,6,2378,2378.0,0.5637250944987373,0.6521340830451425,0.08840898854640522,,
absolute,log_survival,4500.0,7,2378,2378.0,0.6045042390796939,0.6021168535204221,0.0023873855592717597,,
absolute,log_survival,4500.0,8,2378,2378.0,0.6537788731314769,0.6336685038706876,0.02011036926078924,,
absolute,log_survival,4500.0,9,2378,2378.0,0.7495160534686555,0.7846930193439863,0.03517696587533081,,
absolute,log_survival,4500.0,0,2379,1085291.0,0.21297877478213365,0.18618447035336916,0.026794304428764487,,
absolute,log_survival,4500.0,1,2379,801974.0,0.3363142783585482,0.31518566558212024,0.02112861277642797,,
absolute,log_survival,4500.0,2,2379,868916.0,0.3918762905309035,0.37568534751074223,0.016190943020161275,,
absolute,log_survival,4500.0,3,2379,757394.0,0.4386768859151618,0.4504705159561817,0.011793630041019909,,
absolute,log_survival,4500.0,4,2379,835761.0,0.48506450864741424,0.5669533559968682,0.08188884734945401,,
absolute,log_survival,4500.0,5,2379,742737.0,0.5256945138252804,0.593410668770182,0.06771615494490157,,
absolute,log_survival,4500.0,6,2378,829958.0,0.5632830278132123,0.6567384806362142,0.09345545282300194,,
absolute,log_survival,4500.0,7,2378,838007.0,0.6044493532888383,0.641044792856986,0.0365954395681477,,
absolute,log_survival,4500.0,8,2378,874643.0,0.6535582325972904,0.6257303731179646,0.027827859479325756,,
absolute,log_survival,4500.0,9,2378,678779.0,0.7335853793457683,0.7447917510706725,0.01120637172490424,,
absolute,log_survival,5850.0,0,2379,2379.0,0.21554615754130285,0.21002241112516706,0.0055237464161357885,,
absolute,log_survival,5850.0,1,2379,2379.0,0.3411952024921456,0.29862579701866043,0.042569405473485145,,
absolute,log_survival,5850.0,2,2379,2379.0,0.3933121792708297,0.31844651853709316,0.07486566073373652,,
absolute,log_survival,5850.0,3,2379,2379.0,0.44129448456858716,0.3760994994595329,0.06519498510905425,,
absolute,log_survival,5850.0,4,2379,2379.0,0.48715315884410554,0.5294887655807137,0.04233560673660813,,
absolute,log_survival,5850.0,5,2379,2379.0,0.527674420480883,0.6328478874160096,0.10517346693512664,,
absolute,log_survival,5850.0,6,2378,2378.0,0.5666011491880762,0.6515116144745594,0.08491046528648316,,
absolute,log_survival,5850.0,7,2378,2378.0,0.607482931999476,0.5979277982844462,0.009555133715029807,,
absolute,log_survival,5850.0,8,2378,2378.0,0.6563488572932551,0.6271286619953469,0.029220195297908202,,
absolute,log_survival,5850.0,9,2378,2378.0,0.7557671829400199,0.7779800517541202,0.02221286881410034,,
absolute,log_survival,5850.0,0,2379,1106541.0,0.21581366590754483,0.1856013354930447,0.030212330414500138,,
absolute,log_survival,5850.0,1,2379,806415.0,0.33961453943939496,0.32088759337018935,0.018726946069205608,,
absolute,log_survival,5850.0,2,2379,862316.0,0.3940755412289967,0.3777072636809611,0.016368277548035604,,
absolute,log_survival,5850.0,3,2379,759047.0,0.4408719023473557,0.4567868681041336,0.01591496575677792,,
absolute,log_survival,5850.0,4,2379,828801.0,0.4866230256020195,0.5646317511565755,0.07800872555455601,,
absolute,log_survival,5850.0,5,2379,764218.0,0.5277296858943085,0.6005018444671562,0.07277215857284769,,
absolute,log_survival,5850.0,6,2378,834651.0,0.5658608034025758,0.6523121310191144,0.08645132761653862,,
absolute,log_survival,5850.0,7,2378,830394.0,0.6074615601120227,0.6387659392210099,0.0313043791089872,,
absolute,log_survival,5850.0,8,2378,848961.0,0.6557462950971742,0.6264717678477347,0.029274527249439464,,
absolute,log_survival,5850.0,9,2378,672116.0,0.7357243263332076,0.7470650996087048,0.011340773275497207,,
absolute,log_survival,6660.0,0,2379,2379.0,0.21651618344383297,0.21087155206844743,0.005644631375385539,,
absolute,log_survival,6660.0,1,2379,2379.0,0.34236992280832806,0.29068218890468445,0.05168773390364362,,
absolute,log_survival,6660.0,2,2379,2379.0,0.39612981305073336,0.3346297167084,0.06150009634233333,,
absolute,log_survival,6660.0,3,2379,2379.0,0.4424651766024885,0.3685562691539931,0.07390890744849543,,
absolute,log_survival,6660.0,4,2379,2379.0,0.4882267655210631,0.535788709489603,0.04756194396853991,,
absolute,log_survival,6660.0,5,2379,2379.0,0.5290374599134585,0.6313738364177361,0.10233637650427763,,
absolute,log_survival,6660.0,6,2378,2378.0,0.5675824276143582,0.6453787818244603,0.07779635421010211,,
absolute,log_survival,6660.0,7,2378,2378.0,0.6084665422992778,0.5920658239235168,0.01640071837576096,,
absolute,log_survival,6660.0,8,2378,2378.0,0.657957717363135,0.6555710419777124,0.0023866753854225875,,
absolute,log_survival,6660.0,9,2378,2378.0,0.7601109649342394,0.7563810763765146,0.0037298885577247143,,
absolute,log_survival,6660.0,0,2379,1104155.0,0.2160943404811887,0.18691516492307092,0.029179175558117776,,
absolute,log_survival,6660.0,1,2379,842633.0,0.34135747097787356,0.3138780249936627,0.02747944598421087,,
absolute,log_survival,6660.0,2,2379,841601.0,0.396228466240249,0.3881934661755343,0.008035000064714692,,
absolute,log_survival,6660.0,3,2379,758817.0,0.442159001934457,0.4502128290390932,0.008053827104636202,,
absolute,log_survival,6660.0,4,2379,823548.0,0.48759278520188293,0.5731145595328708,0.0855217743309879,,
absolute,log_survival,6660.0,5,2379,766528.0,0.5286983439580685,0.6003616534724446,0.07166330951437616,,
absolute,log_survival,6660.0,6,2378,831116.0,0.5666136958763464,0.6478561254698623,0.08124242959351591,,
absolute,log_survival,6660.0,7,2378,844372.0,0.6085740140193578,0.6407846150727543,0.03221060105339646,,
absolute,log_survival,6660.0,8,2378,850122.0,0.6578162917632036,0.6359439751033714,0.021872316659832136,,
absolute,log_survival,6660.0,9,2378,650568.0,0.7384981564652671,0.7388661462097712,0.000367989744504138,,
absolute,log_survival,7200.0,0,2379,2379.0,0.21711026375163525,0.21044903160259798,0.006661232149037272,,
absolute,log_survival,7200.0,1,2379,2379.0,0.34294896516591516,0.2908056664801846,0.05214329868573059,,
absolute,log_survival,7200.0,2,2379,2379.0,0.39747671433802106,0.32770001741010746,0.0697766969279136,,
absolute,log_survival,7200.0,3,2379,2379.0,0.44380408551289474,0.3783359669342622,0.06546811857863255,,
absolute,log_survival,7200.0,4,2379,2379.0,0.4887892249039241,0.5332656932739452,0.044476468370021116,,
absolute,log_survival,7200.0,5,2379,2379.0,0.5297760648364619,0.6356213114000386,0.10584524656357674,,
absolute,log_survival,7200.0,6,2378,2378.0,0.5684477425635479,0.645355493493407,0.07690775092985913,,
absolute,log_survival,7200.0,7,2378,2378.0,0.6090790157244607,0.5895018655313764,0.01957715019308426,,
absolute,log_survival,7200.0,8,2378,2378.0,0.6586785038248576,0.6526025248081296,0.0060759790167279615,,
absolute,log_survival,7200.0,9,2378,2378.0,0.7630432341901074,0.757649030252058,0.005394203938049458,,
absolute,log_survival,7200.0,0,2379,1106067.0,0.21648926841141503,0.18543300757017356,0.031056260841241468,,
absolute,log_survival,7200.0,1,2379,841965.0,0.3419137522125463,0.31535714278045723,0.02655660943208904,,
absolute,log_survival,7200.0,2,2379,854905.0,0.3971500734198161,0.39063886428245576,0.006511209137360363,,
absolute,log_survival,7200.0,3,2379,751244.0,0.44321105316489784,0.4554200953374403,0.012209042172542484,,
absolute,log_survival,7200.0,4,2379,822699.0,0.4881862187788466,0.5679430333779814,0.07975681459913475,,
absolute,log_survival,7200.0,5,2379,765098.0,0.5293134501063316,0.6043900164847553,0.07507656637842375,,
absolute,log_survival,7200.0,6,2378,828829.0,0.5670727138477492,0.6456009366738549,0.07852822282610572,,
absolute,log_survival,7200.0,7,2378,843817.0,0.6089422059398418,0.6409729510327591,0.03203074509291726,,
absolute,log_survival,7200.0,8,2378,849989.0,0.6583112918892227,0.6341111286841343,0.024200163205088332,,
absolute,log_survival,7200.0,9,2378,648847.0,0.7394136731035467,0.7411008194073487,0.0016871463038020673,,
absolute,linear_survival,0.2,0,2379,2379.0,0.00013740302816228064,0.0,0.00013740302816228064,,
absolute,linear_survival,0.2,1,2379,2379.0,0.00040430810885600297,0.0,0.00040430810885600297,,
absolute,linear_survival,0.2,2,2379,2379.0,0.0005865324822825244,0.0,0.0005865324822825244,,
absolute,linear_survival,0.2,3,2379,2379.0,0.0007176091263153691,0.0,0.0007176091263153691,,
absolute,linear_survival,0.2,4,2379,2379.0,0.0008117712818057946,0.0,0.0008117712818057946,,
absolute,linear_survival,0.2,5,2379,2379.0,0.0008999869406444599,0.0,0.0008999869406444599,,
absolute,linear_survival,0.2,6,2378,2378.0,0.0010532624375300672,0.0,0.0010532624375300672,,
absolute,linear_survival,0.2,7,2378,2378.0,0.0014153751962209073,0.0,0.0014153751962209073,,
absolute,linear_survival,0.2,8,2378,2378.0,0.001888393167084391,0.0,0.001888393167084391,,
absolute,linear_survival,0.2,9,2378,2378.0,0.005478304488240276,0.0,0.005478304488240276,,
absolute,linear_survival,0.2,0,2379,1096966.0,0.0001322706080949354,0.0,0.0001322706080949354,,
absolute,linear_survival,0.2,1,2379,919246.0,0.0003947024478595593,0.0,0.0003947024478595593,,
absolute,linear_survival,0.2,2,2379,1040948.0,0.000586534132741835,0.0,0.000586534132741835,,
absolute,linear_survival,0.2,3,2379,852312.0,0.0007166860561038747,0.0,0.0007166860561038747,,
absolute,linear_survival,0.2,4,2379,758107.0,0.0008101861241775754,0.0,0.0008101861241775754,,
absolute,linear_survival,0.2,5,2379,788871.0,0.0008985441875302731,0.0,0.0008985441875302731,,
absolute,linear_survival,0.2,6,2378,939394.0,0.0010478722137089813,0.0,0.0010478722137089813,,
absolute,linear_survival,0.2,7,2378,898722.0,0.0014057462425979231,0.0,0.0014057462425979231,,
absolute,linear_survival,0.2,8,2378,611886.0,0.0018722538128239546,0.0,0.0018722538128239546,,
absolute,linear_survival,0.2,9,2378,407008.0,0.003909774006592762,0.0,0.003909774006592762,,
absolute,linear_survival,0.5,0,2379,2379.0,0.00034350757040569956,0.0,0.00034350757040569956,,
absolute,linear_survival,0.5,1,2379,2379.0,0.0010107702721400046,0.0,0.0010107702721400046,,
absolute,linear_survival,0.5,2,2379,2379.0,0.0014663312057063118,0.0,0.0014663312057063118,,
absolute,linear_survival,0.5,3,2379,2379.0,0.001794022815788423,0.0,0.001794022815788423,,
absolute,linear_survival,0.5,4,2379,2379.0,0.0020294282045144898,0.0,0.0020294282045144898,,
absolute,linear_survival,0.5,5,2379,2379.0,0.0022499673516111532,0.0,0.0022499673516111532,,
absolute,linear_survival,0.5,6,2378,2378.0,0.002633156093825173,0.0,0.002633156093825173,,
absolute,linear_survival,0.5,7,2378,2378.0,0.003538437990552269,0.0,0.003538437990552269,,
absolute,linear_survival,0.5,8,2378,2378.0,0.0047209829177109796,0.0,0.0047209829177109796,,
absolute,linear_survival,0.5,9,2378,2378.0,0.013695761220600695,0.0,0.013695761220600695,,
absolute,linear_survival,0.5,0,2379,1096966.0,0.00033067652023733635,0.0,0.00033067652023733635,,
absolute,linear_survival,0.5,1,2379,919246.0,0.0009867561196488946,0.0,0.0009867561196488946,,
absolute,linear_survival,0.5,2,2379,1040948.0,0.001466335331854585,0.0,0.001466335331854585,,
absolute,linear_survival,0.5,3,2379,852312.0,0.0017917151402596881,0.0,0.0017917151402596881,,
absolute,linear_survival,0.5,4,2379,758107.0,0.0020254653104439346,0.0,0.0020254653104439346,,
absolute,linear_survival,0.5,5,2379,788871.0,0.002246360468825696,0.0,0.002246360468825696,,
absolute,linear_survival,0.5,6,2378,939394.0,0.0026196805342724497,0.0,0.0026196805342724497,,
absolute,linear_survival,0.5,7,2378,898722.0,0.0035143656064947977,0.0,0.0035143656064947977,,
absolute,linear_survival,0.5,8,2378,611886.0,0.00468063453205989,0.0,0.00468063453205989,,
absolute,linear_survival,0.5,9,2378,407008.0,0.009774435016481908,0.0,0.009774435016481908,,
absolute,linear_survival,1.0,0,2379,2379.0,0.0006870151408113999,0.0,0.0006870151408113999,,
absolute,linear_survival,1.0,1,2379,2379.0,0.0020215405442800096,0.0,0.0020215405442800096,,
absolute,linear_survival,1.0,2,2379,2379.0,0.002932662411412627,0.0,0.002932662411412627,,
absolute,linear_survival,1.0,3,2379,2379.0,0.0035880456315768483,0.0,0.0035880456315768483,,
absolute,linear_survival,1.0,4,2379,2379.0,0.00405885640902898,0.0,0.00405885640902898,,
absolute,linear_survival,1.0,5,2379,2379.0,0.004499934703222306,0.0,0.004499934703222306,,
absolute,linear_survival,1.0,6,2378,2378.0,0.005266312187650342,0.0,0.005266312187650342,,
absolute,linear_survival,1.0,7,2378,2378.0,0.007076875981104538,0.0,0.007076875981104538,,
absolute,linear_survival,1.0,8,2378,2378.0,0.009441965835421957,0.000420521446593769,0.009021444388828188,,
absolute,linear_survival,1.0,9,2378,2378.0,0.027391522441201382,0.0,0.027391522441201382,,
absolute,linear_survival,1.0,0,2379,1096966.0,0.0006613530404746812,0.0,0.0006613530404746812,,
absolute,linear_survival,1.0,1,2379,919246.0,0.0019735122392977884,0.0,0.0019735122392977884,,
absolute,linear_survival,1.0,2,2379,1040948.0,0.0029326706637091793,0.0,0.0029326706637091793,,
absolute,linear_survival,1.0,3,2379,852312.0,0.003583430280519375,0.0,0.003583430280519375,,
absolute,linear_survival,1.0,4,2379,758107.0,0.004050930620887872,0.0,0.004050930620887872,,
absolute,linear_survival,1.0,5,2379,788871.0,0.004492720937651394,0.0,0.004492720937651394,,
absolute,linear_survival,1.0,6,2378,939394.0,0.005239361068544893,0.0,0.005239361068544893,,
absolute,linear_survival,1.0,7,2378,898722.0,0.007028731212989596,0.0,0.007028731212989596,,
absolute,linear_survival,1.0,8,2378,611886.0,0.009361269064119774,0.00010786322942513138,0.009253405834694643,,
absolute,linear_survival,1.0,9,2378,407008.0,0.01954887003296381,0.0,0.01954887003296381,,
absolute,linear_survival,1.5,0,2379,2379.0,0.0010305227112170994,0.0,0.0010305227112170994,,
absolute,linear_survival,1.5,1,2379,2379.0,0.0030323108164200144,0.0,0.0030323108164200144,,
absolute,linear_survival,1.5,2,2379,2379.0,0.004398993617118939,0.0,0.004398993617118939,,
absolute,linear_survival,1.5,3,2379,2379.0,0.005382068447365272,0.0,0.005382068447365272,,
absolute,linear_survival,1.5,4,2379,2379.0,0.006088284613543471,0.0,0.006088284613543471,,
absolute,linear_survival,1.5,5,2379,2379.0,0.006749902054833459,0.0,0.006749902054833459,,
absolute,linear_survival,1.5,6,2378,2378.0,0.007899468281475515,0.0,0.007899468281475515,,
absolute,linear_survival,1.5,7,2378,2378.0,0.010615313971656805,0.0,0.010615313971656805,,
absolute,linear_survival,1.5,8,2378,2378.0,0.014162948753132936,0.000420521446593769,0.013742427306539167,,
absolute,linear_survival,1.5,9,2378,2378.0,0.04108728366180208,0.0,0.04108728366180208,,
absolute,linear_survival,1.5,0,2379,1096966.0,0.0009920295607120174,0.0,0.0009920295607120174,,
absolute,linear_survival,1.5,1,2379,919246.0,0.0029602683589466834,0.0,0.0029602683589466834,,
absolute,linear_survival,1.5,2,2379,1040948.0,0.004399005995563764,0.0,0.004399005995563764,,
absolute,linear_survival,1.5,3,2379,852312.0,0.005375145420779063,0.0,0.005375145420779063,,
absolute,linear_survival,1.5,4,2379,758107.0,0.006076395931331807,0.0,0.006076395931331807,,
absolute,linear_survival,1.5,5,2379,788871.0,0.006739081406477091,0.0,0.006739081406477091,,
absolute,linear_survival,1.5,6,2378,939394.0,0.007859041602817344,0.0,0.007859041602817344,,
absolute,linear_survival,1.5,7,2378,898722.0,0.010543096819484394,0.0,0.010543096819484394,,
absolute,linear_survival,1.5,8,2378,611886.0,0.014041903596179664,0.00010786322942513138,0.013934040366754533,,
absolute,linear_survival,1.5,9,2378,407008.0,0.02932330504944572,0.0,0.02932330504944572,,
absolute,linear_survival,1.8,0,2379,2379.0,0.0012366272534605192,0.0,0.0012366272534605192,,
absolute,linear_survival,1.8,1,2379,2379.0,0.003638772979704017,0.0,0.003638772979704017,,
absolute,linear_survival,1.8,2,2379,2379.0,0.005278792340542728,0.0033627574611182487,0.001916034879424479,,
absolute,linear_survival,1.8,3,2379,2379.0,0.006458482136838328,0.0012610340479193294,0.005197448088918998,,
absolute,linear_survival,1.8,4,2379,2379.0,0.0073059415362521675,0.0033627574611182487,0.003943184075133919,,
absolute,linear_survival,1.8,5,2379,2379.0,0.008099882465800151,0.0008406893652794789,0.007259193100520672,,
absolute,linear_survival,1.8,6,2378,2378.0,0.009479361937770618,0.00462573591253157,0.0048536260252390485,,
absolute,linear_survival,1.8,7,2378,2378.0,0.012738376765988164,0.0,0.012738376765988164,,
absolute,linear_survival,1.8,8,2378,2378.0,0.01699553850375952,0.003364171572750152,0.01363136693100937,,
absolute,linear_survival,1.8,9,2378,2378.0,0.0493047403941625,0.002523128679562614,0.04678161171459989,,
absolute,linear_survival,1.8,0,2379,1096966.0,0.0011904354728544207,0.0,0.0011904354728544207,,
absolute,linear_survival,1.8,1,2379,919246.0,0.0035523220307360163,0.0,0.0035523220307360163,,
absolute,linear_survival,1.8,2,2379,1040948.0,0.0052788071946765205,0.0006330767723267128,0.004645730422349808,,
absolute,linear_survival,1.8,3,2379,852312.0,0.006450174504934878,0.0014924112296905712,0.004957763275244307,,
absolute,linear_survival,1.8,4,2379,758107.0,0.007291675117598168,0.013975599750431056,0.006683924632832888,,
absolute,linear_survival,1.8,5,2379,788871.0,0.00808689768777251,0.00024465343509905146,0.007842244252673458,,
absolute,linear_survival,1.8,6,2378,939394.0,0.009430849923380811,0.009243192952052115,0.00018765697132869588,,
absolute,linear_survival,1.8,7,2378,898722.0,0.01265171618338127,0.0,0.01265171618338127,,
absolute,linear_survival,1.8,8,2378,611886.0,0.0168502843154156,0.0035562179883181777,0.013294066327097422,,
absolute,linear_survival,1.8,9,2378,407008.0,0.03518796605933486,0.0020859540844405666,0.03310201197489429,,
absolute,linear_survival,2.0,0,2379,2379.0,0.0013740302234599953,0.0,0.0013740302234599953,,
absolute,linear_survival,2.0,1,2379,2379.0,0.004043081427415547,0.004203446826397617,0.0001603653989820696,,
absolute,linear_survival,2.0,2,2379,2379.0,0.005865325133673897,0.007566204287515865,0.0017008791538419684,,
absolute,linear_survival,2.0,3,2379,2379.0,0.007176091202637953,0.0033627574611181377,0.0038133337415198155,,
absolute,linear_survival,2.0,4,2379,2379.0,0.008117713053987795,0.007986548970155716,0.00013116408383207975,,
absolute,linear_survival,2.0,5,2379,2379.0,0.008999869513448186,0.008827238335434973,0.00017263117801321302,,
absolute,linear_survival,2.0,6,2378,2378.0,0.010532624578823521,0.028174936921783078,0.017642312342959557,,
absolute,linear_survival,2.0,7,2378,2378.0,0.014153752243081024,0.00504625735912545,0.009107494883955574,,
absolute,linear_survival,2.0,8,2378,2378.0,0.018883931601719257,0.008830950378469371,0.010052981223249886,,
absolute,linear_survival,2.0,9,2378,2378.0,0.054783044967258346,0.023128679562657628,0.03165436540460072,,
absolute,linear_survival,2.0,0,2379,1096966.0,0.0013227062523004064,0.0,0.0013227062523004064,,
absolute,linear_survival,2.0,1,2379,919246.0,0.0039470248311411224,0.001610015164602352,0.0023370096665387705,,
absolute,linear_survival,2.0,2,2379,1040948.0,0.005865341565183118,0.0031701871755360767,0.002695154389647041,,
absolute,linear_survival,2.0,3,2379,852312.0,0.007166860948989569,0.00350458517538188,0.0036622757736076888,,
absolute,linear_survival,2.0,4,2379,758107.0,0.008101862115440634,0.020745092711187296,0.012643230595746662,,
absolute,linear_survival,2.0,5,2379,788871.0,0.008985441830304721,0.0036723367952428143,0.005313105035061907,,
absolute,linear_survival,2.0,6,2378,939394.0,0.010478723154795547,0.03174706246793135,0.021268339313135806,,
absolute,linear_survival,2.0,7,2378,898722.0,0.014057462640184877,0.0030866052016085277,0.01097085743857635,,
absolute,linear_survival,2.0,8,2378,611886.0,0.01872253788073455,0.007078115858182965,0.011644422022551584,,
absolute,linear_survival,2.0,9,2378,407008.0,0.03909774025249052,0.010309379668212881,0.02878836058427764,,
absolute,linear_survival,2.3,0,2379,2379.0,0.006769452294430274,0.002942412778478398,0.003827039515951876,,
absolute,linear_survival,2.3,1,2379,2379.0,0.012845250181624805,0.0,0.012845250181624805,,
absolute,linear_survival,2.3,2,2379,2379.0,0.01693674540391417,0.008417508417508324,0.008519236986405845,,
absolute,linear_survival,2.3,3,2379,2379.0,0.021586869724884567,0.032826901059293534,0.011240031334408967,,
absolute,linear_survival,2.3,4,2379,2379.0,0.026029726787045463,0.006312603703457875,0.019717123083587588,,
absolute,linear_survival,2.3,5,2379,2379.0,0.03086941678576471,0.0157566168237373,0.015112799962027409,,
absolute,linear_survival,2.3,6,2378,2378.0,0.0350401760584141,0.034497526397401,0.0005426496610130976,,
absolute,linear_survival,2.3,7,2378,2378.0,0.040748650256532806,0.047098402018503016,0.00634975176197021,,
absolute,linear_survival,2.3,8,2378,2378.0,0.04942870306578573,0.07250934311000412,0.023080640044218392,,
absolute,linear_survival,2.3,9,2378,2378.0,0.08851208082268938,0.06433978132884799,0.024172299493841393,,
absolute,linear_survival,2.3,0,2379,1204570.0,0.006562775383591923,0.00024074981113597627,0.006322025572455947,,
absolute,linear_survival,2.3,1,2379,892497.0,0.012708118896810049,0.0,0.012708118896810049,,
absolute,linear_survival,2.3,2,2379,1026601.0,0.017087241220893116,0.02103660322108336,0.003949362000190245,,
absolute,linear_survival,2.3,3,2379,1098683.0,0.021495898909611757,0.029729819966473725,0.008233921056861968,,
absolute,linear_survival,2.3,4,2379,946059.0,0.025897064951269786,0.014159485585996001,0.011737579365273785,,
absolute,linear_survival,2.3,5,2379,806940.0,0.03088488302090872,0.02829211018616984,0.0025927728347388823,,
absolute,linear_survival,2.3,6,2378,729382.0,0.034965967191999826,0.03970128653949956,0.004735319347499732,,
absolute,linear_survival,2.3,7,2378,722980.0,0.040878059701070904,0.05109408282386785,0.010216023122796944,,
absolute,linear_survival,2.3,8,2378,451238.0,0.048801611042426384,0.054748437344240175,0.0059468263018137915,,
absolute,linear_survival,2.3,9,2378,434510.0,0.0730896110452039,0.03307403742146353,0.040015573623740364,,
absolute,linear_survival,2.75,0,2379,2379.0,0.012468112449583669,0.003373479612555963,0.009094632837027706,,
absolute,linear_survival,2.75,1,2379,2379.0,0.021877557714347257,0.007992566536138557,0.0138849911782087,,
absolute,linear_survival,2.75,2,2379,2379.0,0.03008017919184093,0.02272675383287981,0.0073534253589611215,,
absolute,linear_survival,2.75,3,2379,2379.0,0.03767545702537717,0.05011452611480405,0.01243906908942688,,
absolute,linear_survival,2.75,4,2379,2379.0,0.04576620485369651,0.027787650738470338,0.01797855411522617,,
absolute,linear_survival,2.75,5,2379,2379.0,0.05609918218471842,0.03699033207229918,0.019108850112419237,,
absolute,linear_survival,2.75,6,2378,2378.0,0.06925065369415002,0.10750490973866256,0.03825425604451253,,
absolute,linear_survival,2.75,7,2378,2378.0,0.08142132957281129,0.21026072329688816,0.12883939372407688,,
absolute,linear_survival,2.75,8,2378,2378.0,0.10207550109754782,0.08873002523128648,0.013345475866261336,,
absolute,linear_survival,2.75,9,2378,2378.0,0.1643220309041655,0.1719932716568544,0.007671240752688907,,
absolute,linear_survival,2.75,0,2379,1145063.0,0.012031172019820641,0.00031184643010329083,0.01171932558971735,,
absolute,linear_survival,2.75,1,2379,889652.0,0.02223100954603495,0.01148601799194493,0.01074499155409002,,
absolute,linear_survival,2.75,2,2379,997391.0,0.03022734199111213,0.04062722082086456,0.010399878829752431,,
absolute,linear_survival,2.75,3,2379,980019.0,0.037871782416712935,0.05901982130186356,0.021148038885150627,,
absolute,linear_survival,2.75,4,2379,882812.0,0.04576269282601847,0.06197625511136129,0.01621356228534282,,
absolute,linear_survival,2.75,5,2379,904411.0,0.05617063284905721,0.03924211448113735,0.016928518367919865,,
absolute,linear_survival,2.75,6,2378,852834.0,0.06893151836891648,0.11859890035044973,0.049667381981533254,,
absolute,linear_survival,2.75,7,2378,713160.0,0.08137339898793758,0.11106624039486257,0.02969284140692499,,
absolute,linear_survival,2.75,8,2378,560256.0,0.1015545132948589,0.14773603495544885,0.04618152166058995,,
absolute,linear_survival,2.75,9,2378,387862.0,0.15565737002614297,0.16739458879704627,0.011737218770903307,,
absolute,linear_survival,3.5,0,2379,2379.0,0.021307584637922244,0.006369558823609567,0.014938025814312677,,
absolute,linear_survival,3.5,1,2379,2379.0,0.03652491158019053,0.02061387307288942,0.015911038507301106,,
absolute,linear_survival,3.5,2,2379,2379.0,0.04984654670754452,0.03998316498316501,0.009863381724379512,,
absolute,linear_survival,3.5,3,2379,2379.0,0.06332230242751087,0.04299573812757118,0.02032656429993969,,
absolute,linear_survival,3.5,4,2379,2379.0,0.07804199762399877,0.09509547829220033,0.01705348066820156,,
absolute,linear_survival,3.5,5,2379,2379.0,0.09860891077770964,0.09362106042485974,0.004987850352849904,,
absolute,linear_survival,3.5,6,2378,2378.0,0.12443764618044863,0.19049621530698002,0.0660585691265314,,
absolute,linear_survival,3.5,7,2378,2378.0,0.15073264810025733,0.3023549201009249,0.15162227200066758,,
absolute,linear_survival,3.5,8,2378,2378.0,0.1914458173722327,0.15054667788057186,0.04089913949166085,,
absolute,linear_survival,3.5,9,2378,2378.0,0.2938849770149687,0.3204373423044573,0.026552365289488622,,
absolute,linear_survival,3.5,0,2379,1122095.0,0.020892745153857986,0.0016790431424863472,0.01921370201137164,,
absolute,linear_survival,3.5,1,2379,845164.0,0.03712640279563614,0.021690482127525113,0.01543592066811103,,
absolute,linear_survival,3.5,2,2379,898707.0,0.05017902161813124,0.045150266672317585,0.005028754945813653,,
absolute,linear_survival,3.5,3,2379,990473.0,0.06295402982741437,0.05718065539795025,0.005773374429464115,,
absolute,linear_survival,3.5,4,2379,917439.0,0.07789638007139421,0.15040056624578835,0.07250418617439414,,
absolute,linear_survival,3.5,5,2379,932056.0,0.0982994741985425,0.11667710460952385,0.018377630410981352,,
absolute,linear_survival,3.5,6,2378,894872.0,0.12352302811229891,0.20880416417096526,0.08528113605866634,,
absolute,linear_survival,3.5,7,2378,751807.0,0.15020035972812582,0.15159741795434234,0.0013970582262165243,,
absolute,linear_survival,3.5,8,2378,573760.0,0.1910676370861113,0.242345231455661,0.051277594369549706,,
absolute,linear_survival,3.5,9,2378,387087.0,0.2929655544885747,0.37798479411605124,0.08501923962747654,,
absolute,linear_survival,4.25,0,2379,2379.0,0.029745383310798085,0.006369558823609678,0.023375824487188408,,
absolute,linear_survival,4.25,1,2379,2379.0,0.050795932927220525,0.034076225333055876,0.01671970759416465,,
absolute,linear_survival,4.25,2,2379,2379.0,0.06950250562071335,0.0635511936974501,0.005951311923263244,,
absolute,linear_survival,4.25,3,2379,2379.0,0.08879327087061835,0.08314367546445756,0.005649595406160793,,
absolute,linear_survival,4.25,4,2379,2379.0,0.10999371654666044,0.14292533831230003,0.03293162176563959,,
absolute,linear_survival,4.25,5,2379,2379.0,0.14133040041746014,0.13832721324288633,0.003003187174573818,,
absolute,linear_survival,4.25,6,2378,2378.0,0.17977997325840664,0.2544154751892348,0.07463550193082816,,
absolute,linear_survival,4.25,7,2378,2378.0,0.2203712634897986,0.36963835155592906,0.14926708806613045,,
absolute,linear_survival,4.25,8,2378,2378.0,0.2804825334294264,0.2603027754415471,0.0201797579878793,,
absolute,linear_survival,4.25,9,2378,2378.0,0.4244759910736095,0.47266610597140457,0.04819011489779507,,
absolute,linear_survival,4.25,0,2379,1086095.0,0.02925899586024854,0.008049674422041742,0.021209321438206797,,
absolute,linear_survival,4.25,1,2379,809874.0,0.05111092188334639,0.03263117900399737,0.018479742879349025,,
absolute,linear_survival,4.25,2,2379,925021.0,0.06958484645440519,0.08474938430440937,0.015164537850004184,,
absolute,linear_survival,4.25,3,2379,997201.0,0.08827389044592047,0.08151171458910167,0.006762175856818806,,
absolute,linear_survival,4.25,4,2379,927117.0,0.11033275399049257,0.20393719541592858,0.09360444142543602,,
absolute,linear_survival,4.25,5,2379,940540.0,0.14120366720997723,0.15877219060972947,0.017568523399752234,,
absolute,linear_survival,4.25,6,2378,904796.0,0.17854825313517392,0.28980897351447177,0.11126072037929785,,
absolute,linear_survival,4.25,7,2378,771602.0,0.21998054698200598,0.22511605724194617,0.00513551025994019,,
absolute,linear_survival,4.25,8,2378,562682.0,0.28105216934539784,0.3293369967406098,0.04828482739521195,,
absolute,linear_survival,4.25,9,2378,388532.0,0.4310851882785114,0.5247521439675495,0.09366695568903816,,
absolute,linear_survival,4.7,0,2379,2379.0,0.03471005477337314,0.010249243843387323,0.024460810929985817,,
absolute,linear_survival,4.7,1,2379,2379.0,0.05927956128001803,0.033655526824925674,0.025624034455092357,,
absolute,linear_survival,4.7,2,2379,2379.0,0.08135590512328358,0.08080710428549687,0.0005488008377867171,,
absolute,linear_survival,4.7,3,2379,2379.0,0.10391095093649305,0.092996539575803,0.010914411360690046,,
absolute,linear_survival,4.7,4,2379,2379.0,0.12934384330435172,0.1601524102477203,0.030808566943368587,,
absolute,linear_survival,4.7,5,2379,2379.0,0.16698400363385638,0.1552027692293474,0.011781234404508983,,
absolute,linear_survival,4.7,6,2378,2378.0,0.21287785147498217,0.31707317073170704,0.10419531925672487,,
absolute,linear_survival,4.7,7,2378,2378.0,0.26213457424086123,0.4053826745164003,0.14324810027553908,,
absolute,linear_survival,4.7,8,2378,2378.0,0.3339594542674399,0.30571909167367506,0.028240362593764834,,
absolute,linear_survival,4.7,9,2378,2378.0,0.5029853836170726,0.5454163162321279,0.04243093261505537,,
absolute,linear_survival,4.7,0,2379,1085149.0,0.03442194308345841,0.009585898139845228,0.024836044943613182,,
absolute,linear_survival,4.7,1,2379,764612.0,0.05931874710827164,0.024440571145844303,0.03487817596242734,,
absolute,linear_survival,4.7,2,2379,964559.0,0.08102991397287837,0.10507572298673051,0.024045809013852143,,
absolute,linear_survival,4.7,3,2379,982464.0,0.10351519156802157,0.102942862004887,0.0005723295631345632,,
absolute,linear_survival,4.7,4,2379,938334.0,0.12967709383471013,0.22383952096830273,0.0941624271335926,,
absolute,linear_survival,4.7,5,2379,944239.0,0.1669528883046331,0.208801322904689,0.04184843460005591,,
absolute,linear_survival,4.7,6,2378,913506.0,0.21173668193019016,0.3540786814755452,0.14234199954535506,,
absolute,linear_survival,4.7,7,2378,771964.0,0.2618881579553213,0.2706266095310146,0.008738451575693307,,
absolute,linear_survival,4.7,8,2378,559324.0,0.3351271692704332,0.3669000436240891,0.031772874353655944,,
absolute,linear_survival,4.7,9,2378,389309.0,0.5139928793063014,0.5483690333385565,0.034376154032255024,,
absolute,linear_survival,5.0,0,2379,2379.0,0.0380118996266845,0.011531819728541004,0.026480079898143494,,
absolute,linear_survival,5.0,1,2379,2379.0,0.06490864897256286,0.03281447202355947,0.03209417694900339,,
absolute,linear_survival,5.0,2,2379,2379.0,0.08925061838986514,0.09300911918876109,0.0037585007988959473,,
absolute,linear_survival,5.0,3,2379,2379.0,0.11398972515031906,0.09778158200788234,0.016208143142436723,,
absolute,linear_survival,5.0,4,2379,2379.0,0.14226169785489345,0.19869931898373527,0.05643762112884182,,
absolute,linear_survival,5.0,5,2379,2379.0,0.184091062126528,0.19358462025045575,0.009493558123927742,,
absolute,linear_survival,5.0,6,2378,2378.0,0.23490578129514786,0.34356602186711527,0.10866024057196741,,
absolute,linear_survival,5.0,7,2378,2378.0,0.29000908071159315,0.4116904962153066,0.12168141550371347,,
absolute,linear_survival,5.0,8,2378,2378.0,0.3695206468273216,0.32422203532380134,0.04529861150352027,,
absolute,linear_survival,5.0,9,2378,2378.0,0.5554395046814056,0.5428931875525651,0.012546317128840467,,
absolute,linear_survival,5.0,0,2379,1079909.0,0.037787361520269326,0.010426367608474152,0.027360993911795174,,
absolute,linear_survival,5.0,1,2379,752376.0,0.06478258829314001,0.024139996007718545,0.04064259228542147,,
absolute,linear_survival,5.0,2,2379,963400.0,0.08852747749260452,0.11787706740851644,0.029349589915911925,,
absolute,linear_survival,5.0,3,2379,993995.0,0.11356012942028479,0.11040695004431367,0.0031531793759711213,,
absolute,linear_survival,5.0,4,2379,942428.0,0.14268536770436613,0.2505461443969613,0.1078607766925952,,
absolute,linear_survival,5.0,5,2379,936914.0,0.18398227513863233,0.2508000654227067,0.06681779028407439,,
absolute,linear_survival,5.0,6,2378,913298.0,0.23331751532689185,0.38110999914595245,0.1477924838190606,,
absolute,linear_survival,5.0,7,2378,783463.0,0.28938878259712586,0.27460518237619347,0.014783600220932391,,
absolute,linear_survival,5.0,8,2378,558395.0,0.371164771666848,0.3863841904028511,0.015219418736003076,,
absolute,linear_survival,5.0,9,2378,389282.0,0.5694939830527398,0.5477622905759837,0.021731692476756104,,
absolute,linear_survival,5.5,0,2379,2379.0,0.044506079838067085,0.024033161738079456,0.02047291809998763,,
absolute,linear_survival,5.5,1,2379,2379.0,0.07466159614594542,0.036179717873706885,0.038481878272238534,,
absolute,linear_survival,5.5,2,2379,2379.0,0.10211899877800627,0.11614880523868631,0.014029806460680042,,
absolute,linear_survival,5.5,3,2379,2379.0,0.12916239764047602,0.10293199064233016,0.026230406998145855,,
absolute,linear_survival,5.5,4,2379,2379.0,0.15974918126488588,0.22850327630102496,0.06875409503613908,,
absolute,linear_survival,5.5,5,2379,2379.0,0.2020684797372739,0.20961057889954904,0.007542099162275134,,
absolute,linear_survival,5.5,6,2378,2378.0,0.25427271761710246,0.37231325964506445,0.11804054202796199,,
absolute,linear_survival,5.5,7,2378,2378.0,0.30802166339402004,0.45290159798149654,0.1448799345874765,,
absolute,linear_survival,5.5,8,2378,2378.0,0.38798399591821553,0.360386879730866,0.027597116187349502,,
absolute,linear_survival,5.5,9,2378,2378.0,0.5690659245173111,0.6295206055508831,0.06045468103357199,,
absolute,linear_survival,5.5,0,2379,1054506.0,0.0445293411593914,0.01824360509471723,0.026285736064674173,,
absolute,linear_survival,5.5,1,2379,769604.0,0.0753496197916,0.03767065359819877,0.037678966193401234,,
absolute,linear_survival,5.5,2,2379,928990.0,0.10181169390554659,0.13086973416279846,0.029058040257251866,,
absolute,linear_survival,5.5,3,2379,974282.0,0.128680184077991,0.14631128844002905,0.017631104362038047,,
absolute,linear_survival,5.5,4,2379,977243.0,0.1596891592343115,0.26838124115777373,0.10869208192346222,,
absolute,linear_survival,5.5,5,2379,930167.0,0.20231048250703285,0.25940770995993434,0.057097227452901494,,
absolute,linear_survival,5.5,6,2378,922143.0,0.25300420184634753,0.4054244976183998,0.1524202957720523,,
absolute,linear_survival,5.5,7,2378,781886.0,0.308153475290133,0.3302079842841541,0.022054508994021116,,
absolute,linear_survival,5.5,8,2378,579241.0,0.38754181925312636,0.4354267049466456,0.04788488569351923,,
absolute,linear_survival,5.5,9,2378,395398.0,0.5810837675558396,0.5878937172165768,0.0068099496607372245,,
absolute,linear_survival,6.25,0,2379,2379.0,0.05407202727652893,0.03243479240606151,0.021637234870467426,,
absolute,linear_survival,6.25,1,2379,2379.0,0.0891928638120145,0.03899272074293103,0.050200143069083464,,
absolute,linear_survival,6.25,2,2379,2379.0,0.12122114449290967,0.13045924892454375,0.009238104431634073,,
absolute,linear_survival,6.25,3,2379,2379.0,0.15184954579319737,0.12708512700308972,0.024764418790107656,,
absolute,linear_survival,6.25,4,2379,2379.0,0.1859431992771158,0.23661380863867,0.05067060936155418,,
absolute,linear_survival,6.25,5,2379,2379.0,0.22916532994805616,0.2627509888057442,0.03358565885768805,,
absolute,linear_survival,6.25,6,2378,2378.0,0.28318789605880873,0.4098922611302359,0.12670436507142718,,
absolute,linear_survival,6.25,7,2378,2378.0,0.3353784448721823,0.47897392767031055,0.14359548279812823,,
absolute,linear_survival,6.25,8,2378,2378.0,0.41585354390276463,0.38856181665264933,0.027291727250115305,,
absolute,linear_survival,6.25,9,2378,2378.0,0.5895807834188078,0.6984861227922624,0.10890533937345459,,
absolute,linear_survival,6.25,0,2379,980256.0,0.05338719436088739,0.026629399178446644,0.026757795182440744,,
absolute,linear_survival,6.25,1,2379,833564.0,0.09027413580816662,0.043486060104101276,0.046788075704065346,,
absolute,linear_survival,6.25,2,2379,905924.0,0.12200499884686514,0.15846033466800813,0.03645533582114299,,
absolute,linear_survival,6.25,3,2379,967235.0,0.15188986951841138,0.18491251220359672,0.033022642685185344,,
absolute,linear_survival,6.25,4,2379,975172.0,0.18603960893513305,0.28074357995570287,0.09470397102056982,,
absolute,linear_survival,6.25,5,2379,939838.0,0.23017564797054538,0.2899041956304287,0.05972854765988331,,
absolute,linear_survival,6.25,6,2378,900051.0,0.28261535717215047,0.4501926222858105,0.16757726511366,,
absolute,linear_survival,6.25,7,2378,818316.0,0.33693985854599223,0.3685788863959645,0.031639027849972245,,
absolute,linear_survival,6.25,8,2378,591274.0,0.41462579222021007,0.4363526892777292,0.021726897057519123,,
absolute,linear_survival,6.25,9,2378,401830.0,0.5998829058256355,0.6352512256426845,0.03536831981704902,,
absolute,linear_survival,7.5,0,2379,2379.0,0.0695709925983921,0.047904786825068824,0.021666205773323274,,
absolute,linear_survival,7.5,1,2379,2379.0,0.11346580574343863,0.07284006593271686,0.040625739810721775,,
absolute,linear_survival,7.5,2,2379,2379.0,0.15269775763810012,0.12084942084942119,0.03184833678867893,,
absolute,linear_survival,7.5,3,2379,2379.0,0.18938913453420722,0.20098622608882466,0.011597091554617439,,
absolute,linear_survival,7.5,4,2379,2379.0,0.22897410188065848,0.34646680548319897,0.1174927036025405,,
absolute,linear_survival,7.5,5,2379,2379.0,0.2748573543851345,0.34457381956757815,0.06971646518244368,,
absolute,linear_survival,7.5,6,2378,2378.0,0.3308390220742572,0.45943694196187435,0.12859791988761715,,
absolute,linear_survival,7.5,7,2378,2378.0,0.38198565490967074,0.5273428891397516,0.14535723423008085,,
absolute,linear_survival,7.5,8,2378,2378.0,0.46277603135716106,0.40750157167628154,0.05527445968087952,,
absolute,linear_survival,7.5,9,2378,2378.0,0.6239456338449488,0.7428614001046336,0.11891576625968481,,
absolute,linear_survival,7.5,0,2379,905402.0,0.06787419466913172,0.04414576313377949,0.02372843153535223,,
absolute,linear_survival,7.5,1,2379,829709.0,0.11371660724263706,0.0804415665172098,0.033275040725427266,,
absolute,linear_survival,7.5,2,2379,941440.0,0.15363154036700818,0.1618205225714302,0.008188982204422018,,
absolute,linear_survival,7.5,3,2379,930400.0,0.18988290294436763,0.2721526906087104,0.08226978766434276,,
absolute,linear_survival,7.5,4,2379,953463.0,0.22814299474415126,0.3480578920974574,0.11991489735330615,,
absolute,linear_survival,7.5,5,2379,992694.0,0.2760789513374925,0.40686677609935495,0.13078782476186246,,
absolute,linear_survival,7.5,6,2378,840359.0,0.3311907639770915,0.4587684504472428,0.12757768647015127,,
absolute,linear_survival,7.5,7,2378,836846.0,0.3828416540379428,0.4704358208381719,0.08759416680022913,,
absolute,linear_survival,7.5,8,2378,677001.0,0.4578741939239832,0.43192022653284823,0.02595396739113498,,
absolute,linear_survival,7.5,9,2378,406146.0,0.6338701699193695,0.702270038922027,0.06839986900265749,,
absolute,linear_survival,8.75,0,2379,2379.0,0.08485195897586968,0.05031041731312691,0.03454154166274277,,
absolute,linear_survival,8.75,1,2379,2379.0,0.13742243414698574,0.08931049630541077,0.04811193784157497,,
absolute,linear_survival,8.75,2,2379,2379.0,0.18410907391166614,0.14981998672832086,0.03428908718334528,,
absolute,linear_survival,8.75,3,2379,2379.0,0.22676935715481888,0.26882957442904376,0.042060217274224876,,
absolute,linear_survival,8.75,4,2379,2379.0,0.27076536945512025,0.3860586281609295,0.11529325870580925,,
absolute,linear_survival,8.75,5,2379,2379.0,0.3215366231430796,0.38979409002872056,0.06825746688564094,,
absolute,linear_survival,8.75,6,2378,2378.0,0.37760744163601345,0.4946577291711759,0.11705028753516244,,
absolute,linear_survival,8.75,7,2378,2378.0,0.4296405616788811,0.5564761381957928,0.12683557651691169,,
absolute,linear_survival,8.75,8,2378,2378.0,0.5101434492374604,0.46706875709553297,0.043074692141927384,,
absolute,linear_survival,8.75,9,2378,2378.0,0.6587123550408226,0.7398809983166063,0.08116864327578366,,
absolute,linear_survival,8.75,0,2379,884622.0,0.08315650976537922,0.04525378852195183,0.03790272124342739,,
absolute,linear_survival,8.75,1,2379,813220.0,0.1379594769637138,0.11371409044749681,0.024245386516216993,,
absolute,linear_survival,8.75,2,2379,939798.0,0.18536640473138563,0.222232687043871,0.03686628231248537,,
absolute,linear_survival,8.75,3,2379,898617.0,0.22729163056567248,0.2874117519745024,0.06012012140882994,,
absolute,linear_survival,8.75,4,2379,963808.0,0.26980213895367744,0.39284613067013086,0.12304399171645342,,
absolute,linear_survival,8.75,5,2379,952941.0,0.3216585421687462,0.4273430549789755,0.10568451281022934,,
absolute,linear_survival,8.75,6,2378,812354.0,0.37623216012501925,0.4691946113012181,0.09296245117619883,,
absolute,linear_survival,8.75,7,2378,903639.0,0.4302080926418672,0.5284977150649126,0.0982896224230454,,
absolute,linear_survival,8.75,8,2378,730754.0,0.5049987434066769,0.4780576294595077,0.02694111394716925,,
absolute,linear_survival,8.75,9,2378,413707.0,0.6680623700477483,0.6932530043267875,0.025190634279039226,,
absolute,linear_survival,9.5,0,2379,2379.0,0.09393510586945565,0.05109517192632984,0.04283993394312581,,
absolute,linear_survival,9.5,1,2379,2379.0,0.15169923123492024,0.0911355030118628,0.060563728223057445,,
absolute,linear_survival,9.5,2,2379,2379.0,0.20296846705651866,0.18555541691520605,0.017413050141312614,,
absolute,linear_survival,9.5,3,2379,2379.0,0.24907807749684563,0.27762956176800524,0.02855148427115961,,
absolute,linear_survival,9.5,4,2379,2379.0,0.295540212048405,0.39942847555596384,0.10388826350755881,,
absolute,linear_survival,9.5,5,2379,2379.0,0.34957218337540913,0.4030649427702274,0.05349275939481829,,
absolute,linear_survival,9.5,6,2378,2378.0,0.40537793966353625,0.51102465717953,0.1056467175159938,,
absolute,linear_survival,9.5,7,2378,2378.0,0.45852092827960567,0.5674040814780467,0.108883153198441,,
absolute,linear_survival,9.5,8,2378,2378.0,0.5388250285475382,0.4835170050324289,0.05530802351510933,,
absolute,linear_survival,9.5,9,2378,2378.0,0.6798759681135611,0.7336461422690452,0.05377017415548413,,
absolute,linear_survival,9.5,0,2379,859695.0,0.09158678919697129,0.05466414602811209,0.036922643168859196,,
absolute,linear_survival,9.5,1,2379,809468.0,0.15157396573800802,0.1168011921846619,0.034772773553346126,,
absolute,linear_survival,9.5,2,2379,933571.0,0.20359790293804197,0.23188146434487578,0.0282835614068338,,
absolute,linear_survival,9.5,3,2379,885647.0,0.24883366643301164,0.27407025606225044,0.025236589629238804,,
absolute,linear_survival,9.5,4,2379,979541.0,0.29433342299774995,0.42040521104867923,0.12607178805092928,,
absolute,linear_survival,9.5,5,2379,945970.0,0.3493178936244787,0.42139921862610596,0.07208132500162728,,
absolute,linear_survival,9.5,6,2378,796529.0,0.4043165726407276,0.4846737469316481,0.08035717429092049,,
absolute,linear_survival,9.5,7,2378,920669.0,0.459389992235408,0.544626878594973,0.08523688635956506,,
absolute,linear_survival,9.5,8,2378,752141.0,0.533138773348108,0.47848217421089356,0.054656599137214434,,
absolute,linear_survival,9.5,9,2378,430229.0,0.6865745187520642,0.6982479019161651,0.011673383164100937,,
absolute,linear_survival,10.0,0,2379,2379.0,0.09995514329536412,0.051517658492702845,0.048437484802661274,,
absolute,linear_survival,10.0,1,2379,2379.0,0.16119576182715048,0.12587737382641595,0.03531838800073453,,
absolute,linear_survival,10.0,2,2379,2379.0,0.21553498606626617,0.1961621125782601,0.019372873488006065,,
absolute,linear_survival,10.0,3,2379,2379.0,0.26390412133918895,0.2799362146945693,0.01603209335538036,,
absolute,linear_survival,10.0,4,2379,2379.0,0.31195626415840194,0.40701228099825293,0.09505601683985099,,
absolute,linear_survival,10.0,5,2379,2379.0,0.36823562800588205,0.42417747384848725,0.0559418458426052,,
absolute,linear_survival,10.0,6,2378,2378.0,0.4237496967336595,0.5127867671970805,0.08903707046342102,,
absolute,linear_survival,10.0,7,2378,2378.0,0.4779190024706216,0.5547254125294807,0.07680641005885913,,
absolute,linear_survival,10.0,8,2378,2378.0,0.5579438364721274,0.5076202111865825,0.050323625285544904,,
absolute,linear_survival,10.0,9,2378,2378.0,0.6942218117089234,0.7270084469960141,0.03278663528709069,,
absolute,linear_survival,10.0,0,2379,847660.0,0.09725920700085677,0.055323248563353356,0.04193595843750342,,
absolute,linear_survival,10.0,1,2379,809261.0,0.16082897060928342,0.12582535274395878,0.03500361786532463,,
absolute,linear_survival,10.0,2,2379,924635.0,0.21580490615723913,0.25016796672764985,0.03436306057041072,,
absolute,linear_survival,10.0,3,2379,882243.0,0.2632064899533993,0.2683240066211302,0.005117516667730915,,
absolute,linear_survival,10.0,4,2379,985926.0,0.31086549467835584,0.42890418047982093,0.11803868580146509,,
absolute,linear_survival,10.0,5,2379,933847.0,0.36757549615046176,0.42740423462866894,0.05982873847820719,,
absolute,linear_survival,10.0,6,2378,786799.0,0.42265984149140917,0.49647035408242035,0.07381051259101118,,
absolute,linear_survival,10.0,7,2378,943717.0,0.4789895288459608,0.5384940655251003,0.059504536679139464,,
absolute,linear_survival,10.0,8,2378,749079.0,0.5520023919929196,0.4847602623955669,0.06724212959735265,,
absolute,linear_survival,10.0,9,2378,450293.0,0.69764219833842,0.6908261903660755,0.0068160079723444955,,
absolute,linear_survival,11.0,0,2379,2379.0,0.1091650710622215,0.05276485461711855,0.056400216445102944,,
absolute,linear_survival,11.0,1,2379,2379.0,0.17549438008214632,0.15210222490902436,0.02339215517312196,,
absolute,linear_survival,11.0,2,2379,2379.0,0.2293291098858848,0.21344989284312188,0.015879217042762933,,
absolute,linear_survival,11.0,3,2379,2379.0,0.2769758923436052,0.2939540426434626,0.016978150299857386,,
absolute,linear_survival,11.0,4,2379,2379.0,0.32377732847997537,0.4091205851706802,0.0853432566907048,,
absolute,linear_survival,11.0,5,2379,2379.0,0.37944611571952497,0.4393886238630511,0.05994250814352614,,
absolute,linear_survival,11.0,6,2378,2378.0,0.4333615857311836,0.5124423838451819,0.07908079811399832,,
absolute,linear_survival,11.0,7,2378,2378.0,0.4866256806387098,0.5584524810765343,0.07182680043782452,,
absolute,linear_survival,11.0,8,2378,2378.0,0.5647727542287059,0.5130738871270576,0.05169886710164828,,
absolute,linear_survival,11.0,9,2378,2378.0,0.6975253861907468,0.7266100874174887,0.029084701226741894,,
absolute,linear_survival,11.0,0,2379,842844.0,0.10655077276453322,0.0616285411171017,0.04492223164743152,,
absolute,linear_survival,11.0,1,2379,833136.0,0.17586128363288936,0.16900326435777768,0.006858019275111676,,
absolute,linear_survival,11.0,2,2379,886595.0,0.22974944976800488,0.2516095292191989,0.021860079451194003,,
absolute,linear_survival,11.0,3,2379,882838.0,0.2754316279417542,0.29310972031988947,0.01767809237813528,,
absolute,linear_survival,11.0,4,2379,977200.0,0.32273042792198514,0.4439517877822733,0.12122135986028815,,
absolute,linear_survival,11.0,5,2379,959782.0,0.37898089520689854,0.44939678264021765,0.07041588743331911,,
absolute,linear_survival,11.0,6,2378,745278.0,0.43221579351880834,0.4903322677236496,0.05811647420484123,,
absolute,linear_survival,11.0,7,2378,953551.0,0.4865454279375674,0.5696475594907875,0.0831021315532201,,
absolute,linear_survival,11.0,8,2378,781940.0,0.5584848993606286,0.47694271596072924,0.08154218339989938,,
absolute,linear_survival,11.0,9,2378,450296.0,0.7013087634112288,0.7024775060172488,0.0011687426060199568,,
absolute,linear_survival,12.5,0,2379,2379.0,0.12208332653434578,0.07932709076762046,0.042756235766725326,,
absolute,linear_survival,12.5,1,2379,2379.0,0.19721603716443364,0.17897890648850867,0.018237130675924973,,
absolute,linear_survival,12.5,2,2379,2379.0,0.24978220376286786,0.24419206173888874,0.005590142023979117,,
absolute,linear_survival,12.5,3,2379,2379.0,0.29625345960009347,0.3277542285653908,0.031500768965297354,,
absolute,linear_survival,12.5,4,2379,2379.0,0.342207952950829,0.4398834112766765,0.09767545832584751,,
absolute,linear_survival,12.5,5,2379,2379.0,0.3963885647941176,0.47427157903815553,0.07788301424403793,,
absolute,linear_survival,12.5,6,2378,2378.0,0.4477835449305487,0.5425126472732427,0.09472910234269394,,
absolute,linear_survival,12.5,7,2378,2378.0,0.499831341435834,0.5622371740958776,0.06240583266004357,,
absolute,linear_survival,12.5,8,2378,2378.0,0.5749936445480931,0.5688782013324205,0.006115443215672589,,
absolute,linear_survival,12.5,9,2378,2378.0,0.7027189607034027,0.7518130481797429,0.049094087476340253,,
absolute,linear_survival,12.5,0,2379,825532.0,0.1189258376074053,0.0746089082029785,0.0443169294044268,,
absolute,linear_survival,12.5,1,2379,861335.0,0.19752136612910512,0.192750509153086,0.004770856976019117,,
absolute,linear_survival,12.5,2,2379,891442.0,0.2508074205867715,0.28084414964415716,0.030036729057385636,,
absolute,linear_survival,12.5,3,2379,837254.0,0.2945097125528226,0.3515328361270543,0.05702312357423173,,
absolute,linear_survival,12.5,4,2379,990440.0,0.3421025182756369,0.47204915050742324,0.12994663223178632,,
absolute,linear_survival,12.5,5,2379,956749.0,0.39637096844232994,0.48228262315910275,0.08591165471677281,,
absolute,linear_survival,12.5,6,2378,731020.0,0.4469931215944493,0.5132152313194175,0.06622210972496817,,
absolute,linear_survival,12.5,7,2378,960502.0,0.49995186357741395,0.5675282300297134,0.06757636645229947,,
absolute,linear_survival,12.5,8,2378,802403.0,0.5692255720648113,0.5090586925829854,0.06016687948182586,,
absolute,linear_survival,12.5,9,2378,456783.0,0.7058571122444686,0.7380937192075876,0.03223660696311903,,
absolute,linear_survival,15.0,0,2379,2379.0,0.142065259418946,0.15106044614241343,0.008995186723467441,,
absolute,linear_survival,15.0,1,2379,2379.0,0.23288299436870774,0.19974226804123674,0.033140726327471004,,
absolute,linear_survival,15.0,2,2379,2379.0,0.2836652715705565,0.24538890185848672,0.03827636971206977,,
absolute,linear_survival,15.0,3,2379,2379.0,0.32786770460574316,0.3235673908821559,0.004300313723587246,,
absolute,linear_survival,15.0,4,2379,2379.0,0.3742451898419969,0.46968407502286436,0.09543888518086746,,
absolute,linear_survival,15.0,5,2379,2379.0,0.42489990350313617,0.5140470589651933,0.08914715546205715,,
absolute,linear_survival,15.0,6,2378,2378.0,0.4721037618108908,0.5600152151414715,0.08791145333058065,,
absolute,linear_survival,15.0,7,2378,2378.0,0.522153366029063,0.5733518393171588,0.05119847328809579,,
absolute,linear_survival,15.0,8,2378,2378.0,0.5920400276482285,0.5799423638252608,0.01209766382296773,,
absolute,linear_survival,15.0,9,2378,2378.0,0.7119789537747874,0.7512878830823122,0.03930892930752483,,
absolute,linear_survival,15.0,0,2379,857792.0,0.14139797780168487,0.10050616055926864,0.04089181724241622,,
absolute,linear_survival,15.0,1,2379,851860.0,0.23461469931712978,0.2344490547976259,0.00016564451950387693,,
absolute,linear_survival,15.0,2,2379,884222.0,0.28481366634247335,0.27730366466472145,0.0075100016777518985,,
absolute,linear_survival,15.0,3,2379,801208.0,0.3277614605527617,0.36134823539686345,0.033586774844101774,,
absolute,linear_survival,15.0,4,2379,978922.0,0.37574335623851063,0.4791995103708555,0.10345615413234488,,
absolute,linear_survival,15.0,5,2379,890628.0,0.4242864000906251,0.5137810986019467,0.08949469851132152,,
absolute,linear_survival,15.0,6,2378,782983.0,0.4708036449020975,0.5666509955571983,0.09584735065510086,,
absolute,linear_survival,15.0,7,2378,983523.0,0.5236572825069911,0.5704804060831343,0.046823123576143266,,
absolute,linear_survival,15.0,8,2378,797771.0,0.5880803528481033,0.5282270498654529,0.05985330298265046,,
absolute,linear_survival,15.0,9,2378,484551.0,0.7118079553974194,0.731422875409165,0.019614920011745585,,
absolute,linear_survival,17.5,0,2379,2379.0,0.16028324062041016,0.1548597778105979,0.005423462809812263,,
absolute,linear_survival,17.5,1,2379,2379.0,0.2670903889537355,0.22951522951522962,0.03757515943850587,,
absolute,linear_survival,17.5,2,2379,2379.0,0.31677601061198724,0.25977683656607486,0.05699917404591237,,
absolute,linear_survival,17.5,3,2379,2379.0,0.3609207422786772,0.33335853245375113,0.027562209824926076,,
absolute,linear_survival,17.5,4,2379,2379.0,0.40667932276411733,0.47734646716719786,0.07066714440308053,,
absolute,linear_survival,17.5,5,2379,2379.0,0.45371037612392073,0.5471259001205339,0.09341552399661313,,
absolute,linear_survival,17.5,6,2378,2378.0,0.49713526196136887,0.618089819730125,0.12095455776875613,,
absolute,linear_survival,17.5,7,2378,2378.0,0.5448236433760982,0.5848554249842149,0.04003178160811671,,
absolute,linear_survival,17.5,8,2378,2378.0,0.6092842220233696,0.6053720284038279,0.0039121936195417595,,
absolute,linear_survival,17.5,9,2378,2378.0,0.7218434026048766,0.7522548844100821,0.030411481805205587,,
absolute,linear_survival,17.5,0,2379,869368.0,0.16090601621719158,0.11003026434744734,0.050875751869744246,,
absolute,linear_survival,17.5,1,2379,810371.0,0.26730508915227746,0.25193559231884755,0.015369496833429919,,
absolute,linear_survival,17.5,2,2379,888067.0,0.3154336447660442,0.2786260635332497,0.036807581232794484,,
absolute,linear_survival,17.5,3,2379,790627.0,0.3615742241564347,0.37762995655582077,0.01605573239938607,,
absolute,linear_survival,17.5,4,2379,923214.0,0.40676161680285017,0.49367282954939473,0.08691121274654456,,
absolute,linear_survival,17.5,5,2379,876636.0,0.4516081992497838,0.5326369113726939,0.08102871212291007,,
absolute,linear_survival,17.5,6,2378,841703.0,0.4965136248334886,0.5956219202416784,0.09910829540818977,,
absolute,linear_survival,17.5,7,2378,954425.0,0.5463986636705567,0.580075457905155,0.03367679423459835,,
absolute,linear_survival,17.5,8,2378,846748.0,0.606323946162616,0.6079684051741836,0.0016444590115676228,,
absolute,linear_survival,17.5,9,2378,512301.0,0.7195575952933932,0.7045259904116934,0.015031604881699856,,
absolute,linear_survival,19.0,0,2379,2379.0,0.17057363235116596,0.15781481355251836,0.012758818798647598,,
absolute,linear_survival,19.0,1,2379,2379.0,0.28674556274196716,0.23746249464209146,0.049283068099875704,,
absolute,linear_survival,19.0,2,2379,2379.0,0.336280880799658,0.26641918202001746,0.06986169877964055,,
absolute,linear_survival,19.0,3,2379,2379.0,0.38147691412900003,0.3322543724970407,0.04922254163195933,,
absolute,linear_survival,19.0,4,2379,2379.0,0.42614345040662605,0.476693145663147,0.05054969525652098,,
absolute,linear_survival,19.0,5,2379,2379.0,0.47107994894286975,0.550704879938827,0.07962493099595724,,
absolute,linear_survival,19.0,6,2378,2378.0,0.5125403637141617,0.6145566794151911,0.10201631570102943,,
absolute,linear_survival,19.0,7,2378,2378.0,0.5587069626015171,0.5878459358171375,0.029138973215620423,,
absolute,linear_survival,19.0,8,2378,2378.0,0.6197488575383515,0.6141467571858301,0.0056021003525214,,
absolute,linear_survival,19.0,9,2378,2378.0,0.7280369910715125,0.7574613545763895,0.029424363504876982,,
absolute,linear_survival,19.0,0,2379,889303.0,0.17324333170773054,0.11451237464651509,0.05873095706121545,,
absolute,linear_survival,19.0,1,2379,807779.0,0.28692979617867315,0.2618824931973548,0.025047302981318353,,
absolute,linear_survival,19.0,2,2379,883509.0,0.3359865380570611,0.2804757457571744,0.0555107922998867,,
absolute,linear_survival,19.0,3,2379,739172.0,0.3821676987688662,0.3649427863769438,0.01722491239192242,,
absolute,linear_survival,19.0,4,2379,921647.0,0.4251118127666337,0.5045874646035369,0.0794756518369032,,
absolute,linear_survival,19.0,5,2379,889312.0,0.47021549324466877,0.5350713066404654,0.06485581339579666,,
absolute,linear_survival,19.0,6,2378,843732.0,0.5134524088197905,0.583814059905829,0.07036165108603853,,
absolute,linear_survival,19.0,7,2378,945024.0,0.5609601127671225,0.6032873276823909,0.04232721491526836,,
absolute,linear_survival,19.0,8,2378,857514.0,0.618273298513681,0.5988141825786008,0.019459115935080207,,
absolute,linear_survival,19.0,9,2378,536468.0,0.7242170264640446,0.7159704938365286,0.008246532627516068,,
absolute,linear_survival,20.0,0,2379,2379.0,0.17720028724668688,0.1628805891100975,0.01431969813658937,,
absolute,linear_survival,20.0,1,2379,2379.0,0.29940320690352584,0.2405821917808214,0.058821015122704434,,
absolute,linear_survival,20.0,2,2379,2379.0,0.34939810538011673,0.26929552422387093,0.0801025811562458,,
absolute,linear_survival,20.0,3,2379,2379.0,0.3951446514901139,0.33606854386509266,0.059076107625021246,,
absolute,linear_survival,20.0,4,2379,2379.0,0.43917003935022925,0.4758491618291485,0.036679122478919246,,
absolute,linear_survival,20.0,5,2379,2379.0,0.48267460460295897,0.5641416843823932,0.08146707977943424,,
absolute,linear_survival,20.0,6,2378,2378.0,0.5230320327600606,0.601285954262065,0.07825392150200439,,
absolute,linear_survival,20.0,7,2378,2378.0,0.5680385617170154,0.5909079359450065,0.02286937422799107,,
absolute,linear_survival,20.0,8,2378,2378.0,0.6268346164426398,0.6170606512153815,0.009773965227258374,,
absolute,linear_survival,20.0,9,2378,2378.0,0.732295652781516,0.7657695542472667,0.03347390146575069,,
absolute,linear_survival,20.0,0,2379,895449.0,0.18076613913167133,0.12946586268170213,0.05130027644996921,,
absolute,linear_survival,20.0,1,2379,805484.0,0.29875597645858964,0.2509558468097015,0.047800129648888134,,
absolute,linear_survival,20.0,2,2379,884990.0,0.34966635408045704,0.30069399206810743,0.04897236201234961,,
absolute,linear_survival,20.0,3,2379,742386.0,0.39644965588456915,0.37442032704803463,0.022029328836534523,,
absolute,linear_survival,20.0,4,2379,881826.0,0.4382152586574271,0.5109401334701068,0.0727248748126797,,
absolute,linear_survival,20.0,5,2379,852008.0,0.48137852799553943,0.5389637651099319,0.05758523711439251,,
absolute,linear_survival,20.0,6,2378,862531.0,0.5230186443359539,0.5865434030410039,0.06352475870505003,,
absolute,linear_survival,20.0,7,2378,938633.0,0.5691601915053573,0.5822676768018347,0.013107485296477317,,
absolute,linear_survival,20.0,8,2378,890530.0,0.6250662882345427,0.6167818919113712,0.008284396323171461,,
absolute,linear_survival,20.0,9,2378,559623.0,0.7270653442504451,0.7106980949675049,0.0163672492829402,,
absolute,linear_survival,24.0,0,2379,2379.0,0.17823901355244012,0.16583754759071712,0.012401465961723007,,
absolute,linear_survival,24.0,1,2379,2379.0,0.30232772874591607,0.2547162259258682,0.04761150282004789,,
absolute,linear_survival,24.0,2,2379,2379.0,0.3528637845804556,0.2961058917875178,0.0567578927929378,,
absolute,linear_survival,24.0,3,2379,2379.0,0.3990223195357501,0.3591232752000387,0.0398990443357114,,
absolute,linear_survival,24.0,4,2379,2379.0,0.44323465949378643,0.4968141285779001,0.05357946908411365,,
absolute,linear_survival,24.0,5,2379,2379.0,0.48629553219094235,0.5776837497842999,0.09138821759335758,,
absolute,linear_survival,24.0,6,2378,2378.0,0.5265109276463245,0.5982433551025909,0.0717324274562664,,
absolute,linear_survival,24.0,7,2378,2378.0,0.5709735597152199,0.599870385438691,0.028896825723471076,,
absolute,linear_survival,24.0,8,2378,2378.0,0.6285120612492558,0.6296416314967177,0.001129570247461853,,
absolute,linear_survival,24.0,9,2378,2378.0,0.7329174797835084,0.7691337258200167,0.036216246036508304,,
absolute,linear_survival,24.0,0,2379,905021.0,0.1826613888596668,0.132301140848208,0.0503602480114588,,
absolute,linear_survival,24.0,1,2379,802698.0,0.3015405214075394,0.2727738569058602,0.028766664501679196,,
absolute,linear_survival,24.0,2,2379,888521.0,0.3531129364778781,0.32669482597423527,0.026418110503642844,,
absolute,linear_survival,24.0,3,2379,729650.0,0.3999918270086418,0.42699233765671496,0.027000510648073184,,
absolute,linear_survival,24.0,4,2379,882584.0,0.44169477173192323,0.5379579137171473,0.09626314198522407,,
absolute,linear_survival,24.0,5,2379,868664.0,0.48553521715310144,0.564180567255175,0.07864535010207352,,
absolute,linear_survival,24.0,6,2378,835801.0,0.5266754631275445,0.6012110723385564,0.07453560921101188,,
absolute,linear_survival,24.0,7,2378,936989.0,0.5718313261207068,0.6102708605865029,0.03843953446579618,,
absolute,linear_survival,24.0,8,2378,898696.0,0.627364847661805,0.6163414167949631,0.011023430866841877,,
absolute,linear_survival,24.0,9,2378,564836.0,0.7274199899599649,0.7343335056547389,0.006913515694773942,,
absolute,linear_survival,30.0,0,2379,2379.0,0.17976162360559658,0.1662596965273868,0.013501927078209769,,
absolute,linear_survival,30.0,1,2379,2379.0,0.3065807778942304,0.26917273762038396,0.03740804027384642,,
absolute,linear_survival,30.0,2,2379,2379.0,0.35803705495826194,0.3154937933100812,0.04254326164818073,,
absolute,linear_survival,30.0,3,2379,2379.0,0.404728907947238,0.3675470707041173,0.037181837243120686,,
absolute,linear_survival,30.0,4,2379,2379.0,0.4492805472655978,0.5149495759515662,0.06566902868596841,,
absolute,linear_survival,30.0,5,2379,2379.0,0.49178436336191145,0.5932756836650009,0.1014913203030895,,
absolute,linear_survival,30.0,6,2378,2378.0,0.5318028575464492,0.6073034857543603,0.07550062820791115,,
absolute,linear_survival,30.0,7,2378,2378.0,0.575453560274909,0.6277429662659428,0.05228940599103382,,
absolute,linear_survival,30.0,8,2378,2378.0,0.6311511275971251,0.6502544776621122,0.01910335006498709,,
absolute,linear_survival,30.0,9,2378,2378.0,0.7338743330764205,0.7645079899074854,0.030633656831064893,,
absolute,linear_survival,30.0,0,2379,922962.0,0.18577618350670047,0.13121339197115856,0.054562791535541916,,
absolute,linear_survival,30.0,1,2379,799203.0,0.30597011376650773,0.29708240763319715,0.00888770613331058,,
absolute,linear_survival,30.0,2,2379,880727.0,0.3581843056916424,0.3344761467855898,0.0237081589060526,,
absolute,linear_survival,30.0,3,2379,744882.0,0.4055284507049933,0.44776101816318803,0.0422325674581947,,
absolute,linear_survival,30.0,4,2379,889870.0,0.44832463390359983,0.5433261479559262,0.09500151405232632,,
absolute,linear_survival,30.0,5,2379,835839.0,0.4919409555649684,0.5885585727898468,0.09661761722487838,,
absolute,linear_survival,30.0,6,2378,829802.0,0.5317348618264189,0.6096423110712748,0.07790744924485582,,
absolute,linear_survival,30.0,7,2378,940373.0,0.5765478195160892,0.638339840913994,0.06179202139790474,,
absolute,linear_survival,30.0,8,2378,870894.0,0.6303690170495329,0.6646793338456636,0.034310316796130724,,
absolute,linear_survival,30.0,9,2378,598908.0,0.7254204726954695,0.6908857453899429,0.03453472730552665,,
absolute,linear_survival,40.0,0,2379,2379.0,0.18220885254879554,0.17065289354182922,0.011555959006966321,,
absolute,linear_survival,40.0,1,2379,2379.0,0.3133121487414204,0.2806073219958768,0.03270482674554359,,
absolute,linear_survival,40.0,2,2379,2379.0,0.36659261481543737,0.30807792202212236,0.058514692793315004,,
absolute,linear_survival,40.0,3,2379,2379.0,0.4140254620666927,0.3628935205248993,0.0511319415417934,,
absolute,linear_survival,40.0,4,2379,2379.0,0.4592970346869441,0.5215047139111133,0.0622076792241692,,
absolute,linear_survival,40.0,5,2379,2379.0,0.5009535424170816,0.6364706083118448,0.1355170658947632,,
absolute,linear_survival,40.0,6,2378,2378.0,0.5407018966047097,0.6209052125073382,0.08020331590262852,,
absolute,linear_survival,40.0,7,2378,2378.0,0.5831358438084261,0.6263041501595981,0.04316830635117197,,
absolute,linear_survival,40.0,8,2378,2378.0,0.6359357196754007,0.6521702929430042,0.01623457326760347,,
absolute,linear_survival,40.0,9,2378,2378.0,0.7355558392393481,0.7666105971404541,0.03105475790110601,,
absolute,linear_survival,40.0,0,2379,932463.0,0.18908662098478038,0.13912270359102408,0.0499639173937563,,
absolute,linear_survival,40.0,1,2379,811842.0,0.3121454121726241,0.295266643635413,0.016878768537211097,,
absolute,linear_survival,40.0,2,2379,859011.0,0.3661964838262179,0.3653611059249763,0.0008353779012416074,,
absolute,linear_survival,40.0,3,2379,803322.0,0.4145115608743068,0.4542673932717691,0.03975583239746233,,
absolute,linear_survival,40.0,4,2379,853489.0,0.4594745944374335,0.5492856360840228,0.08981104164658932,,
absolute,linear_survival,40.0,5,2379,817136.0,0.5020811673582959,0.6069516267552285,0.10487045939693262,,
absolute,linear_survival,40.0,6,2378,805840.0,0.5404158149036458,0.6238548558213552,0.08343904091770948,,
absolute,linear_survival,40.0,7,2378,934386.0,0.584149407113956,0.6515505457781766,0.0674011386642206,,
absolute,linear_survival,40.0,8,2378,864020.0,0.6362870898684637,0.654065857945658,0.01777876807719425,,
absolute,linear_survival,40.0,9,2378,631951.0,0.725566186712789,0.7112196989956501,0.014346487717138978,,
absolute,linear_survival,50.0,0,2379,2379.0,0.18455999695334774,0.1753274424564375,0.009232554496910239,,
absolute,linear_survival,50.0,1,2379,2379.0,0.31961602266722683,0.2839062467940725,0.035709775873154326,,
absolute,linear_survival,50.0,2,2379,2379.0,0.375036618228698,0.3106810234995102,0.06435559472918778,,
absolute,linear_survival,50.0,3,2379,2379.0,0.4231551595672978,0.36718266727978943,0.05597249228750839,,
absolute,linear_survival,50.0,4,2379,2379.0,0.4690925667679074,0.518442471224096,0.04934990445618864,,
absolute,linear_survival,50.0,5,2379,2379.0,0.5102510819979679,0.638557084832134,0.12830600283416616,,
absolute,linear_survival,50.0,6,2378,2378.0,0.5495444338097283,0.631495668738908,0.08195123492917966,,
absolute,linear_survival,50.0,7,2378,2378.0,0.5910727917728211,0.6116945981748122,0.020621806401991072,,
absolute,linear_survival,50.0,8,2378,2378.0,0.6412568458808352,0.6533152056681649,0.01205835978732972,,
absolute,linear_survival,50.0,9,2378,2378.0,0.7373976142289445,0.768713204373423,0.0313155901444786,,
absolute,linear_survival,50.0,0,2379,945562.0,0.19264960896294123,0.13779611761974653,0.0548534913431947,,
absolute,linear_survival,50.0,1,2379,825591.0,0.31839737099996684,0.32591067776834526,0.007513306768378414,,
absolute,linear_survival,50.0,2,2379,847085.0,0.3747175797679365,0.3548715953618471,0.019845984406089423,,
absolute,linear_survival,50.0,3,2379,800506.0,0.422281116692647,0.4583475656156377,0.03606644892299071,,
absolute,linear_survival,50.0,4,2379,857042.0,0.4691458428951543,0.5432922105345939,0.07414636763943955,,
absolute,linear_survival,50.0,5,2379,788524.0,0.5113882302623851,0.59293577753932,0.08154754727693492,,
absolute,linear_survival,50.0,6,2378,808363.0,0.5492419593731459,0.6402252067071266,0.09098324733398067,,
absolute,linear_survival,50.0,7,2378,895864.0,0.5915069039320285,0.6487471505426217,0.057240246610593126,,
absolute,linear_survival,50.0,8,2378,858716.0,0.6414351698745516,0.6489457257775051,0.007510555902953464,,
absolute,linear_survival,50.0,9,2378,686207.0,0.7251211987281547,0.722615770459934,0.002505428268220755,,
absolute,linear_survival,56.0,0,2379,2379.0,0.1859311964889174,0.1778610014620775,0.008070195026839894,,
absolute,linear_survival,56.0,1,2379,2379.0,0.32321993911830804,0.28354354358694167,0.03967639553136637,,
absolute,linear_survival,56.0,2,2379,2379.0,0.3799797870919013,0.3157428537767757,0.06423693331512559,,
absolute,linear_survival,56.0,3,2379,2379.0,0.42858325276543957,0.3626636909186546,0.06591956184678499,,
absolute,linear_survival,56.0,4,2379,2379.0,0.474919416263675,0.5175329034567502,0.04261348719307517,,
absolute,linear_survival,56.0,5,2379,2379.0,0.5158719899369343,0.6368703524756163,0.12099836253868201,,
absolute,linear_survival,56.0,6,2378,2378.0,0.5547699563087176,0.6373525712622866,0.082582614953569,,
absolute,linear_survival,56.0,7,2378,2378.0,0.5959376136107801,0.608247447195275,0.01230983358449489,,
absolute,linear_survival,56.0,8,2378,2378.0,0.644712895529403,0.6529957343800049,0.008282838850601881,,
absolute,linear_survival,56.0,9,2378,2378.0,0.7386157588854405,0.766610597140454,0.027994838255013477,,
absolute,linear_survival,56.0,0,2379,947684.0,0.19423036938124177,0.14049211455708166,0.053738254824160114,,
absolute,linear_survival,56.0,1,2379,859720.0,0.32248499676770676,0.3323761560998393,0.009891159332132526,,
absolute,linear_survival,56.0,2,2379,841204.0,0.3810077116522627,0.3430813785432786,0.037926333108984134,,
absolute,linear_survival,56.0,3,2379,799147.0,0.428197798419785,0.4637326264945274,0.0355348280747424,,
absolute,linear_survival,56.0,4,2379,834770.0,0.4755109021865481,0.5552602282952914,0.0797493261087433,,
absolute,linear_survival,56.0,5,2379,784712.0,0.5169737963098823,0.5902064517711889,0.07323265546130664,,
absolute,linear_survival,56.0,6,2378,802955.0,0.5548817917135291,0.6460946225958271,0.09121283088229792,,
absolute,linear_survival,56.0,7,2378,870714.0,0.5961727127528152,0.6443145901845553,0.04814187743174003,,
absolute,linear_survival,56.0,8,2378,841699.0,0.6443813447069915,0.6469668733152859,0.0025855286082944184,,
absolute,linear_survival,56.0,9,2378,730855.0,0.7247960057315084,0.7146096010836622,0.010186404647846148,,
absolute,linear_survival,60.0,0,2379,2379.0,0.186830992881011,0.17997295097247445,0.006858041908536533,,
absolute,linear_survival,60.0,1,2379,2379.0,0.32555187710373534,0.281711749577806,0.04384012752592936,,
absolute,linear_survival,60.0,2,2379,2379.0,0.3832433630587576,0.3190416141235817,0.06420174893517594,,
absolute,linear_survival,60.0,3,2379,2379.0,0.4321629072298667,0.36547158026110615,0.06669132696876057,,
absolute,linear_survival,60.0,4,2379,2379.0,0.4787467792226372,0.5193575915446943,0.0406108123220571,,
absolute,linear_survival,60.0,5,2379,2379.0,0.51962093084377,0.6288364070382861,0.1092154761945161,,
absolute,linear_survival,60.0,6,2378,2378.0,0.5582704863766759,0.6422671664370142,0.08399668006033834,,
absolute,linear_survival,60.0,7,2378,2378.0,0.5992067675432656,0.6090757702983287,0.009869002755063083,,
absolute,linear_survival,60.0,8,2378,2378.0,0.6471361418156342,0.6462065525354002,0.0009295892802340111,,
absolute,linear_survival,60.0,9,2378,2378.0,0.7394774317822318,0.7674516400336417,0.02797420825140995,,
absolute,linear_survival,60.0,0,2379,955162.0,0.19582139788273586,0.14680387726162902,0.04901752062110684,,
absolute,linear_survival,60.0,1,2379,861018.0,0.32489750368684733,0.32916068291691536,0.004263179230068026,,
absolute,linear_survival,60.0,2,2379,834793.0,0.3842073825477054,0.33837221303530207,0.04583516951240335,,
absolute,linear_survival,60.0,3,2379,815044.0,0.43153329725647777,0.4652958250778174,0.03376252782133965,,
absolute,linear_survival,60.0,4,2379,802120.0,0.47921253770196787,0.5631816349413032,0.08396909723933538,,
absolute,linear_survival,60.0,5,2379,777616.0,0.5195676315328991,0.5888061264670716,0.06923849493417256,,
absolute,linear_survival,60.0,6,2378,825886.0,0.5582655079990253,0.6478664334691622,0.08960092547013687,,
absolute,linear_survival,60.0,7,2378,862744.0,0.5996314145844539,0.6418568516332251,0.04222543704877124,,
absolute,linear_survival,60.0,8,2378,829637.0,0.6473031032286422,0.6392862302613049,0.008016872967337219,,
absolute,linear_survival,60.0,9,2378,749440.0,0.7256353855509633,0.7167004696840306,0.008934915866932736,,
absolute,linear_survival,72.0,0,2379,2379.0,0.18683354962449938,0.17997295097247445,0.00686059865202493,,
absolute,linear_survival,72.0,1,2379,2379.0,0.3255689475530104,0.2821385655508971,0.0434303820021133,,
absolute,linear_survival,72.0,2,2379,2379.0,0.3832714943741547,0.3186092595928667,0.06466223478128802,,
absolute,linear_survival,72.0,3,2379,2379.0,0.4321964171780327,0.36547158026110615,0.06672483691692654,,
absolute,linear_survival,72.0,4,2379,2379.0,0.47878574497458676,0.5193575915446943,0.04057184657010754,,
absolute,linear_survival,72.0,5,2379,2379.0,0.5196651798597006,0.6288364070382861,0.10917122717858552,,
absolute,linear_survival,72.0,6,2378,2378.0,0.5583160447089558,0.642690464752069,0.08437442004311324,,
absolute,linear_survival,72.0,7,2378,2378.0,0.5992472086059326,0.6086540535632264,0.009406844957293825,,
absolute,linear_survival,72.0,8,2378,2378.0,0.647171174959658,0.6462065525354002,0.0009646224242578771,,
absolute,linear_survival,72.0,9,2378,2378.0,0.7394975093136015,0.7674516400336417,0.02795413072004027,,
absolute,linear_survival,72.0,0,2379,955162.0,0.19582304070166207,0.14680387726162902,0.04901916344003304,,
absolute,linear_survival,72.0,1,2379,861122.0,0.324909995271482,0.3294371621636546,0.004527166892172585,,
absolute,linear_survival,72.0,2,2379,834689.0,0.3842284800888575,0.3380806450163184,0.04614783507253911,,
absolute,linear_survival,72.0,3,2379,815044.0,0.43155351927412233,0.4652958250778174,0.03374230580369508,,
absolute,linear_survival,72.0,4,2379,802120.0,0.4792382842247417,0.5631816349413032,0.08394335071656156,,
absolute,linear_survival,72.0,5,2379,777616.0,0.5195993066932696,0.5888061264670716,0.06920681977380205,,
absolute,linear_survival,72.0,6,2378,826027.0,0.5583007000892654,0.6479620296710761,0.08966132958181072,,
absolute,linear_survival,72.0,7,2378,862603.0,0.5996656958190331,0.6417643978844376,0.04209870206540456,,
absolute,linear_survival,72.0,8,2378,829637.0,0.6473358511113316,0.6392862302613049,0.008049620850026695,,
absolute,linear_survival,72.0,9,2378,749440.0,0.7256558949928607,0.7167004696840306,0.00895542530883009,,
absolute,linear_survival,90.0,0,2379,2379.0,0.18683738473973194,0.17997295097247445,0.006864433767257483,,
absolute,linear_survival,90.0,1,2379,2379.0,0.3255945478847006,0.2821385655508971,0.04345598233380349,,
absolute,linear_survival,90.0,2,2379,2379.0,0.3833136834799179,0.319041614123581,0.06427206935633689,,
absolute,linear_survival,90.0,3,2379,2379.0,0.43224669530983656,0.36505015415367426,0.0671965411561623,,
absolute,linear_survival,90.0,4,2379,2379.0,0.478844193602511,0.5193575915446943,0.04051339794218328,,
absolute,linear_survival,90.0,5,2379,2379.0,0.5197315447116492,0.6288356630652565,0.10910411835360734,,
absolute,linear_survival,90.0,6,2378,2378.0,0.558384231504254,0.642270104001883,0.08388587249762902,,
absolute,linear_survival,90.0,7,2378,2378.0,0.5993080295786491,0.6090757702983285,0.009767740719679341,,
absolute,linear_survival,90.0,8,2378,2378.0,0.6472237207063668,0.6462065525353999,0.0010171681709668645,,
absolute,linear_survival,90.0,9,2378,2378.0,0.7395276295799831,0.7674516400336415,0.027924010453658443,,
absolute,linear_survival,90.0,0,2379,955162.0,0.1958255049300515,0.14680387726162902,0.04902162766842247,,
absolute,linear_survival,90.0,1,2379,861122.0,0.32492304190216725,0.3294371621636546,0.004514120261487342,,
absolute,linear_survival,90.0,2,2379,834565.0,0.3842514791864463,0.33819679035832995,0.046054688828116364,,
absolute,linear_survival,90.0,3,2379,815168.0,0.43158016791400977,0.4651611360128014,0.03358096809879163,,
absolute,linear_survival,90.0,4,2379,802120.0,0.4792769040089024,0.5631816349413032,0.08390473093240086,,
absolute,linear_survival,90.0,5,2379,777611.0,0.5196466936621793,0.5888033869203168,0.06915669325813745,,
absolute,linear_survival,90.0,6,2378,827655.0,0.5583853147808632,0.6466436045974392,0.08825828981657602,,
absolute,linear_survival,90.0,7,2378,860980.0,0.5997542232262189,0.6430246317197996,0.04327040849358077,,
absolute,linear_survival,90.0,8,2378,829633.0,0.6473848298985838,0.6392844911126943,0.00810033878588956,,
absolute,linear_survival,90.0,9,2378,749444.0,0.7256863995783266,0.7167019817357931,0.008984417842533454,,
absolute,linear_survival,120.0,0,2379,2379.0,0.18684377659845286,0.17997295097247445,0.006870825625978405,,
absolute,linear_survival,120.0,1,2379,2379.0,0.32563721510418425,0.2821385655508971,0.04349864955328714,,
absolute,linear_survival,120.0,2,2379,2379.0,0.383383929783883,0.319041614123581,0.06434231566030202,,
absolute,linear_survival,120.0,3,2379,2379.0,0.43233050024331954,0.3654661145438026,0.06686438569951692,,
absolute,linear_survival,120.0,4,2379,2379.0,0.4789416688075487,0.5189478608728794,0.04000619206533068,,
absolute,linear_survival,120.0,5,2379,2379.0,0.5198420665763301,0.6284138061755948,0.1085717395992647,,
absolute,linear_survival,120.0,6,2378,2378.0,0.5584976262154845,0.6431199148169598,0.08462228860147536,,
absolute,linear_survival,120.0,7,2378,2378.0,0.5994097340722677,0.6086485046513317,0.00923877057906397,,
absolute,linear_survival,120.0,8,2378,2378.0,0.6473112391052124,0.6466306562890587,0.0006805828161536853,,
absolute,linear_survival,120.0,9,2378,2378.0,0.7395778878696214,0.7670311185870478,0.027453230717426336,,
absolute,linear_survival,120.0,0,2379,955162.0,0.1958296119773671,0.14680387726162902,0.04902573471573807,,
absolute,linear_survival,120.0,1,2379,861122.0,0.32494478628664275,0.3294371621636546,0.004492375877011845,,
absolute,linear_survival,120.0,2,2379,835072.0,0.3843095328477954,0.3379848911246123,0.046324641723183124,,
absolute,linear_survival,120.0,3,2379,814689.0,0.4316466933419883,0.4655612420459547,0.03391454870396643,,
absolute,linear_survival,120.0,4,2379,802092.0,0.47934205893268444,0.5630741211427741,0.08373206221008966,,
absolute,linear_survival,120.0,5,2379,777614.0,0.5197259435480133,0.5887352641685513,0.069009320620538,,
absolute,linear_survival,120.0,6,2378,828648.0,0.5584876836116509,0.6472327013692708,0.08874501775761989,,
absolute,linear_survival,120.0,7,2378,859984.0,0.5998570904644973,0.6424872347053776,0.0426301442408803,,
absolute,linear_survival,120.0,8,2378,829371.0,0.6474573439040062,0.6395116410396058,0.007945702864400439,,
absolute,linear_survival,120.0,9,2378,749706.0,0.7257206698172854,0.7164248385367065,0.009295831280578981,,
absolute,linear_survival,150.0,0,2379,2379.0,0.18685016845717378,0.17997295097247445,0.006877217484699327,,
absolute,linear_survival,150.0,1,2379,2379.0,0.3256798759997949,0.28171174957780587,0.04396812642198905,,
absolute,linear_survival,150.0,2,2379,2379.0,0.3834541630223805,0.319473968654297,0.0639801943680835,,
absolute,linear_survival,150.0,3,2379,2379.0,0.4324141941753338,0.3663086588343093,0.06610553534102448,,
absolute,linear_survival,150.0,4,2379,2379.0,0.479039177216077,0.5185257030756212,0.03948652585954421,,
absolute,linear_survival,150.0,5,2379,2379.0,0.5199525541241341,0.6284138061755948,0.10846125205146073,,
absolute,linear_survival,150.0,6,2378,2378.0,0.5586109642283759,0.6426934041577878,0.08408243992941189,,
absolute,linear_survival,150.0,7,2378,2378.0,0.5995115960715955,0.6086504037311343,0.009138807659538783,,
absolute,linear_survival,150.0,8,2378,2378.0,0.6473987399924469,0.6466306562890587,0.0007680837033882115,,
absolute,linear_survival,150.0,9,2378,2378.0,0.7396281944229965,0.7670311185870478,0.027402924164051212,,
absolute,linear_survival,150.0,0,2379,955162.0,0.19583371902468272,0.14680387726162902,0.049029841763053694,,
absolute,linear_survival,150.0,1,2379,861093.0,0.324965470144337,0.32937241399276385,0.004406943848426825,,
absolute,linear_survival,150.0,2,2379,835041.0,0.38435091615735617,0.3380781740844162,0.046272742072939965,,
absolute,linear_survival,150.0,3,2379,815379.0,0.4317150687015381,0.4660933664321548,0.034378297730616736,,
absolute,linear_survival,150.0,4,2379,801454.0,0.4794238109642368,0.562632923899266,0.0832091129350292,,
absolute,linear_survival,150.0,5,2379,777570.0,0.5198035980011603,0.5887273518123616,0.0689237538112013,,
absolute,linear_survival,150.0,6,2378,828719.0,0.5585665254053157,0.6471775876679959,0.08861106226268023,,
absolute,linear_survival,150.0,7,2378,859882.0,0.5999323366993906,0.6424516153289166,0.04251927862952598,,
absolute,linear_survival,150.0,8,2378,829454.0,0.647536576501985,0.6395477136051653,0.00798886289681977,,
absolute,linear_survival,150.0,9,2378,749706.0,0.7257719935628147,0.7164248385367065,0.009347155026108278,,
absolute,linear_survival,168.0,0,2379,2379.0,0.18685400357240636,0.17997295097247445,0.006881052599931908,,
absolute,linear_survival,168.0,1,2379,2379.0,0.3257054667102543,0.28171174957780587,0.04399371713244843,,
absolute,linear_survival,168.0,2,2379,2379.0,0.3834962969811628,0.319473968654297,0.06402232832686577,,
absolute,linear_survival,168.0,3,2379,2379.0,0.43246437451217934,0.3663086588343093,0.06615571567787004,,
absolute,linear_survival,168.0,4,2379,2379.0,0.4790977268046921,0.5185237675127856,0.039426040708093524,,
absolute,linear_survival,168.0,5,2379,2379.0,0.5200186963942829,0.6275693083173995,0.10755061192311666,,
absolute,linear_survival,168.0,6,2378,2378.0,0.5586790799219109,0.6435434932375068,0.08486441331559591,,
absolute,linear_survival,168.0,7,2378,2378.0,0.5995727266328423,0.6086517085081411,0.009078981875298764,,
absolute,linear_survival,168.0,8,2378,2378.0,0.6474512442284602,0.6466223444665009,0.000828899761959323,,
absolute,linear_survival,168.0,9,2378,2378.0,0.739658402017091,0.7670311185870478,0.027372716569956768,,
absolute,linear_survival,168.0,0,2379,955162.0,0.19583618325307206,0.14680387726162902,0.04903230599144304,,
absolute,linear_survival,168.0,1,2379,861093.0,0.3249785151779209,0.32937241399276385,0.0043938988148429226,,
absolute,linear_survival,168.0,2,2379,835041.0,0.3843773232815446,0.3380781740844162,0.04629914919712841,,
absolute,linear_survival,168.0,3,2379,815379.0,0.4317453818176891,0.4660933664321548,0.0343479846144657,,
absolute,linear_survival,168.0,4,2379,801461.0,0.4794626571839143,0.5626359667739322,0.08317330959001795,,
absolute,linear_survival,168.0,5,2379,777676.0,0.5198540951218638,0.5886407501055699,0.06878665498370617,,
absolute,linear_survival,168.0,6,2378,828606.0,0.5586169222760681,0.647264850142105,0.08864792786603692,,
absolute,linear_survival,168.0,7,2378,860723.0,0.5999994766675499,0.6428087728278977,0.04280929616034779,,
absolute,linear_survival,168.0,8,2378,828883.0,0.6476218023543994,0.639293583565447,0.008328218788952402,,
absolute,linear_survival,168.0,9,2378,749436.0,0.7258202866502058,0.7163226746513378,0.009497611998868005,,
absolute,linear_survival,180.0,0,2379,2379.0,0.18685656015154561,0.17997295097247445,0.0068836091790711595,,
absolute,linear_survival,180.0,1,2379,2379.0,0.3257225271201357,0.28171174957780587,0.04401077754232985,,
absolute,linear_survival,180.0,2,2379,2379.0,0.38352438542987927,0.31904161412358123,0.06448277130629804,,
absolute,linear_survival,180.0,3,2379,2379.0,0.4324978286242056,0.3667319599790232,0.06576586864518241,,
absolute,linear_survival,180.0,4,2379,2379.0,0.4791367245205293,0.5193719555211871,0.04023523100065779,,
absolute,linear_survival,180.0,5,2379,2379.0,0.5200628002234251,0.6262998957995705,0.10623709557614536,,
absolute,linear_survival,180.0,6,2378,2378.0,0.5587245027546153,0.643543765053296,0.08481926229868075,,
absolute,linear_survival,180.0,7,2378,2378.0,0.5996134837820212,0.609495138857502,0.009881655075480777,,
absolute,linear_survival,180.0,8,2378,2378.0,0.6474862152269243,0.6466223444665009,0.0008638707604233797,,
absolute,linear_survival,180.0,9,2378,2378.0,0.7396785830214869,0.7666105971404542,0.026932014118967285,,
absolute,linear_survival,180.0,0,2379,955162.0,0.19583782560349564,0.14680387726162902,0.04903394834186661,,
absolute,linear_survival,180.0,1,2379,861093.0,0.32498721251984986,0.32937241399276385,0.004385201472913991,,
absolute,linear_survival,180.0,2,2379,834992.0,0.38439356993105445,0.3379948255230265,0.04639874440802794,,
absolute,linear_survival,180.0,3,2379,815428.0,0.43176413505771416,0.46616848931989974,0.03440435426218558,,
absolute,linear_survival,180.0,4,2379,801142.0,0.47948020842981043,0.5630877955873584,0.08360758715754801,,
absolute,linear_survival,180.0,5,2379,777905.0,0.5198753804877879,0.5881089002311392,0.06823351974335123,,
absolute,linear_survival,180.0,6,2378,833540.0,0.5587556758050792,0.6433475767744139,0.08459190096933467,,
absolute,linear_survival,180.0,7,2378,856316.0,0.6001692089354126,0.6469304784798612,0.04676126954444859,,
absolute,linear_survival,180.0,8,2378,828378.0,0.64766586668072,0.6391572485605144,0.008508618120205647,,
absolute,linear_survival,180.0,9,2378,749504.0,0.7258364292186563,0.7161482793954401,0.009688149823216197,,
absolute,linear_survival,222.0,0,2379,2379.0,0.1868601393086866,0.17997295097247445,0.006887188336212158,,
absolute,linear_survival,222.0,1,2379,2379.0,0.32574240773031643,0.2812844417513555,0.044457965978960956,,
absolute,linear_survival,222.0,2,2379,2379.0,0.3835557325043504,0.31947396865429634,0.06408176385005404,,
absolute,linear_survival,222.0,3,2379,2379.0,0.4325347619992741,0.3671552613026833,0.06537950069659082,,
absolute,linear_survival,222.0,4,2379,2379.0,0.4791792979458627,0.5189467701585477,0.03976747221268501,,
absolute,linear_survival,222.0,5,2379,2379.0,0.5201109922758467,0.6262998957995705,0.10618890352372379,,
absolute,linear_survival,222.0,6,2378,2378.0,0.5587746651812698,0.6431172510609855,0.08434258587971566,,
absolute,linear_survival,222.0,7,2378,2378.0,0.5996590684783786,0.6095006909042773,0.0098416224258987,,
absolute,linear_survival,222.0,8,2378,2378.0,0.6475251791302441,0.64704645027245,0.00047872885779409735,,
absolute,linear_survival,222.0,9,2378,2378.0,0.7397009639320656,0.7666105971404542,0.026909633208388573,,
absolute,linear_survival,222.0,0,2379,955162.0,0.19583978711277916,0.14680387726162902,0.04903590985115014,,
absolute,linear_survival,222.0,1,2379,861227.0,0.3250017202877467,0.32930451772395886,0.004302797436212147,,
absolute,linear_survival,222.0,2,2379,834858.0,0.3844166909004188,0.33806811847843377,0.046348572421985035,,
absolute,linear_survival,222.0,3,2379,821786.0,0.43198217697417307,0.4703569790336828,0.038374802059509716,,
absolute,linear_survival,222.0,4,2379,794784.0,0.4796848544577718,0.5594356427651013,0.07975078830732946,,
absolute,linear_survival,222.0,5,2379,778429.0,0.5199213377507429,0.5877104447051048,0.06778910695436191,,
absolute,linear_survival,222.0,6,2378,833259.0,0.5588057776226512,0.6432892504021582,0.08448347277950707,,
absolute,linear_survival,222.0,7,2378,856063.0,0.60020750063009,0.6473043783448393,0.04709687771474935,,
absolute,linear_survival,222.0,8,2378,828388.0,0.6477000713272895,0.6392500083161119,0.008450063011177567,,
absolute,linear_survival,222.0,9,2378,749504.0,0.7258579388716239,0.7161482793954401,0.00970965947618374,,
absolute,linear_survival,285.0,0,2379,2379.0,0.18686550804439808,0.17997295097247445,0.006892557071923627,,
absolute,linear_survival,285.0,1,2379,2379.0,0.3257722283324355,0.2812844417513555,0.04448778658108005,,
absolute,linear_survival,285.0,2,2379,2379.0,0.38360275342920924,0.31947396865429634,0.0641287847749129,,
absolute,linear_survival,285.0,3,2379,2379.0,0.432590156372087,0.3671552613026833,0.0654348950694037,,
absolute,linear_survival,285.0,4,2379,2379.0,0.47924313806623475,0.5185207394877569,0.039277601421522146,,
absolute,linear_survival,285.0,5,2379,2379.0,0.5201831890047875,0.6271466664206631,0.10696347741587553,,
absolute,linear_survival,285.0,6,2378,2378.0,0.5588499937259374,0.6422655242275764,0.08341553050163908,,
absolute,linear_survival,285.0,7,2378,2378.0,0.5997274139576343,0.609928869971268,0.010201456013633758,,
absolute,linear_survival,285.0,8,2378,2378.0,0.647583688752153,0.6470464502724498,0.000537238479703217,,
absolute,linear_survival,285.0,9,2378,2378.0,0.7397345352979341,0.7666105971404542,0.026876061842520116,,
absolute,linear_survival,285.0,0,2379,955162.0,0.19584272937670438,0.14680387726162902,0.04903885211507536,,
absolute,linear_survival,285.0,1,2379,861227.0,0.32501613315552613,0.32930451772395886,0.004288384568432724,,
absolute,linear_survival,285.0,2,2379,834858.0,0.3844446506046767,0.33806811847843377,0.04637653212624293,,
absolute,linear_survival,285.0,3,2379,821786.0,0.4320140609273651,0.4703569790336828,0.03834291810631768,,
absolute,linear_survival,285.0,4,2379,794835.0,0.47972576931822747,0.5594094679537689,0.07968369863554142,,
absolute,linear_survival,285.0,5,2379,778010.0,0.5199624233136132,0.5880492363878029,0.06808681307418973,,
absolute,linear_survival,285.0,6,2378,833527.0,0.5588438844250908,0.6427625949493281,0.08391871052423727,,
absolute,linear_survival,285.0,7,2378,856147.0,0.6002525899960655,0.6475084450241044,0.04725585502803897,,
absolute,linear_survival,285.0,8,2378,828404.0,0.6477513549236645,0.6392569759307859,0.008494378992878637,,
absolute,linear_survival,285.0,9,2378,749504.0,0.7258902033510751,0.7161482793954401,0.009741923955635001,,
absolute,linear_survival,390.0,0,2379,2379.0,0.1868744559372505,0.17997295097247445,0.00690150496477604,,
absolute,linear_survival,390.0,1,2379,2379.0,0.3258219106294132,0.2812844417513555,0.04453746887805771,,
absolute,linear_survival,390.0,2,2379,2379.0,0.3836811366046752,0.31947396865429634,0.06420716795037884,,
absolute,linear_survival,390.0,3,2379,2379.0,0.43268245557983015,0.3671552613026833,0.06552719427714687,,
absolute,linear_survival,390.0,4,2379,2379.0,0.4793494137242998,0.51894180348771,0.03959238976341023,,
absolute,linear_survival,390.0,5,2379,2379.0,0.5203034526415541,0.6275700979677511,0.10726664532619701,,
absolute,linear_survival,390.0,6,2378,2378.0,0.5589756277778226,0.6414183930578363,0.08244276528001371,,
absolute,linear_survival,390.0,7,2378,2378.0,0.5998413796001192,0.6099275675113024,0.010086187911183209,,
absolute,linear_survival,390.0,8,2378,2378.0,0.6476811849204742,0.6466306562890587,0.001050528631415526,,
absolute,linear_survival,390.0,9,2378,2378.0,0.7397905818195989,0.767031118587048,0.027240536767449086,,
absolute,linear_survival,390.0,0,2379,955162.0,0.19584763314991316,0.14680387726162902,0.049043755888284135,,
absolute,linear_survival,390.0,1,2379,861375.0,0.32504556185577904,0.3292476187300142,0.004202056874235138,,
absolute,linear_survival,390.0,2,2379,834703.0,0.3844960156892092,0.338132905191987,0.04636311049722219,,
absolute,linear_survival,390.0,3,2379,821702.0,0.432064172421117,0.47040511342763114,0.03834094100651414,,
absolute,linear_survival,390.0,4,2379,794858.0,0.4797874404436783,0.5595184804911768,0.07973104004749848,,
absolute,linear_survival,390.0,5,2379,778286.0,0.5200477190783896,0.5881093931578509,0.06806167407946129,,
absolute,linear_survival,390.0,6,2378,833284.0,0.558929320146118,0.6425384563881158,0.08360913624199784,,
absolute,linear_survival,390.0,7,2378,855500.0,0.600314872045827,0.6469450427726473,0.0466301707268203,,
absolute,linear_survival,390.0,8,2378,829122.0,0.6478174687812145,0.6397530541848601,0.00806441459635443,,
absolute,linear_survival,390.0,9,2378,749468.0,0.7259463308229083,0.7162654042600884,0.009680926562819825,,
absolute,linear_survival,495.0,0,2379,2379.0,0.1868834038301029,0.17997295097247445,0.006910452857628452,,
absolute,linear_survival,495.0,1,2379,2379.0,0.325871572264098,0.2812844417513555,0.044587130512742545,,
absolute,linear_survival,495.0,2,2379,2379.0,0.38375946728527927,0.3194739686542962,0.06428549863098304,,
absolute,linear_survival,495.0,3,2379,2379.0,0.4327747980278785,0.3671574371415063,0.06561736088637221,,
absolute,linear_survival,495.0,4,2379,2379.0,0.47945548611246813,0.5193639616210004,0.03990847550853227,,
absolute,linear_survival,495.0,5,2379,2379.0,0.520423717880512,0.6271490354481122,0.10672531756760018,,
absolute,linear_survival,495.0,6,2378,2378.0,0.55910126705779,0.6414181199587128,0.08231685290092283,,
absolute,linear_survival,495.0,7,2378,2378.0,0.5999554323245546,0.6103492963606758,0.010393864036121192,,
absolute,linear_survival,495.0,8,2378,2378.0,0.6477787923742772,0.6466306562890588,0.0011481360852183542,,
absolute,linear_survival,495.0,9,2378,2378.0,0.7398466564276908,0.7666105971404541,0.026763940712763334,,
absolute,linear_survival,495.0,0,2379,955162.0,0.1958525369231219,0.14680387726162902,0.04904865966149288,,
absolute,linear_survival,495.0,1,2379,861375.0,0.3250695777854811,0.3292476187300142,0.004178040944533057,,
absolute,linear_survival,495.0,2,2379,835007.0,0.3845510629139078,0.33838159578629967,0.04616946712760811,,
absolute,linear_survival,495.0,3,2379,821362.0,0.4321251755268131,0.47022978565174944,0.03810461012493632,,
absolute,linear_survival,495.0,4,2379,795046.0,0.47985633477598416,0.5594598213807462,0.07960348660476207,,
absolute,linear_survival,495.0,5,2379,778216.0,0.5201354276520076,0.588182331796733,0.06804690414472536,,
absolute,linear_survival,495.0,6,2378,833087.0,0.5590100314154595,0.6427296597105744,0.08371962829511492,,
absolute,linear_survival,495.0,7,2378,855606.0,0.6003918554545171,0.6471019907652952,0.046710135310778056,,
absolute,linear_survival,495.0,8,2378,830206.0,0.6479417011070778,0.6399080451950175,0.008033655912060289,,
absolute,linear_survival,495.0,9,2378,748393.0,0.7260699814236331,0.7157830177460238,0.010286963677609284,,
absolute,linear_survival,558.0,0,2379,2379.0,0.18688877256581438,0.17997295097247445,0.006915821593339921,,
absolute,linear_survival,558.0,1,2379,2379.0,0.32590136355854693,0.2817112574259505,0.04419010613259644,,
absolute,linear_survival,558.0,2,2379,2379.0,0.38380642872669335,0.31904161412358123,0.06476481460311212,,
absolute,linear_survival,558.0,3,2379,2379.0,0.4328302423846059,0.3671574371415063,0.0656728052430996,,
absolute,linear_survival,558.0,4,2379,2379.0,0.4795189612626228,0.5193650543307637,0.039846093068140964,,
absolute,linear_survival,558.0,5,2379,2379.0,0.5204959226475077,0.6275708867479639,0.10707496410045625,,
absolute,linear_survival,558.0,6,2378,2378.0,0.5591766924562431,0.640994830172585,0.08181813771634183,,
absolute,linear_survival,558.0,7,2378,2378.0,0.6000237185235532,0.6111927602702822,0.011169041746729058,,
absolute,linear_survival,558.0,8,2378,2378.0,0.6478375839362565,0.6457824550964164,0.002055128839840048,,
absolute,linear_survival,558.0,9,2378,2378.0,0.7398803041857401,0.7666105971404541,0.026730292954713963,,
absolute,linear_survival,558.0,0,2379,955162.0,0.19585547918704713,0.14680387726162902,0.049051601925418103,,
absolute,linear_survival,558.0,1,2379,861268.0,0.32508005826845204,0.32936464314708647,0.004284584878634423,,
absolute,linear_survival,558.0,2,2379,835114.0,0.38457543783928644,0.3382565263468057,0.04631891149248074,,
absolute,linear_survival,558.0,3,2379,821362.0,0.4321570428309505,0.47022978565174944,0.03807274282079892,,
absolute,linear_survival,558.0,4,2379,795186.0,0.4798995130341009,0.5594116903437489,0.07951217730964805,,
absolute,linear_survival,558.0,5,2379,778133.0,0.5201895007133107,0.5884336040177992,0.06824410330448849,,
absolute,linear_survival,558.0,6,2378,832621.0,0.5590509088575841,0.642868387030942,0.08381747817335783,,
absolute,linear_survival,558.0,7,2378,856378.0,0.600438214988738,0.6470749095169186,0.046636694528180644,,
absolute,linear_survival,558.0,8,2378,829843.0,0.6480050562350158,0.6396102980548228,0.008394758180192974,,
absolute,linear_survival,558.0,9,2378,748393.0,0.7261022887809507,0.7157830177460238,0.010319271034926913,,
absolute,linear_survival,600.0,0,2379,2379.0,0.1868923516423637,0.17997295097247445,0.006919400669889247,,
absolute,linear_survival,600.0,1,2379,2379.0,0.3259212218159823,0.2817112574259505,0.04420996439003183,,
absolute,linear_survival,600.0,2,2379,2379.0,0.38383773536832816,0.3186092595928659,0.06522847577546226,,
absolute,linear_survival,600.0,3,2379,2379.0,0.4328672088550927,0.36758073718907447,0.06528647166601825,,
absolute,linear_survival,600.0,4,2379,2379.0,0.4795612702875308,0.5193650543307637,0.039803784043232926,,
absolute,linear_survival,600.0,5,2379,2379.0,0.5205440462657671,0.6279942715597273,0.1074502252939602,,
absolute,linear_survival,600.0,6,2378,2378.0,0.5592269289448827,0.6401455422767488,0.08091861333186612,,
absolute,linear_survival,600.0,7,2378,2378.0,0.6000693074213728,0.6116163919151751,0.011547084493802373,,
absolute,linear_survival,600.0,8,2378,2378.0,0.6478767813455322,0.6457824550964164,0.0020943262491157633,,
absolute,linear_survival,600.0,9,2378,2378.0,0.7399027360411063,0.7666105971404541,0.02670786109934775,,
absolute,linear_survival,600.0,0,2379,955162.0,0.1958574413665709,0.14680387726162902,0.04905356410494188,,
absolute,linear_survival,600.0,1,2379,861268.0,0.32508966021470653,0.32936464314708647,0.004274982932379934,,
absolute,linear_survival,600.0,2,2379,835865.0,0.3846149681662808,0.3378762286041178,0.04673873956216301,,
absolute,linear_survival,600.0,3,2379,820611.0,0.43220055008339653,0.4707264845814776,0.03852593449808106,,
absolute,linear_survival,600.0,4,2379,795186.0,0.47992588399003494,0.5594116903437489,0.079485806353714,,
absolute,linear_survival,600.0,5,2379,778374.0,0.5202283424482795,0.588721658196827,0.06849331574854745,,
absolute,linear_survival,600.0,6,2378,833642.0,0.5591173576157457,0.6414407730132833,0.08232341539753762,,
absolute,linear_survival,600.0,7,2378,855116.0,0.6005036789712317,0.6482264880361084,0.04772280906487669,,
absolute,linear_survival,600.0,8,2378,829843.0,0.6480396505943375,0.6396102980548228,0.008429352539514712,,
absolute,linear_survival,600.0,9,2378,748393.0,0.726123827023719,0.7157830177460238,0.010340809277695207,,
absolute,linear_survival,720.0,0,2379,2379.0,0.18689592537984118,0.17997295097247445,0.006922974407366722,,
absolute,linear_survival,720.0,1,2379,2379.0,0.32594348013143076,0.2817112574259505,0.04423222270548027,,
absolute,linear_survival,720.0,2,2379,2379.0,0.38387389095354857,0.31817690506215035,0.06569698589139822,,
absolute,linear_survival,720.0,3,2379,2379.0,0.4329103852851165,0.36800403741629173,0.06490634786882477,,
absolute,linear_survival,720.0,4,2379,2379.0,0.4796108914466361,0.5193650543307637,0.03975416288412764,,
absolute,linear_survival,720.0,5,2379,2379.0,0.5206000612631283,0.6275708867479639,0.10697082548483561,,
absolute,linear_survival,720.0,6,2378,2378.0,0.5592849184916817,0.6405704592478682,0.08128554075618644,,
absolute,linear_survival,720.0,7,2378,2378.0,0.6001219422840119,0.6111946559180114,0.01107271363399942,,
absolute,linear_survival,720.0,8,2378,2378.0,0.6479216561878139,0.6462065525354003,0.0017151036524136742,,
absolute,linear_survival,720.0,9,2378,2378.0,0.7399277209418361,0.7666105971404541,0.026682876198617977,,
absolute,linear_survival,720.0,0,2379,955162.0,0.19585958683895796,0.14680387726162902,0.04905570957732894,,
absolute,linear_survival,720.0,1,2379,861268.0,0.3251006667042147,0.32936464314708647,0.004263976442871742,,
absolute,linear_survival,720.0,2,2379,840078.0,0.3847538672443902,0.33607999990509596,0.04867386733929424,,
absolute,linear_survival,720.0,3,2379,816936.0,0.4323679040857076,0.4728941418644155,0.040526237778707896,,
absolute,linear_survival,720.0,4,2379,794524.0,0.479969718954616,0.5598872227279807,0.07991750377336476,,
absolute,linear_survival,720.0,5,2379,778339.0,0.5202603086128407,0.5882768540635628,0.06801654545072211,,
absolute,linear_survival,720.0,6,2378,836098.0,0.5592043989254282,0.6427463252906246,0.08354192636519642,,
absolute,linear_survival,720.0,7,2378,851338.0,0.6005667036492914,0.6465788939090173,0.046012190259725916,,
absolute,linear_survival,720.0,8,2378,831324.0,0.6480346140448796,0.6403404224957114,0.007694191549168172,,
absolute,linear_survival,720.0,9,2378,748393.0,0.7261501748692836,0.7157830177460238,0.010367157123259751,,
absolute,linear_survival,900.0,0,2379,2379.0,0.18690128598605737,0.17997295097247445,0.00692833501358292,,
absolute,linear_survival,900.0,1,2379,2379.0,0.3259768619317832,0.2812844417513555,0.04469242018042774,,
absolute,linear_survival,900.0,2,2379,2379.0,0.3839280507501362,0.3181769050621506,0.06575114568798562,,
absolute,linear_survival,900.0,3,2379,2379.0,0.43297518071549046,0.36885063841109356,0.0641245423043969,,
absolute,linear_survival,900.0,4,2379,2379.0,0.47968535341128166,0.5189398628630182,0.03925450945173653,,
absolute,linear_survival,900.0,5,2379,2379.0,0.5206840975687231,0.6275708867479639,0.10688678917924077,,
absolute,linear_survival,900.0,6,2378,2378.0,0.5593718545022713,0.640568827313725,0.08119697281145366,,
absolute,linear_survival,900.0,7,2378,2378.0,0.6002009071609561,0.6111946559180114,0.010993748757055277,,
absolute,linear_survival,900.0,8,2378,2378.0,0.6479889633684102,0.6466389536813691,0.0013500096870410205,,
absolute,linear_survival,900.0,9,2378,2378.0,0.7399652435374297,0.7661900756938602,0.026224832156430566,,
absolute,linear_survival,900.0,0,2379,955162.0,0.19586280504753845,0.14680387726162902,0.04905892778590942,,
absolute,linear_survival,900.0,1,2379,863439.0,0.32519675911243956,0.3284561527930082,0.0032593936805686563,,
absolute,linear_survival,900.0,2,2379,838538.0,0.38487697285382594,0.33674887732617864,0.0481280955276473,,
absolute,linear_survival,900.0,3,2379,816746.0,0.43243841489388607,0.47431622013531927,0.0418778052414332,,
absolute,linear_survival,900.0,4,2379,793980.0,0.4800273850315732,0.558825429411009,0.07879804437943577,,
absolute,linear_survival,900.0,5,2379,778442.0,0.5203164347587997,0.5883318972750546,0.0680154625162549,,
absolute,linear_survival,900.0,6,2378,836076.0,0.5592624543453993,0.6427363526182457,0.08347389827284635,,
absolute,linear_survival,900.0,7,2378,851444.0,0.6006268289770582,0.6469002426243267,0.046273413647268447,,
absolute,linear_survival,900.0,8,2378,831263.0,0.6481006903547537,0.6402877952817614,0.00781289507299232,,
absolute,linear_survival,900.0,9,2378,748370.0,0.726191222774666,0.7154910004409585,0.010700222333707488,,
absolute,linear_survival,1200.0,0,2379,2379.0,0.18691022032975102,0.17997295097247445,0.006937269357276565,,
absolute,linear_survival,1200.0,1,2379,2379.0,0.3260324948689148,0.2812844417513555,0.044748053117559305,,
absolute,linear_survival,1200.0,2,2379,2379.0,0.3840181692658873,0.3177445505314356,0.0662736187344517,,
absolute,linear_survival,1200.0,3,2379,2379.0,0.4330832372291604,0.3709587818410518,0.062124455388108624,,
absolute,linear_survival,1200.0,4,2379,2379.0,0.4798094637760007,0.5168271714556245,0.03701770767962381,,
absolute,linear_survival,1200.0,5,2379,2379.0,0.5208241393957955,0.6284177756527268,0.1075936362569313,,
absolute,linear_survival,1200.0,6,2378,2378.0,0.5595167973868459,0.639720136106254,0.0802033387194081,,
absolute,linear_survival,1200.0,7,2378,2378.0,0.6003324374771724,0.6116163919151756,0.01128395443800323,,
absolute,linear_survival,1200.0,8,2378,2378.0,0.6481012271524711,0.6466389536813691,0.0014622734711019492,,
absolute,linear_survival,1200.0,9,2378,2378.0,0.7400278230378579,0.7661900756938602,0.02616225265600236,,
absolute,linear_survival,1200.0,0,2379,955162.0,0.19586816872850593,0.14680387726162902,0.04906429146687691,,
absolute,linear_survival,1200.0,1,2379,863439.0,0.325224308297271,0.3284561527930082,0.0032318444957372128,,
absolute,linear_survival,1200.0,2,2379,838798.0,0.3849393577520107,0.3368503060271716,0.04808905172483913,,
absolute,linear_survival,1200.0,3,2379,816573.0,0.43251215341090793,0.47493615092206687,0.04242399751115894,,
absolute,linear_survival,1200.0,4,2379,794019.0,0.48011307092685884,0.5579896948398922,0.0778766239130334,,
absolute,linear_survival,1200.0,5,2379,778517.0,0.5204226156865348,0.5887061674324015,0.06828355174586664,,
absolute,linear_survival,1200.0,6,2378,835761.0,0.559362064479378,0.6424599150978278,0.08309785061844988,,
absolute,linear_survival,1200.0,7,2378,851558.0,0.600721464355181,0.6469759512796103,0.04625448692442924,,
absolute,linear_survival,1200.0,8,2378,831263.0,0.6482050680108983,0.6402877952817614,0.007917272729136893,,
absolute,linear_survival,1200.0,9,2378,748370.0,0.7262571729137396,0.7154910004409585,0.01076617247278111,,
absolute,linear_survival,1500.0,0,2379,2379.0,0.18691915467344467,0.17997295097247445,0.0069462037009702104,,
absolute,linear_survival,1500.0,1,2379,2379.0,0.3260881278060463,0.2812844417513555,0.04480368605469082,,
absolute,linear_survival,1500.0,2,2379,2379.0,0.3841080810871897,0.317744550531436,0.06636353055575367,,
absolute,linear_survival,1500.0,3,2379,2379.0,0.4331914047172716,0.37096095099984705,0.06223045371742453,,
absolute,linear_survival,1500.0,4,2379,2379.0,0.47993352624407,0.5168232844148671,0.03688975817079715,,
absolute,linear_survival,1500.0,5,2379,2379.0,0.52096414067777,0.6288434309939916,0.10787929031622168,,
absolute,linear_survival,1500.0,6,2378,2378.0,0.5596618218062688,0.6397208994789583,0.0800590776726895,,
absolute,linear_survival,1500.0,7,2378,2378.0,0.6004639688344113,0.6120344623055755,0.011570493471164123,,
absolute,linear_survival,1500.0,8,2378,2378.0,0.6482135925998593,0.6457907439770931,0.002422848622766205,,
absolute,linear_survival,1500.0,9,2378,2378.0,0.7400904025382861,0.7661900756938602,0.026099673155574155,,
absolute,linear_survival,1500.0,0,2379,955162.0,0.1958735324094735,0.14680387726162902,0.049069655147844476,,
absolute,linear_survival,1500.0,1,2379,863439.0,0.3252518574821024,0.3284561527930082,0.0032042953109058248,,
absolute,linear_survival,1500.0,2,2379,838983.0,0.3849996603299942,0.3369852101101708,0.048014450219823424,,
absolute,linear_survival,1500.0,3,2379,816388.0,0.43258092642464224,0.4748331330043464,0.04225220657970413,,
absolute,linear_survival,1500.0,4,2379,796746.0,0.48026392983723354,0.5574320510860078,0.07716812124877426,,
absolute,linear_survival,1500.0,5,2379,775770.0,0.5205889230337842,0.5894942920215732,0.06890536898778898,,
absolute,linear_survival,1500.0,6,2378,846781.0,0.559703160184369,0.6471465297400937,0.08744336955572463,,
absolute,linear_survival,1500.0,7,2378,841074.0,0.6011275413740654,0.642609900886116,0.04148235951205059,,
absolute,linear_survival,1500.0,8,2378,830747.0,0.648325712667339,0.6398723637567711,0.008453348910567815,,
absolute,linear_survival,1500.0,9,2378,748370.0,0.7263231230528131,0.7154910004409585,0.010832122611854622,,
absolute,linear_survival,1680.0,0,2379,2379.0,0.18692451527966086,0.17997295097247445,0.006951564307186409,,
absolute,linear_survival,1680.0,1,2379,2379.0,0.32612149888633457,0.2817112574259505,0.04441024146038408,,
absolute,linear_survival,1680.0,2,2379,2379.0,0.38416193470956517,0.31731219600072125,0.06684973870884392,,
absolute,linear_survival,1680.0,3,2379,2379.0,0.4332563852154927,0.3709557499659143,0.06230063524957841,,
absolute,linear_survival,1680.0,4,2379,2379.0,0.48000796034826315,0.5168356679451721,0.036827707596908954,,
absolute,linear_survival,1680.0,5,2379,2379.0,0.521048056532981,0.6292652908649408,0.10821723433195973,,
absolute,linear_survival,1680.0,6,2378,2378.0,0.5597487318859042,0.639720899478958,0.07997216759305381,,
absolute,linear_survival,1680.0,7,2378,2378.0,0.600542834403911,0.611614620965893,0.011071786561982044,,
absolute,linear_survival,1680.0,8,2378,2378.0,0.6482812645771804,0.6453583639553597,0.0029229006218206566,,
absolute,linear_survival,1680.0,9,2378,2378.0,0.7401279658306228,0.7666105971404541,0.026482631309831306,,
absolute,linear_survival,1680.0,0,2379,955162.0,0.19587675061805399,0.14680387726162902,0.04907287335642496,,
absolute,linear_survival,1680.0,1,2379,863432.0,0.3252681268288121,0.3286358490575614,0.003367722228749259,,
absolute,linear_survival,1680.0,2,2379,838971.0,0.38503199649167635,0.3368032331269558,0.04822876336472054,,
absolute,linear_survival,1680.0,3,2379,816423.0,0.4326188235461759,0.47481250993485435,0.04219368638867843,,
absolute,linear_survival,1680.0,4,2379,796730.0,0.4803123159625909,0.5574467441725148,0.07713442820992394,,
absolute,linear_survival,1680.0,5,2379,776073.0,0.5206554782641902,0.5897288434784793,0.06907336521428908,,
absolute,linear_survival,1680.0,6,2378,846694.0,0.5597730639738521,0.6472244919328897,0.0874514279590376,,
absolute,linear_survival,1680.0,7,2378,843035.0,0.6012466052324454,0.643264460576806,0.04201785534436053,,
absolute,linear_survival,1680.0,8,2378,827947.0,0.6484351680127728,0.6384862756707075,0.009948892342065307,,
absolute,linear_survival,1680.0,9,2378,748993.0,0.7263221460067698,0.7159065572041394,0.010415588802630382,,
absolute,linear_survival,1800.0,0,2379,2379.0,0.18692808921987844,0.17997295097247445,0.006955138247403986,,
absolute,linear_survival,1800.0,1,2379,2379.0,0.32614373632823584,0.2817112574259505,0.044432478902285355,,
absolute,linear_survival,1800.0,2,2379,2379.0,0.3841978131133716,0.3168798414700068,0.06731797164336478,,
absolute,linear_survival,1800.0,3,2379,2379.0,0.4332997303489542,0.3713790522581142,0.06192067809084001,,
absolute,linear_survival,1800.0,4,2379,2379.0,0.48005759196948894,0.5168356679451721,0.03677807597568317,,
absolute,linear_survival,1800.0,5,2379,2379.0,0.5211039926693978,0.6292652908649408,0.10816129819554299,,
absolute,linear_survival,1800.0,6,2378,2378.0,0.5598065759982477,0.6392987044364815,0.07949212843823383,,
absolute,linear_survival,1800.0,7,2378,2378.0,0.6005954476340072,0.6120331571580679,0.011437709524060757,,
absolute,linear_survival,1800.0,8,2378,2378.0,0.6483264220608194,0.6453666485836373,0.002959773477182015,,
absolute,linear_survival,1800.0,9,2378,2378.0,0.7401530327864524,0.7666105971404541,0.026457564354001706,,
absolute,linear_survival,1800.0,0,2379,955162.0,0.19587889605522113,0.14680387726162902,0.04907501879359211,,
absolute,linear_survival,1800.0,1,2379,863432.0,0.3252791396089348,0.3286358490575614,0.0033567094486265936,,
absolute,linear_survival,1800.0,2,2379,841496.0,0.38512406163622165,0.3357127238780042,0.04941133775821743,,
absolute,linear_survival,1800.0,3,2379,813898.0,0.4327194046868115,0.4763351336274114,0.043615728940599896,,
absolute,linear_survival,1800.0,4,2379,796730.0,0.48034427645950856,0.5574467441725148,0.07710246771300627,,
absolute,linear_survival,1800.0,5,2379,776073.0,0.5206946757495262,0.5897288434784793,0.0690341677289531,,
absolute,linear_survival,1800.0,6,2378,847122.0,0.5598212147729648,0.6473766627148256,0.08755544794186088,,
absolute,linear_survival,1800.0,7,2378,842601.0,0.6012973597051321,0.6431059292917801,0.041808569586648026,,
absolute,linear_survival,1800.0,8,2378,828537.0,0.6484973712224262,0.638744221125009,0.009753150097417285,,
absolute,linear_survival,1800.0,9,2378,748409.0,0.7263865571459226,0.7156848728435923,0.010701684302330317,,
absolute,linear_survival,2340.0,0,2379,2379.0,0.19449475298242574,0.17283350777966133,0.021661245202764412,,
absolute,linear_survival,2340.0,1,2379,2379.0,0.326901190082508,0.28842101503075246,0.03848017505175555,,
absolute,linear_survival,2340.0,2,2379,2379.0,0.38472084367181325,0.3181769050621509,0.06654393860966235,,
absolute,linear_survival,2340.0,3,2379,2379.0,0.43382642390308157,0.36758856386623573,0.06623786003684584,,
absolute,linear_survival,2340.0,4,2379,2379.0,0.48067438088923337,0.5206453623666716,0.03997098147743822,,
absolute,linear_survival,2340.0,5,2379,2379.0,0.521718598427835,0.6267319622967455,0.10501336386891058,,
absolute,linear_survival,2340.0,6,2378,2378.0,0.5604325184980269,0.6435303484403075,0.08309782994228065,,
absolute,linear_survival,2340.0,7,2378,2378.0,0.601245448408612,0.6069742223814578,0.005728773972845769,,
absolute,linear_survival,2340.0,8,2378,2378.0,0.6494627182225128,0.6474605190170443,0.0020021992054685134,,
absolute,linear_survival,2340.0,9,2378,2378.0,0.7409889435283383,0.7670311185870478,0.026042175058709427,,
absolute,linear_survival,2340.0,0,2379,968064.0,0.19859890293920715,0.1498079194362587,0.04879098350294844,,
absolute,linear_survival,2340.0,1,2379,859217.0,0.326469935068065,0.32566280219918153,0.0008071328688834534,,
absolute,linear_survival,2340.0,2,2379,834743.0,0.3857280491071309,0.33998556968679217,0.04574247942033871,,
absolute,linear_survival,2340.0,3,2379,817125.0,0.43320157528830616,0.47294921802982726,0.039747642741521094,,
absolute,linear_survival,2340.0,4,2379,795802.0,0.48087892359384327,0.5607039662766058,0.07982504268276253,,
absolute,linear_survival,2340.0,5,2379,785574.0,0.5215131815957259,0.5874243672751598,0.06591118567943388,,
absolute,linear_survival,2340.0,6,2378,837554.0,0.5605586516516057,0.6522955789580773,0.09173692730647165,,
absolute,linear_survival,2340.0,7,2378,842251.0,0.6018157806247195,0.6412518054115109,0.039436024786791424,,
absolute,linear_survival,2340.0,8,2378,824624.0,0.6489714806908218,0.63814192546335,0.010829555227471754,,
absolute,linear_survival,2340.0,9,2378,748506.0,0.7266352928514029,0.7158606611035851,0.010774631747817787,,
absolute,linear_survival,3150.0,0,2379,2379.0,0.20398192903872894,0.17712946445559274,0.0268524645831362,,
absolute,linear_survival,3150.0,1,2379,2379.0,0.329560823588511,0.2832210468703098,0.04633977671820122,,
absolute,linear_survival,3150.0,2,2379,2379.0,0.38566784307180224,0.3172297457828459,0.06843809728895633,,
absolute,linear_survival,3150.0,3,2379,2379.0,0.43466228264890866,0.36759287918419203,0.06706940346471663,,
absolute,linear_survival,3150.0,4,2379,2379.0,0.48148350039066845,0.5214941213873966,0.04001062099672814,,
absolute,linear_survival,3150.0,5,2379,2379.0,0.5226546381146159,0.6267388886921806,0.10408425057756476,,
absolute,linear_survival,3150.0,6,2378,2378.0,0.5614451927292456,0.6460365260978738,0.08459133336862812,,
absolute,linear_survival,3150.0,7,2378,2378.0,0.6021249767846139,0.6055456922859865,0.003420715501372684,,
absolute,linear_survival,3150.0,8,2378,2378.0,0.6511937525464079,0.6361685360439129,0.015025216502494998,,
absolute,linear_survival,3150.0,9,2378,2378.0,0.742471057422273,0.777964676198486,0.03549361877621293,,
absolute,linear_survival,3150.0,0,2379,995326.0,0.20307742382408467,0.15054888304751524,0.05252854077656943,,
absolute,linear_survival,3150.0,1,2379,839029.0,0.3285990047849156,0.3336364780738028,0.0050374732888872065,,
absolute,linear_survival,3150.0,2,2379,838788.0,0.3866787173713498,0.3386340823462498,0.04804463502509998,,
absolute,linear_survival,3150.0,3,2379,807052.0,0.43394468168755135,0.47341284542518836,0.03946816373763701,,
absolute,linear_survival,3150.0,4,2379,807697.0,0.4816416946937717,0.5556315980010791,0.07398990330730737,,
absolute,linear_survival,3150.0,5,2379,776545.0,0.5224015367671269,0.5894340636131841,0.0670325268460572,,
absolute,linear_survival,3150.0,6,2378,836822.0,0.5613007980259744,0.6555459968418542,0.09424519881587978,,
absolute,linear_survival,3150.0,7,2378,838386.0,0.6023171115776179,0.6408868867680898,0.03856977519047189,,
absolute,linear_survival,3150.0,8,2378,861493.0,0.6508357876823249,0.6346102836990664,0.016225503983258505,,
absolute,linear_survival,3150.0,9,2378,712322.0,0.7294241619163574,0.7246034798869052,0.0048206820294521835,,
absolute,linear_survival,4500.0,0,2379,2379.0,0.21255918189228137,0.2251968705985503,0.01263768870626894,,
absolute,linear_survival,4500.0,1,2379,2379.0,0.335090941212299,0.2810454213009962,0.0540455199113028,,
absolute,linear_survival,4500.0,2,2379,2379.0,0.39024541487000663,0.3150633397872491,0.07518207508275754,,
absolute,linear_survival,4500.0,3,2379,2379.0,0.4377424320246471,0.3632262912942852,0.07451614073036189,,
absolute,linear_survival,4500.0,4,2379,2379.0,0.4835007496095615,0.5324063313180042,0.04890558170844267,,
absolute,linear_survival,4500.0,5,2379,2379.0,0.5242530076183483,0.6200173036256948,0.0957642960073466,,
absolute,linear_survival,4500.0,6,2378,2378.0,0.5630492892542611,0.6533298462869022,0.09028055703264104,,
absolute,linear_survival,4500.0,7,2378,2378.0,0.6038359744778317,0.6067760373467279,0.002940062868896254,,
absolute,linear_survival,4500.0,8,2378,2378.0,0.6528270454448694,0.6376137224066498,0.01521332303821954,,
absolute,linear_survival,4500.0,9,2378,2378.0,0.7467759023357451,0.7855340622371741,0.03875815990142906,,
absolute,linear_survival,4500.0,0,2379,1075371.0,0.21195658150018962,0.1795264093419877,0.0324301721582019,,
absolute,linear_survival,4500.0,1,2379,804386.0,0.33541258454285333,0.31613877525818834,0.01927380928466499,,
absolute,linear_survival,4500.0,2,2379,864170.0,0.39122151047495163,0.3755268220617901,0.015694688413161517,,
absolute,linear_survival,4500.0,3,2379,753920.0,0.43753848254282474,0.4538605135547673,0.016322031011942573,,
absolute,linear_survival,4500.0,4,2379,812986.0,0.48339718860998326,0.5544913333267525,0.07109414471676923,,
absolute,linear_survival,4500.0,5,2379,772361.0,0.5242162321221616,0.6005135351245285,0.07629730300236692,,
absolute,linear_survival,4500.0,6,2378,832452.0,0.5628218330865816,0.6590166987660107,0.09619486567942903,,
absolute,linear_survival,4500.0,7,2378,831219.0,0.6037802436510041,0.6419820884806393,0.03820184482963518,,
absolute,linear_survival,4500.0,8,2378,880285.0,0.6527616155484529,0.6264129767285646,0.02634863881988836,,
absolute,linear_survival,4500.0,9,2378,686310.0,0.7323886115102843,0.741740612842593,0.009352001332308624,,
absolute,linear_survival,5850.0,0,2379,2379.0,0.21545578229401785,0.21002241112516706,0.005433371168850787,,
absolute,linear_survival,5850.0,1,2379,2379.0,0.3407115292078026,0.3054850462044095,0.035226483003393094,,
absolute,linear_survival,5850.0,2,2379,2379.0,0.3928891373221908,0.31078167871603546,0.08210745860615531,,
absolute,linear_survival,5850.0,3,2379,2379.0,0.4411243332033974,0.374002249869571,0.06712208333382641,,
absolute,linear_survival,5850.0,4,2379,2379.0,0.48671809742822697,0.5290237469925827,0.04230564956435573,,
absolute,linear_survival,5850.0,5,2379,2379.0,0.527527278448745,0.6358046203005954,0.10827734185185034,,
absolute,linear_survival,5850.0,6,2378,2378.0,0.5664349794604004,0.6536559223359291,0.08722094287552862,,
absolute,linear_survival,5850.0,7,2378,2378.0,0.606186811788808,0.5803129019707127,0.02587390981809523,,
absolute,linear_survival,5850.0,8,2378,2378.0,0.6550575521069885,0.6415565897154486,0.013500962391539861,,
absolute,linear_survival,5850.0,9,2378,2378.0,0.7524102075871741,0.7796467619848613,0.02723655439768713,,
absolute,linear_survival,5850.0,0,2379,1107008.0,0.21578535987072084,0.18552278017931179,0.030262579691409053,,
absolute,linear_survival,5850.0,1,2379,797458.0,0.33919718540101634,0.32222202896380503,0.016975156437211314,,
absolute,linear_survival,5850.0,2,2379,870060.0,0.3937435710128196,0.3761014553419585,0.017642115670861103,,
absolute,linear_survival,5850.0,3,2379,757273.0,0.4406917084200828,0.4535963488310778,0.012904640410994983,,
absolute,linear_survival,5850.0,4,2379,823706.0,0.4862896447808712,0.5655597441006194,0.07927009931974816,,
absolute,linear_survival,5850.0,5,2379,771758.0,0.5275148741511017,0.6018283786626341,0.0743135045115324,,
absolute,linear_survival,5850.0,6,2378,832936.0,0.5657897229372059,0.6515352035176105,0.08574548058040465,,
absolute,linear_survival,5850.0,7,2378,813038.0,0.6066745570888274,0.6337771556656999,0.027102598576872472,,
absolute,linear_survival,5850.0,8,2378,865072.0,0.6548016535223993,0.6324828458916347,0.022318807630764548,,
absolute,linear_survival,5850.0,9,2378,675151.0,0.7347819268551838,0.7461071671374255,0.011325240282241689,,
absolute,linear_survival,6660.0,0,2379,2379.0,0.21647778588967503,0.21087155206844743,0.005606233821227602,,
absolute,linear_survival,6660.0,1,2379,2379.0,0.34235061235773506,0.2911112982882871,0.05123931406944798,,
absolute,linear_survival,6660.0,2,2379,2379.0,0.39585088738639007,0.3337621647052793,0.062088722681110764,,
absolute,linear_survival,6660.0,3,2379,2379.0,0.4423355910004886,0.36935103809464187,0.07298455290584671,,
absolute,linear_survival,6660.0,4,2379,2379.0,0.4881831557565866,0.533763500276438,0.045580344519851435,,
absolute,linear_survival,6660.0,5,2379,2379.0,0.5288541384019577,0.6311806354551673,0.10232649705320962,,
absolute,linear_survival,6660.0,6,2378,2378.0,0.5674702611260315,0.646404038321541,0.07893377719550954,,
absolute,linear_survival,6660.0,7,2378,2378.0,0.6084099034934285,0.5941744330175769,0.014235470475851608,,
absolute,linear_survival,6660.0,8,2378,2378.0,0.6577769906112099,0.6501139707273922,0.007663019883817679,,
absolute,linear_survival,6660.0,9,2378,2378.0,0.7575891042016543,0.7604279023503265,0.0028387981486722724,,
absolute,linear_survival,6660.0,0,2379,1106104.0,0.21623394771109702,0.186584713774,0.029649233937097036,,
absolute,linear_survival,6660.0,1,2379,838249.0,0.34132428075434423,0.3157160243762781,0.02560825637806613,,
absolute,linear_survival,6660.0,2,2379,843529.0,0.3960817441194794,0.3869757739726255,0.009105970146853881,,
absolute,linear_survival,6660.0,3,2379,756953.0,0.44204683005182127,0.45100150409439743,0.00895467404257616,,
absolute,linear_survival,6660.0,4,2379,825019.0,0.48749728304374057,0.5716705326690446,0.08417324962530398,,
absolute,linear_survival,6660.0,5,2379,767310.0,0.5286258084924323,0.6011679503333565,0.07254214184092411,,
absolute,linear_survival,6660.0,6,2378,830742.0,0.5665843408090394,0.6475182105951802,0.08093386978614081,,
absolute,linear_survival,6660.0,7,2378,836186.0,0.6083258135769176,0.6377558522175775,0.02943003864065985,,
absolute,linear_survival,6660.0,8,2378,858479.0,0.6574841262546066,0.6377867018452246,0.019697424409382047,,
absolute,linear_survival,6660.0,9,2378,650889.0,0.7379118718436405,0.7405836175475896,0.0026717457039491244,,
absolute,linear_survival,7200.0,0,2379,2379.0,0.21711026375163525,0.21044903160259798,0.006661232149037272,,
absolute,linear_survival,7200.0,1,2379,2379.0,0.34294896516591516,0.2908056664801846,0.05214329868573059,,
absolute,linear_survival,7200.0,2,2379,2379.0,0.39747671433802106,0.32770001741010746,0.0697766969279136,,
absolute,linear_survival,7200.0,3,2379,2379.0,0.44380408551289474,0.3783359669342622,0.06546811857863255,,
absolute,linear_survival,7200.0,4,2379,2379.0,0.4887892249039241,0.5332656932739452,0.044476468370021116,,
absolute,linear_survival,7200.0,5,2379,2379.0,0.5297760648364619,0.6356213114000386,0.10584524656357674,,
absolute,linear_survival,7200.0,6,2378,2378.0,0.5684477425635479,0.645355493493407,0.07690775092985913,,
absolute,linear_survival,7200.0,7,2378,2378.0,0.6090790157244607,0.5895018655313764,0.01957715019308426,,
absolute,linear_survival,7200.0,8,2378,2378.0,0.6586785038248576,0.6526025248081296,0.0060759790167279615,,
absolute,linear_survival,7200.0,9,2378,2378.0,0.7630432341901074,0.757649030252058,0.005394203938049458,,
absolute,linear_survival,7200.0,0,2379,1106067.0,0.21648926841141503,0.18543300757017356,0.031056260841241468,,
absolute,linear_survival,7200.0,1,2379,841965.0,0.3419137522125463,0.31535714278045723,0.02655660943208904,,
absolute,linear_survival,7200.0,2,2379,854905.0,0.3971500734198161,0.39063886428245576,0.006511209137360363,,
absolute,linear_survival,7200.0,3,2379,751244.0,0.44321105316489784,0.4554200953374403,0.012209042172542484,,
absolute,linear_survival,7200.0,4,2379,822699.0,0.4881862187788466,0.5679430333779814,0.07975681459913475,,
absolute,linear_survival,7200.0,5,2379,765098.0,0.5293134501063316,0.6043900164847553,0.07507656637842375,,
absolute,linear_survival,7200.0,6,2378,828829.0,0.5670727138477492,0.6456009366738549,0.07852822282610572,,
absolute,linear_survival,7200.0,7,2378,843817.0,0.6089422059398418,0.6409729510327591,0.03203074509291726,,
absolute,linear_survival,7200.0,8,2378,849989.0,0.6583112918892227,0.6341111286841343,0.024200163205088332,,
absolute,linear_survival,7200.0,9,2378,648847.0,0.7394136731035467,0.7411008194073487,0.0016871463038020673,,
absolute,right_step,0.2,0,2379,2379.0,0.0,0.0,0.0,,
absolute,right_step,0.2,1,2379,2379.0,0.0,0.0,0.0,,
absolute,right_step,0.2,2,2379,2379.0,0.0,0.0,0.0,,
absolute,right_step,0.2,3,2379,2379.0,0.0,0.0,0.0,,
absolute,right_step,0.2,4,2379,2379.0,0.0,0.0,0.0,,
absolute,right_step,0.2,5,2379,2379.0,0.0,0.0,0.0,,
absolute,right_step,0.2,6,2378,2378.0,0.0,0.0,0.0,,
absolute,right_step,0.2,7,2378,2378.0,0.0,0.0,0.0,,
absolute,right_step,0.2,8,2378,2378.0,0.0,0.0,0.0,,
absolute,right_step,0.2,9,2378,2378.0,0.0,0.0,0.0,,
absolute,right_step,0.2,0,2379,815391.0,0.0,0.0,0.0,,
absolute,right_step,0.2,1,2379,561873.0,0.0,0.0,0.0,,
absolute,right_step,0.2,2,2379,807296.0,0.0,0.0,0.0,,
absolute,right_step,0.2,3,2379,1000419.0,0.0,0.0,0.0,,
absolute,right_step,0.2,4,2379,1163724.0,0.0,0.0,0.0,,
absolute,right_step,0.2,5,2379,923217.0,0.0,0.0,0.0,,
absolute,right_step,0.2,6,2378,798347.0,0.0,0.0,0.0,,
absolute,right_step,0.2,7,2378,775168.0,0.0,0.0,0.0,,
absolute,right_step,0.2,8,2378,767614.0,0.0,0.0,0.0,,
absolute,right_step,0.2,9,2378,700411.0,0.0,0.0,0.0,,
absolute,right_step,0.5,0,2379,2379.0,0.0,0.0,0.0,,
absolute,right_step,0.5,1,2379,2379.0,0.0,0.0,0.0,,
absolute,right_step,0.5,2,2379,2379.0,0.0,0.0,0.0,,
absolute,right_step,0.5,3,2379,2379.0,0.0,0.0,0.0,,
absolute,right_step,0.5,4,2379,2379.0,0.0,0.0,0.0,,
absolute,right_step,0.5,5,2379,2379.0,0.0,0.0,0.0,,
absolute,right_step,0.5,6,2378,2378.0,0.0,0.0,0.0,,
absolute,right_step,0.5,7,2378,2378.0,0.0,0.0,0.0,,
absolute,right_step,0.5,8,2378,2378.0,0.0,0.0,0.0,,
absolute,right_step,0.5,9,2378,2378.0,0.0,0.0,0.0,,
absolute,right_step,0.5,0,2379,815391.0,0.0,0.0,0.0,,
absolute,right_step,0.5,1,2379,561873.0,0.0,0.0,0.0,,
absolute,right_step,0.5,2,2379,807296.0,0.0,0.0,0.0,,
absolute,right_step,0.5,3,2379,1000419.0,0.0,0.0,0.0,,
absolute,right_step,0.5,4,2379,1163724.0,0.0,0.0,0.0,,
absolute,right_step,0.5,5,2379,923217.0,0.0,0.0,0.0,,
absolute,right_step,0.5,6,2378,798347.0,0.0,0.0,0.0,,
absolute,right_step,0.5,7,2378,775168.0,0.0,0.0,0.0,,
absolute,right_step,0.5,8,2378,767614.0,0.0,0.0,0.0,,
absolute,right_step,0.5,9,2378,700411.0,0.0,0.0,0.0,,
absolute,right_step,1.0,0,2379,2379.0,0.0,0.0,0.0,,
absolute,right_step,1.0,1,2379,2379.0,0.0,0.0,0.0,,
absolute,right_step,1.0,2,2379,2379.0,0.0,0.0,0.0,,
absolute,right_step,1.0,3,2379,2379.0,0.0,0.0,0.0,,
absolute,right_step,1.0,4,2379,2379.0,0.0,0.0,0.0,,
absolute,right_step,1.0,5,2379,2379.0,0.0,0.0,0.0,,
absolute,right_step,1.0,6,2378,2378.0,0.0,0.0,0.0,,
absolute,right_step,1.0,7,2378,2378.0,0.0,0.0,0.0,,
absolute,right_step,1.0,8,2378,2378.0,0.0,0.0,0.0,,
absolute,right_step,1.0,9,2378,2378.0,0.0,0.000420521446593769,0.000420521446593769,,
absolute,right_step,1.0,0,2379,815391.0,0.0,0.0,0.0,,
absolute,right_step,1.0,1,2379,561873.0,0.0,0.0,0.0,,
absolute,right_step,1.0,2,2379,807296.0,0.0,0.0,0.0,,
absolute,right_step,1.0,3,2379,1000419.0,0.0,0.0,0.0,,
absolute,right_step,1.0,4,2379,1163724.0,0.0,0.0,0.0,,
absolute,right_step,1.0,5,2379,923217.0,0.0,0.0,0.0,,
absolute,right_step,1.0,6,2378,798347.0,0.0,0.0,0.0,,
absolute,right_step,1.0,7,2378,775168.0,0.0,0.0,0.0,,
absolute,right_step,1.0,8,2378,767614.0,0.0,0.0,0.0,,
absolute,right_step,1.0,9,2378,700411.0,0.0,9.423038758671343e-05,9.423038758671343e-05,,
absolute,right_step,1.5,0,2379,2379.0,0.0,0.0,0.0,,
absolute,right_step,1.5,1,2379,2379.0,0.0,0.0,0.0,,
absolute,right_step,1.5,2,2379,2379.0,0.0,0.0,0.0,,
absolute,right_step,1.5,3,2379,2379.0,0.0,0.0,0.0,,
absolute,right_step,1.5,4,2379,2379.0,0.0,0.0,0.0,,
absolute,right_step,1.5,5,2379,2379.0,0.0,0.0,0.0,,
absolute,right_step,1.5,6,2378,2378.0,0.0,0.0,0.0,,
absolute,right_step,1.5,7,2378,2378.0,0.0,0.0,0.0,,
absolute,right_step,1.5,8,2378,2378.0,0.0,0.0,0.0,,
absolute,right_step,1.5,9,2378,2378.0,0.0,0.000420521446593769,0.000420521446593769,,
absolute,right_step,1.5,0,2379,815391.0,0.0,0.0,0.0,,
absolute,right_step,1.5,1,2379,561873.0,0.0,0.0,0.0,,
absolute,right_step,1.5,2,2379,807296.0,0.0,0.0,0.0,,
absolute,right_step,1.5,3,2379,1000419.0,0.0,0.0,0.0,,
absolute,right_step,1.5,4,2379,1163724.0,0.0,0.0,0.0,,
absolute,right_step,1.5,5,2379,923217.0,0.0,0.0,0.0,,
absolute,right_step,1.5,6,2378,798347.0,0.0,0.0,0.0,,
absolute,right_step,1.5,7,2378,775168.0,0.0,0.0,0.0,,
absolute,right_step,1.5,8,2378,767614.0,0.0,0.0,0.0,,
absolute,right_step,1.5,9,2378,700411.0,0.0,9.423038758671343e-05,9.423038758671343e-05,,
absolute,right_step,1.8,0,2379,2379.0,0.0,0.0,0.0,,
absolute,right_step,1.8,1,2379,2379.0,0.0,0.0,0.0,,
absolute,right_step,1.8,2,2379,2379.0,0.0,0.0,0.0,,
absolute,right_step,1.8,3,2379,2379.0,0.0,0.0,0.0,,
absolute,right_step,1.8,4,2379,2379.0,0.0,0.018915510718789386,0.018915510718789386,,
absolute,right_step,1.8,5,2379,2379.0,0.0,0.0,0.0,,
absolute,right_step,1.8,6,2378,2378.0,0.0,0.0,0.0,,
absolute,right_step,1.8,7,2378,2378.0,0.0,0.0,0.0,,
absolute,right_step,1.8,8,2378,2378.0,0.0,0.0,0.0,,
absolute,right_step,1.8,9,2378,2378.0,0.0,0.000420521446593769,0.000420521446593769,,
absolute,right_step,1.8,0,2379,815391.0,0.0,0.0,0.0,,
absolute,right_step,1.8,1,2379,561873.0,0.0,0.0,0.0,,
absolute,right_step,1.8,2,2379,807296.0,0.0,0.0,0.0,,
absolute,right_step,1.8,3,2379,1000419.0,0.0,0.0,0.0,,
absolute,right_step,1.8,4,2379,1163724.0,0.0,0.020933657808896222,0.020933657808896222,,
absolute,right_step,1.8,5,2379,923217.0,0.0,0.0,0.0,,
absolute,right_step,1.8,6,2378,798347.0,0.0,0.0,0.0,,
absolute,right_step,1.8,7,2378,775168.0,0.0,0.0,0.0,,
absolute,right_step,1.8,8,2378,767614.0,0.0,0.0,0.0,,
absolute,right_step,1.8,9,2378,700411.0,0.0,9.423038758671343e-05,9.423038758671343e-05,,
absolute,right_step,2.0,0,2379,2379.0,0.0013740302234599953,0.0,0.0013740302234599953,,
absolute,right_step,2.0,1,2379,2379.0,0.004043081427415547,0.004203446826397617,0.0001603653989820696,,
absolute,right_step,2.0,2,2379,2379.0,0.005865325133673897,0.007566204287515865,0.0017008791538419684,,
absolute,right_step,2.0,3,2379,2379.0,0.007176091202637953,0.0033627574611181377,0.0038133337415198155,,
absolute,right_step,2.0,4,2379,2379.0,0.008117713053987795,0.007986548970155716,0.00013116408383207975,,
absolute,right_step,2.0,5,2379,2379.0,0.008999869513448186,0.008827238335434973,0.00017263117801321302,,
absolute,right_step,2.0,6,2378,2378.0,0.010532624578823521,0.028174936921783078,0.017642312342959557,,
absolute,right_step,2.0,7,2378,2378.0,0.014153752243081024,0.00504625735912545,0.009107494883955574,,
absolute,right_step,2.0,8,2378,2378.0,0.018883931601719257,0.008830950378469371,0.010052981223249886,,
absolute,right_step,2.0,9,2378,2378.0,0.054783044967258346,0.023128679562657628,0.03165436540460072,,
absolute,right_step,2.0,0,2379,1096966.0,0.0013227062523004064,0.0,0.0013227062523004064,,
absolute,right_step,2.0,1,2379,919246.0,0.0039470248311411224,0.001610015164602352,0.0023370096665387705,,
absolute,right_step,2.0,2,2379,1040948.0,0.005865341565183118,0.0031701871755360767,0.002695154389647041,,
absolute,right_step,2.0,3,2379,852312.0,0.007166860948989569,0.00350458517538188,0.0036622757736076888,,
absolute,right_step,2.0,4,2379,758107.0,0.008101862115440634,0.020745092711187296,0.012643230595746662,,
absolute,right_step,2.0,5,2379,788871.0,0.008985441830304721,0.0036723367952428143,0.005313105035061907,,
absolute,right_step,2.0,6,2378,939394.0,0.010478723154795547,0.03174706246793135,0.021268339313135806,,
absolute,right_step,2.0,7,2378,898722.0,0.014057462640184877,0.0030866052016085277,0.01097085743857635,,
absolute,right_step,2.0,8,2378,611886.0,0.01872253788073455,0.007078115858182965,0.011644422022551584,,
absolute,right_step,2.0,9,2378,407008.0,0.03909774025249052,0.010309379668212881,0.02878836058427764,,
absolute,right_step,2.3,0,2379,2379.0,0.0013740302234599953,0.001685630004214067,0.0003115997807540717,,
absolute,right_step,2.3,1,2379,2379.0,0.004043081427415547,0.04439064842006479,0.04034756699264925,,
absolute,right_step,2.3,2,2379,2379.0,0.005865325133673897,0.05716651462902744,0.05130118949535355,,
absolute,right_step,2.3,3,2379,2379.0,0.007176091202637953,0.01555275325767147,0.008376662055033516,,
absolute,right_step,2.3,4,2379,2379.0,0.008117713053987795,0.0151354377651991,0.007017724711211305,,
absolute,right_step,2.3,5,2379,2379.0,0.008999869513448186,0.02985338941020299,0.020853519896754803,,
absolute,right_step,2.3,6,2378,2378.0,0.010532624578823521,0.0651968440866676,0.05466421950784407,,
absolute,right_step,2.3,7,2378,2378.0,0.014153752243081024,0.01600296947630564,0.0018492172332246152,,
absolute,right_step,2.3,8,2378,2378.0,0.018883931601719257,0.014370588231040315,0.004513343370678942,,
absolute,right_step,2.3,9,2378,2378.0,0.054783044967258346,0.026097893302588604,0.028685151664669742,,
absolute,right_step,2.3,0,2379,1096966.0,0.0013227062523004064,0.0038601267428047814,0.0025374204905043753,,
absolute,right_step,2.3,1,2379,919246.0,0.0039470248311411224,0.015560101863040021,0.0116130770318989,,
absolute,right_step,2.3,2,2379,1040948.0,0.005865341565183118,0.029302220873987705,0.023436879308804587,,
absolute,right_step,2.3,3,2379,852312.0,0.007166860948989569,0.027133256366213332,0.019966395417223764,,
absolute,right_step,2.3,4,2379,758107.0,0.008101862115440634,0.031975164996901784,0.02387330288146115,,
absolute,right_step,2.3,5,2379,788871.0,0.008985441830304721,0.028227329272284774,0.019241887441980052,,
absolute,right_step,2.3,6,2378,939394.0,0.010478723154795547,0.05674135129670688,0.04626262814191133,,
absolute,right_step,2.3,7,2378,898722.0,0.014057462640184877,0.014555890902227309,0.0004984282620424316,,
absolute,right_step,2.3,8,2378,611886.0,0.01872253788073455,0.009819790226493263,0.008902747654241285,,
absolute,right_step,2.3,9,2378,407008.0,0.03909774025249052,0.012079275450789462,0.02701846480170106,,
absolute,right_step,2.75,0,2379,2379.0,0.0013740302234599953,0.013485040033712759,0.012111009810252763,,
absolute,right_step,2.75,1,2379,2379.0,0.004043081427415547,0.16579829955040615,0.1617552181229906,,
absolute,right_step,2.75,2,2379,2379.0,0.005865325133673897,0.12173243584944315,0.11586711071576926,,
absolute,right_step,2.75,3,2379,2379.0,0.007176091202637953,0.05548549810844916,0.04830940690581121,,
absolute,right_step,2.75,4,2379,2379.0,0.008117713053987795,0.041207855723592646,0.03309014266960485,,
absolute,right_step,2.75,5,2379,2379.0,0.008999869513448186,0.05382320163543841,0.044823332121990224,,
absolute,right_step,2.75,6,2378,2378.0,0.010532624578823521,0.10263945474206182,0.0921068301632383,,
absolute,right_step,2.75,7,2378,2378.0,0.014153752243081024,0.06362252598558937,0.04946877374250835,,
absolute,right_step,2.75,8,2378,2378.0,0.018883931601719257,0.04931291930110315,0.030428987699383896,,
absolute,right_step,2.75,9,2378,2378.0,0.054783044967258346,0.06342515174743724,0.00864210678017889,,
absolute,right_step,2.75,0,2379,1096966.0,0.0013227062523004064,0.013811973235481334,0.012489266983180928,,
absolute,right_step,2.75,1,2379,919246.0,0.0039470248311411224,0.07873080511022157,0.07478378027908045,,
absolute,right_step,2.75,2,2379,1040948.0,0.005865341565183118,0.06379863148294618,0.05793328991776306,,
absolute,right_step,2.75,3,2379,852312.0,0.007166860948989569,0.09109692225382249,0.08393006130483292,,
absolute,right_step,2.75,4,2379,758107.0,0.008101862115440634,0.06571556916991694,0.05761370705447631,,
absolute,right_step,2.75,5,2379,788871.0,0.008985441830304721,0.05041012208368134,0.04142468025337662,,
absolute,right_step,2.75,6,2378,939394.0,0.010478723154795547,0.09983153507762477,0.08935281192282922,,
absolute,right_step,2.75,7,2378,898722.0,0.014057462640184877,0.05833948710339265,0.044282024463207774,,
absolute,right_step,2.75,8,2378,611886.0,0.01872253788073455,0.05127337847799429,0.03255084059725974,,
absolute,right_step,2.75,9,2378,407008.0,0.03909774025249052,0.07295775775986457,0.03386001750737405,,
absolute,right_step,3.5,0,2379,2379.0,0.0013740302234599953,0.031605562579014035,0.03023153235555404,,
absolute,right_step,3.5,1,2379,2379.0,0.004043081427415547,0.21444596463747678,0.21040288321006123,,
absolute,right_step,3.5,2,2379,2379.0,0.005865325133673897,0.2063950345358161,0.20052970940214218,,
absolute,right_step,3.5,3,2379,2379.0,0.007176091202637953,0.11769651113913404,0.11052041993649608,,
absolute,right_step,3.5,4,2379,2379.0,0.008117713053987795,0.11017360645224683,0.10205589339825903,,
absolute,right_step,3.5,5,2379,2379.0,0.008999869513448186,0.095875503784975,0.08687563427152682,,
absolute,right_step,3.5,6,2378,2378.0,0.010532624578823521,0.16826919926162964,0.1577365746828061,,
absolute,right_step,3.5,7,2378,2378.0,0.014153752243081024,0.10365666641374827,0.08950291417066725,,
absolute,right_step,3.5,8,2378,2378.0,0.018883931601719257,0.07658498257529833,0.057701050973579075,,
absolute,right_step,3.5,9,2378,2378.0,0.054783044967258346,0.1427455759427403,0.08796253097548194,,
absolute,right_step,3.5,0,2379,1096966.0,0.0013227062523004064,0.030746899399495153,0.029424193147194747,,
absolute,right_step,3.5,1,2379,919246.0,0.0039470248311411224,0.12319222679765396,0.11924520196651284,,
absolute,right_step,3.5,2,2379,1040948.0,0.005865341565183118,0.1283797391715198,0.12251439760633667,,
absolute,right_step,3.5,3,2379,852312.0,0.007166860948989569,0.15163578595631655,0.14446892500732697,,
absolute,right_step,3.5,4,2379,758107.0,0.008101862115440634,0.1573721358588861,0.14927027374344545,,
absolute,right_step,3.5,5,2379,788871.0,0.008985441830304721,0.0999270958633518,0.09094165403304708,,
absolute,right_step,3.5,6,2378,939394.0,0.010478723154795547,0.16050074048608054,0.150022017331285,,
absolute,right_step,3.5,7,2378,898722.0,0.014057462640184877,0.09973476534178272,0.08567730270159785,,
absolute,right_step,3.5,8,2378,611886.0,0.01872253788073455,0.07899878748733036,0.060276249606595805,,
absolute,right_step,3.5,9,2378,407008.0,0.03909774025249052,0.13704973799819897,0.09795199774570845,,
absolute,right_step,4.25,0,2379,2379.0,0.0013740302234599953,0.1365360303413402,0.1351620001178802,,
absolute,right_step,4.25,1,2379,2379.0,0.004043081427415547,0.2597094443271861,0.25566636289977057,,
absolute,right_step,4.25,2,2379,2379.0,0.005865325133673897,0.23718143405813386,0.23131610892445995,,
absolute,right_step,4.25,3,2379,2379.0,0.007176091202637953,0.13366960907944525,0.1264935178768073,,
absolute,right_step,4.25,4,2379,2379.0,0.008117713053987795,0.1286766127453005,0.12055889969131271,,
absolute,right_step,4.25,5,2379,2379.0,0.008999869513448186,0.12615316133264076,0.11715329181919258,,
absolute,right_step,4.25,6,2378,2378.0,0.010532624578823521,0.21875361812283545,0.2082209935440119,,
absolute,right_step,4.25,7,2378,2378.0,0.014153752243081024,0.20732401952245483,0.1931702672793738,,
absolute,right_step,4.25,8,2378,2378.0,0.018883931601719257,0.150304778613357,0.13142084701163775,,
absolute,right_step,4.25,9,2378,2378.0,0.054783044967258346,0.2339428550977678,0.17915981013050947,,
absolute,right_step,4.25,0,2379,1096966.0,0.0013227062523004064,0.0733031773286209,0.0719804710763205,,
absolute,right_step,4.25,1,2379,919246.0,0.0039470248311411224,0.16593676563080828,0.16198974079966716,,
absolute,right_step,4.25,2,2379,1040948.0,0.005865341565183118,0.17671143803591594,0.17084609647073282,,
absolute,right_step,4.25,3,2379,852312.0,0.007166860948989569,0.17370751555768316,0.16654065460869358,,
absolute,right_step,4.25,4,2379,758107.0,0.008101862115440634,0.1713334547030928,0.16323159258765216,,
absolute,right_step,4.25,5,2379,788871.0,0.008985441830304721,0.1293266500306287,0.12034120820032398,,
absolute,right_step,4.25,6,2378,939394.0,0.010478723154795547,0.23760758333516363,0.2271288601803681,,
absolute,right_step,4.25,7,2378,898722.0,0.014057462640184877,0.17914773330178246,0.1650902706615976,,
absolute,right_step,4.25,8,2378,611886.0,0.01872253788073455,0.1542190419354138,0.13549650405467925,,
absolute,right_step,4.25,9,2378,407008.0,0.03909774025249052,0.21215165652647228,0.17305391627398176,,
absolute,right_step,4.7,0,2379,2379.0,0.0013740302234599953,0.14454277286135708,0.14316874263789708,,
absolute,right_step,4.7,1,2379,2379.0,0.004043081427415547,0.2702850236939406,0.26624194226652503,,
absolute,right_step,4.7,2,2379,2379.0,0.005865325133673897,0.25642293375958214,0.25055760862590826,,
absolute,right_step,4.7,3,2379,2379.0,0.007176091202637953,0.14165615804960086,0.1344800668469629,,
absolute,right_step,4.7,4,2379,2379.0,0.008117713053987795,0.14423595894627728,0.1361182458922895,,
absolute,right_step,4.7,5,2379,2379.0,0.008999869513448186,0.18124167714853312,0.17224180763508493,,
absolute,right_step,4.7,6,2378,2378.0,0.010532624578823521,0.2873282870759738,0.27679566249715026,,
absolute,right_step,4.7,7,2378,2378.0,0.014153752243081024,0.24272262790103738,0.22856887565795636,,
absolute,right_step,4.7,8,2378,2378.0,0.018883931601719257,0.1711849520576627,0.15230102045594346,,
absolute,right_step,4.7,9,2378,2378.0,0.054783044967258346,0.2746635006739663,0.21988045570670794,,
absolute,right_step,4.7,0,2379,1096966.0,0.0013227062523004064,0.07939672176615176,0.07807401551385135,,
absolute,right_step,4.7,1,2379,919246.0,0.0039470248311411224,0.18446189854787032,0.1805148737167292,,
absolute,right_step,4.7,2,2379,1040948.0,0.005865341565183118,0.2008081883405458,0.1949428467753627,,
absolute,right_step,4.7,3,2379,852312.0,0.007166860948989569,0.1944862914050255,0.1873194304560359,,
absolute,right_step,4.7,4,2379,758107.0,0.008101862115440634,0.20197545248044935,0.1938735903650087,,
absolute,right_step,4.7,5,2379,788871.0,0.008985441830304721,0.1586450600083803,0.14965961817807558,,
absolute,right_step,4.7,6,2378,939394.0,0.010478723154795547,0.28929917866842214,0.2788204555136266,,
absolute,right_step,4.7,7,2378,898722.0,0.014057462640184877,0.22981826040261832,0.21576079776243345,,
absolute,right_step,4.7,8,2378,611886.0,0.01872253788073455,0.17131117804850993,0.15258864016777537,,
absolute,right_step,4.7,9,2378,407008.0,0.03909774025249052,0.24840732893296924,0.20930958868047872,,
absolute,right_step,5.0,0,2379,2379.0,0.0380118996266845,0.011531819728541004,0.026480079898143494,,
absolute,right_step,5.0,1,2379,2379.0,0.06490864897256286,0.03281447202355947,0.03209417694900339,,
absolute,right_step,5.0,2,2379,2379.0,0.08925061838986514,0.09300911918876109,0.0037585007988959473,,
absolute,right_step,5.0,3,2379,2379.0,0.11398972515031906,0.09778158200788234,0.016208143142436723,,
absolute,right_step,5.0,4,2379,2379.0,0.14226169785489345,0.19869931898373527,0.05643762112884182,,
absolute,right_step,5.0,5,2379,2379.0,0.184091062126528,0.19358462025045575,0.009493558123927742,,
absolute,right_step,5.0,6,2378,2378.0,0.23490578129514786,0.34356602186711527,0.10866024057196741,,
absolute,right_step,5.0,7,2378,2378.0,0.29000908071159315,0.4116904962153066,0.12168141550371347,,
absolute,right_step,5.0,8,2378,2378.0,0.3695206468273216,0.32422203532380134,0.04529861150352027,,
absolute,right_step,5.0,9,2378,2378.0,0.5554395046814056,0.5428931875525651,0.012546317128840467,,
absolute,right_step,5.0,0,2379,1079909.0,0.037787361520269326,0.010426367608474152,0.027360993911795174,,
absolute,right_step,5.0,1,2379,752376.0,0.06478258829314001,0.024139996007718545,0.04064259228542147,,
absolute,right_step,5.0,2,2379,963400.0,0.08852747749260452,0.11787706740851644,0.029349589915911925,,
absolute,right_step,5.0,3,2379,993995.0,0.11356012942028479,0.11040695004431367,0.0031531793759711213,,
absolute,right_step,5.0,4,2379,942428.0,0.14268536770436613,0.2505461443969613,0.1078607766925952,,
absolute,right_step,5.0,5,2379,936914.0,0.18398227513863233,0.2508000654227067,0.06681779028407439,,
absolute,right_step,5.0,6,2378,913298.0,0.23331751532689185,0.38110999914595245,0.1477924838190606,,
absolute,right_step,5.0,7,2378,783463.0,0.28938878259712586,0.27460518237619347,0.014783600220932391,,
absolute,right_step,5.0,8,2378,558395.0,0.371164771666848,0.3863841904028511,0.015219418736003076,,
absolute,right_step,5.0,9,2378,389282.0,0.5694939830527398,0.5477622905759837,0.021731692476756104,,
absolute,right_step,5.5,0,2379,2379.0,0.0380118996266845,0.023171000220180482,0.014840899406504016,,
absolute,right_step,5.5,1,2379,2379.0,0.06490864897256286,0.03575936053849427,0.029149288434068596,,
absolute,right_step,5.5,2,2379,2379.0,0.08925061838986514,0.1132112362555544,0.02396061786568926,,
absolute,right_step,5.5,3,2379,2379.0,0.11398972515031906,0.10838095252000768,0.005608772630311384,,
absolute,right_step,5.5,4,2379,2379.0,0.14226169785489345,0.2310579012139352,0.08879620335904176,,
absolute,right_step,5.5,5,2379,2379.0,0.184091062126528,0.2053940504978342,0.021302988371306203,,
absolute,right_step,5.5,6,2378,2378.0,0.23490578129514786,0.37444210460145844,0.13953632330631058,,
absolute,right_step,5.5,7,2378,2378.0,0.29000908071159315,0.44491169049621493,0.15490260978462178,,
absolute,right_step,5.5,8,2378,2378.0,0.3695206468273216,0.36711522287636633,0.0024054239509552766,,
absolute,right_step,5.5,9,2378,2378.0,0.5554395046814056,0.6291000841042892,0.07366057942288362,,
absolute,right_step,5.5,0,2379,1079909.0,0.037787361520269326,0.01933718450125077,0.018450177019018556,,
absolute,right_step,5.5,1,2379,752376.0,0.06478258829314001,0.03612881761926945,0.028653770673870566,,
absolute,right_step,5.5,2,2379,963400.0,0.08852747749260452,0.13680982467596425,0.04828234718335973,,
absolute,right_step,5.5,3,2379,993995.0,0.11356012942028479,0.14334973716212873,0.029789607741843943,,
absolute,right_step,5.5,4,2379,942428.0,0.14268536770436613,0.28318597016965374,0.14050060246528762,,
absolute,right_step,5.5,5,2379,936914.0,0.18398227513863233,0.2633408814460019,0.07935860630736954,,
absolute,right_step,5.5,6,2378,913298.0,0.23331751532689185,0.40814701229270955,0.1748294969658177,,
absolute,right_step,5.5,7,2378,783463.0,0.28938878259712586,0.309419844970343,0.020031062373217168,,
absolute,right_step,5.5,8,2378,558395.0,0.371164771666848,0.45000582025268854,0.07884104858584051,,
absolute,right_step,5.5,9,2378,389282.0,0.5694939830527398,0.5915762865994321,0.022082303546692272,,
absolute,right_step,6.25,0,2379,2379.0,0.0380118996266845,0.028775050086525367,0.009236849540159131,,
absolute,right_step,6.25,1,2379,2379.0,0.06490864897256286,0.03575936053849427,0.029149288434068596,,
absolute,right_step,6.25,2,2379,2379.0,0.08925061838986514,0.13467598563902228,0.045425367249157134,,
absolute,right_step,6.25,3,2379,2379.0,0.11398972515031906,0.1274598194418335,0.013470094291514426,,
absolute,right_step,6.25,4,2379,2379.0,0.14226169785489345,0.2438310257784877,0.10156932792359424,,
absolute,right_step,6.25,5,2379,2379.0,0.184091062126528,0.2614888441728809,0.07739778204635286,,
absolute,right_step,6.25,6,2378,2378.0,0.23490578129514786,0.4137773880849367,0.17887160678978883,,
absolute,right_step,6.25,7,2378,2378.0,0.29000908071159315,0.46677880571909125,0.1767697250074981,,
absolute,right_step,6.25,8,2378,2378.0,0.3695206468273216,0.39486963835155553,0.02534899152423392,,
absolute,right_step,6.25,9,2378,2378.0,0.5554395046814056,0.6968040370058872,0.14136453232448165,,
absolute,right_step,6.25,0,2379,1079909.0,0.037787361520269326,0.025148341045408862,0.012639020474860464,,
absolute,right_step,6.25,1,2379,752376.0,0.06478258829314001,0.03612881761926945,0.028653770673870566,,
absolute,right_step,6.25,2,2379,963400.0,0.08852747749260452,0.17775035187473764,0.08922287438213312,,
absolute,right_step,6.25,3,2379,993995.0,0.11356012942028479,0.17911940509865354,0.06555927567836875,,
absolute,right_step,6.25,4,2379,942428.0,0.14268536770436613,0.29364626479891187,0.15096089709454574,,
absolute,right_step,6.25,5,2379,936914.0,0.18398227513863233,0.3077125414800185,0.12373026634138615,,
absolute,right_step,6.25,6,2378,913298.0,0.23331751532689185,0.45641402537982567,0.22309651005293382,,
absolute,right_step,6.25,7,2378,783463.0,0.28938878259712586,0.334228929764392,0.04484014716726614,,
absolute,right_step,6.25,8,2378,558395.0,0.371164771666848,0.46170005103913914,0.09053527937229111,,
absolute,right_step,6.25,9,2378,389282.0,0.5694939830527398,0.6315807049902129,0.06208672193747311,,
absolute,right_step,7.5,0,2379,2379.0,0.0380118996266845,0.04213855361396324,0.004126653987278739,,
absolute,right_step,7.5,1,2379,2379.0,0.06490864897256286,0.061842658813630935,0.0030659901589319277,,
absolute,right_step,7.5,2,2379,2379.0,0.08925061838986514,0.15075262697668101,0.06150200858681587,,
absolute,right_step,7.5,3,2379,2379.0,0.11398972515031906,0.19615633152250989,0.08216660637219082,,
absolute,right_step,7.5,4,2379,2379.0,0.14226169785489345,0.3264305646292609,0.18416886677436745,,
absolute,right_step,7.5,5,2379,2379.0,0.184091062126528,0.366508420301352,0.182417358174824,,
absolute,right_step,7.5,6,2378,2378.0,0.23490578129514786,0.4654242380641156,0.23051845676896773,,
absolute,right_step,7.5,7,2378,2378.0,0.29000908071159315,0.5004332645207327,0.21042418380913952,,
absolute,right_step,7.5,8,2378,2378.0,0.3695206468273216,0.4238896437768397,0.05436899694951808,,
absolute,right_step,7.5,9,2378,2378.0,0.5554395046814056,0.7366870733663229,0.18124756868491732,,
absolute,right_step,7.5,0,2379,1079909.0,0.037787361520269326,0.047521482169617824,0.009734120649348497,,
absolute,right_step,7.5,1,2379,752376.0,0.06478258829314001,0.06858606693725455,0.0038034786441145385,,
absolute,right_step,7.5,2,2379,963400.0,0.08852747749260452,0.20271529624439255,0.11418781875178803,,
absolute,right_step,7.5,3,2379,993995.0,0.11356012942028479,0.2653061816798604,0.15174605225957563,,
absolute,right_step,7.5,4,2379,942428.0,0.14268536770436613,0.3854627497307107,0.24277738202634458,,
absolute,right_step,7.5,5,2379,936914.0,0.18398227513863233,0.41403266914299863,0.2300503940043663,,
absolute,right_step,7.5,6,2378,913298.0,0.23331751532689185,0.4894051112499379,0.2560875959230461,,
absolute,right_step,7.5,7,2378,783463.0,0.28938878259712586,0.3781936946561637,0.08880491205903784,,
absolute,right_step,7.5,8,2378,558395.0,0.371164771666848,0.4920549738990374,0.12089020223218938,,
absolute,right_step,7.5,9,2378,389282.0,0.5694939830527398,0.7018829224322392,0.13238893937949936,,
absolute,right_step,8.75,0,2379,2379.0,0.0380118996266845,0.05679529941825012,0.018783399791565625,,
absolute,right_step,8.75,1,2379,2379.0,0.06490864897256286,0.06520824568784211,0.0002995967152792517,,
absolute,right_step,8.75,2,2379,2379.0,0.08925061838986514,0.1749925369728399,0.08574191858297475,,
absolute,right_step,8.75,3,2379,2379.0,0.11398972515031906,0.26614799658783195,0.15215827143751287,,
absolute,right_step,8.75,4,2379,2379.0,0.14226169785489345,0.39327658318375247,0.251014885328859,,
absolute,right_step,8.75,5,2379,2379.0,0.184091062126528,0.3930796383579531,0.2089885762314251,,
absolute,right_step,8.75,6,2378,2378.0,0.23490578129514786,0.495122891504998,0.26021711020985017,,
absolute,right_step,8.75,7,2378,2378.0,0.29000908071159315,0.5405845672876788,0.25057548657608564,,
absolute,right_step,8.75,8,2378,2378.0,0.3695206468273216,0.46931617886591714,0.09979553203859554,,
absolute,right_step,8.75,9,2378,2378.0,0.5554395046814056,0.7371251980362625,0.18168569335485696,,
absolute,right_step,8.75,0,2379,1079909.0,0.037787361520269326,0.06575389161231326,0.02796653009204394,,
absolute,right_step,8.75,1,2379,752376.0,0.06478258829314001,0.07011910306740299,0.005336514774262974,,
absolute,right_step,8.75,2,2379,963400.0,0.08852747749260452,0.25436703686787454,0.16583955937527,,
absolute,right_step,8.75,3,2379,993995.0,0.11356012942028479,0.3271129224094337,0.2135527929891489,,
absolute,right_step,8.75,4,2379,942428.0,0.14268536770436613,0.431321465295046,0.2886360975906799,,
absolute,right_step,8.75,5,2379,936914.0,0.18398227513863233,0.42723504687742564,0.2432527717387933,,
absolute,right_step,8.75,6,2378,913298.0,0.23331751532689185,0.5238469818208022,0.2905294664939104,,
absolute,right_step,8.75,7,2378,783463.0,0.28938878259712586,0.422969718949053,0.13358093635192714,,
absolute,right_step,8.75,8,2378,558395.0,0.371164771666848,0.5297500087685332,0.15858523710168515,,
absolute,right_step,8.75,9,2378,389282.0,0.5694939830527398,0.70249662886188,0.13300264580914023,,
absolute,right_step,9.5,0,2379,2379.0,0.0380118996266845,0.05808854169509903,0.02007664206841453,,
absolute,right_step,9.5,1,2379,2379.0,0.06490864897256286,0.06520824568784211,0.0002995967152792517,,
absolute,right_step,9.5,2,2379,2379.0,0.08925061838986514,0.19370404644355887,0.10445342805369373,,
absolute,right_step,9.5,3,2379,2379.0,0.11398972515031906,0.30008334934677616,0.18609362419645709,,
absolute,right_step,9.5,4,2379,2379.0,0.14226169785489345,0.4081785618423972,0.26591686398750375,,
absolute,right_step,9.5,5,2379,2379.0,0.184091062126528,0.4078414261671759,0.22375036404064788,,
absolute,right_step,9.5,6,2378,2378.0,0.23490578129514786,0.5048810204927165,0.2699752391975687,,
absolute,right_step,9.5,7,2378,2378.0,0.29000908071159315,0.5583356695635919,0.2683265888519988,,
absolute,right_step,9.5,8,2378,2378.0,0.3695206468273216,0.46931617886591714,0.09979553203859554,,
absolute,right_step,9.5,9,2378,2378.0,0.5554395046814056,0.7371251980362625,0.18168569335485696,,
absolute,right_step,9.5,0,2379,1079909.0,0.037787361520269326,0.07266924327154145,0.034881881751272124,,
absolute,right_step,9.5,1,2379,752376.0,0.06478258829314001,0.07011910306740299,0.005336514774262974,,
absolute,right_step,9.5,2,2379,963400.0,0.08852747749260452,0.26659792505644075,0.17807044756383622,,
absolute,right_step,9.5,3,2379,993995.0,0.11356012942028479,0.3429667869522983,0.22940665753201353,,
absolute,right_step,9.5,4,2379,942428.0,0.14268536770436613,0.4478804919319542,0.3051951242275881,,
absolute,right_step,9.5,5,2379,936914.0,0.18398227513863233,0.43580221759864046,0.25181994246000816,,
absolute,right_step,9.5,6,2378,913298.0,0.23331751532689185,0.5403701286005578,0.30705261327366595,,
absolute,right_step,9.5,7,2378,783463.0,0.28938878259712586,0.42956279198209313,0.14017400938496727,,
absolute,right_step,9.5,8,2378,558395.0,0.371164771666848,0.5297500087685332,0.15858523710168515,,
absolute,right_step,9.5,9,2378,389282.0,0.5694939830527398,0.70249662886188,0.13300264580914023,,
absolute,right_step,10.0,0,2379,2379.0,0.09995514329536412,0.051517658492702845,0.048437484802661274,,
absolute,right_step,10.0,1,2379,2379.0,0.16119576182715048,0.12587737382641595,0.03531838800073453,,
absolute,right_step,10.0,2,2379,2379.0,0.21553498606626617,0.1961621125782601,0.019372873488006065,,
absolute,right_step,10.0,3,2379,2379.0,0.26390412133918895,0.2799362146945693,0.01603209335538036,,
absolute,right_step,10.0,4,2379,2379.0,0.31195626415840194,0.40701228099825293,0.09505601683985099,,
absolute,right_step,10.0,5,2379,2379.0,0.36823562800588205,0.42417747384848725,0.0559418458426052,,
absolute,right_step,10.0,6,2378,2378.0,0.4237496967336595,0.5127867671970805,0.08903707046342102,,
absolute,right_step,10.0,7,2378,2378.0,0.4779190024706216,0.5547254125294807,0.07680641005885913,,
absolute,right_step,10.0,8,2378,2378.0,0.5579438364721274,0.5076202111865825,0.050323625285544904,,
absolute,right_step,10.0,9,2378,2378.0,0.6942218117089234,0.7270084469960141,0.03278663528709069,,
absolute,right_step,10.0,0,2379,847660.0,0.09725920700085677,0.055323248563353356,0.04193595843750342,,
absolute,right_step,10.0,1,2379,809261.0,0.16082897060928342,0.12582535274395878,0.03500361786532463,,
absolute,right_step,10.0,2,2379,924635.0,0.21580490615723913,0.25016796672764985,0.03436306057041072,,
absolute,right_step,10.0,3,2379,882243.0,0.2632064899533993,0.2683240066211302,0.005117516667730915,,
absolute,right_step,10.0,4,2379,985926.0,0.31086549467835584,0.42890418047982093,0.11803868580146509,,
absolute,right_step,10.0,5,2379,933847.0,0.36757549615046176,0.42740423462866894,0.05982873847820719,,
absolute,right_step,10.0,6,2378,786799.0,0.42265984149140917,0.49647035408242035,0.07381051259101118,,
absolute,right_step,10.0,7,2378,943717.0,0.4789895288459608,0.5384940655251003,0.059504536679139464,,
absolute,right_step,10.0,8,2378,749079.0,0.5520023919929196,0.4847602623955669,0.06724212959735265,,
absolute,right_step,10.0,9,2378,450293.0,0.69764219833842,0.6908261903660755,0.0068160079723444955,,
absolute,right_step,11.0,0,2379,2379.0,0.09995514329536412,0.05447506445731365,0.04548007883805047,,
absolute,right_step,11.0,1,2379,2379.0,0.16119576182715048,0.1494675330214833,0.011728228805667179,,
absolute,right_step,11.0,2,2379,2379.0,0.21553498606626617,0.21189029969333373,0.003644686372932443,,
absolute,right_step,11.0,3,2379,2379.0,0.26390412133918895,0.29181005803293913,0.02790593669375019,,
absolute,right_step,11.0,4,2379,2379.0,0.31195626415840194,0.41383313182789194,0.10187686766949,,
absolute,right_step,11.0,5,2379,2379.0,0.36823562800588205,0.4385413519769916,0.07030572397110957,,
absolute,right_step,11.0,6,2378,2378.0,0.4237496967336595,0.5149124793820845,0.09116278264842503,,
absolute,right_step,11.0,7,2378,2378.0,0.4779190024706216,0.5597757859223411,0.08185678345171954,,
absolute,right_step,11.0,8,2378,2378.0,0.5579438364721274,0.5097535724899336,0.04819026398219384,,
absolute,right_step,11.0,9,2378,2378.0,0.6942218117089234,0.7270084469960141,0.03278663528709069,,
absolute,right_step,11.0,0,2379,847660.0,0.09725920700085677,0.0624569950648336,0.034802211936023175,,
absolute,right_step,11.0,1,2379,809261.0,0.16082897060928342,0.1598213841982361,0.001007586411047312,,
absolute,right_step,11.0,2,2379,924635.0,0.21580490615723913,0.26652485277275484,0.05071994661551571,,
absolute,right_step,11.0,3,2379,882243.0,0.2632064899533993,0.2833614416658663,0.020154951712467006,,
absolute,right_step,11.0,4,2379,985926.0,0.31086549467835584,0.4546027484174512,0.14373725373909535,,
absolute,right_step,11.0,5,2379,933847.0,0.36757549615046176,0.448131249917022,0.08055575376656027,,
absolute,right_step,11.0,6,2378,786799.0,0.42265984149140917,0.5004115804117955,0.07775173892038628,,
absolute,right_step,11.0,7,2378,943717.0,0.4789895288459608,0.5488317233829505,0.0698421945369897,,
absolute,right_step,11.0,8,2378,749079.0,0.5520023919929196,0.4929247717912153,0.05907762020170426,,
absolute,right_step,11.0,9,2378,450293.0,0.69764219833842,0.6908261903660755,0.0068160079723444955,,
absolute,right_step,12.5,0,2379,2379.0,0.09995514329536412,0.08573907036891282,0.0142160729264513,,
absolute,right_step,12.5,1,2379,2379.0,0.16119576182715048,0.1631927165531587,0.001996954726008221,,
absolute,right_step,12.5,2,2379,2379.0,0.21553498606626617,0.2497229659971596,0.034187979930893425,,
absolute,right_step,12.5,3,2379,2379.0,0.26390412133918895,0.33506477305128646,0.07116065171209751,,
absolute,right_step,12.5,4,2379,2379.0,0.31195626415840194,0.43822109641607465,0.1262648322576727,,
absolute,right_step,12.5,5,2379,2379.0,0.36823562800588205,0.4723896502752889,0.10415402226940684,,
absolute,right_step,12.5,6,2378,2378.0,0.4237496967336595,0.5404210256021326,0.11667132886847309,,
absolute,right_step,12.5,7,2378,2378.0,0.4779190024706216,0.5673513460116316,0.08943234354101004,,
absolute,right_step,12.5,8,2378,2378.0,0.5579438364721274,0.5682076722017517,0.010263835729624304,,
absolute,right_step,12.5,9,2378,2378.0,0.6942218117089234,0.749541083116978,0.05531927140805459,,
absolute,right_step,12.5,0,2379,847660.0,0.09725920700085677,0.08401064485391974,0.013248562146937037,,
absolute,right_step,12.5,1,2379,809261.0,0.16082897060928342,0.17596144993936969,0.015132479330086268,,
absolute,right_step,12.5,2,2379,924635.0,0.21580490615723913,0.309942579782684,0.0941376736254449,,
absolute,right_step,12.5,3,2379,882243.0,0.2632064899533993,0.3311703526863513,0.06796386273295202,,
absolute,right_step,12.5,4,2379,985926.0,0.31086549467835584,0.4845833247328224,0.17371783005446656,,
absolute,right_step,12.5,5,2379,933847.0,0.36757549615046176,0.474454055706249,0.10687855955578723,,
absolute,right_step,12.5,6,2378,786799.0,0.42265984149140917,0.5267617489287935,0.10410190743738429,,
absolute,right_step,12.5,7,2378,943717.0,0.4789895288459608,0.5564266067400383,0.0774370778940775,,
absolute,right_step,12.5,8,2378,749079.0,0.5520023919929196,0.5200247780027318,0.031977613990187725,,
absolute,right_step,12.5,9,2378,450293.0,0.69764219833842,0.7207920560482295,0.023149857709809485,,
absolute,right_step,15.0,0,2379,2379.0,0.09995514329536412,0.14742210905936515,0.04746696576400103,,
absolute,right_step,15.0,1,2379,2379.0,0.16119576182715048,0.1700553083189965,0.008859546491846032,,
absolute,right_step,15.0,2,2379,2379.0,0.21553498606626617,0.2552490857943478,0.039714099728081625,,
absolute,right_step,15.0,3,2379,2379.0,0.26390412133918895,0.3532996038923546,0.08939548255316565,,
absolute,right_step,15.0,4,2379,2379.0,0.31195626415840194,0.47929556309090826,0.16733929893250632,,
absolute,right_step,15.0,5,2379,2379.0,0.36823562800588205,0.4884675919669802,0.12023196396109814,,
absolute,right_step,15.0,6,2378,2378.0,0.4237496967336595,0.5667798566961822,0.14303015996252277,,
absolute,right_step,15.0,7,2378,2378.0,0.4779190024706216,0.5904988907289082,0.11257988825828658,,
absolute,right_step,15.0,8,2378,2378.0,0.5579438364721274,0.568634344462422,0.010690507990294584,,
absolute,right_step,15.0,9,2378,2378.0,0.6942218117089234,0.749541083116978,0.05531927140805459,,
absolute,right_step,15.0,0,2379,847660.0,0.09725920700085677,0.11126254892863674,0.014003341927779966,,
absolute,right_step,15.0,1,2379,809261.0,0.16082897060928342,0.18128970445142356,0.020460733842140144,,
absolute,right_step,15.0,2,2379,924635.0,0.21580490615723913,0.31218180543123675,0.09637689927399762,,
absolute,right_step,15.0,3,2379,882243.0,0.2632064899533993,0.34936495824354286,0.08615846829014356,,
absolute,right_step,15.0,4,2379,985926.0,0.31086549467835584,0.5198710089064248,0.20900551422806896,,
absolute,right_step,15.0,5,2379,933847.0,0.36757549615046176,0.4941159141593362,0.12654041800887444,,
absolute,right_step,15.0,6,2378,786799.0,0.42265984149140917,0.5597763817928398,0.13711654030143067,,
absolute,right_step,15.0,7,2378,943717.0,0.4789895288459608,0.59363108449377,0.1146415556478092,,
absolute,right_step,15.0,8,2378,749079.0,0.5520023919929196,0.520114797651932,0.031887594340987535,,
absolute,right_step,15.0,9,2378,450293.0,0.69764219833842,0.7207920560482295,0.023149857709809485,,
absolute,right_step,17.5,0,2379,2379.0,0.09995514329536412,0.14742210905936515,0.04746696576400103,,
absolute,right_step,17.5,1,2379,2379.0,0.16119576182715048,0.1859250517774964,0.02472928995034593,,
absolute,right_step,17.5,2,2379,2379.0,0.21553498606626617,0.2709772729094214,0.05544228684315525,,
absolute,right_step,17.5,3,2379,2379.0,0.26390412133918895,0.3821560031271899,0.11825188178800095,,
absolute,right_step,17.5,4,2379,2379.0,0.31195626415840194,0.49084775684320514,0.1788914926848032,,
absolute,right_step,17.5,5,2379,2379.0,0.36823562800588205,0.5193541641641766,0.15111853615829451,,
absolute,right_step,17.5,6,2378,2378.0,0.4237496967336595,0.6264813937559478,0.20273169702228833,,
absolute,right_step,17.5,7,2378,2378.0,0.4779190024706216,0.6140929735439193,0.13617397107329776,,
absolute,right_step,17.5,8,2378,2378.0,0.5579438364721274,0.5763144451544857,0.01837060868235829,,
absolute,right_step,17.5,9,2378,2378.0,0.6942218117089234,0.749541083116978,0.05531927140805459,,
absolute,right_step,17.5,0,2379,847660.0,0.09725920700085677,0.11126254892863674,0.014003341927779966,,
absolute,right_step,17.5,1,2379,809261.0,0.16082897060928342,0.18556240901748766,0.024733438408204245,,
absolute,right_step,17.5,2,2379,924635.0,0.21580490615723913,0.3295730159874637,0.11376810983022456,,
absolute,right_step,17.5,3,2379,882243.0,0.2632064899533993,0.3870869239388044,0.1238804339854051,,
absolute,right_step,17.5,4,2379,985926.0,0.31086549467835584,0.5237321281302765,0.21286663345192064,,
absolute,right_step,17.5,5,2379,933847.0,0.36757549615046176,0.531165818027576,0.16359032187711425,,
absolute,right_step,17.5,6,2378,786799.0,0.42265984149140917,0.6092389163626479,0.18657907487123876,,
absolute,right_step,17.5,7,2378,943717.0,0.4789895288459608,0.6166684970105802,0.13767896816461944,,
absolute,right_step,17.5,8,2378,749079.0,0.5520023919929196,0.5449233946110782,0.007078997381841368,,
absolute,right_step,17.5,9,2378,450293.0,0.69764219833842,0.7207920560482295,0.023149857709809485,,
absolute,right_step,19.0,0,2379,2379.0,0.09995514329536412,0.14742210905936515,0.04746696576400103,,
absolute,right_step,19.0,1,2379,2379.0,0.16119576182715048,0.1859250517774964,0.02472928995034593,,
absolute,right_step,19.0,2,2379,2379.0,0.21553498606626617,0.2765033927066095,0.06096840664034334,,
absolute,right_step,19.0,3,2379,2379.0,0.26390412133918895,0.39107333916452947,0.12716921782534052,,
absolute,right_step,19.0,4,2379,2379.0,0.31195626415840194,0.49427062906610797,0.18231436490770603,,
absolute,right_step,19.0,5,2379,2379.0,0.36823562800588205,0.5193541641641766,0.15111853615829451,,
absolute,right_step,19.0,6,2378,2378.0,0.4237496967336595,0.6282046629889076,0.20445496625524817,,
absolute,right_step,19.0,7,2378,2378.0,0.4779190024706216,0.6170614891320431,0.13914248666142148,,
absolute,right_step,19.0,8,2378,2378.0,0.5579438364721274,0.5865545794105707,0.028610742938443234,,
absolute,right_step,19.0,9,2378,2378.0,0.6942218117089234,0.749541083116978,0.05531927140805459,,
absolute,right_step,19.0,0,2379,847660.0,0.09725920700085677,0.11126254892863674,0.014003341927779966,,
absolute,right_step,19.0,1,2379,809261.0,0.16082897060928342,0.18556240901748766,0.024733438408204245,,
absolute,right_step,19.0,2,2379,924635.0,0.21580490615723913,0.3304508880515251,0.11464598189428599,,
absolute,right_step,19.0,3,2379,882243.0,0.2632064899533993,0.40122989164041467,0.13802340168701538,,
absolute,right_step,19.0,4,2379,985926.0,0.31086549467835584,0.5273378305583121,0.21647233587995623,,
absolute,right_step,19.0,5,2379,933847.0,0.36757549615046176,0.531165818027576,0.16359032187711425,,
absolute,right_step,19.0,6,2378,786799.0,0.42265984149140917,0.6121999563717301,0.1895401148803209,,
absolute,right_step,19.0,7,2378,943717.0,0.4789895288459608,0.620632223468202,0.14164269462224122,,
absolute,right_step,19.0,8,2378,749079.0,0.5520023919929196,0.5585463681900518,0.006543976197132206,,
absolute,right_step,19.0,9,2378,450293.0,0.69764219833842,0.7207920560482295,0.023149857709809485,,
absolute,right_step,20.0,0,2379,2379.0,0.17720028724668688,0.1628805891100975,0.01431969813658937,,
absolute,right_step,20.0,1,2379,2379.0,0.29940320690352584,0.2405821917808214,0.058821015122704434,,
absolute,right_step,20.0,2,2379,2379.0,0.34939810538011673,0.26929552422387093,0.0801025811562458,,
absolute,right_step,20.0,3,2379,2379.0,0.3951446514901139,0.33606854386509266,0.059076107625021246,,
absolute,right_step,20.0,4,2379,2379.0,0.43917003935022925,0.4758491618291485,0.036679122478919246,,
absolute,right_step,20.0,5,2379,2379.0,0.48267460460295897,0.5641416843823932,0.08146707977943424,,
absolute,right_step,20.0,6,2378,2378.0,0.5230320327600606,0.601285954262065,0.07825392150200439,,
absolute,right_step,20.0,7,2378,2378.0,0.5680385617170154,0.5909079359450065,0.02286937422799107,,
absolute,right_step,20.0,8,2378,2378.0,0.6268346164426398,0.6170606512153815,0.009773965227258374,,
absolute,right_step,20.0,9,2378,2378.0,0.732295652781516,0.7657695542472667,0.03347390146575069,,
absolute,right_step,20.0,0,2379,895449.0,0.18076613913167133,0.12946586268170213,0.05130027644996921,,
absolute,right_step,20.0,1,2379,805484.0,0.29875597645858964,0.2509558468097015,0.047800129648888134,,
absolute,right_step,20.0,2,2379,884990.0,0.34966635408045704,0.30069399206810743,0.04897236201234961,,
absolute,right_step,20.0,3,2379,742386.0,0.39644965588456915,0.37442032704803463,0.022029328836534523,,
absolute,right_step,20.0,4,2379,881826.0,0.4382152586574271,0.5109401334701068,0.0727248748126797,,
absolute,right_step,20.0,5,2379,852008.0,0.48137852799553943,0.5389637651099319,0.05758523711439251,,
absolute,right_step,20.0,6,2378,862531.0,0.5230186443359539,0.5865434030410039,0.06352475870505003,,
absolute,right_step,20.0,7,2378,938633.0,0.5691601915053573,0.5822676768018347,0.013107485296477317,,
absolute,right_step,20.0,8,2378,890530.0,0.6250662882345427,0.6167818919113712,0.008284396323171461,,
absolute,right_step,20.0,9,2378,559623.0,0.7270653442504451,0.7106980949675049,0.0163672492829402,,
absolute,right_step,24.0,0,2379,2379.0,0.17720028724668688,0.1645717394351276,0.012628547811559282,,
absolute,right_step,24.0,1,2379,2379.0,0.29940320690352584,0.2517196214790782,0.047683585424447616,,
absolute,right_step,24.0,2,2379,2379.0,0.34939810538011673,0.2968293160647105,0.052568789315406206,,
absolute,right_step,24.0,3,2379,2379.0,0.3951446514901139,0.3593795312716499,0.03576512021846401,,
absolute,right_step,24.0,4,2379,2379.0,0.43917003935022925,0.5012317690044924,0.062061729654263154,,
absolute,right_step,24.0,5,2379,2379.0,0.48267460460295897,0.5726214181492727,0.08994681354631373,,
absolute,right_step,24.0,6,2378,2378.0,0.5230320327600606,0.6055457197079832,0.0825136869479226,,
absolute,right_step,24.0,7,2378,2378.0,0.5680385617170154,0.5956101435778225,0.027571581860807104,,
absolute,right_step,24.0,8,2378,2378.0,0.6268346164426398,0.6292589467398062,0.002424330297166377,,
absolute,right_step,24.0,9,2378,2378.0,0.732295652781516,0.7703952901597981,0.03809963737828215,,
absolute,right_step,24.0,0,2379,895449.0,0.18076613913167133,0.1300697955274116,0.05069634360425973,,
absolute,right_step,24.0,1,2379,805484.0,0.29875597645858964,0.27019071367746317,0.028565262781126477,,
absolute,right_step,24.0,2,2379,884990.0,0.34966635408045704,0.3252624198033802,0.024403934277076822,,
absolute,right_step,24.0,3,2379,742386.0,0.39644965588456915,0.42809945182077447,0.031649795936205316,,
absolute,right_step,24.0,4,2379,881826.0,0.4382152586574271,0.5412085621842917,0.10299330352686459,,
absolute,right_step,24.0,5,2379,852008.0,0.48137852799553943,0.5665323043297894,0.08515377633424998,,
absolute,right_step,24.0,6,2378,862531.0,0.5230186443359539,0.611256966425355,0.08823832208940108,,
absolute,right_step,24.0,7,2378,938633.0,0.5691601915053573,0.5905345641887958,0.021374372683438447,,
absolute,right_step,24.0,8,2378,890530.0,0.6250662882345427,0.6252702504007341,0.00020396216619145147,,
absolute,right_step,24.0,9,2378,559623.0,0.7270653442504451,0.7329470018208687,0.005881657570423582,,
absolute,right_step,30.0,0,2379,2379.0,0.17720028724668688,0.1645717394351276,0.012628547811559282,,
absolute,right_step,30.0,1,2379,2379.0,0.29940320690352584,0.2598703432547197,0.03953286364880615,,
absolute,right_step,30.0,2,2379,2379.0,0.34939810538011673,0.31845583004720357,0.03094227533291316,,
absolute,right_step,30.0,3,2379,2379.0,0.3951446514901139,0.3759149680172146,0.019229683472899328,,
absolute,right_step,30.0,4,2379,2379.0,0.43917003935022925,0.5085639943877887,0.06939395503755941,,
absolute,right_step,30.0,5,2379,2379.0,0.48267460460295897,0.5866367497798723,0.10396214517691338,,
absolute,right_step,30.0,6,2378,2378.0,0.5230320327600606,0.623862711125431,0.10083067836537041,,
absolute,right_step,30.0,7,2378,2378.0,0.5680385617170154,0.630235490692195,0.06219692897517959,,
absolute,right_step,30.0,8,2378,2378.0,0.6268346164426398,0.6379720149715382,0.01113739852889839,,
absolute,right_step,30.0,9,2378,2378.0,0.732295652781516,0.7703952901597981,0.03809963737828215,,
absolute,right_step,30.0,0,2379,895449.0,0.18076613913167133,0.1300697955274116,0.05069634360425973,,
absolute,right_step,30.0,1,2379,805484.0,0.29875597645858964,0.28491863658389427,0.013837339874695376,,
absolute,right_step,30.0,2,2379,884990.0,0.34966635408045704,0.33054661556487075,0.019119738515586293,,
absolute,right_step,30.0,3,2379,742386.0,0.39644965588456915,0.46210381386508304,0.06565415798051388,,
absolute,right_step,30.0,4,2379,881826.0,0.4382152586574271,0.5455425389710105,0.10732728031358335,,
absolute,right_step,30.0,5,2379,852008.0,0.48137852799553943,0.5723419287142559,0.0909634007187165,,
absolute,right_step,30.0,6,2378,862531.0,0.5230186443359539,0.6293023831338378,0.10628373879788389,,
absolute,right_step,30.0,7,2378,938633.0,0.5691601915053573,0.6240835299114385,0.0549233384060811,,
absolute,right_step,30.0,8,2378,890530.0,0.6250662882345427,0.6413326081607968,0.016266319926254158,,
absolute,right_step,30.0,9,2378,559623.0,0.7270653442504451,0.7329470018208687,0.005881657570423582,,
absolute,right_step,40.0,0,2379,2379.0,0.17720028724668688,0.1672768719261879,0.00992341532049898,,
absolute,right_step,40.0,1,2379,2379.0,0.29940320690352584,0.2611590193837017,0.03824418751982417,,
absolute,right_step,40.0,2,2379,2379.0,0.34939810538011673,0.31845583004720357,0.03094227533291316,,
absolute,right_step,40.0,3,2379,2379.0,0.3951446514901139,0.3807122673546084,0.014432384135505516,,
absolute,right_step,40.0,4,2379,2379.0,0.43917003935022925,0.5225302041387573,0.08336016478852804,,
absolute,right_step,40.0,5,2379,2379.0,0.48267460460295897,0.6139445826823258,0.1312699780793668,,
absolute,right_step,40.0,6,2378,2378.0,0.5230320327600606,0.6366420074631853,0.11360997470312473,,
absolute,right_step,40.0,7,2378,2378.0,0.5680385617170154,0.6332338112926387,0.06519524957562328,,
absolute,right_step,40.0,8,2378,2378.0,0.6268346164426398,0.639278975206298,0.012444358763658125,,
absolute,right_step,40.0,9,2378,2378.0,0.732295652781516,0.7733389402859545,0.04104328750443853,,
absolute,right_step,40.0,0,2379,895449.0,0.18076613913167133,0.13820734433535686,0.04255879479631447,,
absolute,right_step,40.0,1,2379,805484.0,0.29875597645858964,0.2850968922429159,0.013659084215673745,,
absolute,right_step,40.0,2,2379,884990.0,0.34966635408045704,0.33054661556487075,0.019119738515586293,,
absolute,right_step,40.0,3,2379,742386.0,0.39644965588456915,0.469465800426658,0.07301614454208882,,
absolute,right_step,40.0,4,2379,881826.0,0.4382152586574271,0.5556884177199797,0.11747315906255257,,
absolute,right_step,40.0,5,2379,852008.0,0.48137852799553943,0.5975332303726975,0.11615470237715803,,
absolute,right_step,40.0,6,2378,862531.0,0.5230186443359539,0.6422606398236355,0.11924199548768155,,
absolute,right_step,40.0,7,2378,938633.0,0.5691601915053573,0.6401363663800395,0.07097617487468211,,
absolute,right_step,40.0,8,2378,890530.0,0.6250662882345427,0.6474237701967356,0.022357481962192893,,
absolute,right_step,40.0,9,2378,559623.0,0.7270653442504451,0.7380968973755546,0.011031553125109506,,
absolute,right_step,50.0,0,2379,2379.0,0.17720028724668688,0.1677287021638839,0.009471585082802964,,
absolute,right_step,50.0,1,2379,2379.0,0.29940320690352584,0.26158857809336233,0.03781462881016351,,
absolute,right_step,50.0,2,2379,2379.0,0.34939810538011673,0.32015226855362,0.02924583682649673,,
absolute,right_step,50.0,3,2379,2379.0,0.3951446514901139,0.38463733044883974,0.010507321041274165,,
absolute,right_step,50.0,4,2379,2379.0,0.43917003935022925,0.522966648193475,0.0837966088432458,,
absolute,right_step,50.0,5,2379,2379.0,0.48267460460295897,0.6139445826823258,0.1312699780793668,,
absolute,right_step,50.0,6,2378,2378.0,0.5230320327600606,0.6379199370969608,0.11488790433690022,,
absolute,right_step,50.0,7,2378,2378.0,0.5680385617170154,0.634525241534566,0.06648667981755063,,
absolute,right_step,50.0,8,2378,2378.0,0.6268346164426398,0.6418928956758174,0.015058279233177596,,
absolute,right_step,50.0,9,2378,2378.0,0.732295652781516,0.7746005046257359,0.04230485184421995,,
absolute,right_step,50.0,0,2379,895449.0,0.18076613913167133,0.13828339238726828,0.042482746744403055,,
absolute,right_step,50.0,1,2379,805484.0,0.29875597645858964,0.28515589235540906,0.013600084103180587,,
absolute,right_step,50.0,2,2379,884990.0,0.34966635408045704,0.3308899232204183,0.018776430860038718,,
absolute,right_step,50.0,3,2379,742386.0,0.39644965588456915,0.4704361803696313,0.07398652448506216,,
absolute,right_step,50.0,4,2379,881826.0,0.4382152586574271,0.5559281313348401,0.11771287267741298,,
absolute,right_step,50.0,5,2379,852008.0,0.48137852799553943,0.5975332303726975,0.11615470237715803,,
absolute,right_step,50.0,6,2378,862531.0,0.5230186443359539,0.6424858283290498,0.11946718399309586,,
absolute,right_step,50.0,7,2378,938633.0,0.5691601915053573,0.6421931849652046,0.07303299345984726,,
absolute,right_step,50.0,8,2378,890530.0,0.6250662882345427,0.6550833836264861,0.030017095391943416,,
absolute,right_step,50.0,9,2378,559623.0,0.7270653442504451,0.7434826660090812,0.016417321758636083,,
absolute,right_step,56.0,0,2379,2379.0,0.17720028724668688,0.1677287021638839,0.009471585082802964,,
absolute,right_step,56.0,1,2379,2379.0,0.29940320690352584,0.26158857809336233,0.03781462881016351,,
absolute,right_step,56.0,2,2379,2379.0,0.34939810538011673,0.32015226855362,0.02924583682649673,,
absolute,right_step,56.0,3,2379,2379.0,0.3951446514901139,0.38463733044883974,0.010507321041274165,,
absolute,right_step,56.0,4,2379,2379.0,0.43917003935022925,0.522966648193475,0.0837966088432458,,
absolute,right_step,56.0,5,2379,2379.0,0.48267460460295897,0.6139445826823258,0.1312699780793668,,
absolute,right_step,56.0,6,2378,2378.0,0.5230320327600606,0.6379199370969608,0.11488790433690022,,
absolute,right_step,56.0,7,2378,2378.0,0.5680385617170154,0.634525241534566,0.06648667981755063,,
absolute,right_step,56.0,8,2378,2378.0,0.6268346164426398,0.6418928956758174,0.015058279233177596,,
absolute,right_step,56.0,9,2378,2378.0,0.732295652781516,0.7746005046257359,0.04230485184421995,,
absolute,right_step,56.0,0,2379,895449.0,0.18076613913167133,0.13828339238726828,0.042482746744403055,,
absolute,right_step,56.0,1,2379,805484.0,0.29875597645858964,0.28515589235540906,0.013600084103180587,,
absolute,right_step,56.0,2,2379,884990.0,0.34966635408045704,0.3308899232204183,0.018776430860038718,,
absolute,right_step,56.0,3,2379,742386.0,0.39644965588456915,0.4704361803696313,0.07398652448506216,,
absolute,right_step,56.0,4,2379,881826.0,0.4382152586574271,0.5559281313348401,0.11771287267741298,,
absolute,right_step,56.0,5,2379,852008.0,0.48137852799553943,0.5975332303726975,0.11615470237715803,,
absolute,right_step,56.0,6,2378,862531.0,0.5230186443359539,0.6424858283290498,0.11946718399309586,,
absolute,right_step,56.0,7,2378,938633.0,0.5691601915053573,0.6421931849652046,0.07303299345984726,,
absolute,right_step,56.0,8,2378,890530.0,0.6250662882345427,0.6550833836264861,0.030017095391943416,,
absolute,right_step,56.0,9,2378,559623.0,0.7270653442504451,0.7434826660090812,0.016417321758636083,,
absolute,right_step,60.0,0,2379,2379.0,0.186830992881011,0.17997295097247445,0.006858041908536533,,
absolute,right_step,60.0,1,2379,2379.0,0.32555187710373534,0.281711749577806,0.04384012752592936,,
absolute,right_step,60.0,2,2379,2379.0,0.3832433630587576,0.3190416141235817,0.06420174893517594,,
absolute,right_step,60.0,3,2379,2379.0,0.4321629072298667,0.36547158026110615,0.06669132696876057,,
absolute,right_step,60.0,4,2379,2379.0,0.4787467792226372,0.5193575915446943,0.0406108123220571,,
absolute,right_step,60.0,5,2379,2379.0,0.51962093084377,0.6288364070382861,0.1092154761945161,,
absolute,right_step,60.0,6,2378,2378.0,0.5582704863766759,0.6422671664370142,0.08399668006033834,,
absolute,right_step,60.0,7,2378,2378.0,0.5992067675432656,0.6090757702983287,0.009869002755063083,,
absolute,right_step,60.0,8,2378,2378.0,0.6471361418156342,0.6462065525354002,0.0009295892802340111,,
absolute,right_step,60.0,9,2378,2378.0,0.7394774317822318,0.7674516400336417,0.02797420825140995,,
absolute,right_step,60.0,0,2379,955162.0,0.19582139788273586,0.14680387726162902,0.04901752062110684,,
absolute,right_step,60.0,1,2379,861018.0,0.32489750368684733,0.32916068291691536,0.004263179230068026,,
absolute,right_step,60.0,2,2379,834793.0,0.3842073825477054,0.33837221303530207,0.04583516951240335,,
absolute,right_step,60.0,3,2379,815044.0,0.43153329725647777,0.4652958250778174,0.03376252782133965,,
absolute,right_step,60.0,4,2379,802120.0,0.47921253770196787,0.5631816349413032,0.08396909723933538,,
absolute,right_step,60.0,5,2379,777616.0,0.5195676315328991,0.5888061264670716,0.06923849493417256,,
absolute,right_step,60.0,6,2378,825886.0,0.5582655079990253,0.6478664334691622,0.08960092547013687,,
absolute,right_step,60.0,7,2378,862744.0,0.5996314145844539,0.6418568516332251,0.04222543704877124,,
absolute,right_step,60.0,8,2378,829637.0,0.6473031032286422,0.6392862302613049,0.008016872967337219,,
absolute,right_step,60.0,9,2378,749440.0,0.7256353855509633,0.7167004696840306,0.008934915866932736,,
absolute,right_step,72.0,0,2379,2379.0,0.186830992881011,0.17997295097247445,0.006858041908536533,,
absolute,right_step,72.0,1,2379,2379.0,0.32555187710373534,0.281711749577806,0.04384012752592936,,
absolute,right_step,72.0,2,2379,2379.0,0.3832433630587576,0.3190416141235817,0.06420174893517594,,
absolute,right_step,72.0,3,2379,2379.0,0.4321629072298667,0.36547158026110615,0.06669132696876057,,
absolute,right_step,72.0,4,2379,2379.0,0.4787467792226372,0.5193575915446943,0.0406108123220571,,
absolute,right_step,72.0,5,2379,2379.0,0.51962093084377,0.6288364070382861,0.1092154761945161,,
absolute,right_step,72.0,6,2378,2378.0,0.5582704863766759,0.6422671664370142,0.08399668006033834,,
absolute,right_step,72.0,7,2378,2378.0,0.5992067675432656,0.6090757702983287,0.009869002755063083,,
absolute,right_step,72.0,8,2378,2378.0,0.6471361418156342,0.6462065525354002,0.0009295892802340111,,
absolute,right_step,72.0,9,2378,2378.0,0.7394774317822318,0.7674516400336417,0.02797420825140995,,
absolute,right_step,72.0,0,2379,955162.0,0.19582139788273586,0.14680387726162902,0.04901752062110684,,
absolute,right_step,72.0,1,2379,861018.0,0.32489750368684733,0.32916068291691536,0.004263179230068026,,
absolute,right_step,72.0,2,2379,834793.0,0.3842073825477054,0.33837221303530207,0.04583516951240335,,
absolute,right_step,72.0,3,2379,815044.0,0.43153329725647777,0.4652958250778174,0.03376252782133965,,
absolute,right_step,72.0,4,2379,802120.0,0.47921253770196787,0.5631816349413032,0.08396909723933538,,
absolute,right_step,72.0,5,2379,777616.0,0.5195676315328991,0.5888061264670716,0.06923849493417256,,
absolute,right_step,72.0,6,2378,825886.0,0.5582655079990253,0.6478664334691622,0.08960092547013687,,
absolute,right_step,72.0,7,2378,862744.0,0.5996314145844539,0.6418568516332251,0.04222543704877124,,
absolute,right_step,72.0,8,2378,829637.0,0.6473031032286422,0.6392862302613049,0.008016872967337219,,
absolute,right_step,72.0,9,2378,749440.0,0.7256353855509633,0.7167004696840306,0.008934915866932736,,
absolute,right_step,90.0,0,2379,2379.0,0.186830992881011,0.17997295097247445,0.006858041908536533,,
absolute,right_step,90.0,1,2379,2379.0,0.32555187710373534,0.281711749577806,0.04384012752592936,,
absolute,right_step,90.0,2,2379,2379.0,0.3832433630587576,0.3190416141235817,0.06420174893517594,,
absolute,right_step,90.0,3,2379,2379.0,0.4321629072298667,0.36547158026110615,0.06669132696876057,,
absolute,right_step,90.0,4,2379,2379.0,0.4787467792226372,0.5193575915446943,0.0406108123220571,,
absolute,right_step,90.0,5,2379,2379.0,0.51962093084377,0.6288364070382861,0.1092154761945161,,
absolute,right_step,90.0,6,2378,2378.0,0.5582704863766759,0.6422671664370142,0.08399668006033834,,
absolute,right_step,90.0,7,2378,2378.0,0.5992067675432656,0.6090757702983287,0.009869002755063083,,
absolute,right_step,90.0,8,2378,2378.0,0.6471361418156342,0.6462065525354002,0.0009295892802340111,,
absolute,right_step,90.0,9,2378,2378.0,0.7394774317822318,0.7674516400336417,0.02797420825140995,,
absolute,right_step,90.0,0,2379,955162.0,0.19582139788273586,0.14680387726162902,0.04901752062110684,,
absolute,right_step,90.0,1,2379,861018.0,0.32489750368684733,0.32916068291691536,0.004263179230068026,,
absolute,right_step,90.0,2,2379,834793.0,0.3842073825477054,0.33837221303530207,0.04583516951240335,,
absolute,right_step,90.0,3,2379,815044.0,0.43153329725647777,0.4652958250778174,0.03376252782133965,,
absolute,right_step,90.0,4,2379,802120.0,0.47921253770196787,0.5631816349413032,0.08396909723933538,,
absolute,right_step,90.0,5,2379,777616.0,0.5195676315328991,0.5888061264670716,0.06923849493417256,,
absolute,right_step,90.0,6,2378,825886.0,0.5582655079990253,0.6478664334691622,0.08960092547013687,,
absolute,right_step,90.0,7,2378,862744.0,0.5996314145844539,0.6418568516332251,0.04222543704877124,,
absolute,right_step,90.0,8,2378,829637.0,0.6473031032286422,0.6392862302613049,0.008016872967337219,,
absolute,right_step,90.0,9,2378,749440.0,0.7256353855509633,0.7167004696840306,0.008934915866932736,,
absolute,right_step,120.0,0,2379,2379.0,0.186830992881011,0.17997295097247445,0.006858041908536533,,
absolute,right_step,120.0,1,2379,2379.0,0.32555187710373534,0.281711749577806,0.04384012752592936,,
absolute,right_step,120.0,2,2379,2379.0,0.3832433630587576,0.3190416141235817,0.06420174893517594,,
absolute,right_step,120.0,3,2379,2379.0,0.4321629072298667,0.36547158026110615,0.06669132696876057,,
absolute,right_step,120.0,4,2379,2379.0,0.4787467792226372,0.5193575915446943,0.0406108123220571,,
absolute,right_step,120.0,5,2379,2379.0,0.51962093084377,0.6288364070382861,0.1092154761945161,,
absolute,right_step,120.0,6,2378,2378.0,0.5582704863766759,0.6422671664370142,0.08399668006033834,,
absolute,right_step,120.0,7,2378,2378.0,0.5992067675432656,0.6090757702983287,0.009869002755063083,,
absolute,right_step,120.0,8,2378,2378.0,0.6471361418156342,0.6462065525354002,0.0009295892802340111,,
absolute,right_step,120.0,9,2378,2378.0,0.7394774317822318,0.7674516400336417,0.02797420825140995,,
absolute,right_step,120.0,0,2379,955162.0,0.19582139788273586,0.14680387726162902,0.04901752062110684,,
absolute,right_step,120.0,1,2379,861018.0,0.32489750368684733,0.32916068291691536,0.004263179230068026,,
absolute,right_step,120.0,2,2379,834793.0,0.3842073825477054,0.33837221303530207,0.04583516951240335,,
absolute,right_step,120.0,3,2379,815044.0,0.43153329725647777,0.4652958250778174,0.03376252782133965,,
absolute,right_step,120.0,4,2379,802120.0,0.47921253770196787,0.5631816349413032,0.08396909723933538,,
absolute,right_step,120.0,5,2379,777616.0,0.5195676315328991,0.5888061264670716,0.06923849493417256,,
absolute,right_step,120.0,6,2378,825886.0,0.5582655079990253,0.6478664334691622,0.08960092547013687,,
absolute,right_step,120.0,7,2378,862744.0,0.5996314145844539,0.6418568516332251,0.04222543704877124,,
absolute,right_step,120.0,8,2378,829637.0,0.6473031032286422,0.6392862302613049,0.008016872967337219,,
absolute,right_step,120.0,9,2378,749440.0,0.7256353855509633,0.7167004696840306,0.008934915866932736,,
absolute,right_step,150.0,0,2379,2379.0,0.186830992881011,0.17997295097247445,0.006858041908536533,,
absolute,right_step,150.0,1,2379,2379.0,0.32555187710373534,0.281711749577806,0.04384012752592936,,
absolute,right_step,150.0,2,2379,2379.0,0.3832433630587576,0.3190416141235817,0.06420174893517594,,
absolute,right_step,150.0,3,2379,2379.0,0.4321629072298667,0.36547158026110615,0.06669132696876057,,
absolute,right_step,150.0,4,2379,2379.0,0.4787467792226372,0.5193575915446943,0.0406108123220571,,
absolute,right_step,150.0,5,2379,2379.0,0.51962093084377,0.6288364070382861,0.1092154761945161,,
absolute,right_step,150.0,6,2378,2378.0,0.5582704863766759,0.6422671664370142,0.08399668006033834,,
absolute,right_step,150.0,7,2378,2378.0,0.5992067675432656,0.6090757702983287,0.009869002755063083,,
absolute,right_step,150.0,8,2378,2378.0,0.6471361418156342,0.6462065525354002,0.0009295892802340111,,
absolute,right_step,150.0,9,2378,2378.0,0.7394774317822318,0.7674516400336417,0.02797420825140995,,
absolute,right_step,150.0,0,2379,955162.0,0.19582139788273586,0.14680387726162902,0.04901752062110684,,
absolute,right_step,150.0,1,2379,861018.0,0.32489750368684733,0.32916068291691536,0.004263179230068026,,
absolute,right_step,150.0,2,2379,834793.0,0.3842073825477054,0.33837221303530207,0.04583516951240335,,
absolute,right_step,150.0,3,2379,815044.0,0.43153329725647777,0.4652958250778174,0.03376252782133965,,
absolute,right_step,150.0,4,2379,802120.0,0.47921253770196787,0.5631816349413032,0.08396909723933538,,
absolute,right_step,150.0,5,2379,777616.0,0.5195676315328991,0.5888061264670716,0.06923849493417256,,
absolute,right_step,150.0,6,2378,825886.0,0.5582655079990253,0.6478664334691622,0.08960092547013687,,
absolute,right_step,150.0,7,2378,862744.0,0.5996314145844539,0.6418568516332251,0.04222543704877124,,
absolute,right_step,150.0,8,2378,829637.0,0.6473031032286422,0.6392862302613049,0.008016872967337219,,
absolute,right_step,150.0,9,2378,749440.0,0.7256353855509633,0.7167004696840306,0.008934915866932736,,
absolute,right_step,168.0,0,2379,2379.0,0.186830992881011,0.17997295097247445,0.006858041908536533,,
absolute,right_step,168.0,1,2379,2379.0,0.32555187710373534,0.281711749577806,0.04384012752592936,,
absolute,right_step,168.0,2,2379,2379.0,0.3832433630587576,0.3190416141235817,0.06420174893517594,,
absolute,right_step,168.0,3,2379,2379.0,0.4321629072298667,0.36547158026110615,0.06669132696876057,,
absolute,right_step,168.0,4,2379,2379.0,0.4787467792226372,0.5193575915446943,0.0406108123220571,,
absolute,right_step,168.0,5,2379,2379.0,0.51962093084377,0.6288364070382861,0.1092154761945161,,
absolute,right_step,168.0,6,2378,2378.0,0.5582704863766759,0.6422671664370142,0.08399668006033834,,
absolute,right_step,168.0,7,2378,2378.0,0.5992067675432656,0.6090757702983287,0.009869002755063083,,
absolute,right_step,168.0,8,2378,2378.0,0.6471361418156342,0.6462065525354002,0.0009295892802340111,,
absolute,right_step,168.0,9,2378,2378.0,0.7394774317822318,0.7674516400336417,0.02797420825140995,,
absolute,right_step,168.0,0,2379,955162.0,0.19582139788273586,0.14680387726162902,0.04901752062110684,,
absolute,right_step,168.0,1,2379,861018.0,0.32489750368684733,0.32916068291691536,0.004263179230068026,,
absolute,right_step,168.0,2,2379,834793.0,0.3842073825477054,0.33837221303530207,0.04583516951240335,,
absolute,right_step,168.0,3,2379,815044.0,0.43153329725647777,0.4652958250778174,0.03376252782133965,,
absolute,right_step,168.0,4,2379,802120.0,0.47921253770196787,0.5631816349413032,0.08396909723933538,,
absolute,right_step,168.0,5,2379,777616.0,0.5195676315328991,0.5888061264670716,0.06923849493417256,,
absolute,right_step,168.0,6,2378,825886.0,0.5582655079990253,0.6478664334691622,0.08960092547013687,,
absolute,right_step,168.0,7,2378,862744.0,0.5996314145844539,0.6418568516332251,0.04222543704877124,,
absolute,right_step,168.0,8,2378,829637.0,0.6473031032286422,0.6392862302613049,0.008016872967337219,,
absolute,right_step,168.0,9,2378,749440.0,0.7256353855509633,0.7167004696840306,0.008934915866932736,,
absolute,right_step,180.0,0,2379,2379.0,0.18685656015154561,0.17997295097247445,0.0068836091790711595,,
absolute,right_step,180.0,1,2379,2379.0,0.3257225271201357,0.28171174957780587,0.04401077754232985,,
absolute,right_step,180.0,2,2379,2379.0,0.38352438542987927,0.31904161412358123,0.06448277130629804,,
absolute,right_step,180.0,3,2379,2379.0,0.4324978286242056,0.3667319599790232,0.06576586864518241,,
absolute,right_step,180.0,4,2379,2379.0,0.4791367245205293,0.5193719555211871,0.04023523100065779,,
absolute,right_step,180.0,5,2379,2379.0,0.5200628002234251,0.6262998957995705,0.10623709557614536,,
absolute,right_step,180.0,6,2378,2378.0,0.5587245027546153,0.643543765053296,0.08481926229868075,,
absolute,right_step,180.0,7,2378,2378.0,0.5996134837820212,0.609495138857502,0.009881655075480777,,
absolute,right_step,180.0,8,2378,2378.0,0.6474862152269243,0.6466223444665009,0.0008638707604233797,,
absolute,right_step,180.0,9,2378,2378.0,0.7396785830214869,0.7666105971404542,0.026932014118967285,,
absolute,right_step,180.0,0,2379,955162.0,0.19583782560349564,0.14680387726162902,0.04903394834186661,,
absolute,right_step,180.0,1,2379,861093.0,0.32498721251984986,0.32937241399276385,0.004385201472913991,,
absolute,right_step,180.0,2,2379,834992.0,0.38439356993105445,0.3379948255230265,0.04639874440802794,,
absolute,right_step,180.0,3,2379,815428.0,0.43176413505771416,0.46616848931989974,0.03440435426218558,,
absolute,right_step,180.0,4,2379,801142.0,0.47948020842981043,0.5630877955873584,0.08360758715754801,,
absolute,right_step,180.0,5,2379,777905.0,0.5198753804877879,0.5881089002311392,0.06823351974335123,,
absolute,right_step,180.0,6,2378,833540.0,0.5587556758050792,0.6433475767744139,0.08459190096933467,,
absolute,right_step,180.0,7,2378,856316.0,0.6001692089354126,0.6469304784798612,0.04676126954444859,,
absolute,right_step,180.0,8,2378,828378.0,0.64766586668072,0.6391572485605144,0.008508618120205647,,
absolute,right_step,180.0,9,2378,749504.0,0.7258364292186563,0.7161482793954401,0.009688149823216197,,
absolute,right_step,222.0,0,2379,2379.0,0.18685656015154561,0.17997295097247445,0.0068836091790711595,,
absolute,right_step,222.0,1,2379,2379.0,0.3257225271201357,0.28171174957780587,0.04401077754232985,,
absolute,right_step,222.0,2,2379,2379.0,0.38352438542987927,0.31904161412358123,0.06448277130629804,,
absolute,right_step,222.0,3,2379,2379.0,0.4324978286242056,0.3667319599790232,0.06576586864518241,,
absolute,right_step,222.0,4,2379,2379.0,0.4791367245205293,0.5193719555211871,0.04023523100065779,,
absolute,right_step,222.0,5,2379,2379.0,0.5200628002234251,0.6262998957995705,0.10623709557614536,,
absolute,right_step,222.0,6,2378,2378.0,0.5587245027546153,0.643543765053296,0.08481926229868075,,
absolute,right_step,222.0,7,2378,2378.0,0.5996134837820212,0.609495138857502,0.009881655075480777,,
absolute,right_step,222.0,8,2378,2378.0,0.6474862152269243,0.6466223444665009,0.0008638707604233797,,
absolute,right_step,222.0,9,2378,2378.0,0.7396785830214869,0.7666105971404542,0.026932014118967285,,
absolute,right_step,222.0,0,2379,955162.0,0.19583782560349564,0.14680387726162902,0.04903394834186661,,
absolute,right_step,222.0,1,2379,861093.0,0.32498721251984986,0.32937241399276385,0.004385201472913991,,
absolute,right_step,222.0,2,2379,834992.0,0.38439356993105445,0.3379948255230265,0.04639874440802794,,
absolute,right_step,222.0,3,2379,815428.0,0.43176413505771416,0.46616848931989974,0.03440435426218558,,
absolute,right_step,222.0,4,2379,801142.0,0.47948020842981043,0.5630877955873584,0.08360758715754801,,
absolute,right_step,222.0,5,2379,777905.0,0.5198753804877879,0.5881089002311392,0.06823351974335123,,
absolute,right_step,222.0,6,2378,833540.0,0.5587556758050792,0.6433475767744139,0.08459190096933467,,
absolute,right_step,222.0,7,2378,856316.0,0.6001692089354126,0.6469304784798612,0.04676126954444859,,
absolute,right_step,222.0,8,2378,828378.0,0.64766586668072,0.6391572485605144,0.008508618120205647,,
absolute,right_step,222.0,9,2378,749504.0,0.7258364292186563,0.7161482793954401,0.009688149823216197,,
absolute,right_step,285.0,0,2379,2379.0,0.18685656015154561,0.17997295097247445,0.0068836091790711595,,
absolute,right_step,285.0,1,2379,2379.0,0.3257225271201357,0.28171174957780587,0.04401077754232985,,
absolute,right_step,285.0,2,2379,2379.0,0.38352438542987927,0.31904161412358123,0.06448277130629804,,
absolute,right_step,285.0,3,2379,2379.0,0.4324978286242056,0.3667319599790232,0.06576586864518241,,
absolute,right_step,285.0,4,2379,2379.0,0.4791367245205293,0.5193719555211871,0.04023523100065779,,
absolute,right_step,285.0,5,2379,2379.0,0.5200628002234251,0.6262998957995705,0.10623709557614536,,
absolute,right_step,285.0,6,2378,2378.0,0.5587245027546153,0.643543765053296,0.08481926229868075,,
absolute,right_step,285.0,7,2378,2378.0,0.5996134837820212,0.609495138857502,0.009881655075480777,,
absolute,right_step,285.0,8,2378,2378.0,0.6474862152269243,0.6466223444665009,0.0008638707604233797,,
absolute,right_step,285.0,9,2378,2378.0,0.7396785830214869,0.7666105971404542,0.026932014118967285,,
absolute,right_step,285.0,0,2379,955162.0,0.19583782560349564,0.14680387726162902,0.04903394834186661,,
absolute,right_step,285.0,1,2379,861093.0,0.32498721251984986,0.32937241399276385,0.004385201472913991,,
absolute,right_step,285.0,2,2379,834992.0,0.38439356993105445,0.3379948255230265,0.04639874440802794,,
absolute,right_step,285.0,3,2379,815428.0,0.43176413505771416,0.46616848931989974,0.03440435426218558,,
absolute,right_step,285.0,4,2379,801142.0,0.47948020842981043,0.5630877955873584,0.08360758715754801,,
absolute,right_step,285.0,5,2379,777905.0,0.5198753804877879,0.5881089002311392,0.06823351974335123,,
absolute,right_step,285.0,6,2378,833540.0,0.5587556758050792,0.6433475767744139,0.08459190096933467,,
absolute,right_step,285.0,7,2378,856316.0,0.6001692089354126,0.6469304784798612,0.04676126954444859,,
absolute,right_step,285.0,8,2378,828378.0,0.64766586668072,0.6391572485605144,0.008508618120205647,,
absolute,right_step,285.0,9,2378,749504.0,0.7258364292186563,0.7161482793954401,0.009688149823216197,,
absolute,right_step,390.0,0,2379,2379.0,0.18685656015154561,0.17997295097247445,0.0068836091790711595,,
absolute,right_step,390.0,1,2379,2379.0,0.3257225271201357,0.28171174957780587,0.04401077754232985,,
absolute,right_step,390.0,2,2379,2379.0,0.38352438542987927,0.31904161412358123,0.06448277130629804,,
absolute,right_step,390.0,3,2379,2379.0,0.4324978286242056,0.3667319599790232,0.06576586864518241,,
absolute,right_step,390.0,4,2379,2379.0,0.4791367245205293,0.5193719555211871,0.04023523100065779,,
absolute,right_step,390.0,5,2379,2379.0,0.5200628002234251,0.6262998957995705,0.10623709557614536,,
absolute,right_step,390.0,6,2378,2378.0,0.5587245027546153,0.643543765053296,0.08481926229868075,,
absolute,right_step,390.0,7,2378,2378.0,0.5996134837820212,0.609495138857502,0.009881655075480777,,
absolute,right_step,390.0,8,2378,2378.0,0.6474862152269243,0.6466223444665009,0.0008638707604233797,,
absolute,right_step,390.0,9,2378,2378.0,0.7396785830214869,0.7666105971404542,0.026932014118967285,,
absolute,right_step,390.0,0,2379,955162.0,0.19583782560349564,0.14680387726162902,0.04903394834186661,,
absolute,right_step,390.0,1,2379,861093.0,0.32498721251984986,0.32937241399276385,0.004385201472913991,,
absolute,right_step,390.0,2,2379,834992.0,0.38439356993105445,0.3379948255230265,0.04639874440802794,,
absolute,right_step,390.0,3,2379,815428.0,0.43176413505771416,0.46616848931989974,0.03440435426218558,,
absolute,right_step,390.0,4,2379,801142.0,0.47948020842981043,0.5630877955873584,0.08360758715754801,,
absolute,right_step,390.0,5,2379,777905.0,0.5198753804877879,0.5881089002311392,0.06823351974335123,,
absolute,right_step,390.0,6,2378,833540.0,0.5587556758050792,0.6433475767744139,0.08459190096933467,,
absolute,right_step,390.0,7,2378,856316.0,0.6001692089354126,0.6469304784798612,0.04676126954444859,,
absolute,right_step,390.0,8,2378,828378.0,0.64766586668072,0.6391572485605144,0.008508618120205647,,
absolute,right_step,390.0,9,2378,749504.0,0.7258364292186563,0.7161482793954401,0.009688149823216197,,
absolute,right_step,495.0,0,2379,2379.0,0.18685656015154561,0.17997295097247445,0.0068836091790711595,,
absolute,right_step,495.0,1,2379,2379.0,0.3257225271201357,0.28171174957780587,0.04401077754232985,,
absolute,right_step,495.0,2,2379,2379.0,0.38352438542987927,0.31904161412358123,0.06448277130629804,,
absolute,right_step,495.0,3,2379,2379.0,0.4324978286242056,0.3667319599790232,0.06576586864518241,,
absolute,right_step,495.0,4,2379,2379.0,0.4791367245205293,0.5193719555211871,0.04023523100065779,,
absolute,right_step,495.0,5,2379,2379.0,0.5200628002234251,0.6262998957995705,0.10623709557614536,,
absolute,right_step,495.0,6,2378,2378.0,0.5587245027546153,0.643543765053296,0.08481926229868075,,
absolute,right_step,495.0,7,2378,2378.0,0.5996134837820212,0.609495138857502,0.009881655075480777,,
absolute,right_step,495.0,8,2378,2378.0,0.6474862152269243,0.6466223444665009,0.0008638707604233797,,
absolute,right_step,495.0,9,2378,2378.0,0.7396785830214869,0.7666105971404542,0.026932014118967285,,
absolute,right_step,495.0,0,2379,955162.0,0.19583782560349564,0.14680387726162902,0.04903394834186661,,
absolute,right_step,495.0,1,2379,861093.0,0.32498721251984986,0.32937241399276385,0.004385201472913991,,
absolute,right_step,495.0,2,2379,834992.0,0.38439356993105445,0.3379948255230265,0.04639874440802794,,
absolute,right_step,495.0,3,2379,815428.0,0.43176413505771416,0.46616848931989974,0.03440435426218558,,
absolute,right_step,495.0,4,2379,801142.0,0.47948020842981043,0.5630877955873584,0.08360758715754801,,
absolute,right_step,495.0,5,2379,777905.0,0.5198753804877879,0.5881089002311392,0.06823351974335123,,
absolute,right_step,495.0,6,2378,833540.0,0.5587556758050792,0.6433475767744139,0.08459190096933467,,
absolute,right_step,495.0,7,2378,856316.0,0.6001692089354126,0.6469304784798612,0.04676126954444859,,
absolute,right_step,495.0,8,2378,828378.0,0.64766586668072,0.6391572485605144,0.008508618120205647,,
absolute,right_step,495.0,9,2378,749504.0,0.7258364292186563,0.7161482793954401,0.009688149823216197,,
absolute,right_step,558.0,0,2379,2379.0,0.18685656015154561,0.17997295097247445,0.0068836091790711595,,
absolute,right_step,558.0,1,2379,2379.0,0.3257225271201357,0.28171174957780587,0.04401077754232985,,
absolute,right_step,558.0,2,2379,2379.0,0.38352438542987927,0.31904161412358123,0.06448277130629804,,
absolute,right_step,558.0,3,2379,2379.0,0.4324978286242056,0.3667319599790232,0.06576586864518241,,
absolute,right_step,558.0,4,2379,2379.0,0.4791367245205293,0.5193719555211871,0.04023523100065779,,
absolute,right_step,558.0,5,2379,2379.0,0.5200628002234251,0.6262998957995705,0.10623709557614536,,
absolute,right_step,558.0,6,2378,2378.0,0.5587245027546153,0.643543765053296,0.08481926229868075,,
absolute,right_step,558.0,7,2378,2378.0,0.5996134837820212,0.609495138857502,0.009881655075480777,,
absolute,right_step,558.0,8,2378,2378.0,0.6474862152269243,0.6466223444665009,0.0008638707604233797,,
absolute,right_step,558.0,9,2378,2378.0,0.7396785830214869,0.7666105971404542,0.026932014118967285,,
absolute,right_step,558.0,0,2379,955162.0,0.19583782560349564,0.14680387726162902,0.04903394834186661,,
absolute,right_step,558.0,1,2379,861093.0,0.32498721251984986,0.32937241399276385,0.004385201472913991,,
absolute,right_step,558.0,2,2379,834992.0,0.38439356993105445,0.3379948255230265,0.04639874440802794,,
absolute,right_step,558.0,3,2379,815428.0,0.43176413505771416,0.46616848931989974,0.03440435426218558,,
absolute,right_step,558.0,4,2379,801142.0,0.47948020842981043,0.5630877955873584,0.08360758715754801,,
absolute,right_step,558.0,5,2379,777905.0,0.5198753804877879,0.5881089002311392,0.06823351974335123,,
absolute,right_step,558.0,6,2378,833540.0,0.5587556758050792,0.6433475767744139,0.08459190096933467,,
absolute,right_step,558.0,7,2378,856316.0,0.6001692089354126,0.6469304784798612,0.04676126954444859,,
absolute,right_step,558.0,8,2378,828378.0,0.64766586668072,0.6391572485605144,0.008508618120205647,,
absolute,right_step,558.0,9,2378,749504.0,0.7258364292186563,0.7161482793954401,0.009688149823216197,,
absolute,right_step,600.0,0,2379,2379.0,0.1868923516423637,0.17997295097247445,0.006919400669889247,,
absolute,right_step,600.0,1,2379,2379.0,0.3259212218159823,0.2817112574259505,0.04420996439003183,,
absolute,right_step,600.0,2,2379,2379.0,0.38383773536832816,0.3186092595928659,0.06522847577546226,,
absolute,right_step,600.0,3,2379,2379.0,0.4328672088550927,0.36758073718907447,0.06528647166601825,,
absolute,right_step,600.0,4,2379,2379.0,0.4795612702875308,0.5193650543307637,0.039803784043232926,,
absolute,right_step,600.0,5,2379,2379.0,0.5205440462657671,0.6279942715597273,0.1074502252939602,,
absolute,right_step,600.0,6,2378,2378.0,0.5592269289448827,0.6401455422767488,0.08091861333186612,,
absolute,right_step,600.0,7,2378,2378.0,0.6000693074213728,0.6116163919151751,0.011547084493802373,,
absolute,right_step,600.0,8,2378,2378.0,0.6478767813455322,0.6457824550964164,0.0020943262491157633,,
absolute,right_step,600.0,9,2378,2378.0,0.7399027360411063,0.7666105971404541,0.02670786109934775,,
absolute,right_step,600.0,0,2379,955162.0,0.1958574413665709,0.14680387726162902,0.04905356410494188,,
absolute,right_step,600.0,1,2379,861268.0,0.32508966021470653,0.32936464314708647,0.004274982932379934,,
absolute,right_step,600.0,2,2379,835865.0,0.3846149681662808,0.3378762286041178,0.04673873956216301,,
absolute,right_step,600.0,3,2379,820611.0,0.43220055008339653,0.4707264845814776,0.03852593449808106,,
absolute,right_step,600.0,4,2379,795186.0,0.47992588399003494,0.5594116903437489,0.079485806353714,,
absolute,right_step,600.0,5,2379,778374.0,0.5202283424482795,0.588721658196827,0.06849331574854745,,
absolute,right_step,600.0,6,2378,833642.0,0.5591173576157457,0.6414407730132833,0.08232341539753762,,
absolute,right_step,600.0,7,2378,855116.0,0.6005036789712317,0.6482264880361084,0.04772280906487669,,
absolute,right_step,600.0,8,2378,829843.0,0.6480396505943375,0.6396102980548228,0.008429352539514712,,
absolute,right_step,600.0,9,2378,748393.0,0.726123827023719,0.7157830177460238,0.010340809277695207,,
absolute,right_step,720.0,0,2379,2379.0,0.1868923516423637,0.17997295097247445,0.006919400669889247,,
absolute,right_step,720.0,1,2379,2379.0,0.3259212218159823,0.2817112574259505,0.04420996439003183,,
absolute,right_step,720.0,2,2379,2379.0,0.38383773536832816,0.3186092595928659,0.06522847577546226,,
absolute,right_step,720.0,3,2379,2379.0,0.4328672088550927,0.36758073718907447,0.06528647166601825,,
absolute,right_step,720.0,4,2379,2379.0,0.4795612702875308,0.5193650543307637,0.039803784043232926,,
absolute,right_step,720.0,5,2379,2379.0,0.5205440462657671,0.6279942715597273,0.1074502252939602,,
absolute,right_step,720.0,6,2378,2378.0,0.5592269289448827,0.6401455422767488,0.08091861333186612,,
absolute,right_step,720.0,7,2378,2378.0,0.6000693074213728,0.6116163919151751,0.011547084493802373,,
absolute,right_step,720.0,8,2378,2378.0,0.6478767813455322,0.6457824550964164,0.0020943262491157633,,
absolute,right_step,720.0,9,2378,2378.0,0.7399027360411063,0.7666105971404541,0.02670786109934775,,
absolute,right_step,720.0,0,2379,955162.0,0.1958574413665709,0.14680387726162902,0.04905356410494188,,
absolute,right_step,720.0,1,2379,861268.0,0.32508966021470653,0.32936464314708647,0.004274982932379934,,
absolute,right_step,720.0,2,2379,835865.0,0.3846149681662808,0.3378762286041178,0.04673873956216301,,
absolute,right_step,720.0,3,2379,820611.0,0.43220055008339653,0.4707264845814776,0.03852593449808106,,
absolute,right_step,720.0,4,2379,795186.0,0.47992588399003494,0.5594116903437489,0.079485806353714,,
absolute,right_step,720.0,5,2379,778374.0,0.5202283424482795,0.588721658196827,0.06849331574854745,,
absolute,right_step,720.0,6,2378,833642.0,0.5591173576157457,0.6414407730132833,0.08232341539753762,,
absolute,right_step,720.0,7,2378,855116.0,0.6005036789712317,0.6482264880361084,0.04772280906487669,,
absolute,right_step,720.0,8,2378,829843.0,0.6480396505943375,0.6396102980548228,0.008429352539514712,,
absolute,right_step,720.0,9,2378,748393.0,0.726123827023719,0.7157830177460238,0.010340809277695207,,
absolute,right_step,900.0,0,2379,2379.0,0.1868923516423637,0.17997295097247445,0.006919400669889247,,
absolute,right_step,900.0,1,2379,2379.0,0.3259212218159823,0.2817112574259505,0.04420996439003183,,
absolute,right_step,900.0,2,2379,2379.0,0.38383773536832816,0.3186092595928659,0.06522847577546226,,
absolute,right_step,900.0,3,2379,2379.0,0.4328672088550927,0.36758073718907447,0.06528647166601825,,
absolute,right_step,900.0,4,2379,2379.0,0.4795612702875308,0.5193650543307637,0.039803784043232926,,
absolute,right_step,900.0,5,2379,2379.0,0.5205440462657671,0.6279942715597273,0.1074502252939602,,
absolute,right_step,900.0,6,2378,2378.0,0.5592269289448827,0.6401455422767488,0.08091861333186612,,
absolute,right_step,900.0,7,2378,2378.0,0.6000693074213728,0.6116163919151751,0.011547084493802373,,
absolute,right_step,900.0,8,2378,2378.0,0.6478767813455322,0.6457824550964164,0.0020943262491157633,,
absolute,right_step,900.0,9,2378,2378.0,0.7399027360411063,0.7666105971404541,0.02670786109934775,,
absolute,right_step,900.0,0,2379,955162.0,0.1958574413665709,0.14680387726162902,0.04905356410494188,,
absolute,right_step,900.0,1,2379,861268.0,0.32508966021470653,0.32936464314708647,0.004274982932379934,,
absolute,right_step,900.0,2,2379,835865.0,0.3846149681662808,0.3378762286041178,0.04673873956216301,,
absolute,right_step,900.0,3,2379,820611.0,0.43220055008339653,0.4707264845814776,0.03852593449808106,,
absolute,right_step,900.0,4,2379,795186.0,0.47992588399003494,0.5594116903437489,0.079485806353714,,
absolute,right_step,900.0,5,2379,778374.0,0.5202283424482795,0.588721658196827,0.06849331574854745,,
absolute,right_step,900.0,6,2378,833642.0,0.5591173576157457,0.6414407730132833,0.08232341539753762,,
absolute,right_step,900.0,7,2378,855116.0,0.6005036789712317,0.6482264880361084,0.04772280906487669,,
absolute,right_step,900.0,8,2378,829843.0,0.6480396505943375,0.6396102980548228,0.008429352539514712,,
absolute,right_step,900.0,9,2378,748393.0,0.726123827023719,0.7157830177460238,0.010340809277695207,,
absolute,right_step,1200.0,0,2379,2379.0,0.1868923516423637,0.17997295097247445,0.006919400669889247,,
absolute,right_step,1200.0,1,2379,2379.0,0.3259212218159823,0.2817112574259505,0.04420996439003183,,
absolute,right_step,1200.0,2,2379,2379.0,0.38383773536832816,0.3186092595928659,0.06522847577546226,,
absolute,right_step,1200.0,3,2379,2379.0,0.4328672088550927,0.36758073718907447,0.06528647166601825,,
absolute,right_step,1200.0,4,2379,2379.0,0.4795612702875308,0.5193650543307637,0.039803784043232926,,
absolute,right_step,1200.0,5,2379,2379.0,0.5205440462657671,0.6279942715597273,0.1074502252939602,,
absolute,right_step,1200.0,6,2378,2378.0,0.5592269289448827,0.6401455422767488,0.08091861333186612,,
absolute,right_step,1200.0,7,2378,2378.0,0.6000693074213728,0.6116163919151751,0.011547084493802373,,
absolute,right_step,1200.0,8,2378,2378.0,0.6478767813455322,0.6457824550964164,0.0020943262491157633,,
absolute,right_step,1200.0,9,2378,2378.0,0.7399027360411063,0.7666105971404541,0.02670786109934775,,
absolute,right_step,1200.0,0,2379,955162.0,0.1958574413665709,0.14680387726162902,0.04905356410494188,,
absolute,right_step,1200.0,1,2379,861268.0,0.32508966021470653,0.32936464314708647,0.004274982932379934,,
absolute,right_step,1200.0,2,2379,835865.0,0.3846149681662808,0.3378762286041178,0.04673873956216301,,
absolute,right_step,1200.0,3,2379,820611.0,0.43220055008339653,0.4707264845814776,0.03852593449808106,,
absolute,right_step,1200.0,4,2379,795186.0,0.47992588399003494,0.5594116903437489,0.079485806353714,,
absolute,right_step,1200.0,5,2379,778374.0,0.5202283424482795,0.588721658196827,0.06849331574854745,,
absolute,right_step,1200.0,6,2378,833642.0,0.5591173576157457,0.6414407730132833,0.08232341539753762,,
absolute,right_step,1200.0,7,2378,855116.0,0.6005036789712317,0.6482264880361084,0.04772280906487669,,
absolute,right_step,1200.0,8,2378,829843.0,0.6480396505943375,0.6396102980548228,0.008429352539514712,,
absolute,right_step,1200.0,9,2378,748393.0,0.726123827023719,0.7157830177460238,0.010340809277695207,,
absolute,right_step,1500.0,0,2379,2379.0,0.1868923516423637,0.17997295097247445,0.006919400669889247,,
absolute,right_step,1500.0,1,2379,2379.0,0.3259212218159823,0.2817112574259505,0.04420996439003183,,
absolute,right_step,1500.0,2,2379,2379.0,0.38383773536832816,0.3186092595928659,0.06522847577546226,,
absolute,right_step,1500.0,3,2379,2379.0,0.4328672088550927,0.36758073718907447,0.06528647166601825,,
absolute,right_step,1500.0,4,2379,2379.0,0.4795612702875308,0.5193650543307637,0.039803784043232926,,
absolute,right_step,1500.0,5,2379,2379.0,0.5205440462657671,0.6279942715597273,0.1074502252939602,,
absolute,right_step,1500.0,6,2378,2378.0,0.5592269289448827,0.6401455422767488,0.08091861333186612,,
absolute,right_step,1500.0,7,2378,2378.0,0.6000693074213728,0.6116163919151751,0.011547084493802373,,
absolute,right_step,1500.0,8,2378,2378.0,0.6478767813455322,0.6457824550964164,0.0020943262491157633,,
absolute,right_step,1500.0,9,2378,2378.0,0.7399027360411063,0.7666105971404541,0.02670786109934775,,
absolute,right_step,1500.0,0,2379,955162.0,0.1958574413665709,0.14680387726162902,0.04905356410494188,,
absolute,right_step,1500.0,1,2379,861268.0,0.32508966021470653,0.32936464314708647,0.004274982932379934,,
absolute,right_step,1500.0,2,2379,835865.0,0.3846149681662808,0.3378762286041178,0.04673873956216301,,
absolute,right_step,1500.0,3,2379,820611.0,0.43220055008339653,0.4707264845814776,0.03852593449808106,,
absolute,right_step,1500.0,4,2379,795186.0,0.47992588399003494,0.5594116903437489,0.079485806353714,,
absolute,right_step,1500.0,5,2379,778374.0,0.5202283424482795,0.588721658196827,0.06849331574854745,,
absolute,right_step,1500.0,6,2378,833642.0,0.5591173576157457,0.6414407730132833,0.08232341539753762,,
absolute,right_step,1500.0,7,2378,855116.0,0.6005036789712317,0.6482264880361084,0.04772280906487669,,
absolute,right_step,1500.0,8,2378,829843.0,0.6480396505943375,0.6396102980548228,0.008429352539514712,,
absolute,right_step,1500.0,9,2378,748393.0,0.726123827023719,0.7157830177460238,0.010340809277695207,,
absolute,right_step,1680.0,0,2379,2379.0,0.1868923516423637,0.17997295097247445,0.006919400669889247,,
absolute,right_step,1680.0,1,2379,2379.0,0.3259212218159823,0.2817112574259505,0.04420996439003183,,
absolute,right_step,1680.0,2,2379,2379.0,0.38383773536832816,0.3186092595928659,0.06522847577546226,,
absolute,right_step,1680.0,3,2379,2379.0,0.4328672088550927,0.36758073718907447,0.06528647166601825,,
absolute,right_step,1680.0,4,2379,2379.0,0.4795612702875308,0.5193650543307637,0.039803784043232926,,
absolute,right_step,1680.0,5,2379,2379.0,0.5205440462657671,0.6279942715597273,0.1074502252939602,,
absolute,right_step,1680.0,6,2378,2378.0,0.5592269289448827,0.6401455422767488,0.08091861333186612,,
absolute,right_step,1680.0,7,2378,2378.0,0.6000693074213728,0.6116163919151751,0.011547084493802373,,
absolute,right_step,1680.0,8,2378,2378.0,0.6478767813455322,0.6457824550964164,0.0020943262491157633,,
absolute,right_step,1680.0,9,2378,2378.0,0.7399027360411063,0.7666105971404541,0.02670786109934775,,
absolute,right_step,1680.0,0,2379,955162.0,0.1958574413665709,0.14680387726162902,0.04905356410494188,,
absolute,right_step,1680.0,1,2379,861268.0,0.32508966021470653,0.32936464314708647,0.004274982932379934,,
absolute,right_step,1680.0,2,2379,835865.0,0.3846149681662808,0.3378762286041178,0.04673873956216301,,
absolute,right_step,1680.0,3,2379,820611.0,0.43220055008339653,0.4707264845814776,0.03852593449808106,,
absolute,right_step,1680.0,4,2379,795186.0,0.47992588399003494,0.5594116903437489,0.079485806353714,,
absolute,right_step,1680.0,5,2379,778374.0,0.5202283424482795,0.588721658196827,0.06849331574854745,,
absolute,right_step,1680.0,6,2378,833642.0,0.5591173576157457,0.6414407730132833,0.08232341539753762,,
absolute,right_step,1680.0,7,2378,855116.0,0.6005036789712317,0.6482264880361084,0.04772280906487669,,
absolute,right_step,1680.0,8,2378,829843.0,0.6480396505943375,0.6396102980548228,0.008429352539514712,,
absolute,right_step,1680.0,9,2378,748393.0,0.726123827023719,0.7157830177460238,0.010340809277695207,,
absolute,right_step,1800.0,0,2379,2379.0,0.18692808921987844,0.17997295097247445,0.006955138247403986,,
absolute,right_step,1800.0,1,2379,2379.0,0.32614373632823584,0.2817112574259505,0.044432478902285355,,
absolute,right_step,1800.0,2,2379,2379.0,0.3841978131133716,0.3168798414700068,0.06731797164336478,,
absolute,right_step,1800.0,3,2379,2379.0,0.4332997303489542,0.3713790522581142,0.06192067809084001,,
absolute,right_step,1800.0,4,2379,2379.0,0.48005759196948894,0.5168356679451721,0.03677807597568317,,
absolute,right_step,1800.0,5,2379,2379.0,0.5211039926693978,0.6292652908649408,0.10816129819554299,,
absolute,right_step,1800.0,6,2378,2378.0,0.5598065759982477,0.6392987044364815,0.07949212843823383,,
absolute,right_step,1800.0,7,2378,2378.0,0.6005954476340072,0.6120331571580679,0.011437709524060757,,
absolute,right_step,1800.0,8,2378,2378.0,0.6483264220608194,0.6453666485836373,0.002959773477182015,,
absolute,right_step,1800.0,9,2378,2378.0,0.7401530327864524,0.7666105971404541,0.026457564354001706,,
absolute,right_step,1800.0,0,2379,955162.0,0.19587889605522113,0.14680387726162902,0.04907501879359211,,
absolute,right_step,1800.0,1,2379,863432.0,0.3252791396089348,0.3286358490575614,0.0033567094486265936,,
absolute,right_step,1800.0,2,2379,841496.0,0.38512406163622165,0.3357127238780042,0.04941133775821743,,
absolute,right_step,1800.0,3,2379,813898.0,0.4327194046868115,0.4763351336274114,0.043615728940599896,,
absolute,right_step,1800.0,4,2379,796730.0,0.48034427645950856,0.5574467441725148,0.07710246771300627,,
absolute,right_step,1800.0,5,2379,776073.0,0.5206946757495262,0.5897288434784793,0.0690341677289531,,
absolute,right_step,1800.0,6,2378,847122.0,0.5598212147729648,0.6473766627148256,0.08755544794186088,,
absolute,right_step,1800.0,7,2378,842601.0,0.6012973597051321,0.6431059292917801,0.041808569586648026,,
absolute,right_step,1800.0,8,2378,828537.0,0.6484973712224262,0.638744221125009,0.009753150097417285,,
absolute,right_step,1800.0,9,2378,748409.0,0.7263865571459226,0.7156848728435923,0.010701684302330317,,
absolute,right_step,2340.0,0,2379,2379.0,0.18692808921987844,0.17997295097247445,0.006955138247403986,,
absolute,right_step,2340.0,1,2379,2379.0,0.32614373632823584,0.2817112574259505,0.044432478902285355,,
absolute,right_step,2340.0,2,2379,2379.0,0.3841978131133716,0.3168798414700068,0.06731797164336478,,
absolute,right_step,2340.0,3,2379,2379.0,0.4332997303489542,0.3713790522581142,0.06192067809084001,,
absolute,right_step,2340.0,4,2379,2379.0,0.48005759196948894,0.5168356679451721,0.03677807597568317,,
absolute,right_step,2340.0,5,2379,2379.0,0.5211039926693978,0.6292652908649408,0.10816129819554299,,
absolute,right_step,2340.0,6,2378,2378.0,0.5598065759982477,0.6392987044364815,0.07949212843823383,,
absolute,right_step,2340.0,7,2378,2378.0,0.6005954476340072,0.6120331571580679,0.011437709524060757,,
absolute,right_step,2340.0,8,2378,2378.0,0.6483264220608194,0.6453666485836373,0.002959773477182015,,
absolute,right_step,2340.0,9,2378,2378.0,0.7401530327864524,0.7666105971404541,0.026457564354001706,,
absolute,right_step,2340.0,0,2379,955162.0,0.19587889605522113,0.14680387726162902,0.04907501879359211,,
absolute,right_step,2340.0,1,2379,863432.0,0.3252791396089348,0.3286358490575614,0.0033567094486265936,,
absolute,right_step,2340.0,2,2379,841496.0,0.38512406163622165,0.3357127238780042,0.04941133775821743,,
absolute,right_step,2340.0,3,2379,813898.0,0.4327194046868115,0.4763351336274114,0.043615728940599896,,
absolute,right_step,2340.0,4,2379,796730.0,0.48034427645950856,0.5574467441725148,0.07710246771300627,,
absolute,right_step,2340.0,5,2379,776073.0,0.5206946757495262,0.5897288434784793,0.0690341677289531,,
absolute,right_step,2340.0,6,2378,847122.0,0.5598212147729648,0.6473766627148256,0.08755544794186088,,
absolute,right_step,2340.0,7,2378,842601.0,0.6012973597051321,0.6431059292917801,0.041808569586648026,,
absolute,right_step,2340.0,8,2378,828537.0,0.6484973712224262,0.638744221125009,0.009753150097417285,,
absolute,right_step,2340.0,9,2378,748409.0,0.7263865571459226,0.7156848728435923,0.010701684302330317,,
absolute,right_step,3150.0,0,2379,2379.0,0.18692808921987844,0.17997295097247445,0.006955138247403986,,
absolute,right_step,3150.0,1,2379,2379.0,0.32614373632823584,0.2817112574259505,0.044432478902285355,,
absolute,right_step,3150.0,2,2379,2379.0,0.3841978131133716,0.3168798414700068,0.06731797164336478,,
absolute,right_step,3150.0,3,2379,2379.0,0.4332997303489542,0.3713790522581142,0.06192067809084001,,
absolute,right_step,3150.0,4,2379,2379.0,0.48005759196948894,0.5168356679451721,0.03677807597568317,,
absolute,right_step,3150.0,5,2379,2379.0,0.5211039926693978,0.6292652908649408,0.10816129819554299,,
absolute,right_step,3150.0,6,2378,2378.0,0.5598065759982477,0.6392987044364815,0.07949212843823383,,
absolute,right_step,3150.0,7,2378,2378.0,0.6005954476340072,0.6120331571580679,0.011437709524060757,,
absolute,right_step,3150.0,8,2378,2378.0,0.6483264220608194,0.6453666485836373,0.002959773477182015,,
absolute,right_step,3150.0,9,2378,2378.0,0.7401530327864524,0.7666105971404541,0.026457564354001706,,
absolute,right_step,3150.0,0,2379,955162.0,0.19587889605522113,0.14680387726162902,0.04907501879359211,,
absolute,right_step,3150.0,1,2379,863432.0,0.3252791396089348,0.3286358490575614,0.0033567094486265936,,
absolute,right_step,3150.0,2,2379,841496.0,0.38512406163622165,0.3357127238780042,0.04941133775821743,,
absolute,right_step,3150.0,3,2379,813898.0,0.4327194046868115,0.4763351336274114,0.043615728940599896,,
absolute,right_step,3150.0,4,2379,796730.0,0.48034427645950856,0.5574467441725148,0.07710246771300627,,
absolute,right_step,3150.0,5,2379,776073.0,0.5206946757495262,0.5897288434784793,0.0690341677289531,,
absolute,right_step,3150.0,6,2378,847122.0,0.5598212147729648,0.6473766627148256,0.08755544794186088,,
absolute,right_step,3150.0,7,2378,842601.0,0.6012973597051321,0.6431059292917801,0.041808569586648026,,
absolute,right_step,3150.0,8,2378,828537.0,0.6484973712224262,0.638744221125009,0.009753150097417285,,
absolute,right_step,3150.0,9,2378,748409.0,0.7263865571459226,0.7156848728435923,0.010701684302330317,,
absolute,right_step,4500.0,0,2379,2379.0,0.18692808921987844,0.214348050655923,0.027419961436044554,,
absolute,right_step,4500.0,1,2379,2379.0,0.32614373632823584,0.2817112574259505,0.044432478902285355,,
absolute,right_step,4500.0,2,2379,2379.0,0.3841978131133716,0.317312196000722,0.06688561711264956,,
absolute,right_step,4500.0,3,2379,2379.0,0.4332997303489542,0.37480945306434554,0.05849027728460865,,
absolute,right_step,4500.0,4,2379,2379.0,0.48005759196948894,0.5221017642073501,0.042044172237861166,,
absolute,right_step,4500.0,5,2379,2379.0,0.5211039926693978,0.631391063279706,0.11028707061030818,,
absolute,right_step,4500.0,6,2378,2378.0,0.5598065759982477,0.6491515901822784,0.08934501418403074,,
absolute,right_step,4500.0,7,2378,2378.0,0.6005954476340072,0.6120331571580679,0.011437709524060757,,
absolute,right_step,4500.0,8,2378,2378.0,0.6483264220608194,0.6453666485836373,0.002959773477182015,,
absolute,right_step,4500.0,9,2378,2378.0,0.7401530327864524,0.7737594617325483,0.03360642894609589,,
absolute,right_step,4500.0,0,2379,955162.0,0.19587889605522113,0.15392557245493554,0.041953323600285586,,
absolute,right_step,4500.0,1,2379,863432.0,0.3252791396089348,0.3286358490575614,0.0033567094486265936,,
absolute,right_step,4500.0,2,2379,841496.0,0.38512406163622165,0.3357249851682076,0.04939907646801406,,
absolute,right_step,4500.0,3,2379,813898.0,0.4327194046868115,0.4769657773563858,0.04424637266957426,,
absolute,right_step,4500.0,4,2379,796730.0,0.48034427645950856,0.5582927136110227,0.07794843715151417,,
absolute,right_step,4500.0,5,2379,776073.0,0.5206946757495262,0.5978509323593577,0.0771562566098315,,
absolute,right_step,4500.0,6,2378,847122.0,0.5598212147729648,0.6514981561179883,0.09167694134502358,,
absolute,right_step,4500.0,7,2378,842601.0,0.6012973597051321,0.6431059292917801,0.041808569586648026,,
absolute,right_step,4500.0,8,2378,828537.0,0.6484973712224262,0.638744221125009,0.009753150097417285,,
absolute,right_step,4500.0,9,2378,748409.0,0.7263865571459226,0.7178481284965841,0.008538428649338514,,
absolute,right_step,5850.0,0,2379,2379.0,0.18692808921987844,0.214348050655923,0.027419961436044554,,
absolute,right_step,5850.0,1,2379,2379.0,0.32614373632823584,0.2817112574259505,0.044432478902285355,,
absolute,right_step,5850.0,2,2379,2379.0,0.3841978131133716,0.317312196000722,0.06688561711264956,,
absolute,right_step,5850.0,3,2379,2379.0,0.4332997303489542,0.37480945306434554,0.05849027728460865,,
absolute,right_step,5850.0,4,2379,2379.0,0.48005759196948894,0.5221017642073501,0.042044172237861166,,
absolute,right_step,5850.0,5,2379,2379.0,0.5211039926693978,0.631391063279706,0.11028707061030818,,
absolute,right_step,5850.0,6,2378,2378.0,0.5598065759982477,0.6491515901822784,0.08934501418403074,,
absolute,right_step,5850.0,7,2378,2378.0,0.6005954476340072,0.6120331571580679,0.011437709524060757,,
absolute,right_step,5850.0,8,2378,2378.0,0.6483264220608194,0.6453666485836373,0.002959773477182015,,
absolute,right_step,5850.0,9,2378,2378.0,0.7401530327864524,0.7737594617325483,0.03360642894609589,,
absolute,right_step,5850.0,0,2379,955162.0,0.19587889605522113,0.15392557245493554,0.041953323600285586,,
absolute,right_step,5850.0,1,2379,863432.0,0.3252791396089348,0.3286358490575614,0.0033567094486265936,,
absolute,right_step,5850.0,2,2379,841496.0,0.38512406163622165,0.3357249851682076,0.04939907646801406,,
absolute,right_step,5850.0,3,2379,813898.0,0.4327194046868115,0.4769657773563858,0.04424637266957426,,
absolute,right_step,5850.0,4,2379,796730.0,0.48034427645950856,0.5582927136110227,0.07794843715151417,,
absolute,right_step,5850.0,5,2379,776073.0,0.5206946757495262,0.5978509323593577,0.0771562566098315,,
absolute,right_step,5850.0,6,2378,847122.0,0.5598212147729648,0.6514981561179883,0.09167694134502358,,
absolute,right_step,5850.0,7,2378,842601.0,0.6012973597051321,0.6431059292917801,0.041808569586648026,,
absolute,right_step,5850.0,8,2378,828537.0,0.6484973712224262,0.638744221125009,0.009753150097417285,,
absolute,right_step,5850.0,9,2378,748409.0,0.7263865571459226,0.7178481284965841,0.008538428649338514,,
absolute,right_step,6660.0,0,2379,2379.0,0.18692808921987844,0.214348050655923,0.027419961436044554,,
absolute,right_step,6660.0,1,2379,2379.0,0.32614373632823584,0.2817112574259505,0.044432478902285355,,
absolute,right_step,6660.0,2,2379,2379.0,0.3841978131133716,0.317312196000722,0.06688561711264956,,
absolute,right_step,6660.0,3,2379,2379.0,0.4332997303489542,0.37480945306434554,0.05849027728460865,,
absolute,right_step,6660.0,4,2379,2379.0,0.48005759196948894,0.5221017642073501,0.042044172237861166,,
absolute,right_step,6660.0,5,2379,2379.0,0.5211039926693978,0.631391063279706,0.11028707061030818,,
absolute,right_step,6660.0,6,2378,2378.0,0.5598065759982477,0.6491515901822784,0.08934501418403074,,
absolute,right_step,6660.0,7,2378,2378.0,0.6005954476340072,0.6120331571580679,0.011437709524060757,,
absolute,right_step,6660.0,8,2378,2378.0,0.6483264220608194,0.6453666485836373,0.002959773477182015,,
absolute,right_step,6660.0,9,2378,2378.0,0.7401530327864524,0.7737594617325483,0.03360642894609589,,
absolute,right_step,6660.0,0,2379,955162.0,0.19587889605522113,0.15392557245493554,0.041953323600285586,,
absolute,right_step,6660.0,1,2379,863432.0,0.3252791396089348,0.3286358490575614,0.0033567094486265936,,
absolute,right_step,6660.0,2,2379,841496.0,0.38512406163622165,0.3357249851682076,0.04939907646801406,,
absolute,right_step,6660.0,3,2379,813898.0,0.4327194046868115,0.4769657773563858,0.04424637266957426,,
absolute,right_step,6660.0,4,2379,796730.0,0.48034427645950856,0.5582927136110227,0.07794843715151417,,
absolute,right_step,6660.0,5,2379,776073.0,0.5206946757495262,0.5978509323593577,0.0771562566098315,,
absolute,right_step,6660.0,6,2378,847122.0,0.5598212147729648,0.6514981561179883,0.09167694134502358,,
absolute,right_step,6660.0,7,2378,842601.0,0.6012973597051321,0.6431059292917801,0.041808569586648026,,
absolute,right_step,6660.0,8,2378,828537.0,0.6484973712224262,0.638744221125009,0.009753150097417285,,
absolute,right_step,6660.0,9,2378,748409.0,0.7263865571459226,0.7178481284965841,0.008538428649338514,,
absolute,right_step,7200.0,0,2379,2379.0,0.21711026375163525,0.21044903160259798,0.006661232149037272,,
absolute,right_step,7200.0,1,2379,2379.0,0.34294896516591516,0.2908056664801846,0.05214329868573059,,
absolute,right_step,7200.0,2,2379,2379.0,0.39747671433802106,0.32770001741010746,0.0697766969279136,,
absolute,right_step,7200.0,3,2379,2379.0,0.44380408551289474,0.3783359669342622,0.06546811857863255,,
absolute,right_step,7200.0,4,2379,2379.0,0.4887892249039241,0.5332656932739452,0.044476468370021116,,
absolute,right_step,7200.0,5,2379,2379.0,0.5297760648364619,0.6356213114000386,0.10584524656357674,,
absolute,right_step,7200.0,6,2378,2378.0,0.5684477425635479,0.645355493493407,0.07690775092985913,,
absolute,right_step,7200.0,7,2378,2378.0,0.6090790157244607,0.5895018655313764,0.01957715019308426,,
absolute,right_step,7200.0,8,2378,2378.0,0.6586785038248576,0.6526025248081296,0.0060759790167279615,,
absolute,right_step,7200.0,9,2378,2378.0,0.7630432341901074,0.757649030252058,0.005394203938049458,,
absolute,right_step,7200.0,0,2379,1106067.0,0.21648926841141503,0.18543300757017356,0.031056260841241468,,
absolute,right_step,7200.0,1,2379,841965.0,0.3419137522125463,0.31535714278045723,0.02655660943208904,,
absolute,right_step,7200.0,2,2379,854905.0,0.3971500734198161,0.39063886428245576,0.006511209137360363,,
absolute,right_step,7200.0,3,2379,751244.0,0.44321105316489784,0.4554200953374403,0.012209042172542484,,
absolute,right_step,7200.0,4,2379,822699.0,0.4881862187788466,0.5679430333779814,0.07975681459913475,,
absolute,right_step,7200.0,5,2379,765098.0,0.5293134501063316,0.6043900164847553,0.07507656637842375,,
absolute,right_step,7200.0,6,2378,828829.0,0.5670727138477492,0.6456009366738549,0.07852822282610572,,
absolute,right_step,7200.0,7,2378,843817.0,0.6089422059398418,0.6409729510327591,0.03203074509291726,,
absolute,right_step,7200.0,8,2378,849989.0,0.6583112918892227,0.6341111286841343,0.024200163205088332,,
absolute,right_step,7200.0,9,2378,648847.0,0.7394136731035467,0.7411008194073487,0.0016871463038020673,,
conditional,log_survival,5,0,1833,1833.0,0.0553098274960704,0.0267321331151118,0.0285776943809586,5,5
conditional,log_survival,5,1,1833,1833.0,0.09263348004674904,0.08674304418985235,0.005890435856896692,5,5
conditional,log_survival,5,2,1833,1833.0,0.11904580435375901,0.11367674513590376,0.005369059217855257,5,5
conditional,log_survival,5,3,1833,1833.0,0.14608346114051288,0.1316870813373292,0.014396379803183673,5,5
conditional,log_survival,5,4,1833,1833.0,0.16909860944848507,0.2398913732928757,0.07079276384439062,5,5
conditional,log_survival,5,5,1832,1832.0,0.1932273043745885,0.19765427224686782,0.004426967872279336,5,5
conditional,log_survival,5,6,1832,1832.0,0.22165057412538236,0.233908624203493,0.01225805007811065,5,5
conditional,log_survival,5,7,1832,1832.0,0.25241081694769285,0.18490660602154585,0.067504210926147,5,5
conditional,log_survival,5,8,1832,1832.0,0.2833309993918169,0.30347342187367954,0.020142422481862654,5,5
conditional,log_survival,5,9,1832,1832.0,0.3438510889103185,0.46811166084052747,0.12426057193020895,5,5
conditional,log_survival,5,0,1833,619675.0,0.05513062239404902,0.03106789849517888,0.02406272389887014,5,5
conditional,log_survival,5,1,1833,607283.0,0.09327022233787516,0.10755282133700439,0.014282598999129231,5,5
conditional,log_survival,5,2,1833,642459.0,0.1190538570445989,0.12476747890166562,0.005713621857066725,5,5
conditional,log_survival,5,3,1833,613615.0,0.14594113728059968,0.1567478422051416,0.010806704924541916,5,5
conditional,log_survival,5,4,1833,600683.0,0.16971815507497937,0.1930624520594908,0.02334429698451143,5,5
conditional,log_survival,5,5,1832,708273.0,0.19423235422158133,0.22936213100776082,0.035129776786179484,5,5
conditional,log_survival,5,6,1832,670696.0,0.22149859196760519,0.25937965893352044,0.037881066965915255,5,5
conditional,log_survival,5,7,1832,646247.0,0.25217242344831703,0.19691444840145866,0.055257975046858365,5,5
conditional,log_survival,5,8,1832,662552.0,0.2830701353208317,0.26484561091755854,0.018224524403273157,5,5
conditional,log_survival,5,9,1832,795221.0,0.343722888460228,0.3467130657432803,0.0029901772830522866,5,5
conditional,log_survival,20,0,1833,1833.0,0.11552749752185913,0.1298438429434985,0.014316345421639357,5,20
conditional,log_survival,20,1,1833,1833.0,0.21399683174407744,0.2607834855604245,0.046786653816347085,5,20
conditional,log_survival,20,2,1833,1833.0,0.26185495471279124,0.2154937261320241,0.04636122858076713,5,20
conditional,log_survival,20,3,1833,1833.0,0.29367974160219495,0.22344981945637832,0.07022992214581664,5,20
conditional,log_survival,20,4,1833,1833.0,0.31831084671366133,0.21056518150761117,0.10774566520605017,5,20
conditional,log_survival,20,5,1832,1832.0,0.34239860261722654,0.2909462466531002,0.05145235596412634,5,20
conditional,log_survival,20,6,1832,1832.0,0.36819064245239,0.41509538577212246,0.046904743319732434,5,20
conditional,log_survival,20,7,1832,1832.0,0.3922830787253776,0.47904641853584495,0.08676333981046735,5,20
conditional,log_survival,20,8,1832,1832.0,0.4199985648633436,0.48311615780017225,0.06311759293682867,5,20
conditional,log_survival,20,9,1832,1832.0,0.47160390073347264,0.53943239359424,0.06782849286076736,5,20
conditional,log_survival,20,0,1833,626468.0,0.11723245677710468,0.08305697290923497,0.03417548386786971,5,20
conditional,log_survival,20,1,1833,758501.0,0.20953287239209975,0.2495404282716125,0.04000755587951274,5,20
conditional,log_survival,20,2,1833,529882.0,0.26196441056037517,0.2765125065580639,0.014548095997688748,5,20
conditional,log_survival,20,3,1833,533004.0,0.2936304546307578,0.23638840923460847,0.057242045396149355,5,20
conditional,log_survival,20,4,1833,586194.0,0.31870893557599145,0.27827345117664526,0.04043548439934619,5,20
conditional,log_survival,20,5,1832,478713.0,0.3433291796640357,0.34368240953515883,0.00035322987112312854,5,20
conditional,log_survival,20,6,1832,477029.0,0.368846808412309,0.37806682491788346,0.009220016505574469,5,20
conditional,log_survival,20,7,1832,561672.0,0.39256498856396754,0.47662031828312346,0.08405532971915591,5,20
conditional,log_survival,20,8,1832,715542.0,0.4218472776337784,0.46404081496556004,0.04219353733178166,5,20
conditional,log_survival,20,9,1832,1299699.0,0.4800669419755637,0.4911413474137678,0.011074405438204094,5,20
conditional,log_survival,60,0,1833,1833.0,0.12117041743878981,0.1376222019776977,0.016451784538907888,5,60
conditional,log_survival,60,1,1833,1833.0,0.2263909398000515,0.28753361975368164,0.061142679953630125,5,60
conditional,log_survival,60,2,1833,1833.0,0.28421433724616013,0.19424141743290657,0.08997291981325356,5,60
conditional,log_survival,60,3,1833,1833.0,0.32181613491319166,0.25938117945126404,0.06243495546192762,5,60
conditional,log_survival,60,4,1833,1833.0,0.35306938581132563,0.28549329404799906,0.06757609176332657,5,60
conditional,log_survival,60,5,1832,1832.0,0.3818008988660125,0.354195201410449,0.02760569745556346,5,60
conditional,log_survival,60,6,1832,1832.0,0.40637607714177215,0.47253119927366183,0.06615512213188968,5,60
conditional,log_survival,60,7,1832,1832.0,0.4309238318446721,0.48777539572369444,0.05685156387902235,5,60
conditional,log_survival,60,8,1832,1832.0,0.45887467546406724,0.49641013501459574,0.037535459550528505,5,60
conditional,log_survival,60,9,1832,1832.0,0.5131117900136779,0.5250799124911916,0.011968122477513665,5,60
conditional,log_survival,60,0,1833,641818.0,0.12401811176588726,0.0849285108359048,0.039089600929982454,5,60
conditional,log_survival,60,1,1833,832269.0,0.2243891915553311,0.2731614758290519,0.04877228427372082,5,60
conditional,log_survival,60,2,1833,510020.0,0.2841922721692745,0.2399952350797493,0.044197037089525215,5,60
conditional,log_survival,60,3,1833,607682.0,0.3213172513789752,0.2746277647740324,0.04668948660494282,5,60
conditional,log_survival,60,4,1833,544710.0,0.35287324404819914,0.3645334757073857,0.01166023165918656,5,60
conditional,log_survival,60,5,1832,454490.0,0.3814675111620558,0.3245643513659977,0.05690315979605809,5,60
conditional,log_survival,60,6,1832,386299.0,0.4071316352411376,0.46704599741651087,0.05991436217537327,5,60
conditional,log_survival,60,7,1832,492017.0,0.4314829024646809,0.5009519788936201,0.06946907642893918,5,60
conditional,log_survival,60,8,1832,708155.0,0.4599526901676397,0.5005577002342798,0.040605010066640135,5,60
conditional,log_survival,60,9,1832,1389244.0,0.5250836833864977,0.5226219205020304,0.002461762884467311,5,60
conditional,log_survival,5,0,1262,1262.0,0.00023774131122408223,0.0,0.00023774131122408223,20,5
conditional,log_survival,5,1,1262,1262.0,0.0006866953637688406,0.023021169298694133,0.022334473934925294,20,5
conditional,log_survival,5,2,1262,1262.0,0.0014522585748564254,0.006345448058227454,0.004893189483371029,20,5
conditional,log_survival,5,3,1262,1262.0,0.00287472928397043,0.005546751188589494,0.002672021904619064,20,5
conditional,log_survival,5,4,1262,1262.0,0.004737421434206306,0.005546751188589494,0.000809329754383188,20,5
conditional,log_survival,5,5,1262,1262.0,0.007054583389786274,0.025356576862123448,0.018301993472337172,20,5
conditional,log_survival,5,6,1261,1261.0,0.009347657017272649,0.027755749405233843,0.018408092387961192,20,5
conditional,log_survival,5,7,1261,1261.0,0.011604734674054441,0.0626486915146709,0.05104395684061645,20,5
conditional,log_survival,5,8,1261,1261.0,0.0140933448968785,0.05551149881046802,0.04141815391358952,20,5
conditional,log_survival,5,9,1261,1261.0,0.01795929894236655,0.04916732751784292,0.031208028575476367,20,5
conditional,log_survival,5,0,1262,442827.0,0.0002927500079814522,0.0,0.0002927500079814522,20,5
conditional,log_survival,5,1,1262,468122.0,0.000677480564964215,0.027948267115559977,0.02727078655059576,20,5
conditional,log_survival,5,2,1262,570984.0,0.0014136544590756617,0.00474049356809636,0.0033268391090206986,20,5
conditional,log_survival,5,3,1262,537604.0,0.0028299590034595555,0.024659414736497576,0.02182945573303802,20,5
conditional,log_survival,5,4,1262,401344.0,0.004730127321988299,0.03773570802104931,0.03300558069906101,20,5
conditional,log_survival,5,5,1262,396460.0,0.006875773498916637,0.04520506482368958,0.03832929132477294,20,5
conditional,log_survival,5,6,1261,291019.0,0.009280210280940672,0.040000824688422254,0.030720614407481583,20,5
conditional,log_survival,5,7,1261,360938.0,0.011463594273797506,0.11523308712299629,0.10376949284919879,20,5
conditional,log_survival,5,8,1261,388055.0,0.014238908080347246,0.1341175864246047,0.11987867834425744,20,5
conditional,log_survival,5,9,1261,626482.0,0.01862619524040394,0.07123109682321271,0.05260490158280877,20,5
conditional,log_survival,20,0,1262,1262.0,0.0009505017475632061,0.0,0.0009505017475632061,20,20
conditional,log_survival,20,1,1262,1262.0,0.002743794973924324,0.023021169298694133,0.02027737432476981,20,20
conditional,log_survival,20,2,1262,1262.0,0.0057955091232662894,0.006345448058227454,0.0005499389349611647,20,20
conditional,log_survival,20,3,1262,1262.0,0.011447231764198734,0.01112217882521338,0.00032505293898535403,20,20
conditional,log_survival,20,4,1262,1262.0,0.018811498522256363,0.014289782066655432,0.0045217164556009305,20,20
conditional,log_survival,20,5,1262,1262.0,0.027914624597444856,0.04641936872897001,0.018504744131525155,20,20
conditional,log_survival,20,6,1261,1261.0,0.036863010454761744,0.0721649484536081,0.03530193799884636,20,20
conditional,log_survival,20,7,1261,1261.0,0.045609483073110156,0.12296935150187238,0.07735986842876222,20,20
conditional,log_survival,20,8,1261,1261.0,0.055183741161077396,0.1334820389086676,0.07829829774759021,20,20
conditional,log_survival,20,9,1261,1261.0,0.06990002347053963,0.16970658207771605,0.09980655860717642,20,20
conditional,log_survival,20,0,1262,442827.0,0.0011703637207275254,0.0,0.0011703637207275254,20,20
conditional,log_survival,20,1,1262,468122.0,0.0027070202467606545,0.027948267115559977,0.025241246868799323,20,20
conditional,log_survival,20,2,1262,570984.0,0.005641850065264829,0.00474049356809636,0.0009013564971684686,20,20
conditional,log_survival,20,3,1262,537604.0,0.011269774325788648,0.03785715436735504,0.02658738004156639,20,20
conditional,log_survival,20,4,1262,401344.0,0.01878292568008505,0.04156323281345575,0.022780307133370703,20,20
conditional,log_survival,20,5,1262,396793.0,0.027218825686623354,0.05635874060429902,0.029139914917675664,20,20
conditional,log_survival,20,6,1261,290686.0,0.036604933622032036,0.07021321976290551,0.033608286140873474,20,20
conditional,log_survival,20,7,1261,360822.0,0.04506241152365863,0.19455081881216862,0.14948840728850998,20,20
conditional,log_survival,20,8,1261,389960.0,0.05576199237828393,0.22866003706433058,0.17289804468604664,20,20
conditional,log_survival,20,9,1261,624693.0,0.07245399336621315,0.17100879952232528,0.09855480615611213,20,20
conditional,log_survival,60,0,1262,1262.0,0.0019053882816417796,0.0008665511265164572,0.0010388371551253224,20,60
conditional,log_survival,60,1,1262,1262.0,0.005498511628758007,0.023021169298694133,0.017522657669936124,20,60
conditional,log_survival,60,2,1262,1262.0,0.011596680304540835,0.011901024626592038,0.0003043443220512032,20,60
conditional,log_survival,60,3,1262,1262.0,0.02282560861784607,0.017517508307346108,0.005308100310499962,20,60
conditional,log_survival,60,4,1262,1262.0,0.037380090286855704,0.017484952951366428,0.019895137335489275,20,60
conditional,log_survival,60,5,1262,1262.0,0.055159295691399185,0.04644579156903017,0.008713504122369015,20,60
conditional,log_survival,60,6,1261,1261.0,0.07246768479868343,0.07771609833465531,0.005248413535971885,20,60
conditional,log_survival,60,7,1261,1261.0,0.08924003172861265,0.1261441230801461,0.036904091351533455,20,60
conditional,log_survival,60,8,1261,1261.0,0.10743267662679823,0.1334820389086675,0.02604936228186927,20,60
conditional,log_survival,60,9,1261,1261.0,0.13501734055553502,0.16970658207771605,0.03468924152218103,20,60
conditional,log_survival,60,0,1262,444137.0,0.0023470920266601735,0.00015080681646806315,0.0021962852101921103,20,60
conditional,log_survival,60,1,1262,466793.0,0.005425821337406643,0.02802893017374608,0.02260310883633944,20,60
conditional,log_survival,60,2,1262,571004.0,0.011272696752523396,0.0057307106126549545,0.005541986139868442,20,60
conditional,log_survival,60,3,1262,540590.0,0.02248652783536617,0.03891141413045551,0.01642488629508934,20,60
conditional,log_survival,60,4,1262,397638.0,0.03733601126464272,0.04696199428026193,0.009625983015619212,20,60
conditional,log_survival,60,5,1262,397303.0,0.05374571587279448,0.05577330861243701,0.0020275927396425295,20,60
conditional,log_survival,60,6,1261,291406.0,0.07195687904701786,0.08069840703348574,0.008741527986467879,20,60
conditional,log_survival,60,7,1261,360450.0,0.08817535481962412,0.2139150979809653,0.12573974316134118,20,60
conditional,log_survival,60,8,1261,390946.0,0.10851817755623668,0.2282837377392345,0.11976556018299782,20,60
conditional,log_survival,60,9,1261,623568.0,0.1397683036433759,0.1711890283016444,0.031420724658268506,20,60
conditional,log_survival,20,0,1163,1163.0,1.3350869929821177e-06,0.0,1.3350869929821177e-06,60,20
conditional,log_survival,20,1,1163,1163.0,5.966246127973007e-06,0.0,5.966246127973007e-06,60,20
conditional,log_survival,20,2,1163,1163.0,1.9006243255800686e-05,0.0,1.9006243255800686e-05,60,20
conditional,log_survival,20,3,1163,1163.0,4.0811646624497246e-05,0.0,4.0811646624497246e-05,60,20
conditional,log_survival,20,4,1163,1163.0,6.452853177133464e-05,0.0,6.452853177133464e-05,60,20
conditional,log_survival,20,5,1163,1163.0,8.614028068099517e-05,0.0,8.614028068099517e-05,60,20
conditional,log_survival,20,6,1163,1163.0,0.00011142025022671585,0.0,0.00011142025022671585,60,20
conditional,log_survival,20,7,1163,1163.0,0.0001443573436580749,0.0,0.0001443573436580749,60,20
conditional,log_survival,20,8,1163,1163.0,0.00018386129957366398,0.0,0.00018386129957366398,60,20
conditional,log_survival,20,9,1162,1162.0,0.0003252890218657103,0.0,0.0003252890218657103,60,20
conditional,log_survival,20,0,1163,659432.0,1.0551969249603335e-06,0.0,1.0551969249603335e-06,60,20
conditional,log_survival,20,1,1163,498458.0,6.677348750768624e-06,0.0,6.677348750768624e-06,60,20
conditional,log_survival,20,2,1163,630173.0,1.8902017184603485e-05,0.0,1.8902017184603485e-05,60,20
conditional,log_survival,20,3,1163,415492.0,4.0578815561595285e-05,0.0,4.0578815561595285e-05,60,20
conditional,log_survival,20,4,1163,404770.0,6.335360067687971e-05,0.0,6.335360067687971e-05,60,20
conditional,log_survival,20,5,1163,317856.0,8.506386112088735e-05,0.0,8.506386112088735e-05,60,20
conditional,log_survival,20,6,1163,324701.0,0.00011038971457059028,0.0,0.00011038971457059028,60,20
conditional,log_survival,20,7,1163,287120.0,0.0001429708526951219,0.0,0.0001429708526951219,60,20
conditional,log_survival,20,8,1163,271943.0,0.0001846596282284497,0.0,0.0001846596282284497,60,20
conditional,log_survival,20,9,1162,244140.0,0.00030601926391531434,0.0,0.00030601926391531434,60,20
conditional,log_survival,60,0,1163,1163.0,4.00525136212244e-06,0.0,4.00525136212244e-06,60,60
conditional,log_survival,60,1,1163,1163.0,1.7898584019467922e-05,0.0,1.7898584019467922e-05,60,60
conditional,log_survival,60,2,1163,1163.0,5.7017387711006935e-05,0.0,5.7017387711006935e-05,60,60
conditional,log_survival,60,3,1163,1163.0,0.00012242926570349077,0.0,0.00012242926570349077,60,60
conditional,log_survival,60,4,1163,1163.0,0.0001935719095150728,0.0,0.0001935719095150728,60,60
conditional,log_survival,60,5,1163,1163.0,0.0002583965350555157,0.0,0.0002583965350555157,60,60
conditional,log_survival,60,6,1163,1163.0,0.00033422039821734726,0.0,0.00033422039821734726,60,60
conditional,log_survival,60,7,1163,1163.0,0.0004330053364913957,0.0,0.0004330053364913957,60,60
conditional,log_survival,60,8,1163,1163.0,0.0005514752694880859,0.0,0.0005514752694880859,60,60
conditional,log_survival,60,9,1162,1162.0,0.0009754592061214446,0.0,0.0009754592061214446,60,60
conditional,log_survival,60,0,1163,659432.0,3.1655841283450844e-06,0.0,3.1655841283450844e-06,60,60
conditional,log_survival,60,1,1163,498458.0,2.0031872339948536e-05,0.0,2.0031872339948536e-05,60,60
conditional,log_survival,60,2,1163,630173.0,5.670475286625634e-05,0.0,5.670475286625634e-05,60,60
conditional,log_survival,60,3,1163,415492.0,0.000121730898943751,0.0,0.000121730898943751,60,60
conditional,log_survival,60,4,1163,404770.0,0.00019004762834575674,0.0,0.00019004762834575674,60,60
conditional,log_survival,60,5,1163,317856.0,0.00025516780528069216,0.0,0.00025516780528069216,60,60
conditional,log_survival,60,6,1163,324701.0,0.0003311301908641116,0.0,0.0003311301908641116,60,60
conditional,log_survival,60,7,1163,287120.0,0.00042884798699485173,0.0,0.00042884798699485173,60,60
conditional,log_survival,60,8,1163,271943.0,0.0005538714246378937,0.0,0.0005538714246378937,60,60
conditional,log_survival,60,9,1162,244140.0,0.0009177060197288517,0.0,0.0009177060197288517,60,60
conditional,log_survival,180,0,1163,1163.0,9.457407000676926e-06,0.0,9.457407000676926e-06,60,180
conditional,log_survival,180,1,1163,1163.0,4.3074238776088726e-05,0.0,4.3074238776088726e-05,60,180
conditional,log_survival,180,2,1163,1163.0,0.00013413385284417995,0.0,0.00013413385284417995,60,180
conditional,log_survival,180,3,1163,1163.0,0.0002850220477803993,0.0,0.0002850220477803993,60,180
conditional,log_survival,180,4,1163,1163.0,0.0004495200455279234,0.0,0.0004495200455279234,60,180
conditional,log_survival,180,5,1163,1163.0,0.0005998610240202229,0.0,0.0005998610240202229,60,180
conditional,log_survival,180,6,1163,1163.0,0.0007751836022214557,0.0,0.0007751836022214557,60,180
conditional,log_survival,180,7,1163,1163.0,0.0010034408139646402,0.0,0.0010034408139646402,60,180
conditional,log_survival,180,8,1163,1163.0,0.0012766299342352693,0.0,0.0012766299342352693,60,180
conditional,log_survival,180,9,1162,1162.0,0.002252869813904126,0.0,0.002252869813904126,60,180
conditional,log_survival,180,0,1163,659816.0,7.41286773264928e-06,0.0,7.41286773264928e-06,60,180
conditional,log_survival,180,1,1163,510919.0,4.775342125012797e-05,0.0,4.775342125012797e-05,60,180
conditional,log_survival,180,2,1163,624403.0,0.00013330554150077305,0.0,0.00013330554150077305,60,180
conditional,log_survival,180,3,1163,420613.0,0.00028438637266110816,0.0,0.00028438637266110816,60,180
conditional,log_survival,180,4,1163,416990.0,0.00044331060610495744,0.0,0.00044331060610495744,60,180
conditional,log_survival,180,5,1163,316388.0,0.0005986845166418133,0.0,0.0005986845166418133,60,180
conditional,log_survival,180,6,1163,318873.0,0.0007721882598670131,0.0,0.0007721882598670131,60,180
conditional,log_survival,180,7,1163,279828.0,0.0009954229478882374,0.0,0.0009954229478882374,60,180
conditional,log_survival,180,8,1163,265045.0,0.0012805585451916908,0.0,0.0012805585451916908,60,180
conditional,log_survival,180,9,1162,241210.0,0.0021188089700516053,0.0,0.0021188089700516053,60,180
conditional,log_survival,600,0,1163,1163.0,5.854675496542991e-06,0.0,5.854675496542991e-06,600,600
conditional,log_survival,600,1,1163,1163.0,2.5099203270592634e-05,0.0,2.5099203270592634e-05,600,600
conditional,log_survival,600,2,1163,1163.0,7.468684115713037e-05,0.0,7.468684115713037e-05,600,600
conditional,log_survival,600,3,1163,1163.0,0.0001584325286626332,0.0,0.0001584325286626332,600,600
conditional,log_survival,600,4,1163,1163.0,0.0002488818651744021,0.0,0.0002488818651744021,600,600
conditional,log_survival,600,5,1163,1163.0,0.0003374362759852148,0.0,0.0003374362759852148,600,600
conditional,log_survival,600,6,1163,1163.0,0.00044004239457653066,0.0,0.00044004239457653066,600,600
conditional,log_survival,600,7,1163,1163.0,0.0005702521333982303,0.0,0.0005702521333982303,600,600
conditional,log_survival,600,8,1163,1163.0,0.0007165935002234591,0.0,0.0007165935002234591,600,600
conditional,log_survival,600,9,1162,1162.0,0.0012345754031429417,0.0,0.0012345754031429417,600,600
conditional,log_survival,600,0,1163,658342.0,4.498061273918344e-06,0.0,4.498061273918344e-06,600,600
conditional,log_survival,600,1,1163,547895.0,2.8700567081699886e-05,0.0,2.8700567081699886e-05,600,600
conditional,log_survival,600,2,1163,576867.0,7.504110902311267e-05,0.0,7.504110902311267e-05,600,600
conditional,log_survival,600,3,1163,450004.0,0.000155808583192343,0.0,0.000155808583192343,600,600
conditional,log_survival,600,4,1163,427174.0,0.00024562242233351205,0.0,0.00024562242233351205,600,600
conditional,log_survival,600,5,1163,320296.0,0.0003398857078566645,0.0,0.0003398857078566645,600,600
conditional,log_survival,600,6,1163,336822.0,0.0004386875652145296,0.0,0.0004386875652145296,600,600
conditional,log_survival,600,7,1163,249678.0,0.0005657301908189938,0.0,0.0005657301908189938,600,600
conditional,log_survival,600,8,1163,254150.0,0.0007148295692951265,0.0,0.0007148295692951265,600,600
conditional,log_survival,600,9,1162,232857.0,0.001162635483440488,0.0,0.001162635483440488,600,600
conditional,log_survival,1800,0,1163,1163.0,4.7752444926718596e-05,0.0,4.7752444926718596e-05,600,1800
conditional,log_survival,1800,1,1163,1163.0,0.00024424522721534233,0.0,0.00024424522721534233,600,1800
conditional,log_survival,1800,2,1163,1163.0,0.0005316014601817503,0.0,0.0005316014601817503,600,1800
conditional,log_survival,1800,3,1163,1163.0,0.0009248818415899092,0.0,0.0009248818415899092,600,1800
conditional,log_survival,1800,4,1163,1163.0,0.0012881853313789413,0.0,0.0012881853313789413,600,1800
conditional,log_survival,1800,5,1163,1163.0,0.001715464445852671,0.0,0.001715464445852671,600,1800
conditional,log_survival,1800,6,1163,1163.0,0.0021060757646079887,0.0,0.0021060757646079887,600,1800
conditional,log_survival,1800,7,1163,1163.0,0.0025810776957151337,0.0,0.0025810776957151337,600,1800
conditional,log_survival,1800,8,1163,1163.0,0.0031402289250837346,0.0,0.0031402289250837346,600,1800
conditional,log_survival,1800,9,1162,1162.0,0.022929552377469724,0.0,0.022929552377469724,600,1800
conditional,log_survival,1800,0,1163,733101.0,3.626971118451838e-05,0.0,3.626971118451838e-05,600,1800
conditional,log_survival,1800,1,1163,748717.0,0.00023952644462295323,0.0,0.00023952644462295323,600,1800
conditional,log_survival,1800,2,1163,508684.0,0.0005456331434504371,0.0,0.0005456331434504371,600,1800
conditional,log_survival,1800,3,1163,618243.0,0.000910038531541708,0.0,0.000910038531541708,600,1800
conditional,log_survival,1800,4,1163,402604.0,0.0012829617997440579,0.0,0.0012829617997440579,600,1800
conditional,log_survival,1800,5,1163,325614.0,0.0016912345188814602,0.0,0.0016912345188814602,600,1800
conditional,log_survival,1800,6,1163,242846.0,0.0021078902084622287,0.0,0.0021078902084622287,600,1800
conditional,log_survival,1800,7,1163,199115.0,0.0025610694252054026,0.0,0.0025610694252054026,600,1800
conditional,log_survival,1800,8,1163,130272.0,0.0031318047766504937,0.0,0.0031318047766504937,600,1800
conditional,log_survival,1800,9,1162,144889.0,0.01586819943975946,0.0,0.01586819943975946,600,1800
conditional,log_survival,3600,0,1163,1163.0,0.00013851588281444698,0.0017196904557179593,0.0015811745729035123,600,3600
conditional,log_survival,3600,1,1163,1163.0,0.0007038528891460471,0.0,0.0007038528891460471,600,3600
conditional,log_survival,3600,2,1163,1163.0,0.0014900426295446935,0.0,0.0014900426295446935,600,3600
conditional,log_survival,3600,3,1163,1163.0,0.0024645194105484985,0.0,0.0024645194105484985,600,3600
conditional,log_survival,3600,4,1163,1163.0,0.0033708984172947376,0.002579535683576939,0.0007913627337177986,600,3600
conditional,log_survival,3600,5,1163,1163.0,0.004300378039923323,0.0008598452278589797,0.0034405328120643433,600,3600
conditional,log_survival,3600,6,1163,1163.0,0.005294041468996534,0.0008598452278589797,0.004434196241137554,600,3600
conditional,log_survival,3600,7,1163,1163.0,0.00655571923912259,0.004299226139294898,0.0022564930998276913,600,3600
conditional,log_survival,3600,8,1163,1163.0,0.008478681871930396,0.007738607050730817,0.0007400748211995791,600,3600
conditional,log_survival,3600,9,1162,1162.0,0.07543522583232858,0.10413080895008608,0.02869558311775751,600,3600
conditional,log_survival,3600,0,1163,761356.0,0.00010996926714126223,0.0026190113429196415,0.002509042075778379,600,3600
conditional,log_survival,3600,1,1163,756952.0,0.000667911627287635,0.0,0.000667911627287635,600,3600
conditional,log_survival,3600,2,1163,602963.0,0.0015362199128123486,0.0,0.0015362199128123486,600,3600
conditional,log_survival,3600,3,1163,634538.0,0.002381904236847523,0.0,0.002381904236847523,600,3600
conditional,log_survival,3600,4,1163,401746.0,0.0033580311824864552,0.01503437495332871,0.011676343770842255,600,3600
conditional,log_survival,3600,5,1163,284960.0,0.004275698321496691,0.004484839977540678,0.00020914165604398686,600,3600
conditional,log_survival,3600,6,1163,197847.0,0.005260966443039536,0.002941667045747498,0.002319299397292038,600,3600
conditional,log_survival,3600,7,1163,187425.0,0.006534455724031076,0.003814859277044169,0.002719596446986907,600,3600
conditional,log_survival,3600,8,1163,115600.0,0.008353843917272435,0.005925605536332146,0.002428238380940289,600,3600
conditional,log_survival,3600,9,1162,110698.0,0.06504815497731223,0.0696941227483786,0.004645967771066378,600,3600
conditional,log_survival,600,0,1163,1163.0,2.9955739160740513e-05,0.0,2.9955739160740513e-05,1800,600
conditional,log_survival,600,1,1163,1163.0,0.00014874565195900947,0.0,0.00014874565195900947,1800,600
conditional,log_survival,600,2,1163,1163.0,0.00031259980902746036,0.0,0.00031259980902746036,1800,600
conditional,log_survival,600,3,1163,1163.0,0.0004997721026907809,0.0,0.0004997721026907809,1800,600
conditional,log_survival,600,4,1163,1163.0,0.0006768974062414855,0.0,0.0006768974062414855,1800,600
conditional,log_survival,600,5,1163,1163.0,0.0008521732023996478,0.0,0.0008521732023996478,1800,600
conditional,log_survival,600,6,1163,1163.0,0.00105824545656313,0.0,0.00105824545656313,1800,600
conditional,log_survival,600,7,1163,1163.0,0.0013340284773989,0.0,0.0013340284773989,1800,600
conditional,log_survival,600,8,1163,1163.0,0.0017896150640444395,0.0,0.0017896150640444395,1800,600
conditional,log_survival,600,9,1162,1162.0,0.021201921055304312,0.0,0.021201921055304312,1800,600
conditional,log_survival,600,0,1163,774715.0,2.4039598976517553e-05,0.0,2.4039598976517553e-05,1800,600
conditional,log_survival,600,1,1163,738435.0,0.00013519822178565183,0.0,0.00013519822178565183,1800,600
conditional,log_survival,600,2,1163,754001.0,0.0003123974254606411,0.0,0.0003123974254606411,1800,600
conditional,log_survival,600,3,1163,588511.0,0.0004940690403463133,0.0,0.0004940690403463133,1800,600
conditional,log_survival,600,4,1163,358492.0,0.0006694348086374567,0.0,0.0006694348086374567,1800,600
conditional,log_survival,600,5,1163,259934.0,0.0008460478274409953,0.0,0.0008460478274409953,1800,600
conditional,log_survival,600,6,1163,204138.0,0.0010530548235052806,0.0,0.0010530548235052806,1800,600
conditional,log_survival,600,7,1163,162025.0,0.0013406039994103248,0.0,0.0013406039994103248,1800,600
conditional,log_survival,600,8,1163,111744.0,0.0017568002506733532,0.0,0.0017568002506733532,1800,600
conditional,log_survival,600,9,1162,102090.0,0.018980128529160378,0.0,0.018980128529160378,1800,600
conditional,log_survival,1800,0,1163,1163.0,8.986344884757127e-05,0.0017196904557179593,0.001629827006870388,1800,1800
conditional,log_survival,1800,1,1163,1163.0,0.0004461594329594294,0.0,0.0004461594329594294,1800,1800
conditional,log_survival,1800,2,1163,1163.0,0.0009374633562081081,0.0,0.0009374633562081081,1800,1800
conditional,log_survival,1800,3,1163,1163.0,0.0014985102452832954,0.0,0.0014985102452832954,1800,1800
conditional,log_survival,1800,4,1163,1163.0,0.0020292458005307145,0.002579535683576939,0.0005502898830462245,1800,1800
conditional,log_survival,1800,5,1163,1163.0,0.0025542390504213236,0.0008598452278589797,0.001694393822562344,1800,1800
conditional,log_survival,1800,6,1163,1163.0,0.0031711078967870147,0.0008598452278589797,0.002311262668928035,1800,1800
conditional,log_survival,1800,7,1163,1163.0,0.003996169202584448,0.002579535683576939,0.0014166335190075093,1800,1800
conditional,log_survival,1800,8,1163,1163.0,0.005357828919768097,0.008598452278589908,0.0032406233588218106,1800,1800
conditional,log_survival,1800,9,1162,1162.0,0.057892835730902266,0.1049913941480205,0.047098558417118234,1800,1800
conditional,log_survival,1800,0,1163,774715.0,7.211580739642286e-05,0.002573849738290779,0.002501733930894356,1800,1800
conditional,log_survival,1800,1,1163,738435.0,0.0004055300250746884,0.0,0.0004055300250746884,1800,1800
conditional,log_survival,1800,2,1163,754001.0,0.000936872430190553,0.0,0.000936872430190553,1800,1800
conditional,log_survival,1800,3,1163,588511.0,0.0014814160578810037,0.0,0.0014814160578810037,1800,1800
conditional,log_survival,1800,4,1163,358492.0,0.0020068781611644704,0.016848353659216997,0.014841475498052526,1800,1800
conditional,log_survival,1800,5,1163,259951.0,0.0025358871141090648,0.004916311150947705,0.0023804240368386406,1800,1800
conditional,log_survival,1800,6,1163,204121.0,0.0031555912885025414,0.0028512499938762037,0.0003043412946263377,1800,1800
conditional,log_survival,1800,7,1163,162025.0,0.0040159121989088616,0.003567350717481821,0.0004485614814270407,1800,1800
conditional,log_survival,1800,8,1163,111744.0,0.005260115033260911,0.007266609392898027,0.0020064943596371163,1800,1800
conditional,log_survival,1800,9,1162,102090.0,0.0527903541456038,0.07566852776961508,0.022878173624011282,1800,1800
conditional,log_survival,3600,0,1163,1163.0,0.0001797155927754818,0.0017196904557179593,0.0015399748629424774,1800,3600
conditional,log_survival,3600,1,1163,1163.0,0.0008920863727118621,0.0,0.0008920863727118621,1800,3600
conditional,log_survival,3600,2,1163,1163.0,0.0018739191927335942,0.0,0.0018739191927335942,1800,3600
conditional,log_survival,3600,3,1163,1163.0,0.002994604609892021,0.0,0.002994604609892021,1800,3600
conditional,log_survival,3600,4,1163,1163.0,0.004054157740547606,0.002579535683576939,0.001474622056970667,1800,3600
conditional,log_survival,3600,5,1163,1163.0,0.0051016459317599775,0.0008598452278589797,0.004241800703900998,1800,3600
conditional,log_survival,3600,6,1163,1163.0,0.006331353745479213,0.0008598452278589797,0.005471508517620233,1800,3600
conditional,log_survival,3600,7,1163,1163.0,0.007974637183708704,0.002579535683576939,0.005395101500131765,1800,3600
conditional,log_survival,3600,8,1163,1163.0,0.010682735592090344,0.008598452278589908,0.0020842833135004367,1800,3600
conditional,log_survival,3600,9,1162,1162.0,0.10230071220474234,0.1049913941480205,0.0026906819432781642,1800,3600
conditional,log_survival,3600,0,1163,774715.0,0.0001442226470113577,0.002573849738290779,0.0024296270912794213,1800,3600
conditional,log_survival,3600,1,1163,738435.0,0.0008108661876948728,0.0,0.0008108661876948728,1800,3600
conditional,log_survival,3600,2,1163,754001.0,0.001872785913186659,0.0,0.001872785913186659,1800,3600
conditional,log_survival,3600,3,1163,588511.0,0.0029604611828785857,0.0,0.0029604611828785857,1800,3600
conditional,log_survival,3600,4,1163,358492.0,0.004009482866439638,0.016848353659216997,0.01283887079277736,1800,3600
conditional,log_survival,3600,5,1163,259951.0,0.005064958387222191,0.004916311150947705,0.0001486472362744861,1800,3600
conditional,log_survival,3600,6,1163,204121.0,0.006300403086718607,0.0028512499938762037,0.003449153092842403,1800,3600
conditional,log_survival,3600,7,1163,162025.0,0.008014171632836926,0.003567350717481821,0.004446820915355105,1800,3600
conditional,log_survival,3600,8,1163,111744.0,0.010489482860912142,0.007266609392898027,0.0032228734680141147,1800,3600
conditional,log_survival,3600,9,1162,102090.0,0.09552751582096904,0.07566852776961508,0.019858988051353957,1800,3600
conditional,linear_survival,5,0,1833,1833.0,0.0553098274960704,0.0267321331151118,0.0285776943809586,5,5
conditional,linear_survival,5,1,1833,1833.0,0.09263348004674904,0.08674304418985235,0.005890435856896692,5,5
conditional,linear_survival,5,2,1833,1833.0,0.11904580435375901,0.11367674513590376,0.005369059217855257,5,5
conditional,linear_survival,5,3,1833,1833.0,0.14608346114051288,0.1316870813373292,0.014396379803183673,5,5
conditional,linear_survival,5,4,1833,1833.0,0.16909860944848507,0.2398913732928757,0.07079276384439062,5,5
conditional,linear_survival,5,5,1832,1832.0,0.1932273043745885,0.19765427224686782,0.004426967872279336,5,5
conditional,linear_survival,5,6,1832,1832.0,0.22165057412538236,0.233908624203493,0.01225805007811065,5,5
conditional,linear_survival,5,7,1832,1832.0,0.25241081694769285,0.18490660602154585,0.067504210926147,5,5
conditional,linear_survival,5,8,1832,1832.0,0.2833309993918169,0.30347342187367954,0.020142422481862654,5,5
conditional,linear_survival,5,9,1832,1832.0,0.3438510889103185,0.46811166084052747,0.12426057193020895,5,5
conditional,linear_survival,5,0,1833,619675.0,0.05513062239404902,0.03106789849517888,0.02406272389887014,5,5
conditional,linear_survival,5,1,1833,607283.0,0.09327022233787516,0.10755282133700439,0.014282598999129231,5,5
conditional,linear_survival,5,2,1833,642459.0,0.1190538570445989,0.12476747890166562,0.005713621857066725,5,5
conditional,linear_survival,5,3,1833,613615.0,0.14594113728059968,0.1567478422051416,0.010806704924541916,5,5
conditional,linear_survival,5,4,1833,600683.0,0.16971815507497937,0.1930624520594908,0.02334429698451143,5,5
conditional,linear_survival,5,5,1832,708273.0,0.19423235422158133,0.22936213100776082,0.035129776786179484,5,5
conditional,linear_survival,5,6,1832,670696.0,0.22149859196760519,0.25937965893352044,0.037881066965915255,5,5
conditional,linear_survival,5,7,1832,646247.0,0.25217242344831703,0.19691444840145866,0.055257975046858365,5,5
conditional,linear_survival,5,8,1832,662552.0,0.2830701353208317,0.26484561091755854,0.018224524403273157,5,5
conditional,linear_survival,5,9,1832,795221.0,0.343722888460228,0.3467130657432803,0.0029901772830522866,5,5
conditional,linear_survival,20,0,1833,1833.0,0.11552205206644311,0.1298438429434985,0.014321790877055374,5,20
conditional,linear_survival,20,1,1833,1833.0,0.21396317299246004,0.26187460595558776,0.04791143296312772,5,20
conditional,linear_survival,20,2,1833,1833.0,0.2617609095397002,0.21440261865793753,0.04735829088176269,5,20
conditional,linear_survival,20,3,1833,1833.0,0.29354068973188574,0.22290385458061945,0.07063683515126629,5,20
conditional,linear_survival,20,4,1833,1833.0,0.3181177751173203,0.21212448353310687,0.10599329158421344,5,20
conditional,linear_survival,20,5,1832,1832.0,0.3421286200181563,0.2887264376224654,0.05340218239569089,5,20
conditional,linear_survival,20,6,1832,1832.0,0.36791252035814337,0.41690739884211736,0.04899487848397399,5,20
conditional,linear_survival,20,7,1832,1832.0,0.39201165064095084,0.47795449366720266,0.08594284302625183,5,20
conditional,linear_survival,20,8,1832,1832.0,0.4197370357098183,0.48311543922629696,0.06337840351647867,5,20
conditional,linear_survival,20,9,1832,1832.0,0.4713655285611715,0.5399788373038373,0.06861330874266586,5,20
conditional,linear_survival,20,0,1833,626468.0,0.11722756741070903,0.08305697290923497,0.034170594501474055,5,20
conditional,linear_survival,20,1,1833,753816.0,0.20930244155281694,0.2511803309698303,0.04187788941701334,5,20
conditional,linear_survival,20,2,1833,534483.0,0.2617499245983741,0.2740068439969089,0.012256919398534794,5,20
conditional,linear_survival,20,3,1833,533520.0,0.2935382936024041,0.23593271223108603,0.05760558137131805,5,20
conditional,linear_survival,20,4,1833,585211.0,0.31857511473079747,0.2787305041146182,0.03984461061617928,5,20
conditional,linear_survival,20,5,1832,478527.0,0.3431104630717087,0.34347256227678813,0.0003620992050794025,5,20
conditional,linear_survival,20,6,1832,480992.0,0.3686422678811401,0.3757216745615367,0.007079406680396638,5,20
conditional,linear_survival,20,7,1832,562398.0,0.39243449275145814,0.48256867316933805,0.0901341804178799,5,20
conditional,linear_survival,20,8,1832,712498.0,0.42160394748115493,0.46093508157101404,0.03933113408985911,5,20
conditional,linear_survival,20,9,1832,1298791.0,0.47972837702647403,0.491390284163981,0.011661907137506977,5,20
conditional,linear_survival,60,0,1833,1833.0,0.12117041742530062,0.1376222019776977,0.016451784552397083,5,60
conditional,linear_survival,60,1,1833,1833.0,0.22639093933142856,0.28753361975368164,0.06114268042225307,5,60
conditional,linear_survival,60,2,1833,1833.0,0.28421433522283124,0.19424141743290657,0.08997291778992467,5,60
conditional,linear_survival,60,3,1833,1833.0,0.3218161308307753,0.25938117945126404,0.06243495137951127,5,60
conditional,linear_survival,60,4,1833,1833.0,0.3530693794903623,0.28549329404799906,0.06757608544236327,5,60
conditional,linear_survival,60,5,1832,1832.0,0.3818008897173253,0.354195201410449,0.027605688306876264,5,60
conditional,linear_survival,60,6,1832,1832.0,0.4063760640513531,0.47253119927366183,0.0661551352223087,5,60
conditional,linear_survival,60,7,1832,1832.0,0.4309238154030621,0.48777539572369444,0.05685158032063231,5,60
conditional,linear_survival,60,8,1832,1832.0,0.45887465325629073,0.49641013501459574,0.03753548175830501,5,60
conditional,linear_survival,60,9,1832,1832.0,0.5131117649102347,0.5250799124911916,0.011968147580956878,5,60
conditional,linear_survival,60,0,1833,641818.0,0.12401811176756117,0.0849285108359048,0.039089600931656365,5,60
conditional,linear_survival,60,1,1833,832269.0,0.22438919138909058,0.2731614758290519,0.048772284439961344,5,60
conditional,linear_survival,60,2,1833,510020.0,0.2841922714143789,0.2399952350797493,0.044197036334629625,5,60
conditional,linear_survival,60,3,1833,607682.0,0.321317249832728,0.2746277647740324,0.046689485058695634,5,60
conditional,linear_survival,60,4,1833,544710.0,0.35287324131253467,0.3645334757073857,0.011660234394851032,5,60
conditional,linear_survival,60,5,1832,454490.0,0.3814675068121674,0.3245643513659977,0.056903155446169695,5,60
conditional,linear_survival,60,6,1832,386299.0,0.4071316283163704,0.46704599741651087,0.059914369100140474,5,60
conditional,linear_survival,60,7,1832,492017.0,0.4314828942033117,0.5009519788936201,0.06946908469030838,5,60
conditional,linear_survival,60,8,1832,708155.0,0.4599526796013548,0.5005577002342798,0.04060502063292504,5,60
conditional,linear_survival,60,9,1832,1389244.0,0.5250836706072666,0.5226219205020304,0.0024617501052361934,5,60
conditional,linear_survival,5,0,1262,1262.0,0.00023747107639122633,0.0,0.00023747107639122633,20,5
conditional,linear_survival,5,1,1262,1262.0,0.000684954995023296,0.023021169298694133,0.02233621430367084,20,5
conditional,linear_survival,5,2,1262,1262.0,0.0014443862747220391,0.006345448058227454,0.004901061783505415,20,5
conditional,linear_survival,5,3,1262,1262.0,0.002844704875886291,0.005546751188589494,0.002702046312703203,20,5
conditional,linear_survival,5,4,1262,1262.0,0.0046573475422850745,0.005546751188589494,0.0008894036463044193,20,5
conditional,linear_survival,5,5,1262,1262.0,0.006879144874389836,0.025356576862123448,0.018477431987733613,20,5
conditional,linear_survival,5,6,1261,1261.0,0.009043774499410776,0.027755749405233843,0.01871197490582307,20,5
conditional,linear_survival,5,7,1261,1261.0,0.011139899993609526,0.0626486915146709,0.05150879152106137,20,5
conditional,linear_survival,5,8,1261,1261.0,0.013412426899901492,0.05551149881046802,0.04209907191056653,20,5
conditional,linear_survival,5,9,1261,1261.0,0.016856529416134625,0.04916732751784292,0.032310798101708296,20,5
conditional,linear_survival,5,0,1262,442827.0,0.0002923790695221593,0.0,0.0002923790695221593,20,5
conditional,linear_survival,5,1,1262,468122.0,0.0006757891888883418,0.027948267115559977,0.027272477926671635,20,5
conditional,linear_survival,5,2,1262,570984.0,0.001406222477990119,0.00474049356809636,0.003334271090106241,20,5
conditional,linear_survival,5,3,1262,537604.0,0.002800875605095864,0.024659414736497576,0.021858539131401712,20,5
conditional,linear_survival,5,4,1262,400572.0,0.004648654014330516,0.037808433939466646,0.03315977992513613,20,5
conditional,linear_survival,5,5,1262,397565.0,0.006707743452286063,0.045079420975186246,0.03837167752290018,20,5
conditional,linear_survival,5,6,1261,290737.0,0.008981753682310701,0.04003962343974099,0.031057869757430287,20,5
conditional,linear_survival,5,7,1261,360771.0,0.011009414834651923,0.11528642823286805,0.10427701339821613,20,5
conditional,linear_survival,5,8,1261,389960.0,0.013548795739522971,0.13346240640065654,0.11991361066113357,20,5
conditional,linear_survival,5,9,1261,624693.0,0.01744850912939848,0.0714350889156753,0.053986579786276814,20,5
conditional,linear_survival,20,0,1262,1262.0,0.0009498843055648982,0.0,0.0009498843055648982,20,20
conditional,linear_survival,20,1,1262,1262.0,0.0027398199800931673,0.023021169298694133,0.020281349318600966,20,20
conditional,linear_survival,20,2,1262,1262.0,0.005777545098888148,0.006345448058227454,0.0005679029593393062,20,20
conditional,linear_survival,20,3,1262,1262.0,0.011378819503545162,0.01112217882521338,0.00025664067833178206,20,20
conditional,linear_survival,20,4,1262,1262.0,0.018629390169140298,0.014289782066655432,0.004339608102484866,20,20
conditional,linear_survival,20,5,1262,1262.0,0.027516579497559323,0.04641936872897001,0.01890278923141069,20,20
conditional,linear_survival,20,6,1261,1261.0,0.0361750979976431,0.0721649484536081,0.035989850455965,20,20
conditional,linear_survival,20,7,1261,1261.0,0.04455959997443808,0.12296935150187238,0.0784097515274343,20,20
conditional,linear_survival,20,8,1261,1261.0,0.053649707599605974,0.1334820389086676,0.07983233130906164,20,20
conditional,linear_survival,20,9,1261,1261.0,0.0674261176645385,0.16970658207771605,0.10228046441317755,20,20
conditional,linear_survival,20,0,1262,442827.0,0.0011695162780886782,0.0,0.0011695162780886782,20,20
conditional,linear_survival,20,1,1262,468122.0,0.0027031567555533746,0.027948267115559977,0.025245110360006602,20,20
conditional,linear_survival,20,2,1262,570984.0,0.005624889911960503,0.00474049356809636,0.0008843963438641429,20,20
conditional,linear_survival,20,3,1262,537604.0,0.011203502420383442,0.03785715436735504,0.0266536519469716,20,20
conditional,linear_survival,20,4,1262,400572.0,0.018594616057322072,0.04164336641770405,0.02304875036038198,20,20
conditional,linear_survival,20,5,1262,397565.0,0.026830973809144232,0.0562489040164198,0.029417930207275567,20,20
conditional,linear_survival,20,6,1261,290737.0,0.035927014729242826,0.07020090322181216,0.034273888492569335,20,20
conditional,linear_survival,20,7,1261,360771.0,0.044037659338607614,0.1945783258031215,0.1505406664645139,20,20
conditional,linear_survival,20,8,1261,389960.0,0.05419518295809186,0.22866003706433058,0.17446485410623871,20,20
conditional,linear_survival,20,9,1261,624693.0,0.06979403651759392,0.17100879952232528,0.10121476300473137,20,20
conditional,linear_survival,60,0,1262,1262.0,0.0019053880432836536,0.0008665511265164572,0.0010388369167671965,20,60
conditional,linear_survival,60,1,1262,1262.0,0.005498509669535657,0.023021169298694133,0.017522659629158475,20,60
conditional,linear_survival,60,2,1262,1262.0,0.011596671515320086,0.011901024626592038,0.000304353111271952,20,60
conditional,linear_survival,60,3,1262,1262.0,0.02282558439675671,0.017517508307346108,0.005308076089410602,20,60
conditional,linear_survival,60,4,1262,1262.0,0.03738002540781902,0.017484952951366428,0.01989507245645259,20,60
conditional,linear_survival,60,5,1262,1262.0,0.055159202995944505,0.04644579156903017,0.008713411426914335,20,60
conditional,linear_survival,60,6,1261,1261.0,0.0724675948363909,0.07771609833465531,0.005248503498264417,20,60
conditional,linear_survival,60,7,1261,1261.0,0.0892399552032738,0.1261441230801461,0.03690416787687231,20,60
conditional,linear_survival,60,8,1261,1261.0,0.10743261159909039,0.1334820389086675,0.026049427309577114,20,60
conditional,linear_survival,60,9,1261,1261.0,0.13501725225467773,0.16970658207771605,0.03468932982303832,20,60
conditional,linear_survival,60,0,1262,444137.0,0.002347092002166237,0.00015080681646806315,0.002196285185698174,20,60
conditional,linear_survival,60,1,1262,466793.0,0.005425820072498046,0.02802893017374608,0.022603110101248033,20,60
conditional,linear_survival,60,2,1262,571004.0,0.011272693224052397,0.0057307106126549545,0.005541982611397442,20,60
conditional,linear_survival,60,3,1262,540590.0,0.02248651736208253,0.03891141413045551,0.01642489676837298,20,60
conditional,linear_survival,60,4,1262,397638.0,0.037335974352927535,0.04696199428026193,0.009626019927334396,20,60
conditional,linear_survival,60,5,1262,397303.0,0.05374566312831163,0.05577330861243701,0.00202764548412538,20,60
conditional,linear_survival,60,6,1261,291406.0,0.07195681205281576,0.08069840703348574,0.008741594980669981,20,60
conditional,linear_survival,60,7,1261,360450.0,0.08817530440170297,0.2139150979809653,0.12573979357926235,20,60
conditional,linear_survival,60,8,1261,390946.0,0.1085181388801049,0.2282837377392345,0.11976559885912959,20,60
conditional,linear_survival,60,9,1261,623568.0,0.13976823834257435,0.1711890283016444,0.03142078995907005,20,60
conditional,linear_survival,20,0,1163,1163.0,1.3351461373884102e-06,0.0,1.3351461373884102e-06,60,20
conditional,linear_survival,20,1,1163,1163.0,5.966124350089252e-06,0.0,5.966124350089252e-06,60,20
conditional,linear_survival,20,2,1163,1163.0,1.9005030291371013e-05,0.0,1.9005030291371013e-05,60,20
conditional,linear_survival,20,3,1163,1163.0,4.080695309474428e-05,0.0,4.080695309474428e-05,60,20
conditional,linear_survival,20,4,1163,1163.0,6.451725762491224e-05,0.0,6.451725762491224e-05,60,20
conditional,linear_survival,20,5,1163,1163.0,8.611999186013803e-05,0.0,8.611999186013803e-05,60,20
conditional,linear_survival,20,6,1163,1163.0,0.00011138665176014078,0.0,0.00011138665176014078,60,20
conditional,linear_survival,20,7,1163,1163.0,0.0001443017961839939,0.0,0.0001443017961839939,60,20
conditional,linear_survival,20,8,1163,1163.0,0.0001837708746858353,0.0,0.0001837708746858353,60,20
conditional,linear_survival,20,9,1162,1162.0,0.000324949308474961,0.0,0.000324949308474961,60,20
conditional,linear_survival,20,0,1163,658885.0,1.0534851600812056e-06,0.0,1.0534851600812056e-06,60,20
conditional,linear_survival,20,1,1163,499005.0,6.6733896863317485e-06,0.0,6.6733896863317485e-06,60,20
conditional,linear_survival,20,2,1163,630173.0,1.8900627494219456e-05,0.0,1.8900627494219456e-05,60,20
conditional,linear_survival,20,3,1163,415492.0,4.057407092539024e-05,0.0,4.057407092539024e-05,60,20
conditional,linear_survival,20,4,1163,404770.0,6.334270580517423e-05,0.0,6.334270580517423e-05,60,20
conditional,linear_survival,20,5,1163,317856.0,8.504416244334328e-05,0.0,8.504416244334328e-05,60,20
conditional,linear_survival,20,6,1163,324726.0,0.000110358660070576,0.0,0.000110358660070576,60,20
conditional,linear_survival,20,7,1163,287095.0,0.00014291825493953573,0.0,0.00014291825493953573,60,20
conditional,linear_survival,20,8,1163,271943.0,0.00018457014748687488,0.0,0.00018457014748687488,60,20
conditional,linear_survival,20,9,1162,244140.0,0.0003057263467468267,0.0,0.0003057263467468267,60,20
conditional,linear_survival,60,0,1163,1163.0,4.00543841216733e-06,0.0,4.00543841216733e-06,60,60
conditional,linear_survival,60,1,1163,1163.0,1.789837305025945e-05,0.0,1.789837305025945e-05,60,60
conditional,linear_survival,60,2,1163,1163.0,5.701509087412994e-05,0.0,5.701509087412994e-05,60,60
conditional,linear_survival,60,3,1163,1163.0,0.00012242085928423533,0.0,0.00012242085928423533,60,60
conditional,linear_survival,60,4,1163,1163.0,0.0001935517728747393,0.0,0.0001935517728747393,60,60
conditional,linear_survival,60,5,1163,1163.0,0.0002583599755804029,0.0,0.0002583599755804029,60,60
conditional,linear_survival,60,6,1163,1163.0,0.00033415995528044226,0.0,0.00033415995528044226,60,60
conditional,linear_survival,60,7,1163,1163.0,0.0004329053885519716,0.0,0.0004329053885519716,60,60
conditional,linear_survival,60,8,1163,1163.0,0.0005513126240575036,0.0,0.0005513126240575036,60,60
conditional,linear_survival,60,9,1162,1162.0,0.0009748479254248743,0.0,0.0009748479254248743,60,60
conditional,linear_survival,60,0,1163,658885.0,3.1604554802320857e-06,0.0,3.1604554802320857e-06,60,60
conditional,linear_survival,60,1,1163,499005.0,2.0020169059021466e-05,0.0,2.0020169059021466e-05,60,60
conditional,linear_survival,60,2,1163,630173.0,5.670188248265859e-05,0.0,5.670188248265859e-05,60,60
conditional,linear_survival,60,3,1163,415492.0,0.00012172221277621292,0.0,0.00012172221277621292,60,60
conditional,linear_survival,60,4,1163,404770.0,0.0001900281174155285,0.0,0.0001900281174155285,60,60
conditional,linear_survival,60,5,1163,317856.0,0.000255132487329985,0.0,0.000255132487329985,60,60
conditional,linear_survival,60,6,1163,324726.0,0.0003310759802117491,0.0,0.0003310759802117491,60,60
conditional,linear_survival,60,7,1163,287095.0,0.0004287547648185551,0.0,0.0004287547648185551,60,60
conditional,linear_survival,60,8,1163,271943.0,0.0005537104424605994,0.0,0.0005537104424605994,60,60
conditional,linear_survival,60,9,1162,244140.0,0.0009171790402404751,0.0,0.0009171790402404751,60,60
conditional,linear_survival,180,0,1163,1163.0,9.457437239778585e-06,0.0,9.457437239778585e-06,60,180
conditional,linear_survival,180,1,1163,1163.0,4.3073928124396246e-05,0.0,4.3073928124396246e-05,60,180
conditional,linear_survival,180,2,1163,1163.0,0.00013413215433824596,0.0,0.00013413215433824596,60,180
conditional,linear_survival,180,3,1163,1163.0,0.00028501619204299394,0.0,0.00028501619204299394,60,180
conditional,linear_survival,180,4,1163,1163.0,0.00044950646817300185,0.0,0.00044950646817300185,60,180
conditional,linear_survival,180,5,1163,1163.0,0.0005998365626768883,0.0,0.0005998365626768883,60,180
conditional,linear_survival,180,6,1163,1163.0,0.0007751430035016035,0.0,0.0007751430035016035,60,180
conditional,linear_survival,180,7,1163,1163.0,0.0010033764911300627,0.0,0.0010033764911300627,60,180
conditional,linear_survival,180,8,1163,1163.0,0.0012765280776290786,0.0,0.0012765280776290786,60,180
conditional,linear_survival,180,9,1162,1162.0,0.002252507088004063,0.0,0.002252507088004063,60,180
conditional,linear_survival,180,0,1163,659816.0,7.41287254289185e-06,0.0,7.41287254289185e-06,60,180
conditional,linear_survival,180,1,1163,510919.0,4.775322879301093e-05,0.0,4.775322879301093e-05,60,180
conditional,linear_survival,180,2,1163,624403.0,0.00013330421293067824,0.0,0.00013330421293067824,60,180
conditional,linear_survival,180,3,1163,420613.0,0.00028438154506905825,0.0,0.00028438154506905825,60,180
conditional,linear_survival,180,4,1163,416990.0,0.0004432998732073362,0.0,0.0004432998732073362,60,180
conditional,linear_survival,180,5,1163,316388.0,0.0005986638584872786,0.0,0.0005986638584872786,60,180
conditional,linear_survival,180,6,1163,318873.0,0.0007721550922352445,0.0,0.0007721550922352445,60,180
conditional,linear_survival,180,7,1163,279828.0,0.0009953685665282145,0.0,0.0009953685665282145,60,180
conditional,linear_survival,180,8,1163,265045.0,0.0012804677213499223,0.0,0.0012804677213499223,60,180
conditional,linear_survival,180,9,1162,241210.0,0.0021185177807810855,0.0,0.0021185177807810855,60,180
conditional,linear_survival,600,0,1163,1163.0,5.854607810608939e-06,0.0,5.854607810608939e-06,600,600
conditional,linear_survival,600,1,1163,1163.0,2.509875879861731e-05,0.0,2.509875879861731e-05,600,600
conditional,linear_survival,600,2,1163,1163.0,7.468319259675345e-05,0.0,7.468319259675345e-05,600,600
conditional,linear_survival,600,3,1163,1163.0,0.00015841695308736788,0.0,0.00015841695308736788,600,600
conditional,linear_survival,600,4,1163,1163.0,0.00024884419254070876,0.0,0.00024884419254070876,600,600
conditional,linear_survival,600,5,1163,1163.0,0.0003373667842937055,0.0,0.0003373667842937055,600,600
conditional,linear_survival,600,6,1163,1163.0,0.00043992552290498697,0.0,0.00043992552290498697,600,600
conditional,linear_survival,600,7,1163,1163.0,0.000570062714656616,0.0,0.000570062714656616,600,600
conditional,linear_survival,600,8,1163,1163.0,0.0007163005581119394,0.0,0.0007163005581119394,600,600
conditional,linear_survival,600,9,1162,1162.0,0.0012335597432610434,0.0,0.0012335597432610434,600,600
conditional,linear_survival,600,0,1163,658342.0,4.498054218472348e-06,0.0,4.498054218472348e-06,600,600
conditional,linear_survival,600,1,1163,547895.0,2.8699955136961558e-05,0.0,2.8699955136961558e-05,600,600
conditional,linear_survival,600,2,1163,576867.0,7.503759107091832e-05,0.0,7.503759107091832e-05,600,600
conditional,linear_survival,600,3,1163,450004.0,0.0001557936959485803,0.0,0.0001557936959485803,600,600
conditional,linear_survival,600,4,1163,427174.0,0.0002455875523115674,0.0,0.0002455875523115674,600,600
conditional,linear_survival,600,5,1163,320296.0,0.00033981985889909003,0.0,0.00033981985889909003,600,600
conditional,linear_survival,600,6,1163,336822.0,0.0004385783743843712,0.0,0.0004385783743843712,600,600
conditional,linear_survival,600,7,1163,249678.0,0.0005655517501418567,0.0,0.0005655517501418567,600,600
conditional,linear_survival,600,8,1163,254150.0,0.0007145494824548577,0.0,0.0007145494824548577,600,600
conditional,linear_survival,600,9,1162,232857.0,0.0011617733432561098,0.0,0.0011617733432561098,600,600
conditional,linear_survival,1800,0,1163,1163.0,4.7746659268113e-05,0.0,4.7746659268113e-05,600,1800
conditional,linear_survival,1800,1,1163,1163.0,0.00024411203659567774,0.0,0.00024411203659567774,600,1800
conditional,linear_survival,1800,2,1163,1163.0,0.0005310842746866915,0.0,0.0005310842746866915,600,1800
conditional,linear_survival,1800,3,1163,1163.0,0.000923568863301428,0.0,0.000923568863301428,600,1800
conditional,linear_survival,1800,4,1163,1163.0,0.0012859408946679588,0.0,0.0012859408946679588,600,1800
conditional,linear_survival,1800,5,1163,1163.0,0.001711463640336653,0.0,0.001711463640336653,600,1800
conditional,linear_survival,1800,6,1163,1163.0,0.002101013320492538,0.0,0.002101013320492538,600,1800
conditional,linear_survival,1800,7,1163,1163.0,0.0025724719323041963,0.0,0.0025724719323041963,600,1800
conditional,linear_survival,1800,8,1163,1163.0,0.0031252948073483746,0.0,0.0031252948073483746,600,1800
conditional,linear_survival,1800,9,1162,1162.0,0.01705089498439001,0.0,0.01705089498439001,600,1800
conditional,linear_survival,1800,0,1163,733101.0,3.626596632698987e-05,0.0,3.626596632698987e-05,600,1800
conditional,linear_survival,1800,1,1163,748438.0,0.00023937518508651396,0.0,0.00023937518508651396,600,1800
conditional,linear_survival,1800,2,1163,509298.0,0.0005451899900490135,0.0,0.0005451899900490135,600,1800
conditional,linear_survival,1800,3,1163,617744.0,0.0009091477477634224,0.0,0.0009091477477634224,600,1800
conditional,linear_survival,1800,4,1163,400276.0,0.0012800529347684936,0.0,0.0012800529347684936,600,1800
conditional,linear_survival,1800,5,1163,324629.0,0.0016846362472130564,0.0,0.0016846362472130564,600,1800
conditional,linear_survival,1800,6,1163,246138.0,0.002101072950010925,0.0,0.002101072950010925,600,1800
conditional,linear_survival,1800,7,1163,198989.0,0.002554168343302106,0.0,0.002554168343302106,600,1800
conditional,linear_survival,1800,8,1163,128390.0,0.0031146029999907106,0.0,0.0031146029999907106,600,1800
conditional,linear_survival,1800,9,1162,147082.0,0.012635769997812681,0.0,0.012635769997812681,600,1800
conditional,linear_survival,3600,0,1163,1163.0,0.0001385032485963817,0.0017196904557179593,0.0015811872071215777,600,3600
conditional,linear_survival,3600,1,1163,1163.0,0.0007035838820354271,0.0,0.0007035838820354271,600,3600
conditional,linear_survival,3600,2,1163,1163.0,0.001488859887117075,0.0,0.001488859887117075,600,3600
conditional,linear_survival,3600,3,1163,1163.0,0.002461718823755028,0.0,0.002461718823755028,600,3600
conditional,linear_survival,3600,4,1163,1163.0,0.003365877766467564,0.002579535683576939,0.0007863420828906251,600,3600
conditional,linear_survival,3600,5,1163,1163.0,0.004292752301776452,0.0008598452278589797,0.0034329070739174726,600,3600
conditional,linear_survival,3600,6,1163,1163.0,0.005281437481859156,0.0008598452278589797,0.004421592254000176,600,3600
conditional,linear_survival,3600,7,1163,1163.0,0.006536421846402875,0.004299226139294898,0.0022371957071079763,600,3600
conditional,linear_survival,3600,8,1163,1163.0,0.008441899200566736,0.007738607050730817,0.0007032921498359192,600,3600
conditional,linear_survival,3600,9,1162,1162.0,0.06280435438610332,0.10413080895008608,0.04132645456398276,600,3600
conditional,linear_survival,3600,0,1163,761356.0,0.00010996004109938022,0.0026190113429196415,0.0025090513018202615,600,3600
conditional,linear_survival,3600,1,1163,756800.0,0.00066760708623028,0.0,0.00066760708623028,600,3600
conditional,linear_survival,3600,2,1163,603115.0,0.001535093812772926,0.0,0.001535093812772926,600,3600
conditional,linear_survival,3600,3,1163,634538.0,0.00237954646670849,0.0,0.00237954646670849,600,3600
conditional,linear_survival,3600,4,1163,401404.0,0.0033532236226062207,0.01504718438281627,0.01169396076021005,600,3600
conditional,linear_survival,3600,5,1163,285509.0,0.004268559043041832,0.004476216161311886,0.00020765711827005345,600,3600
conditional,linear_survival,3600,6,1163,197001.0,0.005248572408123518,0.0029542997243668934,0.002294272683756624,600,3600
conditional,linear_survival,3600,7,1163,187823.0,0.006512756177223719,0.003806775528023776,0.002705980649199943,600,3600
conditional,linear_survival,3600,8,1163,115705.0,0.00831836327738436,0.005920228166457764,0.002398135110926597,600,3600
conditional,linear_survival,3600,9,1162,110834.0,0.05613631340048551,0.06960860385802181,0.013472290457536298,600,3600
conditional,linear_survival,600,0,1163,1163.0,2.995074416298756e-05,0.0,2.995074416298756e-05,1800,600
conditional,linear_survival,600,1,1163,1163.0,0.0001486423872648434,0.0,0.0001486423872648434,1800,600
conditional,linear_survival,600,2,1163,1163.0,0.0003121521001703549,0.0,0.0003121521001703549,1800,600
conditional,linear_survival,600,3,1163,1163.0,0.0004986985559341976,0.0,0.0004986985559341976,1800,600
conditional,linear_survival,600,4,1163,1163.0,0.000674971724659649,0.0,0.000674971724659649,1800,600
conditional,linear_survival,600,5,1163,1163.0,0.0008491377090615331,0.0,0.0008491377090615331,1800,600
conditional,linear_survival,600,6,1163,1163.0,0.0010534197633369309,0.0,0.0010534197633369309,1800,600
conditional,linear_survival,600,7,1163,1163.0,0.0013261650346535322,0.0,0.0013261650346535322,1800,600
conditional,linear_survival,600,8,1163,1163.0,0.0017749944499842083,0.0,0.0017749944499842083,1800,600
conditional,linear_survival,600,9,1162,1162.0,0.015319562571186173,0.0,0.015319562571186173,1800,600
conditional,linear_survival,600,0,1163,774715.0,2.403566701505446e-05,0.0,2.403566701505446e-05,1800,600
conditional,linear_survival,600,1,1163,738435.0,0.00013511220246323672,0.0,0.00013511220246323672,1800,600
conditional,linear_survival,600,2,1163,754001.0,0.00031197131408114865,0.0,0.00031197131408114865,1800,600
conditional,linear_survival,600,3,1163,588511.0,0.0004930154402904012,0.0,0.0004930154402904012,1800,600
conditional,linear_survival,600,4,1163,358492.0,0.0006675360649512157,0.0,0.0006675360649512157,1800,600
conditional,linear_survival,600,5,1163,259951.0,0.0008430258773143671,0.0,0.0008430258773143671,1800,600
conditional,linear_survival,600,6,1163,204121.0,0.0010482750612689441,0.0,0.0010482750612689441,1800,600
conditional,linear_survival,600,7,1163,161957.0,0.0013326890299062255,0.0,0.0013326890299062255,1800,600
conditional,linear_survival,600,8,1163,111812.0,0.0017430013303837352,0.0,0.0017430013303837352,1800,600
conditional,linear_survival,600,9,1162,102090.0,0.014591630195369583,0.0,0.014591630195369583,1800,600
conditional,linear_survival,1800,0,1163,1163.0,8.98522324889727e-05,0.0017196904557179593,0.0016298382232289867,1800,1800
conditional,linear_survival,1800,1,1163,1163.0,0.0004459271617945205,0.0,0.0004459271617945205,1800,1800
conditional,linear_survival,1800,2,1163,1163.0,0.0009364563005110512,0.0,0.0009364563005110512,1800,1800
conditional,linear_survival,1800,3,1163,1163.0,0.0014960956678025732,0.0,0.0014960956678025732,1800,1800
conditional,linear_survival,1800,4,1163,1163.0,0.0020249151739789527,0.002579535683576939,0.0005546205095979862,1800,1800
conditional,linear_survival,1800,5,1163,1163.0,0.002547413127184596,0.0008598452278589797,0.0016875678993256162,1800,1800
conditional,linear_survival,1800,6,1163,1163.0,0.0031602592900107944,0.0008598452278589797,0.0023004140621518147,1800,1800
conditional,linear_survival,1800,7,1163,1163.0,0.003978495103960594,0.0017196904557179593,0.0022588046482426346,1800,1800
conditional,linear_survival,1800,8,1163,1163.0,0.005324983349952613,0.009458297506448887,0.004133314156496274,1800,1800
conditional,linear_survival,1800,9,1162,1162.0,0.045958687713558516,0.1049913941480205,0.059032706434461985,1800,1800
conditional,linear_survival,1800,0,1163,774715.0,7.210700104516269e-05,0.002573849738290779,0.002501742737245616,1800,1800
conditional,linear_survival,1800,1,1163,738435.0,0.0004053366073897139,0.0,0.0004053366073897139,1800,1800
conditional,linear_survival,1800,2,1163,754001.0,0.0009359139422434182,0.0,0.0009359139422434182,1800,1800
conditional,linear_survival,1800,3,1163,588511.0,0.0014790463208712056,0.0,0.0014790463208712056,1800,1800
conditional,linear_survival,1800,4,1163,358492.0,0.002002608194853667,0.016848353659216997,0.01484574546436333,1800,1800
conditional,linear_survival,1800,5,1163,259951.0,0.002529077631943089,0.004916311150947705,0.0023872335190046165,1800,1800
conditional,linear_survival,1800,6,1163,204121.0,0.003144825183806819,0.0028512499938762037,0.0002935751899306154,1800,1800
conditional,linear_survival,1800,7,1163,161957.0,0.003998067089718659,0.002766166328099451,0.001231900761619208,1800,1800
conditional,linear_survival,1800,8,1163,111812.0,0.005229003991151189,0.008424856008299675,0.0031958520171484857,1800,1800
conditional,linear_survival,1800,9,1162,102090.0,0.04377489058610877,0.07566852776961508,0.03189363718350631,1800,1800
conditional,linear_survival,3600,0,1163,1163.0,0.00017970446497793594,0.0017196904557179593,0.0015399859907400234,1800,3600
conditional,linear_survival,3600,1,1163,1163.0,0.0008918543235890404,0.0,0.0008918543235890404,1800,3600
conditional,linear_survival,3600,2,1163,1163.0,0.0018729126010221047,0.0,0.0018729126010221047,1800,3600
conditional,linear_survival,3600,3,1163,1163.0,0.002992191335605151,0.0,0.002992191335605151,1800,3600
conditional,linear_survival,3600,4,1163,1163.0,0.00404983034795791,0.002579535683576939,0.0014702946643809708,1800,3600
conditional,linear_survival,3600,5,1163,1163.0,0.005094826254369199,0.0008598452278589797,0.004234981026510219,1800,3600
conditional,linear_survival,3600,6,1163,1163.0,0.006320518580021584,0.0008598452278589797,0.005460673352162605,1800,3600
conditional,linear_survival,3600,7,1163,1163.0,0.007956990207921184,0.0017196904557179593,0.006237299752203225,1800,3600
conditional,linear_survival,3600,8,1163,1163.0,0.010649966699905231,0.009458297506448887,0.001191669193456344,1800,3600
conditional,linear_survival,3600,9,1162,1162.0,0.09191737542711703,0.1049913941480205,0.013074018720903469,1800,3600
conditional,linear_survival,3600,0,1163,774715.0,0.00014421400209031974,0.002573849738290779,0.002429635736200459,1800,3600
conditional,linear_survival,3600,1,1163,738435.0,0.0008106732147794339,0.0,0.0008106732147794339,1800,3600
conditional,linear_survival,3600,2,1163,754001.0,0.0018718278844868192,0.0,0.0018718278844868192,1800,3600
conditional,linear_survival,3600,3,1163,588511.0,0.0029580926417424086,0.0,0.0029580926417424086,1800,3600
conditional,linear_survival,3600,4,1163,358492.0,0.0040052163897073365,0.016848353659216997,0.01284313726950966,1800,3600
conditional,linear_survival,3600,5,1163,259951.0,0.0050581552638861915,0.004916311150947705,0.00014184411293848617,1800,3600
conditional,linear_survival,3600,6,1163,204121.0,0.006289650367613652,0.0028512499938762037,0.0034384003737374484,1800,3600
conditional,linear_survival,3600,7,1163,161957.0,0.007996134179437314,0.002766166328099451,0.005229967851337863,1800,3600
conditional,linear_survival,3600,8,1163,111812.0,0.010458007982302378,0.008424856008299675,0.0020331519740027035,1800,3600
conditional,linear_survival,3600,9,1162,102090.0,0.08754978117221753,0.07566852776961508,0.011881253402602446,1800,3600
conditional,right_step,5,0,1833,1833.0,0.0553098274960704,0.0267321331151118,0.0285776943809586,5,5
conditional,right_step,5,1,1833,1833.0,0.09263348004674904,0.08674304418985235,0.005890435856896692,5,5
conditional,right_step,5,2,1833,1833.0,0.11904580435375901,0.11367674513590376,0.005369059217855257,5,5
conditional,right_step,5,3,1833,1833.0,0.14608346114051288,0.1316870813373292,0.014396379803183673,5,5
conditional,right_step,5,4,1833,1833.0,0.16909860944848507,0.2398913732928757,0.07079276384439062,5,5
conditional,right_step,5,5,1832,1832.0,0.1932273043745885,0.19765427224686782,0.004426967872279336,5,5
conditional,right_step,5,6,1832,1832.0,0.22165057412538236,0.233908624203493,0.01225805007811065,5,5
conditional,right_step,5,7,1832,1832.0,0.25241081694769285,0.18490660602154585,0.067504210926147,5,5
conditional,right_step,5,8,1832,1832.0,0.2833309993918169,0.30347342187367954,0.020142422481862654,5,5
conditional,right_step,5,9,1832,1832.0,0.3438510889103185,0.46811166084052747,0.12426057193020895,5,5
conditional,right_step,5,0,1833,619675.0,0.05513062239404902,0.03106789849517888,0.02406272389887014,5,5
conditional,right_step,5,1,1833,607283.0,0.09327022233787516,0.10755282133700439,0.014282598999129231,5,5
conditional,right_step,5,2,1833,642459.0,0.1190538570445989,0.12476747890166562,0.005713621857066725,5,5
conditional,right_step,5,3,1833,613615.0,0.14594113728059968,0.1567478422051416,0.010806704924541916,5,5
conditional,right_step,5,4,1833,600683.0,0.16971815507497937,0.1930624520594908,0.02334429698451143,5,5
conditional,right_step,5,5,1832,708273.0,0.19423235422158133,0.22936213100776082,0.035129776786179484,5,5
conditional,right_step,5,6,1832,670696.0,0.22149859196760519,0.25937965893352044,0.037881066965915255,5,5
conditional,right_step,5,7,1832,646247.0,0.25217242344831703,0.19691444840145866,0.055257975046858365,5,5
conditional,right_step,5,8,1832,662552.0,0.2830701353208317,0.26484561091755854,0.018224524403273157,5,5
conditional,right_step,5,9,1832,795221.0,0.343722888460228,0.3467130657432803,0.0029901772830522866,5,5
conditional,right_step,20,0,1833,1833.0,0.11467908850027303,0.12875273289607003,0.014073644395797003,5,20
conditional,right_step,20,1,1833,1833.0,0.2118453594529374,0.26296572638875515,0.05112036693581776,5,20
conditional,right_step,20,2,1833,1833.0,0.25811049152954885,0.21713038734315393,0.04098010418639492,5,20
conditional,right_step,20,3,1833,1833.0,0.28913820180167793,0.2139516442714029,0.07518655753027503,5,20
conditional,right_step,20,4,1833,1833.0,0.3129373862229628,0.2154528373561242,0.0974845488668386,5,20
conditional,right_step,20,5,1832,1832.0,0.3360133219985038,0.2983882760923571,0.03762504590614674,5,20
conditional,right_step,20,6,1832,1832.0,0.36200431256669086,0.40859433904344755,0.046590026476756696,5,20
conditional,right_step,20,7,1832,1832.0,0.38659847281128107,0.4690723024963862,0.08247382968510514,5,20
conditional,right_step,20,8,1832,1832.0,0.41471196829777857,0.4865502777934665,0.07183830949568792,5,20
conditional,right_step,20,9,1832,1832.0,0.4669460165899583,0.5476699947550454,0.08072397816508708,5,20
conditional,right_step,20,0,1833,637757.0,0.11730473331200253,0.07881603575868068,0.03848869755332185,5,20
conditional,right_step,20,1,1833,727342.0,0.20763499497343854,0.25757240680986926,0.04993741183643072,5,20
conditional,right_step,20,2,1833,544501.0,0.25865808033057097,0.2743061996213041,0.01564811929073312,5,20
conditional,right_step,20,3,1833,511063.0,0.28905041381838353,0.22910550992027645,0.05994490389810708,5,20
conditional,right_step,20,4,1833,575526.0,0.3132416257620288,0.28533942000813783,0.027902205753890963,5,20
conditional,right_step,20,5,1832,488861.0,0.33663363554980463,0.32823780480842524,0.008395830741379395,5,20
conditional,right_step,20,6,1832,498053.0,0.36191502183537294,0.3926507247473884,0.03073570291201544,5,20
conditional,right_step,20,7,1832,602570.0,0.38697580575905316,0.4656858318105713,0.07871002605151817,5,20
conditional,right_step,20,8,1832,709860.0,0.41641241453958355,0.474639160696431,0.05822674615684742,5,20
conditional,right_step,20,9,1832,1271171.0,0.47468849568179156,0.48645069355728265,0.011762197875491098,5,20
conditional,right_step,60,0,1833,1833.0,0.12116972895535298,0.1376222019776977,0.01645247302234472,5,60
conditional,right_step,60,1,1833,1833.0,0.2263872325096734,0.28753361975368164,0.06114638724400823,5,60
conditional,right_step,60,2,1833,1833.0,0.28420605502178825,0.19424141743290657,0.08996463758888168,5,60
conditional,right_step,60,3,1833,1833.0,0.32180372985364003,0.25938117945126404,0.06242255040237599,5,60
conditional,right_step,60,4,1833,1833.0,0.35305391302576533,0.28549329404799906,0.06756061897776627,5,60
conditional,right_step,60,5,1832,1832.0,0.3817832691140028,0.354195201410449,0.027588067703553765,5,60
conditional,right_step,60,6,1832,1832.0,0.40635503391536876,0.47253119927366183,0.06617616535829307,5,60
conditional,right_step,60,7,1832,1832.0,0.4309010184017971,0.48777539572369444,0.05687437732189732,5,60
conditional,right_step,60,8,1832,1832.0,0.4588486242250701,0.49641013501459574,0.03756151078952563,5,60
conditional,right_step,60,9,1832,1832.0,0.5130839579587401,0.5250799124911916,0.011995954532451503,5,60
conditional,right_step,60,0,1833,641818.0,0.12401773770920065,0.0849285108359048,0.03908922687329584,5,60
conditional,right_step,60,1,1833,832269.0,0.22438714394267814,0.2731614758290519,0.048774331886373784,5,60
conditional,right_step,60,2,1833,510020.0,0.2841875452562403,0.2399952350797493,0.044192310176491,5,60
conditional,right_step,60,3,1833,607682.0,0.3213103955440323,0.2746277647740324,0.0466826307699999,5,60
conditional,right_step,60,4,1833,544710.0,0.3528637101139959,0.3645334757073857,0.01166976559338978,5,60
conditional,right_step,60,5,1832,454490.0,0.3814556937983197,0.3245643513659977,0.05689134243232197,5,60
conditional,right_step,60,6,1832,386299.0,0.40711708070076785,0.46704599741651087,0.05992891671574302,5,60
conditional,right_step,60,7,1832,492017.0,0.4314671814680203,0.5009519788936201,0.06948479742559976,5,60
conditional,right_step,60,8,1832,708155.0,0.45993569186006644,0.5005577002342798,0.04062200837421337,5,60
conditional,right_step,60,9,1832,1389244.0,0.5250643356733431,0.5226219205020304,0.0024424151713127173,5,60
conditional,right_step,5,0,1262,1262.0,0.0,0.06973058637083995,0.06973058637083995,20,5
conditional,right_step,5,1,1262,1262.0,0.0,0.0,0.0,20,5
conditional,right_step,5,2,1262,1262.0,0.0,0.0261489698890649,0.0261489698890649,20,5
conditional,right_step,5,3,1262,1262.0,0.0,0.03803486529318534,0.03803486529318534,20,5
conditional,right_step,5,4,1262,1262.0,0.0,0.009508716323296418,0.009508716323296418,20,5
conditional,right_step,5,5,1262,1262.0,0.0,0.005546751188589494,0.005546751188589494,20,5
conditional,right_step,5,6,1261,1261.0,0.0,0.03806502775574938,0.03806502775574938,20,5
conditional,right_step,5,7,1261,1261.0,0.0,0.04361617763679626,0.04361617763679626,20,5
conditional,right_step,5,8,1261,1261.0,0.0,0.030134813639968283,0.030134813639968283,20,5
conditional,right_step,5,9,1261,1261.0,0.0,0.0,0.0,20,5
conditional,right_step,5,0,1262,494214.0,0.0,0.10497881484539084,0.10497881484539084,20,5
conditional,right_step,5,1,1262,368474.0,0.0,0.0,0.0,20,5
conditional,right_step,5,2,1262,436548.0,0.0,0.046551581956623345,0.046551581956623345,20,5
conditional,right_step,5,3,1262,538054.0,0.0,0.07154858062573644,0.07154858062573644,20,5
conditional,right_step,5,4,1262,532222.0,0.0,0.04318498671606963,0.04318498671606963,20,5
conditional,right_step,5,5,1262,476487.0,0.0,0.001962278089433722,0.001962278089433722,20,5
conditional,right_step,5,6,1261,469793.0,0.0,0.061333395772180443,0.061333395772180443,20,5
conditional,right_step,5,7,1261,409575.0,0.0,0.07132759567844715,0.07132759567844715,20,5
conditional,right_step,5,8,1261,358293.0,0.0,0.05357068097897544,0.05357068097897544,20,5
conditional,right_step,5,9,1261,400175.0,0.0,0.0,0.0,20,5
conditional,right_step,20,0,1262,1262.0,0.0,0.09587955625990485,0.09587955625990485,20,20
conditional,right_step,20,1,1262,1262.0,0.0,0.006339144215530945,0.006339144215530945,20,20
conditional,right_step,20,2,1262,1262.0,0.0,0.0261489698890649,0.0261489698890649,20,20
conditional,right_step,20,3,1262,1262.0,0.0,0.08637083993660855,0.08637083993660855,20,20
conditional,right_step,20,4,1262,1262.0,0.0,0.044374009508716394,0.044374009508716394,20,20
conditional,right_step,20,5,1262,1262.0,0.0,0.019809825673534065,0.019809825673534065,20,20
conditional,right_step,20,6,1261,1261.0,0.0,0.05392545598731158,0.05392545598731158,20,20
conditional,right_step,20,7,1261,1261.0,0.0,0.09595559080095173,0.09595559080095173,20,20
conditional,right_step,20,8,1261,1261.0,0.0,0.059476605868358456,0.059476605868358456,20,20
conditional,right_step,20,9,1261,1261.0,0.0,0.11230907457322559,0.11230907457322559,20,20
conditional,right_step,20,0,1262,494214.0,0.0,0.12615789920965403,0.12615789920965403,20,20
conditional,right_step,20,1,1262,368474.0,0.0,0.03169287385270059,0.03169287385270059,20,20
conditional,right_step,20,2,1262,436548.0,0.0,0.046551581956623345,0.046551581956623345,20,20
conditional,right_step,20,3,1262,538054.0,0.0,0.10167195114245042,0.10167195114245042,20,20
conditional,right_step,20,4,1262,532222.0,0.0,0.07765932261349584,0.07765932261349584,20,20
conditional,right_step,20,5,1262,476487.0,0.0,0.03261579014747529,0.03261579014747529,20,20
conditional,right_step,20,6,1261,469793.0,0.0,0.07216369762852992,0.07216369762852992,20,20
conditional,right_step,20,7,1261,409575.0,0.0,0.10810230116584263,0.10810230116584263,20,20
conditional,right_step,20,8,1261,358293.0,0.0,0.11522413220464833,0.11522413220464833,20,20
conditional,right_step,20,9,1261,400175.0,0.0,0.09335286593885417,0.09335286593885417,20,20
conditional,right_step,60,0,1262,1262.0,0.0018997685863964744,0.0008665511265164572,0.0010332174598800172,20,60
conditional,right_step,60,1,1262,1262.0,0.005479640144413199,0.023021169298694133,0.017541529154280935,20,60
conditional,right_step,60,2,1262,1262.0,0.011555089744301935,0.011901024626592038,0.00034593488229010295,20,60
conditional,right_step,60,3,1262,1262.0,0.02275763887741007,0.017517508307346108,0.00524013057006396,20,60
conditional,right_step,60,4,1262,1262.0,0.03725878029809824,0.017484952951366428,0.01977382734673181,20,60
conditional,right_step,60,5,1262,1262.0,0.055033159249955034,0.0472385960754228,0.007794563174532233,20,60
conditional,right_step,60,6,1261,1261.0,0.07235019608993433,0.07692307692307676,0.0045728808331424314,20,60
conditional,right_step,60,7,1261,1261.0,0.08911920032263229,0.1261441230801461,0.03702492275751382,20,60
conditional,right_step,60,8,1261,1261.0,0.10729941502428841,0.1334820389086676,0.026182623884379197,20,60
conditional,right_step,60,9,1261,1261.0,0.13485223559279808,0.16970658207771605,0.034854346484917975,20,60
conditional,right_step,60,0,1262,442827.0,0.0023390322081473167,0.00015125957977335514,0.0021877726283739615,20,60
conditional,right_step,60,1,1262,468122.0,0.005406315308460986,0.027948267115559977,0.02254195180709899,20,60
conditional,right_step,60,2,1262,570984.0,0.01124977942111709,0.005730911421235607,0.005518867999881483,20,60
conditional,right_step,60,3,1262,537604.0,0.022407005668280883,0.039128011477037816,0.016721005808756934,20,60
conditional,right_step,60,4,1262,400572.0,0.03718923218824293,0.04661748340201144,0.009428251213768508,20,60
conditional,right_step,60,5,1262,397565.0,0.053661948341378024,0.056385501740156774,0.0027235533987787497,20,60
conditional,right_step,60,6,1261,290737.0,0.07185403082838775,0.0799966980466883,0.00814266721830055,20,60
conditional,right_step,60,7,1261,360771.0,0.0880753193837693,0.21372472924145547,0.1256494098576862,20,60
conditional,right_step,60,8,1261,389960.0,0.10839036539561547,0.22866003706433058,0.1202696716687151,20,60
conditional,right_step,60,9,1261,624693.0,0.13958807172683274,0.17100879952232528,0.03142072779549254,20,60
conditional,right_step,20,0,1163,1163.0,0.0,0.0,0.0,60,20
conditional,right_step,20,1,1163,1163.0,0.0,0.0,0.0,60,20
conditional,right_step,20,2,1163,1163.0,0.0,0.0,0.0,60,20
conditional,right_step,20,3,1163,1163.0,0.0,0.0,0.0,60,20
conditional,right_step,20,4,1163,1163.0,0.0,0.0,0.0,60,20
conditional,right_step,20,5,1163,1163.0,0.0,0.0,0.0,60,20
conditional,right_step,20,6,1163,1163.0,0.0,0.0,0.0,60,20
conditional,right_step,20,7,1163,1163.0,0.0,0.0,0.0,60,20
conditional,right_step,20,8,1163,1163.0,0.0,0.0,0.0,60,20
conditional,right_step,20,9,1162,1162.0,0.0,0.0,0.0,60,20
conditional,right_step,20,0,1163,433204.0,0.0,0.0,0.0,60,20
conditional,right_step,20,1,1163,344728.0,0.0,0.0,0.0,60,20
conditional,right_step,20,2,1163,361774.0,0.0,0.0,0.0,60,20
conditional,right_step,20,3,1163,481637.0,0.0,0.0,0.0,60,20
conditional,right_step,20,4,1163,490999.0,0.0,0.0,0.0,60,20
conditional,right_step,20,5,1163,470334.0,0.0,0.0,0.0,60,20
conditional,right_step,20,6,1163,396630.0,0.0,0.0,0.0,60,20
conditional,right_step,20,7,1163,355520.0,0.0,0.0,0.0,60,20
conditional,right_step,20,8,1163,346654.0,0.0,0.0,0.0,60,20
conditional,right_step,20,9,1162,372605.0,0.0,0.0,0.0,60,20
conditional,right_step,60,0,1163,1163.0,0.0,0.0,0.0,60,60
conditional,right_step,60,1,1163,1163.0,0.0,0.0,0.0,60,60
conditional,right_step,60,2,1163,1163.0,0.0,0.0,0.0,60,60
conditional,right_step,60,3,1163,1163.0,0.0,0.0,0.0,60,60
conditional,right_step,60,4,1163,1163.0,0.0,0.0,0.0,60,60
conditional,right_step,60,5,1163,1163.0,0.0,0.0,0.0,60,60
conditional,right_step,60,6,1163,1163.0,0.0,0.0,0.0,60,60
conditional,right_step,60,7,1163,1163.0,0.0,0.0,0.0,60,60
conditional,right_step,60,8,1163,1163.0,0.0,0.0,0.0,60,60
conditional,right_step,60,9,1162,1162.0,0.0,0.0,0.0,60,60
conditional,right_step,60,0,1163,433204.0,0.0,0.0,0.0,60,60
conditional,right_step,60,1,1163,344728.0,0.0,0.0,0.0,60,60
conditional,right_step,60,2,1163,361774.0,0.0,0.0,0.0,60,60
conditional,right_step,60,3,1163,481637.0,0.0,0.0,0.0,60,60
conditional,right_step,60,4,1163,490999.0,0.0,0.0,0.0,60,60
conditional,right_step,60,5,1163,470334.0,0.0,0.0,0.0,60,60
conditional,right_step,60,6,1163,396630.0,0.0,0.0,0.0,60,60
conditional,right_step,60,7,1163,355520.0,0.0,0.0,0.0,60,60
conditional,right_step,60,8,1163,346654.0,0.0,0.0,0.0,60,60
conditional,right_step,60,9,1162,372605.0,0.0,0.0,0.0,60,60
conditional,right_step,180,0,1163,1163.0,8.010473874090553e-06,0.0,8.010473874090553e-06,60,180
conditional,right_step,180,1,1163,1163.0,3.5796704954099775e-05,0.0,3.5796704954099775e-05,60,180
conditional,right_step,180,2,1163,1163.0,0.00011403074943995167,0.0,0.00011403074943995167,60,180
conditional,right_step,180,3,1163,1163.0,0.00024484151036722134,0.0,0.00024484151036722134,60,180
conditional,right_step,180,4,1163,1163.0,0.0003871027668458499,0.0,0.0003871027668458499,60,180
conditional,right_step,180,5,1163,1163.0,0.000516720161429113,0.0,0.000516720161429113,60,180
conditional,right_step,180,6,1163,1163.0,0.0006683197651907061,0.0,0.0006683197651907061,60,180
conditional,right_step,180,7,1163,1163.0,0.0008658106440552376,0.0,0.0008658106440552376,60,180
conditional,right_step,180,8,1163,1163.0,0.001102624765037589,0.0,0.001102624765037589,60,180
conditional,right_step,180,9,1162,1162.0,0.0019496959268656632,0.0,0.0019496959268656632,60,180
conditional,right_step,180,0,1163,659432.0,6.331148317287808e-06,0.0,6.331148317287808e-06,60,180
conditional,right_step,180,1,1163,498458.0,4.0063222952048986e-05,0.0,4.0063222952048986e-05,60,180
conditional,right_step,180,2,1163,630173.0,0.0001134056098446282,0.0,0.0001134056098446282,60,180
conditional,right_step,180,3,1163,415492.0,0.0002434451560618862,0.0,0.0002434451560618862,60,180
conditional,right_step,180,4,1163,404770.0,0.00038005574057614795,0.0,0.00038005574057614795,60,180
conditional,right_step,180,5,1163,317856.0,0.0005102642882901238,0.0,0.0005102642882901238,60,180
conditional,right_step,180,6,1163,324701.0,0.0006621435474887825,0.0,0.0006621435474887825,60,180
conditional,right_step,180,7,1163,287120.0,0.0008575023117854185,0.0,0.0008575023117854185,60,180
conditional,right_step,180,8,1163,271943.0,0.001107420578388878,0.0,0.001107420578388878,60,180
conditional,right_step,180,9,1162,244140.0,0.001834357580918825,0.0,0.001834357580918825,60,180
conditional,right_step,600,0,1163,1163.0,0.0,0.0,0.0,600,600
conditional,right_step,600,1,1163,1163.0,0.0,0.0,0.0,600,600
conditional,right_step,600,2,1163,1163.0,0.0,0.0,0.0,600,600
conditional,right_step,600,3,1163,1163.0,0.0,0.0,0.0,600,600
conditional,right_step,600,4,1163,1163.0,0.0,0.0,0.0,600,600
conditional,right_step,600,5,1163,1163.0,0.0,0.0,0.0,600,600
conditional,right_step,600,6,1163,1163.0,0.0,0.0,0.0,600,600
conditional,right_step,600,7,1163,1163.0,0.0,0.0,0.0,600,600
conditional,right_step,600,8,1163,1163.0,0.0,0.0,0.0,600,600
conditional,right_step,600,9,1162,1162.0,0.0,0.0,0.0,600,600
conditional,right_step,600,0,1163,433204.0,0.0,0.0,0.0,600,600
conditional,right_step,600,1,1163,344728.0,0.0,0.0,0.0,600,600
conditional,right_step,600,2,1163,361774.0,0.0,0.0,0.0,600,600
conditional,right_step,600,3,1163,481637.0,0.0,0.0,0.0,600,600
conditional,right_step,600,4,1163,490999.0,0.0,0.0,0.0,600,600
conditional,right_step,600,5,1163,470334.0,0.0,0.0,0.0,600,600
conditional,right_step,600,6,1163,396630.0,0.0,0.0,0.0,600,600
conditional,right_step,600,7,1163,355520.0,0.0,0.0,0.0,600,600
conditional,right_step,600,8,1163,346654.0,0.0,0.0,0.0,600,600
conditional,right_step,600,9,1162,372605.0,0.0,0.0,0.0,600,600
conditional,right_step,1800,0,1163,1163.0,1.1709285102535014e-05,0.0,1.1709285102535014e-05,600,1800
conditional,right_step,1800,1,1163,1163.0,5.019740446076233e-05,0.0,5.019740446076233e-05,600,1800
conditional,right_step,1800,2,1163,1163.0,0.00014936624700064466,0.0,0.00014936624700064466,600,1800
conditional,right_step,1800,3,1163,1163.0,0.00031683427779672827,0.0,0.00031683427779672827,600,1800
conditional,right_step,1800,4,1163,1163.0,0.0004976884100698411,0.0,0.0004976884100698411,600,1800
conditional,right_step,1800,5,1163,1163.0,0.0006747336138426237,0.0,0.0006747336138426237,600,1800
conditional,right_step,1800,6,1163,1163.0,0.0008798508752469833,0.0,0.0008798508752469833,600,1800
conditional,right_step,1800,7,1163,1163.0,0.0011401255437669675,0.0,0.0011401255437669675,600,1800
conditional,right_step,1800,8,1163,1163.0,0.0014326008655909262,0.0,0.0014326008655909262,600,1800
conditional,right_step,1800,9,1162,1162.0,0.0024671195949862966,0.0,0.0024671195949862966,600,1800
conditional,right_step,1800,0,1163,658342.0,8.996079278231991e-06,0.0,8.996079278231991e-06,600,1800
conditional,right_step,1800,1,1163,547895.0,5.740000657648262e-05,0.0,5.740000657648262e-05,600,1800
conditional,right_step,1800,2,1163,576867.0,0.00015007515881817812,0.0,0.00015007515881817812,600,1800
conditional,right_step,1800,3,1163,450004.0,0.0003115889282832364,0.0,0.0003115889282832364,600,1800
conditional,right_step,1800,4,1163,427174.0,0.0004911755373608098,0.0,0.0004911755373608098,600,1800
conditional,right_step,1800,5,1163,320296.0,0.0006796386147419188,0.0,0.0006796386147419188,600,1800
conditional,right_step,1800,6,1163,336822.0,0.0008771562300748234,0.0,0.0008771562300748234,600,1800
conditional,right_step,1800,7,1163,249678.0,0.0011311032944653888,0.0,0.0011311032944653888,600,1800
conditional,right_step,1800,8,1163,254150.0,0.0014290985300091906,0.0,0.0014290985300091906,600,1800
conditional,right_step,1800,9,1162,232857.0,0.002323546479607157,0.0,0.002323546479607157,600,1800
conditional,right_step,3600,0,1163,1163.0,1.1709285102535014e-05,0.0034393809114359186,0.003427671626333384,600,3600
conditional,right_step,3600,1,1163,1163.0,5.019740446076233e-05,0.06190885640584698,0.061858659001386214,600,3600
conditional,right_step,3600,2,1163,1163.0,0.00014936624700064466,0.0,0.00014936624700064466,600,3600
conditional,right_step,3600,3,1163,1163.0,0.00031683427779672827,0.0,0.00031683427779672827,600,3600
conditional,right_step,3600,4,1163,1163.0,0.0004976884100698411,0.006018916595012858,0.005521228184943016,600,3600
conditional,right_step,3600,5,1163,1163.0,0.0006747336138426237,0.0034393809114359186,0.002764647297593295,600,3600
conditional,right_step,3600,6,1163,1163.0,0.0008798508752469833,0.005159071367153878,0.004279220491906895,600,3600
conditional,right_step,3600,7,1163,1163.0,0.0011401255437669675,0.011177987962166958,0.01003786241839999,600,3600
conditional,right_step,3600,8,1163,1163.0,0.0014326008655909262,0.005159071367153989,0.0037264705015630627,600,3600
conditional,right_step,3600,9,1162,1162.0,0.0024671195949862966,0.025817555938037917,0.02335043634305162,600,3600
conditional,right_step,3600,0,1163,658342.0,8.996079278231991e-06,0.0031427434373015872,0.0031337473580233554,600,3600
conditional,right_step,3600,1,1163,547895.0,5.740000657648262e-05,0.008277133392347036,0.008219733385770553,600,3600
conditional,right_step,3600,2,1163,576867.0,0.00015007515881817812,0.0,0.00015007515881817812,600,3600
conditional,right_step,3600,3,1163,450004.0,0.0003115889282832364,0.0,0.0003115889282832364,600,3600
conditional,right_step,3600,4,1163,427174.0,0.0004911755373608098,0.0016410174776554376,0.0011498419402946277,600,3600
conditional,right_step,3600,5,1163,320296.0,0.0006796386147419188,0.001848290331443514,0.0011686517167015951,600,3600
conditional,right_step,3600,6,1163,336822.0,0.0008771562300748234,0.012837641246711828,0.011960485016637004,600,3600
conditional,right_step,3600,7,1163,249678.0,0.0011311032944653888,0.016345052427526596,0.015213949133061207,600,3600
conditional,right_step,3600,8,1163,254150.0,0.0014290985300091906,0.004804249458980947,0.0033751509289717567,600,3600
conditional,right_step,3600,9,1162,232857.0,0.002323546479607157,0.00638159900711599,0.004058052527508833,600,3600
conditional,right_step,600,0,1163,1163.0,0.0,0.0,0.0,1800,600
conditional,right_step,600,1,1163,1163.0,0.0,0.0,0.0,1800,600
conditional,right_step,600,2,1163,1163.0,0.0,0.0,0.0,1800,600
conditional,right_step,600,3,1163,1163.0,0.0,0.0,0.0,1800,600
conditional,right_step,600,4,1163,1163.0,0.0,0.0,0.0,1800,600
conditional,right_step,600,5,1163,1163.0,0.0,0.0,0.0,1800,600
conditional,right_step,600,6,1163,1163.0,0.0,0.0,0.0,1800,600
conditional,right_step,600,7,1163,1163.0,0.0,0.0,0.0,1800,600
conditional,right_step,600,8,1163,1163.0,0.0,0.0,0.0,1800,600
conditional,right_step,600,9,1162,1162.0,0.0,0.0,0.0,1800,600
conditional,right_step,600,0,1163,433204.0,0.0,0.0,0.0,1800,600
conditional,right_step,600,1,1163,344728.0,0.0,0.0,0.0,1800,600
conditional,right_step,600,2,1163,361774.0,0.0,0.0,0.0,1800,600
conditional,right_step,600,3,1163,481637.0,0.0,0.0,0.0,1800,600
conditional,right_step,600,4,1163,490999.0,0.0,0.0,0.0,1800,600
conditional,right_step,600,5,1163,470334.0,0.0,0.0,0.0,1800,600
conditional,right_step,600,6,1163,396630.0,0.0,0.0,0.0,1800,600
conditional,right_step,600,7,1163,355520.0,0.0,0.0,0.0,1800,600
conditional,right_step,600,8,1163,346654.0,0.0,0.0,0.0,1800,600
conditional,right_step,600,9,1162,372605.0,0.0,0.0,0.0,1800,600
conditional,right_step,1800,0,1163,1163.0,0.0,0.0,0.0,1800,1800
conditional,right_step,1800,1,1163,1163.0,0.0,0.016337059329320724,0.016337059329320724,1800,1800
conditional,right_step,1800,2,1163,1163.0,0.0,0.0,0.0,1800,1800
conditional,right_step,1800,3,1163,1163.0,0.0,0.0,0.0,1800,1800
conditional,right_step,1800,4,1163,1163.0,0.0,0.0,0.0,1800,1800
conditional,right_step,1800,5,1163,1163.0,0.0,0.0,0.0,1800,1800
conditional,right_step,1800,6,1163,1163.0,0.0,0.016337059329320724,0.016337059329320724,1800,1800
conditional,right_step,1800,7,1163,1163.0,0.0,0.0,0.0,1800,1800
conditional,right_step,1800,8,1163,1163.0,0.0,0.0008598452278589797,0.0008598452278589797,1800,1800
conditional,right_step,1800,9,1162,1162.0,0.0,0.08864027538726338,0.08864027538726338,1800,1800
conditional,right_step,1800,0,1163,433204.0,0.0,0.0,0.0,1800,1800
conditional,right_step,1800,1,1163,344728.0,0.0,0.026977791186094557,0.026977791186094557,1800,1800
conditional,right_step,1800,2,1163,361774.0,0.0,0.0,0.0,1800,1800
conditional,right_step,1800,3,1163,481637.0,0.0,0.0,0.0,1800,1800
conditional,right_step,1800,4,1163,490999.0,0.0,0.0,0.0,1800,1800
conditional,right_step,1800,5,1163,470334.0,0.0,0.0,0.0,1800,1800
conditional,right_step,1800,6,1163,396630.0,0.0,0.004270983032044984,0.004270983032044984,1800,1800
conditional,right_step,1800,7,1163,355520.0,0.0,0.0,0.0,1800,1800
conditional,right_step,1800,8,1163,346654.0,0.0,0.005561741679022902,0.005561741679022902,1800,1800
conditional,right_step,1800,9,1162,372605.0,0.0,0.016336334724440182,0.016336334724440182,1800,1800
conditional,right_step,3600,0,1163,1163.0,0.0,0.0,0.0,1800,3600
conditional,right_step,3600,1,1163,1163.0,0.0,0.016337059329320724,0.016337059329320724,1800,3600
conditional,right_step,3600,2,1163,1163.0,0.0,0.0,0.0,1800,3600
conditional,right_step,3600,3,1163,1163.0,0.0,0.0,0.0,1800,3600
conditional,right_step,3600,4,1163,1163.0,0.0,0.0,0.0,1800,3600
conditional,right_step,3600,5,1163,1163.0,0.0,0.0,0.0,1800,3600
conditional,right_step,3600,6,1163,1163.0,0.0,0.016337059329320724,0.016337059329320724,1800,3600
conditional,right_step,3600,7,1163,1163.0,0.0,0.0,0.0,1800,3600
conditional,right_step,3600,8,1163,1163.0,0.0,0.0008598452278589797,0.0008598452278589797,1800,3600
conditional,right_step,3600,9,1162,1162.0,0.0,0.08864027538726338,0.08864027538726338,1800,3600
conditional,right_step,3600,0,1163,433204.0,0.0,0.0,0.0,1800,3600
conditional,right_step,3600,1,1163,344728.0,0.0,0.026977791186094557,0.026977791186094557,1800,3600
conditional,right_step,3600,2,1163,361774.0,0.0,0.0,0.0,1800,3600
conditional,right_step,3600,3,1163,481637.0,0.0,0.0,0.0,1800,3600
conditional,right_step,3600,4,1163,490999.0,0.0,0.0,0.0,1800,3600
conditional,right_step,3600,5,1163,470334.0,0.0,0.0,0.0,1800,3600
conditional,right_step,3600,6,1163,396630.0,0.0,0.004270983032044984,0.004270983032044984,1800,3600
conditional,right_step,3600,7,1163,355520.0,0.0,0.0,0.0,1800,3600
conditional,right_step,3600,8,1163,346654.0,0.0,0.005561741679022902,0.005561741679022902,1800,3600
conditional,right_step,3600,9,1162,372605.0,0.0,0.016336334724440182,0.016336334724440182,1800,3600
