[warn] no manifest.json, skip hash check
[index] 572 sessions / 1970 turns from /share/dai-sys/zhoulongsheng/agentkv/experiments/evict_position/workload/workload.jsonl
[arrival] {"type": "waves", "horizon_s": 300.0, "n_waves": 9, "wave_width_s": 20.0, "wave_start_s": [0.0, 37.5, 75.0, 112.5, 150.0, 187.5, 225.0, 262.5, 280.0], "wave_class_counts": [{"openhands": 4, "request": 60}, {"openhands": 4, "request": 60}, {"openhands": 4, "request": 60}, {"openhands": 4, "request": 60}, {"openhands": 4, "request": 60}, {"openhands": 4, "request": 60}, {"openhands": 3, "request": 60}, {"openhands": 3, "request": 60}, {"openhands": 3, "request": 59}], "arrival_seed": 42, "classes": ["openhands", "request"]}
[ok] request s309 turn0 ttft=1659.737ms hit=0.0 e2e=7641.453ms
[ok] request s144 turn0 ttft=3033.856ms hit=0.0 e2e=11857.736ms
[ok] request s113 turn0 ttft=2293.038ms hit=0.0 e2e=8751.364ms
[ok] request s362 turn0 ttft=1341.222ms hit=0.0 e2e=7798.659ms
[ok] request s281 turn0 ttft=1830.136ms hit=0.0 e2e=10656.552ms
[ok] request s124 turn0 ttft=878.054ms hit=0.0 e2e=9704.1ms
[ok] request s100 turn0 ttft=1196.083ms hit=0.0 e2e=10021.737ms
[ok] request s9 turn0 ttft=2333.735ms hit=0.0 e2e=9069.291ms
[ok] request s191 turn0 ttft=3037.214ms hit=0.0 e2e=11868.377ms
[ok] openhands s448 turn0 ttft=3733.808ms hit=0.0 e2e=12564.726ms
[ok] openhands s195 turn0 ttft=3885.829ms hit=0.224097 e2e=7488.772ms
[ok] request s547 turn0 ttft=2467.526ms hit=0.0 e2e=11298.498ms
[ok] request s507 turn0 ttft=1975.658ms hit=0.0 e2e=8441.4ms
[ok] request s206 turn0 ttft=2784.909ms hit=0.0 e2e=11615.923ms
[ok] request s565 turn0 ttft=2472.202ms hit=0.0 e2e=9394.992ms
[ok] request s143 turn0 ttft=1516.233ms hit=0.0 e2e=10347.379ms
[ok] request s400 turn0 ttft=2151.374ms hit=0.0 e2e=10982.189ms
[ok] request s228 turn0 ttft=3390.186ms hit=0.0 e2e=4642.611ms
[ok] request s180 turn0 ttft=3073.95ms hit=0.0 e2e=4326.187ms
[ok] request s160 turn0 ttft=2140.154ms hit=0.0 e2e=3056.546ms
[ok] request s44 turn0 ttft=4979.245ms hit=0.0 e2e=6231.257ms
[ok] request s223 turn0 ttft=3709.104ms hit=0.0 e2e=4962.036ms
[ok] request s288 turn0 ttft=2757.548ms hit=0.0 e2e=4009.871ms
[ok] request s401 turn0 ttft=3568.071ms hit=0.0 e2e=7185.263ms
[ok] request s233 turn0 ttft=2441.321ms hit=0.0 e2e=3692.917ms
[ok] openhands s512 turn0 ttft=1631.351ms hit=0.225208 e2e=2424.315ms
[ok] request s80 turn0 ttft=4347.134ms hit=0.0 e2e=5599.06ms
[ok] request s397 turn0 ttft=2458.376ms hit=0.0 e2e=3377.258ms
[ok] request s158 turn0 ttft=1822.833ms hit=0.0 e2e=2742.694ms
[ok] request s522 turn0 ttft=3249.39ms hit=0.0 e2e=6869.981ms
[ok] request s521 turn0 ttft=5111.382ms hit=0.0 e2e=6552.632ms
[ok] request s182 turn0 ttft=4665.493ms hit=0.0 e2e=5919.389ms
[ok] request s495 turn0 ttft=4031.216ms hit=0.0 e2e=5285.154ms
[ok] request s222 turn0 ttft=483.78ms hit=0.0 e2e=1158.285ms
[ok] request s54 turn0 ttft=181.928ms hit=0.0 e2e=841.371ms
[ok] request s326 turn0 ttft=678.515ms hit=0.0 e2e=1477.302ms
[ok] request s30 turn0 ttft=997.318ms hit=0.0 e2e=1795.044ms
[ok] request s340 turn0 ttft=1313.887ms hit=0.0 e2e=2112.732ms
[ok] request s75 turn0 ttft=143.176ms hit=0.0 e2e=7554.15ms
[ok] request s557 turn0 ttft=139.923ms hit=0.0 e2e=7282.05ms
[ok] openhands s512 turn1 ttft=4621.706ms hit=0.948954 e2e=7644.088ms
[ok] request s180 turn1 ttft=4058.364ms hit=0.0 e2e=7082.319ms
[ok] request s80 turn1 ttft=4052.957ms hit=0.0 e2e=7076.629ms
[ok] request s144 turn1 ttft=4081.545ms hit=0.0 e2e=7104.821ms
[ok] request s547 turn1 ttft=4071.276ms hit=0.0 e2e=7094.249ms
[ok] request s362 turn1 ttft=4078.258ms hit=0.450308 e2e=7105.7ms
[ok] request s400 turn1 ttft=4069.497ms hit=0.0 e2e=7096.68ms
[ok] openhands s195 turn1 ttft=4648.854ms hit=0.988028 e2e=7675.815ms
[ok] openhands s448 turn1 ttft=2606.866ms hit=0.954386 e2e=7679.235ms
[ok] request s54 turn1 ttft=4228.915ms hit=0.0 e2e=7078.5ms
[ok] request s501 turn0 ttft=4544.855ms hit=0.0 e2e=7572.134ms
[ok] request s44 turn1 ttft=4059.913ms hit=0.0 e2e=7086.993ms
[ok] request s309 turn1 ttft=4555.747ms hit=0.0 e2e=7582.638ms
[ok] request s565 turn1 ttft=4073.428ms hit=0.0 e2e=7100.141ms
[ok] request s113 turn1 ttft=4083.187ms hit=0.0 e2e=7109.788ms
[ok] request s247 turn0 ttft=4229.499ms hit=0.0 e2e=7255.971ms
[ok] request s329 turn0 ttft=3130.732ms hit=0.0 e2e=5992.853ms
[ok] request s418 turn0 ttft=2813.643ms hit=0.0 e2e=5675.594ms
[ok] request s455 turn0 ttft=3717.589ms hit=0.0 e2e=4406.443ms
[ok] request s340 turn1 ttft=4225.171ms hit=0.0 e2e=7087.381ms
[ok] request s135 turn0 ttft=3449.924ms hit=0.0 e2e=6312.109ms
[ok] request s474 turn0 ttft=2498.474ms hit=0.0 e2e=5360.521ms
[ok] request s223 turn1 ttft=4234.647ms hit=0.0 e2e=7096.631ms
[ok] openhands s449 turn0 ttft=4353.911ms hit=0.224884 e2e=5044.351ms
[ok] request s29 turn0 ttft=3084.275ms hit=0.0 e2e=3774.62ms
[ok] request s491 turn0 ttft=4086.583ms hit=0.0 e2e=6949.456ms
[ok] request s186 turn0 ttft=4037.033ms hit=0.0 e2e=4727.822ms
[ok] request s37 turn0 ttft=3402.033ms hit=0.0 e2e=4092.844ms
[ok] request s521 turn1 ttft=4231.833ms hit=0.268625 e2e=7095.016ms
[ok] request s522 turn1 ttft=4233.528ms hit=0.0 e2e=7096.718ms
[ok] request s160 turn1 ttft=4239.886ms hit=0.0 e2e=7103.1ms
[ok] request s360 turn0 ttft=3771.613ms hit=0.0 e2e=6634.886ms
[ok] request s178 turn0 ttft=1506.653ms hit=0.0 e2e=2195.438ms
[ok] request s493 turn0 ttft=2142.618ms hit=0.0 e2e=2830.956ms
[ok] request s252 turn0 ttft=1190.362ms hit=0.0 e2e=1879.841ms
[ok] request s91 turn0 ttft=556.488ms hit=0.0 e2e=1245.563ms
[ok] request s89 turn0 ttft=239.139ms hit=0.0 e2e=928.357ms
[ok] request s550 turn0 ttft=2451.383ms hit=0.0 e2e=3151.387ms
[ok] request s354 turn0 ttft=874.322ms hit=0.0 e2e=1564.346ms
[ok] request s173 turn0 ttft=1827.09ms hit=0.0 e2e=2517.265ms
[ok] request s318 turn0 ttft=2768.198ms hit=0.0 e2e=3470.883ms
[ok] request s413 turn0 ttft=143.648ms hit=0.0 e2e=789.949ms
[ok] request s102 turn0 ttft=148.774ms hit=0.0 e2e=3549.712ms
[ok] request s354 turn1 ttft=2535.419ms hit=0.469509 e2e=2723.699ms
[ok] openhands s512 turn2 ttft=2889.911ms hit=0.974496 e2e=3530.596ms
[ok] request s550 turn1 ttft=2530.366ms hit=0.286353 e2e=2934.82ms
[ok] request s247 turn1 ttft=2551.597ms hit=0.0 e2e=2955.36ms
[ok] request s180 turn2 ttft=2328.276ms hit=0.358042 e2e=2970.985ms
[ok] request s547 turn2 ttft=2565.318ms hit=0.596737 e2e=2975.009ms
[ok] request s329 turn1 ttft=2310.981ms hit=0.0 e2e=2959.662ms
[ok] request s501 turn1 ttft=2320.799ms hit=0.0 e2e=2969.447ms
[ok] request s178 turn1 ttft=2540.939ms hit=0.0 e2e=2949.194ms
[ok] openhands s448 turn2 ttft=2895.653ms hit=0.905137 e2e=3544.811ms
[ok] openhands s195 turn2 ttft=2624.503ms hit=0.944934 e2e=3548.547ms
[ok] request s455 turn1 ttft=2695.669ms hit=0.0 e2e=3345.408ms
[ok] request s223 turn2 ttft=2549.891ms hit=0.52459 e2e=2959.819ms
[ok] openhands s449 turn1 ttft=2888.954ms hit=0.923146 e2e=3539.265ms
[ok] request s491 turn1 ttft=2547.653ms hit=0.0 e2e=2957.99ms
[ok] request s362 turn2 ttft=2327.211ms hit=0.288045 e2e=2978.188ms
[ok] request s29 turn1 ttft=2574.042ms hit=0.0 e2e=3225.138ms
[ok] request s413 turn1 ttft=2367.062ms hit=0.0 e2e=2779.051ms
[ok] request s252 turn1 ttft=2533.972ms hit=0.0 e2e=2956.27ms
[ok] request s400 turn2 ttft=2570.272ms hit=0.0 e2e=2983.101ms
[ok] request s44 turn2 ttft=2557.792ms hit=0.348774 e2e=2979.846ms
[ok] request s113 turn2 ttft=2554.84ms hit=0.422442 e2e=2977.084ms
[ok] request s309 turn2 ttft=2557.595ms hit=0.0 e2e=2979.54ms
[ok] request s340 turn2 ttft=2550.505ms hit=0.0 e2e=2972.646ms
[ok] request s173 turn1 ttft=2530.772ms hit=0.0 e2e=2954.653ms
[ok] request s521 turn2 ttft=2551.463ms hit=0.507937 e2e=2968.068ms
[ok] request s491 turn2 ttft=1816.855ms hit=0.350205 e2e=2245.524ms
[ok] request s309 turn3 ttft=1886.053ms hit=0.51927 e2e=2233.71ms
[ok] request s180 turn3 ttft=1830.313ms hit=0.593968 e2e=2264.497ms
[ok] request s173 turn2 ttft=1881.974ms hit=0.466586 e2e=2234.591ms
[ok] request s455 turn2 ttft=1821.664ms hit=0.0 e2e=2255.903ms
[ok] request s501 turn2 ttft=1826.158ms hit=0.0 e2e=2259.877ms
[ok] request s44 turn3 ttft=1811.69ms hit=0.363121 e2e=2245.16ms
[ok] openhands s512 turn3 ttft=2409.22ms hit=0.940024 e2e=2842.466ms
[ok] openhands s448 turn3 ttft=2154.79ms hit=0.968874 e2e=2846.927ms
[ok] request s354 turn2 ttft=2045.578ms hit=0.914286 e2e=2478.952ms
[ok] request s178 turn2 ttft=1826.465ms hit=0.0 e2e=2259.669ms
[ok] openhands s449 turn2 ttft=2403.078ms hit=0.983306 e2e=2836.131ms
[ok] request s413 turn2 ttft=1819.241ms hit=0.328838 e2e=2252.139ms
[ok] request s547 turn3 ttft=1832.002ms hit=0.740741 e2e=2264.758ms
[ok] request s247 turn2 ttft=1837.743ms hit=0.0 e2e=2270.4ms
[ok] request s400 turn3 ttft=1892.911ms hit=0.392037 e2e=2253.173ms
[ok] request s521 turn3 ttft=1879.693ms hit=0.587965 e2e=2239.368ms
[ok] request s223 turn3 ttft=1901.696ms hit=0.320401 e2e=2260.844ms
[ok] request s340 turn3 ttft=1884.92ms hit=0.0 e2e=2244.065ms
[ok] request s113 turn3 ttft=1891.154ms hit=0.485999 e2e=2250.22ms
[ok] openhands s195 turn3 ttft=2401.691ms hit=0.971935 e2e=2855.001ms
[ok] openhands s449 turn3 ttft=504.821ms hit=0.928636 e2e=2983.509ms
[ok] openhands s448 turn4 ttft=486.56ms hit=0.71081 e2e=2989.089ms
[ok] openhands s512 turn4 ttft=391.89ms hit=0.910372 e2e=2871.686ms
[ok] openhands s195 turn4 ttft=497.122ms hit=0.977171 e2e=2977.755ms
[ok] request s501 turn3 ttft=2210.416ms hit=0.0 e2e=2693.356ms
[ok] request s173 turn3 ttft=2212.919ms hit=0.659227 e2e=2696.608ms
[ok] request s521 turn4 ttft=2200.021ms hit=0.745541 e2e=2683.438ms
[ok] request s178 turn3 ttft=2205.892ms hit=0.776935 e2e=2691.995ms
[ok] request s44 turn4 ttft=2210.77ms hit=0.730177 e2e=2696.676ms
[ok] request s491 turn3 ttft=2116.07ms hit=0.473198 e2e=2706.882ms
[ok] request s247 turn3 ttft=2203.27ms hit=0.395062 e2e=2689.29ms
[ok] request s413 turn3 ttft=2205.561ms hit=0.619605 e2e=2691.398ms
[ok] request s354 turn3 ttft=2209.762ms hit=0.823813 e2e=2695.384ms
[ok] request s309 turn4 ttft=2220.492ms hit=0.609524 e2e=2705.874ms
[ok] openhands s195 turn5 ttft=771.599ms hit=0.984973 e2e=4063.419ms
[ok] openhands s449 turn4 ttft=782.961ms hit=0.494686 e2e=4076.025ms
[ok] openhands s448 turn5 ttft=777.727ms hit=0.98594 e2e=4071.616ms
[ok] openhands s512 turn5 ttft=763.885ms hit=0.984102 e2e=4058.76ms
[ok] request s178 turn4 ttft=3040.023ms hit=0.483475 e2e=3620.993ms
[ok] request s247 turn4 ttft=3040.152ms hit=0.634449 e2e=3618.719ms
[ok] request s521 turn5 ttft=3048.283ms hit=0.497377 e2e=3626.427ms
[ok] request s501 turn4 ttft=2795.806ms hit=0.421053 e2e=3631.288ms
[ok] request s354 turn4 ttft=3040.45ms hit=0.0 e2e=3617.43ms
[ok] request s44 turn5 ttft=3043.664ms hit=0.734577 e2e=3622.96ms
[ok] request s173 turn4 ttft=3051.502ms hit=0.0 e2e=3630.515ms
[ok] openhands s512 turn6 ttft=381.207ms hit=0.842951 e2e=636.966ms
[ok] openhands s448 turn6 ttft=354.839ms hit=0.910608 e2e=645.115ms
[ok] openhands s449 turn5 ttft=375.118ms hit=0.992861 e2e=631.803ms
[ok] openhands s195 turn6 ttft=2121.462ms hit=0.842367 e2e=2550.518ms
[ok] openhands s448 turn7 ttft=2189.65ms hit=0.934232 e2e=2482.429ms
[ok] openhands s449 turn6 ttft=2230.861ms hit=0.927715 e2e=2476.693ms
[ok] openhands s512 turn7 ttft=2136.07ms hit=0.942959 e2e=2382.593ms
[ok] request s82 turn0 ttft=1392.516ms hit=0.0 e2e=1733.564ms
[ok] request s98 turn0 ttft=136.408ms hit=0.0 e2e=183.623ms
[ok] openhands s449 turn7 ttft=2717.494ms hit=0.916477 e2e=3562.496ms
[ok] request s26 turn0 ttft=758.73ms hit=0.0 e2e=1406.205ms
[ok] openhands s512 turn8 ttft=2443.98ms hit=0.977351 e2e=3572.258ms
[ok] openhands s448 turn8 ttft=2265.259ms hit=0.949404 e2e=3579.229ms
[ok] request s505 turn0 ttft=557.519ms hit=0.0 e2e=1089.531ms
[ok] request s198 turn0 ttft=244.619ms hit=0.0 e2e=772.444ms
[ok] request s555 turn0 ttft=2029.188ms hit=0.0 e2e=2677.145ms
[ok] openhands s66 turn0 ttft=2346.284ms hit=0.225208 e2e=2993.889ms
[ok] request s377 turn0 ttft=1077.994ms hit=0.0 e2e=1725.308ms
[ok] request s104 turn0 ttft=1712.886ms hit=0.0 e2e=2359.967ms
[ok] request s203 turn0 ttft=316.311ms hit=0.0 e2e=2489.87ms
[ok] request s387 turn0 ttft=139.179ms hit=0.0 e2e=5881.353ms
[ok] openhands s66 turn1 ttft=482.937ms hit=0.963311 e2e=6035.338ms
[ok] openhands s448 turn9 ttft=496.188ms hit=0.970196 e2e=6053.274ms
[ok] openhands s449 turn8 ttft=365.017ms hit=0.978996 e2e=6060.116ms
[ok] request s96 turn0 ttft=329.562ms hit=0.0 e2e=5881.489ms
[ok] openhands s512 turn9 ttft=496.028ms hit=0.97225 e2e=6047.637ms
[ok] request s311 turn0 ttft=633.023ms hit=0.0 e2e=3360.047ms
[ok] request s562 turn0 ttft=1626.91ms hit=0.0 e2e=4629.459ms
[ok] request s256 turn0 ttft=1945.194ms hit=0.0 e2e=4947.419ms
[ok] request s198 turn1 ttft=2162.28ms hit=0.0 e2e=5479.2ms
[ok] openhands s195 turn7 ttft=1605.017ms hit=0.795423 e2e=4607.147ms
[ok] request s377 turn1 ttft=2160.792ms hit=0.0 e2e=5478.736ms
[ok] request s509 turn0 ttft=1311.27ms hit=0.0 e2e=4313.436ms
[ok] request s108 turn0 ttft=2264.676ms hit=0.0 e2e=5266.594ms
[ok] request s357 turn0 ttft=950.736ms hit=0.0 e2e=3679.134ms
[ok] openhands s260 turn0 ttft=1262.243ms hit=0.221036 e2e=3996.84ms
[ok] request s26 turn1 ttft=2164.148ms hit=0.0 e2e=5482.307ms
[ok] request s330 turn0 ttft=2095.372ms hit=0.0 e2e=5584.413ms
[ok] request s564 turn0 ttft=1491.442ms hit=0.0 e2e=2451.629ms
[ok] request s349 turn0 ttft=857.008ms hit=0.0 e2e=1817.601ms
[ok] request s199 turn0 ttft=540.639ms hit=0.0 e2e=1500.942ms
[ok] request s485 turn0 ttft=2008.893ms hit=0.0 e2e=3091.713ms
[ok] request s450 turn0 ttft=1810.413ms hit=0.0 e2e=2774.337ms
[ok] request s544 turn0 ttft=141.074ms hit=0.0 e2e=869.854ms
[ok] request s551 turn0 ttft=1176.555ms hit=0.0 e2e=2140.58ms
[ok] request s534 turn0 ttft=225.914ms hit=0.0 e2e=1188.323ms
[ok] request s25 turn0 ttft=132.457ms hit=0.0 e2e=5898.762ms
[ok] request s387 turn1 ttft=2510.492ms hit=0.0 e2e=5750.377ms
[ok] openhands s194 turn0 ttft=4204.221ms hit=0.044889 e2e=4947.724ms
[ok] openhands s195 turn8 ttft=2464.853ms hit=0.985191 e2e=6028.977ms
[ok] request s256 turn1 ttft=2171.116ms hit=0.0 e2e=5430.901ms
[ok] request s551 turn1 ttft=1808.829ms hit=0.0 e2e=5065.2ms
[ok] request s562 turn1 ttft=2172.869ms hit=0.439108 e2e=5437.693ms
[ok] openhands s66 turn2 ttft=2473.133ms hit=0.971274 e2e=6042.791ms
[ok] request s426 turn0 ttft=2008.996ms hit=0.0 e2e=5273.257ms
[ok] openhands s448 turn10 ttft=2183.414ms hit=0.970425 e2e=6056.795ms
[ok] request s19 turn0 ttft=2327.21ms hit=0.0 e2e=5591.471ms
[ok] request s311 turn1 ttft=2176.684ms hit=0.0 e2e=5440.216ms
[ok] openhands s449 turn9 ttft=2432.898ms hit=0.989757 e2e=6003.309ms
[ok] request s199 turn1 ttft=1813.488ms hit=0.0 e2e=5078.102ms
[ok] openhands s260 turn1 ttft=2461.822ms hit=0.715043 e2e=6032.293ms
[ok] request s544 turn1 ttft=1810.418ms hit=0.0 e2e=5074.141ms
[ok] request s161 turn0 ttft=2339.725ms hit=0.0 e2e=5910.302ms
[ok] openhands s512 turn10 ttft=2661.179ms hit=0.936882 e2e=5925.023ms
[ok] request s36 turn0 ttft=3054.589ms hit=0.0 e2e=3708.198ms
[ok] request s374 turn0 ttft=2420.353ms hit=0.0 e2e=3073.81ms
[ok] request s5 turn0 ttft=202.511ms hit=0.0 e2e=851.704ms
[ok] request s39 turn0 ttft=2103.176ms hit=0.0 e2e=2756.842ms
[ok] request s472 turn0 ttft=3569.223ms hit=0.0 e2e=4344.19ms
[ok] request s479 turn0 ttft=3374.353ms hit=0.0 e2e=4027.745ms
[ok] request s284 turn0 ttft=1468.803ms hit=0.0 e2e=2123.128ms
[ok] request s34 turn0 ttft=517.249ms hit=0.0 e2e=1170.978ms
[ok] request s266 turn0 ttft=3887.552ms hit=0.0 e2e=4663.64ms
[ok] request s53 turn0 ttft=2739.934ms hit=0.0 e2e=3394.012ms
[ok] request s442 turn0 ttft=1787.527ms hit=0.0 e2e=2441.562ms
[ok] request s488 turn0 ttft=1154.12ms hit=0.0 e2e=1808.053ms
[ok] request s73 turn0 ttft=837.455ms hit=0.0 e2e=1491.319ms
[ok] request s515 turn0 ttft=145.99ms hit=0.0 e2e=1097.368ms
[ok] request s394 turn0 ttft=135.806ms hit=0.0 e2e=777.266ms
[ok] openhands s448 turn11 ttft=551.584ms hit=0.972536 e2e=2148.014ms
[ok] request s36 turn1 ttft=845.743ms hit=0.0 e2e=1563.265ms
[ok] request s562 turn2 ttft=869.702ms hit=0.590883 e2e=1586.382ms
[ok] request s544 turn2 ttft=867.277ms hit=0.0 e2e=1590.101ms
[ok] openhands s513 turn0 ttft=1225.079ms hit=0.0 e2e=2069.433ms
[ok] openhands s66 turn3 ttft=555.287ms hit=0.95794 e2e=2159.076ms
[ok] request s39 turn1 ttft=844.782ms hit=0.0 e2e=1567.611ms
[ok] openhands s194 turn1 ttft=579.512ms hit=0.99717 e2e=2185.103ms
[ok] request s25 turn1 ttft=1073.825ms hit=0.0 e2e=1920.121ms
[ok] request s351 turn0 ttft=906.241ms hit=0.0 e2e=1753.489ms
[ok] openhands s260 turn2 ttft=717.91ms hit=0.986233 e2e=2150.589ms
[ok] request s488 turn1 ttft=843.304ms hit=0.0 e2e=1567.412ms
[ok] openhands s195 turn9 ttft=735.324ms hit=0.984426 e2e=2168.195ms
[ok] request s5 turn1 ttft=847.646ms hit=0.0 e2e=1571.447ms
[ok] openhands s449 turn10 ttft=1273.794ms hit=0.990003 e2e=2121.253ms
[ok] openhands s512 turn11 ttft=1033.043ms hit=0.914804 e2e=2149.571ms
[ok] request s328 turn0 ttft=511.135ms hit=0.0 e2e=1123.853ms
[ok] request s394 turn1 ttft=399.886ms hit=0.0 e2e=1012.532ms
[ok] request s412 turn0 ttft=199.363ms hit=0.0 e2e=807.875ms
[ok] request s515 turn1 ttft=401.888ms hit=0.0 e2e=1014.976ms
[ok] request s10 turn0 ttft=713.264ms hit=0.0 e2e=1443.598ms
[ok] request s235 turn0 ttft=132.307ms hit=0.0 e2e=1155.041ms
[ok] request s147 turn0 ttft=135.178ms hit=0.0 e2e=3236.149ms
[ok] openhands s195 turn10 ttft=2561.347ms hit=0.832771 e2e=3300.812ms
[ok] request s394 turn2 ttft=2239.795ms hit=0.683578 e2e=2732.916ms
[ok] openhands s260 turn3 ttft=2797.733ms hit=0.922547 e2e=3290.471ms
[ok] request s351 turn1 ttft=2246.519ms hit=0.0 e2e=2738.977ms
[ok] request s497 turn0 ttft=2696.88ms hit=0.0 e2e=3188.99ms
[ok] openhands s66 turn4 ttft=2583.301ms hit=0.909165 e2e=3328.854ms
[ok] request s515 turn2 ttft=2238.153ms hit=0.422442 e2e=2734.915ms
[ok] openhands s448 turn12 ttft=2261.955ms hit=0.9766 e2e=3338.074ms
[ok] request s438 turn0 ttft=2379.924ms hit=0.0 e2e=2876.702ms
[ok] request s562 turn3 ttft=2256.667ms hit=0.656691 e2e=2752.734ms
[ok] openhands s513 turn1 ttft=2578.57ms hit=0.988337 e2e=3326.497ms
[ok] request s412 turn1 ttft=2241.304ms hit=0.0 e2e=2738.365ms
[ok] openhands s194 turn2 ttft=2576.477ms hit=0.989462 e2e=3324.384ms
[ok] request s373 turn0 ttft=2064.96ms hit=0.0 e2e=2561.169ms
[ok] openhands s449 turn11 ttft=2809.294ms hit=0.986792 e2e=3305.296ms
[ok] openhands s512 turn12 ttft=2797.291ms hit=0.93827 e2e=3293.083ms
[ok] request s372 turn0 ttft=1552.248ms hit=0.0 e2e=1934.998ms
[ok] request s112 turn0 ttft=286.661ms hit=0.0 e2e=666.197ms
[ok] request s316 turn0 ttft=918.985ms hit=0.0 e2e=1301.308ms
[ok] request s139 turn0 ttft=598.014ms hit=0.0 e2e=981.196ms
[ok] request s202 turn0 ttft=1238.628ms hit=0.0 e2e=1619.726ms
[ok] request s537 turn0 ttft=1746.747ms hit=0.0 e2e=2254.52ms
[ok] request s394 turn3 ttft=1032.922ms hit=0.448336 e2e=1182.813ms
[ok] openhands s512 turn13 ttft=1090.926ms hit=0.971969 e2e=1903.836ms
[ok] request s537 turn1 ttft=1011.648ms hit=0.482109 e2e=1335.215ms
[ok] openhands s513 turn2 ttft=1468.599ms hit=0.957009 e2e=1927.6ms
[ok] request s372 turn1 ttft=1015.616ms hit=0.0 e2e=1343.99ms
[ok] openhands s66 turn5 ttft=1120.885ms hit=0.980316 e2e=1939.738ms
[ok] request s112 turn1 ttft=1015.54ms hit=0.0 e2e=1343.409ms
[ok] openhands s195 turn11 ttft=1131.426ms hit=0.878356 e2e=1952.078ms
[ok] request s351 turn2 ttft=1031.494ms hit=0.229391 e2e=1359.517ms
[ok] request s515 turn3 ttft=1030.237ms hit=0.649746 e2e=1357.58ms
[ok] openhands s448 turn13 ttft=1218.248ms hit=0.956382 e2e=1937.389ms
[ok] request s316 turn1 ttft=1015.451ms hit=0.0 e2e=1343.922ms
[ok] openhands s260 turn4 ttft=1226.481ms hit=0.905718 e2e=1945.703ms
[ok] openhands s449 turn12 ttft=1532.562ms hit=0.95778 e2e=1860.723ms
[ok] openhands s194 turn3 ttft=1466.377ms hit=0.973234 e2e=1928.307ms
[ok] openhands s260 turn5 ttft=708.396ms hit=0.930784 e2e=1300.124ms
[ok] request s316 turn2 ttft=393.494ms hit=0.503937 e2e=722.375ms
[ok] openhands s66 turn6 ttft=946.289ms hit=0.984093 e2e=1274.891ms
[ok] request s515 turn4 ttft=396.631ms hit=0.871242 e2e=729.298ms
[ok] request s394 turn4 ttft=579.775ms hit=0.0 e2e=912.25ms
[ok] openhands s448 turn14 ttft=692.706ms hit=0.912369 e2e=1315.369ms
[ok] openhands s512 turn14 ttft=709.268ms hit=0.988894 e2e=1332.871ms
[ok] request s112 turn2 ttft=401.178ms hit=0.265285 e2e=734.134ms
[ok] request s351 turn3 ttft=399.856ms hit=0.532225 e2e=732.632ms
[ok] openhands s194 turn4 ttft=846.616ms hit=0.989247 e2e=1303.718ms
[ok] openhands s513 turn3 ttft=726.433ms hit=0.809922 e2e=1326.279ms
[ok] openhands s449 turn13 ttft=956.809ms hit=0.982528 e2e=1290.116ms
[ok] openhands s195 turn12 ttft=990.752ms hit=0.960207 e2e=1323.897ms
[ok] openhands s260 turn6 ttft=1049.879ms hit=0.839566 e2e=1188.714ms
[ok] openhands s449 turn14 ttft=828.501ms hit=0.993177 e2e=1249.295ms
[ok] openhands s66 turn7 ttft=661.267ms hit=0.984038 e2e=1060.588ms
[ok] request s515 turn5 ttft=293.481ms hit=0.793388 e2e=692.601ms
[ok] openhands s194 turn5 ttft=662.461ms hit=0.989601 e2e=1268.572ms
[ok] request s351 turn4 ttft=288.987ms hit=0.704957 e2e=688.189ms
[ok] request s394 turn5 ttft=291.957ms hit=0.763609 e2e=690.976ms
[ok] openhands s512 turn15 ttft=887.8ms hit=0.99543 e2e=1286.598ms
[ok] openhands s448 turn15 ttft=852.975ms hit=0.985461 e2e=1278.802ms
[ok] request s316 turn3 ttft=300.365ms hit=0.606923 e2e=700.369ms
[ok] openhands s513 turn4 ttft=848.336ms hit=0.978875 e2e=1248.21ms
[ok] openhands s260 turn7 ttft=620.008ms hit=0.850745 e2e=3122.651ms
[ok] openhands s512 turn16 ttft=495.313ms hit=0.990349 e2e=3092.917ms
[ok] openhands s513 turn5 ttft=2691.427ms hit=0.948658 e2e=3076.969ms
[ok] request s515 turn6 ttft=2141.756ms hit=0.839738 e2e=2521.924ms
[ok] openhands s449 turn15 ttft=520.051ms hit=0.988865 e2e=3119.605ms
[ok] openhands s66 turn8 ttft=474.631ms hit=0.970371 e2e=3073.882ms
[ok] openhands s448 turn16 ttft=488.455ms hit=0.996697 e2e=3088.767ms
[ok] request s316 turn4 ttft=2139.211ms hit=0.78921 e2e=2521.084ms
[ok] openhands s194 turn6 ttft=2603.466ms hit=0.988714 e2e=3113.131ms
[ok] openhands s513 turn6 ttft=351.176ms hit=0.924085 e2e=1299.17ms
[ok] openhands s66 turn9 ttft=361.111ms hit=0.971507 e2e=1309.28ms
[ok] openhands s260 turn8 ttft=443.262ms hit=0.993043 e2e=1409.541ms
[ok] openhands s194 turn7 ttft=942.72ms hit=0.881391 e2e=1227.239ms
[ok] openhands s448 turn17 ttft=574.58ms hit=0.976393 e2e=1298.14ms
[ok] request s515 turn7 ttft=432.69ms hit=0.860866 e2e=713.572ms
[ok] openhands s260 turn9 ttft=467.749ms hit=0.938468 e2e=872.614ms
[ok] openhands s513 turn7 ttft=696.157ms hit=0.947998 e2e=850.751ms
[ok] openhands s66 turn10 ttft=472.725ms hit=0.86718 e2e=879.781ms
[ok] openhands s448 turn18 ttft=440.979ms hit=0.969697 e2e=846.599ms
[ok] openhands s194 turn8 ttft=618.122ms hit=0.971612 e2e=896.884ms
[ok] openhands s513 turn8 ttft=687.905ms hit=0.956201 e2e=969.579ms
[ok] openhands s66 turn11 ttft=704.655ms hit=0.980684 e2e=986.532ms
[ok] openhands s260 turn10 ttft=582.848ms hit=0.818811 e2e=995.146ms
[ok] openhands s194 turn9 ttft=693.447ms hit=0.989898 e2e=965.094ms
[ok] openhands s448 turn19 ttft=711.667ms hit=0.96909 e2e=982.992ms
[ok] openhands s513 turn9 ttft=753.987ms hit=0.854495 e2e=1031.975ms
[ok] openhands s448 turn20 ttft=598.479ms hit=0.93027 e2e=1043.119ms
[ok] openhands s194 turn10 ttft=530.948ms hit=0.98848 e2e=1068.886ms
[ok] openhands s66 turn12 ttft=670.023ms hit=0.961252 e2e=946.105ms
[ok] openhands s260 turn11 ttft=771.94ms hit=0.995439 e2e=1052.218ms
[ok] openhands s513 turn10 ttft=520.577ms hit=0.985132 e2e=961.534ms
[ok] openhands s448 turn21 ttft=648.817ms hit=0.962974 e2e=1006.274ms
[ok] openhands s260 turn12 ttft=742.64ms hit=0.914956 e2e=1014.788ms
[ok] openhands s66 turn13 ttft=749.134ms hit=0.980492 e2e=1021.909ms
[ok] openhands s194 turn11 ttft=550.124ms hit=0.990901 e2e=1038.931ms
[ok] openhands s513 turn11 ttft=813.002ms hit=0.923027 e2e=962.576ms
[ok] openhands s260 turn13 ttft=757.157ms hit=0.993857 e2e=973.142ms
[ok] openhands s194 turn12 ttft=545.847ms hit=0.988589 e2e=967.419ms
[ok] openhands s448 turn22 ttft=560.106ms hit=0.975215 e2e=839.893ms
[ok] openhands s66 turn14 ttft=567.661ms hit=0.954334 e2e=853.234ms
[ok] openhands s513 turn12 ttft=537.042ms hit=0.991168 e2e=947.385ms
[ok] openhands s66 turn15 ttft=550.512ms hit=0.981366 e2e=945.402ms
[ok] openhands s448 turn23 ttft=356.571ms hit=0.975605 e2e=625.009ms
[ok] openhands s260 turn14 ttft=597.207ms hit=0.993893 e2e=872.981ms
[ok] openhands s194 turn13 ttft=454.276ms hit=0.99172 e2e=965.855ms
[ok] openhands s66 turn16 ttft=394.785ms hit=0.91707 e2e=983.715ms
[ok] openhands s194 turn14 ttft=559.938ms hit=0.980974 e2e=1002.354ms
[ok] openhands s513 turn13 ttft=469.536ms hit=0.957084 e2e=1095.18ms
[ok] openhands s260 turn15 ttft=508.156ms hit=0.994894 e2e=951.384ms
[ok] openhands s448 turn24 ttft=312.179ms hit=0.972693 e2e=606.535ms
[ok] openhands s513 turn14 ttft=547.779ms hit=0.944406 e2e=1107.486ms
[ok] openhands s194 turn15 ttft=727.084ms hit=0.98164 e2e=1136.552ms
[ok] openhands s66 turn17 ttft=583.813ms hit=0.986709 e2e=1145.564ms
[ok] openhands s448 turn25 ttft=682.467ms hit=0.993698 e2e=1101.007ms
[ok] openhands s260 turn16 ttft=566.872ms hit=0.981018 e2e=1120.098ms
[ok] openhands s133 turn0 ttft=166.069ms hit=0.520037 e2e=851.255ms
[ok] openhands s66 turn18 ttft=853.464ms hit=0.992904 e2e=1528.975ms
[ok] openhands s260 turn17 ttft=872.013ms hit=0.995047 e2e=1426.336ms
[ok] openhands s513 turn15 ttft=633.642ms hit=0.960137 e2e=1525.107ms
[ok] request s441 turn0 ttft=319.516ms hit=0.0 e2e=870.463ms
[ok] openhands s133 turn1 ttft=403.697ms hit=0.954545 e2e=959.624ms
[ok] openhands s194 turn16 ttft=581.123ms hit=0.998211 e2e=1552.181ms
[ok] request s433 turn0 ttft=825.081ms hit=0.0 e2e=1504.71ms
[ok] openhands s448 turn26 ttft=837.807ms hit=0.91419 e2e=1517.058ms
[ok] request s126 turn0 ttft=632.591ms hit=0.0 e2e=1188.805ms
[ok] request s306 turn0 ttft=142.145ms hit=0.0 e2e=566.622ms
[ok] request s237 turn0 ttft=134.099ms hit=0.0 e2e=1239.337ms
[ok] request s155 turn0 ttft=257.29ms hit=0.0 e2e=522.786ms
[ok] openhands s513 turn16 ttft=523.178ms hit=0.968385 e2e=1504.379ms
[ok] request s306 turn1 ttft=351.568ms hit=0.0 e2e=904.835ms
[ok] request s317 turn0 ttft=443.23ms hit=0.0 e2e=1118.422ms
[ok] request s433 turn1 ttft=363.886ms hit=0.0 e2e=918.022ms
[ok] openhands s133 turn2 ttft=526.889ms hit=0.714902 e2e=1511.098ms
[ok] request s126 turn1 ttft=363.771ms hit=0.0 e2e=920.019ms
[ok] openhands s260 turn18 ttft=520.52ms hit=0.984399 e2e=1521.404ms
[ok] request s127 turn0 ttft=638.639ms hit=0.0 e2e=1440.669ms
[ok] openhands s448 turn27 ttft=664.442ms hit=0.933869 e2e=1466.102ms
[ok] openhands s194 turn17 ttft=747.758ms hit=0.981752 e2e=1427.731ms
[ok] request s313 turn0 ttft=134.596ms hit=0.0 e2e=1018.937ms
[ok] request s217 turn0 ttft=137.812ms hit=0.0 e2e=1442.094ms
[ok] request s433 turn2 ttft=325.701ms hit=0.0 e2e=792.737ms
[ok] openhands s513 turn17 ttft=528.254ms hit=0.954651 e2e=1372.151ms
[ok] request s317 turn1 ttft=327.943ms hit=0.0 e2e=795.904ms
[ok] openhands s260 turn19 ttft=485.946ms hit=0.993314 e2e=1205.267ms
[ok] request s126 turn2 ttft=541.295ms hit=0.428094 e2e=1137.093ms
[ok] openhands s448 turn28 ttft=526.45ms hit=0.972848 e2e=1391.938ms
[ok] request s47 turn0 ttft=338.947ms hit=0.0 e2e=934.684ms
[ok] request s127 turn1 ttft=324.448ms hit=0.0 e2e=798.068ms
[ok] openhands s133 turn3 ttft=529.561ms hit=0.909737 e2e=1396.332ms
[ok] openhands s194 turn18 ttft=716.766ms hit=0.995818 e2e=1314.292ms
[ok] request s241 turn0 ttft=149.937ms hit=0.0 e2e=617.804ms
[ok] request s237 turn1 ttft=468.02ms hit=0.0 e2e=1317.72ms
[ok] request s128 turn0 ttft=404.244ms hit=0.0 e2e=1253.667ms
[ok] request s165 turn0 ttft=148.329ms hit=0.0 e2e=892.097ms
[ok] request s126 turn3 ttft=681.06ms hit=0.0 e2e=1002.577ms
[ok] request s476 turn0 ttft=555.67ms hit=0.0 e2e=1896.962ms
[ok] openhands s448 turn29 ttft=581.474ms hit=0.988789 e2e=1924.626ms
[ok] openhands s260 turn20 ttft=590.61ms hit=0.989576 e2e=1935.642ms
[ok] openhands s513 turn18 ttft=565.753ms hit=0.964824 e2e=1908.634ms
[ok] openhands s133 turn4 ttft=569.623ms hit=0.81961 e2e=1912.056ms
[ok] request s127 turn2 ttft=675.236ms hit=0.0 e2e=1594.099ms
[ok] request s47 turn1 ttft=676.817ms hit=0.0 e2e=1595.853ms
[ok] openhands s324 turn0 ttft=943.896ms hit=0.225424 e2e=1865.908ms
[ok] request s506 turn0 ttft=229.242ms hit=0.0 e2e=914.182ms
[ok] request s24 turn0 ttft=627.974ms hit=0.0 e2e=1549.836ms
[ok] request s241 turn1 ttft=676.263ms hit=0.0 e2e=1597.512ms
[ok] request s405 turn0 ttft=423.402ms hit=0.0 e2e=1232.077ms
[ok] request s165 turn1 ttft=318.366ms hit=0.0 e2e=1009.81ms
[ok] openhands s194 turn19 ttft=779.856ms hit=0.991937 e2e=2117.683ms
[ok] request s553 turn0 ttft=143.729ms hit=0.0 e2e=1196.301ms
[ok] request s369 turn0 ttft=250.814ms hit=0.0 e2e=1419.02ms
[ok] openhands s133 turn5 ttft=625.152ms hit=0.926675 e2e=1403.51ms
[ok] openhands s513 turn19 ttft=637.015ms hit=0.963154 e2e=1417.362ms
[ok] openhands s260 turn21 ttft=646.087ms hit=0.979836 e2e=1427.808ms
[ok] request s126 turn4 ttft=383.387ms hit=0.817021 e2e=1163.585ms
[ok] openhands s324 turn1 ttft=861.919ms hit=0.963689 e2e=1141.871ms
[ok] request s299 turn0 ttft=172.99ms hit=0.0 e2e=1108.356ms
[ok] request s70 turn0 ttft=483.511ms hit=0.0 e2e=1426.106ms
[ok] openhands s448 turn30 ttft=352.325ms hit=0.974064 e2e=1289.659ms
[ok] openhands s194 turn20 ttft=516.64ms hit=0.9946 e2e=1462.323ms
[ok] request s165 turn2 ttft=255.821ms hit=0.0 e2e=866.865ms
[ok] request s84 turn0 ttft=189.251ms hit=0.0 e2e=796.333ms
[ok] request s405 turn1 ttft=257.588ms hit=0.0 e2e=869.784ms
[ok] request s183 turn0 ttft=134.293ms hit=0.0 e2e=1492.365ms
[ok] openhands s133 turn6 ttft=635.552ms hit=0.942414 e2e=1617.375ms
[ok] openhands s324 turn2 ttft=639.12ms hit=0.858884 e2e=1623.605ms
[ok] openhands s513 turn20 ttft=659.586ms hit=0.964669 e2e=1645.426ms
[ok] openhands s260 turn22 ttft=652.975ms hit=0.987412 e2e=1637.261ms
[ok] request s261 turn0 ttft=522.334ms hit=0.0 e2e=1506.238ms
[ok] request s142 turn0 ttft=342.238ms hit=0.0 e2e=1189.131ms
[ok] request s126 turn5 ttft=518.32ms hit=0.0 e2e=1367.186ms
[ok] openhands s448 turn31 ttft=637.631ms hit=0.949359 e2e=1610.322ms
[ok] request s17 turn0 ttft=147.522ms hit=0.0 e2e=874.669ms
[ok] request s165 turn3 ttft=332.569ms hit=0.0 e2e=1064.041ms
[ok] request s369 turn1 ttft=420.449ms hit=0.0 e2e=1394.795ms
[ok] openhands s194 turn21 ttft=484.46ms hit=0.980063 e2e=1666.541ms
[ok] request s405 turn2 ttft=330.132ms hit=0.0 e2e=1065.277ms
[ok] request s65 turn0 ttft=534.461ms hit=0.0 e2e=1511.415ms
[ok] request s267 turn0 ttft=131.863ms hit=0.0 e2e=977.76ms
[ok] openhands s324 turn3 ttft=323.572ms hit=0.955412 e2e=1984.055ms
[ok] openhands s133 turn7 ttft=717.083ms hit=0.886929 e2e=2048.737ms
[ok] openhands s260 turn23 ttft=728.98ms hit=0.974915 e2e=2061.465ms
[ok] openhands s513 turn21 ttft=802.381ms hit=0.992218 e2e=2045.481ms
[ok] request s379 turn0 ttft=655.653ms hit=0.0 e2e=1988.158ms
[ok] request s105 turn0 ttft=330.91ms hit=0.0 e2e=888.172ms
[ok] request s341 turn0 ttft=848.266ms hit=0.0 e2e=2192.791ms
[ok] openhands s448 turn32 ttft=413.759ms hit=0.9918 e2e=2584.26ms
[ok] openhands s259 turn0 ttft=1167.036ms hit=0.226076 e2e=2678.647ms
[ok] request s126 turn6 ttft=642.59ms hit=0.0 e2e=2157.109ms
[ok] request s142 turn1 ttft=644.813ms hit=0.0 e2e=2158.907ms
[ok] request s55 turn0 ttft=129.541ms hit=0.0 e2e=1408.055ms
[ok] request s381 turn0 ttft=646.34ms hit=0.0 e2e=2044.649ms
[ok] request s369 turn2 ttft=641.082ms hit=0.0 e2e=2163.12ms
[ok] request s245 turn0 ttft=443.528ms hit=0.0 e2e=1735.063ms
[ok] request s405 turn3 ttft=640.444ms hit=0.0 e2e=2161.982ms
[ok] request s267 turn1 ttft=452.548ms hit=0.0 e2e=1744.006ms
[ok] openhands s194 turn22 ttft=664.233ms hit=0.98705 e2e=2747.165ms
[ok] request s65 turn1 ttft=753.934ms hit=0.0 e2e=2161.077ms
[ok] openhands s260 turn24 ttft=655.559ms hit=0.990105 e2e=2124.027ms
[ok] openhands s133 turn8 ttft=661.461ms hit=0.952685 e2e=2133.285ms
[ok] openhands s324 turn4 ttft=744.129ms hit=0.604063 e2e=2215.653ms
[ok] request s356 turn0 ttft=235.667ms hit=0.0 e2e=1582.601ms
[ok] openhands s513 turn22 ttft=766.967ms hit=0.974068 e2e=2117.551ms
[ok] request s117 turn0 ttft=549.126ms hit=0.0 e2e=1899.373ms
[ok] request s341 turn1 ttft=326.802ms hit=0.0 e2e=1048.277ms
[ok] request s72 turn0 ttft=190.617ms hit=0.0 e2e=901.437ms
[ok] request s105 turn1 ttft=362.008ms hit=0.0 e2e=1322.207ms
[ok] openhands s259 turn1 ttft=389.756ms hit=0.776935 e2e=1710.303ms
[ok] request s369 turn3 ttft=276.933ms hit=0.628993 e2e=1111.326ms
[ok] request s65 turn2 ttft=386.643ms hit=0.706012 e2e=1106.536ms
[ok] request s454 turn0 ttft=263.849ms hit=0.0 e2e=1225.401ms
[ok] request s55 turn1 ttft=377.955ms hit=0.0 e2e=1459.894ms
[ok] request s267 turn2 ttft=273.734ms hit=0.274678 e2e=1108.437ms
[ok] request s126 turn7 ttft=286.472ms hit=0.788385 e2e=1120.891ms
[ok] request s405 turn4 ttft=276.723ms hit=0.749634 e2e=1110.877ms
[ok] openhands s448 turn33 ttft=406.282ms hit=0.983467 e2e=1886.289ms
[ok] request s321 turn0 ttft=380.365ms hit=0.0 e2e=1861.23ms
[ok] request s142 turn2 ttft=284.589ms hit=0.499025 e2e=1119.049ms
[ok] request s240 turn0 ttft=337.855ms hit=0.0 e2e=1545.236ms
[ok] request s134 turn0 ttft=389.451ms hit=0.0 e2e=2114.386ms
[ok] openhands s260 turn25 ttft=416.912ms hit=0.98961 e2e=2145.081ms
[ok] openhands s324 turn5 ttft=529.416ms hit=0.98712 e2e=2128.83ms
[ok] request s291 turn0 ttft=224.104ms hit=0.0 e2e=1824.343ms
[ok] openhands s133 turn9 ttft=529.053ms hit=0.978931 e2e=2134.551ms
[ok] openhands s513 turn23 ttft=512.814ms hit=0.967328 e2e=2117.924ms
[ok] request s341 turn2 ttft=321.063ms hit=0.0 e2e=1584.771ms
[ok] request s439 turn0 ttft=280.336ms hit=0.0 e2e=1861.134ms
[ok] request s105 turn2 ttft=337.59ms hit=0.0 e2e=1659.97ms
[ok] request s55 turn2 ttft=340.03ms hit=0.0 e2e=1844.229ms
[ok] request s164 turn0 ttft=479.279ms hit=0.0 e2e=2221.39ms
[ok] request s267 turn3 ttft=334.974ms hit=0.637874 e2e=1662.916ms
[ok] request s303 turn0 ttft=136.171ms hit=0.0 e2e=950.809ms
[ok] request s65 turn3 ttft=337.095ms hit=0.833488 e2e=1664.942ms
[ok] request s504 turn0 ttft=448.057ms hit=0.0 e2e=1269.739ms
[ok] request s405 turn5 ttft=334.088ms hit=0.782875 e2e=1661.882ms
[ok] openhands s130 turn0 ttft=649.419ms hit=0.228999 e2e=1587.514ms
[ok] openhands s448 turn34 ttft=399.473ms hit=0.977083 e2e=2262.779ms
[ok] openhands s259 turn2 ttft=502.236ms hit=0.969938 e2e=2246.757ms
[ok] request s321 turn1 ttft=332.278ms hit=0.0 e2e=1660.641ms
[ok] request s549 turn0 ttft=203.341ms hit=0.0 e2e=318.962ms
[ok] openhands s260 turn26 ttft=582.04ms hit=0.993538 e2e=1662.929ms
[ok] openhands s324 turn6 ttft=459.4ms hit=0.849692 e2e=1671.663ms
[ok] request s232 turn0 ttft=522.424ms hit=0.0 e2e=1596.222ms
[ok] openhands s133 turn10 ttft=580.639ms hit=0.979904 e2e=1655.774ms
[ok] openhands s513 turn24 ttft=575.626ms hit=0.992641 e2e=1650.43ms
[ok] request s81 turn0 ttft=186.346ms hit=0.0 e2e=1483.599ms
[ok] openhands s448 turn35 ttft=495.667ms hit=0.991486 e2e=1797.983ms
[ok] request s55 turn3 ttft=205.205ms hit=0.566372 e2e=1505.523ms
[ok] request s319 turn0 ttft=253.295ms hit=0.0 e2e=1803.185ms
[ok] openhands s130 turn1 ttft=374.756ms hit=0.986671 e2e=1802.249ms
[ok] openhands s259 turn3 ttft=477.759ms hit=0.970408 e2e=1781.582ms
[ok] request s439 turn1 ttft=270.237ms hit=0.3819 e2e=1568.846ms
[ok] request s267 turn4 ttft=239.186ms hit=0.471021 e2e=1526.845ms
[ok] request s164 turn1 ttft=241.059ms hit=0.424544 e2e=1528.439ms
[ok] request s405 turn6 ttft=237.811ms hit=0.83442 e2e=1526.568ms
[ok] request s561 turn0 ttft=206.795ms hit=0.0 e2e=1495.379ms
[ok] request s321 turn2 ttft=235.55ms hit=0.0 e2e=1523.87ms
[ok] openhands s133 turn11 ttft=568.982ms hit=0.982904 e2e=1420.625ms
[ok] openhands s324 turn7 ttft=450.295ms hit=0.87747 e2e=1429.114ms
[ok] request s21 turn0 ttft=350.182ms hit=0.0 e2e=1442.336ms
[ok] request s120 turn0 ttft=278.326ms hit=0.0 e2e=1124.838ms
[ok] openhands s513 turn25 ttft=563.337ms hit=0.990412 e2e=1418.876ms
[ok] openhands s260 turn27 ttft=392.967ms hit=0.996573 e2e=1239.538ms
[ok] request s508 turn0 ttft=205.458ms hit=0.0 e2e=504.333ms
[ok] request s137 turn0 ttft=139.051ms hit=0.0 e2e=1117.171ms
[ok] openhands s130 turn2 ttft=299.13ms hit=0.955075 e2e=1795.267ms
[ok] openhands s259 turn4 ttft=293.221ms hit=0.987702 e2e=1783.646ms
[ok] request s164 turn2 ttft=603.19ms hit=0.517172 e2e=986.124ms
[ok] request s439 turn2 ttft=829.44ms hit=0.620499 e2e=1213.256ms
[ok] request s456 turn0 ttft=173.609ms hit=0.0 e2e=1747.477ms
[ok] request s405 turn7 ttft=601.034ms hit=0.787913 e2e=1291.297ms
[ok] openhands s260 turn28 ttft=661.3ms hit=0.910087 e2e=1613.875ms
[ok] request s249 turn0 ttft=794.849ms hit=0.0 e2e=1485.434ms
[ok] request s367 turn0 ttft=287.618ms hit=0.0 e2e=854.266ms
[ok] request s267 turn5 ttft=606.725ms hit=0.794723 e2e=1300.72ms
[ok] openhands s133 turn12 ttft=390.372ms hit=0.980426 e2e=1632.378ms
[ok] openhands s448 turn36 ttft=467.718ms hit=0.974004 e2e=1792.271ms
[ok] request s499 turn0 ttft=597.323ms hit=0.0 e2e=1172.43ms
[ok] request s508 turn1 ttft=442.21ms hit=0.0 e2e=1018.394ms
[ok] openhands s324 turn8 ttft=932.175ms hit=0.891559 e2e=1627.18ms
[ok] openhands s130 turn3 ttft=307.805ms hit=0.894292 e2e=708.252ms
[ok] openhands s259 turn5 ttft=304.394ms hit=0.977332 e2e=712.513ms
[ok] openhands s133 turn13 ttft=539.541ms hit=0.941869 e2e=1205.314ms
[ok] request s456 turn1 ttft=370.764ms hit=0.0 e2e=681.487ms
[ok] request s499 turn1 ttft=338.374ms hit=0.0 e2e=640.996ms
[ok] openhands s260 turn29 ttft=404.23ms hit=0.991937 e2e=1221.497ms
[ok] request s249 turn1 ttft=323.389ms hit=0.0 e2e=626.041ms
[ok] openhands s259 turn6 ttft=492.14ms hit=0.975553 e2e=926.393ms
[ok] openhands s130 turn4 ttft=471.061ms hit=0.974934 e2e=907.258ms
[ok] openhands s324 turn9 ttft=768.378ms hit=0.909271 e2e=1204.375ms
[ok] request s439 turn3 ttft=499.742ms hit=0.730101 e2e=935.524ms
[ok] openhands s324 turn10 ttft=566.708ms hit=0.957309 e2e=1091.752ms
[ok] openhands s259 turn7 ttft=423.153ms hit=0.976647 e2e=1097.379ms
[ok] openhands s130 turn5 ttft=368.567ms hit=0.973582 e2e=1102.808ms
[ok] openhands s260 turn30 ttft=387.099ms hit=0.993654 e2e=908.499ms
[ok] openhands s133 turn14 ttft=559.333ms hit=0.932839 e2e=1087.405ms
[ok] request s249 turn2 ttft=263.084ms hit=0.479625 e2e=538.668ms
[ok] request s456 turn2 ttft=252.731ms hit=0.0 e2e=542.084ms
[ok] request s499 turn2 ttft=251.548ms hit=0.0 e2e=540.648ms
[ok] request s499 turn3 ttft=188.994ms hit=0.0 e2e=548.279ms
[ok] openhands s260 turn31 ttft=671.549ms hit=0.996511 e2e=1167.368ms
[ok] openhands s130 turn6 ttft=554.351ms hit=0.973254 e2e=1171.67ms
[ok] openhands s324 turn11 ttft=444.892ms hit=0.926597 e2e=1185.553ms
[ok] request s456 turn3 ttft=337.95ms hit=0.0 e2e=711.718ms
[ok] openhands s259 turn8 ttft=681.022ms hit=0.982135 e2e=1177.359ms
[ok] openhands s133 turn15 ttft=197.557ms hit=0.936567 e2e=561.153ms
[ok] openhands s324 turn12 ttft=5181.791ms hit=0.060333 e2e=6397.138ms
[ok] request s499 turn4 ttft=5533.568ms hit=0.0 e2e=5806.696ms
[ok] openhands s130 turn7 ttft=3429.513ms hit=0.936605 e2e=6404.459ms
[ok] request s456 turn4 ttft=5789.471ms hit=0.0 e2e=6064.121ms
[ok] openhands s133 turn16 ttft=6113.139ms hit=0.163161 e2e=6387.343ms
[ok] openhands s448 turn37 ttft=3301.018ms hit=0.041816 e2e=6606.3ms
[ok] openhands s259 turn9 ttft=5834.376ms hit=0.153972 e2e=6419.453ms
[ok] openhands s324 turn13 ttft=405.517ms hit=0.904769 e2e=980.82ms
[ok] openhands s259 turn10 ttft=574.042ms hit=0.833456 e2e=954.533ms
[ok] openhands s130 turn8 ttft=569.056ms hit=0.990947 e2e=949.271ms
[ok] openhands s448 turn38 ttft=604.892ms hit=0.995505 e2e=984.732ms
[ok] openhands s133 turn17 ttft=194.12ms hit=0.98343 e2e=758.918ms
[ok] openhands s259 turn11 ttft=508.187ms hit=0.892132 e2e=891.913ms
[ok] openhands s448 turn39 ttft=507.676ms hit=0.982926 e2e=886.708ms
[ok] openhands s324 turn14 ttft=384.493ms hit=0.993724 e2e=917.395ms
[ok] openhands s130 turn9 ttft=518.975ms hit=0.976318 e2e=904.329ms
[ok] openhands s133 turn18 ttft=193.355ms hit=0.963205 e2e=944.247ms
[ok] openhands s448 turn40 ttft=559.173ms hit=0.983966 e2e=958.58ms
[ok] openhands s324 turn15 ttft=574.141ms hit=0.988833 e2e=968.423ms
[ok] openhands s259 turn12 ttft=403.958ms hit=0.9702 e2e=980.817ms
[ok] openhands s130 turn10 ttft=449.013ms hit=0.976567 e2e=974.815ms
[ok] openhands s133 turn19 ttft=192.059ms hit=0.962251 e2e=688.203ms
[ok] openhands s448 turn41 ttft=511.423ms hit=0.994572 e2e=763.366ms
[ok] openhands s259 turn13 ttft=518.704ms hit=0.984693 e2e=770.923ms
[ok] openhands s324 turn16 ttft=404.237ms hit=0.989128 e2e=786.828ms
[ok] openhands s130 turn11 ttft=514.346ms hit=0.986097 e2e=777.608ms
[ok] openhands s324 turn17 ttft=359.078ms hit=0.990813 e2e=791.935ms
[ok] openhands s133 turn20 ttft=353.216ms hit=0.981522 e2e=721.714ms
[ok] openhands s448 turn42 ttft=558.261ms hit=0.993998 e2e=931.366ms
[ok] openhands s324 turn18 ttft=649.353ms hit=0.990227 e2e=771.728ms
[ok] openhands s133 turn21 ttft=377.551ms hit=0.94484 e2e=628.319ms
[ok] openhands s448 turn43 ttft=441.657ms hit=0.98409 e2e=696.777ms
[ok] openhands s133 turn22 ttft=189.629ms hit=0.940862 e2e=434.908ms
[ok] openhands s133 turn23 ttft=193.544ms hit=0.958314 e2e=439.398ms
[ok] openhands s133 turn24 ttft=195.761ms hit=0.980485 e2e=818.618ms
[ok] openhands s257 turn0 ttft=312.166ms hit=0.315943 e2e=796.937ms
[ok] request s432 turn0 ttft=142.07ms hit=0.0 e2e=581.954ms
[ok] request s489 turn0 ttft=136.468ms hit=0.0 e2e=791.044ms
[ok] request s520 turn0 ttft=213.25ms hit=0.0 e2e=583.392ms
[ok] openhands s257 turn1 ttft=358.128ms hit=0.960177 e2e=728.706ms
[ok] openhands s133 turn25 ttft=334.5ms hit=0.967842 e2e=741.085ms
[ok] request s569 turn0 ttft=136.909ms hit=0.0 e2e=625.774ms
[ok] request s64 turn0 ttft=251.782ms hit=0.0 e2e=617.803ms
[ok] openhands s257 turn2 ttft=295.019ms hit=0.928786 e2e=667.202ms
[ok] openhands s133 turn26 ttft=298.152ms hit=0.977185 e2e=665.065ms
[ok] request s189 turn0 ttft=133.654ms hit=0.0 e2e=499.043ms
[ok] openhands s257 turn3 ttft=171.848ms hit=0.924188 e2e=532.111ms
[ok] request s277 turn0 ttft=157.402ms hit=0.0 e2e=517.827ms
[ok] request s482 turn0 ttft=134.475ms hit=0.0 e2e=1118.187ms
[ok] request s200 turn0 ttft=130.335ms hit=0.0 e2e=175.116ms
[ok] openhands s133 turn27 ttft=343.053ms hit=0.99173 e2e=976.234ms
[ok] openhands s257 turn4 ttft=292.44ms hit=0.853618 e2e=1050.579ms
[ok] request s189 turn1 ttft=157.325ms hit=0.417278 e2e=786.878ms
[ok] request s188 turn0 ttft=297.875ms hit=0.0 e2e=933.837ms
[ok] request s174 turn0 ttft=133.427ms hit=0.0 e2e=671.644ms
[ok] request s277 turn1 ttft=139.642ms hit=0.0 e2e=761.903ms
[ok] openhands s133 turn28 ttft=223.439ms hit=0.984105 e2e=1082.566ms
[ok] request s422 turn0 ttft=285.405ms hit=0.0 e2e=1146.247ms
[ok] openhands s257 turn5 ttft=297.08ms hit=0.916349 e2e=1164.905ms
[ok] request s536 turn0 ttft=130.895ms hit=0.0 e2e=918.847ms
[ok] request s421 turn0 ttft=203.17ms hit=0.0 e2e=603.514ms
[ok] request s482 turn1 ttft=140.166ms hit=0.0 e2e=788.501ms
[ok] request s189 turn2 ttft=250.909ms hit=0.558038 e2e=656.982ms
[ok] request s435 turn0 ttft=138.68ms hit=0.0 e2e=1558.4ms
[ok] openhands s131 turn0 ttft=883.152ms hit=0.527045 e2e=1540.426ms
[ok] request s16 turn0 ttft=478.802ms hit=0.0 e2e=900.33ms
[ok] openhands s257 turn6 ttft=912.556ms hit=0.495874 e2e=1572.302ms
[ok] request s325 turn0 ttft=173.922ms hit=0.0 e2e=591.772ms
[ok] openhands s133 turn29 ttft=401.8ms hit=0.925227 e2e=1655.595ms
[ok] request s516 turn0 ttft=686.307ms hit=0.0 e2e=1226.864ms
[ok] request s536 turn1 ttft=436.497ms hit=0.0 e2e=976.683ms
[ok] request s482 turn2 ttft=614.12ms hit=0.0 e2e=1275.316ms
[ok] request s552 turn0 ttft=144.956ms hit=0.0 e2e=1150.515ms
[ok] request s246 turn0 ttft=163.813ms hit=0.0 e2e=593.488ms
[ok] openhands s133 turn30 ttft=505.308ms hit=0.963863 e2e=1143.535ms
[ok] openhands s257 turn7 ttft=396.156ms hit=0.95469 e2e=1154.982ms
[ok] openhands s131 turn1 ttft=275.669ms hit=0.913796 e2e=1158.533ms
[ok] request s435 turn1 ttft=226.049ms hit=0.0 e2e=861.903ms
[ok] request s179 turn0 ttft=474.474ms hit=0.0 e2e=1115.362ms
[ok] request s516 turn1 ttft=142.452ms hit=0.0 e2e=721.53ms
[ok] request s230 turn0 ttft=138.896ms hit=0.0 e2e=585.469ms
[ok] request s403 turn0 ttft=131.26ms hit=0.0 e2e=622.749ms
[ok] request s57 turn0 ttft=185.581ms hit=0.0 e2e=959.675ms
[ok] openhands s131 turn2 ttft=333.602ms hit=0.896387 e2e=1109.056ms
[ok] openhands s257 turn8 ttft=335.073ms hit=0.966003 e2e=1114.653ms
[ok] request s170 turn0 ttft=148.303ms hit=0.0 e2e=1848.027ms
[ok] request s516 turn2 ttft=307.84ms hit=0.0 e2e=1651.172ms
[ok] request s500 turn0 ttft=246.279ms hit=0.0 e2e=1568.3ms
[ok] request s435 turn2 ttft=290.848ms hit=0.0 e2e=1755.573ms
[ok] request s179 turn1 ttft=290.036ms hit=0.0 e2e=1754.443ms
[ok] request s273 turn0 ttft=604.504ms hit=0.0 e2e=1827.018ms
[ok] openhands s257 turn9 ttft=830.714ms hit=0.702359 e2e=2055.494ms
[ok] openhands s131 turn3 ttft=425.322ms hit=0.930345 e2e=2126.542ms
[ok] request s119 turn0 ttft=290.198ms hit=0.0 e2e=1513.075ms
[ok] request s406 turn0 ttft=251.995ms hit=0.0 e2e=2147.622ms
[ok] request s215 turn0 ttft=133.527ms hit=0.0 e2e=1335.677ms
[ok] request s179 turn2 ttft=275.037ms hit=0.0 e2e=1279.091ms
[ok] request s242 turn0 ttft=225.083ms hit=0.0 e2e=1227.191ms
[ok] request s332 turn0 ttft=421.454ms hit=0.0 e2e=1544.773ms
[ok] request s435 turn3 ttft=277.323ms hit=0.377025 e2e=1281.356ms
[ok] openhands s2 turn0 ttft=618.39ms hit=0.228146 e2e=1863.172ms
[ok] request s224 turn0 ttft=138.641ms hit=0.0 e2e=1226.928ms
[ok] request s436 turn0 ttft=534.145ms hit=0.0 e2e=1862.636ms
[ok] openhands s131 turn4 ttft=597.822ms hit=0.852538 e2e=1928.398ms
[ok] openhands s257 turn10 ttft=489.237ms hit=0.992425 e2e=1938.58ms
[ok] request s273 turn1 ttft=245.042ms hit=0.0 e2e=1342.299ms
[ok] request s32 turn0 ttft=333.737ms hit=0.0 e2e=1547.541ms
[ok] request s179 turn3 ttft=246.007ms hit=0.451499 e2e=1227.366ms
[ok] request s15 turn0 ttft=178.119ms hit=0.0 e2e=1152.425ms
[ok] request s391 turn0 ttft=566.75ms hit=0.0 e2e=1787.56ms
[ok] request s35 turn0 ttft=367.674ms hit=0.0 e2e=1470.709ms
[ok] openhands s2 turn1 ttft=484.968ms hit=0.975393 e2e=1828.415ms
[ok] request s292 turn0 ttft=148.945ms hit=0.0 e2e=207.5ms
[ok] request s409 turn0 ttft=528.359ms hit=0.0 e2e=1286.949ms
[ok] openhands s131 turn5 ttft=546.246ms hit=0.88772 e2e=1305.154ms
[ok] openhands s257 turn11 ttft=420.464ms hit=0.986749 e2e=1327.18ms
[ok] request s333 turn0 ttft=337.435ms hit=0.0 e2e=972.094ms
[ok] request s169 turn0 ttft=183.805ms hit=0.0 e2e=1101.868ms
[ok] openhands s2 turn2 ttft=295.405ms hit=0.946288 e2e=1216.308ms
[ok] request s35 turn1 ttft=375.855ms hit=0.0 e2e=1584.583ms
[ok] request s292 turn1 ttft=370.879ms hit=0.0 e2e=1582.252ms
[ok] openhands s131 turn6 ttft=512.335ms hit=0.87456 e2e=1723.387ms
[ok] openhands s257 turn12 ttft=399.428ms hit=0.939349 e2e=1734.177ms
[ok] request s343 turn0 ttft=228.556ms hit=0.0 e2e=1438.237ms
[ok] request s296 turn0 ttft=285.451ms hit=0.0 e2e=1756.013ms
[ok] request s6 turn0 ttft=136.332ms hit=0.0 e2e=1275.47ms
[ok] openhands s2 turn3 ttft=1121.985ms hit=0.907423 e2e=1399.548ms
[ok] request s169 turn1 ttft=188.184ms hit=0.0 e2e=855.77ms
[ok] request s532 turn0 ttft=303.99ms hit=0.0 e2e=971.971ms
[ok] openhands s384 turn0 ttft=615.745ms hit=0.221418 e2e=1290.355ms
[ok] request s140 turn0 ttft=131.216ms hit=0.0 e2e=656.029ms
[ok] request s272 turn0 ttft=308.165ms hit=0.0 e2e=898.743ms
[ok] request s570 turn0 ttft=243.116ms hit=0.0 e2e=1433.402ms
[ok] openhands s131 turn7 ttft=369.744ms hit=0.833725 e2e=1559.707ms
[ok] openhands s257 turn13 ttft=374.437ms hit=0.983515 e2e=1573.119ms
[ok] request s140 turn1 ttft=181.347ms hit=0.0 e2e=850.053ms
[ok] request s292 turn2 ttft=424.282ms hit=0.0 e2e=1339.516ms
[ok] request s169 turn2 ttft=185.042ms hit=0.544102 e2e=854.242ms
[ok] openhands s384 turn1 ttft=533.636ms hit=0.671413 e2e=1452.053ms
[ok] request s250 turn0 ttft=169.411ms hit=0.0 e2e=841.775ms
[ok] request s6 turn1 ttft=387.682ms hit=0.0 e2e=1186.382ms
[ok] request s408 turn0 ttft=478.464ms hit=0.0 e2e=1157.995ms
[ok] openhands s2 turn4 ttft=343.398ms hit=0.933273 e2e=1511.748ms
[ok] request s446 turn0 ttft=170.983ms hit=0.0 e2e=586.198ms
[ok] request s477 turn0 ttft=149.621ms hit=0.0 e2e=913.291ms
[ok] openhands s257 turn14 ttft=291.614ms hit=0.989813 e2e=921.198ms
[ok] openhands s131 turn8 ttft=294.406ms hit=0.920094 e2e=931.889ms
[ok] request s305 turn0 ttft=216.345ms hit=0.0 e2e=1102.235ms
[ok] openhands s2 turn5 ttft=322.701ms hit=0.943605 e2e=1210.509ms
[ok] openhands s384 turn2 ttft=319.992ms hit=0.895888 e2e=1213.636ms
[ok] request s382 turn0 ttft=240.831ms hit=0.0 e2e=826.174ms
[ok] request s399 turn0 ttft=136.455ms hit=0.0 e2e=1151.735ms
[ok] openhands s257 turn15 ttft=358.696ms hit=0.987691 e2e=1006.826ms
[ok] request s6 turn2 ttft=380.414ms hit=0.379822 e2e=1034.657ms
[ok] request s292 turn3 ttft=260.814ms hit=0.477167 e2e=1039.393ms
[ok] openhands s131 turn9 ttft=371.149ms hit=0.869976 e2e=1027.861ms
[ok] request s348 turn0 ttft=135.74ms hit=0.0 e2e=769.239ms
[ok] openhands s384 turn3 ttft=313.284ms hit=0.985895 e2e=608.848ms
[ok] request s51 turn0 ttft=160.445ms hit=0.0 e2e=455.815ms
[ok] openhands s2 turn6 ttft=319.051ms hit=0.975445 e2e=620.633ms
[ok] request s49 turn0 ttft=476.309ms hit=0.0 e2e=731.305ms
[ok] openhands s131 turn10 ttft=499.46ms hit=0.871603 e2e=1138.144ms
[ok] openhands s257 turn16 ttft=382.318ms hit=0.988305 e2e=1148.76ms
[ok] openhands s2 turn7 ttft=329.594ms hit=0.978032 e2e=965.626ms
[ok] request s236 turn0 ttft=167.056ms hit=0.0 e2e=802.786ms
[ok] openhands s384 turn4 ttft=326.287ms hit=0.980194 e2e=969.515ms
[ok] request s382 turn1 ttft=136.236ms hit=0.0 e2e=647.201ms
[ok] request s51 turn1 ttft=257.055ms hit=0.0 e2e=1530.388ms
[ok] request s49 turn1 ttft=228.595ms hit=0.0 e2e=1498.601ms
[ok] openhands s131 turn11 ttft=1091.874ms hit=0.454406 e2e=1353.013ms
[ok] openhands s384 turn5 ttft=416.603ms hit=0.931653 e2e=1362.392ms
[ok] openhands s2 turn8 ttft=1077.675ms hit=0.973099 e2e=1342.448ms
[ok] request s382 turn2 ttft=509.535ms hit=0.0 e2e=774.001ms
[ok] openhands s257 turn17 ttft=1086.25ms hit=0.982616 e2e=1350.369ms
[ok] openhands s257 turn18 ttft=427.283ms hit=0.994981 e2e=837.788ms
[ok] openhands s2 turn9 ttft=307.592ms hit=0.981356 e2e=843.161ms
[ok] openhands s384 turn6 ttft=554.234ms hit=0.965086 e2e=831.476ms
[ok] request s49 turn2 ttft=530.839ms hit=0.0 e2e=807.77ms
[ok] request s51 turn2 ttft=196.108ms hit=0.353591 e2e=472.198ms
[ok] openhands s131 turn12 ttft=536.767ms hit=0.955556 e2e=813.56ms
[ok] openhands s384 turn7 ttft=548.563ms hit=0.950004 e2e=934.489ms
[ok] openhands s131 turn13 ttft=541.313ms hit=0.91072 e2e=941.359ms
[ok] openhands s257 turn19 ttft=385.671ms hit=0.995911 e2e=955.409ms
[ok] openhands s2 turn10 ttft=560.119ms hit=0.925035 e2e=947.835ms
[ok] request s51 turn3 ttft=142.073ms hit=0.0 e2e=661.899ms
[ok] openhands s131 turn14 ttft=1149.384ms hit=0.749471 e2e=2114.265ms
[ok] openhands s384 turn8 ttft=594.175ms hit=0.879948 e2e=2135.699ms
[ok] openhands s257 turn20 ttft=367.426ms hit=0.991855 e2e=2145.022ms
[ok] request s51 turn4 ttft=967.779ms hit=0.0 e2e=1240.238ms
[ok] openhands s2 turn11 ttft=1050.978ms hit=0.14966 e2e=1327.673ms
[ok] request s51 turn5 ttft=1758.329ms hit=0.690855 e2e=2003.027ms
[ok] openhands s384 turn9 ttft=366.735ms hit=0.910336 e2e=2603.312ms
[ok] openhands s2 turn12 ttft=527.458ms hit=0.98074 e2e=2589.152ms
[ok] openhands s257 turn21 ttft=2352.393ms hit=0.059761 e2e=2598.291ms
[ok] openhands s257 turn22 ttft=436.802ms hit=0.98289 e2e=683.971ms
[ok] openhands s384 turn10 ttft=343.561ms hit=0.989364 e2e=716.247ms
[ok] openhands s2 turn13 ttft=457.205ms hit=0.987953 e2e=709.43ms
[ok] openhands s257 turn23 ttft=447.024ms hit=0.959224 e2e=693.937ms
[ok] openhands s384 turn11 ttft=335.015ms hit=0.98719 e2e=715.029ms
[ok] openhands s2 turn14 ttft=453.127ms hit=0.987096 e2e=709.248ms
[ok] openhands s257 turn24 ttft=419.956ms hit=0.947226 e2e=664.152ms
[ok] openhands s384 turn12 ttft=412.652ms hit=0.984838 e2e=654.889ms
[ok] openhands s257 turn25 ttft=397.539ms hit=0.990874 e2e=646.414ms
[ok] openhands s384 turn13 ttft=389.561ms hit=0.989531 e2e=636.217ms
[ok] openhands s257 turn26 ttft=397.145ms hit=0.986763 e2e=635.262ms
[ok] openhands s384 turn14 ttft=386.808ms hit=0.992725 e2e=625.117ms
[ok] openhands s257 turn27 ttft=265.308ms hit=0.980825 e2e=511.463ms
[ok] openhands s257 turn28 ttft=264.306ms hit=0.988381 e2e=511.927ms
[ok] openhands s257 turn29 ttft=266.926ms hit=0.986736 e2e=514.21ms
[ok] openhands s257 turn30 ttft=269.427ms hit=0.985144 e2e=517.266ms
[ok] openhands s257 turn31 ttft=408.237ms hit=0.920818 e2e=654.392ms
[ok] openhands s257 turn32 ttft=279.323ms hit=0.985547 e2e=526.936ms
[ok] request s285 turn0 ttft=485.307ms hit=0.0 e2e=1470.427ms
[ok] request s286 turn0 ttft=170.063ms hit=0.0 e2e=1154.765ms
[ok] openhands s447 turn0 ttft=681.113ms hit=0.186886 e2e=1788.414ms
[ok] request s229 turn0 ttft=663.725ms hit=0.0 e2e=1282.079ms
[ok] request s429 turn0 ttft=148.526ms hit=0.0 e2e=647.785ms
[ok] request s462 turn0 ttft=462.642ms hit=0.0 e2e=965.187ms
[ok] request s347 turn0 ttft=190.509ms hit=0.0 e2e=803.849ms
[ok] openhands s447 turn1 ttft=300.182ms hit=0.977936 e2e=916.717ms
[ok] request s300 turn0 ttft=135.9ms hit=0.0 e2e=883.572ms
[ok] request s286 turn1 ttft=133.434ms hit=0.0 e2e=766.609ms
[ok] request s451 turn0 ttft=132.556ms hit=0.0 e2e=765.654ms
[ok] request s462 turn1 ttft=200.353ms hit=0.0 e2e=823.933ms
[ok] request s13 turn0 ttft=180.377ms hit=0.0 e2e=804.796ms
[ok] openhands s447 turn2 ttft=321.851ms hit=0.836972 e2e=950.944ms
[ok] request s558 turn0 ttft=141.14ms hit=0.0 e2e=1223.022ms
[ok] request s347 turn1 ttft=136.464ms hit=0.357043 e2e=1103.861ms
[ok] request s152 turn0 ttft=131.581ms hit=0.0 e2e=1100.358ms
[ok] request s566 turn0 ttft=137.01ms hit=0.0 e2e=249.269ms
[ok] request s103 turn0 ttft=209.688ms hit=0.0 e2e=592.139ms
[ok] request s114 turn0 ttft=375.678ms hit=0.0 e2e=909.624ms
[ok] openhands s447 turn3 ttft=401.036ms hit=0.796551 e2e=1055.908ms
[ok] request s451 turn1 ttft=401.958ms hit=0.0 e2e=815.136ms
[ok] request s244 turn0 ttft=298.983ms hit=0.0 e2e=1234.551ms
[ok] openhands s447 turn4 ttft=336.379ms hit=0.882514 e2e=1276.03ms
[ok] request s114 turn1 ttft=380.446ms hit=0.0 e2e=769.176ms
[ok] request s503 turn0 ttft=304.474ms hit=0.0 e2e=693.996ms
[ok] openhands s510 turn0 ttft=619.43ms hit=0.224884 e2e=1011.781ms
[ok] request s466 turn0 ttft=135.011ms hit=0.0 e2e=626.392ms
[ok] request s524 turn0 ttft=299.677ms hit=0.0 e2e=549.722ms
[ok] openhands s510 turn1 ttft=240.031ms hit=0.923146 e2e=829.631ms
[ok] openhands s447 turn5 ttft=321.243ms hit=0.976605 e2e=913.166ms
[ok] request s538 turn0 ttft=129.803ms hit=0.0 e2e=692.526ms
[ok] request s97 turn0 ttft=233.847ms hit=0.0 e2e=512.746ms
[ok] request s503 turn1 ttft=218.208ms hit=0.0 e2e=829.549ms
[ok] request s168 turn0 ttft=242.684ms hit=0.0 e2e=856.539ms
[ok] openhands s447 turn6 ttft=283.285ms hit=0.987921 e2e=659.501ms
[ok] openhands s510 turn2 ttft=290.863ms hit=0.983306 e2e=670.674ms
[ok] request s466 turn1 ttft=273.952ms hit=0.0 e2e=653.835ms
[ok] request s437 turn0 ttft=133.552ms hit=0.0 e2e=559.894ms
[ok] request s74 turn0 ttft=662.636ms hit=0.0 e2e=1194.708ms
[ok] openhands s447 turn7 ttft=992.346ms hit=0.989173 e2e=1524.563ms
[ok] request s184 turn0 ttft=147.153ms hit=0.0 e2e=561.372ms
[ok] request s225 turn0 ttft=862.362ms hit=0.0 e2e=1515.765ms
[ok] request s97 turn1 ttft=502.931ms hit=0.0 e2e=1037.869ms
[ok] openhands s510 turn3 ttft=884.179ms hit=0.472224 e2e=1538.45ms
[ok] request s466 turn2 ttft=402.51ms hit=0.525128 e2e=938.84ms
[ok] request s538 turn1 ttft=838.234ms hit=0.0 e2e=1493.448ms
[ok] request s359 turn0 ttft=461.801ms hit=0.0 e2e=882.575ms
[ok] request s427 turn0 ttft=144.783ms hit=0.0 e2e=237.914ms
[ok] request s490 turn0 ttft=134.981ms hit=0.0 e2e=556.161ms
[ok] openhands s510 turn4 ttft=213.912ms hit=0.970733 e2e=949.817ms
[ok] request s163 turn0 ttft=161.441ms hit=0.0 e2e=789.89ms
[ok] openhands s447 turn8 ttft=314.861ms hit=0.987595 e2e=946.563ms
[ok] request s225 turn1 ttft=255.654ms hit=0.0 e2e=1252.391ms
[ok] request s425 turn0 ttft=160.733ms hit=0.0 e2e=1147.874ms
[ok] request s359 turn1 ttft=261.102ms hit=0.266945 e2e=1250.08ms
[ok] request s97 turn2 ttft=265.877ms hit=0.0 e2e=1254.571ms
[ok] request s538 turn2 ttft=263.419ms hit=0.473198 e2e=1251.804ms
[ok] request s466 turn3 ttft=265.599ms hit=0.535565 e2e=1253.669ms
[ok] openhands s447 turn9 ttft=449.396ms hit=0.988825 e2e=956.696ms
[ok] openhands s258 turn0 ttft=629.227ms hit=0.210511 e2e=1137.668ms
[ok] request s93 turn0 ttft=311.13ms hit=0.0 e2e=820.946ms
[ok] openhands s510 turn5 ttft=388.415ms hit=0.991364 e2e=1197.399ms
[ok] request s43 turn0 ttft=137.207ms hit=0.0 e2e=704.068ms
[ok] request s331 turn0 ttft=130.358ms hit=0.0 e2e=883.756ms
[ok] openhands s258 turn1 ttft=465.076ms hit=0.978536 e2e=1109.118ms
[ok] request s335 turn0 ttft=145.179ms hit=0.0 e2e=671.649ms
[ok] request s225 turn2 ttft=298.936ms hit=0.0 e2e=826.603ms
[ok] openhands s447 turn10 ttft=452.801ms hit=0.971112 e2e=1100.0ms
[ok] openhands s510 turn6 ttft=346.179ms hit=0.976184 e2e=1118.634ms
[ok] request s359 turn2 ttft=296.153ms hit=0.477315 e2e=824.887ms
[ok] request s445 turn0 ttft=340.923ms hit=0.0 e2e=989.835ms
[ok] request s97 turn3 ttft=294.281ms hit=0.0 e2e=823.915ms
[ok] request s542 turn0 ttft=251.122ms hit=0.0 e2e=1490.268ms
[ok] request s43 turn1 ttft=217.606ms hit=0.0 e2e=1455.281ms
[ok] openhands s258 turn2 ttft=545.43ms hit=0.978367 e2e=1201.354ms
[ok] request s346 turn0 ttft=621.074ms hit=0.0 e2e=1279.098ms
[ok] openhands s510 turn7 ttft=535.206ms hit=0.985727 e2e=1190.237ms
[ok] openhands s447 turn11 ttft=560.981ms hit=0.969011 e2e=1220.617ms
[ok] request s185 turn0 ttft=307.571ms hit=0.0 e2e=963.517ms
[ok] request s355 turn0 ttft=246.559ms hit=0.0 e2e=1472.685ms
[ok] request s335 turn1 ttft=263.07ms hit=0.0 e2e=1469.753ms
[ok] request s359 turn3 ttft=261.215ms hit=0.0 e2e=1468.823ms
[ok] request s444 turn0 ttft=134.689ms hit=0.0 e2e=1227.798ms
[ok] request s40 turn0 ttft=254.573ms hit=0.0 e2e=1230.661ms
[ok] openhands s258 turn3 ttft=476.962ms hit=0.978136 e2e=1170.412ms
[ok] request s346 turn1 ttft=205.577ms hit=0.830105 e2e=622.892ms
[ok] request s542 turn1 ttft=285.354ms hit=0.0 e2e=728.856ms
[ok] request s90 turn0 ttft=180.092ms hit=0.0 e2e=598.316ms
[ok] request s43 turn2 ttft=282.302ms hit=0.561404 e2e=729.272ms
[ok] openhands s510 turn8 ttft=474.477ms hit=0.988939 e2e=1170.869ms
[ok] request s185 turn1 ttft=204.27ms hit=0.0 e2e=624.637ms
[ok] openhands s447 turn12 ttft=382.831ms hit=0.890435 e2e=1199.845ms
[ok] request s468 turn0 ttft=340.357ms hit=0.0 e2e=919.274ms
[ok] request s59 turn0 ttft=130.408ms hit=0.0 e2e=498.554ms
[ok] request s541 turn0 ttft=556.586ms hit=0.0 e2e=1142.619ms
[ok] openhands s510 turn9 ttft=411.79ms hit=0.988094 e2e=1518.277ms
[ok] request s185 turn2 ttft=390.123ms hit=0.0 e2e=926.471ms
[ok] request s410 turn0 ttft=322.896ms hit=0.0 e2e=858.955ms
[ok] request s59 turn1 ttft=174.546ms hit=0.0 e2e=711.843ms
[ok] openhands s447 turn13 ttft=569.018ms hit=0.990033 e2e=1504.571ms
[ok] openhands s1 turn0 ttft=634.55ms hit=0.225894 e2e=1176.563ms
[ok] openhands s258 turn4 ttft=292.169ms hit=0.980092 e2e=1527.233ms
[ok] request s335 turn2 ttft=388.054ms hit=0.406995 e2e=1324.846ms
[ok] request s355 turn1 ttft=388.862ms hit=0.0 e2e=1326.39ms
[ok] request s346 turn2 ttft=392.095ms hit=0.918807 e2e=931.505ms
[ok] request s559 turn0 ttft=133.327ms hit=0.0 e2e=549.954ms
[ok] request s431 turn0 ttft=129.521ms hit=0.0 e2e=1153.445ms
[ok] openhands s258 turn5 ttft=462.129ms hit=0.881348 e2e=1278.085ms
[ok] request s280 turn0 ttft=376.47ms hit=0.0 e2e=1196.5ms
[ok] openhands s1 turn1 ttft=459.101ms hit=0.975935 e2e=1278.24ms
[ok] openhands s510 turn10 ttft=346.763ms hit=0.985443 e2e=1288.711ms
[ok] request s146 turn0 ttft=177.463ms hit=0.0 e2e=879.976ms
[ok] openhands s447 turn14 ttft=521.493ms hit=0.991783 e2e=1227.291ms
[ok] request s59 turn2 ttft=300.167ms hit=0.0 e2e=978.818ms
[ok] request s335 turn3 ttft=300.762ms hit=0.6658 e2e=977.723ms
[ok] request s355 turn2 ttft=297.679ms hit=0.0 e2e=976.32ms
[ok] request s346 turn3 ttft=296.925ms hit=0.88105 e2e=975.23ms
[ok] request s352 turn0 ttft=173.894ms hit=0.0 e2e=851.87ms
[ok] request s185 turn3 ttft=259.41ms hit=0.524053 e2e=981.653ms
[ok] request s310 turn0 ttft=135.239ms hit=0.0 e2e=921.84ms
[ok] request s125 turn0 ttft=511.196ms hit=0.0 e2e=1133.308ms
[ok] openhands s447 turn15 ttft=556.129ms hit=0.96595 e2e=1194.36ms
[ok] openhands s258 turn6 ttft=529.493ms hit=0.964709 e2e=1169.486ms
[ok] openhands s1 turn2 ttft=456.131ms hit=0.666348 e2e=1218.468ms
[ok] request s560 turn0 ttft=194.078ms hit=0.0 e2e=830.68ms
[ok] openhands s510 turn11 ttft=528.882ms hit=0.984426 e2e=1166.181ms
[ok] request s293 turn0 ttft=139.879ms hit=0.0 e2e=1460.314ms
[ok] request s248 turn0 ttft=643.504ms hit=0.0 e2e=848.573ms
[ok] request s148 turn0 ttft=134.26ms hit=0.0 e2e=1227.048ms
[ok] request s335 turn4 ttft=265.395ms hit=0.842105 e2e=1362.527ms
[ok] request s352 turn1 ttft=265.0ms hit=0.0 e2e=1360.845ms
[ok] request s185 turn4 ttft=263.056ms hit=0.636288 e2e=1360.054ms
[ok] request s59 turn3 ttft=262.613ms hit=0.544681 e2e=1364.79ms
[ok] openhands s258 turn7 ttft=632.688ms hit=0.729665 e2e=1306.762ms
[ok] request s125 turn1 ttft=296.531ms hit=0.0 e2e=729.171ms
[ok] request s560 turn1 ttft=283.602ms hit=0.0 e2e=715.932ms
[ok] request s310 turn1 ttft=707.04ms hit=0.0 e2e=1259.321ms
[ok] openhands s447 turn16 ttft=755.311ms hit=0.957384 e2e=1306.179ms
[ok] request s79 turn0 ttft=445.324ms hit=0.0 e2e=877.487ms
[ok] openhands s1 turn3 ttft=391.965ms hit=0.845994 e2e=1315.859ms
[ok] request s290 turn0 ttft=127.671ms hit=0.0 e2e=559.749ms
[ok] openhands s510 turn12 ttft=719.512ms hit=0.990643 e2e=1272.432ms
[ok] request s171 turn0 ttft=138.347ms hit=0.0 e2e=1133.073ms
[ok] openhands s447 turn17 ttft=421.921ms hit=0.968055 e2e=1061.939ms
[ok] request s335 turn5 ttft=254.379ms hit=0.873294 e2e=767.662ms
[ok] openhands s510 turn13 ttft=485.895ms hit=0.97471 e2e=1003.722ms
[ok] openhands s1 turn4 ttft=321.709ms hit=0.963375 e2e=1086.186ms
[ok] request s59 turn4 ttft=251.196ms hit=0.689408 e2e=767.638ms
[ok] request s148 turn1 ttft=253.972ms hit=0.0 e2e=773.186ms
[ok] request s560 turn2 ttft=246.382ms hit=0.334641 e2e=649.383ms
[ok] request s290 turn1 ttft=248.453ms hit=0.0 e2e=648.119ms
[ok] openhands s510 turn14 ttft=315.259ms hit=0.975622 e2e=555.349ms
[ok] openhands s1 turn5 ttft=316.072ms hit=0.988117 e2e=560.182ms
[ok] request s560 turn3 ttft=242.618ms hit=0.448729 e2e=491.366ms
[ok] openhands s510 turn15 ttft=435.269ms hit=0.994729 e2e=688.012ms
[ok] openhands s1 turn6 ttft=318.73ms hit=0.990329 e2e=692.52ms
[ok] request s335 turn6 ttft=404.143ms hit=0.789514 e2e=656.932ms
[ok] openhands s1 turn7 ttft=200.44ms hit=0.917453 e2e=560.059ms
[ok] request s560 turn4 ttft=134.118ms hit=0.770504 e2e=612.792ms
[ok] openhands s1 turn8 ttft=322.057ms hit=0.992876 e2e=565.206ms
[ok] request s335 turn7 ttft=299.323ms hit=0.816066 e2e=539.68ms
[ok] openhands s1 turn9 ttft=207.309ms hit=0.966335 e2e=453.21ms
[ok] openhands s1 turn10 ttft=201.589ms hit=0.963733 e2e=447.475ms
[ok] openhands s1 turn11 ttft=205.92ms hit=0.945488 e2e=451.781ms
[ok] openhands s1 turn12 ttft=201.912ms hit=0.985659 e2e=447.565ms
[ok] openhands s1 turn13 ttft=204.393ms hit=0.977371 e2e=450.029ms
[ok] openhands s1 turn14 ttft=202.785ms hit=0.9876 e2e=448.477ms
[ok] request s239 turn0 ttft=135.723ms hit=0.0 e2e=230.788ms
[ok] request s159 turn0 ttft=648.23ms hit=0.0 e2e=1134.683ms
[ok] openhands s193 turn0 ttft=954.288ms hit=0.224884 e2e=1441.301ms
[ok] request s424 turn0 ttft=447.972ms hit=0.0 e2e=818.663ms
[ok] request s392 turn0 ttft=135.268ms hit=0.0 e2e=614.394ms
[ok] request s94 turn0 ttft=161.283ms hit=0.0 e2e=644.751ms
[ok] openhands s193 turn1 ttft=288.701ms hit=0.96437 e2e=775.867ms
[ok] request s265 turn0 ttft=133.817ms hit=0.0 e2e=625.458ms
[ok] request s159 turn1 ttft=139.099ms hit=0.406349 e2e=736.607ms
[ok] request s463 turn0 ttft=246.41ms hit=0.0 e2e=614.078ms
[ok] openhands s193 turn2 ttft=239.451ms hit=0.927056 e2e=602.792ms
[ok] request s253 turn0 ttft=130.268ms hit=0.0 e2e=859.367ms
[ok] openhands s193 turn3 ttft=299.802ms hit=0.967582 e2e=1238.901ms
[ok] request s498 turn0 ttft=204.873ms hit=0.0 e2e=904.026ms
[ok] request s265 turn1 ttft=243.032ms hit=0.0 e2e=948.645ms
[ok] request s390 turn0 ttft=399.687ms hit=0.0 e2e=1222.201ms
[ok] request s463 turn1 ttft=245.423ms hit=0.0 e2e=734.994ms
[ok] request s539 turn0 ttft=193.925ms hit=0.0 e2e=680.418ms
[ok] request s353 turn0 ttft=215.14ms hit=0.0 e2e=2145.534ms
[ok] openhands s193 turn4 ttft=937.399ms hit=0.477461 e2e=2211.183ms
[ok] request s463 turn2 ttft=548.771ms hit=0.597782 e2e=1519.628ms
[ok] request s470 turn0 ttft=700.933ms hit=0.0 e2e=1851.799ms
[ok] openhands s385 turn0 ttft=634.024ms hit=0.220172 e2e=1216.914ms
[ok] request s361 turn0 ttft=559.446ms hit=0.0 e2e=1534.074ms
[ok] request s378 turn0 ttft=323.643ms hit=0.0 e2e=899.064ms
[ok] request s498 turn1 ttft=465.004ms hit=0.0 e2e=1615.991ms
[ok] request s278 turn0 ttft=890.691ms hit=0.0 e2e=2169.474ms
[ok] request s514 turn0 ttft=136.212ms hit=0.0 e2e=590.774ms
[ok] request s58 turn0 ttft=170.979ms hit=0.0 e2e=799.615ms
[ok] openhands s193 turn5 ttft=341.752ms hit=0.929782 e2e=967.149ms
[ok] openhands s385 turn1 ttft=343.04ms hit=0.855778 e2e=963.293ms
[ok] request s525 turn0 ttft=297.255ms hit=0.0 e2e=917.185ms
[ok] request s85 turn0 ttft=138.601ms hit=0.0 e2e=732.646ms
[ok] request s219 turn0 ttft=166.851ms hit=0.0 e2e=786.596ms
[ok] request s498 turn2 ttft=252.139ms hit=0.0 e2e=874.203ms
[ok] request s470 turn1 ttft=248.378ms hit=0.0 e2e=875.659ms
[ok] request s494 turn0 ttft=130.974ms hit=0.0 e2e=153.334ms
[ok] openhands s193 turn6 ttft=339.59ms hit=0.970778 e2e=961.64ms
[ok] openhands s385 turn2 ttft=336.437ms hit=0.989758 e2e=956.195ms
[ok] request s370 turn0 ttft=306.9ms hit=0.0 e2e=927.177ms
[ok] request s274 turn0 ttft=184.389ms hit=0.0 e2e=473.851ms
[ok] request s525 turn1 ttft=249.769ms hit=0.0 e2e=908.068ms
[ok] request s494 turn1 ttft=201.003ms hit=0.0 e2e=793.341ms
[ok] request s470 turn2 ttft=202.806ms hit=0.25422 e2e=822.633ms
[ok] openhands s385 turn3 ttft=305.022ms hit=0.969761 e2e=967.978ms
[ok] request s219 turn1 ttft=204.344ms hit=0.539705 e2e=827.409ms
[ok] openhands s193 turn7 ttft=341.461ms hit=0.947228 e2e=965.248ms
[ok] request s365 turn0 ttft=281.086ms hit=0.0 e2e=944.876ms
[ok] request s282 turn0 ttft=139.881ms hit=0.0 e2e=766.518ms
[ok] request s274 turn1 ttft=125.521ms hit=0.0 e2e=768.531ms
[ok] request s458 turn0 ttft=244.921ms hit=0.0 e2e=892.338ms
[ok] openhands s193 turn8 ttft=354.987ms hit=0.988357 e2e=1857.322ms
[ok] request s368 turn0 ttft=347.739ms hit=0.0 e2e=1853.469ms
[ok] request s337 turn0 ttft=166.667ms hit=0.0 e2e=1537.161ms
[ok] openhands s385 turn4 ttft=468.325ms hit=0.939687 e2e=1850.593ms
[ok] request s494 turn2 ttft=260.9ms hit=0.0 e2e=1440.725ms
[ok] request s282 turn1 ttft=220.954ms hit=0.0 e2e=1271.677ms
[ok] request s470 turn3 ttft=357.778ms hit=0.526388 e2e=1415.053ms
[ok] request s365 turn1 ttft=355.225ms hit=0.0 e2e=1413.645ms
[ok] request s518 turn0 ttft=312.8ms hit=0.0 e2e=1372.47ms
[ok] request s420 turn0 ttft=318.51ms hit=0.0 e2e=1101.869ms
[ok] request s458 turn1 ttft=411.642ms hit=0.0 e2e=1197.666ms
[ok] openhands s323 turn0 ttft=627.8ms hit=0.225208 e2e=1422.125ms
[ok] request s314 turn0 ttft=135.818ms hit=0.0 e2e=834.955ms
[ok] openhands s193 turn9 ttft=356.222ms hit=0.969213 e2e=1505.046ms
[ok] openhands s385 turn5 ttft=346.581ms hit=0.946596 e2e=1495.164ms
[ok] request s106 turn0 ttft=310.311ms hit=0.0 e2e=1458.559ms
[ok] request s226 turn0 ttft=138.847ms hit=0.0 e2e=1296.146ms
[ok] request s136 turn0 ttft=260.542ms hit=0.0 e2e=988.311ms
[ok] request s368 turn1 ttft=344.12ms hit=0.0 e2e=1073.055ms
[ok] request s470 turn4 ttft=199.82ms hit=0.623782 e2e=920.29ms
[ok] request s494 turn3 ttft=204.028ms hit=0.0 e2e=923.584ms
[ok] openhands s323 turn1 ttft=296.433ms hit=0.963614 e2e=1152.147ms
[ok] request s365 turn2 ttft=199.239ms hit=0.375918 e2e=918.702ms
[ok] request s282 turn2 ttft=201.68ms hit=0.446771 e2e=922.368ms
[ok] request s129 turn0 ttft=262.319ms hit=0.0 e2e=931.321ms
[ok] request s458 turn2 ttft=153.195ms hit=0.361582 e2e=816.107ms
[ok] request s420 turn1 ttft=154.006ms hit=0.0 e2e=818.455ms
[ok] request s527 turn0 ttft=141.29ms hit=0.0 e2e=830.428ms
[ok] openhands s193 turn10 ttft=355.215ms hit=0.940682 e2e=1583.621ms
[ok] openhands s385 turn6 ttft=350.956ms hit=0.946122 e2e=1577.546ms
[ok] openhands s323 turn2 ttft=175.001ms hit=0.945076 e2e=1401.275ms
[ok] request s452 turn0 ttft=235.902ms hit=0.0 e2e=1461.82ms
[ok] request s533 turn0 ttft=166.687ms hit=0.0 e2e=1494.944ms
[ok] request s368 turn2 ttft=265.396ms hit=0.0 e2e=1429.829ms
[ok] request s480 turn0 ttft=266.209ms hit=0.0 e2e=1431.423ms
[ok] request s470 turn5 ttft=279.038ms hit=0.770214 e2e=1428.854ms
[ok] request s494 turn4 ttft=276.121ms hit=0.0 e2e=1427.732ms
[ok] request s420 turn2 ttft=379.123ms hit=0.304762 e2e=1181.767ms
[ok] request s527 turn1 ttft=286.277ms hit=0.0 e2e=974.268ms
[ok] request s458 turn3 ttft=259.941ms hit=0.691892 e2e=1189.129ms
[ok] request s430 turn0 ttft=134.557ms hit=0.0 e2e=818.701ms
[ok] request s129 turn1 ttft=261.951ms hit=0.608076 e2e=1191.085ms
[ok] request s268 turn0 ttft=329.846ms hit=0.0 e2e=1136.569ms
[ok] openhands s385 turn7 ttft=318.254ms hit=0.904928 e2e=743.234ms
[ok] openhands s323 turn3 ttft=316.153ms hit=0.970346 e2e=733.259ms
[ok] request s207 turn0 ttft=202.005ms hit=0.0 e2e=620.039ms
[ok] openhands s193 turn11 ttft=298.466ms hit=0.989691 e2e=716.237ms
[ok] request s279 turn0 ttft=135.705ms hit=0.0 e2e=2085.169ms
[ok] request s295 turn0 ttft=131.466ms hit=0.0 e2e=159.014ms
[ok] request s268 turn1 ttft=1029.589ms hit=0.0 e2e=1742.162ms
[ok] request s255 turn0 ttft=664.061ms hit=0.0 e2e=1262.094ms
[ok] openhands s385 turn8 ttft=378.795ms hit=0.954887 e2e=2228.678ms
[ok] request s480 turn1 ttft=802.222ms hit=0.0 e2e=1769.882ms
[ok] request s129 turn2 ttft=1148.176ms hit=0.0 e2e=1746.268ms
[ok] openhands s68 turn0 ttft=928.764ms hit=0.189489 e2e=1902.897ms
[ok] openhands s193 turn12 ttft=458.332ms hit=0.975945 e2e=2229.382ms
[ok] request s527 turn2 ttft=1032.902ms hit=0.0 e2e=1755.229ms
[ok] request s294 turn0 ttft=1120.0ms hit=0.0 e2e=1587.073ms
[ok] request s546 turn0 ttft=465.48ms hit=0.0 e2e=951.931ms
[ok] request s494 turn5 ttft=797.123ms hit=0.0 e2e=1771.959ms
[ok] request s420 turn3 ttft=1037.742ms hit=0.0 e2e=1759.095ms
[ok] request s458 turn4 ttft=1032.432ms hit=0.0 e2e=1755.121ms
[ok] request s470 turn6 ttft=799.241ms hit=0.0 e2e=1776.03ms
[ok] request s554 turn0 ttft=619.164ms hit=0.0 e2e=2218.471ms
[ok] openhands s323 turn4 ttft=624.094ms hit=0.977028 e2e=2223.094ms
[ok] request s78 turn0 ttft=154.532ms hit=0.0 e2e=636.531ms
[ok] openhands s385 turn9 ttft=324.927ms hit=0.980697 e2e=1141.037ms
[ok] request s116 turn0 ttft=162.941ms hit=0.0 e2e=825.651ms
[ok] request s279 turn1 ttft=334.295ms hit=0.0 e2e=996.62ms
[ok] openhands s323 turn5 ttft=441.859ms hit=0.98576 e2e=1133.257ms
[ok] openhands s68 turn1 ttft=473.721ms hit=0.988878 e2e=1135.958ms
[ok] request s481 turn0 ttft=475.235ms hit=0.0 e2e=1137.148ms
[ok] openhands s193 turn13 ttft=468.37ms hit=0.954806 e2e=1129.945ms
[ok] request s78 turn1 ttft=252.092ms hit=0.0 e2e=2707.088ms
[ok] request s470 turn7 ttft=256.376ms hit=0.829211 e2e=2715.729ms
[ok] request s420 turn4 ttft=261.207ms hit=0.654313 e2e=2720.299ms
[ok] request s33 turn0 ttft=228.291ms hit=0.0 e2e=2686.846ms
[ok] request s255 turn1 ttft=256.71ms hit=0.388467 e2e=2728.911ms
[ok] request s527 turn3 ttft=264.251ms hit=0.528926 e2e=2722.632ms
[ok] request s458 turn5 ttft=260.87ms hit=0.781812 e2e=2718.929ms
[ok] request s480 turn2 ttft=254.697ms hit=0.0 e2e=2728.001ms
[ok] request s350 turn0 ttft=139.046ms hit=0.0 e2e=2465.95ms
[ok] request s375 turn0 ttft=709.36ms hit=0.0 e2e=1015.775ms
[ok] openhands s385 turn10 ttft=389.147ms hit=0.920991 e2e=2413.366ms
[ok] request s154 turn0 ttft=1345.452ms hit=0.0 e2e=1653.66ms
[ok] request s366 turn0 ttft=1663.658ms hit=0.0 e2e=1971.598ms
[ok] request s304 turn0 ttft=394.308ms hit=0.0 e2e=701.995ms
[ok] openhands s68 turn2 ttft=1801.842ms hit=0.343441 e2e=2409.649ms
[ok] request s212 turn0 ttft=1029.231ms hit=0.0 e2e=1339.045ms
[ok] request s95 turn0 ttft=1979.751ms hit=0.0 e2e=2289.398ms
[ok] openhands s323 turn6 ttft=1984.51ms hit=0.200171 e2e=2293.977ms
[ok] openhands s193 turn14 ttft=1719.806ms hit=0.929387 e2e=2328.289ms
[ok] openhands s385 turn11 ttft=329.084ms hit=0.979949 e2e=988.529ms
[ok] request s33 turn1 ttft=212.754ms hit=0.0 e2e=627.418ms
[ok] request s480 turn3 ttft=210.681ms hit=0.483019 e2e=625.078ms
[ok] openhands s323 turn7 ttft=439.13ms hit=0.970031 e2e=985.122ms
[ok] request s255 turn2 ttft=212.733ms hit=0.404423 e2e=629.395ms
[ok] request s420 turn5 ttft=216.843ms hit=0.806723 e2e=633.282ms
[ok] openhands s193 turn15 ttft=567.402ms hit=0.993175 e2e=983.582ms
[ok] openhands s68 turn3 ttft=548.162ms hit=0.986603 e2e=974.497ms
[ok] request s366 turn1 ttft=139.321ms hit=0.0 e2e=719.486ms
[ok] request s95 turn1 ttft=136.245ms hit=0.0 e2e=716.712ms
[ok] openhands s323 turn8 ttft=322.828ms hit=0.874093 e2e=939.294ms
[ok] openhands s193 turn16 ttft=422.228ms hit=0.982228 e2e=933.405ms
[ok] openhands s68 turn4 ttft=357.847ms hit=0.992225 e2e=745.275ms
[ok] openhands s385 turn12 ttft=532.545ms hit=0.978373 e2e=924.881ms
[ok] request s420 turn6 ttft=144.733ms hit=0.756757 e2e=673.673ms
[ok] openhands s193 turn17 ttft=427.962ms hit=0.995246 e2e=810.002ms
[ok] openhands s385 turn13 ttft=400.177ms hit=0.965148 e2e=649.856ms
[ok] openhands s323 turn9 ttft=332.081ms hit=0.982313 e2e=818.215ms
[ok] openhands s68 turn5 ttft=545.426ms hit=0.994118 e2e=802.569ms
[ok] openhands s68 turn6 ttft=510.072ms hit=0.930339 e2e=760.954ms
[ok] openhands s323 turn10 ttft=346.604ms hit=0.850281 e2e=768.008ms
[ok] openhands s385 turn14 ttft=249.856ms hit=0.921608 e2e=496.586ms
[ok] openhands s68 turn7 ttft=440.911ms hit=0.993559 e2e=694.102ms
[ok] openhands s385 turn15 ttft=328.34ms hit=0.930134 e2e=702.105ms
[ok] openhands s323 turn11 ttft=383.149ms hit=0.978721 e2e=634.122ms
[ok] openhands s68 turn8 ttft=378.748ms hit=0.985308 e2e=630.072ms
[ok] openhands s385 turn16 ttft=369.979ms hit=0.968877 e2e=617.216ms
[ok] openhands s323 turn12 ttft=376.394ms hit=0.971417 e2e=624.409ms
[ok] openhands s323 turn13 ttft=308.361ms hit=0.969 e2e=548.575ms
[ok] openhands s385 turn17 ttft=323.243ms hit=0.962065 e2e=568.765ms
[ok] openhands s323 turn14 ttft=216.217ms hit=0.980611 e2e=550.491ms
[ok] openhands s385 turn18 ttft=217.951ms hit=0.934648 e2e=490.292ms
[ok] openhands s323 turn15 ttft=423.14ms hit=0.982772 e2e=555.685ms
[ok] openhands s385 turn19 ttft=227.964ms hit=0.934744 e2e=471.604ms
[ok] openhands s323 turn16 ttft=196.677ms hit=0.96952 e2e=645.477ms
[ok] openhands s385 turn20 ttft=229.204ms hit=0.951362 e2e=813.779ms
[ok] openhands s323 turn17 ttft=335.926ms hit=0.948727 e2e=579.306ms
[ok] openhands s68 turn9 ttft=473.209ms hit=0.916131 e2e=721.939ms
[ok] openhands s385 turn21 ttft=267.023ms hit=0.960669 e2e=1021.235ms
[ok] openhands s68 turn10 ttft=702.661ms hit=0.832844 e2e=1017.14ms
[ok] openhands s385 turn22 ttft=455.729ms hit=0.967487 e2e=589.509ms
[ok] openhands s68 turn11 ttft=284.862ms hit=0.979302 e2e=527.08ms
[ok] openhands s385 turn23 ttft=223.864ms hit=0.980789 e2e=469.992ms
[ok] openhands s385 turn24 ttft=234.78ms hit=0.979706 e2e=480.567ms
[ok] openhands s385 turn25 ttft=231.94ms hit=0.98365 e2e=477.549ms
[ok] openhands s385 turn26 ttft=235.872ms hit=0.955539 e2e=481.58ms
[ok] openhands s385 turn27 ttft=367.405ms hit=0.965157 e2e=612.491ms
[ok] openhands s68 turn12 ttft=417.892ms hit=0.986202 e2e=669.087ms
[ok] openhands s385 turn28 ttft=341.657ms hit=0.980035 e2e=588.231ms
[ok] openhands s68 turn13 ttft=428.036ms hit=0.979218 e2e=679.736ms
[ok] openhands s385 turn29 ttft=243.636ms hit=0.985439 e2e=489.677ms
[ok] openhands s385 turn30 ttft=241.683ms hit=0.983154 e2e=487.361ms
[ok] openhands s385 turn31 ttft=250.396ms hit=0.987793 e2e=495.913ms
[ok] openhands s385 turn32 ttft=247.284ms hit=0.993447 e2e=493.21ms
[ok] openhands s385 turn33 ttft=274.624ms hit=0.982681 e2e=522.041ms
[ok] openhands s68 turn14 ttft=418.008ms hit=0.985157 e2e=670.398ms
[ok] openhands s385 turn34 ttft=1784.896ms hit=0.964967 e2e=2058.511ms
[ok] openhands s68 turn15 ttft=1035.976ms hit=0.830305 e2e=2124.462ms
[ok] request s548 turn0 ttft=200.71ms hit=0.0 e2e=604.455ms
[ok] openhands s322 turn0 ttft=720.205ms hit=0.21988 e2e=1249.757ms
[ok] request s404 turn0 ttft=518.214ms hit=0.0 e2e=928.168ms
[ok] request s11 turn0 ttft=140.358ms hit=0.0 e2e=539.432ms
[ok] request s389 turn0 ttft=1227.677ms hit=0.0 e2e=1263.106ms
[ok] request s345 turn0 ttft=509.339ms hit=0.0 e2e=2563.063ms
[ok] request s398 turn0 ttft=140.792ms hit=0.0 e2e=165.196ms
[ok] request s122 turn0 ttft=580.732ms hit=0.0 e2e=1135.652ms
[ok] request s227 turn0 ttft=363.546ms hit=0.0 e2e=2750.241ms
[ok] request s271 turn0 ttft=1034.7ms hit=0.0 e2e=3717.859ms
[ok] openhands s68 turn16 ttft=1087.929ms hit=0.868385 e2e=3770.726ms
[ok] request s440 turn0 ttft=1548.568ms hit=0.0 e2e=2108.824ms
[ok] request s531 turn0 ttft=904.159ms hit=0.0 e2e=1464.118ms
[ok] request s457 turn0 ttft=1872.112ms hit=0.0 e2e=2431.764ms
[ok] openhands s322 turn1 ttft=1069.328ms hit=0.907801 e2e=3758.293ms
[ok] openhands s385 turn35 ttft=2144.067ms hit=0.061848 e2e=2703.569ms
[ok] request s404 turn1 ttft=592.277ms hit=0.0 e2e=3161.51ms
[ok] request s187 turn0 ttft=261.099ms hit=0.0 e2e=820.001ms
[ok] request s428 turn0 ttft=712.027ms hit=0.0 e2e=3401.39ms
[ok] request s389 turn1 ttft=246.355ms hit=0.0 e2e=271.462ms
[ok] request s118 turn0 ttft=140.213ms hit=0.0 e2e=654.551ms
[ok] request s389 turn2 ttft=267.037ms hit=0.0 e2e=423.978ms
[ok] openhands s322 turn2 ttft=317.109ms hit=0.933625 e2e=1447.676ms
[ok] openhands s385 turn36 ttft=319.013ms hit=0.984744 e2e=1444.756ms
[ok] request s121 turn0 ttft=175.913ms hit=0.0 e2e=1301.304ms
[ok] request s345 turn1 ttft=238.298ms hit=0.497087 e2e=1362.909ms
[ok] request s389 turn3 ttft=519.052ms hit=0.0 e2e=705.926ms
[ok] request s411 turn0 ttft=141.111ms hit=0.0 e2e=157.303ms
[ok] request s28 turn0 ttft=147.897ms hit=0.0 e2e=2465.963ms
[ok] request s118 turn1 ttft=256.002ms hit=0.0 e2e=1876.393ms
[ok] request s271 turn1 ttft=264.963ms hit=0.0 e2e=2361.917ms
[ok] request s227 turn1 ttft=267.233ms hit=0.868868 e2e=2363.394ms
[ok] request s187 turn1 ttft=379.564ms hit=0.0 e2e=2356.977ms
[ok] request s404 turn2 ttft=381.481ms hit=0.241737 e2e=2360.927ms
[ok] request s457 turn1 ttft=262.739ms hit=0.0 e2e=2362.405ms
[ok] request s166 turn0 ttft=305.757ms hit=0.0 e2e=2169.275ms
[ok] request s31 turn0 ttft=224.212ms hit=0.0 e2e=1846.574ms
[ok] openhands s322 turn3 ttft=409.243ms hit=0.797808 e2e=1604.885ms
[ok] request s289 turn0 ttft=532.45ms hit=0.0 e2e=973.526ms
[ok] request s151 turn0 ttft=252.178ms hit=0.0 e2e=1619.059ms
[ok] request s7 turn0 ttft=215.839ms hit=0.0 e2e=651.31ms
[ok] openhands s385 turn37 ttft=576.391ms hit=0.97833 e2e=1594.403ms
[ok] request s121 turn1 ttft=567.141ms hit=0.0 e2e=1010.196ms
[ok] openhands s67 turn0 ttft=734.925ms hit=0.189489 e2e=1299.208ms
[ok] request s389 turn4 ttft=283.41ms hit=0.0 e2e=672.12ms
[ok] request s145 turn0 ttft=245.715ms hit=0.0 e2e=1266.805ms
[ok] request s118 turn2 ttft=241.766ms hit=0.592593 e2e=781.045ms
[ok] request s464 turn0 ttft=306.455ms hit=0.0 e2e=966.792ms
[ok] openhands s322 turn4 ttft=365.692ms hit=0.976996 e2e=1280.904ms
[ok] request s121 turn2 ttft=260.553ms hit=0.342475 e2e=680.857ms
[ok] request s289 turn1 ttft=263.643ms hit=0.0 e2e=686.128ms
[ok] openhands s67 turn1 ttft=361.416ms hit=0.988878 e2e=1280.489ms
[ok] request s187 turn2 ttft=360.385ms hit=0.0 e2e=784.612ms
[ok] request s563 turn0 ttft=226.492ms hit=0.0 e2e=648.287ms
[ok] openhands s385 turn38 ttft=492.785ms hit=0.954951 e2e=1271.285ms
[ok] request s389 turn5 ttft=325.811ms hit=0.654731 e2e=636.106ms
[ok] request s234 turn0 ttft=135.997ms hit=0.0 e2e=1209.997ms
[ok] request s145 turn1 ttft=253.325ms hit=0.0 e2e=650.654ms
[ok] request s87 turn0 ttft=221.687ms hit=0.0 e2e=905.595ms
[ok] openhands s322 turn5 ttft=416.698ms hit=0.939048 e2e=1223.298ms
[ok] request s20 turn0 ttft=260.259ms hit=0.0 e2e=1224.502ms
[ok] openhands s67 turn2 ttft=411.721ms hit=0.888463 e2e=1221.174ms
[ok] openhands s385 turn39 ttft=521.515ms hit=0.971527 e2e=1211.707ms
[ok] request s380 turn0 ttft=173.451ms hit=0.0 e2e=594.521ms
[ok] request s121 turn3 ttft=219.402ms hit=0.614793 e2e=640.282ms
[ok] request s187 turn3 ttft=215.492ms hit=0.48855 e2e=636.094ms
[ok] request s118 turn3 ttft=222.488ms hit=0.422442 e2e=642.863ms
[ok] request s289 turn2 ttft=217.942ms hit=0.221262 e2e=638.101ms
[ok] request s52 turn0 ttft=140.221ms hit=0.0 e2e=8377.343ms
[ok] request s519 turn0 ttft=1672.755ms hit=0.0 e2e=8232.832ms
[ok] request s20 turn1 ttft=5875.501ms hit=0.0 e2e=7718.121ms
[ok] request s145 turn2 ttft=5914.612ms hit=0.0 e2e=8041.547ms
[ok] request s121 turn4 ttft=5859.043ms hit=0.0 e2e=8112.013ms
[ok] request s234 turn1 ttft=1795.153ms hit=0.0 e2e=8468.92ms
[ok] openhands s68 turn17 ttft=6236.534ms hit=0.030109 e2e=8490.649ms
[ok] openhands s67 turn3 ttft=1731.171ms hit=0.38474 e2e=8724.733ms
[ok] request s87 turn1 ttft=5874.301ms hit=0.0 e2e=8133.512ms
[ok] request s262 turn0 ttft=5744.146ms hit=0.0 e2e=7704.376ms
[ok] request s380 turn1 ttft=5862.009ms hit=0.0 e2e=8121.214ms
[ok] request s283 turn0 ttft=5422.165ms hit=0.0 e2e=7382.329ms
[ok] openhands s322 turn6 ttft=1719.516ms hit=0.91217 e2e=8721.218ms
[ok] request s556 turn0 ttft=6092.738ms hit=0.0 e2e=8351.447ms
[ok] request s469 turn0 ttft=4455.408ms hit=0.0 e2e=6415.829ms
[ok] request s123 turn0 ttft=4778.263ms hit=0.0 e2e=6738.466ms
[ok] request s187 turn4 ttft=5861.112ms hit=0.0 e2e=8119.734ms
[ok] request s376 turn0 ttft=6068.692ms hit=0.0 e2e=8029.065ms
[ok] request s8 turn0 ttft=5101.921ms hit=0.0 e2e=7061.877ms
[ok] openhands s385 turn40 ttft=1561.768ms hit=0.948829 e2e=8564.979ms
[ok] request s48 turn0 ttft=4064.872ms hit=0.0 e2e=5456.472ms
[ok] request s529 turn0 ttft=2452.974ms hit=0.0 e2e=3844.39ms
[ok] openhands s3 turn0 ttft=4389.184ms hit=0.0 e2e=5780.49ms
[ok] request s530 turn0 ttft=1486.254ms hit=0.0 e2e=2877.484ms
[ok] request s218 turn0 ttft=842.039ms hit=0.0 e2e=2233.13ms
[ok] request s459 turn0 ttft=3423.033ms hit=0.0 e2e=4814.045ms
[ok] request s38 turn0 ttft=1249.98ms hit=0.0 e2e=1911.118ms
[ok] request s423 turn0 ttft=925.513ms hit=0.0 e2e=1588.694ms
[ok] request s99 turn0 ttft=3100.634ms hit=0.0 e2e=4492.454ms
[ok] request s344 turn0 ttft=1811.158ms hit=0.0 e2e=3202.941ms
[ok] request s453 turn0 ttft=2133.569ms hit=0.0 e2e=3525.325ms
[ok] openhands s258 turn8 ttft=1390.964ms hit=0.12191 e2e=2055.405ms
[ok] request s14 turn0 ttft=3747.404ms hit=0.0 e2e=5139.43ms
[ok] request s238 turn0 ttft=2779.956ms hit=0.0 e2e=4171.934ms
[ok] request s307 turn0 ttft=1167.506ms hit=0.0 e2e=2559.472ms
[ok] request s92 turn0 ttft=4134.79ms hit=0.0 e2e=6108.391ms
[ok] request s540 turn0 ttft=283.292ms hit=0.0 e2e=949.452ms
[ok] request s502 turn0 ttft=604.31ms hit=0.0 e2e=1272.906ms
[ok] request s115 turn0 ttft=140.205ms hit=0.0 e2e=1296.219ms
[ok] request s210 turn0 ttft=139.661ms hit=0.0 e2e=1542.727ms
[ok] request s52 turn1 ttft=703.203ms hit=0.0 e2e=1408.569ms
[ok] request s145 turn3 ttft=663.953ms hit=0.0 e2e=943.933ms
[ok] request s556 turn1 ttft=532.032ms hit=0.0 e2e=823.511ms
[ok] request s380 turn2 ttft=530.349ms hit=0.880734 e2e=880.593ms
[ok] openhands s258 turn9 ttft=1072.654ms hit=0.972029 e2e=1424.239ms
[ok] request s396 turn0 ttft=637.415ms hit=0.0 e2e=1429.028ms
[ok] openhands s67 turn4 ttft=671.048ms hit=0.986196 e2e=1464.606ms
[ok] request s393 turn0 ttft=772.74ms hit=0.0 e2e=1129.738ms
[ok] request s187 turn5 ttft=527.49ms hit=0.650572 e2e=884.503ms
[ok] request s529 turn1 ttft=522.039ms hit=0.0 e2e=878.658ms
[ok] openhands s385 turn41 ttft=652.33ms hit=0.946905 e2e=1451.532ms
[ok] openhands s3 turn1 ttft=681.755ms hit=0.984159 e2e=1455.199ms
[ok] openhands s322 turn7 ttft=699.748ms hit=0.899787 e2e=1057.552ms
[ok] request s371 turn0 ttft=454.106ms hit=0.0 e2e=810.531ms
[ok] request s123 turn1 ttft=531.229ms hit=0.0 e2e=889.216ms
[ok] request s238 turn1 ttft=519.351ms hit=0.0 e2e=877.45ms
[ok] openhands s68 turn18 ttft=856.144ms hit=0.988103 e2e=1469.588ms
[ok] request s145 turn4 ttft=306.482ms hit=0.0 e2e=683.71ms
[ok] request s556 turn2 ttft=292.752ms hit=0.0 e2e=679.677ms
[ok] openhands s3 turn2 ttft=954.331ms hit=0.975558 e2e=1232.766ms
[ok] openhands s385 turn42 ttft=554.865ms hit=0.966223 e2e=1272.176ms
[ok] openhands s258 turn10 ttft=923.265ms hit=0.982111 e2e=1260.139ms
[ok] request s529 turn2 ttft=244.188ms hit=0.333116 e2e=695.992ms
[ok] request s393 turn1 ttft=247.016ms hit=0.610008 e2e=700.172ms
[ok] openhands s68 turn19 ttft=699.235ms hit=0.996887 e2e=1292.12ms
[ok] request s380 turn3 ttft=252.763ms hit=0.731777 e2e=708.85ms
[ok] request s123 turn2 ttft=242.873ms hit=0.222609 e2e=698.294ms
[ok] openhands s67 turn5 ttft=731.537ms hit=0.991208 e2e=1203.86ms
[ok] openhands s322 turn8 ttft=236.406ms hit=0.896116 e2e=907.807ms
[ok] openhands s3 turn3 ttft=542.098ms hit=0.955768 e2e=1272.005ms
[ok] request s529 turn3 ttft=483.763ms hit=0.818327 e2e=1009.875ms
[ok] request s556 turn3 ttft=565.283ms hit=0.0 e2e=1093.501ms
[ok] openhands s67 turn6 ttft=645.697ms hit=0.992271 e2e=1595.966ms
[ok] openhands s68 turn20 ttft=491.847ms hit=0.985025 e2e=1609.053ms
[ok] request s393 turn2 ttft=482.043ms hit=0.359677 e2e=1012.472ms
[ok] openhands s322 turn9 ttft=584.063ms hit=0.967491 e2e=1116.169ms
[ok] openhands s385 turn43 ttft=1032.684ms hit=0.90796 e2e=1592.356ms
[ok] openhands s3 turn4 ttft=315.967ms hit=0.964427 e2e=961.264ms
[ok] openhands s258 turn11 ttft=311.136ms hit=0.985675 e2e=954.09ms
[ok] openhands s67 turn7 ttft=568.068ms hit=0.993278 e2e=1053.024ms
[ok] openhands s322 turn10 ttft=865.251ms hit=0.935627 e2e=1018.256ms
[ok] openhands s385 turn44 ttft=549.573ms hit=0.971342 e2e=1043.782ms
[ok] request s529 turn4 ttft=226.991ms hit=0.657615 e2e=595.433ms
[ok] openhands s68 turn21 ttft=811.458ms hit=0.989171 e2e=1185.218ms
[ok] openhands s3 turn5 ttft=239.026ms hit=0.9815 e2e=608.552ms
[ok] openhands s67 turn8 ttft=511.797ms hit=0.959508 e2e=1442.232ms
[ok] openhands s258 turn12 ttft=571.875ms hit=0.989311 e2e=976.315ms
[ok] openhands s3 turn6 ttft=1074.628ms hit=0.579698 e2e=1480.832ms
[ok] openhands s68 turn22 ttft=607.872ms hit=0.971192 e2e=1590.674ms
[ok] request s529 turn5 ttft=599.746ms hit=0.807316 e2e=1008.471ms
[ok] openhands s322 turn11 ttft=1048.339ms hit=0.938794 e2e=1456.139ms
[ok] openhands s67 turn9 ttft=1244.124ms hit=0.935882 e2e=1248.62ms
[ok] openhands s385 turn45 ttft=1259.982ms hit=0.992385 e2e=1266.114ms
[ok] openhands s258 turn13 ttft=2241.047ms hit=0.114934 e2e=7582.721ms
[ok] openhands s3 turn7 ttft=1259.374ms hit=0.979308 e2e=8207.375ms
[ok] openhands s68 turn23 ttft=977.497ms hit=0.997552 e2e=8253.376ms
[ok] openhands s385 turn46 ttft=4803.778ms hit=0.042544 e2e=7261.758ms
[ok] request s529 turn6 ttft=1625.452ms hit=0.0 e2e=7655.543ms
[ok] openhands s322 turn12 ttft=1467.894ms hit=0.683837 e2e=7832.159ms
[ok] openhands s67 turn10 ttft=6946.783ms hit=0.048199 e2e=7246.53ms
[ok] openhands s3 turn8 ttft=295.348ms hit=0.941022 e2e=617.449ms
[ok] openhands s385 turn47 ttft=302.782ms hit=0.97294 e2e=913.65ms
[ok] openhands s258 turn14 ttft=366.86ms hit=0.985573 e2e=633.51ms
[ok] request s529 turn7 ttft=266.933ms hit=0.833101 e2e=660.202ms
[ok] openhands s3 turn9 ttft=370.288ms hit=0.944562 e2e=641.129ms
[ok] openhands s258 turn15 ttft=593.25ms hit=0.989571 e2e=1206.679ms
[ok] openhands s67 turn11 ttft=656.962ms hit=0.995922 e2e=906.524ms
[ok] openhands s3 turn10 ttft=951.086ms hit=0.737583 e2e=1201.47ms
[ok] openhands s385 turn48 ttft=511.971ms hit=0.968064 e2e=1282.657ms
[ok] request s27 turn0 ttft=2831.344ms hit=0.0 e2e=3208.376ms
[ok] openhands s258 turn16 ttft=6884.319ms hit=0.969924 e2e=7397.857ms
[ok] request s486 turn0 ttft=2490.259ms hit=0.0 e2e=3047.179ms
[ok] openhands s3 turn11 ttft=513.312ms hit=0.98317 e2e=7491.473ms
[ok] openhands s385 turn49 ttft=530.035ms hit=0.982387 e2e=7509.036ms
[ok] request s465 turn0 ttft=2167.517ms hit=0.0 e2e=3490.303ms
[ok] request s336 turn0 ttft=2404.84ms hit=0.0 e2e=7039.376ms
[ok] request s473 turn0 ttft=2727.04ms hit=0.0 e2e=7361.247ms
[ok] request s190 turn0 ttft=4944.77ms hit=0.0 e2e=6400.57ms
[ok] request s42 turn0 ttft=1845.984ms hit=0.0 e2e=3175.574ms
[ok] request s176 turn0 ttft=4300.306ms hit=0.0 e2e=5755.95ms
[ok] openhands s67 turn12 ttft=5428.435ms hit=0.0 e2e=6883.67ms
[ok] request s402 turn0 ttft=3459.106ms hit=0.0 e2e=4788.819ms
[ok] request s46 turn0 ttft=1523.887ms hit=0.0 e2e=2853.351ms
[ok] request s56 turn0 ttft=3783.515ms hit=0.0 e2e=5111.49ms
[ok] request s209 turn0 ttft=3979.175ms hit=0.0 e2e=5434.865ms
[ok] request s83 turn0 ttft=3049.273ms hit=0.0 e2e=7692.574ms
[ok] request s363 turn0 ttft=5270.256ms hit=0.0 e2e=6725.939ms
[ok] request s214 turn0 ttft=4625.188ms hit=0.0 e2e=6080.637ms
[ok] openhands s196 turn0 ttft=3373.556ms hit=0.463983 e2e=8016.0ms
[ok] request s231 turn0 ttft=3138.933ms hit=0.0 e2e=4467.485ms
[ok] request s192 turn0 ttft=879.786ms hit=0.0 e2e=2213.517ms
[ok] request s216 turn0 ttft=557.181ms hit=0.0 e2e=1891.766ms
[ok] request s528 turn0 ttft=236.642ms hit=0.0 e2e=1568.71ms
[ok] request s18 turn0 ttft=1204.014ms hit=0.0 e2e=2537.495ms
[ok] openhands s386 turn0 ttft=264.709ms hit=0.0 e2e=1503.301ms
[ok] request s141 turn0 ttft=144.838ms hit=0.0 e2e=1184.374ms
[ok] openhands s385 turn50 ttft=418.827ms hit=0.969684 e2e=739.352ms
[ok] openhands s258 turn17 ttft=571.859ms hit=0.765985 e2e=1045.184ms
[ok] openhands s3 turn12 ttft=574.907ms hit=0.968545 e2e=920.354ms
[ok] request s27 turn1 ttft=284.062ms hit=0.0 e2e=606.48ms
[ok] request s23 turn0 ttft=523.368ms hit=0.0 e2e=869.056ms
[ok] request s338 turn0 ttft=224.488ms hit=0.0 e2e=546.631ms
[ok] request s56 turn1 ttft=414.005ms hit=0.547945 e2e=948.384ms
[ok] openhands s386 turn1 ttft=921.565ms hit=0.933625 e2e=1239.706ms
[ok] openhands s258 turn18 ttft=460.868ms hit=0.987098 e2e=1302.568ms
[ok] openhands s3 turn13 ttft=453.236ms hit=0.970964 e2e=1297.776ms
[ok] request s156 turn0 ttft=684.762ms hit=0.0 e2e=1530.868ms
[ok] openhands s196 turn1 ttft=727.034ms hit=0.972115 e2e=1574.084ms
[ok] request s251 turn0 ttft=151.718ms hit=0.0 e2e=615.144ms
[ok] request s71 turn0 ttft=569.194ms hit=0.0 e2e=1248.627ms
[ok] openhands s385 turn51 ttft=588.244ms hit=0.991547 e2e=1266.82ms
[ok] request s83 turn1 ttft=412.021ms hit=0.0 e2e=1031.886ms
[ok] request s465 turn1 ttft=362.124ms hit=0.0 e2e=1041.992ms
[ok] request s363 turn1 ttft=411.067ms hit=0.0 e2e=1030.547ms
[ok] request s214 turn1 ttft=410.326ms hit=0.651192 e2e=1029.641ms
[ok] request s18 turn1 ttft=406.619ms hit=0.0 e2e=1025.853ms
[ok] request s46 turn1 ttft=417.384ms hit=0.0 e2e=1036.5ms
[ok] request s192 turn1 ttft=408.85ms hit=0.0 e2e=1027.876ms
[ok] request s22 turn0 ttft=323.813ms hit=0.0 e2e=942.764ms
[ok] request s517 turn0 ttft=138.588ms hit=0.0 e2e=1568.657ms
[ok] request s269 turn0 ttft=619.995ms hit=0.0 e2e=1428.754ms
[ok] openhands s258 turn19 ttft=1335.177ms hit=0.834229 e2e=1649.63ms
[ok] openhands s386 turn2 ttft=698.158ms hit=0.954037 e2e=1654.37ms
[ok] openhands s196 turn2 ttft=684.522ms hit=0.992643 e2e=1651.682ms
[ok] openhands s3 turn14 ttft=1245.546ms hit=0.984012 e2e=1564.234ms
[ok] request s414 turn0 ttft=628.121ms hit=0.0 e2e=1308.248ms
[ok] openhands s385 turn52 ttft=868.294ms hit=0.990896 e2e=1550.276ms
[ok] request s46 turn2 ttft=370.249ms hit=0.456328 e2e=1050.444ms
[ok] request s214 turn2 ttft=374.217ms hit=0.65071 e2e=1054.177ms
[ok] request s71 turn1 ttft=379.632ms hit=0.0 e2e=1059.391ms
[ok] request s12 turn0 ttft=308.04ms hit=0.0 e2e=987.627ms
[ok] request s192 turn2 ttft=370.866ms hit=0.404423 e2e=1050.27ms
[ok] request s465 turn2 ttft=377.78ms hit=0.307508 e2e=1057.03ms
[ok] request s83 turn2 ttft=379.795ms hit=0.0 e2e=1058.884ms
[ok] request s18 turn2 ttft=375.69ms hit=0.0 e2e=1054.641ms
[ok] request s342 turn0 ttft=229.068ms hit=0.0 e2e=1260.225ms
[ok] openhands s67 turn13 ttft=412.527ms hit=0.996292 e2e=1447.157ms
[ok] request s60 turn0 ttft=139.256ms hit=0.0 e2e=1057.92ms
[ok] openhands s258 turn20 ttft=609.042ms hit=0.979815 e2e=1392.468ms
[ok] openhands s386 turn3 ttft=637.3ms hit=0.970532 e2e=1421.764ms
[ok] request s535 turn0 ttft=611.598ms hit=0.0 e2e=1400.326ms
[ok] openhands s385 turn53 ttft=852.359ms hit=0.979298 e2e=1273.192ms
[ok] openhands s3 turn15 ttft=939.054ms hit=0.984738 e2e=1379.987ms
[ok] request s315 turn0 ttft=630.337ms hit=0.0 e2e=1087.832ms
[ok] request s483 turn0 ttft=308.575ms hit=0.0 e2e=765.397ms
[ok] request s214 turn3 ttft=332.362ms hit=0.699666 e2e=790.074ms
[ok] openhands s196 turn3 ttft=717.536ms hit=0.988657 e2e=1264.575ms
[ok] request s46 turn3 ttft=335.407ms hit=0.659794 e2e=792.83ms
[ok] request s465 turn3 ttft=330.002ms hit=0.609524 e2e=787.335ms
[ok] request s517 turn1 ttft=716.473ms hit=0.395978 e2e=1187.69ms
[ok] request s192 turn3 ttft=328.659ms hit=0.628221 e2e=799.721ms
[ok] request s18 turn3 ttft=325.615ms hit=0.0 e2e=796.549ms
[ok] request s467 turn0 ttft=141.541ms hit=0.0 e2e=1142.883ms
[ok] request s478 turn0 ttft=817.177ms hit=0.0 e2e=2149.401ms
[ok] openhands s386 turn4 ttft=643.996ms hit=0.941649 e2e=1976.949ms
[ok] openhands s3 turn16 ttft=694.539ms hit=0.990852 e2e=2027.201ms
[ok] openhands s385 turn54 ttft=1614.725ms hit=0.992665 e2e=1936.86ms
[ok] openhands s258 turn21 ttft=654.608ms hit=0.973847 e2e=1990.104ms
[ok] openhands s67 turn14 ttft=884.201ms hit=0.997117 e2e=2222.119ms
[ok] request s45 turn0 ttft=465.353ms hit=0.0 e2e=1445.222ms
[ok] request s301 turn0 ttft=384.163ms hit=0.0 e2e=2096.028ms
[ok] request s568 turn0 ttft=706.529ms hit=0.0 e2e=2418.071ms
[ok] request s483 turn1 ttft=530.61ms hit=0.0 e2e=2020.653ms
[ok] request s18 turn4 ttft=517.999ms hit=0.613174 e2e=2007.642ms
[ok] openhands s511 turn0 ttft=672.918ms hit=0.224097 e2e=1774.318ms
[ok] request s214 turn4 ttft=530.264ms hit=0.862069 e2e=2019.821ms
[ok] request s270 turn0 ttft=149.287ms hit=0.0 e2e=1129.974ms
[ok] openhands s196 turn4 ttft=895.575ms hit=0.996189 e2e=2609.492ms
[ok] request s465 turn4 ttft=528.368ms hit=0.731196 e2e=2018.106ms
[ok] request s517 turn2 ttft=521.055ms hit=0.524805 e2e=2010.479ms
[ok] request s109 turn0 ttft=139.737ms hit=0.0 e2e=812.552ms
[ok] request s416 turn0 ttft=479.641ms hit=0.0 e2e=481.025ms
[ok] openhands s258 turn22 ttft=992.959ms hit=0.982588 e2e=1913.103ms
[ok] openhands s3 turn17 ttft=589.803ms hit=0.99278 e2e=1924.011ms
[ok] openhands s386 turn5 ttft=984.36ms hit=0.948454 e2e=1904.724ms
[ok] openhands s67 turn15 ttft=938.437ms hit=0.994879 e2e=2103.281ms
[ok] openhands s511 turn1 ttft=1254.361ms hit=0.988028 e2e=1604.634ms
[ok] openhands s196 turn5 ttft=384.444ms hit=0.991414 e2e=1600.58ms
[ok] request s162 turn0 ttft=429.253ms hit=0.0 e2e=1777.647ms
[ok] request s63 turn0 ttft=237.821ms hit=0.0 e2e=1455.037ms
[ok] openhands s385 turn55 ttft=762.679ms hit=0.984424 e2e=2110.832ms
[ok] request s568 turn1 ttft=514.534ms hit=0.0 e2e=2450.675ms
[ok] request s517 turn3 ttft=505.674ms hit=0.640534 e2e=2441.934ms
[ok] request s301 turn1 ttft=516.955ms hit=0.0 e2e=2457.346ms
[ok] request s18 turn5 ttft=513.996ms hit=0.495484 e2e=2454.126ms
[ok] request s211 turn0 ttft=250.331ms hit=0.0 e2e=2575.02ms
[ok] request s483 turn2 ttft=515.831ms hit=0.368876 e2e=2455.889ms
[ok] request s86 turn0 ttft=313.634ms hit=0.0 e2e=2251.98ms
[ok] request s109 turn1 ttft=506.024ms hit=0.451765 e2e=2446.143ms
[ok] request s465 turn5 ttft=510.695ms hit=0.832746 e2e=2450.576ms
[ok] request s45 turn1 ttft=282.922ms hit=0.0 e2e=2464.635ms
[ok] request s214 turn5 ttft=513.631ms hit=0.903823 e2e=2453.507ms
[ok] request s201 turn0 ttft=133.602ms hit=0.0 e2e=1944.524ms
[ok] request s149 turn0 ttft=500.7ms hit=0.0 e2e=1250.311ms
[ok] request s287 turn0 ttft=203.357ms hit=0.0 e2e=537.752ms
[ok] request s150 turn0 ttft=292.523ms hit=0.0 e2e=1754.941ms
[ok] openhands s258 turn23 ttft=953.387ms hit=0.973983 e2e=3685.881ms
[ok] openhands s3 turn18 ttft=984.148ms hit=0.917058 e2e=3721.279ms
[ok] openhands s67 turn16 ttft=702.746ms hit=0.994341 e2e=3437.323ms
[ok] openhands s511 turn2 ttft=705.024ms hit=0.9433 e2e=3440.326ms
[ok] request s407 turn0 ttft=873.274ms hit=0.0 e2e=3609.317ms
[ok] openhands s385 turn56 ttft=662.797ms hit=0.97379 e2e=3397.478ms
[ok] openhands s386 turn6 ttft=914.132ms hit=0.906061 e2e=3651.174ms
[ok] request s150 turn1 ttft=262.882ms hit=0.0 e2e=949.362ms
[ok] openhands s196 turn6 ttft=965.605ms hit=0.996636 e2e=3945.857ms
[ok] request s419 turn0 ttft=610.145ms hit=0.0 e2e=3160.232ms
[ok] request s334 turn0 ttft=254.007ms hit=0.0 e2e=2514.79ms
[ok] request s172 turn0 ttft=523.841ms hit=0.0 e2e=3073.861ms
[ok] openhands s132 turn0 ttft=850.697ms hit=0.210511 e2e=3402.023ms
[ok] request s523 turn0 ttft=160.383ms hit=0.0 e2e=2418.366ms
[ok] request s275 turn0 ttft=824.48ms hit=0.0 e2e=3805.555ms
[ok] request s197 turn0 ttft=255.024ms hit=0.0 e2e=3217.284ms
[ok] request s471 turn0 ttft=156.306ms hit=0.0 e2e=3114.857ms
[ok] request s45 turn2 ttft=426.171ms hit=0.0 e2e=2976.629ms
[ok] request s111 turn0 ttft=377.239ms hit=0.0 e2e=2928.357ms
[ok] request s214 turn6 ttft=425.988ms hit=0.880576 e2e=2976.759ms
[ok] request s297 turn0 ttft=186.148ms hit=0.0 e2e=2499.685ms
[ok] request s320 turn0 ttft=294.871ms hit=0.0 e2e=2613.031ms
[ok] request s568 turn2 ttft=268.896ms hit=0.447813 e2e=2992.369ms
[ok] request s86 turn1 ttft=428.87ms hit=0.0 e2e=2983.695ms
[ok] request s484 turn0 ttft=392.041ms hit=0.0 e2e=2829.077ms
[ok] request s517 turn4 ttft=436.588ms hit=0.753099 e2e=2991.43ms
[ok] request s18 turn6 ttft=432.843ms hit=0.586932 e2e=2987.199ms
[ok] request s150 turn2 ttft=610.131ms hit=0.0 e2e=979.085ms
[ok] request s434 turn0 ttft=148.805ms hit=0.0 e2e=2201.795ms
[ok] request s107 turn0 ttft=259.856ms hit=0.0 e2e=2330.51ms
[ok] request s76 turn0 ttft=209.839ms hit=0.0 e2e=1908.452ms
[ok] request s461 turn0 ttft=325.694ms hit=0.0 e2e=2030.988ms
[ok] request s302 turn0 ttft=305.966ms hit=0.0 e2e=754.386ms
[ok] openhands s386 turn7 ttft=470.629ms hit=0.957147 e2e=2953.716ms
[ok] openhands s511 turn3 ttft=516.14ms hit=0.971862 e2e=3004.285ms
[ok] openhands s258 turn24 ttft=487.763ms hit=0.986968 e2e=2974.901ms
[ok] request s150 turn3 ttft=255.46ms hit=0.0 e2e=1344.065ms
[ok] openhands s3 turn19 ttft=515.346ms hit=0.968735 e2e=3001.907ms
[ok] openhands s132 turn1 ttft=559.93ms hit=0.831013 e2e=2810.653ms
[ok] request s523 turn1 ttft=239.35ms hit=0.671916 e2e=2221.365ms
[ok] request s571 turn0 ttft=966.736ms hit=0.0 e2e=3274.919ms
[ok] openhands s196 turn7 ttft=686.743ms hit=0.99343 e2e=2809.587ms
[ok] request s172 turn1 ttft=241.26ms hit=0.577878 e2e=2230.259ms
[ok] request s243 turn0 ttft=639.037ms hit=0.0 e2e=2954.286ms
[ok] request s475 turn0 ttft=632.763ms hit=0.0 e2e=2626.711ms
[ok] openhands s67 turn17 ttft=1013.061ms hit=0.929843 e2e=3329.889ms
[ok] openhands s385 turn57 ttft=719.316ms hit=0.972618 e2e=2712.76ms
[ok] request s175 turn0 ttft=148.59ms hit=0.0 e2e=1975.887ms
[ok] request s484 turn1 ttft=441.221ms hit=0.379935 e2e=1917.998ms
[ok] request s434 turn1 ttft=414.361ms hit=0.0 e2e=1890.819ms
[ok] request s167 turn0 ttft=385.629ms hit=0.0 e2e=1743.281ms
[ok] request s517 turn5 ttft=441.127ms hit=0.767361 e2e=1917.617ms
[ok] request s302 turn1 ttft=466.93ms hit=0.0 e2e=1700.717ms
[ok] request s50 turn0 ttft=331.879ms hit=0.0 e2e=2403.875ms
[ok] request s461 turn1 ttft=380.725ms hit=0.0 e2e=1862.074ms
[ok] request s327 turn0 ttft=235.702ms hit=0.0 e2e=2077.286ms
[ok] request s18 turn7 ttft=439.835ms hit=0.778116 e2e=1921.235ms
[ok] request s388 turn0 ttft=189.782ms hit=0.0 e2e=1420.523ms
[ok] request s76 turn1 ttft=383.021ms hit=0.0 e2e=1864.574ms
[ok] request s471 turn1 ttft=254.949ms hit=0.0 e2e=1968.591ms
[ok] request s86 turn2 ttft=445.982ms hit=0.272051 e2e=1927.656ms
[ok] request s45 turn3 ttft=274.65ms hit=0.0 e2e=2233.792ms
[ok] request s153 turn0 ttft=729.805ms hit=0.0 e2e=1936.48ms
[ok] openhands s511 turn4 ttft=1062.103ms hit=0.968145 e2e=2271.822ms
[ok] openhands s3 turn20 ttft=1076.26ms hit=0.99332 e2e=2291.527ms
[ok] openhands s67 turn18 ttft=693.791ms hit=0.99194 e2e=1906.171ms
[ok] request s77 turn0 ttft=1061.829ms hit=0.0 e2e=2278.344ms
[ok] openhands s132 turn2 ttft=741.821ms hit=0.978485 e2e=1955.877ms
[ok] openhands s386 turn8 ttft=990.1ms hit=0.917806 e2e=2205.527ms
[ok] openhands s258 turn25 ttft=1045.284ms hit=0.973919 e2e=2260.509ms
[ok] openhands s196 turn8 ttft=1850.089ms hit=0.990217 e2e=2501.522ms
[ok] request s545 turn0 ttft=440.387ms hit=0.0 e2e=2196.083ms
[ok] openhands s0 turn0 ttft=857.759ms hit=0.229615 e2e=1875.834ms
[ok] request s388 turn1 ttft=280.045ms hit=0.0 e2e=1164.726ms
[ok] request s172 turn2 ttft=1174.375ms hit=0.793552 e2e=1928.22ms
[ok] request s167 turn1 ttft=285.286ms hit=0.616867 e2e=1172.278ms
[ok] request s523 turn2 ttft=518.717ms hit=0.555917 e2e=1935.059ms
[ok] request s517 turn6 ttft=284.549ms hit=0.810796 e2e=1171.646ms
[ok] request s471 turn2 ttft=426.66ms hit=0.497087 e2e=1446.156ms
[ok] request s302 turn2 ttft=284.792ms hit=0.372635 e2e=1206.101ms
[ok] request s364 turn0 ttft=140.841ms hit=0.0 e2e=931.251ms
[ok] request s76 turn2 ttft=281.116ms hit=0.281938 e2e=1202.715ms
[ok] request s417 turn0 ttft=530.678ms hit=0.0 e2e=1587.921ms
[ok] openhands s385 turn58 ttft=842.704ms hit=0.960004 e2e=2297.399ms
[ok] request s208 turn0 ttft=334.763ms hit=0.0 e2e=1260.869ms
[ok] openhands s511 turn5 ttft=1792.934ms hit=0.976326 e2e=2116.48ms
[ok] openhands s132 turn3 ttft=1030.653ms hit=0.978107 e2e=2131.041ms
[ok] openhands s67 turn19 ttft=570.637ms hit=0.997034 e2e=2161.154ms
[ok] openhands s3 turn21 ttft=1047.674ms hit=0.971269 e2e=2151.882ms
[ok] request s264 turn0 ttft=1030.97ms hit=0.0 e2e=2137.74ms
[ok] openhands s258 turn26 ttft=1028.771ms hit=0.986631 e2e=2134.055ms
[ok] request s157 turn0 ttft=732.963ms hit=0.0 e2e=1837.129ms
[ok] openhands s386 turn9 ttft=1050.68ms hit=0.922695 e2e=2157.13ms
[ok] request s523 turn3 ttft=316.736ms hit=0.710453 e2e=1030.037ms
[ok] request s471 turn3 ttft=392.644ms hit=0.743106 e2e=1025.215ms
[ok] request s204 turn0 ttft=258.995ms hit=0.0 e2e=889.91ms
[ok] request s167 turn2 ttft=318.817ms hit=0.695652 e2e=1032.534ms
[ok] openhands s0 turn1 ttft=622.655ms hit=0.899993 e2e=1596.357ms
[ok] request s302 turn3 ttft=364.838ms hit=0.63745 e2e=998.144ms
[ok] openhands s385 turn59 ttft=639.882ms hit=0.975565 e2e=1489.116ms
[ok] openhands s196 turn9 ttft=514.736ms hit=0.994272 e2e=1633.005ms
[ok] request s388 turn2 ttft=322.742ms hit=0.308806 e2e=1037.617ms
[ok] request s172 turn3 ttft=402.155ms hit=0.0 e2e=1036.373ms
[ok] request s76 turn3 ttft=363.879ms hit=0.554513 e2e=997.93ms
[ok] request s443 turn0 ttft=369.381ms hit=0.0 e2e=1221.058ms
[ok] request s545 turn1 ttft=331.1ms hit=0.0 e2e=1046.975ms
[ok] request s298 turn0 ttft=571.946ms hit=0.0 e2e=1549.423ms
[ok] request s517 turn7 ttft=316.767ms hit=0.831651 e2e=1032.924ms
[ok] request s308 turn0 ttft=160.666ms hit=0.0 e2e=1437.63ms
[ok] request s339 turn0 ttft=784.982ms hit=0.0 e2e=1273.0ms
[ok] request s496 turn0 ttft=146.797ms hit=0.0 e2e=1647.97ms
[ok] openhands s3 turn22 ttft=1407.577ms hit=0.991581 e2e=1722.035ms
[ok] openhands s132 turn4 ttft=909.594ms hit=0.981607 e2e=1725.826ms
[ok] openhands s386 turn10 ttft=821.443ms hit=0.919583 e2e=1702.706ms
[ok] openhands s67 turn20 ttft=889.124ms hit=0.961988 e2e=1772.055ms
[ok] openhands s196 turn10 ttft=1392.801ms hit=0.994709 e2e=1756.195ms
[ok] openhands s0 turn2 ttft=874.938ms hit=0.976239 e2e=1759.863ms
[ok] request s383 turn0 ttft=555.564ms hit=0.0 e2e=1666.586ms
[ok] request s567 turn0 ttft=232.18ms hit=0.0 e2e=1343.954ms
[ok] openhands s511 turn6 ttft=878.415ms hit=0.848046 e2e=1993.936ms
[ok] request s471 turn4 ttft=705.676ms hit=0.744619 e2e=1820.905ms
[ok] openhands s385 turn60 ttft=836.571ms hit=0.974107 e2e=2171.867ms
[ok] request s545 turn2 ttft=699.271ms hit=0.0 e2e=1814.451ms
[ok] request s388 turn3 ttft=702.527ms hit=0.583144 e2e=1817.431ms
[ok] request s443 turn1 ttft=701.359ms hit=0.0 e2e=1816.03ms
[ok] request s101 turn0 ttft=664.234ms hit=0.0 e2e=2001.116ms
[ok] request s264 turn1 ttft=744.495ms hit=0.0 e2e=1859.19ms
[ok] request s167 turn3 ttft=705.905ms hit=0.753828 e2e=1820.364ms
[ok] request s110 turn0 ttft=174.262ms hit=0.0 e2e=196.362ms
[ok] request s312 turn0 ttft=134.289ms hit=0.0 e2e=1558.506ms
[ok] openhands s0 turn3 ttft=1251.833ms hit=0.984401 e2e=2248.145ms
[ok] openhands s132 turn5 ttft=729.349ms hit=0.901262 e2e=2322.628ms
[ok] request s181 turn0 ttft=691.848ms hit=0.0 e2e=2284.805ms
[ok] openhands s196 turn11 ttft=824.57ms hit=0.994899 e2e=2192.764ms
[ok] openhands s386 turn11 ttft=766.432ms hit=0.958258 e2e=2262.451ms
[ok] request s496 turn1 ttft=626.194ms hit=0.0 e2e=2121.882ms
[ok] openhands s385 turn61 ttft=462.481ms hit=0.995172 e2e=1711.454ms
[ok] request s339 turn1 ttft=665.413ms hit=0.0 e2e=2161.112ms
[ok] request s487 turn0 ttft=581.642ms hit=0.0 e2e=2077.087ms
[ok] request s69 turn0 ttft=378.431ms hit=0.0 e2e=1748.826ms
[ok] openhands s3 turn23 ttft=870.932ms hit=0.986962 e2e=2366.358ms
[ok] openhands s67 turn21 ttft=852.463ms hit=0.925166 e2e=2355.762ms
[ok] request s443 turn2 ttft=290.602ms hit=0.332036 e2e=2107.997ms
[ok] request s567 turn1 ttft=278.931ms hit=0.0 e2e=2113.416ms
[ok] request s388 turn4 ttft=290.516ms hit=0.742459 e2e=2110.531ms
[ok] request s101 turn1 ttft=287.753ms hit=0.0 e2e=2107.462ms
[ok] request s263 turn0 ttft=272.476ms hit=0.0 e2e=2091.92ms
[ok] request s545 turn3 ttft=293.752ms hit=0.332468 e2e=2112.907ms
[ok] request s492 turn0 ttft=287.109ms hit=0.0 e2e=1441.129ms
[ok] openhands s4 turn0 ttft=613.554ms hit=0.227703 e2e=1769.707ms
[ok] openhands s0 turn4 ttft=317.767ms hit=0.90387 e2e=1556.68ms
[ok] openhands s132 turn6 ttft=327.705ms hit=0.987517 e2e=1567.498ms
[ok] request s177 turn0 ttft=318.821ms hit=0.0 e2e=1559.44ms
[ok] openhands s386 turn12 ttft=207.206ms hit=0.971103 e2e=1446.45ms
[ok] request s339 turn2 ttft=404.15ms hit=0.0 e2e=853.242ms
[ok] request s526 turn0 ttft=268.943ms hit=0.0 e2e=1236.43ms
[ok] request s181 turn1 ttft=509.357ms hit=0.0 e2e=973.271ms
[ok] openhands s3 turn24 ttft=417.067ms hit=0.957913 e2e=1390.804ms
[ok] request s339 turn3 ttft=2180.383ms hit=0.0 e2e=2944.992ms
[ok] request s276 turn0 ttft=443.241ms hit=0.0 e2e=4546.028ms
[ok] request s496 turn2 ttft=406.562ms hit=0.496124 e2e=4508.377ms
[ok] openhands s196 turn12 ttft=926.106ms hit=0.98971 e2e=4582.164ms
[ok] openhands s4 turn1 ttft=434.166ms hit=0.977955 e2e=4400.714ms
[ok] request s62 turn0 ttft=380.136ms hit=0.0 e2e=4537.096ms
[ok] openhands s67 turn22 ttft=646.698ms hit=0.996292 e2e=4803.361ms
[ok] request s395 turn0 ttft=242.647ms hit=0.0 e2e=4209.369ms
[ok] request s545 turn4 ttft=576.747ms hit=0.725212 e2e=3839.061ms
[ok] request s205 turn0 ttft=463.475ms hit=0.0 e2e=965.177ms
[ok] request s41 turn0 ttft=791.996ms hit=0.0 e2e=1293.37ms
[ok] openhands s511 turn7 ttft=2376.98ms hit=0.135404 e2e=2996.924ms
[ok] request s61 turn0 ttft=2378.18ms hit=0.0 e2e=3589.041ms
[ok] request s460 turn0 ttft=1449.465ms hit=0.0 e2e=1950.145ms
[ok] request s254 turn0 ttft=138.049ms hit=0.0 e2e=638.497ms
[ok] request s221 turn0 ttft=1775.665ms hit=0.0 e2e=2277.875ms
[ok] request s543 turn0 ttft=1120.97ms hit=0.0 e2e=1622.96ms
[ok] request s526 turn1 ttft=2179.515ms hit=0.0 e2e=3391.225ms
[ok] openhands s0 turn5 ttft=526.39ms hit=0.870646 e2e=3975.086ms
[ok] openhands s386 turn13 ttft=368.597ms hit=0.982133 e2e=3992.933ms
[ok] openhands s385 turn62 ttft=515.831ms hit=0.993244 e2e=4216.093ms
[ok] openhands s3 turn25 ttft=537.72ms hit=0.979138 e2e=3988.058ms
[ok] openhands s258 turn27 ttft=2401.774ms hit=0.059388 e2e=3614.153ms
[ok] openhands s132 turn7 ttft=699.408ms hit=0.987529 e2e=3965.662ms
[ok] request s220 turn0 ttft=2051.811ms hit=0.0 e2e=3265.493ms
[ok] request s358 turn0 ttft=1985.713ms hit=0.0 e2e=2609.348ms
[ok] request s138 turn0 ttft=2313.2ms hit=0.0 e2e=2936.649ms
[ok] request s443 turn3 ttft=580.868ms hit=0.674868 e2e=3852.211ms
[ok] request s388 turn5 ttft=577.952ms hit=0.709469 e2e=3849.136ms
[ok] request s567 turn2 ttft=579.857ms hit=0.311057 e2e=3850.961ms
[ok] request s101 turn2 ttft=576.701ms hit=0.0 e2e=3847.754ms
[ok] request s213 turn0 ttft=652.28ms hit=0.0 e2e=3923.285ms
[ok] request s88 turn0 ttft=1075.641ms hit=0.0 e2e=1658.025ms
[ok] openhands s4 turn2 ttft=803.725ms hit=0.985776 e2e=1386.07ms
[ok] openhands s67 turn23 ttft=726.132ms hit=0.996531 e2e=1307.179ms
[ok] openhands s511 turn8 ttft=780.899ms hit=0.989596 e2e=1362.852ms
[ok] openhands s386 turn14 ttft=777.736ms hit=0.962613 e2e=1358.447ms
[ok] openhands s0 turn6 ttft=753.194ms hit=0.941124 e2e=1334.775ms
[ok] request s220 turn1 ttft=349.915ms hit=0.0 e2e=766.177ms
[ok] openhands s3 turn26 ttft=939.65ms hit=0.991022 e2e=1353.827ms
[ok] request s101 turn3 ttft=343.561ms hit=0.666667 e2e=762.737ms
[ok] request s221 turn1 ttft=412.982ms hit=0.0 e2e=828.833ms
[ok] request s138 turn1 ttft=487.992ms hit=0.0 e2e=907.399ms
[ok] request s395 turn1 ttft=388.219ms hit=0.0 e2e=807.512ms
[ok] request s388 turn6 ttft=348.062ms hit=0.787692 e2e=767.274ms
[ok] request s415 turn0 ttft=752.69ms hit=0.0 e2e=1339.106ms
[ok] openhands s132 turn8 ttft=777.913ms hit=0.973333 e2e=1344.508ms
[ok] openhands s385 turn63 ttft=915.683ms hit=0.991743 e2e=1334.66ms
[ok] openhands s196 turn13 ttft=1117.713ms hit=0.996243 e2e=1707.242ms
[ok] request s61 turn1 ttft=354.955ms hit=0.0 e2e=775.55ms
[ok] openhands s258 turn28 ttft=259.393ms hit=0.965014 e2e=1651.022ms
[ok] openhands s3 turn27 ttft=1076.442ms hit=0.990094 e2e=1631.379ms
[ok] openhands s67 turn24 ttft=1414.482ms hit=0.99686 e2e=1649.514ms
[ok] openhands s4 turn3 ttft=1107.05ms hit=0.696695 e2e=1664.91ms
[ok] openhands s0 turn7 ttft=1081.589ms hit=0.909045 e2e=1637.438ms
[ok] openhands s385 turn64 ttft=1384.723ms hit=0.996669 e2e=1620.46ms
[ok] openhands s386 turn15 ttft=1099.354ms hit=0.968474 e2e=1657.189ms
[ok] openhands s511 turn9 ttft=1104.094ms hit=0.827784 e2e=1662.944ms
[ok] openhands s196 turn14 ttft=1273.994ms hit=0.990795 e2e=2392.736ms
[ok] request s220 turn2 ttft=762.298ms hit=0.300469 e2e=1866.729ms
[ok] request s138 turn2 ttft=758.964ms hit=0.0 e2e=1863.282ms
[ok] request s388 turn7 ttft=757.882ms hit=0.676175 e2e=1862.116ms
[ok] request s415 turn1 ttft=755.334ms hit=0.0 e2e=1859.492ms
[ok] request s88 turn1 ttft=745.753ms hit=0.0 e2e=1870.406ms
[ok] request s221 turn2 ttft=762.115ms hit=0.0 e2e=1866.636ms
[ok] openhands s258 turn29 ttft=950.988ms hit=0.95351 e2e=8066.386ms
[ok] openhands s4 turn4 ttft=785.42ms hit=0.971274 e2e=8084.428ms
[ok] openhands s386 turn16 ttft=735.214ms hit=0.965152 e2e=8035.003ms
[ok] openhands s3 turn28 ttft=796.264ms hit=0.993731 e2e=8097.656ms
[ok] openhands s385 turn65 ttft=7817.926ms hit=0.988913 e2e=8058.056ms
[ok] openhands s0 turn8 ttft=780.561ms hit=0.885216 e2e=8081.491ms
[ok] openhands s511 turn10 ttft=764.679ms hit=0.964387 e2e=8064.163ms
[ok] openhands s196 turn15 ttft=6973.725ms hit=0.577221 e2e=7302.395ms
[ok] openhands s67 turn25 ttft=5280.175ms hit=0.031639 e2e=8081.443ms
[ok] request s88 turn2 ttft=6376.38ms hit=0.0 e2e=6704.916ms
[ok] request s138 turn3 ttft=6378.876ms hit=0.0 e2e=6707.116ms
[ok] request s220 turn3 ttft=6381.67ms hit=0.0 e2e=6709.637ms
[ok] request s221 turn3 ttft=6376.393ms hit=0.0 e2e=6704.116ms
[ok] openhands s258 turn30 ttft=1236.314ms hit=0.958676 e2e=1246.969ms
[ok] openhands s386 turn17 ttft=989.172ms hit=0.935205 e2e=1328.022ms
[ok] openhands s3 turn29 ttft=1085.949ms hit=0.997913 e2e=1426.664ms
[ok] openhands s0 turn9 ttft=1074.939ms hit=0.975454 e2e=1407.45ms
[ok] openhands s4 turn5 ttft=995.03ms hit=0.977929 e2e=1335.596ms
[ok] openhands s511 turn11 ttft=1074.052ms hit=0.97535 e2e=1415.441ms
[ok] openhands s67 turn26 ttft=1042.634ms hit=0.990114 e2e=1408.95ms
[ok] openhands s196 turn16 ttft=1322.098ms hit=0.994794 e2e=2096.896ms
[ok] request s220 turn4 ttft=726.44ms hit=0.649417 e2e=1558.434ms
[ok] request s88 turn3 ttft=726.252ms hit=0.566685 e2e=1560.896ms
[ok] openhands s385 turn66 ttft=1300.833ms hit=0.997117 e2e=2136.284ms
[ok] request s221 turn4 ttft=724.9ms hit=0.640801 e2e=1557.004ms
[ok] openhands s511 turn12 ttft=713.527ms hit=0.980843 e2e=15451.683ms
[ok] openhands s3 turn30 ttft=733.211ms hit=0.998099 e2e=15473.838ms
[ok] openhands s196 turn17 ttft=9607.921ms hit=0.578872 e2e=14739.278ms
[ok] openhands s385 turn67 ttft=13775.205ms hit=0.029999 e2e=14708.17ms
[ok] request s221 turn5 ttft=13827.656ms hit=0.0 e2e=14144.847ms
[ok] openhands s258 turn31 ttft=3649.716ms hit=0.0 e2e=15356.802ms
[ok] openhands s386 turn18 ttft=1192.627ms hit=0.547242 e2e=15387.002ms
[ok] openhands s4 turn6 ttft=706.354ms hit=0.895276 e2e=15450.507ms
[ok] openhands s67 turn27 ttft=8057.972ms hit=0.030446 e2e=15433.88ms
[ok] openhands s132 turn9 ttft=14326.88ms hit=0.144211 e2e=14646.953ms
[ok] openhands s0 turn10 ttft=1269.428ms hit=0.844125 e2e=15465.288ms
[ok] openhands s4 turn7 ttft=1225.29ms hit=0.984055 e2e=1506.575ms
[ok] openhands s0 turn11 ttft=1183.389ms hit=0.986878 e2e=1466.292ms
[ok] openhands s511 turn13 ttft=1250.285ms hit=0.985709 e2e=1534.603ms
[ok] openhands s3 turn31 ttft=1249.882ms hit=0.994207 e2e=1529.686ms
[ok] openhands s386 turn19 ttft=1231.089ms hit=0.963547 e2e=1516.469ms
[ok] openhands s385 turn68 ttft=1210.601ms hit=0.994618 e2e=1518.261ms
[ok] openhands s67 turn28 ttft=1446.485ms hit=0.997377 e2e=1777.8ms
[ok] openhands s196 turn18 ttft=1185.302ms hit=0.99766 e2e=2145.255ms
[ok] openhands s132 turn10 ttft=825.242ms hit=0.988417 e2e=1594.969ms
[ok] openhands s258 turn32 ttft=979.432ms hit=0.965043 e2e=1751.875ms
[ok] request s221 turn6 ttft=855.89ms hit=0.718093 e2e=1628.637ms
[ok] openhands s386 turn20 ttft=483.365ms hit=0.951437 e2e=1129.112ms
[ok] openhands s3 turn32 ttft=1117.851ms hit=0.994437 e2e=1123.335ms
[ok] openhands s4 turn8 ttft=489.179ms hit=0.970055 e2e=1137.2ms
[ok] openhands s67 turn29 ttft=338.797ms hit=0.997857 e2e=1381.325ms
[ok] openhands s132 turn11 ttft=636.752ms hit=0.980151 e2e=1139.794ms
[ok] openhands s196 turn19 ttft=788.266ms hit=0.992294 e2e=1200.091ms
[ok] openhands s386 turn21 ttft=370.183ms hit=0.973384 e2e=783.924ms
[ok] openhands s3 turn33 ttft=492.283ms hit=0.993779 e2e=770.537ms
[ok] request s221 turn7 ttft=350.564ms hit=0.747664 e2e=629.613ms
[ok] openhands s4 turn9 ttft=485.435ms hit=0.984706 e2e=776.789ms
[ok] openhands s258 turn33 ttft=720.619ms hit=0.910872 e2e=1228.349ms
[ok] openhands s386 turn22 ttft=419.502ms hit=0.940658 e2e=764.932ms
[ok] openhands s4 turn10 ttft=576.15ms hit=0.954428 e2e=757.546ms
[ok] openhands s132 turn12 ttft=424.686ms hit=0.969125 e2e=772.294ms
[ok] openhands s196 turn20 ttft=519.835ms hit=0.991702 e2e=1140.725ms
[ok] openhands s4 turn11 ttft=361.891ms hit=0.989576 e2e=809.433ms
[ok] openhands s3 turn34 ttft=420.868ms hit=0.992782 e2e=991.47ms
[ok] openhands s386 turn23 ttft=370.574ms hit=0.992882 e2e=823.697ms
[ok] openhands s3 turn35 ttft=549.372ms hit=0.986899 e2e=904.886ms
[ok] openhands s4 turn12 ttft=479.716ms hit=0.964824 e2e=835.39ms
[ok] openhands s196 turn21 ttft=583.519ms hit=0.990442 e2e=1206.788ms
[ok] openhands s386 turn24 ttft=393.291ms hit=0.986848 e2e=920.748ms
[ok] openhands s258 turn34 ttft=286.668ms hit=0.986809 e2e=576.295ms
[ok] openhands s3 turn36 ttft=777.759ms hit=0.996794 e2e=3239.843ms
[ok] openhands s4 turn13 ttft=763.962ms hit=0.971121 e2e=3225.667ms
[ok] openhands s0 turn12 ttft=2694.839ms hit=0.075332 e2e=2852.377ms
[ok] openhands s258 turn35 ttft=1864.303ms hit=0.787045 e2e=3167.82ms
[ok] openhands s196 turn22 ttft=1914.743ms hit=0.995549 e2e=3219.146ms
[ok] openhands s0 turn13 ttft=560.135ms hit=0.98092 e2e=1078.113ms
[ok] openhands s3 turn37 ttft=574.426ms hit=0.992433 e2e=1093.729ms
[ok] openhands s258 turn36 ttft=790.661ms hit=0.994403 e2e=1947.897ms
[ok] openhands s4 turn14 ttft=927.665ms hit=0.982745 e2e=1934.414ms
[ok] openhands s196 turn23 ttft=436.869ms hit=0.993588 e2e=1736.19ms
[ok] openhands s3 turn38 ttft=849.021ms hit=0.997656 e2e=1436.458ms
[ok] openhands s132 turn13 ttft=941.199ms hit=0.136408 e2e=1528.211ms
[ok] openhands s0 turn14 ttft=861.091ms hit=0.942558 e2e=1447.718ms
[ok] openhands s258 turn37 ttft=566.921ms hit=0.995751 e2e=1118.399ms
[ok] openhands s4 turn15 ttft=789.627ms hit=0.984418 e2e=1104.03ms
[ok] openhands s196 turn24 ttft=523.08ms hit=0.983471 e2e=1065.568ms
[ok] openhands s132 turn14 ttft=398.887ms hit=0.911762 e2e=795.062ms
[ok] openhands s3 turn39 ttft=428.941ms hit=0.979035 e2e=827.542ms
[ok] openhands s4 turn16 ttft=218.883ms hit=0.981075 e2e=682.889ms
[ok] openhands s196 turn25 ttft=781.801ms hit=0.994438 e2e=923.829ms
[ok] openhands s4 turn17 ttft=245.173ms hit=0.984461 e2e=547.71ms
[ok] openhands s3 turn40 ttft=642.179ms hit=0.98626 e2e=947.95ms
[ok] openhands s3 turn41 ttft=670.735ms hit=0.992753 e2e=925.882ms
[ok] openhands s196 turn26 ttft=618.903ms hit=0.979061 e2e=1006.788ms
[ok] openhands s4 turn18 ttft=678.565ms hit=0.988725 e2e=941.39ms
[ok] openhands s4 turn19 ttft=416.667ms hit=0.978518 e2e=817.211ms
[ok] openhands s3 turn42 ttft=441.732ms hit=0.991479 e2e=845.406ms
[ok] openhands s132 turn15 ttft=360.492ms hit=0.919457 e2e=839.356ms
[ok] openhands s196 turn27 ttft=827.153ms hit=0.993529 e2e=952.933ms
[ok] openhands s4 turn20 ttft=429.727ms hit=0.942808 e2e=931.391ms
[ok] openhands s3 turn43 ttft=453.608ms hit=0.99416 e2e=959.811ms
[ok] openhands s196 turn28 ttft=955.754ms hit=0.998025 e2e=1089.97ms
[ok] openhands s4 turn21 ttft=560.59ms hit=0.938875 e2e=821.004ms
[ok] openhands s0 turn15 ttft=340.248ms hit=0.986476 e2e=595.412ms
[ok] openhands s3 turn44 ttft=468.309ms hit=0.969697 e2e=851.804ms
[ok] openhands s0 turn16 ttft=606.409ms hit=0.977733 e2e=744.483ms
[ok] openhands s4 turn22 ttft=406.093ms hit=0.978171 e2e=760.852ms
[ok] openhands s3 turn45 ttft=508.564ms hit=0.996481 e2e=758.218ms
[ok] openhands s4 turn23 ttft=252.806ms hit=0.977195 e2e=739.77ms
[ok] openhands s3 turn46 ttft=483.51ms hit=0.996979 e2e=815.144ms
[ok] openhands s132 turn16 ttft=235.061ms hit=0.933292 e2e=545.253ms
[ok] openhands s132 turn17 ttft=385.527ms hit=0.975424 e2e=645.383ms
[ok] openhands s3 turn47 ttft=384.867ms hit=0.994061 e2e=635.898ms
[ok] openhands s4 turn24 ttft=341.86ms hit=0.988128 e2e=747.963ms
[ok] openhands s4 turn25 ttft=607.621ms hit=0.976447 e2e=745.31ms
[ok] openhands s3 turn48 ttft=519.384ms hit=0.993843 e2e=847.551ms
[ok] openhands s132 turn18 ttft=514.072ms hit=0.911955 e2e=828.402ms
[ok] openhands s4 turn26 ttft=453.198ms hit=0.9844 e2e=588.618ms
[ok] openhands s3 turn49 ttft=321.232ms hit=0.986041 e2e=590.993ms
[ok] openhands s4 turn27 ttft=575.6ms hit=0.980542 e2e=714.008ms
[ok] openhands s3 turn50 ttft=549.262ms hit=0.992679 e2e=708.022ms
[ok] openhands s132 turn19 ttft=216.33ms hit=0.930269 e2e=463.18ms
[ok] openhands s4 turn28 ttft=492.124ms hit=0.977187 e2e=709.887ms
[ok] openhands s132 turn20 ttft=338.726ms hit=0.973322 e2e=582.592ms
[ok] openhands s3 turn51 ttft=322.814ms hit=0.98284 e2e=943.049ms
[ok] openhands s132 turn21 ttft=486.669ms hit=0.853473 e2e=1314.771ms
[ok] openhands s4 turn29 ttft=386.372ms hit=0.984528 e2e=1331.391ms
[ok] openhands s4 turn30 ttft=380.99ms hit=0.981897 e2e=634.909ms
[ok] openhands s0 turn17 ttft=1043.259ms hit=0.983261 e2e=1425.38ms
[ok] openhands s3 turn52 ttft=999.23ms hit=0.991501 e2e=1447.339ms
[ok] openhands s132 turn22 ttft=385.446ms hit=0.943359 e2e=646.102ms
[ok] openhands s3 turn53 ttft=658.066ms hit=0.991951 e2e=908.477ms
[ok] openhands s132 turn23 ttft=655.781ms hit=0.9552 e2e=918.477ms
[ok] openhands s4 turn31 ttft=498.542ms hit=0.98118 e2e=889.353ms
[ok] openhands s0 turn18 ttft=504.761ms hit=0.958429 e2e=928.132ms
[ok] openhands s3 turn54 ttft=646.906ms hit=0.990295 e2e=900.422ms
[ok] openhands s4 turn32 ttft=653.278ms hit=0.978445 e2e=915.416ms
[ok] openhands s0 turn19 ttft=492.782ms hit=0.941662 e2e=880.749ms
[ok] openhands s132 turn24 ttft=515.009ms hit=0.996256 e2e=926.376ms
[ok] openhands s3 turn55 ttft=996.084ms hit=0.995345 e2e=1134.921ms
[ok] openhands s0 turn20 ttft=740.653ms hit=0.885339 e2e=1121.478ms
[ok] openhands s4 turn33 ttft=851.716ms hit=0.985297 e2e=1104.079ms
[ok] openhands s132 turn25 ttft=855.683ms hit=0.96477 e2e=1113.878ms
[ok] openhands s4 turn34 ttft=753.285ms hit=0.994435 e2e=875.475ms
[ok] openhands s0 turn21 ttft=725.623ms hit=0.991833 e2e=857.319ms
[ok] openhands s3 turn56 ttft=663.032ms hit=0.99197 e2e=1097.627ms
[ok] openhands s132 turn26 ttft=472.692ms hit=0.983108 e2e=904.581ms
[ok] openhands s4 turn35 ttft=233.485ms hit=0.976967 e2e=879.808ms
[ok] openhands s0 turn22 ttft=732.365ms hit=0.948319 e2e=870.385ms
[ok] openhands s132 turn27 ttft=521.052ms hit=0.982394 e2e=671.743ms
[ok] openhands s3 turn57 ttft=425.25ms hit=0.984758 e2e=756.769ms
[ok] openhands s4 turn36 ttft=239.819ms hit=0.983407 e2e=1245.557ms
[ok] openhands s3 turn58 ttft=366.099ms hit=0.976923 e2e=1353.228ms
[ok] openhands s0 turn23 ttft=1001.488ms hit=0.811053 e2e=1367.584ms
[ok] openhands s4 turn37 ttft=243.466ms hit=0.981281 e2e=726.8ms
[ok] openhands s0 turn24 ttft=384.857ms hit=0.953993 e2e=885.801ms
[ok] openhands s3 turn59 ttft=537.059ms hit=0.982875 e2e=803.195ms
[ok] openhands s4 turn38 ttft=251.866ms hit=0.986564 e2e=511.696ms
[ok] openhands s0 turn25 ttft=448.802ms hit=0.982916 e2e=795.269ms
[ok] openhands s4 turn39 ttft=557.459ms hit=0.988264 e2e=698.127ms
[ok] openhands s3 turn60 ttft=564.619ms hit=0.987908 e2e=810.466ms
[ok] openhands s4 turn40 ttft=605.898ms hit=0.986979 e2e=777.19ms
[ok] openhands s0 turn26 ttft=679.527ms hit=0.991962 e2e=896.945ms
[ok] openhands s3 turn61 ttft=612.436ms hit=0.971573 e2e=881.813ms
[ok] openhands s4 turn41 ttft=514.135ms hit=0.996388 e2e=745.945ms
[ok] openhands s0 turn27 ttft=587.682ms hit=0.970202 e2e=982.197ms
[ok] openhands s3 turn62 ttft=507.749ms hit=0.996303 e2e=1182.075ms
[ok] openhands s4 turn42 ttft=363.557ms hit=0.960377 e2e=812.404ms
[ok] openhands s0 turn28 ttft=580.321ms hit=0.985771 e2e=837.58ms
[ok] openhands s3 turn63 ttft=374.623ms hit=0.995952 e2e=840.162ms
[ok] openhands s4 turn43 ttft=252.956ms hit=0.990148 e2e=596.341ms
[ok] openhands s0 turn29 ttft=662.36ms hit=0.938275 e2e=2702.953ms
[ok] openhands s4 turn44 ttft=514.456ms hit=0.971998 e2e=2517.156ms
[ok] openhands s132 turn28 ttft=2095.621ms hit=0.064624 e2e=2362.372ms
[ok] openhands s3 turn64 ttft=667.858ms hit=0.990932 e2e=2491.389ms
[ok] openhands s132 turn29 ttft=610.133ms hit=0.994129 e2e=992.382ms
[ok] openhands s4 turn45 ttft=715.387ms hit=0.982013 e2e=976.738ms
[ok] openhands s3 turn65 ttft=697.509ms hit=0.992307 e2e=949.763ms
[ok] openhands s0 turn30 ttft=589.104ms hit=0.963544 e2e=1021.383ms
[ok] openhands s132 turn30 ttft=592.92ms hit=0.981173 e2e=951.821ms
[ok] openhands s4 turn46 ttft=757.31ms hit=0.983777 e2e=900.632ms
[ok] openhands s0 turn31 ttft=613.277ms hit=0.987181 e2e=975.117ms
[ok] openhands s3 turn66 ttft=636.989ms hit=0.988862 e2e=915.51ms
[ok] openhands s132 turn31 ttft=915.138ms hit=0.987584 e2e=1038.883ms
[ok] openhands s4 turn47 ttft=642.294ms hit=0.981377 e2e=1089.782ms
[ok] openhands s0 turn32 ttft=859.497ms hit=0.96552 e2e=1311.815ms
[ok] openhands s3 turn67 ttft=636.147ms hit=0.985756 e2e=1080.259ms
[ok] openhands s132 turn32 ttft=664.559ms hit=0.988873 e2e=911.144ms
[ok] openhands s4 turn48 ttft=691.886ms hit=0.987065 e2e=942.298ms
[ok] openhands s3 turn68 ttft=672.307ms hit=0.988749 e2e=958.785ms
[ok] openhands s0 turn33 ttft=602.126ms hit=0.966774 e2e=1176.025ms
[ok] openhands s4 turn49 ttft=726.324ms hit=0.992115 e2e=896.724ms
[ok] openhands s132 turn33 ttft=512.488ms hit=0.995739 e2e=915.797ms
[ok] openhands s3 turn69 ttft=610.657ms hit=0.992626 e2e=786.41ms
[ok] openhands s0 turn34 ttft=363.187ms hit=0.99464 e2e=728.633ms
[ok] openhands s4 turn50 ttft=258.088ms hit=0.983643 e2e=560.937ms
[ok] openhands s0 turn35 ttft=438.977ms hit=0.963398 e2e=804.501ms
[ok] openhands s4 turn51 ttft=325.347ms hit=0.979031 e2e=568.346ms
[ok] openhands s4 turn52 ttft=506.694ms hit=0.989219 e2e=639.559ms
[ok] openhands s0 turn36 ttft=489.397ms hit=0.988199 e2e=777.169ms
[ok] openhands s4 turn53 ttft=383.63ms hit=0.988646 e2e=699.57ms
[ok] openhands s0 turn37 ttft=438.79ms hit=0.968649 e2e=695.218ms
[ok] openhands s4 turn54 ttft=393.541ms hit=0.986133 e2e=630.868ms
[ok] openhands s0 turn38 ttft=368.24ms hit=0.993223 e2e=620.121ms
[ok] openhands s4 turn55 ttft=398.84ms hit=0.990196 e2e=742.846ms
[ok] openhands s0 turn39 ttft=496.075ms hit=0.961055 e2e=741.501ms
[ok] openhands s4 turn56 ttft=500.973ms hit=0.979366 e2e=768.503ms
[ok] openhands s0 turn40 ttft=512.249ms hit=0.988369 e2e=785.338ms
[ok] openhands s4 turn57 ttft=364.552ms hit=0.985385 e2e=633.148ms
[ok] openhands s0 turn41 ttft=406.663ms hit=0.98736 e2e=686.004ms
[ok] openhands s4 turn58 ttft=408.82ms hit=0.986944 e2e=651.326ms
[ok] openhands s0 turn42 ttft=401.808ms hit=0.982472 e2e=647.862ms
[ok] openhands s4 turn59 ttft=425.747ms hit=0.989001 e2e=740.683ms
[ok] openhands s0 turn43 ttft=474.221ms hit=0.9764 e2e=727.284ms
[ok] openhands s4 turn60 ttft=427.475ms hit=0.988938 e2e=770.88ms
[ok] openhands s0 turn44 ttft=528.048ms hit=0.963214 e2e=774.119ms
[ok] openhands s4 turn61 ttft=425.491ms hit=0.992883 e2e=657.505ms
[ok] openhands s0 turn45 ttft=406.214ms hit=0.988521 e2e=746.243ms
[ok] openhands s4 turn62 ttft=420.098ms hit=0.989272 e2e=720.335ms
[ok] openhands s0 turn46 ttft=487.787ms hit=0.973748 e2e=847.33ms
[ok] openhands s4 turn63 ttft=296.223ms hit=0.991169 e2e=560.934ms
[ok] openhands s0 turn47 ttft=651.579ms hit=0.988259 e2e=772.784ms
[ok] openhands s4 turn64 ttft=279.524ms hit=0.992852 e2e=763.019ms
[ok] openhands s0 turn48 ttft=473.15ms hit=0.978282 e2e=940.401ms
[ok] openhands s4 turn65 ttft=411.689ms hit=0.992098 e2e=659.188ms
[ok] openhands s4 turn66 ttft=597.755ms hit=0.986162 e2e=731.561ms
[ok] openhands s0 turn49 ttft=559.879ms hit=0.992207 e2e=804.899ms
[ok] openhands s4 turn67 ttft=418.299ms hit=0.986049 e2e=649.883ms
[ok] openhands s0 turn50 ttft=520.091ms hit=0.989242 e2e=904.959ms
[ok] openhands s4 turn68 ttft=302.399ms hit=0.993974 e2e=588.789ms
[ok] openhands s0 turn51 ttft=477.812ms hit=0.997244 e2e=801.616ms
[ok] openhands s4 turn69 ttft=297.242ms hit=0.984936 e2e=799.494ms
[ok] openhands s0 turn52 ttft=525.059ms hit=0.974781 e2e=889.808ms
[ok] openhands s4 turn70 ttft=350.05ms hit=0.990276 e2e=592.457ms
[ok] openhands s0 turn53 ttft=472.165ms hit=0.984485 e2e=835.813ms
[ok] openhands s4 turn71 ttft=520.661ms hit=0.991649 e2e=784.538ms
[ok] openhands s0 turn54 ttft=432.03ms hit=0.996039 e2e=797.261ms
[ok] openhands s4 turn72 ttft=532.544ms hit=0.991388 e2e=777.827ms
[ok] openhands s4 turn73 ttft=285.241ms hit=0.988851 e2e=531.014ms
[ok] openhands s4 turn74 ttft=288.891ms hit=0.994679 e2e=532.052ms
[ok] openhands s4 turn75 ttft=318.055ms hit=0.993768 e2e=564.339ms
[ok] openhands s4 turn76 ttft=409.765ms hit=0.928603 e2e=654.131ms
[ok] openhands s4 turn77 ttft=305.91ms hit=0.995434 e2e=548.972ms
[ok] openhands s4 turn78 ttft=299.778ms hit=0.992534 e2e=545.175ms
[ok] openhands s4 turn79 ttft=304.196ms hit=0.989722 e2e=548.106ms
[ok] openhands s4 turn80 ttft=307.38ms hit=0.991934 e2e=552.998ms
[ok] openhands s4 turn81 ttft=345.224ms hit=0.994699 e2e=589.994ms
[ok] openhands s4 turn82 ttft=303.343ms hit=0.995125 e2e=547.668ms
[ok] openhands s4 turn83 ttft=329.082ms hit=0.994881 e2e=578.623ms
[ok] openhands s4 turn84 ttft=314.481ms hit=0.99311 e2e=559.613ms
[ok] openhands s4 turn85 ttft=312.908ms hit=0.994259 e2e=558.339ms
[ok] openhands s4 turn86 ttft=305.91ms hit=0.990374 e2e=551.005ms
[ok] openhands s4 turn87 ttft=308.245ms hit=0.992793 e2e=553.396ms
[ok] openhands s4 turn88 ttft=306.727ms hit=0.986565 e2e=553.808ms
[ok] openhands s4 turn89 ttft=308.582ms hit=0.992949 e2e=554.997ms
[ok] openhands s4 turn90 ttft=319.899ms hit=0.992114 e2e=565.61ms
[ok] openhands s4 turn91 ttft=320.648ms hit=0.989793 e2e=567.362ms
[ok] openhands s4 turn92 ttft=335.157ms hit=0.989143 e2e=580.767ms
[ok] openhands s4 turn93 ttft=328.666ms hit=0.992103 e2e=575.096ms
[ok] openhands s4 turn94 ttft=340.163ms hit=0.994269 e2e=586.767ms
[ok] openhands s4 turn95 ttft=338.197ms hit=0.991689 e2e=585.288ms
[ok] openhands s4 turn96 ttft=334.054ms hit=0.997331 e2e=581.058ms
[ok] openhands s4 turn97 ttft=338.12ms hit=0.991479 e2e=583.705ms
[ok] openhands s4 turn98 ttft=334.878ms hit=0.991386 e2e=582.734ms
[ok] openhands s4 turn99 ttft=333.662ms hit=0.990189 e2e=582.805ms
[ok] openhands s4 turn100 ttft=329.718ms hit=0.991566 e2e=575.183ms
[ok] openhands s4 turn101 ttft=345.459ms hit=0.99258 e2e=592.366ms
[ok] openhands s4 turn102 ttft=335.277ms hit=0.995805 e2e=582.383ms
[ok] openhands s4 turn103 ttft=334.397ms hit=0.991674 e2e=581.651ms
[ok] openhands s4 turn104 ttft=337.866ms hit=0.986734 e2e=585.108ms
[ok] openhands s4 turn105 ttft=339.31ms hit=0.9899 e2e=586.675ms
[ok] openhands s4 turn106 ttft=337.698ms hit=0.990515 e2e=584.704ms
[ok] openhands s4 turn107 ttft=344.834ms hit=0.995615 e2e=592.218ms
[ok] openhands s4 turn108 ttft=345.421ms hit=0.997096 e2e=593.413ms
[ok] openhands s4 turn109 ttft=342.711ms hit=0.992975 e2e=590.273ms
[ok] openhands s4 turn110 ttft=339.269ms hit=0.997195 e2e=586.402ms
[ok] openhands s4 turn111 ttft=343.716ms hit=0.994208 e2e=590.077ms
[ok] openhands s4 turn112 ttft=349.181ms hit=0.994135 e2e=596.585ms
[done] issued=1970 ok=1970 err=0 wall=412.1s
[done] /share/dai-sys/zhoulongsheng/agentkv/experiments/evict_position/online_runs/20260913_110634_formal_rep3/lru/replay/replay.jsonl
[done] /share/dai-sys/zhoulongsheng/agentkv/experiments/evict_position/online_runs/20260913_110634_formal_rep3/lru/replay/summary.json
[done] /share/dai-sys/zhoulongsheng/agentkv/experiments/evict_position/online_runs/20260913_110634_formal_rep3/lru/replay/report.md
