[warn] no manifest.json, skip hash check
[index] 572 sessions / 1970 turns from /share/dai-sys/zhoulongsheng/agentkv/experiments/evict_position/workload/workload.jsonl
[arrival] {"type": "waves", "horizon_s": 300.0, "n_waves": 9, "wave_width_s": 20.0, "wave_start_s": [0.0, 37.5, 75.0, 112.5, 150.0, 187.5, 225.0, 262.5, 280.0], "wave_class_counts": [{"openhands": 4, "request": 60}, {"openhands": 4, "request": 60}, {"openhands": 4, "request": 60}, {"openhands": 4, "request": 60}, {"openhands": 4, "request": 60}, {"openhands": 4, "request": 60}, {"openhands": 3, "request": 60}, {"openhands": 3, "request": 60}, {"openhands": 3, "request": 59}], "arrival_seed": 42, "classes": ["openhands", "request"]}
[ok] request s309 turn0 ttft=1446.106ms hit=0.0 e2e=7479.59ms
[ok] request s206 turn0 ttft=2483.056ms hit=0.0 e2e=11099.626ms
[ok] request s144 turn0 ttft=2801.903ms hit=0.0 e2e=11420.631ms
[ok] openhands s448 turn0 ttft=3433.183ms hit=0.0 e2e=12051.571ms
[ok] request s400 turn0 ttft=1849.788ms hit=0.0 e2e=10471.752ms
[ok] request s547 turn0 ttft=2167.962ms hit=0.0 e2e=10789.67ms
[ok] request s191 turn0 ttft=2832.558ms hit=0.0 e2e=11453.998ms
[ok] request s100 turn0 ttft=899.492ms hit=0.0 e2e=9520.674ms
[ok] request s281 turn0 ttft=1534.367ms hit=0.0 e2e=10155.218ms
[ok] request s565 turn0 ttft=266.41ms hit=0.0 e2e=8885.996ms
[ok] request s143 turn0 ttft=1217.798ms hit=0.0 e2e=9838.638ms
[ok] request s124 turn0 ttft=583.099ms hit=0.0 e2e=9203.727ms
[ok] request s362 turn0 ttft=1128.084ms hit=0.0 e2e=10065.853ms
[ok] request s507 turn0 ttft=1763.641ms hit=0.0 e2e=10701.724ms
[ok] request s113 turn0 ttft=2081.776ms hit=0.0 e2e=11024.944ms
[ok] request s182 turn0 ttft=4450.708ms hit=0.0 e2e=8168.377ms
[ok] request s522 turn0 ttft=3150.023ms hit=0.0 e2e=9120.097ms
[ok] request s9 turn0 ttft=2118.335ms hit=0.0 e2e=11342.855ms
[ok] request s521 turn0 ttft=4919.973ms hit=0.0 e2e=8803.792ms
[ok] request s223 turn0 ttft=3498.357ms hit=0.0 e2e=7216.336ms
[ok] request s228 turn0 ttft=3182.001ms hit=0.0 e2e=6899.735ms
[ok] request s80 turn0 ttft=4134.151ms hit=0.0 e2e=7851.647ms
[ok] openhands s195 turn0 ttft=1040.746ms hit=0.224097 e2e=9756.7ms
[ok] request s401 turn0 ttft=724.324ms hit=0.0 e2e=9440.038ms
[ok] request s180 turn0 ttft=2866.108ms hit=0.0 e2e=6582.858ms
[ok] request s288 turn0 ttft=2548.863ms hit=0.0 e2e=6265.311ms
[ok] request s495 turn0 ttft=3820.029ms hit=0.0 e2e=7536.275ms
[ok] request s44 turn0 ttft=4772.54ms hit=0.0 e2e=8488.676ms
[ok] request s326 turn0 ttft=524.313ms hit=0.0 e2e=3729.846ms
[ok] openhands s512 turn0 ttft=1358.284ms hit=0.225208 e2e=4682.582ms
[ok] request s158 turn0 ttft=1552.588ms hit=0.0 e2e=5000.137ms
[ok] request s397 turn0 ttft=2187.534ms hit=0.0 e2e=5640.383ms
[ok] request s233 turn0 ttft=2504.437ms hit=0.0 e2e=5958.769ms
[ok] request s340 turn0 ttft=1040.722ms hit=0.0 e2e=4371.603ms
[ok] request s160 turn0 ttft=1868.62ms hit=0.0 e2e=5324.445ms
[ok] request s222 turn0 ttft=217.419ms hit=0.0 e2e=3420.523ms
[ok] request s30 turn0 ttft=722.492ms hit=0.0 e2e=4055.857ms
[ok] request s54 turn0 ttft=141.972ms hit=0.0 e2e=3435.769ms
[ok] request s557 turn0 ttft=2423.723ms hit=0.0 e2e=2910.404ms
[ok] request s309 turn1 ttft=2277.396ms hit=0.0 e2e=7746.567ms
[ok] openhands s448 turn1 ttft=2613.273ms hit=0.954386 e2e=8210.006ms
[ok] request s400 turn1 ttft=2145.233ms hit=0.0 e2e=7614.785ms
[ok] request s144 turn1 ttft=2150.343ms hit=0.0 e2e=7624.241ms
[ok] request s75 turn0 ttft=2610.429ms hit=0.0 e2e=8211.9ms
[ok] request s135 turn0 ttft=837.927ms hit=0.0 e2e=6311.741ms
[ok] request s329 turn0 ttft=521.826ms hit=0.0 e2e=5994.932ms
[ok] request s501 turn0 ttft=2110.158ms hit=0.0 e2e=7582.937ms
[ok] request s360 turn0 ttft=1157.385ms hit=0.0 e2e=6629.946ms
[ok] request s418 turn0 ttft=208.142ms hit=0.0 e2e=5678.515ms
[ok] request s565 turn1 ttft=2146.49ms hit=0.0 e2e=7619.089ms
[ok] request s491 turn0 ttft=1475.854ms hit=0.0 e2e=6948.256ms
[ok] request s547 turn1 ttft=2148.635ms hit=0.0 e2e=7620.869ms
[ok] request s247 turn0 ttft=1795.205ms hit=0.0 e2e=7267.285ms
[ok] request s474 turn0 ttft=248.289ms hit=0.0 e2e=7541.784ms
[ok] openhands s512 turn1 ttft=294.014ms hit=0.948954 e2e=7590.573ms
[ok] openhands s195 turn1 ttft=308.65ms hit=0.988028 e2e=7615.638ms
[ok] request s362 turn1 ttft=547.91ms hit=0.450308 e2e=12162.047ms
[ok] request s522 turn1 ttft=540.072ms hit=0.0 e2e=12159.91ms
[ok] request s44 turn1 ttft=533.559ms hit=0.0 e2e=12153.114ms
[ok] request s180 turn1 ttft=535.919ms hit=0.0 e2e=12155.197ms
[ok] request s340 turn1 ttft=529.044ms hit=0.0 e2e=12148.105ms
[ok] request s186 turn0 ttft=2343.644ms hit=0.0 e2e=12042.438ms
[ok] request s80 turn1 ttft=538.495ms hit=0.0 e2e=12157.266ms
[ok] request s113 turn1 ttft=544.146ms hit=0.0 e2e=12162.64ms
[ok] request s521 turn1 ttft=541.973ms hit=0.268625 e2e=12160.184ms
[ok] request s54 turn1 ttft=4112.003ms hit=0.0 e2e=11813.889ms
[ok] request s37 turn0 ttft=3836.533ms hit=0.0 e2e=11408.396ms
[ok] request s29 turn0 ttft=3518.216ms hit=0.0 e2e=11090.911ms
[ok] request s455 turn0 ttft=4022.869ms hit=0.0 e2e=11725.014ms
[ok] request s160 turn1 ttft=529.667ms hit=0.0 e2e=12148.795ms
[ok] request s223 turn1 ttft=541.754ms hit=0.0 e2e=12160.691ms
[ok] request s413 turn0 ttft=463.057ms hit=0.0 e2e=7924.313ms
[ok] request s252 turn0 ttft=1733.798ms hit=0.0 e2e=9194.92ms
[ok] request s493 turn0 ttft=2564.742ms hit=0.0 e2e=10147.719ms
[ok] request s550 turn0 ttft=2882.364ms hit=0.0 e2e=10464.985ms
[ok] request s89 turn0 ttft=781.281ms hit=0.0 e2e=8243.083ms
[ok] request s173 turn0 ttft=2249.318ms hit=0.0 e2e=9831.159ms
[ok] request s318 turn0 ttft=3202.0ms hit=0.0 e2e=10783.758ms
[ok] request s354 turn0 ttft=1416.814ms hit=0.0 e2e=8879.318ms
[ok] request s178 turn0 ttft=2052.959ms hit=0.0 e2e=9515.406ms
[ok] request s102 turn0 ttft=152.014ms hit=0.0 e2e=7609.473ms
[ok] request s91 turn0 ttft=1100.586ms hit=0.0 e2e=8563.43ms
[ok] openhands s449 turn0 ttft=737.396ms hit=0.224884 e2e=12374.912ms
[ok] request s400 turn2 ttft=1559.922ms hit=0.0 e2e=9206.941ms
[ok] openhands s448 turn2 ttft=2145.001ms hit=0.905137 e2e=9801.524ms
[ok] request s501 turn1 ttft=1555.271ms hit=0.0 e2e=9207.411ms
[ok] request s329 turn1 ttft=1557.094ms hit=0.0 e2e=9209.023ms
[ok] request s309 turn2 ttft=1563.685ms hit=0.0 e2e=9215.492ms
[ok] request s247 turn1 ttft=1552.422ms hit=0.0 e2e=9204.099ms
[ok] request s491 turn1 ttft=1555.953ms hit=0.0 e2e=9207.454ms
[ok] request s547 turn2 ttft=1554.856ms hit=0.596737 e2e=9206.214ms
[ok] request s354 turn1 ttft=1780.004ms hit=0.469509 e2e=2067.676ms
[ok] openhands s512 turn2 ttft=5041.952ms hit=0.974496 e2e=7828.58ms
[ok] openhands s195 turn2 ttft=5048.097ms hit=0.944934 e2e=7838.142ms
[ok] openhands s449 turn1 ttft=2129.829ms hit=0.923146 e2e=6916.374ms
[ok] request s252 turn1 ttft=1783.315ms hit=0.0 e2e=6327.658ms
[ok] request s44 turn2 ttft=1796.854ms hit=0.348774 e2e=6340.9ms
[ok] request s340 turn2 ttft=1793.54ms hit=0.0 e2e=6337.283ms
[ok] request s550 turn1 ttft=1788.297ms hit=0.286353 e2e=6327.057ms
[ok] request s223 turn2 ttft=1794.727ms hit=0.52459 e2e=6333.161ms
[ok] request s413 turn1 ttft=1792.728ms hit=0.0 e2e=6330.952ms
[ok] request s29 turn1 ttft=2054.674ms hit=0.0 e2e=6598.319ms
[ok] request s362 turn2 ttft=1805.025ms hit=0.288045 e2e=6348.413ms
[ok] request s178 turn1 ttft=1785.707ms hit=0.0 e2e=6323.374ms
[ok] request s521 turn2 ttft=1797.458ms hit=0.507937 e2e=6335.911ms
[ok] request s173 turn1 ttft=1789.88ms hit=0.0 e2e=6327.581ms
[ok] request s180 turn2 ttft=1797.71ms hit=0.358042 e2e=6341.629ms
[ok] request s113 turn2 ttft=1794.521ms hit=0.422442 e2e=6338.263ms
[ok] request s455 turn1 ttft=2173.047ms hit=0.0 e2e=6727.188ms
[ok] openhands s448 turn3 ttft=190.904ms hit=0.968874 e2e=4688.187ms
[ok] openhands s512 turn3 ttft=4097.758ms hit=0.940024 e2e=4690.393ms
[ok] request s501 turn2 ttft=3742.119ms hit=0.0 e2e=4324.264ms
[ok] request s400 turn3 ttft=3748.096ms hit=0.392037 e2e=4330.024ms
[ok] openhands s195 turn3 ttft=2100.877ms hit=0.971935 e2e=4705.272ms
[ok] request s491 turn2 ttft=3738.025ms hit=0.350205 e2e=4320.213ms
[ok] request s309 turn3 ttft=3742.056ms hit=0.51927 e2e=4324.077ms
[ok] request s354 turn2 ttft=3551.038ms hit=0.914286 e2e=4132.96ms
[ok] request s247 turn2 ttft=3741.006ms hit=0.0 e2e=4322.916ms
[ok] request s547 turn3 ttft=3738.608ms hit=0.740741 e2e=4321.12ms
[ok] openhands s449 turn2 ttft=190.188ms hit=0.983306 e2e=3903.2ms
[ok] request s98 turn0 ttft=517.943ms hit=0.0 e2e=582.014ms
[ok] openhands s448 turn4 ttft=358.659ms hit=0.71081 e2e=5872.079ms
[ok] openhands s512 turn4 ttft=2316.001ms hit=0.910372 e2e=5594.505ms
[ok] request s521 turn3 ttft=2427.482ms hit=0.587965 e2e=5582.356ms
[ok] request s180 turn3 ttft=2299.149ms hit=0.593968 e2e=5579.004ms
[ok] request s501 turn3 ttft=2134.959ms hit=0.0 e2e=5123.095ms
[ok] request s309 turn4 ttft=2130.51ms hit=0.609524 e2e=5119.497ms
[ok] request s491 turn3 ttft=2133.33ms hit=0.473198 e2e=5121.507ms
[ok] request s44 turn3 ttft=2312.114ms hit=0.363121 e2e=5597.753ms
[ok] openhands s195 turn4 ttft=399.737ms hit=0.977171 e2e=5721.247ms
[ok] request s173 turn2 ttft=2426.821ms hit=0.466586 e2e=5587.923ms
[ok] request s178 turn2 ttft=2429.555ms hit=0.0 e2e=5591.411ms
[ok] request s455 turn2 ttft=2296.708ms hit=0.0 e2e=5582.877ms
[ok] request s413 turn2 ttft=2307.757ms hit=0.328838 e2e=5593.742ms
[ok] request s113 turn3 ttft=2299.596ms hit=0.485999 e2e=5585.385ms
[ok] request s340 turn3 ttft=2312.17ms hit=0.0 e2e=5597.745ms
[ok] request s247 turn3 ttft=2129.012ms hit=0.395062 e2e=5118.677ms
[ok] request s223 turn3 ttft=2310.956ms hit=0.320401 e2e=5596.658ms
[ok] openhands s66 turn0 ttft=644.737ms hit=0.225208 e2e=3247.044ms
[ok] request s555 turn0 ttft=443.603ms hit=0.0 e2e=2929.759ms
[ok] request s104 turn0 ttft=130.711ms hit=0.0 e2e=2612.425ms
[ok] request s82 turn0 ttft=2103.618ms hit=0.0 e2e=2296.311ms
[ok] request s354 turn3 ttft=2130.182ms hit=0.823813 e2e=5127.721ms
[ok] openhands s449 turn3 ttft=2106.154ms hit=0.928636 e2e=3369.292ms
[ok] request s505 turn0 ttft=1154.017ms hit=0.0 e2e=2418.122ms
[ok] request s198 turn0 ttft=837.24ms hit=0.0 e2e=2101.089ms
[ok] request s26 turn0 ttft=1472.745ms hit=0.0 e2e=2736.365ms
[ok] request s377 turn0 ttft=1790.642ms hit=0.0 e2e=3054.091ms
[ok] request s387 turn0 ttft=203.892ms hit=0.0 e2e=1467.122ms
[ok] openhands s195 turn5 ttft=343.789ms hit=0.984973 e2e=4613.085ms
[ok] request s96 turn0 ttft=423.529ms hit=0.0 e2e=4696.468ms
[ok] openhands s448 turn5 ttft=319.42ms hit=0.98594 e2e=4712.109ms
[ok] request s330 turn0 ttft=227.479ms hit=0.0 e2e=4378.686ms
[ok] openhands s66 turn1 ttft=457.859ms hit=0.963311 e2e=4611.354ms
[ok] openhands s512 turn5 ttft=349.56ms hit=0.984102 e2e=4622.803ms
[ok] request s203 turn0 ttft=1653.514ms hit=0.0 e2e=1843.497ms
[ok] request s354 turn4 ttft=284.806ms hit=0.843956 e2e=4560.488ms
[ok] request s178 turn3 ttft=291.709ms hit=0.776935 e2e=4571.9ms
[ok] request s413 turn3 ttft=290.586ms hit=0.619605 e2e=4570.485ms
[ok] request s173 turn3 ttft=294.416ms hit=0.659227 e2e=4574.052ms
[ok] request s501 turn4 ttft=299.031ms hit=0.421053 e2e=4578.446ms
[ok] request s108 turn0 ttft=272.715ms hit=0.0 e2e=4608.286ms
[ok] request s247 turn4 ttft=290.0ms hit=0.634449 e2e=4569.391ms
[ok] request s521 turn4 ttft=305.491ms hit=0.745541 e2e=4584.628ms
[ok] request s44 turn4 ttft=298.362ms hit=0.730177 e2e=4577.276ms
[ok] request s256 turn0 ttft=160.294ms hit=0.0 e2e=4296.341ms
[ok] request s387 turn1 ttft=2319.198ms hit=0.0 e2e=3878.947ms
[ok] openhands s449 turn4 ttft=2739.577ms hit=0.494686 e2e=4490.816ms
[ok] request s564 turn0 ttft=700.495ms hit=0.0 e2e=1834.783ms
[ok] request s349 turn0 ttft=185.275ms hit=0.0 e2e=1200.203ms
[ok] request s509 turn0 ttft=2484.92ms hit=0.0 e2e=4061.698ms
[ok] request s377 turn1 ttft=2319.745ms hit=0.0 e2e=3897.896ms
[ok] request s26 turn1 ttft=2592.251ms hit=0.0 e2e=3899.437ms
[ok] request s311 turn0 ttft=1971.051ms hit=0.0 e2e=3110.225ms
[ok] request s485 turn0 ttft=1335.617ms hit=0.0 e2e=2475.64ms
[ok] request s357 turn0 ttft=2289.111ms hit=0.0 e2e=3428.519ms
[ok] request s450 turn0 ttft=1020.431ms hit=0.0 e2e=2159.733ms
[ok] request s551 turn0 ttft=499.279ms hit=0.0 e2e=1525.121ms
[ok] openhands s260 turn0 ttft=2607.762ms hit=0.221036 e2e=3747.337ms
[ok] request s198 turn1 ttft=2321.736ms hit=0.0 e2e=3903.408ms
[ok] request s562 turn0 ttft=2622.63ms hit=0.0 e2e=4383.727ms
[ok] openhands s512 turn6 ttft=391.085ms hit=0.842951 e2e=6368.656ms
[ok] openhands s448 turn6 ttft=360.462ms hit=0.910608 e2e=6377.62ms
[ok] request s199 turn0 ttft=336.71ms hit=0.0 e2e=6317.426ms
[ok] openhands s66 turn2 ttft=379.777ms hit=0.971274 e2e=6360.157ms
[ok] request s534 turn0 ttft=145.715ms hit=0.0 e2e=6017.701ms
[ok] openhands s195 turn6 ttft=317.502ms hit=0.842367 e2e=6315.366ms
[ok] request s544 turn0 ttft=197.049ms hit=0.0 e2e=6193.07ms
[ok] request s173 turn4 ttft=2480.603ms hit=0.757396 e2e=6166.252ms
[ok] openhands s260 turn1 ttft=2212.665ms hit=0.715043 e2e=6357.492ms
[ok] request s551 turn1 ttft=2073.6ms hit=0.0 e2e=5760.979ms
[ok] request s44 turn5 ttft=2475.869ms hit=0.734577 e2e=6162.929ms
[ok] request s161 turn0 ttft=2295.513ms hit=0.0 e2e=5982.203ms
[ok] request s19 turn0 ttft=1978.923ms hit=0.0 e2e=5670.217ms
[ok] request s426 turn0 ttft=1660.915ms hit=0.0 e2e=5351.978ms
[ok] openhands s194 turn0 ttft=4039.679ms hit=0.044889 e2e=5034.505ms
[ok] request s256 turn1 ttft=2475.205ms hit=0.0 e2e=6166.301ms
[ok] request s521 turn5 ttft=2480.832ms hit=0.497377 e2e=6171.688ms
[ok] openhands s449 turn5 ttft=2365.681ms hit=0.992861 e2e=6361.43ms
[ok] request s266 turn0 ttft=3725.766ms hit=0.0 e2e=4718.648ms
[ok] request s178 turn4 ttft=2181.309ms hit=0.483475 e2e=6178.193ms
[ok] request s562 turn1 ttft=2075.912ms hit=0.439108 e2e=5767.16ms
[ok] request s311 turn1 ttft=2079.224ms hit=0.0 e2e=5770.26ms
[ok] request s25 turn0 ttft=2310.618ms hit=0.0 e2e=6307.321ms
[ok] request s374 turn0 ttft=2133.228ms hit=0.0 e2e=3138.62ms
[ok] request s442 turn0 ttft=1498.708ms hit=0.0 e2e=2503.905ms
[ok] request s488 turn0 ttft=864.981ms hit=0.0 e2e=1870.009ms
[ok] request s36 turn0 ttft=2769.767ms hit=0.0 e2e=3774.677ms
[ok] request s34 turn0 ttft=234.462ms hit=0.0 e2e=1235.294ms
[ok] request s284 turn0 ttft=1185.049ms hit=0.0 e2e=2187.701ms
[ok] request s53 turn0 ttft=2453.952ms hit=0.0 e2e=3458.444ms
[ok] request s479 turn0 ttft=3088.559ms hit=0.0 e2e=4093.954ms
[ok] request s472 turn0 ttft=3406.433ms hit=0.0 e2e=4411.247ms
[ok] request s39 turn0 ttft=1819.941ms hit=0.0 e2e=2824.717ms
[ok] request s73 turn0 ttft=552.042ms hit=0.0 e2e=1555.83ms
[ok] request s5 turn0 ttft=318.896ms hit=0.0 e2e=1286.518ms
[ok] openhands s448 turn7 ttft=342.929ms hit=0.934232 e2e=1316.504ms
[ok] openhands s512 turn7 ttft=250.248ms hit=0.942959 e2e=1218.259ms
[ok] openhands s66 turn3 ttft=343.745ms hit=0.95794 e2e=1311.677ms
[ok] request s515 turn0 ttft=146.984ms hit=0.0 e2e=973.462ms
[ok] request s199 turn1 ttft=255.716ms hit=0.0 e2e=1912.222ms
[ok] request s394 turn0 ttft=192.647ms hit=0.0 e2e=1847.774ms
[ok] openhands s260 turn2 ttft=1602.773ms hit=0.986233 e2e=1892.136ms
[ok] openhands s448 turn8 ttft=988.375ms hit=0.949404 e2e=1604.167ms
[ok] request s328 turn0 ttft=492.265ms hit=0.0 e2e=991.634ms
[ok] request s412 turn0 ttft=178.249ms hit=0.0 e2e=674.204ms
[ok] request s544 turn1 ttft=1000.047ms hit=0.0 e2e=1824.232ms
[ok] openhands s66 turn4 ttft=975.891ms hit=0.909165 e2e=1600.364ms
[ok] request s25 turn1 ttft=768.757ms hit=0.0 e2e=1392.358ms
[ok] request s39 turn1 ttft=760.923ms hit=0.0 e2e=1384.32ms
[ok] request s5 turn1 ttft=508.493ms hit=0.0 e2e=1016.029ms
[ok] request s36 turn1 ttft=762.798ms hit=0.0 e2e=1386.404ms
[ok] openhands s194 turn1 ttft=543.647ms hit=0.99717 e2e=1980.738ms
[ok] openhands s513 turn0 ttft=1127.752ms hit=0.0 e2e=1954.041ms
[ok] openhands s449 turn6 ttft=1142.491ms hit=0.927715 e2e=1968.098ms
[ok] request s562 turn2 ttft=772.454ms hit=0.590883 e2e=1397.242ms
[ok] openhands s512 turn8 ttft=984.998ms hit=0.977351 e2e=1609.637ms
[ok] request s351 turn0 ttft=811.233ms hit=0.0 e2e=1638.753ms
[ok] request s488 turn1 ttft=765.861ms hit=0.0 e2e=1390.892ms
[ok] request s515 turn1 ttft=504.369ms hit=0.336842 e2e=1017.084ms
[ok] request s10 turn0 ttft=696.904ms hit=0.0 e2e=1322.4ms
[ok] request s235 turn0 ttft=135.911ms hit=0.0 e2e=1322.082ms
[ok] openhands s260 turn3 ttft=1044.128ms hit=0.922547 e2e=1047.016ms
[ok] request s147 turn0 ttft=1002.255ms hit=0.0 e2e=1008.613ms
[ok] openhands s449 turn7 ttft=929.054ms hit=0.916477 e2e=2021.437ms
[ok] openhands s448 turn9 ttft=954.359ms hit=0.970196 e2e=2050.483ms
[ok] openhands s66 turn5 ttft=950.106ms hit=0.980316 e2e=2046.152ms
[ok] request s438 turn0 ttft=768.248ms hit=0.0 e2e=1496.991ms
[ok] openhands s260 turn4 ttft=516.531ms hit=0.905718 e2e=1122.811ms
[ok] openhands s512 turn9 ttft=1317.729ms hit=0.97225 e2e=2046.715ms
[ok] request s562 turn3 ttft=753.963ms hit=0.656691 e2e=1482.832ms
[ok] request s373 turn0 ttft=452.649ms hit=0.0 e2e=1181.384ms
[ok] request s351 turn1 ttft=753.088ms hit=0.0 e2e=1481.689ms
[ok] openhands s194 turn2 ttft=1121.102ms hit=0.989462 e2e=2071.078ms
[ok] request s412 turn1 ttft=766.036ms hit=0.0 e2e=1495.059ms
[ok] request s544 turn2 ttft=758.889ms hit=0.0 e2e=1487.855ms
[ok] openhands s513 turn1 ttft=1329.571ms hit=0.988337 e2e=2058.494ms
[ok] request s537 turn0 ttft=259.047ms hit=0.0 e2e=866.595ms
[ok] request s497 turn0 ttft=1090.342ms hit=0.0 e2e=1819.733ms
[ok] request s515 turn2 ttft=754.346ms hit=0.422442 e2e=1483.734ms
[ok] request s394 turn1 ttft=1182.299ms hit=0.0 e2e=1911.69ms
[ok] request s372 turn0 ttft=136.102ms hit=0.0 e2e=1064.83ms
[ok] request s202 turn0 ttft=137.247ms hit=0.0 e2e=2103.558ms
[ok] openhands s260 turn5 ttft=616.541ms hit=0.930784 e2e=2102.74ms
[ok] request s537 turn1 ttft=1167.66ms hit=0.0 e2e=1506.337ms
[ok] openhands s66 turn6 ttft=526.614ms hit=0.984093 e2e=2116.608ms
[ok] openhands s449 turn8 ttft=547.309ms hit=0.978996 e2e=2143.362ms
[ok] openhands s513 turn2 ttft=865.122ms hit=0.957009 e2e=2091.803ms
[ok] request s112 turn0 ttft=1049.934ms hit=0.0 e2e=1392.532ms
[ok] request s372 turn1 ttft=656.077ms hit=0.0 e2e=997.8ms
[ok] openhands s194 turn3 ttft=878.636ms hit=0.973234 e2e=2106.603ms
[ok] openhands s448 turn10 ttft=542.158ms hit=0.970425 e2e=2138.432ms
[ok] request s515 turn3 ttft=1167.749ms hit=0.0 e2e=1512.109ms
[ok] request s394 turn2 ttft=1167.184ms hit=0.0 e2e=1510.604ms
[ok] openhands s512 turn10 ttft=1058.489ms hit=0.936882 e2e=1983.293ms
[ok] request s316 turn0 ttft=798.107ms hit=0.0 e2e=2029.518ms
[ok] request s351 turn2 ttft=1170.094ms hit=0.0 e2e=1516.678ms
[ok] openhands s195 turn7 ttft=1228.489ms hit=0.138883 e2e=1574.841ms
[ok] request s139 turn0 ttft=787.104ms hit=0.0 e2e=1712.591ms
[ok] request s394 turn3 ttft=343.078ms hit=0.448336 e2e=493.786ms
[ok] openhands s194 turn4 ttft=772.904ms hit=0.989247 e2e=1245.852ms
[ok] request s316 turn1 ttft=339.907ms hit=0.0 e2e=652.084ms
[ok] openhands s448 turn11 ttft=624.26ms hit=0.972536 e2e=1232.802ms
[ok] openhands s260 turn6 ttft=646.194ms hit=0.839566 e2e=1259.394ms
[ok] openhands s512 turn11 ttft=877.1ms hit=0.914804 e2e=1224.743ms
[ok] openhands s513 turn3 ttft=776.666ms hit=0.809922 e2e=1255.205ms
[ok] openhands s195 turn8 ttft=617.37ms hit=0.985191 e2e=1230.3ms
[ok] request s351 turn3 ttft=339.241ms hit=0.532225 e2e=656.309ms
[ok] request s112 turn1 ttft=346.132ms hit=0.0 e2e=662.938ms
[ok] openhands s449 turn9 ttft=859.04ms hit=0.989757 e2e=1208.658ms
[ok] openhands s66 turn7 ttft=716.649ms hit=0.984038 e2e=1033.051ms
[ok] request s515 turn4 ttft=346.01ms hit=0.871242 e2e=662.246ms
[ok] openhands s66 turn8 ttft=867.713ms hit=0.970371 e2e=1371.183ms
[ok] request s515 turn5 ttft=487.993ms hit=0.0 e2e=817.471ms
[ok] openhands s260 turn7 ttft=885.351ms hit=0.850745 e2e=1389.204ms
[ok] openhands s194 turn5 ttft=666.071ms hit=0.989601 e2e=1425.477ms
[ok] openhands s448 turn12 ttft=898.261ms hit=0.9766 e2e=1406.586ms
[ok] openhands s513 turn4 ttft=879.438ms hit=0.978875 e2e=1389.084ms
[ok] openhands s195 turn9 ttft=639.868ms hit=0.984426 e2e=1399.546ms
[ok] request s112 turn2 ttft=490.491ms hit=0.0 e2e=824.998ms
[ok] request s394 turn4 ttft=628.317ms hit=0.86927 e2e=992.074ms
[ok] openhands s512 turn12 ttft=1022.158ms hit=0.93827 e2e=1386.774ms
[ok] request s351 turn4 ttft=491.998ms hit=0.704957 e2e=827.852ms
[ok] openhands s449 turn10 ttft=990.209ms hit=0.990003 e2e=1354.299ms
[ok] request s316 turn2 ttft=470.513ms hit=0.503937 e2e=834.387ms
[ok] openhands s512 turn13 ttft=635.32ms hit=0.971969 e2e=1263.201ms
[ok] openhands s448 turn13 ttft=660.102ms hit=0.956382 e2e=1288.379ms
[ok] openhands s66 turn9 ttft=685.296ms hit=0.971507 e2e=1319.033ms
[ok] openhands s195 turn10 ttft=840.92ms hit=0.832771 e2e=1284.496ms
[ok] openhands s260 turn8 ttft=869.993ms hit=0.993043 e2e=1314.382ms
[ok] openhands s449 turn11 ttft=645.699ms hit=0.986792 e2e=1279.571ms
[ok] request s515 turn6 ttft=419.456ms hit=0.839738 e2e=726.383ms
[ok] openhands s513 turn5 ttft=956.607ms hit=0.948658 e2e=1273.217ms
[ok] request s316 turn3 ttft=411.256ms hit=0.606923 e2e=719.253ms
[ok] openhands s194 turn6 ttft=1001.725ms hit=0.988714 e2e=1308.893ms
[ok] request s394 turn5 ttft=415.212ms hit=0.763609 e2e=722.172ms
[ok] openhands s195 turn11 ttft=843.551ms hit=0.878356 e2e=6648.883ms
[ok] openhands s512 turn14 ttft=755.426ms hit=0.988894 e2e=6673.627ms
[ok] openhands s66 turn10 ttft=1824.279ms hit=0.153855 e2e=6657.798ms
[ok] openhands s260 turn9 ttft=1148.863ms hit=0.938468 e2e=6647.155ms
[ok] openhands s513 turn6 ttft=723.607ms hit=0.924085 e2e=6640.936ms
[ok] request s515 turn7 ttft=5773.328ms hit=0.0 e2e=6074.322ms
[ok] openhands s194 turn7 ttft=5145.009ms hit=0.03729 e2e=6590.437ms
[ok] openhands s449 turn12 ttft=6273.087ms hit=0.076902 e2e=6573.851ms
[ok] request s316 turn4 ttft=5771.326ms hit=0.0 e2e=6071.795ms
[ok] openhands s448 turn14 ttft=856.33ms hit=0.912369 e2e=6716.538ms
[ok] openhands s448 turn15 ttft=688.355ms hit=0.985461 e2e=1886.515ms
[ok] openhands s513 turn7 ttft=692.062ms hit=0.947998 e2e=1892.052ms
[ok] openhands s195 turn12 ttft=741.075ms hit=0.960207 e2e=1944.406ms
[ok] openhands s194 turn8 ttft=1359.782ms hit=0.971612 e2e=1925.132ms
[ok] openhands s260 turn10 ttft=997.852ms hit=0.818811 e2e=1909.495ms
[ok] openhands s512 turn15 ttft=735.98ms hit=0.99543 e2e=1938.721ms
[ok] openhands s66 turn11 ttft=1651.929ms hit=0.151937 e2e=1931.175ms
[ok] openhands s449 turn13 ttft=1624.922ms hit=0.982528 e2e=1903.821ms
[ok] openhands s448 turn16 ttft=2813.862ms hit=0.996697 e2e=2961.539ms
[ok] openhands s513 turn8 ttft=2580.059ms hit=0.956201 e2e=3035.575ms
[ok] openhands s449 turn14 ttft=2714.496ms hit=0.993177 e2e=3045.517ms
[ok] openhands s512 turn16 ttft=2729.699ms hit=0.990349 e2e=3053.768ms
[ok] openhands s260 turn11 ttft=2729.95ms hit=0.995439 e2e=3060.771ms
[ok] openhands s194 turn9 ttft=683.5ms hit=0.989898 e2e=3076.933ms
[ok] openhands s66 turn12 ttft=2633.139ms hit=0.961252 e2e=2958.338ms
[ok] openhands s448 turn17 ttft=653.628ms hit=0.976393 e2e=1369.45ms
[ok] openhands s66 turn13 ttft=639.455ms hit=0.980492 e2e=1484.813ms
[ok] openhands s513 turn9 ttft=633.831ms hit=0.854495 e2e=1479.964ms
[ok] openhands s449 turn15 ttft=972.854ms hit=0.988865 e2e=1495.767ms
[ok] openhands s260 turn12 ttft=846.294ms hit=0.914956 e2e=1506.323ms
[ok] openhands s194 turn10 ttft=542.857ms hit=0.98848 e2e=1523.226ms
[ok] openhands s133 turn0 ttft=613.588ms hit=0.520037 e2e=1139.616ms
[ok] request s433 turn0 ttft=297.453ms hit=0.0 e2e=821.899ms
[ok] request s126 turn0 ttft=132.336ms hit=0.0 e2e=542.085ms
[ok] openhands s448 turn18 ttft=243.231ms hit=0.969697 e2e=1218.61ms
[ok] request s441 turn0 ttft=188.97ms hit=0.0 e2e=1166.669ms
[ok] openhands s513 turn10 ttft=469.564ms hit=0.985132 e2e=1223.56ms
[ok] openhands s133 turn1 ttft=619.765ms hit=0.954545 e2e=1412.246ms
[ok] openhands s194 turn11 ttft=524.289ms hit=0.990901 e2e=1439.413ms
[ok] request s127 turn0 ttft=124.392ms hit=0.0 e2e=687.066ms
[ok] request s433 turn1 ttft=286.35ms hit=0.0 e2e=850.57ms
[ok] openhands s66 turn14 ttft=652.96ms hit=0.954334 e2e=1331.02ms
[ok] openhands s260 turn13 ttft=629.899ms hit=0.993857 e2e=1426.755ms
[ok] request s126 turn1 ttft=249.319ms hit=0.0 e2e=814.637ms
[ok] request s306 turn0 ttft=643.351ms hit=0.0 e2e=1323.068ms
[ok] request s237 turn0 ttft=325.48ms hit=0.0 e2e=1004.852ms
[ok] request s155 turn0 ttft=462.388ms hit=0.0 e2e=924.975ms
[ok] openhands s448 turn19 ttft=324.7ms hit=0.96909 e2e=1545.021ms
[ok] request s317 turn0 ttft=222.935ms hit=0.0 e2e=1445.638ms
[ok] openhands s66 turn15 ttft=839.61ms hit=0.981366 e2e=1184.12ms
[ok] openhands s133 turn2 ttft=410.114ms hit=0.714902 e2e=1204.414ms
[ok] openhands s513 turn11 ttft=633.702ms hit=0.923027 e2e=1429.748ms
[ok] openhands s260 turn14 ttft=464.549ms hit=0.993893 e2e=1899.584ms
[ok] openhands s194 turn12 ttft=552.645ms hit=0.988589 e2e=1993.106ms
[ok] request s126 turn2 ttft=299.137ms hit=0.428094 e2e=1735.839ms
[ok] request s313 turn0 ttft=295.555ms hit=0.0 e2e=1731.911ms
[ok] request s306 turn1 ttft=248.322ms hit=0.0 e2e=1717.449ms
[ok] request s433 turn2 ttft=250.164ms hit=0.0 e2e=1719.133ms
[ok] request s217 turn0 ttft=264.514ms hit=0.0 e2e=1738.235ms
[ok] request s127 turn1 ttft=250.209ms hit=0.0 e2e=1720.541ms
[ok] request s237 turn1 ttft=248.384ms hit=0.0 e2e=1717.388ms
[ok] request s128 turn0 ttft=141.372ms hit=0.0 e2e=1426.283ms
[ok] openhands s513 turn12 ttft=378.446ms hit=0.991168 e2e=1315.166ms
[ok] request s47 turn0 ttft=379.965ms hit=0.0 e2e=1317.011ms
[ok] openhands s448 turn20 ttft=399.143ms hit=0.93027 e2e=1460.22ms
[ok] request s317 turn1 ttft=168.558ms hit=0.0 e2e=862.443ms
[ok] openhands s133 turn3 ttft=390.79ms hit=0.909737 e2e=1331.657ms
[ok] request s165 turn0 ttft=145.677ms hit=0.0 e2e=687.214ms
[ok] openhands s66 turn16 ttft=490.523ms hit=0.91707 e2e=1315.307ms
[ok] request s241 turn0 ttft=301.54ms hit=0.0 e2e=1005.145ms
[ok] request s126 turn3 ttft=744.303ms hit=0.0 e2e=836.25ms
[ok] openhands s260 turn15 ttft=413.343ms hit=0.994894 e2e=1663.63ms
[ok] openhands s194 turn13 ttft=460.18ms hit=0.99172 e2e=1716.792ms
[ok] request s476 turn0 ttft=293.032ms hit=0.0 e2e=1546.239ms
[ok] openhands s448 turn21 ttft=764.064ms hit=0.962974 e2e=1480.96ms
[ok] openhands s513 turn13 ttft=788.633ms hit=0.957084 e2e=1505.177ms
[ok] openhands s66 turn17 ttft=617.794ms hit=0.986709 e2e=1516.134ms
[ok] request s405 turn0 ttft=221.815ms hit=0.0 e2e=935.849ms
[ok] request s241 turn1 ttft=202.561ms hit=0.0 e2e=917.301ms
[ok] request s127 turn2 ttft=420.69ms hit=0.0 e2e=1137.103ms
[ok] openhands s324 turn0 ttft=671.871ms hit=0.225424 e2e=1571.675ms
[ok] openhands s133 turn4 ttft=610.756ms hit=0.81961 e2e=1509.674ms
[ok] request s47 turn1 ttft=209.087ms hit=0.0 e2e=923.687ms
[ok] request s165 turn1 ttft=205.22ms hit=0.0 e2e=919.591ms
[ok] request s24 turn0 ttft=538.473ms hit=0.0 e2e=1255.57ms
[ok] request s506 turn0 ttft=144.298ms hit=0.0 e2e=622.451ms
[ok] openhands s260 turn16 ttft=1212.703ms hit=0.981018 e2e=1509.139ms
[ok] request s70 turn0 ttft=233.304ms hit=0.0 e2e=835.438ms
[ok] request s553 turn0 ttft=302.861ms hit=0.0 e2e=1469.933ms
[ok] openhands s324 turn1 ttft=549.126ms hit=0.963689 e2e=1226.623ms
[ok] request s369 turn0 ttft=540.184ms hit=0.0 e2e=1218.431ms
[ok] openhands s66 turn18 ttft=415.886ms hit=0.992904 e2e=1235.723ms
[ok] openhands s448 turn22 ttft=427.837ms hit=0.975215 e2e=1103.347ms
[ok] openhands s194 turn14 ttft=636.245ms hit=0.980974 e2e=1575.024ms
[ok] openhands s513 turn14 ttft=548.11ms hit=0.944406 e2e=1229.101ms
[ok] request s126 turn4 ttft=327.679ms hit=0.817021 e2e=1267.595ms
[ok] openhands s133 turn5 ttft=537.832ms hit=0.926675 e2e=1219.878ms
[ok] request s405 turn1 ttft=255.911ms hit=0.0 e2e=1204.731ms
[ok] request s165 turn2 ttft=255.085ms hit=0.0 e2e=1204.619ms
[ok] request s299 turn0 ttft=207.182ms hit=0.0 e2e=1155.567ms
[ok] request s84 turn0 ttft=131.165ms hit=0.0 e2e=1149.096ms
[ok] openhands s133 turn6 ttft=533.771ms hit=0.942414 e2e=1463.501ms
[ok] openhands s513 turn15 ttft=541.927ms hit=0.960137 e2e=1474.072ms
[ok] openhands s324 turn2 ttft=563.504ms hit=0.858884 e2e=1497.808ms
[ok] openhands s260 turn17 ttft=918.936ms hit=0.995047 e2e=1451.83ms
[ok] request s183 turn0 ttft=524.2ms hit=0.0 e2e=1460.295ms
[ok] request s369 turn1 ttft=250.226ms hit=0.0 e2e=1183.591ms
[ok] request s65 turn0 ttft=168.573ms hit=0.0 e2e=1102.687ms
[ok] openhands s194 turn15 ttft=713.022ms hit=0.98164 e2e=1778.341ms
[ok] request s126 turn5 ttft=244.648ms hit=0.0 e2e=1182.658ms
[ok] openhands s448 turn23 ttft=501.637ms hit=0.975605 e2e=1443.778ms
[ok] request s261 turn0 ttft=482.516ms hit=0.0 e2e=1424.357ms
[ok] request s142 turn0 ttft=146.357ms hit=0.0 e2e=1407.925ms
[ok] request s17 turn0 ttft=148.22ms hit=0.0 e2e=1165.699ms
[ok] request s405 turn2 ttft=294.799ms hit=0.471889 e2e=1317.179ms
[ok] request s165 turn3 ttft=296.917ms hit=0.524053 e2e=1315.83ms
[ok] openhands s133 turn7 ttft=487.345ms hit=0.886929 e2e=2197.669ms
[ok] openhands s260 turn18 ttft=497.759ms hit=0.984399 e2e=2209.503ms
[ok] openhands s324 turn3 ttft=500.687ms hit=0.955412 e2e=2216.483ms
[ok] request s267 turn0 ttft=377.433ms hit=0.0 e2e=2091.05ms
[ok] openhands s513 turn16 ttft=483.176ms hit=0.968385 e2e=2197.513ms
[ok] request s379 turn0 ttft=452.1ms hit=0.0 e2e=1973.793ms
[ok] openhands s194 turn16 ttft=613.259ms hit=0.998211 e2e=2135.725ms
[ok] request s341 turn0 ttft=495.633ms hit=0.0 e2e=2106.0ms
[ok] request s105 turn0 ttft=692.897ms hit=0.0 e2e=836.722ms
[ok] openhands s259 turn0 ttft=813.167ms hit=0.226076 e2e=2530.153ms
[ok] request s405 turn3 ttft=355.088ms hit=0.637609 e2e=1715.6ms
[ok] request s65 turn1 ttft=696.053ms hit=0.520678 e2e=2412.902ms
[ok] request s381 turn0 ttft=298.368ms hit=0.0 e2e=1896.109ms
[ok] request s142 turn1 ttft=311.704ms hit=0.0 e2e=1790.984ms
[ok] request s369 turn2 ttft=698.154ms hit=0.340879 e2e=2415.15ms
[ok] request s126 turn6 ttft=695.606ms hit=0.6639 e2e=2412.331ms
[ok] openhands s448 turn24 ttft=422.337ms hit=0.972693 e2e=2568.675ms
[ok] request s245 turn0 ttft=219.877ms hit=0.0 e2e=1579.689ms
[ok] request s55 turn0 ttft=133.664ms hit=0.0 e2e=1454.195ms
[ok] openhands s513 turn17 ttft=808.979ms hit=0.954651 e2e=2171.868ms
[ok] openhands s324 turn4 ttft=816.709ms hit=0.604063 e2e=2179.29ms
[ok] openhands s133 turn8 ttft=505.442ms hit=0.952685 e2e=2191.59ms
[ok] openhands s260 turn19 ttft=639.576ms hit=0.993314 e2e=2006.894ms
[ok] openhands s194 turn17 ttft=653.823ms hit=0.981752 e2e=1895.755ms
[ok] request s267 turn1 ttft=349.905ms hit=0.0 e2e=1591.538ms
[ok] request s117 turn0 ttft=501.15ms hit=0.0 e2e=1744.098ms
[ok] request s356 turn0 ttft=185.497ms hit=0.0 e2e=1426.716ms
[ok] request s454 turn0 ttft=237.399ms hit=0.0 e2e=1431.989ms
[ok] request s341 turn1 ttft=356.761ms hit=0.0 e2e=1583.141ms
[ok] request s321 turn0 ttft=480.781ms hit=0.0 e2e=2062.098ms
[ok] request s142 turn2 ttft=277.934ms hit=0.499025 e2e=1477.914ms
[ok] openhands s259 turn1 ttft=375.651ms hit=0.776935 e2e=2080.092ms
[ok] request s55 turn1 ttft=274.836ms hit=0.0 e2e=1628.474ms
[ok] request s105 turn1 ttft=356.172ms hit=0.0 e2e=1587.727ms
[ok] request s405 turn4 ttft=281.856ms hit=0.749634 e2e=1482.146ms
[ok] request s240 turn0 ttft=317.422ms hit=0.0 e2e=1756.491ms
[ok] request s65 turn2 ttft=280.817ms hit=0.706012 e2e=1480.589ms
[ok] request s369 turn3 ttft=277.666ms hit=0.628993 e2e=1478.143ms
[ok] openhands s448 turn25 ttft=493.55ms hit=0.993698 e2e=2077.345ms
[ok] request s126 turn7 ttft=277.086ms hit=0.788385 e2e=1477.138ms
[ok] request s72 turn0 ttft=134.427ms hit=0.0 e2e=1316.177ms
[ok] openhands s513 turn18 ttft=503.641ms hit=0.964824 e2e=2368.347ms
[ok] openhands s260 turn20 ttft=513.94ms hit=0.989576 e2e=2378.889ms
[ok] openhands s324 turn5 ttft=519.744ms hit=0.98712 e2e=2389.055ms
[ok] openhands s133 turn9 ttft=516.479ms hit=0.978931 e2e=2388.235ms
[ok] request s134 turn0 ttft=365.471ms hit=0.0 e2e=2235.191ms
[ok] request s341 turn2 ttft=591.876ms hit=0.0 e2e=1205.016ms
[ok] openhands s194 turn18 ttft=681.325ms hit=0.995818 e2e=2928.331ms
[ok] request s291 turn0 ttft=286.486ms hit=0.0 e2e=2534.406ms
[ok] request s267 turn2 ttft=168.378ms hit=0.274678 e2e=2412.206ms
[ok] request s164 turn0 ttft=145.213ms hit=0.0 e2e=2526.495ms
[ok] request s549 turn0 ttft=280.775ms hit=0.0 e2e=631.119ms
[ok] request s439 turn0 ttft=304.473ms hit=0.0 e2e=2231.224ms
[ok] openhands s130 turn0 ttft=681.401ms hit=0.228999 e2e=1912.833ms
[ok] request s405 turn5 ttft=545.357ms hit=0.782875 e2e=1777.572ms
[ok] request s321 turn1 ttft=548.942ms hit=0.0 e2e=1780.349ms
[ok] request s105 turn2 ttft=548.198ms hit=0.0 e2e=1779.338ms
[ok] request s55 turn2 ttft=332.047ms hit=0.0 e2e=1960.245ms
[ok] request s303 turn0 ttft=169.266ms hit=0.0 e2e=1279.921ms
[ok] openhands s259 turn2 ttft=319.784ms hit=0.969938 e2e=2368.782ms
[ok] openhands s448 turn26 ttft=414.307ms hit=0.91419 e2e=2343.586ms
[ok] request s65 turn3 ttft=545.147ms hit=0.833488 e2e=1777.135ms
[ok] request s504 turn0 ttft=476.699ms hit=0.0 e2e=1598.414ms
[ok] openhands s260 turn21 ttft=579.313ms hit=0.979836 e2e=1910.387ms
[ok] request s232 turn0 ttft=344.934ms hit=0.0 e2e=1929.784ms
[ok] openhands s513 turn19 ttft=553.026ms hit=0.963154 e2e=1896.507ms
[ok] openhands s324 turn6 ttft=451.332ms hit=0.849692 e2e=1920.04ms
[ok] openhands s133 turn10 ttft=559.131ms hit=0.979904 e2e=1905.478ms
[ok] request s319 turn0 ttft=298.361ms hit=0.0 e2e=2063.906ms
[ok] request s508 turn0 ttft=136.952ms hit=0.0 e2e=334.097ms
[ok] openhands s194 turn19 ttft=739.759ms hit=0.991937 e2e=2285.341ms
[ok] openhands s448 turn27 ttft=567.773ms hit=0.933869 e2e=1981.917ms
[ok] request s81 turn0 ttft=624.98ms hit=0.0 e2e=2042.333ms
[ok] request s55 turn3 ttft=326.617ms hit=0.566372 e2e=1743.673ms
[ok] request s561 turn0 ttft=320.024ms hit=0.0 e2e=1736.825ms
[ok] request s267 turn3 ttft=358.194ms hit=0.637874 e2e=1774.69ms
[ok] openhands s130 turn1 ttft=625.99ms hit=0.986671 e2e=2042.216ms
[ok] openhands s259 turn3 ttft=604.377ms hit=0.970408 e2e=2020.346ms
[ok] request s439 turn1 ttft=259.275ms hit=0.3819 e2e=1489.448ms
[ok] request s164 turn1 ttft=273.325ms hit=0.424544 e2e=1511.422ms
[ok] request s405 turn6 ttft=258.4ms hit=0.83442 e2e=1488.632ms
[ok] request s21 turn0 ttft=233.202ms hit=0.0 e2e=1465.319ms
[ok] request s321 turn2 ttft=254.855ms hit=0.0 e2e=1486.68ms
[ok] openhands s513 turn20 ttft=597.554ms hit=0.964669 e2e=1515.98ms
[ok] openhands s260 turn22 ttft=398.226ms hit=0.987412 e2e=1526.915ms
[ok] openhands s133 turn11 ttft=578.495ms hit=0.982904 e2e=1506.227ms
[ok] openhands s324 turn7 ttft=584.355ms hit=0.87747 e2e=1511.868ms
[ok] request s120 turn0 ttft=378.262ms hit=0.0 e2e=1559.122ms
[ok] request s137 turn0 ttft=319.639ms hit=0.0 e2e=1242.383ms
[ok] request s456 turn0 ttft=151.166ms hit=0.0 e2e=619.29ms
[ok] request s439 turn2 ttft=416.495ms hit=0.620499 e2e=1113.141ms
[ok] request s164 turn2 ttft=704.321ms hit=0.517172 e2e=903.117ms
[ok] request s508 turn1 ttft=720.773ms hit=0.0 e2e=1211.58ms
[ok] openhands s260 turn23 ttft=490.632ms hit=0.974915 e2e=1245.198ms
[ok] request s499 turn0 ttft=719.728ms hit=0.0 e2e=1211.522ms
[ok] openhands s130 turn2 ttft=808.084ms hit=0.955075 e2e=1675.772ms
[ok] openhands s133 turn12 ttft=737.253ms hit=0.980426 e2e=1233.747ms
[ok] openhands s513 turn21 ttft=865.263ms hit=0.992218 e2e=1227.833ms
[ok] request s405 turn7 ttft=701.622ms hit=0.787913 e2e=1063.949ms
[ok] openhands s194 turn20 ttft=837.735ms hit=0.9946 e2e=1709.3ms
[ok] openhands s324 turn8 ttft=743.31ms hit=0.891559 e2e=1241.503ms
[ok] request s267 turn4 ttft=747.383ms hit=0.471021 e2e=1110.1ms
[ok] request s249 turn0 ttft=672.602ms hit=0.0 e2e=1543.385ms
[ok] request s367 turn0 ttft=546.743ms hit=0.0 e2e=909.032ms
[ok] openhands s259 turn4 ttft=799.365ms hit=0.987702 e2e=1671.877ms
[ok] openhands s448 turn28 ttft=819.354ms hit=0.972848 e2e=1691.593ms
[ok] request s456 turn1 ttft=279.747ms hit=0.0 e2e=642.486ms
[ok] openhands s259 turn5 ttft=765.166ms hit=0.977332 e2e=1377.082ms
[ok] openhands s260 turn24 ttft=833.441ms hit=0.990105 e2e=1446.979ms
[ok] openhands s194 turn21 ttft=1091.623ms hit=0.980063 e2e=1423.28ms
[ok] request s439 turn3 ttft=689.846ms hit=0.730101 e2e=1021.257ms
[ok] openhands s324 turn9 ttft=850.215ms hit=0.909271 e2e=1430.324ms
[ok] request s456 turn2 ttft=512.43ms hit=0.0 e2e=845.557ms
[ok] openhands s513 turn22 ttft=777.593ms hit=0.974068 e2e=1393.909ms
[ok] openhands s448 turn29 ttft=789.751ms hit=0.988789 e2e=1407.525ms
[ok] request s267 turn5 ttft=517.674ms hit=0.794723 e2e=853.225ms
[ok] request s249 turn1 ttft=515.819ms hit=0.0 e2e=851.167ms
[ok] request s499 turn1 ttft=544.46ms hit=0.0 e2e=879.636ms
[ok] openhands s133 turn13 ttft=991.171ms hit=0.941869 e2e=1442.201ms
[ok] openhands s130 turn3 ttft=936.216ms hit=0.894292 e2e=1387.057ms
[ok] openhands s260 turn25 ttft=815.427ms hit=0.98961 e2e=1307.885ms
[ok] openhands s324 turn10 ttft=782.483ms hit=0.957309 e2e=1277.073ms
[ok] openhands s259 turn6 ttft=818.362ms hit=0.975553 e2e=1314.449ms
[ok] openhands s448 turn30 ttft=569.431ms hit=0.974064 e2e=874.627ms
[ok] openhands s194 turn22 ttft=966.178ms hit=0.98705 e2e=1302.06ms
[ok] openhands s130 turn4 ttft=767.55ms hit=0.974934 e2e=1265.384ms
[ok] openhands s513 turn23 ttft=775.028ms hit=0.967328 e2e=1274.759ms
[ok] request s499 turn2 ttft=407.076ms hit=0.0 e2e=717.12ms
[ok] request s249 turn2 ttft=408.299ms hit=0.479625 e2e=719.221ms
[ok] openhands s133 turn14 ttft=797.815ms hit=0.932839 e2e=1263.272ms
[ok] request s456 turn3 ttft=546.102ms hit=0.0 e2e=884.51ms
[ok] openhands s130 turn5 ttft=700.635ms hit=0.973582 e2e=1239.275ms
[ok] openhands s324 turn11 ttft=711.993ms hit=0.926597 e2e=1254.419ms
[ok] openhands s260 turn26 ttft=566.283ms hit=0.993538 e2e=1266.122ms
[ok] openhands s133 turn15 ttft=342.395ms hit=0.936567 e2e=640.986ms
[ok] openhands s448 turn31 ttft=916.965ms hit=0.949359 e2e=1215.286ms
[ok] openhands s259 turn7 ttft=834.551ms hit=0.976647 e2e=1248.103ms
[ok] openhands s513 turn24 ttft=539.738ms hit=0.992641 e2e=1240.112ms
[ok] request s456 turn4 ttft=625.878ms hit=0.0 e2e=926.734ms
[ok] request s499 turn3 ttft=368.252ms hit=0.0 e2e=668.751ms
[ok] openhands s448 turn32 ttft=648.76ms hit=0.9918 e2e=1117.571ms
[ok] openhands s130 turn6 ttft=672.62ms hit=0.973254 e2e=1145.454ms
[ok] openhands s513 turn25 ttft=814.015ms hit=0.990412 e2e=1106.092ms
[ok] openhands s324 turn12 ttft=725.318ms hit=0.992758 e2e=1141.719ms
[ok] openhands s259 turn8 ttft=653.163ms hit=0.982135 e2e=1126.125ms
[ok] openhands s260 turn27 ttft=670.081ms hit=0.996573 e2e=948.579ms
[ok] request s499 turn4 ttft=267.904ms hit=0.4096 e2e=546.158ms
[ok] openhands s133 turn16 ttft=716.993ms hit=0.978967 e2e=1134.828ms
[ok] openhands s259 turn9 ttft=848.917ms hit=0.951829 e2e=2295.248ms
[ok] openhands s448 turn33 ttft=521.341ms hit=0.983467 e2e=2322.622ms
[ok] openhands s133 turn17 ttft=1445.471ms hit=0.161459 e2e=1718.18ms
[ok] openhands s260 turn28 ttft=1193.243ms hit=0.910087 e2e=2291.552ms
[ok] openhands s130 turn7 ttft=1882.151ms hit=0.177632 e2e=2309.652ms
[ok] openhands s324 turn13 ttft=653.733ms hit=0.904769 e2e=2305.384ms
[ok] openhands s260 turn29 ttft=843.162ms hit=0.991937 e2e=1123.528ms
[ok] openhands s130 turn8 ttft=629.017ms hit=0.990947 e2e=1106.352ms
[ok] openhands s448 turn34 ttft=565.353ms hit=0.977083 e2e=1150.49ms
[ok] openhands s133 turn18 ttft=585.155ms hit=0.963205 e2e=864.289ms
[ok] openhands s259 turn10 ttft=831.335ms hit=0.833456 e2e=1114.258ms
[ok] openhands s324 turn14 ttft=550.945ms hit=0.993724 e2e=1136.106ms
[ok] openhands s448 turn35 ttft=609.425ms hit=0.991486 e2e=1015.641ms
[ok] openhands s259 turn11 ttft=531.278ms hit=0.892132 e2e=991.433ms
[ok] openhands s130 turn9 ttft=569.31ms hit=0.976318 e2e=1031.779ms
[ok] openhands s260 turn30 ttft=559.338ms hit=0.993654 e2e=837.047ms
[ok] openhands s324 turn15 ttft=713.964ms hit=0.988833 e2e=1002.823ms
[ok] openhands s133 turn19 ttft=565.342ms hit=0.962251 e2e=1027.244ms
[ok] openhands s260 turn31 ttft=695.687ms hit=0.996511 e2e=1102.466ms
[ok] openhands s324 turn16 ttft=576.415ms hit=0.989128 e2e=1112.337ms
[ok] openhands s259 turn12 ttft=393.989ms hit=0.9702 e2e=1125.537ms
[ok] openhands s133 turn20 ttft=240.494ms hit=0.981522 e2e=520.885ms
[ok] openhands s448 turn36 ttft=408.191ms hit=0.974004 e2e=694.573ms
[ok] openhands s130 turn10 ttft=572.662ms hit=0.976567 e2e=1119.972ms
[ok] openhands s133 turn21 ttft=441.479ms hit=0.94484 e2e=693.467ms
[ok] openhands s259 turn13 ttft=502.756ms hit=0.984693 e2e=762.253ms
[ok] openhands s324 turn17 ttft=396.609ms hit=0.990813 e2e=778.313ms
[ok] openhands s130 turn11 ttft=508.664ms hit=0.986097 e2e=768.862ms
[ok] openhands s133 turn22 ttft=203.929ms hit=0.940862 e2e=563.734ms
[ok] openhands s324 turn18 ttft=328.279ms hit=0.990227 e2e=569.859ms
[ok] openhands s133 turn23 ttft=195.718ms hit=0.958314 e2e=441.022ms
[ok] openhands s133 turn24 ttft=197.071ms hit=0.980485 e2e=442.114ms
[ok] openhands s133 turn25 ttft=205.983ms hit=0.967842 e2e=451.356ms
[ok] openhands s133 turn26 ttft=311.772ms hit=0.977185 e2e=757.415ms
[ok] openhands s448 turn37 ttft=507.025ms hit=0.908543 e2e=751.044ms
[ok] openhands s448 turn38 ttft=300.038ms hit=0.995505 e2e=548.59ms
[ok] openhands s133 turn27 ttft=438.645ms hit=0.99173 e2e=572.924ms
[ok] openhands s448 turn39 ttft=304.764ms hit=0.982926 e2e=547.157ms
[ok] openhands s448 turn40 ttft=436.801ms hit=0.983966 e2e=1079.194ms
[ok] openhands s133 turn28 ttft=422.983ms hit=0.984105 e2e=1061.772ms
[ok] openhands s257 turn0 ttft=308.07ms hit=0.315943 e2e=927.407ms
[ok] request s432 turn0 ttft=148.718ms hit=0.0 e2e=651.153ms
[ok] openhands s133 turn29 ttft=241.665ms hit=0.925227 e2e=979.602ms
[ok] request s489 turn0 ttft=267.858ms hit=0.0 e2e=897.848ms
[ok] openhands s448 turn41 ttft=367.683ms hit=0.994572 e2e=997.263ms
[ok] openhands s257 turn1 ttft=281.933ms hit=0.960177 e2e=821.042ms
[ok] request s520 turn0 ttft=263.703ms hit=0.0 e2e=797.833ms
[ok] request s569 turn0 ttft=133.585ms hit=0.0 e2e=897.503ms
[ok] openhands s133 turn30 ttft=234.585ms hit=0.963863 e2e=981.057ms
[ok] openhands s257 turn2 ttft=368.147ms hit=0.928786 e2e=774.475ms
[ok] request s189 turn0 ttft=227.122ms hit=0.0 e2e=622.209ms
[ok] openhands s448 turn42 ttft=464.838ms hit=0.993998 e2e=989.472ms
[ok] request s64 turn0 ttft=414.381ms hit=0.0 e2e=940.433ms
[ok] request s277 turn0 ttft=132.037ms hit=0.0 e2e=903.423ms
[ok] request s200 turn0 ttft=138.978ms hit=0.0 e2e=184.22ms
[ok] openhands s448 turn43 ttft=529.648ms hit=0.98409 e2e=1172.874ms
[ok] openhands s257 turn3 ttft=286.438ms hit=0.924188 e2e=1187.591ms
[ok] request s482 turn0 ttft=396.587ms hit=0.0 e2e=1177.652ms
[ok] request s188 turn0 ttft=219.34ms hit=0.0 e2e=859.619ms
[ok] request s174 turn0 ttft=211.567ms hit=0.0 e2e=713.161ms
[ok] request s189 turn1 ttft=255.942ms hit=0.417278 e2e=761.629ms
[ok] request s422 turn0 ttft=210.363ms hit=0.0 e2e=934.628ms
[ok] openhands s257 turn4 ttft=292.93ms hit=0.853618 e2e=1028.319ms
[ok] request s277 turn1 ttft=292.854ms hit=0.0 e2e=1018.587ms
[ok] request s536 turn0 ttft=135.788ms hit=0.0 e2e=867.56ms
[ok] request s482 turn1 ttft=133.052ms hit=0.0 e2e=754.954ms
[ok] request s421 turn0 ttft=245.947ms hit=0.0 e2e=636.605ms
[ok] request s189 turn2 ttft=208.135ms hit=0.558038 e2e=593.104ms
[ok] openhands s257 turn5 ttft=178.086ms hit=0.916349 e2e=628.806ms
[ok] request s435 turn0 ttft=163.808ms hit=0.0 e2e=614.22ms
[ok] openhands s131 turn0 ttft=155.293ms hit=0.527045 e2e=1803.505ms
[ok] request s325 turn0 ttft=507.979ms hit=0.0 e2e=1196.623ms
[ok] request s435 turn1 ttft=563.951ms hit=0.0 e2e=1253.529ms
[ok] request s516 turn0 ttft=458.182ms hit=0.0 e2e=1833.157ms
[ok] request s16 turn0 ttft=704.752ms hit=0.0 e2e=1515.994ms
[ok] openhands s257 turn6 ttft=950.087ms hit=0.495874 e2e=1762.45ms
[ok] request s482 turn2 ttft=252.634ms hit=0.0 e2e=1860.332ms
[ok] request s536 turn1 ttft=824.863ms hit=0.0 e2e=1638.171ms
[ok] request s552 turn0 ttft=226.615ms hit=0.0 e2e=884.237ms
[ok] request s179 turn0 ttft=139.346ms hit=0.0 e2e=656.852ms
[ok] request s246 turn0 ttft=174.115ms hit=0.0 e2e=475.202ms
[ok] openhands s131 turn1 ttft=268.957ms hit=0.913796 e2e=654.745ms
[ok] openhands s257 turn7 ttft=216.288ms hit=0.95469 e2e=1194.168ms
[ok] request s230 turn0 ttft=149.611ms hit=0.0 e2e=1127.216ms
[ok] request s57 turn0 ttft=238.318ms hit=0.0 e2e=919.144ms
[ok] request s179 turn1 ttft=245.087ms hit=0.0 e2e=932.822ms
[ok] openhands s131 turn2 ttft=272.114ms hit=0.896387 e2e=1316.059ms
[ok] request s435 turn2 ttft=337.801ms hit=0.0 e2e=1026.97ms
[ok] request s403 turn0 ttft=311.718ms hit=0.0 e2e=1240.389ms
[ok] request s516 turn1 ttft=278.537ms hit=0.0 e2e=1087.858ms
[ok] request s170 turn0 ttft=132.589ms hit=0.0 e2e=809.631ms
[ok] openhands s257 turn8 ttft=375.093ms hit=0.966003 e2e=759.914ms
[ok] request s500 turn0 ttft=237.037ms hit=0.0 e2e=619.962ms
[ok] openhands s131 turn3 ttft=158.127ms hit=0.930345 e2e=709.745ms
[ok] request s406 turn0 ttft=139.748ms hit=0.0 e2e=691.106ms
[ok] request s273 turn0 ttft=178.574ms hit=0.0 e2e=1807.604ms
[ok] request s119 turn0 ttft=578.066ms hit=0.0 e2e=1556.267ms
[ok] request s516 turn2 ttft=641.033ms hit=0.0 e2e=1621.029ms
[ok] openhands s131 turn4 ttft=516.552ms hit=0.852538 e2e=1491.945ms
[ok] request s435 turn3 ttft=643.134ms hit=0.377025 e2e=1623.045ms
[ok] openhands s257 turn9 ttft=830.53ms hit=0.702359 e2e=1810.074ms
[ok] request s215 turn0 ttft=267.735ms hit=0.0 e2e=1243.176ms
[ok] request s179 turn2 ttft=645.699ms hit=0.0 e2e=1626.007ms
[ok] request s332 turn0 ttft=304.615ms hit=0.0 e2e=743.604ms
[ok] openhands s2 turn0 ttft=620.101ms hit=0.228146 e2e=1061.745ms
[ok] request s242 turn0 ttft=142.42ms hit=0.0 e2e=528.925ms
[ok] request s436 turn0 ttft=449.716ms hit=0.0 e2e=1084.564ms
[ok] openhands s257 turn10 ttft=356.432ms hit=0.992425 e2e=1110.497ms
[ok] openhands s131 turn5 ttft=455.704ms hit=0.88772 e2e=1091.793ms
[ok] openhands s2 turn1 ttft=339.149ms hit=0.975393 e2e=974.928ms
[ok] request s32 turn0 ttft=136.406ms hit=0.0 e2e=769.071ms
[ok] request s224 turn0 ttft=134.785ms hit=0.0 e2e=629.7ms
[ok] request s273 turn1 ttft=251.968ms hit=0.0 e2e=761.982ms
[ok] request s179 turn3 ttft=195.333ms hit=0.451499 e2e=690.203ms
[ok] request s391 turn0 ttft=135.547ms hit=0.0 e2e=628.48ms
[ok] openhands s131 turn6 ttft=352.793ms hit=0.87456 e2e=738.649ms
[ok] openhands s257 turn11 ttft=358.797ms hit=0.986749 e2e=750.972ms
[ok] openhands s2 turn2 ttft=359.197ms hit=0.946288 e2e=746.562ms
[ok] request s35 turn0 ttft=183.709ms hit=0.0 e2e=570.816ms
[ok] request s15 turn0 ttft=135.444ms hit=0.0 e2e=1076.61ms
[ok] request s292 turn0 ttft=242.034ms hit=0.0 e2e=295.892ms
[ok] openhands s131 turn7 ttft=552.422ms hit=0.833725 e2e=1304.425ms
[ok] openhands s257 turn12 ttft=402.901ms hit=0.939349 e2e=1327.563ms
[ok] request s333 turn0 ttft=317.278ms hit=0.0 e2e=945.121ms
[ok] openhands s2 turn3 ttft=567.413ms hit=0.907423 e2e=1321.419ms
[ok] request s409 turn0 ttft=510.594ms hit=0.0 e2e=1264.303ms
[ok] request s35 turn1 ttft=337.753ms hit=0.0 e2e=732.182ms
[ok] request s169 turn0 ttft=130.724ms hit=0.0 e2e=936.439ms
[ok] request s343 turn0 ttft=282.638ms hit=0.0 e2e=681.871ms
[ok] openhands s257 turn13 ttft=470.427ms hit=0.983515 e2e=995.213ms
[ok] openhands s2 turn4 ttft=313.907ms hit=0.933273 e2e=1005.322ms
[ok] request s292 turn1 ttft=332.761ms hit=0.0 e2e=740.372ms
[ok] request s296 turn0 ttft=476.266ms hit=0.0 e2e=1002.807ms
[ok] openhands s131 turn8 ttft=580.365ms hit=0.920094 e2e=987.905ms
[ok] request s6 turn0 ttft=134.617ms hit=0.0 e2e=1170.305ms
[ok] request s140 turn0 ttft=185.825ms hit=0.0 e2e=579.117ms
[ok] openhands s384 turn0 ttft=697.192ms hit=0.221418 e2e=1234.668ms
[ok] openhands s257 turn14 ttft=735.76ms hit=0.989813 e2e=1155.211ms
[ok] openhands s2 turn5 ttft=646.771ms hit=0.943605 e2e=1184.998ms
[ok] request s532 turn0 ttft=497.738ms hit=0.0 e2e=920.094ms
[ok] openhands s131 turn9 ttft=633.336ms hit=0.869976 e2e=1173.358ms
[ok] request s169 turn1 ttft=548.518ms hit=0.0 e2e=970.183ms
[ok] request s292 turn2 ttft=171.001ms hit=0.0 e2e=587.673ms
[ok] request s570 turn0 ttft=147.96ms hit=0.0 e2e=1182.687ms
[ok] request s272 turn0 ttft=546.805ms hit=0.0 e2e=896.707ms
[ok] request s408 turn0 ttft=362.816ms hit=0.0 e2e=904.224ms
[ok] request s6 turn1 ttft=497.108ms hit=0.0 e2e=1038.79ms
[ok] request s169 turn2 ttft=237.92ms hit=0.0 e2e=653.607ms
[ok] openhands s257 turn15 ttft=552.937ms hit=0.987691 e2e=1224.963ms
[ok] openhands s384 turn1 ttft=457.279ms hit=0.671413 e2e=1257.28ms
[ok] request s292 turn3 ttft=237.659ms hit=0.0 e2e=655.581ms
[ok] openhands s131 turn10 ttft=674.385ms hit=0.871603 e2e=1220.224ms
[ok] openhands s2 turn6 ttft=580.453ms hit=0.975445 e2e=1255.395ms
[ok] request s250 turn0 ttft=173.462ms hit=0.0 e2e=592.514ms
[ok] request s140 turn1 ttft=254.511ms hit=0.0 e2e=680.829ms
[ok] request s477 turn0 ttft=139.954ms hit=0.0 e2e=1551.07ms
[ok] request s446 turn0 ttft=1161.882ms hit=0.0 e2e=1473.483ms
[ok] request s382 turn0 ttft=209.826ms hit=0.0 e2e=556.829ms
[ok] request s6 turn2 ttft=607.066ms hit=0.379822 e2e=1021.408ms
[ok] request s305 turn0 ttft=842.482ms hit=0.0 e2e=1257.396ms
[ok] openhands s131 turn11 ttft=1181.271ms hit=0.454406 e2e=1595.835ms
[ok] openhands s384 turn2 ttft=380.544ms hit=0.908331 e2e=1620.867ms
[ok] openhands s2 turn7 ttft=715.681ms hit=0.978032 e2e=1609.916ms
[ok] openhands s257 turn16 ttft=1177.143ms hit=0.988305 e2e=1593.365ms
[ok] request s399 turn0 ttft=528.738ms hit=0.0 e2e=944.68ms
[ok] request s348 turn0 ttft=136.496ms hit=0.0 e2e=1150.996ms
[ok] request s49 turn0 ttft=187.92ms hit=0.0 e2e=567.458ms
[ok] openhands s257 turn17 ttft=481.425ms hit=0.982616 e2e=1130.907ms
[ok] request s51 turn0 ttft=303.789ms hit=0.0 e2e=1145.842ms
[ok] openhands s2 turn8 ttft=484.281ms hit=0.973099 e2e=1125.806ms
[ok] openhands s384 turn3 ttft=367.411ms hit=0.985895 e2e=1143.879ms
[ok] openhands s131 turn12 ttft=480.236ms hit=0.955556 e2e=1121.68ms
[ok] request s382 turn1 ttft=253.884ms hit=0.0 e2e=966.285ms
[ok] request s236 turn0 ttft=146.343ms hit=0.0 e2e=855.987ms
[ok] request s49 turn1 ttft=136.835ms hit=0.0 e2e=815.898ms
[ok] openhands s384 turn4 ttft=546.778ms hit=0.980194 e2e=1210.55ms
[ok] openhands s257 turn18 ttft=480.714ms hit=0.994981 e2e=1232.93ms
[ok] openhands s2 turn9 ttft=558.97ms hit=0.981356 e2e=1224.555ms
[ok] openhands s131 turn13 ttft=553.185ms hit=0.91072 e2e=1220.047ms
[ok] request s51 turn1 ttft=185.795ms hit=0.0 e2e=986.667ms
[ok] request s49 turn2 ttft=243.983ms hit=0.0 e2e=732.727ms
[ok] request s382 turn2 ttft=160.485ms hit=0.0 e2e=643.256ms
[ok] openhands s257 turn19 ttft=382.055ms hit=0.995911 e2e=1398.899ms
[ok] openhands s2 turn10 ttft=592.955ms hit=0.925035 e2e=1389.934ms
[ok] openhands s384 turn5 ttft=587.252ms hit=0.931653 e2e=1385.564ms
[ok] openhands s131 turn14 ttft=976.679ms hit=0.749471 e2e=1368.469ms
[ok] request s51 turn2 ttft=181.694ms hit=0.0 e2e=458.114ms
[ok] openhands s257 turn20 ttft=369.038ms hit=0.991855 e2e=621.893ms
[ok] openhands s384 turn6 ttft=361.844ms hit=0.965086 e2e=610.874ms
[ok] request s51 turn3 ttft=200.569ms hit=0.691892 e2e=740.474ms
[ok] openhands s257 turn21 ttft=370.844ms hit=0.961609 e2e=745.293ms
[ok] openhands s2 turn11 ttft=302.051ms hit=0.979592 e2e=551.476ms
[ok] openhands s384 turn7 ttft=478.046ms hit=0.950004 e2e=735.662ms
[ok] openhands s257 turn22 ttft=443.037ms hit=0.98289 e2e=814.983ms
[ok] openhands s2 turn12 ttft=310.954ms hit=0.98074 e2e=845.726ms
[ok] openhands s384 turn8 ttft=456.981ms hit=0.879948 e2e=835.849ms
[ok] request s51 turn4 ttft=142.787ms hit=0.704403 e2e=775.307ms
[ok] openhands s257 turn23 ttft=449.945ms hit=0.959224 e2e=696.85ms
[ok] openhands s2 turn13 ttft=319.596ms hit=0.987953 e2e=716.474ms
[ok] openhands s384 turn9 ttft=451.868ms hit=0.910336 e2e=710.508ms
[ok] openhands s384 turn10 ttft=539.328ms hit=0.989364 e2e=843.203ms
[ok] openhands s257 turn24 ttft=423.996ms hit=0.947226 e2e=860.835ms
[ok] request s51 turn5 ttft=165.293ms hit=0.690855 e2e=470.642ms
[ok] openhands s2 turn14 ttft=535.366ms hit=0.987096 e2e=851.628ms
[ok] openhands s257 turn25 ttft=343.751ms hit=0.990874 e2e=589.065ms
[ok] openhands s384 turn11 ttft=342.144ms hit=0.98719 e2e=595.206ms
[ok] openhands s257 turn26 ttft=396.502ms hit=0.986763 e2e=640.439ms
[ok] openhands s384 turn12 ttft=388.211ms hit=0.984838 e2e=629.93ms
[ok] openhands s257 turn27 ttft=387.377ms hit=0.980825 e2e=632.628ms
[ok] openhands s384 turn13 ttft=379.064ms hit=0.989531 e2e=622.348ms
[ok] openhands s257 turn28 ttft=389.903ms hit=0.988381 e2e=634.292ms
[ok] openhands s384 turn14 ttft=380.729ms hit=0.992725 e2e=623.524ms
[ok] openhands s257 turn29 ttft=270.592ms hit=0.986736 e2e=517.088ms
[ok] openhands s257 turn30 ttft=273.538ms hit=0.985144 e2e=519.55ms
[ok] openhands s257 turn31 ttft=415.514ms hit=0.920818 e2e=661.044ms
[ok] openhands s257 turn32 ttft=287.769ms hit=0.985547 e2e=533.248ms
[ok] request s285 turn0 ttft=507.112ms hit=0.0 e2e=1501.205ms
[ok] request s286 turn0 ttft=192.883ms hit=0.0 e2e=1185.536ms
[ok] openhands s447 turn0 ttft=708.358ms hit=0.186886 e2e=1816.75ms
[ok] request s429 turn0 ttft=151.474ms hit=0.0 e2e=645.49ms
[ok] request s462 turn0 ttft=464.011ms hit=0.0 e2e=964.291ms
[ok] request s229 turn0 ttft=667.701ms hit=0.0 e2e=1282.473ms
[ok] request s347 turn0 ttft=216.524ms hit=0.0 e2e=820.837ms
[ok] openhands s447 turn1 ttft=295.316ms hit=0.977936 e2e=902.6ms
[ok] request s300 turn0 ttft=133.291ms hit=0.0 e2e=875.545ms
[ok] request s451 turn0 ttft=123.495ms hit=0.0 e2e=644.351ms
[ok] request s286 turn1 ttft=240.63ms hit=0.0 e2e=764.132ms
[ok] request s462 turn1 ttft=219.653ms hit=0.0 e2e=929.325ms
[ok] request s13 turn0 ttft=198.538ms hit=0.0 e2e=909.246ms
[ok] openhands s447 turn2 ttft=324.393ms hit=0.836972 e2e=1038.8ms
[ok] request s558 turn0 ttft=132.609ms hit=0.0 e2e=940.441ms
[ok] request s347 turn1 ttft=134.893ms hit=0.357043 e2e=977.098ms
[ok] request s152 turn0 ttft=238.527ms hit=0.0 e2e=862.867ms
[ok] request s451 turn1 ttft=288.067ms hit=0.0 e2e=805.272ms
[ok] request s114 turn0 ttft=264.169ms hit=0.0 e2e=781.798ms
[ok] openhands s447 turn3 ttft=303.958ms hit=0.796551 e2e=822.827ms
[ok] request s103 turn0 ttft=167.601ms hit=0.0 e2e=540.016ms
[ok] request s566 turn0 ttft=125.849ms hit=0.0 e2e=510.051ms
[ok] request s244 turn0 ttft=168.432ms hit=0.0 e2e=1088.798ms
[ok] openhands s447 turn4 ttft=335.874ms hit=0.882514 e2e=1259.724ms
[ok] request s114 turn1 ttft=498.853ms hit=0.0 e2e=1102.443ms
[ok] request s503 turn0 ttft=294.952ms hit=0.0 e2e=898.28ms
[ok] openhands s510 turn0 ttft=611.218ms hit=0.224884 e2e=1216.923ms
[ok] request s524 turn0 ttft=148.693ms hit=0.0 e2e=312.453ms
[ok] request s466 turn0 ttft=125.654ms hit=0.0 e2e=631.066ms
[ok] openhands s447 turn5 ttft=312.935ms hit=0.976605 e2e=804.297ms
[ok] request s538 turn0 ttft=240.357ms hit=0.0 e2e=965.701ms
[ok] openhands s510 turn1 ttft=287.886ms hit=0.923146 e2e=1017.135ms
[ok] request s97 turn0 ttft=166.727ms hit=0.0 e2e=331.8ms
[ok] request s168 turn0 ttft=248.462ms hit=0.0 e2e=1092.807ms
[ok] request s503 turn1 ttft=252.049ms hit=0.0 e2e=865.047ms
[ok] request s466 turn1 ttft=205.946ms hit=0.0 e2e=816.449ms
[ok] openhands s447 turn6 ttft=350.311ms hit=0.987921 e2e=1080.868ms
[ok] request s437 turn0 ttft=248.312ms hit=0.0 e2e=856.648ms
[ok] openhands s510 turn2 ttft=234.835ms hit=0.983306 e2e=841.706ms
[ok] request s225 turn0 ttft=132.412ms hit=0.0 e2e=625.001ms
[ok] request s538 turn1 ttft=183.568ms hit=0.0 e2e=1481.942ms
[ok] request s97 turn1 ttft=181.772ms hit=0.0 e2e=1483.31ms
[ok] request s74 turn0 ttft=160.835ms hit=0.0 e2e=1463.137ms
[ok] openhands s447 turn7 ttft=320.512ms hit=0.989173 e2e=1625.911ms
[ok] request s427 turn0 ttft=133.426ms hit=0.0 e2e=199.889ms
[ok] request s490 turn0 ttft=271.632ms hit=0.0 e2e=831.551ms
[ok] request s184 turn0 ttft=584.852ms hit=0.0 e2e=1148.422ms
[ok] openhands s510 turn3 ttft=881.607ms hit=0.472224 e2e=1560.05ms
[ok] request s359 turn0 ttft=787.809ms hit=0.0 e2e=1467.043ms
[ok] request s225 turn1 ttft=316.061ms hit=0.0 e2e=876.296ms
[ok] request s466 turn2 ttft=680.648ms hit=0.525128 e2e=1359.195ms
[ok] request s163 turn0 ttft=193.885ms hit=0.0 e2e=1731.113ms
[ok] openhands s447 turn8 ttft=321.406ms hit=0.987595 e2e=1703.155ms
[ok] openhands s510 turn4 ttft=353.565ms hit=0.970733 e2e=1619.55ms
[ok] request s538 turn2 ttft=210.684ms hit=0.473198 e2e=1346.194ms
[ok] request s425 turn0 ttft=366.593ms hit=0.0 e2e=1503.386ms
[ok] request s97 turn2 ttft=207.393ms hit=0.0 e2e=1343.825ms
[ok] request s43 turn0 ttft=164.694ms hit=0.0 e2e=714.127ms
[ok] request s466 turn3 ttft=517.08ms hit=0.535565 e2e=1185.079ms
[ok] request s359 turn1 ttft=521.638ms hit=0.266945 e2e=1188.245ms
[ok] request s225 turn2 ttft=519.894ms hit=0.0 e2e=1187.218ms
[ok] openhands s258 turn0 ttft=684.379ms hit=0.210511 e2e=1352.406ms
[ok] request s93 turn0 ttft=480.205ms hit=0.0 e2e=1035.361ms
[ok] request s331 turn0 ttft=132.288ms hit=0.0 e2e=638.291ms
[ok] openhands s258 turn1 ttft=177.763ms hit=0.978536 e2e=1479.1ms
[ok] openhands s447 turn9 ttft=326.58ms hit=0.988825 e2e=1631.28ms
[ok] request s445 turn0 ttft=262.613ms hit=0.0 e2e=1568.094ms
[ok] openhands s510 turn5 ttft=332.321ms hit=0.991364 e2e=1641.973ms
[ok] request s335 turn0 ttft=128.286ms hit=0.0 e2e=1454.55ms
[ok] request s43 turn1 ttft=216.356ms hit=0.0 e2e=1414.056ms
[ok] request s359 turn2 ttft=213.099ms hit=0.477315 e2e=1413.373ms
[ok] request s97 turn3 ttft=259.218ms hit=0.0 e2e=1578.084ms
[ok] request s542 turn0 ttft=256.719ms hit=0.0 e2e=1460.026ms
[ok] request s346 turn0 ttft=598.002ms hit=0.0 e2e=1234.204ms
[ok] request s185 turn0 ttft=282.047ms hit=0.0 e2e=917.818ms
[ok] openhands s258 turn2 ttft=425.812ms hit=0.978367 e2e=934.091ms
[ok] request s355 turn0 ttft=325.129ms hit=0.0 e2e=956.578ms
[ok] request s444 turn0 ttft=129.406ms hit=0.0 e2e=638.687ms
[ok] openhands s447 turn10 ttft=442.826ms hit=0.971112 e2e=953.882ms
[ok] openhands s510 turn6 ttft=341.113ms hit=0.976184 e2e=975.32ms
[ok] request s40 turn0 ttft=134.33ms hit=0.0 e2e=1403.906ms
[ok] request s335 turn1 ttft=131.367ms hit=0.0 e2e=1296.44ms
[ok] request s541 turn0 ttft=134.484ms hit=0.0 e2e=206.285ms
[ok] request s59 turn0 ttft=215.142ms hit=0.0 e2e=553.347ms
[ok] request s90 turn0 ttft=230.126ms hit=0.0 e2e=883.685ms
[ok] request s346 turn1 ttft=299.706ms hit=0.830105 e2e=955.09ms
[ok] request s43 turn2 ttft=365.657ms hit=0.561404 e2e=1048.771ms
[ok] request s468 turn0 ttft=250.911ms hit=0.0 e2e=1202.573ms
[ok] openhands s258 turn3 ttft=465.073ms hit=0.978136 e2e=1148.008ms
[ok] request s359 turn3 ttft=365.127ms hit=0.665223 e2e=1047.808ms
[ok] openhands s510 turn7 ttft=461.85ms hit=0.985727 e2e=1146.195ms
[ok] request s542 turn1 ttft=364.487ms hit=0.0 e2e=1048.59ms
[ok] openhands s447 turn11 ttft=355.644ms hit=0.969011 e2e=1179.166ms
[ok] request s185 turn1 ttft=298.546ms hit=0.0 e2e=957.277ms
[ok] request s355 turn1 ttft=244.122ms hit=0.0 e2e=842.696ms
[ok] request s431 turn0 ttft=157.49ms hit=0.0 e2e=575.073ms
[ok] request s559 turn0 ttft=352.105ms hit=0.0 e2e=894.026ms
[ok] openhands s1 turn0 ttft=858.541ms hit=0.225894 e2e=1529.293ms
[ok] openhands s447 turn12 ttft=506.026ms hit=0.890435 e2e=1570.661ms
[ok] request s410 turn0 ttft=540.035ms hit=0.0 e2e=1215.613ms
[ok] request s346 turn2 ttft=452.55ms hit=0.918807 e2e=998.496ms
[ok] openhands s510 turn8 ttft=744.035ms hit=0.988939 e2e=1543.829ms
[ok] request s185 turn2 ttft=450.02ms hit=0.0 e2e=995.871ms
[ok] request s335 turn2 ttft=528.104ms hit=0.0 e2e=1073.586ms
[ok] openhands s258 turn4 ttft=302.733ms hit=0.980092 e2e=1596.696ms
[ok] request s59 turn1 ttft=469.804ms hit=0.0 e2e=1015.076ms
[ok] request s355 turn2 ttft=326.243ms hit=0.0 e2e=756.775ms
[ok] request s280 turn0 ttft=130.77ms hit=0.0 e2e=919.761ms
[ok] openhands s447 turn13 ttft=528.411ms hit=0.990033 e2e=1171.979ms
[ok] openhands s258 turn5 ttft=421.379ms hit=0.881348 e2e=1187.902ms
[ok] request s146 turn0 ttft=496.766ms hit=0.0 e2e=1144.25ms
[ok] openhands s510 turn9 ttft=426.695ms hit=0.988094 e2e=1194.181ms
[ok] request s352 turn0 ttft=182.602ms hit=0.0 e2e=827.39ms
[ok] openhands s1 turn1 ttft=305.245ms hit=0.975935 e2e=1197.065ms
[ok] request s185 turn3 ttft=296.956ms hit=0.524053 e2e=870.844ms
[ok] request s346 turn3 ttft=292.022ms hit=0.88105 e2e=873.438ms
[ok] request s310 turn0 ttft=210.481ms hit=0.0 e2e=785.437ms
[ok] request s335 turn3 ttft=294.295ms hit=0.6658 e2e=871.188ms
[ok] request s59 turn2 ttft=286.344ms hit=0.0 e2e=869.071ms
[ok] request s125 turn0 ttft=128.706ms hit=0.0 e2e=1512.921ms
[ok] request s248 turn0 ttft=171.953ms hit=0.0 e2e=253.059ms
[ok] openhands s447 turn14 ttft=686.438ms hit=0.991783 e2e=1585.421ms
[ok] openhands s1 turn2 ttft=622.632ms hit=0.666348 e2e=1637.338ms
[ok] request s560 turn0 ttft=620.948ms hit=0.0 e2e=1520.929ms
[ok] openhands s258 turn6 ttft=578.598ms hit=0.964709 e2e=1594.218ms
[ok] request s293 turn0 ttft=309.009ms hit=0.0 e2e=1204.497ms
[ok] openhands s510 turn10 ttft=377.419ms hit=0.985443 e2e=1645.285ms
[ok] request s352 turn1 ttft=150.055ms hit=0.0 e2e=1046.465ms
[ok] request s335 turn4 ttft=366.824ms hit=0.842105 e2e=1053.711ms
[ok] request s148 turn0 ttft=144.25ms hit=0.0 e2e=1175.389ms
[ok] request s185 turn4 ttft=254.246ms hit=0.636288 e2e=1059.011ms
[ok] request s310 turn1 ttft=367.443ms hit=0.0 e2e=1057.203ms
[ok] request s59 turn3 ttft=365.518ms hit=0.544681 e2e=1054.423ms
[ok] request s79 turn0 ttft=139.793ms hit=0.0 e2e=1109.731ms
[ok] openhands s510 turn11 ttft=708.597ms hit=0.984426 e2e=1235.771ms
[ok] openhands s258 turn7 ttft=628.31ms hit=0.729665 e2e=1287.298ms
[ok] request s290 turn0 ttft=696.604ms hit=0.0 e2e=1226.878ms
[ok] request s560 turn1 ttft=164.42ms hit=0.0 e2e=692.815ms
[ok] openhands s447 turn15 ttft=741.036ms hit=0.96595 e2e=1271.129ms
[ok] request s125 turn1 ttft=488.148ms hit=0.0 e2e=1017.948ms
[ok] openhands s1 turn3 ttft=388.196ms hit=0.845994 e2e=1292.93ms
[ok] request s171 turn0 ttft=380.613ms hit=0.0 e2e=910.354ms
[ok] request s148 turn1 ttft=253.166ms hit=0.0 e2e=884.724ms
[ok] request s335 turn5 ttft=250.92ms hit=0.873294 e2e=888.732ms
[ok] request s59 turn4 ttft=252.58ms hit=0.689408 e2e=885.472ms
[ok] openhands s447 turn16 ttft=419.418ms hit=0.957384 e2e=798.296ms
[ok] openhands s510 turn12 ttft=397.802ms hit=0.990643 e2e=772.689ms
[ok] openhands s1 turn4 ttft=311.381ms hit=0.963375 e2e=811.708ms
[ok] request s560 turn2 ttft=138.209ms hit=0.334641 e2e=757.237ms
[ok] request s290 turn1 ttft=140.002ms hit=0.0 e2e=758.779ms
[ok] openhands s1 turn5 ttft=314.036ms hit=0.988117 e2e=695.541ms
[ok] openhands s510 turn13 ttft=358.573ms hit=0.97471 e2e=613.456ms
[ok] openhands s447 turn17 ttft=414.633ms hit=0.968055 e2e=676.754ms
[ok] request s335 turn6 ttft=172.202ms hit=0.789514 e2e=427.948ms
[ok] openhands s1 turn6 ttft=313.635ms hit=0.990329 e2e=792.734ms
[ok] openhands s510 turn14 ttft=312.268ms hit=0.975622 e2e=789.744ms
[ok] request s560 turn3 ttft=140.699ms hit=0.448729 e2e=735.508ms
[ok] request s335 turn7 ttft=143.472ms hit=0.816066 e2e=726.612ms
[ok] openhands s1 turn7 ttft=323.003ms hit=0.917453 e2e=673.011ms
[ok] openhands s510 turn15 ttft=321.393ms hit=0.994729 e2e=668.728ms
[ok] openhands s1 turn8 ttft=325.226ms hit=0.992876 e2e=565.428ms
[ok] request s560 turn4 ttft=303.973ms hit=0.770504 e2e=541.564ms
[ok] openhands s1 turn9 ttft=212.191ms hit=0.966335 e2e=456.83ms
[ok] openhands s1 turn10 ttft=206.541ms hit=0.963733 e2e=452.001ms
[ok] openhands s1 turn11 ttft=202.228ms hit=0.945488 e2e=447.084ms
[ok] openhands s1 turn12 ttft=201.142ms hit=0.985659 e2e=445.24ms
[ok] openhands s1 turn13 ttft=207.544ms hit=0.977371 e2e=451.762ms
[ok] openhands s1 turn14 ttft=208.454ms hit=0.9876 e2e=452.316ms
[ok] request s159 turn0 ttft=319.487ms hit=0.0 e2e=795.377ms
[ok] openhands s193 turn0 ttft=626.961ms hit=0.224884 e2e=1102.558ms
[ok] request s424 turn0 ttft=139.03ms hit=0.0 e2e=528.313ms
[ok] request s239 turn0 ttft=134.441ms hit=0.0 e2e=460.135ms
[ok] request s392 turn0 ttft=133.024ms hit=0.0 e2e=611.016ms
[ok] openhands s193 turn1 ttft=283.218ms hit=0.96437 e2e=765.393ms
[ok] request s265 turn0 ttft=153.988ms hit=0.0 e2e=223.793ms
[ok] request s94 turn0 ttft=135.35ms hit=0.0 e2e=612.51ms
[ok] request s159 turn1 ttft=142.705ms hit=0.406349 e2e=500.508ms
[ok] openhands s193 turn2 ttft=176.455ms hit=0.927056 e2e=531.75ms
[ok] request s463 turn0 ttft=131.228ms hit=0.0 e2e=839.769ms
[ok] request s253 turn0 ttft=165.967ms hit=0.0 e2e=759.075ms
[ok] openhands s193 turn3 ttft=286.019ms hit=0.967582 e2e=883.383ms
[ok] request s265 turn1 ttft=132.562ms hit=0.0 e2e=656.016ms
[ok] request s390 turn0 ttft=128.421ms hit=0.0 e2e=528.719ms
[ok] request s498 turn0 ttft=131.685ms hit=0.0 e2e=1454.199ms
[ok] request s539 turn0 ttft=742.815ms hit=0.0 e2e=1241.009ms
[ok] request s278 turn0 ttft=226.4ms hit=0.0 e2e=606.938ms
[ok] request s353 turn0 ttft=539.533ms hit=0.0 e2e=923.543ms
[ok] request s463 turn1 ttft=685.66ms hit=0.0 e2e=1070.338ms
[ok] openhands s193 turn4 ttft=932.997ms hit=0.477461 e2e=1433.256ms
[ok] request s470 turn0 ttft=132.682ms hit=0.0 e2e=387.447ms
[ok] request s361 turn0 ttft=201.915ms hit=0.0 e2e=1125.815ms
[ok] openhands s193 turn5 ttft=225.803ms hit=0.929782 e2e=1150.646ms
[ok] openhands s385 turn0 ttft=619.521ms hit=0.220172 e2e=1239.791ms
[ok] request s378 turn0 ttft=304.674ms hit=0.0 e2e=924.568ms
[ok] request s463 turn2 ttft=366.934ms hit=0.597782 e2e=986.499ms
[ok] request s498 turn1 ttft=468.011ms hit=0.0 e2e=1091.833ms
[ok] request s470 turn1 ttft=268.082ms hit=0.0 e2e=889.03ms
[ok] request s514 turn0 ttft=138.73ms hit=0.0 e2e=658.117ms
[ok] request s58 turn0 ttft=191.526ms hit=0.0 e2e=561.508ms
[ok] openhands s193 turn6 ttft=327.352ms hit=0.970778 e2e=702.098ms
[ok] request s525 turn0 ttft=149.925ms hit=0.0 e2e=523.402ms
[ok] openhands s385 turn1 ttft=177.171ms hit=0.855778 e2e=550.825ms
[ok] request s494 turn0 ttft=129.438ms hit=0.0 e2e=148.34ms
[ok] request s85 turn0 ttft=166.723ms hit=0.0 e2e=1127.959ms
[ok] openhands s193 turn7 ttft=236.38ms hit=0.947228 e2e=1198.595ms
[ok] openhands s385 turn2 ttft=392.644ms hit=0.989758 e2e=1145.173ms
[ok] request s219 turn0 ttft=298.519ms hit=0.0 e2e=1036.484ms
[ok] request s470 turn2 ttft=359.459ms hit=0.25422 e2e=1097.079ms
[ok] request s498 turn2 ttft=359.772ms hit=0.0 e2e=1099.541ms
[ok] request s370 turn0 ttft=134.835ms hit=0.0 e2e=1228.318ms
[ok] request s525 turn1 ttft=135.171ms hit=0.0 e2e=1108.062ms
[ok] request s274 turn0 ttft=314.652ms hit=0.0 e2e=1082.795ms
[ok] request s494 turn1 ttft=135.265ms hit=0.0 e2e=720.962ms
[ok] openhands s385 turn3 ttft=236.724ms hit=0.969761 e2e=1092.729ms
[ok] openhands s193 turn8 ttft=334.578ms hit=0.988357 e2e=1317.935ms
[ok] request s365 turn0 ttft=241.485ms hit=0.0 e2e=873.116ms
[ok] request s470 turn3 ttft=196.679ms hit=0.526388 e2e=641.619ms
[ok] request s219 turn1 ttft=198.329ms hit=0.539705 e2e=642.954ms
[ok] request s282 turn0 ttft=243.331ms hit=0.0 e2e=693.412ms
[ok] request s458 turn0 ttft=138.533ms hit=0.0 e2e=640.884ms
[ok] request s368 turn0 ttft=272.829ms hit=0.0 e2e=1857.443ms
[ok] openhands s385 turn4 ttft=352.856ms hit=0.939687 e2e=1937.244ms
[ok] openhands s193 turn9 ttft=349.844ms hit=0.969213 e2e=1948.79ms
[ok] request s494 turn2 ttft=330.282ms hit=0.0 e2e=1399.526ms
[ok] request s470 turn4 ttft=158.072ms hit=0.623782 e2e=1371.953ms
[ok] request s274 turn1 ttft=274.038ms hit=0.0 e2e=1618.277ms
[ok] request s282 turn1 ttft=156.726ms hit=0.0 e2e=1370.493ms
[ok] request s518 turn0 ttft=180.601ms hit=0.0 e2e=1395.609ms
[ok] request s337 turn0 ttft=250.53ms hit=0.0 e2e=1714.559ms
[ok] request s365 turn1 ttft=289.476ms hit=0.0 e2e=1509.788ms
[ok] request s458 turn1 ttft=318.792ms hit=0.0 e2e=1487.493ms
[ok] request s420 turn0 ttft=486.909ms hit=0.0 e2e=1143.799ms
[ok] request s314 turn0 ttft=174.698ms hit=0.0 e2e=826.186ms
[ok] openhands s323 turn0 ttft=686.019ms hit=0.225208 e2e=1460.243ms
[ok] request s106 turn0 ttft=328.023ms hit=0.0 e2e=1429.818ms
[ok] openhands s385 turn5 ttft=354.602ms hit=0.946596 e2e=1456.123ms
[ok] openhands s193 turn10 ttft=363.145ms hit=0.940682 e2e=1470.452ms
[ok] request s226 turn0 ttft=134.624ms hit=0.0 e2e=1120.509ms
[ok] request s282 turn2 ttft=196.258ms hit=0.446771 e2e=1085.349ms
[ok] request s470 turn5 ttft=198.992ms hit=0.770214 e2e=1091.383ms
[ok] request s368 turn1 ttft=248.219ms hit=0.0 e2e=1265.457ms
[ok] openhands s323 turn1 ttft=290.986ms hit=0.963614 e2e=1307.909ms
[ok] request s365 turn2 ttft=194.681ms hit=0.375918 e2e=1087.212ms
[ok] request s136 turn0 ttft=289.058ms hit=0.0 e2e=1183.918ms
[ok] request s494 turn3 ttft=344.69ms hit=0.0 e2e=1239.088ms
[ok] request s129 turn0 ttft=133.941ms hit=0.0 e2e=939.843ms
[ok] request s458 turn2 ttft=144.876ms hit=0.361582 e2e=909.387ms
[ok] request s420 turn1 ttft=142.645ms hit=0.0 e2e=907.768ms
[ok] request s527 turn0 ttft=136.747ms hit=0.0 e2e=899.065ms
[ok] request s452 turn0 ttft=175.987ms hit=0.0 e2e=804.125ms
[ok] openhands s193 turn11 ttft=296.232ms hit=0.989691 e2e=924.838ms
[ok] openhands s385 turn6 ttft=312.987ms hit=0.946122 e2e=950.93ms
[ok] request s533 turn0 ttft=229.343ms hit=0.0 e2e=1219.829ms
[ok] openhands s323 turn2 ttft=288.351ms hit=0.945076 e2e=1282.145ms
[ok] request s480 turn0 ttft=133.314ms hit=0.0 e2e=1135.54ms
[ok] request s458 turn3 ttft=344.552ms hit=0.691892 e2e=1008.894ms
[ok] request s470 turn6 ttft=426.953ms hit=0.862534 e2e=1209.288ms
[ok] openhands s193 turn12 ttft=446.784ms hit=0.975945 e2e=1228.741ms
[ok] request s527 turn1 ttft=305.708ms hit=0.0 e2e=859.02ms
[ok] request s420 turn2 ttft=343.295ms hit=0.304762 e2e=1010.082ms
[ok] request s430 turn0 ttft=223.932ms hit=0.0 e2e=772.336ms
[ok] request s129 turn1 ttft=353.308ms hit=0.608076 e2e=1138.005ms
[ok] request s268 turn0 ttft=307.811ms hit=0.0 e2e=1092.229ms
[ok] request s368 turn2 ttft=426.465ms hit=0.0 e2e=1210.621ms
[ok] openhands s385 turn7 ttft=318.006ms hit=0.904928 e2e=1236.949ms
[ok] request s494 turn4 ttft=425.594ms hit=0.0 e2e=1209.704ms
[ok] openhands s323 turn3 ttft=178.545ms hit=0.970346 e2e=700.487ms
[ok] request s207 turn0 ttft=141.466ms hit=0.0 e2e=663.879ms
[ok] request s279 turn0 ttft=141.917ms hit=0.0 e2e=2163.697ms
[ok] request s295 turn0 ttft=137.962ms hit=0.0 e2e=162.565ms
[ok] request s268 turn1 ttft=970.36ms hit=0.0 e2e=1675.52ms
[ok] request s554 turn0 ttft=263.901ms hit=0.0 e2e=2105.388ms
[ok] openhands s193 turn13 ttft=434.569ms hit=0.954806 e2e=2275.661ms
[ok] request s494 turn5 ttft=969.973ms hit=0.0 e2e=1676.968ms
[ok] request s420 turn3 ttft=976.625ms hit=0.0 e2e=1681.421ms
[ok] request s527 turn2 ttft=976.032ms hit=0.0 e2e=1687.78ms
[ok] request s470 turn7 ttft=979.387ms hit=0.0 e2e=1690.865ms
[ok] request s480 turn1 ttft=406.867ms hit=0.0 e2e=1962.563ms
[ok] request s129 turn2 ttft=974.3ms hit=0.0 e2e=1685.349ms
[ok] request s294 turn0 ttft=892.289ms hit=0.0 e2e=1476.948ms
[ok] request s546 turn0 ttft=243.147ms hit=0.0 e2e=840.877ms
[ok] openhands s323 turn4 ttft=339.775ms hit=0.977028 e2e=2072.472ms
[ok] request s458 turn4 ttft=747.62ms hit=0.734426 e2e=1694.78ms
[ok] openhands s385 turn8 ttft=322.393ms hit=0.954887 e2e=2287.544ms
[ok] openhands s68 turn0 ttft=848.448ms hit=0.189489 e2e=1795.602ms
[ok] request s255 turn0 ttft=557.827ms hit=0.0 e2e=1161.149ms
[ok] request s78 turn0 ttft=130.243ms hit=0.0 e2e=795.044ms
[ok] request s255 turn1 ttft=324.492ms hit=0.388467 e2e=994.715ms
[ok] openhands s68 turn1 ttft=422.032ms hit=0.988878 e2e=1590.032ms
[ok] openhands s385 turn9 ttft=427.336ms hit=0.980697 e2e=1594.964ms
[ok] request s33 turn0 ttft=299.282ms hit=0.0 e2e=860.753ms
[ok] request s480 turn2 ttft=330.179ms hit=0.0 e2e=1005.499ms
[ok] request s78 turn1 ttft=175.165ms hit=0.0 e2e=734.698ms
[ok] request s527 turn3 ttft=330.38ms hit=0.528926 e2e=1007.629ms
[ok] request s279 turn1 ttft=357.233ms hit=0.0 e2e=1272.059ms
[ok] request s481 turn0 ttft=323.667ms hit=0.0 e2e=1497.24ms
[ok] request s458 turn5 ttft=327.746ms hit=0.781812 e2e=1005.185ms
[ok] openhands s193 turn14 ttft=492.21ms hit=0.929387 e2e=1525.48ms
[ok] request s420 turn4 ttft=336.944ms hit=0.654313 e2e=1014.369ms
[ok] openhands s323 turn5 ttft=301.234ms hit=0.98576 e2e=1606.843ms
[ok] request s116 turn0 ttft=383.643ms hit=0.0 e2e=1180.443ms
[ok] request s350 turn0 ttft=130.906ms hit=0.0 e2e=567.189ms
[ok] request s95 turn0 ttft=132.246ms hit=0.0 e2e=2134.115ms
[ok] request s212 turn0 ttft=1083.061ms hit=0.0 e2e=1411.907ms
[ok] openhands s68 turn2 ttft=1802.441ms hit=0.343441 e2e=2131.715ms
[ok] openhands s193 turn15 ttft=504.355ms hit=0.993175 e2e=2126.547ms
[ok] request s304 turn0 ttft=454.256ms hit=0.0 e2e=783.488ms
[ok] request s375 turn0 ttft=767.658ms hit=0.0 e2e=1101.248ms
[ok] request s420 turn5 ttft=1207.865ms hit=0.806723 e2e=1541.164ms
[ok] request s154 turn0 ttft=1403.602ms hit=0.0 e2e=1736.645ms
[ok] openhands s323 turn6 ttft=1686.331ms hit=0.964458 e2e=2019.009ms
[ok] request s480 turn3 ttft=1211.19ms hit=0.483019 e2e=1543.621ms
[ok] request s366 turn0 ttft=1721.554ms hit=0.0 e2e=2053.735ms
[ok] request s33 turn1 ttft=1213.244ms hit=0.0 e2e=1545.205ms
[ok] openhands s385 turn10 ttft=329.272ms hit=0.920991 e2e=2143.383ms
[ok] request s255 turn2 ttft=1220.596ms hit=0.404423 e2e=1552.636ms
[ok] openhands s68 turn3 ttft=477.064ms hit=0.986603 e2e=975.784ms
[ok] openhands s385 turn11 ttft=476.088ms hit=0.979949 e2e=981.928ms
[ok] request s95 turn1 ttft=135.452ms hit=0.0 e2e=636.529ms
[ok] openhands s323 turn7 ttft=486.378ms hit=0.970031 e2e=988.732ms
[ok] openhands s193 turn16 ttft=370.651ms hit=0.982228 e2e=998.421ms
[ok] request s366 turn1 ttft=251.588ms hit=0.0 e2e=988.578ms
[ok] request s420 turn6 ttft=250.048ms hit=0.756757 e2e=991.716ms
[ok] openhands s385 turn12 ttft=530.404ms hit=0.978373 e2e=784.707ms
[ok] openhands s193 turn17 ttft=424.311ms hit=0.995246 e2e=799.362ms
[ok] openhands s323 turn8 ttft=321.583ms hit=0.874093 e2e=806.101ms
[ok] openhands s68 turn4 ttft=363.062ms hit=0.992225 e2e=614.147ms
[ok] openhands s385 turn13 ttft=270.375ms hit=0.965148 e2e=519.257ms
[ok] openhands s68 turn5 ttft=419.452ms hit=0.994118 e2e=677.19ms
[ok] openhands s323 turn9 ttft=303.58ms hit=0.982313 e2e=683.871ms
[ok] openhands s323 turn10 ttft=577.316ms hit=0.850281 e2e=828.481ms
[ok] openhands s385 turn14 ttft=315.422ms hit=0.921608 e2e=563.336ms
[ok] openhands s68 turn6 ttft=445.178ms hit=0.930339 e2e=835.775ms
[ok] openhands s323 turn11 ttft=384.995ms hit=0.978721 e2e=632.79ms
[ok] openhands s68 turn7 ttft=437.052ms hit=0.993559 e2e=693.396ms
[ok] openhands s385 turn15 ttft=323.043ms hit=0.930134 e2e=703.341ms
[ok] openhands s68 turn8 ttft=443.906ms hit=0.985308 e2e=690.089ms
[ok] openhands s385 turn16 ttft=427.127ms hit=0.968877 e2e=684.41ms
[ok] openhands s323 turn12 ttft=320.782ms hit=0.971417 e2e=698.263ms
[ok] openhands s385 turn17 ttft=323.645ms hit=0.962065 e2e=573.377ms
[ok] openhands s323 turn13 ttft=310.298ms hit=0.969 e2e=552.114ms
[ok] openhands s323 turn14 ttft=215.056ms hit=0.980611 e2e=557.639ms
[ok] openhands s385 turn18 ttft=217.961ms hit=0.934648 e2e=498.463ms
[ok] openhands s323 turn15 ttft=422.434ms hit=0.982772 e2e=558.479ms
[ok] openhands s385 turn19 ttft=220.232ms hit=0.934744 e2e=475.025ms
[ok] openhands s323 turn16 ttft=474.521ms hit=0.96952 e2e=632.732ms
[ok] openhands s385 turn20 ttft=245.304ms hit=0.951362 e2e=830.226ms
[ok] openhands s68 turn9 ttft=482.505ms hit=0.916131 e2e=741.888ms
[ok] openhands s323 turn17 ttft=340.89ms hit=0.948727 e2e=596.25ms
[ok] openhands s385 turn21 ttft=259.072ms hit=0.960669 e2e=1006.209ms
[ok] openhands s68 turn10 ttft=709.975ms hit=0.832844 e2e=1018.489ms
[ok] openhands s385 turn22 ttft=461.03ms hit=0.967487 e2e=594.863ms
[ok] openhands s68 turn11 ttft=288.818ms hit=0.979302 e2e=530.831ms
[ok] openhands s385 turn23 ttft=228.819ms hit=0.980789 e2e=474.871ms
[ok] openhands s385 turn24 ttft=230.719ms hit=0.979706 e2e=476.756ms
[ok] openhands s385 turn25 ttft=235.445ms hit=0.98365 e2e=481.677ms
[ok] openhands s385 turn26 ttft=240.749ms hit=0.955539 e2e=486.413ms
[ok] openhands s385 turn27 ttft=365.505ms hit=0.965157 e2e=610.321ms
[ok] openhands s68 turn12 ttft=426.301ms hit=0.986202 e2e=676.733ms
[ok] openhands s385 turn28 ttft=322.759ms hit=0.980035 e2e=567.062ms
[ok] openhands s68 turn13 ttft=409.662ms hit=0.979218 e2e=658.706ms
[ok] openhands s385 turn29 ttft=249.723ms hit=0.985439 e2e=493.758ms
[ok] openhands s385 turn30 ttft=240.606ms hit=0.983154 e2e=485.418ms
[ok] openhands s385 turn31 ttft=247.682ms hit=0.987793 e2e=493.882ms
[ok] openhands s385 turn32 ttft=248.37ms hit=0.993447 e2e=493.307ms
[ok] openhands s385 turn33 ttft=273.253ms hit=0.982681 e2e=520.931ms
[ok] openhands s68 turn14 ttft=416.572ms hit=0.985157 e2e=669.05ms
[ok] openhands s385 turn34 ttft=1798.267ms hit=0.964967 e2e=2069.132ms
[ok] openhands s68 turn15 ttft=1046.726ms hit=0.830305 e2e=2091.366ms
[ok] request s404 turn0 ttft=332.295ms hit=0.0 e2e=852.025ms
[ok] request s548 turn0 ttft=136.405ms hit=0.0 e2e=530.898ms
[ok] openhands s322 turn0 ttft=656.098ms hit=0.21988 e2e=1175.615ms
[ok] request s11 turn0 ttft=135.594ms hit=0.0 e2e=466.614ms
[ok] request s345 turn0 ttft=309.863ms hit=0.0 e2e=464.573ms
[ok] request s389 turn0 ttft=1203.894ms hit=0.0 e2e=1239.563ms
[ok] request s398 turn0 ttft=136.458ms hit=0.0 e2e=161.783ms
[ok] openhands s322 turn1 ttft=1061.432ms hit=0.907801 e2e=3644.691ms
[ok] request s271 turn0 ttft=953.413ms hit=0.0 e2e=3535.197ms
[ok] request s404 turn1 ttft=468.959ms hit=0.0 e2e=3051.007ms
[ok] openhands s68 turn16 ttft=1079.662ms hit=0.868385 e2e=3664.849ms
[ok] request s428 turn0 ttft=629.813ms hit=0.0 e2e=3215.815ms
[ok] request s227 turn0 ttft=154.988ms hit=0.0 e2e=2630.761ms
[ok] request s345 turn1 ttft=1426.558ms hit=0.497087 e2e=1888.294ms
[ok] request s440 turn0 ttft=1524.845ms hit=0.0 e2e=1986.18ms
[ok] request s187 turn0 ttft=237.63ms hit=0.0 e2e=696.013ms
[ok] request s122 turn0 ttft=558.075ms hit=0.0 e2e=1019.278ms
[ok] openhands s385 turn35 ttft=2150.793ms hit=0.061848 e2e=2611.599ms
[ok] request s531 turn0 ttft=882.086ms hit=0.0 e2e=1341.656ms
[ok] request s457 turn0 ttft=1849.782ms hit=0.0 e2e=2310.078ms
[ok] request s389 turn1 ttft=292.521ms hit=0.0 e2e=327.425ms
[ok] request s118 turn0 ttft=402.026ms hit=0.0 e2e=1172.701ms
[ok] openhands s385 turn36 ttft=465.39ms hit=0.984744 e2e=1117.542ms
[ok] request s121 turn0 ttft=203.118ms hit=0.0 e2e=852.114ms
[ok] openhands s322 turn2 ttft=294.498ms hit=0.933625 e2e=1185.05ms
[ok] request s389 turn2 ttft=259.246ms hit=0.0 e2e=469.601ms
[ok] request s28 turn0 ttft=200.107ms hit=0.0 e2e=1258.313ms
[ok] request s187 turn1 ttft=192.963ms hit=0.0 e2e=1251.517ms
[ok] request s457 turn1 ttft=192.303ms hit=0.0 e2e=1252.626ms
[ok] request s271 turn1 ttft=249.029ms hit=0.0 e2e=1319.614ms
[ok] request s227 turn1 ttft=195.512ms hit=0.868868 e2e=1255.695ms
[ok] request s404 turn2 ttft=257.561ms hit=0.241737 e2e=1317.473ms
[ok] request s389 turn3 ttft=533.034ms hit=0.0 e2e=585.416ms
[ok] request s166 turn0 ttft=134.427ms hit=0.0 e2e=1938.383ms
[ok] request s411 turn0 ttft=137.196ms hit=0.0 e2e=150.175ms
[ok] openhands s385 turn37 ttft=407.418ms hit=0.97833 e2e=1913.367ms
[ok] request s31 turn0 ttft=305.278ms hit=0.0 e2e=1810.933ms
[ok] openhands s322 turn3 ttft=407.601ms hit=0.797808 e2e=1925.659ms
[ok] request s151 turn0 ttft=137.009ms hit=0.0 e2e=1670.967ms
[ok] openhands s67 turn0 ttft=705.493ms hit=0.189489 e2e=1349.463ms
[ok] request s118 turn1 ttft=247.15ms hit=0.0 e2e=1512.012ms
[ok] request s289 turn0 ttft=500.343ms hit=0.0 e2e=1028.881ms
[ok] request s7 turn0 ttft=182.249ms hit=0.0 e2e=706.934ms
[ok] request s121 turn1 ttft=422.284ms hit=0.0 e2e=1511.897ms
[ok] request s187 turn2 ttft=257.603ms hit=0.0 e2e=782.273ms
[ok] request s389 turn4 ttft=366.74ms hit=0.0 e2e=395.801ms
[ok] request s145 turn0 ttft=313.116ms hit=0.0 e2e=1177.082ms
[ok] openhands s385 turn38 ttft=423.124ms hit=0.954951 e2e=1308.799ms
[ok] openhands s67 turn1 ttft=366.39ms hit=0.988878 e2e=1138.701ms
[ok] openhands s322 turn4 ttft=307.254ms hit=0.976996 e2e=1321.644ms
[ok] request s464 turn0 ttft=231.642ms hit=0.0 e2e=877.557ms
[ok] request s389 turn5 ttft=260.493ms hit=0.654731 e2e=690.377ms
[ok] request s118 turn2 ttft=235.696ms hit=0.592593 e2e=1286.039ms
[ok] request s187 turn3 ttft=232.589ms hit=0.48855 e2e=1283.087ms
[ok] request s121 turn2 ttft=232.374ms hit=0.342475 e2e=1284.571ms
[ok] request s563 turn0 ttft=240.852ms hit=0.0 e2e=1303.867ms
[ok] request s289 turn1 ttft=234.686ms hit=0.0 e2e=1287.803ms
[ok] request s234 turn0 ttft=142.636ms hit=0.0 e2e=1185.11ms
[ok] request s145 turn1 ttft=138.855ms hit=0.0 e2e=492.9ms
[ok] openhands s322 turn5 ttft=388.003ms hit=0.939048 e2e=1034.945ms
[ok] openhands s385 turn39 ttft=390.09ms hit=0.971527 e2e=1028.315ms
[ok] openhands s67 turn2 ttft=391.898ms hit=0.888463 e2e=1040.551ms
[ok] request s20 turn0 ttft=312.695ms hit=0.0 e2e=953.116ms
[ok] request s380 turn0 ttft=136.115ms hit=0.0 e2e=492.179ms
[ok] request s87 turn0 ttft=137.344ms hit=0.0 e2e=816.159ms
[ok] request s519 turn0 ttft=1675.926ms hit=0.0 e2e=6727.581ms
[ok] request s20 turn1 ttft=5590.212ms hit=0.0 e2e=6498.995ms
[ok] request s145 turn2 ttft=5603.409ms hit=0.0 e2e=6796.208ms
[ok] request s187 turn4 ttft=1713.038ms hit=0.0 e2e=7318.2ms
[ok] openhands s322 turn6 ttft=1703.262ms hit=0.91217 e2e=7614.912ms
[ok] request s118 turn3 ttft=1411.502ms hit=0.0 e2e=7322.795ms
[ok] request s262 turn0 ttft=5180.68ms hit=0.0 e2e=6322.804ms
[ok] request s283 turn0 ttft=4857.195ms hit=0.0 e2e=6000.077ms
[ok] request s289 turn2 ttft=1709.997ms hit=0.0 e2e=7317.952ms
[ok] openhands s68 turn17 ttft=5856.196ms hit=0.030109 e2e=7299.54ms
[ok] request s380 turn1 ttft=5701.121ms hit=0.0 e2e=6847.345ms
[ok] openhands s385 turn40 ttft=1548.273ms hit=0.948829 e2e=7464.801ms
[ok] request s87 turn1 ttft=5701.035ms hit=0.0 e2e=6846.839ms
[ok] request s556 turn0 ttft=5529.837ms hit=0.0 e2e=6973.8ms
[ok] request s121 turn3 ttft=1712.788ms hit=0.0 e2e=7325.694ms
[ok] openhands s67 turn3 ttft=1715.308ms hit=0.38474 e2e=7632.455ms
[ok] request s234 turn1 ttft=5681.076ms hit=0.0 e2e=7125.375ms
[ok] request s52 turn0 ttft=1700.932ms hit=0.0 e2e=7618.195ms
[ok] request s376 turn0 ttft=5507.123ms hit=0.0 e2e=6653.251ms
[ok] request s344 turn0 ttft=1047.258ms hit=0.0 e2e=1821.553ms
[ok] request s307 turn0 ttft=403.503ms hit=0.0 e2e=1177.645ms
[ok] openhands s3 turn0 ttft=3628.954ms hit=0.0 e2e=4402.905ms
[ok] request s218 turn0 ttft=210.242ms hit=0.0 e2e=855.598ms
[ok] request s469 turn0 ttft=3890.352ms hit=0.0 e2e=5048.777ms
[ok] request s453 turn0 ttft=1372.103ms hit=0.0 e2e=2146.757ms
[ok] request s14 turn0 ttft=2985.518ms hit=0.0 e2e=3760.134ms
[ok] request s530 turn0 ttft=711.661ms hit=0.0 e2e=1486.2ms
[ok] request s92 turn0 ttft=3569.336ms hit=0.0 e2e=4728.448ms
[ok] request s529 turn0 ttft=1695.742ms hit=0.0 e2e=2470.684ms
[ok] request s8 turn0 ttft=4538.124ms hit=0.0 e2e=5697.138ms
[ok] request s99 turn0 ttft=2341.615ms hit=0.0 e2e=3117.029ms
[ok] request s123 turn0 ttft=4216.168ms hit=0.0 e2e=5375.658ms
[ok] request s48 turn0 ttft=3309.477ms hit=0.0 e2e=4085.419ms
[ok] request s238 turn0 ttft=2019.399ms hit=0.0 e2e=2795.328ms
[ok] request s459 turn0 ttft=2665.346ms hit=0.0 e2e=3441.31ms
[ok] request s38 turn0 ttft=138.02ms hit=0.0 e2e=1211.83ms
[ok] request s423 turn0 ttft=139.647ms hit=0.0 e2e=2906.126ms
[ok] request s145 turn3 ttft=1385.886ms hit=0.0 e2e=2546.919ms
[ok] request s556 turn1 ttft=2019.12ms hit=0.0 e2e=2312.077ms
[ok] openhands s3 turn1 ttft=1380.806ms hit=0.984159 e2e=2951.777ms
[ok] openhands s385 turn41 ttft=1362.942ms hit=0.946905 e2e=2934.078ms
[ok] request s123 turn1 ttft=2002.418ms hit=0.0 e2e=2361.478ms
[ok] request s238 turn1 ttft=2000.41ms hit=0.0 e2e=2360.417ms
[ok] request s502 turn0 ttft=1614.077ms hit=0.0 e2e=2858.014ms
[ok] request s540 turn0 ttft=1924.344ms hit=0.0 e2e=2537.606ms
[ok] request s52 turn1 ttft=2013.426ms hit=0.0 e2e=2378.111ms
[ok] request s115 turn0 ttft=1850.165ms hit=0.0 e2e=2215.788ms
[ok] openhands s68 turn18 ttft=1708.646ms hit=0.988103 e2e=2953.724ms
[ok] request s121 turn4 ttft=2017.329ms hit=0.0 e2e=2381.691ms
[ok] request s380 turn2 ttft=2021.381ms hit=0.0 e2e=2385.085ms
[ok] openhands s322 turn7 ttft=1942.561ms hit=0.117829 e2e=2557.807ms
[ok] openhands s258 turn8 ttft=1387.035ms hit=0.12191 e2e=2968.42ms
[ok] request s187 turn5 ttft=1778.903ms hit=0.0 e2e=2394.59ms
[ok] openhands s67 turn4 ttft=1378.634ms hit=0.986196 e2e=2961.535ms
[ok] request s529 turn1 ttft=2009.035ms hit=0.0 e2e=2373.617ms
[ok] request s371 turn0 ttft=564.629ms hit=0.0 e2e=934.117ms
[ok] request s210 turn0 ttft=1531.061ms hit=0.0 e2e=1902.628ms
[ok] request s393 turn0 ttft=887.825ms hit=0.0 e2e=1257.955ms
[ok] request s396 turn0 ttft=1209.092ms hit=0.0 e2e=1581.286ms
[ok] request s556 turn2 ttft=300.283ms hit=0.0 e2e=921.912ms
[ok] openhands s258 turn9 ttft=836.045ms hit=0.972029 e2e=1407.402ms
[ok] openhands s3 turn2 ttft=876.909ms hit=0.975558 e2e=1448.38ms
[ok] openhands s385 turn42 ttft=630.994ms hit=0.966223 e2e=1431.265ms
[ok] request s145 turn4 ttft=318.439ms hit=0.0 e2e=938.955ms
[ok] request s529 turn2 ttft=227.426ms hit=0.333116 e2e=855.422ms
[ok] openhands s68 turn19 ttft=768.312ms hit=0.996887 e2e=1449.321ms
[ok] openhands s67 turn5 ttft=724.933ms hit=0.991208 e2e=1353.077ms
[ok] request s380 turn3 ttft=230.029ms hit=0.731777 e2e=859.206ms
[ok] request s123 turn2 ttft=239.311ms hit=0.222609 e2e=867.972ms
[ok] request s393 turn1 ttft=223.269ms hit=0.610008 e2e=851.979ms
[ok] request s529 turn3 ttft=610.423ms hit=0.818327 e2e=908.271ms
[ok] openhands s67 turn6 ttft=632.168ms hit=0.992271 e2e=1505.105ms
[ok] openhands s385 turn43 ttft=1096.035ms hit=0.90796 e2e=1486.408ms
[ok] request s556 turn3 ttft=618.823ms hit=0.0 e2e=917.795ms
[ok] openhands s68 turn20 ttft=1199.466ms hit=0.985025 e2e=1499.862ms
[ok] request s393 turn2 ttft=608.692ms hit=0.359677 e2e=908.934ms
[ok] openhands s3 turn3 ttft=601.078ms hit=0.955768 e2e=1511.859ms
[ok] openhands s322 turn8 ttft=1187.765ms hit=0.896116 e2e=2099.498ms
[ok] openhands s258 turn10 ttft=1170.911ms hit=0.982111 e2e=1474.676ms
[ok] openhands s3 turn4 ttft=614.339ms hit=0.964427 e2e=994.633ms
[ok] openhands s322 turn9 ttft=610.559ms hit=0.967491 e2e=992.14ms
[ok] openhands s67 turn7 ttft=645.606ms hit=0.993278 e2e=1031.814ms
[ok] openhands s385 turn44 ttft=628.442ms hit=0.971342 e2e=1027.902ms
[ok] request s529 turn4 ttft=292.602ms hit=0.657615 e2e=918.195ms
[ok] openhands s68 turn21 ttft=877.124ms hit=0.989171 e2e=1507.18ms
[ok] openhands s322 turn10 ttft=401.693ms hit=0.935627 e2e=698.844ms
[ok] openhands s3 turn5 ttft=306.025ms hit=0.9815 e2e=733.663ms
[ok] openhands s67 turn8 ttft=424.46ms hit=0.959508 e2e=729.64ms
[ok] openhands s258 turn11 ttft=241.937ms hit=0.985675 e2e=541.032ms
[ok] openhands s68 turn22 ttft=454.386ms hit=0.971192 e2e=5218.056ms
[ok] openhands s3 turn6 ttft=855.445ms hit=0.579698 e2e=4865.868ms
[ok] openhands s322 turn11 ttft=701.163ms hit=0.938794 e2e=4712.95ms
[ok] request s529 turn5 ttft=641.921ms hit=0.807316 e2e=4653.276ms
[ok] openhands s67 turn9 ttft=517.193ms hit=0.935882 e2e=4978.419ms
[ok] openhands s385 turn45 ttft=3329.545ms hit=0.043147 e2e=4271.89ms
[ok] openhands s258 turn12 ttft=3476.893ms hit=0.11577 e2e=3742.128ms
[ok] openhands s68 turn23 ttft=5013.682ms hit=0.997552 e2e=5158.705ms
[ok] openhands s385 turn46 ttft=5018.297ms hit=0.986237 e2e=5168.635ms
[ok] openhands s258 turn13 ttft=4261.815ms hit=0.114934 e2e=4536.381ms
[ok] openhands s67 turn10 ttft=1405.185ms hit=0.841298 e2e=5164.7ms
[ok] openhands s3 turn7 ttft=2408.557ms hit=0.097931 e2e=5157.861ms
[ok] openhands s322 turn12 ttft=3774.181ms hit=0.062685 e2e=4771.646ms
[ok] request s529 turn6 ttft=3595.956ms hit=0.0 e2e=4596.063ms
[ok] openhands s3 turn8 ttft=280.749ms hit=0.941022 e2e=590.725ms
[ok] openhands s385 turn47 ttft=293.64ms hit=0.97294 e2e=642.292ms
[ok] openhands s258 turn14 ttft=285.656ms hit=0.985573 e2e=649.083ms
[ok] openhands s3 turn9 ttft=329.13ms hit=0.944562 e2e=697.016ms
[ok] request s529 turn7 ttft=326.616ms hit=0.833101 e2e=690.841ms
[ok] openhands s385 turn48 ttft=314.688ms hit=0.968064 e2e=7056.587ms
[ok] request s27 turn0 ttft=2456.878ms hit=0.0 e2e=2762.961ms
[ok] request s486 turn0 ttft=2005.373ms hit=0.0 e2e=2440.246ms
[ok] request s216 turn0 ttft=184.493ms hit=0.0 e2e=660.725ms
[ok] request s18 turn0 ttft=714.874ms hit=0.0 e2e=1306.467ms
[ok] request s42 turn0 ttft=1359.849ms hit=0.0 e2e=1951.119ms
[ok] request s192 turn0 ttft=503.835ms hit=0.0 e2e=983.611ms
[ok] request s46 turn0 ttft=1041.07ms hit=0.0 e2e=1629.374ms
[ok] request s363 turn0 ttft=4679.284ms hit=0.0 e2e=5499.98ms
[ok] request s56 turn0 ttft=3292.783ms hit=0.0 e2e=3887.429ms
[ok] request s473 turn0 ttft=5325.459ms hit=0.0 e2e=6146.058ms
[ok] request s336 turn0 ttft=5003.458ms hit=0.0 e2e=5823.755ms
[ok] openhands s3 turn10 ttft=959.232ms hit=0.73173 e2e=7037.596ms
[ok] request s214 turn0 ttft=4261.813ms hit=0.0 e2e=4856.002ms
[ok] openhands s196 turn0 ttft=3535.932ms hit=0.423519 e2e=6791.087ms
[ok] request s190 turn0 ttft=4358.915ms hit=0.0 e2e=5179.751ms
[ok] openhands s67 turn11 ttft=5941.47ms hit=0.048049 e2e=6762.061ms
[ok] request s231 turn0 ttft=2651.697ms hit=0.0 e2e=3244.902ms
[ok] request s176 turn0 ttft=3942.329ms hit=0.0 e2e=4535.324ms
[ok] request s465 turn0 ttft=1684.938ms hit=0.0 e2e=2277.745ms
[ok] openhands s258 turn15 ttft=635.541ms hit=0.989571 e2e=7046.836ms
[ok] request s209 turn0 ttft=3620.931ms hit=0.0 e2e=4213.913ms
[ok] request s83 turn0 ttft=5649.285ms hit=0.0 e2e=6471.268ms
[ok] request s402 turn0 ttft=2976.707ms hit=0.0 e2e=3569.108ms
[ok] request s56 turn1 ttft=313.36ms hit=0.547945 e2e=865.493ms
[ok] openhands s385 turn49 ttft=790.689ms hit=0.982387 e2e=2595.716ms
[ok] request s528 turn0 ttft=590.844ms hit=0.0 e2e=2395.13ms
[ok] openhands s386 turn0 ttft=435.482ms hit=0.0 e2e=2240.491ms
[ok] request s83 turn1 ttft=249.586ms hit=0.0 e2e=1644.904ms
[ok] request s214 turn1 ttft=311.669ms hit=0.651192 e2e=1649.295ms
[ok] request s18 turn1 ttft=259.395ms hit=0.0 e2e=1655.735ms
[ok] request s363 turn1 ttft=256.519ms hit=0.0 e2e=1657.703ms
[ok] openhands s3 turn11 ttft=695.243ms hit=0.98317 e2e=2219.205ms
[ok] request s465 turn1 ttft=311.547ms hit=0.0 e2e=1654.838ms
[ok] openhands s258 turn16 ttft=701.518ms hit=0.969924 e2e=2227.092ms
[ok] request s141 turn0 ttft=430.806ms hit=0.0 e2e=1956.132ms
[ok] request s46 turn1 ttft=316.716ms hit=0.0 e2e=1660.4ms
[ok] openhands s196 turn1 ttft=632.176ms hit=0.972115 e2e=2257.189ms
[ok] request s192 turn1 ttft=318.338ms hit=0.0 e2e=1662.21ms
[ok] request s27 turn1 ttft=415.304ms hit=0.0 e2e=1819.454ms
[ok] request s23 turn0 ttft=291.272ms hit=0.0 e2e=1635.296ms
[ok] request s338 turn0 ttft=134.691ms hit=0.0 e2e=1971.807ms
[ok] request s269 turn0 ttft=443.94ms hit=0.0 e2e=849.884ms
[ok] request s156 turn0 ttft=188.214ms hit=0.0 e2e=2475.109ms
[ok] request s71 turn0 ttft=619.788ms hit=0.0 e2e=2210.0ms
[ok] request s22 turn0 ttft=298.576ms hit=0.0 e2e=1887.784ms
[ok] openhands s67 turn12 ttft=922.933ms hit=0.825526 e2e=2515.045ms
[ok] request s251 turn0 ttft=679.192ms hit=0.0 e2e=1605.347ms
[ok] request s214 turn2 ttft=469.706ms hit=0.65071 e2e=1165.826ms
[ok] request s192 turn2 ttft=461.609ms hit=0.404423 e2e=1159.303ms
[ok] request s517 turn0 ttft=764.592ms hit=0.0 e2e=1462.116ms
[ok] request s83 turn2 ttft=473.315ms hit=0.0 e2e=1170.631ms
[ok] openhands s196 turn2 ttft=908.213ms hit=0.992643 e2e=1745.984ms
[ok] request s18 turn2 ttft=470.258ms hit=0.0 e2e=1171.201ms
[ok] openhands s258 turn17 ttft=748.506ms hit=0.765985 e2e=1758.031ms
[ok] openhands s386 turn1 ttft=876.694ms hit=0.933625 e2e=1719.617ms
[ok] request s465 turn2 ttft=466.518ms hit=0.307508 e2e=1168.023ms
[ok] openhands s3 turn12 ttft=658.38ms hit=0.968545 e2e=1765.921ms
[ok] request s46 turn2 ttft=465.449ms hit=0.456328 e2e=1167.116ms
[ok] openhands s385 turn50 ttft=909.909ms hit=0.973184 e2e=1611.392ms
[ok] request s414 turn0 ttft=240.009ms hit=0.0 e2e=824.917ms
[ok] request s12 turn0 ttft=134.552ms hit=0.0 e2e=1152.707ms
[ok] request s342 turn0 ttft=139.006ms hit=0.0 e2e=1472.551ms
[ok] openhands s258 turn18 ttft=645.117ms hit=0.987098 e2e=1407.521ms
[ok] openhands s3 turn13 ttft=637.854ms hit=0.970964 e2e=1403.098ms
[ok] openhands s385 turn51 ttft=1016.261ms hit=0.991547 e2e=1319.461ms
[ok] openhands s386 turn2 ttft=647.318ms hit=0.954037 e2e=1414.211ms
[ok] request s60 turn0 ttft=505.47ms hit=0.0 e2e=1270.885ms
[ok] request s535 turn0 ttft=390.274ms hit=0.0 e2e=1342.03ms
[ok] request s465 turn3 ttft=453.58ms hit=0.609524 e2e=1210.227ms
[ok] openhands s196 turn3 ttft=695.253ms hit=0.988657 e2e=1647.958ms
[ok] request s71 turn1 ttft=484.363ms hit=0.0 e2e=1440.02ms
[ok] request s192 turn3 ttft=459.651ms hit=0.628221 e2e=1219.691ms
[ok] request s214 turn3 ttft=463.27ms hit=0.699666 e2e=1223.027ms
[ok] request s315 turn0 ttft=267.014ms hit=0.0 e2e=1024.99ms
[ok] request s517 turn1 ttft=458.929ms hit=0.395978 e2e=1218.638ms
[ok] request s18 turn3 ttft=457.562ms hit=0.0 e2e=1217.092ms
[ok] request s46 turn3 ttft=454.302ms hit=0.659794 e2e=1213.613ms
[ok] request s483 turn0 ttft=132.438ms hit=0.0 e2e=1280.73ms
[ok] openhands s196 turn4 ttft=581.416ms hit=0.996189 e2e=1691.868ms
[ok] openhands s386 turn3 ttft=704.887ms hit=0.970532 e2e=2079.976ms
[ok] request s467 turn0 ttft=698.787ms hit=0.0 e2e=2077.257ms
[ok] request s568 turn0 ttft=312.381ms hit=0.0 e2e=1432.308ms
[ok] request s478 turn0 ttft=632.463ms hit=0.0 e2e=1754.316ms
[ok] openhands s385 turn52 ttft=863.044ms hit=0.990896 e2e=1984.471ms
[ok] openhands s258 turn19 ttft=662.085ms hit=0.834229 e2e=2097.291ms
[ok] openhands s3 turn14 ttft=612.397ms hit=0.984012 e2e=1993.109ms
[ok] request s517 turn2 ttft=259.413ms hit=0.524805 e2e=1772.228ms
[ok] request s465 turn4 ttft=266.672ms hit=0.731196 e2e=1779.194ms
[ok] request s301 turn0 ttft=275.552ms hit=0.0 e2e=1787.819ms
[ok] request s483 turn1 ttft=347.765ms hit=0.0 e2e=1198.83ms
[ok] request s214 turn4 ttft=263.459ms hit=0.862069 e2e=1778.639ms
[ok] request s18 turn4 ttft=260.26ms hit=0.613174 e2e=1775.129ms
[ok] request s45 turn0 ttft=294.66ms hit=0.0 e2e=1146.894ms
[ok] openhands s67 turn13 ttft=418.353ms hit=0.996292 e2e=1972.305ms
[ok] openhands s511 turn0 ttft=613.15ms hit=0.224097 e2e=1471.11ms
[ok] request s270 turn0 ttft=143.944ms hit=0.0 e2e=826.462ms
[ok] request s416 turn0 ttft=426.551ms hit=0.0 e2e=581.48ms
[ok] openhands s386 turn4 ttft=640.977ms hit=0.941649 e2e=1884.993ms
[ok] openhands s258 turn20 ttft=636.861ms hit=0.979815 e2e=1883.194ms
[ok] openhands s3 turn15 ttft=1084.125ms hit=0.984738 e2e=1875.061ms
[ok] openhands s196 turn5 ttft=673.767ms hit=0.991414 e2e=1923.085ms
[ok] openhands s511 turn1 ttft=356.474ms hit=0.988028 e2e=1310.578ms
[ok] request s568 turn1 ttft=441.685ms hit=0.0 e2e=1395.492ms
[ok] request s162 turn0 ttft=218.312ms hit=0.0 e2e=1171.094ms
[ok] openhands s385 turn53 ttft=821.317ms hit=0.979298 e2e=1888.045ms
[ok] request s109 turn0 ttft=749.687ms hit=0.0 e2e=1817.187ms
[ok] request s63 turn0 ttft=137.634ms hit=0.0 e2e=1517.68ms
[ok] request s45 turn1 ttft=270.155ms hit=0.0 e2e=1381.811ms
[ok] request s465 turn5 ttft=281.822ms hit=0.832746 e2e=1393.193ms
[ok] request s18 turn5 ttft=413.232ms hit=0.495484 e2e=1384.418ms
[ok] request s517 turn3 ttft=422.077ms hit=0.640534 e2e=1395.451ms
[ok] openhands s67 turn14 ttft=407.986ms hit=0.997117 e2e=1381.002ms
[ok] request s483 turn2 ttft=277.601ms hit=0.368876 e2e=1389.203ms
[ok] request s301 turn1 ttft=418.91ms hit=0.0 e2e=1391.817ms
[ok] request s211 turn0 ttft=231.29ms hit=0.0 e2e=1203.927ms
[ok] request s214 turn5 ttft=396.309ms hit=0.903823 e2e=1388.419ms
[ok] request s86 turn0 ttft=140.214ms hit=0.0 e2e=1267.986ms
[ok] request s149 turn0 ttft=307.048ms hit=0.0 e2e=1244.36ms
[ok] request s287 turn0 ttft=206.181ms hit=0.0 e2e=533.714ms
[ok] openhands s258 turn21 ttft=679.762ms hit=0.973847 e2e=2668.288ms
[ok] openhands s511 turn2 ttft=1096.837ms hit=0.9433 e2e=2657.969ms
[ok] openhands s3 turn16 ttft=731.372ms hit=0.990852 e2e=2721.444ms
[ok] openhands s386 turn5 ttft=690.139ms hit=0.948454 e2e=2679.869ms
[ok] openhands s196 turn6 ttft=1148.329ms hit=0.996636 e2e=2739.236ms
[ok] request s150 turn0 ttft=297.197ms hit=0.0 e2e=1468.232ms
[ok] request s407 turn0 ttft=500.917ms hit=0.0 e2e=2771.055ms
[ok] request s201 turn0 ttft=817.125ms hit=0.0 e2e=3088.025ms
[ok] request s568 turn2 ttft=341.915ms hit=0.447813 e2e=2611.929ms
[ok] request s109 turn1 ttft=340.893ms hit=0.451765 e2e=2610.693ms
[ok] openhands s385 turn54 ttft=834.64ms hit=0.992665 e2e=3106.747ms
[ok] openhands s67 turn15 ttft=306.603ms hit=0.994879 e2e=2459.088ms
[ok] request s275 turn0 ttft=298.272ms hit=0.0 e2e=2450.492ms
[ok] openhands s132 turn0 ttft=744.868ms hit=0.210511 e2e=2431.889ms
[ok] request s45 turn2 ttft=632.715ms hit=0.0 e2e=2321.063ms
[ok] request s86 turn1 ttft=359.71ms hit=0.0 e2e=1934.578ms
[ok] request s18 turn6 ttft=631.807ms hit=0.586932 e2e=2320.082ms
[ok] request s214 turn6 ttft=627.739ms hit=0.880576 e2e=2314.757ms
[ok] request s517 turn4 ttft=630.356ms hit=0.753099 e2e=2318.083ms
[ok] request s172 turn0 ttft=530.922ms hit=0.0 e2e=2105.763ms
[ok] request s419 turn0 ttft=615.618ms hit=0.0 e2e=2191.183ms
[ok] request s334 turn0 ttft=244.484ms hit=0.0 e2e=2037.072ms
[ok] request s523 turn0 ttft=153.29ms hit=0.0 e2e=1943.257ms
[ok] request s150 turn1 ttft=267.402ms hit=0.0 e2e=804.726ms
[ok] request s197 turn0 ttft=241.592ms hit=0.0 e2e=2080.84ms
[ok] request s471 turn0 ttft=145.807ms hit=0.0 e2e=1980.765ms
[ok] request s150 turn2 ttft=181.829ms hit=0.0 e2e=390.091ms
[ok] openhands s3 turn17 ttft=536.03ms hit=0.99278 e2e=2014.521ms
[ok] openhands s258 turn22 ttft=543.384ms hit=0.982588 e2e=2025.785ms
[ok] request s111 turn0 ttft=485.84ms hit=0.0 e2e=1966.404ms
[ok] openhands s511 turn3 ttft=545.013ms hit=0.971862 e2e=2029.27ms
[ok] request s107 turn0 ttft=243.173ms hit=0.0 e2e=1645.438ms
[ok] request s484 turn0 ttft=779.596ms hit=0.0 e2e=2183.703ms
[ok] request s297 turn0 ttft=451.47ms hit=0.0 e2e=1856.307ms
[ok] request s320 turn0 ttft=565.782ms hit=0.0 e2e=1969.354ms
[ok] request s434 turn0 ttft=368.703ms hit=0.0 e2e=1529.171ms
[ok] openhands s196 turn7 ttft=893.294ms hit=0.99343 e2e=2299.417ms
[ok] openhands s386 turn6 ttft=854.092ms hit=0.906061 e2e=2258.971ms
[ok] openhands s67 turn16 ttft=353.793ms hit=0.994341 e2e=1757.216ms
[ok] request s76 turn0 ttft=284.589ms hit=0.0 e2e=1207.4ms
[ok] openhands s385 turn55 ttft=531.817ms hit=0.984424 e2e=1697.653ms
[ok] request s461 turn0 ttft=295.296ms hit=0.0 e2e=1330.878ms
[ok] openhands s132 turn1 ttft=359.721ms hit=0.831013 e2e=1396.211ms
[ok] request s45 turn3 ttft=178.848ms hit=0.0 e2e=1098.711ms
[ok] request s86 turn2 ttft=210.664ms hit=0.272051 e2e=1851.608ms
[ok] request s571 turn0 ttft=249.895ms hit=0.0 e2e=1934.229ms
[ok] request s517 turn5 ttft=206.72ms hit=0.767361 e2e=1847.592ms
[ok] request s18 turn7 ttft=210.21ms hit=0.778116 e2e=1850.801ms
[ok] request s172 turn1 ttft=205.435ms hit=0.577878 e2e=1845.756ms
[ok] request s243 turn0 ttft=134.897ms hit=0.0 e2e=1775.966ms
[ok] request s150 turn3 ttft=1000.495ms hit=0.0 e2e=1555.543ms
[ok] request s302 turn0 ttft=606.464ms hit=0.0 e2e=1249.853ms
[ok] request s475 turn0 ttft=930.49ms hit=0.0 e2e=1847.597ms
[ok] request s471 turn1 ttft=640.129ms hit=0.0 e2e=1558.413ms
[ok] request s523 turn1 ttft=1000.592ms hit=0.671916 e2e=1921.334ms
[ok] openhands s511 turn4 ttft=994.796ms hit=0.968145 e2e=1915.423ms
[ok] openhands s386 turn7 ttft=644.703ms hit=0.957147 e2e=1563.63ms
[ok] openhands s132 turn2 ttft=667.783ms hit=0.978485 e2e=1585.511ms
[ok] openhands s258 turn23 ttft=981.638ms hit=0.973983 e2e=1905.025ms
[ok] openhands s3 turn18 ttft=1011.195ms hit=0.917058 e2e=1937.757ms
[ok] openhands s67 turn17 ttft=708.882ms hit=0.929843 e2e=1631.419ms
[ok] openhands s196 turn8 ttft=909.581ms hit=0.990217 e2e=1626.149ms
[ok] request s175 turn0 ttft=608.391ms hit=0.0 e2e=1205.675ms
[ok] request s434 turn1 ttft=445.854ms hit=0.0 e2e=1042.976ms
[ok] request s461 turn1 ttft=440.488ms hit=0.0 e2e=1037.502ms
[ok] openhands s385 turn56 ttft=996.414ms hit=0.97379 e2e=1593.328ms
[ok] request s76 turn1 ttft=442.62ms hit=0.0 e2e=1039.603ms
[ok] request s50 turn0 ttft=283.407ms hit=0.0 e2e=880.373ms
[ok] request s484 turn1 ttft=449.734ms hit=0.379935 e2e=1046.664ms
[ok] request s327 turn0 ttft=138.134ms hit=0.0 e2e=643.598ms
[ok] request s167 turn0 ttft=145.083ms hit=0.0 e2e=1255.498ms
[ok] openhands s386 turn8 ttft=952.043ms hit=0.917806 e2e=1380.019ms
[ok] openhands s258 turn24 ttft=973.16ms hit=0.986968 e2e=1401.836ms
[ok] openhands s3 turn19 ttft=1030.247ms hit=0.968735 e2e=1465.974ms
[ok] openhands s511 turn5 ttft=1223.779ms hit=0.976326 e2e=2131.463ms
[ok] request s517 turn6 ttft=973.143ms hit=0.810796 e2e=2153.962ms
[ok] openhands s132 turn3 ttft=1268.831ms hit=0.978107 e2e=2157.985ms
[ok] request s388 turn0 ttft=932.275ms hit=0.0 e2e=2112.776ms
[ok] request s172 turn2 ttft=959.26ms hit=0.793552 e2e=2139.018ms
[ok] openhands s67 turn18 ttft=1022.422ms hit=0.99194 e2e=2205.704ms
[ok] request s77 turn0 ttft=668.949ms hit=0.0 e2e=2042.946ms
[ok] openhands s196 turn9 ttft=1078.151ms hit=0.994272 e2e=2451.837ms
[ok] openhands s385 turn57 ttft=612.699ms hit=0.972618 e2e=1838.03ms
[ok] request s545 turn0 ttft=163.37ms hit=0.0 e2e=1388.519ms
[ok] request s76 turn2 ttft=623.413ms hit=0.281938 e2e=1874.926ms
[ok] request s471 turn2 ttft=793.358ms hit=0.497087 e2e=2167.861ms
[ok] request s302 turn1 ttft=785.077ms hit=0.0 e2e=2161.606ms
[ok] request s153 turn0 ttft=464.927ms hit=0.0 e2e=1717.936ms
[ok] request s523 turn2 ttft=636.866ms hit=0.555917 e2e=1889.159ms
[ok] openhands s3 turn20 ttft=566.555ms hit=0.99332 e2e=1521.611ms
[ok] openhands s258 turn25 ttft=575.778ms hit=0.973919 e2e=1494.684ms
[ok] request s167 turn1 ttft=444.344ms hit=0.0 e2e=1367.486ms
[ok] request s208 turn0 ttft=146.978ms hit=0.0 e2e=929.241ms
[ok] request s417 turn0 ttft=334.614ms hit=0.0 e2e=1257.91ms
[ok] openhands s386 turn9 ttft=570.126ms hit=0.922695 e2e=1530.32ms
[ok] openhands s0 turn0 ttft=626.966ms hit=0.229615 e2e=1586.455ms
[ok] openhands s132 turn4 ttft=250.358ms hit=0.981607 e2e=1760.522ms
[ok] openhands s67 turn19 ttft=771.906ms hit=0.997034 e2e=1832.82ms
[ok] request s364 turn0 ttft=590.185ms hit=0.0 e2e=1659.65ms
[ok] request s264 turn0 ttft=593.993ms hit=0.0 e2e=1950.152ms
[ok] request s157 turn0 ttft=597.228ms hit=0.0 e2e=1625.549ms
[ok] openhands s196 turn10 ttft=522.186ms hit=0.994709 e2e=2199.972ms
[ok] request s517 turn7 ttft=595.645ms hit=0.831651 e2e=1862.951ms
[ok] openhands s0 turn1 ttft=639.972ms hit=0.899993 e2e=1667.835ms
[ok] openhands s385 turn58 ttft=667.886ms hit=0.960004 e2e=1936.105ms
[ok] request s76 turn3 ttft=575.169ms hit=0.554513 e2e=1607.257ms
[ok] openhands s511 turn6 ttft=637.645ms hit=0.848046 e2e=2001.55ms
[ok] request s302 turn2 ttft=572.197ms hit=0.372635 e2e=1604.349ms
[ok] request s388 turn1 ttft=593.0ms hit=0.0 e2e=1865.569ms
[ok] openhands s3 turn21 ttft=536.357ms hit=0.971269 e2e=1683.868ms
[ok] request s172 turn3 ttft=590.294ms hit=0.625153 e2e=1864.987ms
[ok] request s523 turn3 ttft=571.796ms hit=0.710453 e2e=1604.036ms
[ok] openhands s258 turn26 ttft=634.477ms hit=0.986631 e2e=1666.458ms
[ok] request s471 turn3 ttft=576.019ms hit=0.743106 e2e=1607.809ms
[ok] request s545 turn1 ttft=579.359ms hit=0.0 e2e=1610.973ms
[ok] openhands s386 turn10 ttft=556.758ms hit=0.919583 e2e=1595.986ms
[ok] request s167 turn2 ttft=281.709ms hit=0.0 e2e=1090.695ms
[ok] request s298 turn0 ttft=271.357ms hit=0.0 e2e=1309.239ms
[ok] request s443 turn0 ttft=176.71ms hit=0.0 e2e=982.056ms
[ok] openhands s132 turn5 ttft=276.188ms hit=0.901262 e2e=1413.778ms
[ok] request s204 turn0 ttft=219.73ms hit=0.0 e2e=1357.108ms
[ok] openhands s67 turn20 ttft=494.82ms hit=0.961988 e2e=1575.633ms
[ok] request s308 turn0 ttft=219.103ms hit=0.0 e2e=1286.405ms
[ok] request s339 turn0 ttft=594.295ms hit=0.0 e2e=866.165ms
[ok] request s496 turn0 ttft=683.822ms hit=0.0 e2e=1185.936ms
[ok] openhands s0 turn2 ttft=1179.976ms hit=0.976239 e2e=1200.829ms
[ok] openhands s3 turn22 ttft=696.799ms hit=0.991581 e2e=1370.364ms
[ok] openhands s386 turn11 ttft=584.032ms hit=0.958258 e2e=1259.18ms
[ok] openhands s385 turn59 ttft=1085.486ms hit=0.975565 e2e=1280.059ms
[ok] openhands s196 turn11 ttft=756.067ms hit=0.994899 e2e=2117.963ms
[ok] request s167 turn3 ttft=347.44ms hit=0.753828 e2e=1685.253ms
[ok] request s264 turn1 ttft=338.892ms hit=0.0 e2e=1705.13ms
[ok] request s101 turn0 ttft=291.778ms hit=0.0 e2e=1633.923ms
[ok] request s545 turn2 ttft=350.249ms hit=0.0 e2e=1692.085ms
[ok] request s302 turn3 ttft=356.032ms hit=0.63745 e2e=1697.586ms
[ok] request s471 turn4 ttft=353.161ms hit=0.744619 e2e=1694.502ms
[ok] request s388 turn2 ttft=355.133ms hit=0.308806 e2e=1696.236ms
[ok] openhands s132 turn6 ttft=245.692ms hit=0.987517 e2e=1586.556ms
[ok] request s443 turn1 ttft=349.206ms hit=0.0 e2e=1689.851ms
[ok] request s496 turn1 ttft=376.571ms hit=0.0 e2e=1297.204ms
[ok] openhands s67 turn21 ttft=873.122ms hit=0.925166 e2e=2130.325ms
[ok] request s567 turn0 ttft=530.205ms hit=0.0 e2e=1787.156ms
[ok] request s383 turn0 ttft=859.167ms hit=0.0 e2e=2119.968ms
[ok] openhands s386 turn12 ttft=515.058ms hit=0.971103 e2e=1727.6ms
[ok] request s312 turn0 ttft=370.608ms hit=0.0 e2e=1459.242ms
[ok] openhands s385 turn60 ttft=552.99ms hit=0.974107 e2e=1480.236ms
[ok] request s181 turn0 ttft=217.837ms hit=0.0 e2e=1138.131ms
[ok] openhands s0 turn3 ttft=642.065ms hit=0.984401 e2e=1904.641ms
[ok] openhands s3 turn23 ttft=444.119ms hit=0.986962 e2e=1658.55ms
[ok] request s339 turn1 ttft=382.303ms hit=0.0 e2e=1310.134ms
[ok] openhands s132 turn7 ttft=223.171ms hit=0.987529 e2e=781.316ms
[ok] request s69 turn0 ttft=131.629ms hit=0.0 e2e=485.916ms
[ok] request s487 turn0 ttft=249.41ms hit=0.0 e2e=814.128ms
[ok] request s110 turn0 ttft=637.648ms hit=0.0 e2e=770.779ms
[ok] request s339 turn2 ttft=810.826ms hit=0.0 e2e=1807.062ms
[ok] request s545 turn3 ttft=695.304ms hit=0.332468 e2e=2885.51ms
[ok] request s388 turn3 ttft=692.991ms hit=0.583144 e2e=2934.66ms
[ok] openhands s132 turn8 ttft=2376.109ms hit=0.973333 e2e=2693.935ms
[ok] openhands s196 turn12 ttft=772.325ms hit=0.98971 e2e=3020.335ms
[ok] openhands s386 turn13 ttft=477.988ms hit=0.982133 e2e=2724.255ms
[ok] request s101 turn1 ttft=697.604ms hit=0.0 e2e=2943.723ms
[ok] openhands s0 turn4 ttft=2372.549ms hit=0.90387 e2e=2694.51ms
[ok] request s443 turn2 ttft=694.05ms hit=0.332036 e2e=2939.856ms
[ok] openhands s385 turn61 ttft=476.108ms hit=0.995172 e2e=2728.661ms
[ok] request s567 turn1 ttft=655.814ms hit=0.0 e2e=2188.236ms
[ok] request s177 turn0 ttft=990.462ms hit=0.0 e2e=1625.695ms
[ok] openhands s4 turn0 ttft=749.519ms hit=0.227703 e2e=2281.853ms
[ok] request s276 turn0 ttft=450.199ms hit=0.0 e2e=970.175ms
[ok] request s496 turn2 ttft=658.499ms hit=0.496124 e2e=2190.875ms
[ok] openhands s67 turn22 ttft=649.775ms hit=0.996292 e2e=2181.854ms
[ok] request s62 turn0 ttft=129.913ms hit=0.0 e2e=643.241ms
[ok] request s181 turn1 ttft=651.443ms hit=0.0 e2e=2183.588ms
[ok] openhands s3 turn24 ttft=742.523ms hit=0.957913 e2e=2720.515ms
[ok] request s526 turn0 ttft=663.488ms hit=0.0 e2e=1300.37ms
[ok] request s492 turn0 ttft=595.631ms hit=0.0 e2e=1956.471ms
[ok] request s263 turn0 ttft=945.407ms hit=0.0 e2e=2612.049ms
[ok] openhands s511 turn7 ttft=1096.244ms hit=0.135404 e2e=1733.524ms
[ok] request s395 turn0 ttft=132.497ms hit=0.0 e2e=1152.639ms
[ok] request s339 turn3 ttft=2819.99ms hit=0.0 e2e=6996.146ms
[ok] openhands s0 turn5 ttft=7226.607ms hit=0.870646 e2e=7432.568ms
[ok] openhands s386 turn14 ttft=883.166ms hit=0.962613 e2e=7480.062ms
[ok] openhands s3 turn25 ttft=7280.888ms hit=0.979138 e2e=7610.508ms
[ok] openhands s196 turn13 ttft=878.923ms hit=0.996243 e2e=7668.691ms
[ok] openhands s4 turn1 ttft=832.952ms hit=0.977955 e2e=7621.729ms
[ok] openhands s511 turn8 ttft=830.772ms hit=0.989596 e2e=7619.219ms
[ok] request s213 turn0 ttft=813.007ms hit=0.0 e2e=7602.717ms
[ok] request s41 turn0 ttft=4570.218ms hit=0.0 e2e=5534.721ms
[ok] request s415 turn0 ttft=3260.169ms hit=0.0 e2e=4223.053ms
[ok] request s88 turn0 ttft=3589.055ms hit=0.0 e2e=4551.618ms
[ok] request s254 turn0 ttft=3916.883ms hit=0.0 e2e=4879.057ms
[ok] request s205 turn0 ttft=4246.261ms hit=0.0 e2e=5207.412ms
[ok] request s543 turn0 ttft=4902.983ms hit=0.0 e2e=5863.738ms
[ok] openhands s258 turn27 ttft=2940.49ms hit=0.059388 e2e=8064.313ms
[ok] request s101 turn2 ttft=2510.509ms hit=0.0 e2e=7634.085ms
[ok] openhands s385 turn62 ttft=6016.088ms hit=0.031396 e2e=6992.702ms
[ok] openhands s67 turn23 ttft=930.891ms hit=0.996531 e2e=8096.401ms
[ok] request s395 turn1 ttft=5767.11ms hit=0.0 e2e=6743.014ms
[ok] request s61 turn0 ttft=2716.237ms hit=0.0 e2e=7840.449ms
[ok] request s221 turn0 ttft=5554.22ms hit=0.0 e2e=6529.448ms
[ok] request s460 turn0 ttft=5227.34ms hit=0.0 e2e=6202.242ms
[ok] request s138 turn0 ttft=2361.734ms hit=0.0 e2e=7186.182ms
[ok] request s567 turn2 ttft=2758.682ms hit=0.0 e2e=7582.923ms
[ok] request s545 turn4 ttft=2568.725ms hit=0.0 e2e=7693.496ms
[ok] request s358 turn0 ttft=5884.84ms hit=0.0 e2e=6858.646ms
[ok] request s388 turn4 ttft=2518.821ms hit=0.0 e2e=7643.8ms
[ok] request s526 turn1 ttft=2757.586ms hit=0.0 e2e=7582.681ms
[ok] request s220 turn0 ttft=2690.728ms hit=0.0 e2e=7515.703ms
[ok] request s443 turn3 ttft=2812.296ms hit=0.0 e2e=7637.181ms
[ok] openhands s0 turn6 ttft=703.041ms hit=0.941124 e2e=1551.937ms
[ok] openhands s386 turn15 ttft=720.058ms hit=0.968474 e2e=1569.95ms
[ok] openhands s511 turn9 ttft=535.181ms hit=0.827784 e2e=1436.859ms
[ok] openhands s3 turn26 ttft=548.731ms hit=0.991022 e2e=1451.739ms
[ok] openhands s4 turn2 ttft=538.198ms hit=0.985776 e2e=1440.124ms
[ok] openhands s196 turn14 ttft=946.253ms hit=0.990795 e2e=1705.953ms
[ok] openhands s67 turn24 ttft=893.011ms hit=0.99686 e2e=4803.399ms
[ok] request s61 turn1 ttft=194.537ms hit=0.0 e2e=4443.005ms
[ok] request s415 turn1 ttft=206.364ms hit=0.0 e2e=4454.516ms
[ok] request s221 turn1 ttft=256.654ms hit=0.0 e2e=4504.414ms
[ok] request s220 turn1 ttft=191.844ms hit=0.0 e2e=4439.272ms
[ok] request s88 turn1 ttft=206.63ms hit=0.0 e2e=4453.753ms
[ok] request s101 turn3 ttft=199.04ms hit=0.666667 e2e=4445.866ms
[ok] request s388 turn5 ttft=196.19ms hit=0.709469 e2e=4442.798ms
[ok] openhands s385 turn63 ttft=630.525ms hit=0.991743 e2e=5022.418ms
[ok] openhands s3 turn27 ttft=652.87ms hit=0.990094 e2e=4143.08ms
[ok] openhands s0 turn7 ttft=350.048ms hit=0.909045 e2e=4228.311ms
[ok] openhands s196 turn15 ttft=640.516ms hit=0.986086 e2e=3874.04ms
[ok] openhands s386 turn16 ttft=675.492ms hit=0.965152 e2e=4167.118ms
[ok] openhands s511 turn10 ttft=660.639ms hit=0.964387 e2e=4153.179ms
[ok] openhands s258 turn28 ttft=2536.322ms hit=0.0 e2e=3837.751ms
[ok] openhands s4 turn3 ttft=656.965ms hit=0.696695 e2e=4148.34ms
[ok] request s138 turn1 ttft=315.478ms hit=0.0 e2e=4694.367ms
[ok] openhands s132 turn9 ttft=962.683ms hit=0.0 e2e=2251.854ms
[ok] openhands s67 turn25 ttft=1236.839ms hit=0.983675 e2e=1558.681ms
[ok] openhands s3 turn28 ttft=1174.685ms hit=0.993731 e2e=1669.749ms
[ok] request s138 turn2 ttft=536.453ms hit=0.0 e2e=994.8ms
[ok] openhands s511 turn11 ttft=957.24ms hit=0.97535 e2e=1658.854ms
[ok] openhands s4 turn4 ttft=952.129ms hit=0.971274 e2e=1653.425ms
[ok] openhands s386 turn17 ttft=974.178ms hit=0.935205 e2e=1607.45ms
[ok] request s220 turn2 ttft=645.101ms hit=0.300469 e2e=1107.654ms
[ok] openhands s196 turn16 ttft=1193.352ms hit=0.994794 e2e=1654.026ms
[ok] request s221 turn2 ttft=647.307ms hit=0.0 e2e=1109.816ms
[ok] openhands s0 turn8 ttft=976.705ms hit=0.885216 e2e=1682.002ms
[ok] request s88 turn2 ttft=644.685ms hit=0.622366 e2e=1107.219ms
[ok] openhands s385 turn64 ttft=995.892ms hit=0.996669 e2e=1703.899ms
[ok] request s388 turn6 ttft=643.825ms hit=0.787692 e2e=1106.41ms
[ok] openhands s258 turn29 ttft=914.913ms hit=0.95351 e2e=1621.81ms
[ok] openhands s67 turn26 ttft=374.728ms hit=0.990114 e2e=8959.151ms
[ok] openhands s511 turn12 ttft=1216.519ms hit=0.980843 e2e=8809.924ms
[ok] request s388 turn7 ttft=7695.89ms hit=0.0 e2e=8221.95ms
[ok] openhands s0 turn9 ttft=992.147ms hit=0.975454 e2e=8806.118ms
[ok] openhands s258 turn30 ttft=926.526ms hit=0.958676 e2e=8740.126ms
[ok] openhands s196 turn17 ttft=8238.357ms hit=0.57648 e2e=8800.345ms
[ok] request s220 turn3 ttft=7664.209ms hit=0.0 e2e=8231.543ms
[ok] openhands s385 turn65 ttft=5568.147ms hit=0.030729 e2e=8770.573ms
[ok] request s138 turn3 ttft=7668.448ms hit=0.0 e2e=8235.677ms
[ok] openhands s4 turn5 ttft=1150.143ms hit=0.977929 e2e=8749.783ms
[ok] request s221 turn3 ttft=7664.206ms hit=0.0 e2e=8230.602ms
[ok] openhands s3 turn29 ttft=1010.473ms hit=0.993773 e2e=8830.581ms
[ok] request s88 turn3 ttft=7698.068ms hit=0.0 e2e=8229.508ms
[ok] openhands s386 turn18 ttft=1132.597ms hit=0.547242 e2e=8733.671ms
[ok] openhands s132 turn10 ttft=8513.27ms hit=0.988417 e2e=8909.942ms
[ok] openhands s67 turn27 ttft=8584.796ms hit=0.968732 e2e=8733.968ms
[ok] openhands s385 turn66 ttft=6062.826ms hit=0.030638 e2e=8483.395ms
[ok] openhands s3 turn30 ttft=1026.179ms hit=0.993975 e2e=8504.095ms
[ok] openhands s4 turn6 ttft=985.173ms hit=0.895276 e2e=8462.186ms
[ok] openhands s132 turn11 ttft=1812.528ms hit=0.0 e2e=8421.052ms
[ok] request s220 turn4 ttft=7599.73ms hit=0.0 e2e=7917.759ms
[ok] openhands s196 turn18 ttft=1844.139ms hit=0.99766 e2e=8455.8ms
[ok] openhands s258 turn31 ttft=7742.536ms hit=0.050839 e2e=8066.897ms
[ok] openhands s386 turn19 ttft=1198.121ms hit=0.963547 e2e=8492.155ms
[ok] request s221 turn4 ttft=7597.861ms hit=0.0 e2e=7916.077ms
[ok] openhands s511 turn13 ttft=1037.766ms hit=0.985709 e2e=8517.77ms
[ok] openhands s0 turn10 ttft=1032.492ms hit=0.844125 e2e=8511.549ms
[ok] openhands s67 turn28 ttft=1276.637ms hit=0.997377 e2e=1569.186ms
[ok] openhands s386 turn20 ttft=1232.407ms hit=0.951437 e2e=1527.047ms
[ok] openhands s3 turn31 ttft=1258.316ms hit=0.994207 e2e=1546.257ms
[ok] openhands s132 turn12 ttft=1239.178ms hit=0.969125 e2e=1533.076ms
[ok] openhands s4 turn7 ttft=1256.979ms hit=0.984055 e2e=1551.655ms
[ok] openhands s0 turn11 ttft=1204.393ms hit=0.986878 e2e=1498.143ms
[ok] openhands s196 turn19 ttft=1199.265ms hit=0.992294 e2e=1995.095ms
[ok] request s221 turn5 ttft=817.466ms hit=0.702011 e2e=1459.545ms
[ok] openhands s385 turn67 ttft=1366.598ms hit=0.979046 e2e=2028.036ms
[ok] openhands s258 turn32 ttft=942.019ms hit=0.965043 e2e=1585.146ms
[ok] openhands s196 turn20 ttft=726.336ms hit=0.991702 e2e=1001.25ms
[ok] openhands s386 turn21 ttft=1118.047ms hit=0.973384 e2e=1537.008ms
[ok] openhands s258 turn33 ttft=629.311ms hit=0.910872 e2e=1044.161ms
[ok] request s221 turn6 ttft=168.692ms hit=0.718093 e2e=446.881ms
[ok] openhands s3 turn32 ttft=1111.143ms hit=0.994437 e2e=1532.753ms
[ok] openhands s385 turn68 ttft=743.663ms hit=0.994618 e2e=1031.726ms
[ok] openhands s67 turn29 ttft=507.987ms hit=0.997857 e2e=1555.378ms
[ok] openhands s4 turn8 ttft=1097.821ms hit=0.970055 e2e=1519.588ms
[ok] openhands s386 turn22 ttft=527.037ms hit=0.940658 e2e=952.622ms
[ok] openhands s3 turn33 ttft=819.118ms hit=0.993779 e2e=956.831ms
[ok] openhands s4 turn9 ttft=506.127ms hit=0.984706 e2e=943.226ms
[ok] openhands s196 turn21 ttft=651.163ms hit=0.990442 e2e=1167.944ms
[ok] request s221 turn7 ttft=180.599ms hit=0.747664 e2e=692.905ms
[ok] openhands s4 turn10 ttft=300.536ms hit=0.954428 e2e=610.573ms
[ok] openhands s386 turn23 ttft=314.835ms hit=0.992882 e2e=633.232ms
[ok] openhands s196 turn22 ttft=858.472ms hit=0.995549 e2e=1051.217ms
[ok] openhands s4 turn11 ttft=399.69ms hit=0.989576 e2e=788.46ms
[ok] openhands s3 turn34 ttft=417.327ms hit=0.992782 e2e=818.348ms
[ok] openhands s386 turn24 ttft=410.046ms hit=0.986848 e2e=799.842ms
[ok] openhands s258 turn34 ttft=289.33ms hit=0.986809 e2e=620.084ms
[ok] openhands s3 turn35 ttft=435.525ms hit=0.986899 e2e=6427.811ms
[ok] openhands s4 turn12 ttft=350.505ms hit=0.964824 e2e=6342.472ms
[ok] openhands s132 turn13 ttft=4124.444ms hit=0.136408 e2e=4399.812ms
[ok] openhands s196 turn23 ttft=3609.821ms hit=0.574022 e2e=5983.728ms
[ok] openhands s0 turn12 ttft=4904.077ms hit=0.0 e2e=5572.717ms
[ok] openhands s258 turn35 ttft=1686.725ms hit=0.787045 e2e=6212.42ms
[ok] openhands s4 turn13 ttft=797.027ms hit=0.971121 e2e=1088.275ms
[ok] openhands s0 turn13 ttft=786.115ms hit=0.98092 e2e=1077.04ms
[ok] openhands s132 turn14 ttft=732.348ms hit=0.911762 e2e=1021.317ms
[ok] openhands s3 turn36 ttft=812.435ms hit=0.996794 e2e=1106.442ms
[ok] openhands s258 turn36 ttft=780.145ms hit=0.994403 e2e=1096.068ms
[ok] openhands s196 turn24 ttft=926.122ms hit=0.983471 e2e=1572.432ms
[ok] openhands s0 turn14 ttft=823.52ms hit=0.942558 e2e=1006.518ms
[ok] openhands s3 turn37 ttft=515.084ms hit=0.992433 e2e=1026.319ms
[ok] openhands s4 turn14 ttft=798.005ms hit=0.982745 e2e=1011.28ms
[ok] openhands s258 turn37 ttft=791.31ms hit=0.995751 e2e=1004.523ms
[ok] openhands s196 turn25 ttft=426.67ms hit=0.994438 e2e=753.744ms
[ok] openhands s4 turn15 ttft=537.756ms hit=0.984418 e2e=827.627ms
[ok] openhands s3 turn38 ttft=551.69ms hit=0.997656 e2e=843.747ms
[ok] openhands s196 turn26 ttft=470.951ms hit=0.979061 e2e=840.22ms
[ok] openhands s4 turn16 ttft=420.456ms hit=0.981075 e2e=815.303ms
[ok] openhands s3 turn39 ttft=430.336ms hit=0.979035 e2e=831.888ms
[ok] openhands s132 turn15 ttft=210.159ms hit=0.919457 e2e=793.589ms
[ok] openhands s3 turn40 ttft=630.939ms hit=0.98626 e2e=886.866ms
[ok] openhands s196 turn27 ttft=546.092ms hit=0.993529 e2e=940.25ms
[ok] openhands s4 turn17 ttft=624.161ms hit=0.984461 e2e=899.602ms
[ok] openhands s3 turn41 ttft=543.879ms hit=0.992753 e2e=856.374ms
[ok] openhands s4 turn18 ttft=697.726ms hit=0.988725 e2e=840.527ms
[ok] openhands s196 turn28 ttft=662.037ms hit=0.998025 e2e=1097.714ms
[ok] openhands s4 turn19 ttft=254.549ms hit=0.978518 e2e=644.643ms
[ok] openhands s3 turn42 ttft=403.552ms hit=0.991479 e2e=644.267ms
[ok] openhands s4 turn20 ttft=435.023ms hit=0.942808 e2e=931.475ms
[ok] openhands s3 turn43 ttft=445.892ms hit=0.99416 e2e=948.796ms
[ok] openhands s132 turn16 ttft=212.111ms hit=0.933292 e2e=763.576ms
[ok] openhands s0 turn15 ttft=242.978ms hit=0.986476 e2e=869.266ms
[ok] openhands s4 turn21 ttft=551.92ms hit=0.938875 e2e=936.414ms
[ok] openhands s3 turn44 ttft=455.913ms hit=0.969697 e2e=959.159ms
[ok] openhands s132 turn17 ttft=310.726ms hit=0.975424 e2e=688.397ms
[ok] openhands s0 turn16 ttft=244.588ms hit=0.977733 e2e=708.231ms
[ok] openhands s4 turn22 ttft=605.565ms hit=0.978171 e2e=743.594ms
[ok] openhands s3 turn45 ttft=506.169ms hit=0.996481 e2e=843.505ms
[ok] openhands s132 turn18 ttft=506.628ms hit=0.911955 e2e=825.798ms
[ok] openhands s4 turn23 ttft=289.889ms hit=0.977195 e2e=583.616ms
[ok] openhands s3 turn46 ttft=308.62ms hit=0.996979 e2e=570.588ms
[ok] openhands s4 turn24 ttft=600.314ms hit=0.988128 e2e=722.418ms
[ok] openhands s3 turn47 ttft=464.226ms hit=0.994061 e2e=849.417ms
[ok] openhands s132 turn19 ttft=227.287ms hit=0.930269 e2e=607.643ms
[ok] openhands s4 turn25 ttft=240.303ms hit=0.976447 e2e=1002.037ms
[ok] openhands s3 turn48 ttft=754.195ms hit=0.993843 e2e=756.442ms
[ok] openhands s132 turn20 ttft=1177.441ms hit=0.973322 e2e=1315.165ms
[ok] openhands s4 turn26 ttft=425.698ms hit=0.9844 e2e=683.136ms
[ok] openhands s3 turn49 ttft=441.652ms hit=0.986041 e2e=703.401ms
[ok] openhands s3 turn50 ttft=482.025ms hit=0.992679 e2e=730.635ms
[ok] openhands s4 turn27 ttft=487.585ms hit=0.980542 e2e=742.478ms
[ok] openhands s132 turn21 ttft=474.266ms hit=0.853473 e2e=848.568ms
[ok] openhands s132 turn22 ttft=587.07ms hit=0.943359 e2e=758.43ms
[ok] openhands s4 turn28 ttft=396.352ms hit=0.977187 e2e=770.56ms
[ok] openhands s3 turn51 ttft=325.291ms hit=0.98284 e2e=577.217ms
[ok] openhands s4 turn29 ttft=474.794ms hit=0.984528 e2e=730.913ms
[ok] openhands s0 turn17 ttft=472.476ms hit=0.983261 e2e=864.249ms
[ok] openhands s132 turn23 ttft=363.39ms hit=0.9552 e2e=743.886ms
[ok] openhands s3 turn52 ttft=468.941ms hit=0.991501 e2e=721.219ms
[ok] openhands s0 turn18 ttft=495.182ms hit=0.958429 e2e=858.354ms
[ok] openhands s4 turn30 ttft=506.353ms hit=0.981897 e2e=870.719ms
[ok] openhands s132 turn24 ttft=487.745ms hit=0.996256 e2e=851.501ms
[ok] openhands s3 turn53 ttft=609.271ms hit=0.991951 e2e=1146.562ms
[ok] openhands s4 turn31 ttft=499.639ms hit=0.98118 e2e=860.712ms
[ok] openhands s132 turn25 ttft=508.98ms hit=0.96477 e2e=871.861ms
[ok] openhands s0 turn19 ttft=709.135ms hit=0.941662 e2e=850.111ms
[ok] openhands s3 turn54 ttft=320.837ms hit=0.990295 e2e=578.213ms
[ok] openhands s4 turn32 ttft=753.218ms hit=0.978445 e2e=891.89ms
[ok] openhands s0 turn20 ttft=517.985ms hit=0.885339 e2e=885.864ms
[ok] openhands s132 turn26 ttft=454.463ms hit=0.983108 e2e=719.681ms
[ok] openhands s3 turn55 ttft=637.626ms hit=0.995345 e2e=902.416ms
[ok] openhands s4 turn33 ttft=709.988ms hit=0.985297 e2e=848.422ms
[ok] openhands s0 turn21 ttft=493.197ms hit=0.991833 e2e=851.677ms
[ok] openhands s132 turn27 ttft=692.374ms hit=0.982394 e2e=839.875ms
[ok] openhands s3 turn56 ttft=604.074ms hit=0.99197 e2e=1051.879ms
[ok] openhands s4 turn34 ttft=238.689ms hit=0.994435 e2e=758.805ms
[ok] openhands s0 turn22 ttft=619.314ms hit=0.948319 e2e=759.055ms
[ok] openhands s3 turn57 ttft=332.673ms hit=0.984758 e2e=629.891ms
[ok] openhands s4 turn35 ttft=581.506ms hit=0.976967 e2e=1241.758ms
[ok] openhands s3 turn58 ttft=377.127ms hit=0.976923 e2e=1346.519ms
[ok] openhands s0 turn23 ttft=1005.635ms hit=0.811053 e2e=1369.216ms
[ok] openhands s4 turn36 ttft=249.288ms hit=0.983407 e2e=714.288ms
[ok] openhands s0 turn24 ttft=391.929ms hit=0.953993 e2e=876.156ms
[ok] openhands s4 turn37 ttft=264.793ms hit=0.981281 e2e=520.236ms
[ok] openhands s3 turn59 ttft=542.945ms hit=0.982875 e2e=803.2ms
[ok] openhands s0 turn25 ttft=461.839ms hit=0.982916 e2e=801.954ms
[ok] openhands s4 turn38 ttft=423.88ms hit=0.986564 e2e=763.547ms
[ok] openhands s3 turn60 ttft=576.815ms hit=0.987908 e2e=1069.441ms
[ok] openhands s0 turn26 ttft=494.055ms hit=0.991962 e2e=831.656ms
[ok] openhands s4 turn39 ttft=610.843ms hit=0.988264 e2e=751.449ms
[ok] openhands s3 turn61 ttft=374.45ms hit=0.971573 e2e=852.969ms
[ok] openhands s0 turn27 ttft=534.263ms hit=0.970202 e2e=836.028ms
[ok] openhands s4 turn40 ttft=683.618ms hit=0.986979 e2e=824.65ms
[ok] openhands s3 turn62 ttft=353.198ms hit=0.996303 e2e=838.66ms
[ok] openhands s4 turn41 ttft=520.82ms hit=0.996388 e2e=781.157ms
[ok] openhands s0 turn28 ttft=536.97ms hit=0.985771 e2e=794.568ms
[ok] openhands s3 turn63 ttft=350.396ms hit=0.995952 e2e=2731.911ms
[ok] openhands s4 turn42 ttft=2144.133ms hit=0.960377 e2e=2495.752ms
[ok] openhands s132 turn28 ttft=2103.038ms hit=0.064624 e2e=2617.225ms
[ok] openhands s0 turn29 ttft=2129.456ms hit=0.938275 e2e=2481.846ms
[ok] openhands s3 turn64 ttft=880.308ms hit=0.990932 e2e=1021.569ms
[ok] openhands s132 turn29 ttft=433.85ms hit=0.994129 e2e=1012.922ms
[ok] openhands s4 turn43 ttft=410.746ms hit=0.990148 e2e=990.299ms
[ok] openhands s0 turn30 ttft=617.147ms hit=0.963544 e2e=1003.894ms
[ok] openhands s3 turn65 ttft=647.796ms hit=0.992307 e2e=1130.85ms
[ok] openhands s4 turn44 ttft=487.014ms hit=0.971998 e2e=916.723ms
[ok] openhands s132 turn30 ttft=620.45ms hit=0.981173 e2e=877.69ms
[ok] openhands s0 turn31 ttft=643.679ms hit=0.987181 e2e=896.817ms
[ok] openhands s4 turn45 ttft=4574.84ms hit=0.982013 e2e=4710.909ms
[ok] openhands s3 turn66 ttft=4438.375ms hit=0.033367 e2e=4675.314ms
[ok] openhands s0 turn32 ttft=644.895ms hit=0.96552 e2e=4786.131ms
[ok] openhands s132 turn31 ttft=792.797ms hit=0.987584 e2e=4761.303ms
[ok] openhands s4 turn46 ttft=809.734ms hit=0.983777 e2e=949.668ms
[ok] openhands s3 turn67 ttft=595.593ms hit=0.985756 e2e=883.737ms
[ok] openhands s0 turn33 ttft=653.523ms hit=0.966774 e2e=1067.985ms
[ok] openhands s132 turn32 ttft=755.95ms hit=0.988873 e2e=1049.183ms
[ok] openhands s4 turn47 ttft=701.237ms hit=0.981377 e2e=857.105ms
[ok] openhands s132 turn33 ttft=569.29ms hit=0.995739 e2e=865.832ms
[ok] openhands s3 turn68 ttft=700.759ms hit=0.988749 e2e=855.608ms
[ok] openhands s0 turn34 ttft=663.112ms hit=0.99464 e2e=1062.735ms
[ok] openhands s4 turn48 ttft=363.265ms hit=0.987065 e2e=822.672ms
[ok] openhands s3 turn69 ttft=464.002ms hit=0.992626 e2e=1133.944ms
[ok] openhands s0 turn35 ttft=449.837ms hit=0.963398 e2e=1019.727ms
[ok] openhands s4 turn49 ttft=393.328ms hit=0.992115 e2e=814.535ms
[ok] openhands s0 turn36 ttft=372.824ms hit=0.988199 e2e=730.079ms
[ok] openhands s4 turn50 ttft=259.445ms hit=0.983643 e2e=504.636ms
[ok] openhands s4 turn51 ttft=528.071ms hit=0.979031 e2e=774.08ms
[ok] openhands s0 turn37 ttft=553.872ms hit=0.968649 e2e=805.166ms
[ok] openhands s4 turn52 ttft=549.18ms hit=0.989219 e2e=686.109ms
[ok] openhands s0 turn38 ttft=480.239ms hit=0.993223 e2e=818.96ms
[ok] openhands s4 turn53 ttft=408.39ms hit=0.988646 e2e=743.848ms
[ok] openhands s0 turn39 ttft=502.71ms hit=0.961055 e2e=866.399ms
[ok] openhands s4 turn54 ttft=296.697ms hit=0.986133 e2e=544.827ms
[ok] openhands s0 turn40 ttft=618.923ms hit=0.988369 e2e=755.411ms
[ok] openhands s4 turn55 ttft=280.597ms hit=0.990196 e2e=523.075ms
[ok] openhands s4 turn56 ttft=411.88ms hit=0.979366 e2e=657.41ms
[ok] openhands s0 turn41 ttft=508.656ms hit=0.98736 e2e=759.913ms
[ok] openhands s4 turn57 ttft=400.893ms hit=0.985385 e2e=664.444ms
[ok] openhands s0 turn42 ttft=535.494ms hit=0.982472 e2e=793.767ms
[ok] openhands s4 turn58 ttft=427.094ms hit=0.986944 e2e=683.011ms
[ok] openhands s0 turn43 ttft=452.883ms hit=0.9764 e2e=821.854ms
[ok] openhands s4 turn59 ttft=281.543ms hit=0.989001 e2e=592.717ms
[ok] openhands s0 turn44 ttft=540.636ms hit=0.963214 e2e=908.383ms
[ok] openhands s4 turn60 ttft=389.981ms hit=0.988938 e2e=648.139ms
[ok] openhands s4 turn61 ttft=498.877ms hit=0.992883 e2e=747.767ms
[ok] openhands s0 turn45 ttft=526.326ms hit=0.988521 e2e=781.226ms
[ok] openhands s4 turn62 ttft=563.095ms hit=0.989272 e2e=809.352ms
[ok] openhands s0 turn46 ttft=659.203ms hit=0.973748 e2e=906.952ms
[ok] openhands s4 turn63 ttft=433.852ms hit=0.991169 e2e=831.081ms
[ok] openhands s0 turn47 ttft=716.117ms hit=0.988259 e2e=978.383ms
[ok] openhands s4 turn64 ttft=451.161ms hit=0.992852 e2e=794.508ms
[ok] openhands s0 turn48 ttft=566.23ms hit=0.978282 e2e=932.26ms
[ok] openhands s4 turn65 ttft=285.645ms hit=0.992098 e2e=616.922ms
[ok] openhands s0 turn49 ttft=655.48ms hit=0.992207 e2e=793.108ms
[ok] openhands s4 turn66 ttft=295.46ms hit=0.986162 e2e=538.045ms
[ok] openhands s4 turn67 ttft=456.367ms hit=0.986049 e2e=702.584ms
[ok] openhands s0 turn50 ttft=555.87ms hit=0.989242 e2e=808.895ms
[ok] openhands s0 turn51 ttft=462.339ms hit=0.997244 e2e=827.752ms
[ok] openhands s4 turn68 ttft=572.944ms hit=0.993974 e2e=814.921ms
[ok] openhands s4 turn69 ttft=442.609ms hit=0.984936 e2e=746.986ms
[ok] openhands s0 turn52 ttft=690.785ms hit=0.974781 e2e=1055.447ms
[ok] openhands s4 turn70 ttft=290.043ms hit=0.990276 e2e=614.091ms
[ok] openhands s0 turn53 ttft=558.97ms hit=0.984485 e2e=840.167ms
[ok] openhands s4 turn71 ttft=290.527ms hit=0.991649 e2e=751.55ms
[ok] openhands s0 turn54 ttft=674.883ms hit=0.996039 e2e=805.123ms
[ok] openhands s4 turn72 ttft=302.793ms hit=0.991388 e2e=547.363ms
[ok] openhands s4 turn73 ttft=285.694ms hit=0.988851 e2e=531.113ms
[ok] openhands s4 turn74 ttft=283.364ms hit=0.994679 e2e=528.533ms
[ok] openhands s4 turn75 ttft=289.785ms hit=0.993768 e2e=534.774ms
[ok] openhands s4 turn76 ttft=406.331ms hit=0.928603 e2e=650.56ms
[ok] openhands s4 turn77 ttft=323.365ms hit=0.995434 e2e=568.4ms
[ok] openhands s4 turn78 ttft=297.354ms hit=0.992534 e2e=597.738ms
[ok] openhands s4 turn79 ttft=305.816ms hit=0.989722 e2e=551.257ms
[ok] openhands s4 turn80 ttft=300.321ms hit=0.991934 e2e=545.756ms
[ok] openhands s4 turn81 ttft=303.864ms hit=0.994699 e2e=549.419ms
[ok] openhands s4 turn82 ttft=302.042ms hit=0.995125 e2e=546.702ms
[ok] openhands s4 turn83 ttft=310.441ms hit=0.994881 e2e=554.106ms
[ok] openhands s4 turn84 ttft=337.868ms hit=0.99311 e2e=582.035ms
[ok] openhands s4 turn85 ttft=326.078ms hit=0.994259 e2e=571.65ms
[ok] openhands s4 turn86 ttft=331.545ms hit=0.990374 e2e=576.083ms
[ok] openhands s4 turn87 ttft=335.069ms hit=0.992793 e2e=579.414ms
[ok] openhands s4 turn88 ttft=365.05ms hit=0.986565 e2e=612.464ms
[ok] openhands s4 turn89 ttft=321.959ms hit=0.992949 e2e=569.562ms
[ok] openhands s4 turn90 ttft=323.987ms hit=0.992114 e2e=571.387ms
[ok] openhands s4 turn91 ttft=321.533ms hit=0.989793 e2e=568.453ms
[ok] openhands s4 turn92 ttft=319.307ms hit=0.989143 e2e=565.348ms
[ok] openhands s4 turn93 ttft=332.258ms hit=0.995847 e2e=578.398ms
[ok] openhands s4 turn94 ttft=325.672ms hit=0.994269 e2e=572.177ms
[ok] openhands s4 turn95 ttft=367.029ms hit=0.991689 e2e=613.231ms
[ok] openhands s4 turn96 ttft=327.005ms hit=0.997331 e2e=572.786ms
[ok] openhands s4 turn97 ttft=329.559ms hit=0.991479 e2e=577.089ms
[ok] openhands s4 turn98 ttft=333.192ms hit=0.991386 e2e=579.415ms
[ok] openhands s4 turn99 ttft=332.662ms hit=0.990189 e2e=579.001ms
[ok] openhands s4 turn100 ttft=338.642ms hit=0.991566 e2e=584.937ms
[ok] openhands s4 turn101 ttft=345.336ms hit=0.99258 e2e=590.392ms
[ok] openhands s4 turn102 ttft=346.859ms hit=0.995805 e2e=594.162ms
[ok] openhands s4 turn103 ttft=335.97ms hit=0.991674 e2e=582.456ms
[ok] openhands s4 turn104 ttft=339.928ms hit=0.986734 e2e=589.439ms
[ok] openhands s4 turn105 ttft=340.438ms hit=0.9899 e2e=588.836ms
[ok] openhands s4 turn106 ttft=340.434ms hit=0.990515 e2e=586.899ms
[ok] openhands s4 turn107 ttft=345.464ms hit=0.995615 e2e=591.87ms
[ok] openhands s4 turn108 ttft=340.957ms hit=0.997096 e2e=593.838ms
[ok] openhands s4 turn109 ttft=343.191ms hit=0.992975 e2e=589.217ms
[ok] openhands s4 turn110 ttft=343.453ms hit=0.997195 e2e=590.855ms
[ok] openhands s4 turn111 ttft=343.651ms hit=0.994208 e2e=590.847ms
[ok] openhands s4 turn112 ttft=346.522ms hit=0.994135 e2e=594.692ms
[done] issued=1970 ok=1970 err=0 wall=418.5s
[done] /share/dai-sys/zhoulongsheng/agentkv/experiments/evict_position/online_runs/20260913_100114_formal_rep1/lru/replay/replay.jsonl
[done] /share/dai-sys/zhoulongsheng/agentkv/experiments/evict_position/online_runs/20260913_100114_formal_rep1/lru/replay/summary.json
[done] /share/dai-sys/zhoulongsheng/agentkv/experiments/evict_position/online_runs/20260913_100114_formal_rep1/lru/replay/report.md
