[warn] no manifest.json, skip hash check
[index] 572 sessions / 1970 turns from /share/dai-sys/zhoulongsheng/agentkv/experiments/evict_position/workload/workload.jsonl
[arrival] {"type": "waves", "horizon_s": 300.0, "n_waves": 9, "wave_width_s": 20.0, "wave_start_s": [0.0, 37.5, 75.0, 112.5, 150.0, 187.5, 225.0, 262.5, 280.0], "wave_class_counts": [{"openhands": 4, "request": 60}, {"openhands": 4, "request": 60}, {"openhands": 4, "request": 60}, {"openhands": 4, "request": 60}, {"openhands": 4, "request": 60}, {"openhands": 4, "request": 60}, {"openhands": 3, "request": 60}, {"openhands": 3, "request": 60}, {"openhands": 3, "request": 59}], "arrival_seed": 42, "classes": ["openhands", "request"]}
[ok] request s309 turn0 ttft=1457.437ms hit=0.0 e2e=7263.832ms
[ok] request s143 turn0 ttft=1156.055ms hit=0.0 e2e=9818.448ms
[ok] request s124 turn0 ttft=630.435ms hit=0.0 e2e=9183.703ms
[ok] request s547 turn0 ttft=2109.504ms hit=0.0 e2e=10771.545ms
[ok] request s281 turn0 ttft=1475.479ms hit=0.0 e2e=10137.152ms
[ok] request s400 turn0 ttft=1793.294ms hit=0.0 e2e=10454.624ms
[ok] request s565 turn0 ttft=325.115ms hit=0.0 e2e=8867.312ms
[ok] request s191 turn0 ttft=2804.135ms hit=0.0 e2e=11465.412ms
[ok] request s100 turn0 ttft=841.858ms hit=0.0 e2e=9504.926ms
[ok] openhands s448 turn0 ttft=3378.869ms hit=0.0 e2e=12041.7ms
[ok] request s206 turn0 ttft=2430.183ms hit=0.0 e2e=11092.711ms
[ok] request s144 turn0 ttft=2748.659ms hit=0.0 e2e=11410.961ms
[ok] request s44 turn0 ttft=4673.94ms hit=0.0 e2e=5765.875ms
[ok] openhands s195 turn0 ttft=1054.905ms hit=0.224097 e2e=7037.351ms
[ok] request s9 turn0 ttft=2127.059ms hit=0.0 e2e=8624.742ms
[ok] request s228 turn0 ttft=3088.946ms hit=0.0 e2e=4185.572ms
[ok] request s507 turn0 ttft=1774.097ms hit=0.0 e2e=7996.127ms
[ok] request s288 turn0 ttft=2452.087ms hit=0.0 e2e=3551.411ms
[ok] request s401 turn0 ttft=736.274ms hit=0.0 e2e=6726.268ms
[ok] request s223 turn0 ttft=3405.296ms hit=0.0 e2e=4504.715ms
[ok] request s362 turn0 ttft=1140.283ms hit=0.0 e2e=7361.718ms
[ok] request s80 turn0 ttft=4040.493ms hit=0.0 e2e=5140.155ms
[ok] request s522 turn0 ttft=3178.649ms hit=0.0 e2e=6410.534ms
[ok] request s495 turn0 ttft=3724.164ms hit=0.0 e2e=4824.082ms
[ok] request s521 turn0 ttft=4821.093ms hit=0.0 e2e=6093.742ms
[ok] request s113 turn0 ttft=2091.998ms hit=0.0 e2e=8316.645ms
[ok] request s180 turn0 ttft=2772.582ms hit=0.0 e2e=3872.701ms
[ok] request s182 turn0 ttft=4360.446ms hit=0.0 e2e=5460.505ms
[ok] request s160 turn0 ttft=1778.649ms hit=0.0 e2e=2607.211ms
[ok] request s158 turn0 ttft=1462.993ms hit=0.0 e2e=2290.411ms
[ok] request s340 turn0 ttft=950.48ms hit=0.0 e2e=1655.613ms
[ok] request s30 turn0 ttft=633.875ms hit=0.0 e2e=1338.932ms
[ok] request s233 turn0 ttft=2414.799ms hit=0.0 e2e=3244.164ms
[ok] request s222 turn0 ttft=144.45ms hit=0.0 e2e=704.365ms
[ok] request s326 turn0 ttft=324.508ms hit=0.0 e2e=1022.782ms
[ok] request s397 turn0 ttft=2096.438ms hit=0.0 e2e=2932.337ms
[ok] openhands s512 turn0 ttft=1268.655ms hit=0.225208 e2e=1980.248ms
[ok] request s54 turn0 ttft=143.139ms hit=0.0 e2e=8581.558ms
[ok] request s557 turn0 ttft=4413.275ms hit=0.0 e2e=8051.285ms
[ok] request s113 turn1 ttft=4059.329ms hit=0.0 e2e=7872.733ms
[ok] request s44 turn1 ttft=4074.939ms hit=0.0 e2e=7890.634ms
[ok] request s144 turn1 ttft=4144.107ms hit=0.0 e2e=7959.521ms
[ok] request s565 turn1 ttft=4146.304ms hit=0.0 e2e=7961.428ms
[ok] request s309 turn1 ttft=4482.248ms hit=0.0 e2e=8297.016ms
[ok] request s80 turn1 ttft=4065.738ms hit=0.0 e2e=7880.238ms
[ok] request s521 turn1 ttft=4063.827ms hit=0.268625 e2e=7878.06ms
[ok] request s547 turn1 ttft=4151.098ms hit=0.0 e2e=7969.199ms
[ok] request s501 turn0 ttft=4096.403ms hit=0.0 e2e=7913.899ms
[ok] request s160 turn1 ttft=4061.495ms hit=0.0 e2e=7878.814ms
[ok] request s75 turn0 ttft=2678.161ms hit=0.0 e2e=8549.401ms
[ok] request s400 turn1 ttft=4151.619ms hit=0.0 e2e=7969.065ms
[ok] openhands s448 turn1 ttft=2693.299ms hit=0.954386 e2e=8564.602ms
[ok] request s223 turn1 ttft=4072.364ms hit=0.0 e2e=7889.538ms
[ok] openhands s512 turn1 ttft=4623.376ms hit=0.948954 e2e=8440.399ms
[ok] openhands s195 turn1 ttft=4661.876ms hit=0.988028 e2e=8478.798ms
[ok] request s186 turn0 ttft=4324.37ms hit=0.0 e2e=5069.656ms
[ok] request s455 turn0 ttft=4008.817ms hit=0.0 e2e=4753.425ms
[ok] request s362 turn1 ttft=4245.155ms hit=0.450308 e2e=7901.102ms
[ok] request s135 turn0 ttft=3002.956ms hit=0.0 e2e=6658.74ms
[ok] request s474 turn0 ttft=2325.057ms hit=0.0 e2e=5707.177ms
[ok] request s29 turn0 ttft=3373.078ms hit=0.0 e2e=4120.052ms
[ok] request s37 turn0 ttft=3692.742ms hit=0.0 e2e=4438.098ms
[ok] request s418 turn0 ttft=2368.64ms hit=0.0 e2e=6025.779ms
[ok] openhands s449 turn0 ttft=4644.337ms hit=0.224884 e2e=5391.14ms
[ok] request s360 turn0 ttft=3321.745ms hit=0.0 e2e=6979.305ms
[ok] request s247 turn0 ttft=3956.494ms hit=0.0 e2e=7614.066ms
[ok] request s522 turn1 ttft=4067.919ms hit=0.0 e2e=7902.695ms
[ok] request s491 turn0 ttft=3640.351ms hit=0.0 e2e=7298.531ms
[ok] request s340 turn1 ttft=4238.772ms hit=0.0 e2e=7896.999ms
[ok] request s329 turn0 ttft=2688.391ms hit=0.0 e2e=6346.681ms
[ok] request s180 turn1 ttft=4242.976ms hit=0.0 e2e=7901.333ms
[ok] request s318 turn0 ttft=3057.288ms hit=0.0 e2e=3808.938ms
[ok] request s173 turn0 ttft=2383.738ms hit=0.0 e2e=2856.232ms
[ok] request s89 turn0 ttft=797.586ms hit=0.0 e2e=1270.104ms
[ok] request s91 turn0 ttft=1114.926ms hit=0.0 e2e=1587.55ms
[ok] request s102 turn0 ttft=182.609ms hit=0.0 e2e=635.869ms
[ok] request s413 turn0 ttft=480.904ms hit=0.0 e2e=954.291ms
[ok] request s178 turn0 ttft=2068.801ms hit=0.0 e2e=2542.344ms
[ok] request s550 turn0 ttft=2888.461ms hit=0.0 e2e=3495.036ms
[ok] request s493 turn0 ttft=2703.675ms hit=0.0 e2e=3178.076ms
[ok] request s354 turn0 ttft=1434.914ms hit=0.0 e2e=1909.536ms
[ok] request s252 turn0 ttft=1752.262ms hit=0.0 e2e=2227.111ms
[ok] request s354 turn1 ttft=2116.361ms hit=0.469509 e2e=2296.294ms
[ok] request s501 turn1 ttft=1899.908ms hit=0.0 e2e=2542.764ms
[ok] request s113 turn2 ttft=1911.079ms hit=0.422442 e2e=2555.966ms
[ok] request s309 turn2 ttft=1907.449ms hit=0.0 e2e=2552.276ms
[ok] request s455 turn1 ttft=2269.922ms hit=0.0 e2e=2914.66ms
[ok] request s223 turn2 ttft=1899.078ms hit=0.52459 e2e=2543.788ms
[ok] request s29 turn1 ttft=2149.249ms hit=0.0 e2e=2793.92ms
[ok] request s547 turn2 ttft=2147.965ms hit=0.596737 e2e=2554.052ms
[ok] request s54 turn1 ttft=2189.212ms hit=0.0 e2e=2838.661ms
[ok] request s521 turn2 ttft=1908.345ms hit=0.507937 e2e=2557.778ms
[ok] request s362 turn2 ttft=2134.062ms hit=0.288045 e2e=2541.221ms
[ok] openhands s195 turn2 ttft=2475.385ms hit=0.944934 e2e=3125.327ms
[ok] request s44 turn2 ttft=1912.989ms hit=0.348774 e2e=2563.034ms
[ok] openhands s448 turn2 ttft=2209.991ms hit=0.905137 e2e=3129.852ms
[ok] request s400 turn2 ttft=1903.789ms hit=0.0 e2e=2554.463ms
[ok] openhands s449 turn1 ttft=2470.756ms hit=0.923146 e2e=3121.511ms
[ok] openhands s512 turn2 ttft=2474.399ms hit=0.974496 e2e=3125.259ms
[ok] request s340 turn2 ttft=2124.033ms hit=0.0 e2e=2542.464ms
[ok] request s247 turn1 ttft=2127.767ms hit=0.0 e2e=2545.962ms
[ok] request s413 turn1 ttft=2129.926ms hit=0.0 e2e=2537.66ms
[ok] request s491 turn1 ttft=2126.822ms hit=0.0 e2e=2545.77ms
[ok] request s550 turn1 ttft=2116.147ms hit=0.286353 e2e=2535.253ms
[ok] request s180 turn2 ttft=2124.89ms hit=0.358042 e2e=2542.693ms
[ok] request s329 turn1 ttft=2126.957ms hit=0.0 e2e=2544.947ms
[ok] request s178 turn1 ttft=2120.423ms hit=0.0 e2e=2538.63ms
[ok] request s173 turn1 ttft=2131.838ms hit=0.0 e2e=2543.213ms
[ok] request s252 turn1 ttft=2117.005ms hit=0.0 e2e=2536.214ms
[ok] openhands s512 turn3 ttft=443.769ms hit=0.940024 e2e=3298.949ms
[ok] openhands s195 turn3 ttft=326.533ms hit=0.971935 e2e=3309.404ms
[ok] openhands s449 turn2 ttft=565.82ms hit=0.983306 e2e=3302.657ms
[ok] openhands s448 turn3 ttft=450.99ms hit=0.968874 e2e=3306.517ms
[ok] request s340 turn3 ttft=2367.603ms hit=0.0 e2e=2730.907ms
[ok] request s180 turn3 ttft=2360.059ms hit=0.593968 e2e=2723.184ms
[ok] request s247 turn2 ttft=2346.236ms hit=0.0 e2e=2729.473ms
[ok] request s400 turn3 ttft=2351.809ms hit=0.392037 e2e=2734.406ms
[ok] request s455 turn2 ttft=2365.866ms hit=0.0 e2e=2748.225ms
[ok] request s44 turn3 ttft=2355.686ms hit=0.363121 e2e=2737.813ms
[ok] request s173 turn2 ttft=2355.61ms hit=0.466586 e2e=2719.614ms
[ok] request s113 turn3 ttft=2371.168ms hit=0.485999 e2e=2753.422ms
[ok] request s413 turn2 ttft=2347.467ms hit=0.328838 e2e=2729.519ms
[ok] request s501 turn2 ttft=296.261ms hit=0.0 e2e=2757.321ms
[ok] request s491 turn2 ttft=2345.486ms hit=0.350205 e2e=2727.668ms
[ok] request s223 turn3 ttft=2366.669ms hit=0.320401 e2e=2748.667ms
[ok] request s547 turn3 ttft=2363.097ms hit=0.740741 e2e=2744.944ms
[ok] request s309 turn3 ttft=2387.436ms hit=0.51927 e2e=2753.252ms
[ok] request s178 turn2 ttft=2358.269ms hit=0.0 e2e=2724.0ms
[ok] request s521 turn3 ttft=2361.428ms hit=0.587965 e2e=2743.909ms
[ok] request s354 turn2 ttft=228.58ms hit=0.914286 e2e=2975.521ms
[ok] request s178 turn3 ttft=1946.763ms hit=0.776935 e2e=2268.108ms
[ok] request s309 turn4 ttft=1949.556ms hit=0.609524 e2e=2270.691ms
[ok] request s247 turn3 ttft=1961.393ms hit=0.395062 e2e=2282.263ms
[ok] request s354 turn3 ttft=1944.516ms hit=0.823813 e2e=2265.131ms
[ok] request s501 turn3 ttft=1954.597ms hit=0.0 e2e=2278.841ms
[ok] request s413 turn3 ttft=1957.255ms hit=0.619605 e2e=2280.962ms
[ok] request s521 turn4 ttft=1948.664ms hit=0.745541 e2e=2272.001ms
[ok] openhands s448 turn4 ttft=2446.708ms hit=0.71081 e2e=2901.88ms
[ok] request s44 turn4 ttft=1962.543ms hit=0.730177 e2e=2285.845ms
[ok] openhands s449 turn3 ttft=2151.193ms hit=0.928636 e2e=2908.611ms
[ok] request s491 turn3 ttft=1955.615ms hit=0.473198 e2e=2278.95ms
[ok] openhands s512 turn4 ttft=2462.926ms hit=0.910372 e2e=2785.946ms
[ok] openhands s195 turn4 ttft=2450.559ms hit=0.977171 e2e=2906.725ms
[ok] request s173 turn3 ttft=1955.543ms hit=0.659227 e2e=2290.555ms
[ok] request s247 turn4 ttft=710.495ms hit=0.0 e2e=1017.686ms
[ok] request s354 turn4 ttft=709.108ms hit=0.750183 e2e=1018.006ms
[ok] request s178 turn4 ttft=713.826ms hit=0.0 e2e=1022.514ms
[ok] request s173 turn4 ttft=700.748ms hit=0.757396 e2e=1009.042ms
[ok] request s501 turn4 ttft=708.502ms hit=0.0 e2e=1016.515ms
[ok] request s44 turn5 ttft=707.044ms hit=0.612147 e2e=1015.01ms
[ok] openhands s449 turn4 ttft=1054.364ms hit=0.494686 e2e=1615.031ms
[ok] request s521 turn5 ttft=707.062ms hit=0.497377 e2e=1017.947ms
[ok] openhands s448 turn5 ttft=418.153ms hit=0.98594 e2e=1621.26ms
[ok] openhands s195 turn5 ttft=1050.668ms hit=0.984973 e2e=1611.784ms
[ok] openhands s512 turn5 ttft=1047.549ms hit=0.984102 e2e=1608.493ms
[ok] openhands s512 turn6 ttft=387.199ms hit=0.842951 e2e=638.824ms
[ok] openhands s448 turn6 ttft=359.201ms hit=0.910608 e2e=645.583ms
[ok] openhands s449 turn5 ttft=382.626ms hit=0.992861 e2e=635.09ms
[ok] openhands s449 turn6 ttft=465.365ms hit=0.927715 e2e=710.732ms
[ok] openhands s448 turn7 ttft=428.216ms hit=0.934232 e2e=717.279ms
[ok] openhands s195 turn6 ttft=339.959ms hit=0.842367 e2e=784.808ms
[ok] openhands s512 turn7 ttft=369.266ms hit=0.942959 e2e=616.2ms
[ok] openhands s448 turn8 ttft=358.295ms hit=0.949404 e2e=2676.304ms
[ok] openhands s512 turn8 ttft=2416.144ms hit=0.977351 e2e=2665.586ms
[ok] openhands s449 turn7 ttft=2417.904ms hit=0.916477 e2e=2671.215ms
[ok] request s82 turn0 ttft=169.203ms hit=0.0 e2e=265.858ms
[ok] request s104 turn0 ttft=356.06ms hit=0.0 e2e=878.25ms
[ok] openhands s449 turn8 ttft=2497.348ms hit=0.978996 e2e=3335.563ms
[ok] openhands s66 turn0 ttft=915.585ms hit=0.0 e2e=1515.048ms
[ok] openhands s448 turn9 ttft=2215.981ms hit=0.970196 e2e=3344.919ms
[ok] openhands s195 turn7 ttft=443.205ms hit=0.795423 e2e=968.716ms
[ok] request s555 turn0 ttft=598.904ms hit=0.0 e2e=1199.526ms
[ok] openhands s512 turn9 ttft=2492.092ms hit=0.97225 e2e=3333.118ms
[ok] request s377 turn0 ttft=137.369ms hit=0.0 e2e=5986.523ms
[ok] request s98 turn0 ttft=3846.96ms hit=0.0 e2e=4757.175ms
[ok] request s203 turn0 ttft=1073.115ms hit=0.0 e2e=1266.881ms
[ok] request s387 turn0 ttft=3529.102ms hit=0.0 e2e=4994.251ms
[ok] request s562 turn0 ttft=2409.216ms hit=0.0 e2e=3408.664ms
[ok] request s509 turn0 ttft=2092.137ms hit=0.0 e2e=3091.246ms
[ok] openhands s260 turn0 ttft=2025.168ms hit=0.0 e2e=2774.389ms
[ok] request s96 turn0 ttft=3212.983ms hit=0.0 e2e=4679.449ms
[ok] request s505 turn0 ttft=4483.019ms hit=0.0 e2e=5953.751ms
[ok] request s330 turn0 ttft=2896.099ms hit=0.0 e2e=4366.524ms
[ok] request s256 turn0 ttft=2726.08ms hit=0.0 e2e=3732.038ms
[ok] openhands s66 turn1 ttft=2405.303ms hit=0.963311 e2e=6329.002ms
[ok] openhands s449 turn9 ttft=4818.385ms hit=0.989757 e2e=6288.978ms
[ok] openhands s448 turn10 ttft=2266.562ms hit=0.970425 e2e=6341.079ms
[ok] request s198 turn0 ttft=4166.013ms hit=0.0 e2e=5636.668ms
[ok] request s108 turn0 ttft=2744.363ms hit=0.0 e2e=4050.806ms
[ok] openhands s512 turn10 ttft=4737.412ms hit=0.936882 e2e=6208.056ms
[ok] request s26 turn0 ttft=4802.125ms hit=0.0 e2e=6272.537ms
[ok] openhands s195 turn8 ttft=4865.674ms hit=0.985191 e2e=6335.852ms
[ok] request s311 turn0 ttft=1389.429ms hit=0.0 e2e=2150.372ms
[ok] request s450 turn0 ttft=565.227ms hit=0.0 e2e=1198.779ms
[ok] request s564 turn0 ttft=256.909ms hit=0.0 e2e=881.757ms
[ok] request s485 turn0 ttft=756.496ms hit=0.0 e2e=1516.691ms
[ok] request s357 turn0 ttft=1709.705ms hit=0.0 e2e=2469.705ms
[ok] request s551 turn0 ttft=148.087ms hit=0.0 e2e=1020.849ms
[ok] request s349 turn0 ttft=145.918ms hit=0.0 e2e=8536.507ms
[ok] request s387 turn1 ttft=3937.526ms hit=0.0 e2e=8230.412ms
[ok] request s534 turn0 ttft=4137.182ms hit=0.0 e2e=8461.107ms
[ok] request s311 turn1 ttft=3918.986ms hit=0.0 e2e=8252.434ms
[ok] request s544 turn0 ttft=3813.207ms hit=0.0 e2e=8146.223ms
[ok] request s25 turn0 ttft=3496.392ms hit=0.0 e2e=7829.068ms
[ok] request s562 turn1 ttft=3932.513ms hit=0.439108 e2e=8264.84ms
[ok] openhands s449 turn10 ttft=4452.711ms hit=0.990003 e2e=8784.682ms
[ok] request s256 turn1 ttft=3927.888ms hit=0.0 e2e=8264.002ms
[ok] request s26 turn1 ttft=3926.427ms hit=0.0 e2e=8261.771ms
[ok] request s377 turn1 ttft=2248.949ms hit=0.0 e2e=8855.157ms
[ok] openhands s512 turn11 ttft=4505.334ms hit=0.914804 e2e=8838.686ms
[ok] openhands s260 turn1 ttft=2252.1ms hit=0.715043 e2e=8858.261ms
[ok] request s199 turn0 ttft=4448.573ms hit=0.0 e2e=8784.289ms
[ok] request s198 turn1 ttft=3927.204ms hit=0.0 e2e=8264.54ms
[ok] openhands s448 turn11 ttft=4520.257ms hit=0.972536 e2e=8855.451ms
[ok] openhands s195 turn9 ttft=2451.028ms hit=0.984426 e2e=8849.082ms
[ok] openhands s66 turn2 ttft=2445.392ms hit=0.971274 e2e=8843.224ms
[ok] request s161 turn0 ttft=3367.711ms hit=0.0 e2e=7527.23ms
[ok] request s442 turn0 ttft=2874.288ms hit=0.0 e2e=4036.011ms
[ok] request s39 turn0 ttft=3191.624ms hit=0.0 e2e=4353.186ms
[ok] openhands s194 turn0 ttft=5234.89ms hit=0.0 e2e=6576.194ms
[ok] request s266 turn0 ttft=4918.377ms hit=0.0 e2e=6259.589ms
[ok] request s472 turn0 ttft=4601.263ms hit=0.0 e2e=5942.337ms
[ok] request s36 turn0 ttft=3966.769ms hit=0.0 e2e=5307.775ms
[ok] request s374 turn0 ttft=3510.984ms hit=0.0 e2e=4673.275ms
[ok] request s19 turn0 ttft=3050.837ms hit=0.0 e2e=7213.195ms
[ok] request s53 turn0 ttft=3649.424ms hit=0.0 e2e=4991.302ms
[ok] request s479 turn0 ttft=4284.667ms hit=0.0 e2e=5626.538ms
[ok] request s426 turn0 ttft=2733.857ms hit=0.0 e2e=6897.149ms
[ok] request s551 turn1 ttft=3653.29ms hit=0.0 e2e=7816.572ms
[ok] request s73 turn0 ttft=1923.762ms hit=0.0 e2e=3088.224ms
[ok] request s488 turn0 ttft=2243.375ms hit=0.0 e2e=3407.33ms
[ok] request s284 turn0 ttft=2560.408ms hit=0.0 e2e=3724.404ms
[ok] request s5 turn0 ttft=1286.312ms hit=0.0 e2e=2466.932ms
[ok] openhands s513 turn0 ttft=675.95ms hit=0.0 e2e=1514.859ms
[ok] request s394 turn0 ttft=653.538ms hit=0.0 e2e=1833.332ms
[ok] request s515 turn0 ttft=969.983ms hit=0.0 e2e=2150.869ms
[ok] request s10 turn0 ttft=176.386ms hit=0.0 e2e=881.849ms
[ok] request s34 turn0 ttft=1607.255ms hit=0.0 e2e=2787.153ms
[ok] request s351 turn0 ttft=359.275ms hit=0.0 e2e=1200.727ms
[ok] request s328 turn0 ttft=149.542ms hit=0.0 e2e=1191.599ms
[ok] request s412 turn0 ttft=141.573ms hit=0.0 e2e=1267.522ms
[ok] openhands s449 turn11 ttft=1273.597ms hit=0.986792 e2e=1596.706ms
[ok] request s147 turn0 ttft=628.725ms hit=0.0 e2e=1222.93ms
[ok] request s39 turn1 ttft=430.97ms hit=0.0 e2e=1033.946ms
[ok] request s36 turn1 ttft=429.964ms hit=0.0 e2e=1032.829ms
[ok] request s488 turn1 ttft=425.772ms hit=0.0 e2e=1028.577ms
[ok] request s544 turn1 ttft=447.289ms hit=0.0 e2e=1050.055ms
[ok] openhands s512 turn12 ttft=859.927ms hit=0.93827 e2e=1579.777ms
[ok] request s25 turn1 ttft=447.094ms hit=0.0 e2e=1053.463ms
[ok] request s199 turn1 ttft=445.305ms hit=0.0 e2e=1049.688ms
[ok] request s562 turn2 ttft=446.203ms hit=0.590883 e2e=1053.116ms
[ok] openhands s194 turn1 ttft=607.357ms hit=0.99717 e2e=1599.685ms
[ok] openhands s513 turn1 ttft=708.932ms hit=0.988337 e2e=1578.496ms
[ok] request s235 turn0 ttft=827.124ms hit=0.0 e2e=1552.636ms
[ok] openhands s448 turn12 ttft=1011.415ms hit=0.9766 e2e=1618.969ms
[ok] openhands s66 turn3 ttft=878.985ms hit=0.95794 e2e=1606.693ms
[ok] openhands s260 turn2 ttft=895.583ms hit=0.986233 e2e=1623.347ms
[ok] openhands s195 turn10 ttft=741.357ms hit=0.832771 e2e=1613.251ms
[ok] request s394 turn1 ttft=411.177ms hit=0.0 e2e=1029.843ms
[ok] request s497 turn0 ttft=307.272ms hit=0.0 e2e=923.977ms
[ok] request s515 turn1 ttft=412.826ms hit=0.336842 e2e=1029.706ms
[ok] request s351 turn1 ttft=412.672ms hit=0.0 e2e=1028.755ms
[ok] request s5 turn1 ttft=417.63ms hit=0.0 e2e=1033.855ms
[ok] request s438 turn0 ttft=149.359ms hit=0.0 e2e=662.934ms
[ok] request s373 turn0 ttft=147.732ms hit=0.0 e2e=1585.995ms
[ok] request s372 turn0 ttft=736.152ms hit=0.0 e2e=1468.699ms
[ok] request s351 turn2 ttft=473.028ms hit=0.229391 e2e=1213.816ms
[ok] request s537 turn0 ttft=1024.524ms hit=0.0 e2e=1765.498ms
[ok] request s544 turn2 ttft=491.346ms hit=0.0 e2e=1232.321ms
[ok] openhands s448 turn13 ttft=1056.699ms hit=0.956382 e2e=1797.672ms
[ok] request s562 turn3 ttft=486.576ms hit=0.656691 e2e=1227.594ms
[ok] request s394 turn2 ttft=481.211ms hit=0.683578 e2e=1225.006ms
[ok] request s515 turn2 ttft=477.873ms hit=0.422442 e2e=1223.811ms
[ok] openhands s512 turn13 ttft=652.604ms hit=0.971969 e2e=1781.498ms
[ok] openhands s195 turn11 ttft=687.278ms hit=0.878356 e2e=1793.091ms
[ok] request s412 turn1 ttft=694.212ms hit=0.0 e2e=1824.868ms
[ok] openhands s194 turn2 ttft=1073.224ms hit=0.989462 e2e=1820.998ms
[ok] openhands s513 turn2 ttft=1076.552ms hit=0.957009 e2e=1824.438ms
[ok] openhands s260 turn3 ttft=887.461ms hit=0.922547 e2e=1789.608ms
[ok] openhands s66 turn4 ttft=897.612ms hit=0.909165 e2e=1799.785ms
[ok] openhands s449 turn12 ttft=664.62ms hit=0.95778 e2e=1773.548ms
[ok] request s202 turn0 ttft=413.934ms hit=0.0 e2e=1169.985ms
[ok] request s316 turn0 ttft=222.783ms hit=0.0 e2e=852.904ms
[ok] request s139 turn0 ttft=139.622ms hit=0.0 e2e=596.039ms
[ok] request s112 turn0 ttft=138.841ms hit=0.0 e2e=1557.63ms
[ok] request s394 turn3 ttft=1145.425ms hit=0.448336 e2e=1296.55ms
[ok] request s537 turn1 ttft=1154.23ms hit=0.482109 e2e=1613.047ms
[ok] request s351 turn3 ttft=1153.205ms hit=0.532225 e2e=1617.784ms
[ok] openhands s66 turn5 ttft=1568.611ms hit=0.980316 e2e=2158.015ms
[ok] request s515 turn3 ttft=1144.534ms hit=0.649746 e2e=1609.163ms
[ok] request s316 turn1 ttft=1140.226ms hit=0.0 e2e=1602.869ms
[ok] openhands s512 turn14 ttft=1331.452ms hit=0.988894 e2e=2197.873ms
[ok] openhands s449 turn13 ttft=1293.174ms hit=0.982528 e2e=2158.919ms
[ok] openhands s448 turn14 ttft=1340.082ms hit=0.912369 e2e=2207.955ms
[ok] request s372 turn1 ttft=1156.579ms hit=0.0 e2e=1626.1ms
[ok] openhands s260 turn4 ttft=1698.774ms hit=0.905718 e2e=2167.689ms
[ok] openhands s195 turn12 ttft=1596.703ms hit=0.960207 e2e=2191.924ms
[ok] openhands s194 turn3 ttft=1416.248ms hit=0.973234 e2e=2186.126ms
[ok] openhands s513 turn3 ttft=1303.43ms hit=0.809922 e2e=2172.009ms
[ok] request s112 turn1 ttft=152.403ms hit=0.0 e2e=978.853ms
[ok] openhands s512 turn15 ttft=1064.108ms hit=0.99543 e2e=1226.403ms
[ok] request s351 turn4 ttft=358.581ms hit=0.704957 e2e=729.553ms
[ok] request s316 turn2 ttft=351.116ms hit=0.503937 e2e=726.148ms
[ok] openhands s513 turn4 ttft=900.23ms hit=0.978875 e2e=1274.88ms
[ok] openhands s194 turn4 ttft=679.729ms hit=0.989247 e2e=1297.015ms
[ok] openhands s449 turn14 ttft=868.431ms hit=0.993177 e2e=1319.306ms
[ok] request s515 turn4 ttft=354.528ms hit=0.871242 e2e=732.735ms
[ok] request s394 turn4 ttft=671.772ms hit=0.86927 e2e=1049.742ms
[ok] openhands s260 turn5 ttft=934.397ms hit=0.930784 e2e=1312.114ms
[ok] openhands s66 turn6 ttft=831.2ms hit=0.984093 e2e=1283.881ms
[ok] openhands s448 turn15 ttft=703.578ms hit=0.985461 e2e=1308.687ms
[ok] request s112 turn2 ttft=593.9ms hit=0.0 e2e=1323.497ms
[ok] request s394 turn5 ttft=385.839ms hit=0.0 e2e=702.318ms
[ok] openhands s66 turn7 ttft=694.377ms hit=0.984038 e2e=1067.167ms
[ok] openhands s194 turn5 ttft=575.438ms hit=0.989601 e2e=1308.227ms
[ok] openhands s448 turn16 ttft=904.142ms hit=0.996697 e2e=1279.97ms
[ok] openhands s512 turn16 ttft=673.988ms hit=0.990349 e2e=1409.286ms
[ok] request s515 turn5 ttft=388.66ms hit=0.528926 e2e=709.686ms
[ok] request s316 turn3 ttft=392.426ms hit=0.0 e2e=714.797ms
[ok] openhands s513 turn5 ttft=894.546ms hit=0.948658 e2e=1272.093ms
[ok] openhands s449 turn15 ttft=771.991ms hit=0.988865 e2e=1289.769ms
[ok] openhands s260 turn6 ttft=778.001ms hit=0.839566 e2e=1295.509ms
[ok] request s515 turn6 ttft=249.197ms hit=0.839738 e2e=654.899ms
[ok] openhands s260 turn7 ttft=686.949ms hit=0.850745 e2e=1239.299ms
[ok] openhands s448 turn17 ttft=822.764ms hit=0.976393 e2e=1236.682ms
[ok] openhands s194 turn6 ttft=463.116ms hit=0.988714 e2e=1257.721ms
[ok] request s316 turn4 ttft=246.864ms hit=0.0 e2e=655.803ms
[ok] openhands s513 turn6 ttft=813.406ms hit=0.924085 e2e=1228.841ms
[ok] openhands s66 turn8 ttft=669.414ms hit=0.970371 e2e=1224.734ms
[ok] openhands s448 turn18 ttft=2641.641ms hit=0.969697 e2e=3284.866ms
[ok] openhands s260 turn8 ttft=500.408ms hit=0.993043 e2e=3308.622ms
[ok] request s515 turn7 ttft=2430.683ms hit=0.0 e2e=2712.089ms
[ok] openhands s194 turn7 ttft=2943.944ms hit=0.881391 e2e=3225.909ms
[ok] openhands s513 turn7 ttft=2416.124ms hit=0.947998 e2e=3298.499ms
[ok] openhands s66 turn9 ttft=2421.646ms hit=0.971507 e2e=3304.787ms
[ok] openhands s260 turn9 ttft=510.74ms hit=0.938468 e2e=2886.519ms
[ok] openhands s66 turn10 ttft=2650.014ms hit=0.86718 e2e=2977.078ms
[ok] openhands s194 turn8 ttft=2473.51ms hit=0.971612 e2e=3003.235ms
[ok] openhands s448 turn19 ttft=2660.607ms hit=0.96909 e2e=2988.902ms
[ok] openhands s513 turn8 ttft=2588.437ms hit=0.956201 e2e=2973.838ms
[ok] openhands s66 turn11 ttft=666.897ms hit=0.980684 e2e=1097.961ms
[ok] openhands s513 turn9 ttft=791.955ms hit=0.854495 e2e=1067.166ms
[ok] openhands s260 turn10 ttft=577.918ms hit=0.818811 e2e=1222.131ms
[ok] openhands s448 turn20 ttft=801.645ms hit=0.93027 e2e=1079.159ms
[ok] openhands s194 turn9 ttft=818.646ms hit=0.989898 e2e=1095.107ms
[ok] openhands s513 turn10 ttft=746.988ms hit=0.985132 e2e=897.448ms
[ok] openhands s66 turn12 ttft=611.657ms hit=0.961252 e2e=878.328ms
[ok] openhands s194 turn10 ttft=579.547ms hit=0.98848 e2e=999.092ms
[ok] openhands s448 turn21 ttft=698.667ms hit=0.962974 e2e=966.608ms
[ok] openhands s260 turn11 ttft=704.701ms hit=0.995439 e2e=984.264ms
[ok] openhands s66 turn13 ttft=836.677ms hit=0.980492 e2e=989.957ms
[ok] openhands s513 turn11 ttft=613.822ms hit=0.923027 e2e=1096.514ms
[ok] openhands s448 turn22 ttft=632.488ms hit=0.975215 e2e=953.524ms
[ok] openhands s260 turn12 ttft=734.701ms hit=0.914956 e2e=1070.553ms
[ok] openhands s194 turn11 ttft=567.744ms hit=0.990901 e2e=1088.009ms
[ok] openhands s513 turn12 ttft=676.766ms hit=0.991168 e2e=998.57ms
[ok] openhands s194 turn12 ttft=587.59ms hit=0.988589 e2e=1239.794ms
[ok] openhands s260 turn13 ttft=802.878ms hit=0.993857 e2e=1216.803ms
[ok] openhands s448 turn23 ttft=497.459ms hit=0.975605 e2e=905.161ms
[ok] openhands s66 turn14 ttft=660.653ms hit=0.954334 e2e=1209.897ms
[ok] openhands s513 turn13 ttft=235.153ms hit=0.957084 e2e=720.418ms
[ok] request s433 turn0 ttft=292.845ms hit=0.0 e2e=833.722ms
[ok] openhands s448 turn24 ttft=569.293ms hit=0.972693 e2e=1114.032ms
[ok] openhands s194 turn13 ttft=593.345ms hit=0.99172 e2e=1559.3ms
[ok] openhands s260 turn14 ttft=778.989ms hit=0.993893 e2e=1464.382ms
[ok] openhands s133 turn0 ttft=468.886ms hit=0.0 e2e=1155.076ms
[ok] openhands s513 turn14 ttft=602.228ms hit=0.944406 e2e=1148.348ms
[ok] openhands s66 turn15 ttft=613.586ms hit=0.981366 e2e=1542.213ms
[ok] request s126 turn0 ttft=132.353ms hit=0.0 e2e=567.433ms
[ok] request s441 turn0 ttft=141.316ms hit=0.0 e2e=866.618ms
[ok] request s237 turn0 ttft=550.008ms hit=0.0 e2e=1132.19ms
[ok] request s306 turn0 ttft=868.085ms hit=0.0 e2e=1452.727ms
[ok] request s127 turn0 ttft=242.25ms hit=0.0 e2e=817.938ms
[ok] request s126 turn1 ttft=335.268ms hit=0.0 e2e=919.859ms
[ok] openhands s260 turn15 ttft=931.427ms hit=0.994894 e2e=1515.677ms
[ok] request s433 turn1 ttft=387.415ms hit=0.0 e2e=971.335ms
[ok] openhands s133 turn1 ttft=683.322ms hit=0.954545 e2e=1539.906ms
[ok] openhands s66 turn16 ttft=823.392ms hit=0.91707 e2e=1531.947ms
[ok] openhands s194 turn14 ttft=663.73ms hit=0.980974 e2e=1570.704ms
[ok] openhands s448 turn25 ttft=843.869ms hit=0.993698 e2e=1553.522ms
[ok] openhands s513 turn15 ttft=682.049ms hit=0.960137 e2e=1539.135ms
[ok] request s317 turn0 ttft=144.771ms hit=0.0 e2e=1219.877ms
[ok] request s155 turn0 ttft=147.297ms hit=0.0 e2e=903.21ms
[ok] request s126 turn2 ttft=767.716ms hit=0.428094 e2e=1488.817ms
[ok] request s313 turn0 ttft=807.027ms hit=0.0 e2e=1618.463ms
[ok] request s217 turn0 ttft=577.38ms hit=0.0 e2e=1301.524ms
[ok] request s306 turn1 ttft=429.038ms hit=0.0 e2e=1152.857ms
[ok] openhands s66 turn17 ttft=907.437ms hit=0.986709 e2e=1718.858ms
[ok] request s237 turn1 ttft=432.121ms hit=0.0 e2e=1155.695ms
[ok] openhands s133 turn2 ttft=706.399ms hit=0.714902 e2e=1739.302ms
[ok] openhands s194 turn15 ttft=1015.46ms hit=0.98164 e2e=1737.199ms
[ok] request s127 turn1 ttft=428.795ms hit=0.0 e2e=1155.192ms
[ok] openhands s260 turn16 ttft=714.829ms hit=0.981018 e2e=1752.35ms
[ok] request s128 turn0 ttft=262.041ms hit=0.0 e2e=989.491ms
[ok] request s433 turn2 ttft=428.131ms hit=0.0 e2e=1154.795ms
[ok] openhands s448 turn26 ttft=733.727ms hit=0.91419 e2e=1708.446ms
[ok] openhands s513 turn16 ttft=678.139ms hit=0.968385 e2e=1715.545ms
[ok] request s47 turn0 ttft=134.239ms hit=0.0 e2e=2415.054ms
[ok] request s126 turn3 ttft=594.132ms hit=0.574635 e2e=1181.61ms
[ok] request s241 turn0 ttft=193.933ms hit=0.0 e2e=2218.894ms
[ok] request s317 turn1 ttft=270.862ms hit=0.0 e2e=2304.393ms
[ok] request s165 turn0 ttft=723.606ms hit=0.0 e2e=2149.098ms
[ok] request s476 turn0 ttft=904.672ms hit=0.0 e2e=1878.153ms
[ok] openhands s324 turn0 ttft=815.141ms hit=0.0 e2e=1561.335ms
[ok] request s24 turn0 ttft=621.14ms hit=0.0 e2e=1243.309ms
[ok] openhands s260 turn17 ttft=1060.461ms hit=0.995047 e2e=2032.959ms
[ok] request s127 turn2 ttft=813.518ms hit=0.0 e2e=1563.529ms
[ok] openhands s513 turn17 ttft=655.488ms hit=0.954651 e2e=2129.466ms
[ok] openhands s194 turn16 ttft=891.566ms hit=0.998211 e2e=2151.876ms
[ok] request s405 turn0 ttft=313.74ms hit=0.0 e2e=931.115ms
[ok] openhands s66 turn18 ttft=688.032ms hit=0.992904 e2e=2163.382ms
[ok] openhands s448 turn27 ttft=651.11ms hit=0.933869 e2e=2107.044ms
[ok] openhands s133 turn3 ttft=681.328ms hit=0.909737 e2e=2156.076ms
[ok] request s506 turn0 ttft=152.422ms hit=0.0 e2e=627.443ms
[ok] request s553 turn0 ttft=149.518ms hit=0.0 e2e=954.47ms
[ok] openhands s260 turn18 ttft=1142.07ms hit=0.984399 e2e=1448.235ms
[ok] openhands s194 turn17 ttft=809.637ms hit=0.981752 e2e=1389.67ms
[ok] request s47 turn1 ttft=726.334ms hit=0.0 e2e=1305.991ms
[ok] request s241 turn1 ttft=605.178ms hit=0.0 e2e=1184.49ms
[ok] openhands s513 turn18 ttft=820.6ms hit=0.964824 e2e=1460.538ms
[ok] request s126 turn4 ttft=696.889ms hit=0.817021 e2e=1280.617ms
[ok] openhands s448 turn28 ttft=648.383ms hit=0.972848 e2e=1476.792ms
[ok] openhands s324 turn1 ttft=689.544ms hit=0.963689 e2e=1480.127ms
[ok] request s70 turn0 ttft=567.681ms hit=0.0 e2e=1151.625ms
[ok] request s299 turn0 ttft=251.494ms hit=0.0 e2e=835.092ms
[ok] request s405 turn1 ttft=308.19ms hit=0.0 e2e=891.398ms
[ok] request s165 turn1 ttft=359.231ms hit=0.0 e2e=942.107ms
[ok] openhands s133 turn4 ttft=673.336ms hit=0.81961 e2e=1465.751ms
[ok] request s369 turn0 ttft=624.161ms hit=0.0 e2e=1453.709ms
[ok] request s84 turn0 ttft=146.194ms hit=0.0 e2e=1161.487ms
[ok] request s183 turn0 ttft=142.226ms hit=0.0 e2e=1277.063ms
[ok] request s142 turn0 ttft=270.539ms hit=0.0 e2e=887.536ms
[ok] openhands s260 turn19 ttft=866.59ms hit=0.993314 e2e=1497.202ms
[ok] request s65 turn0 ttft=581.308ms hit=0.0 e2e=1210.045ms
[ok] request s405 turn2 ttft=412.406ms hit=0.471889 e2e=1040.759ms
[ok] request s261 turn0 ttft=581.255ms hit=0.0 e2e=1528.278ms
[ok] request s126 turn5 ttft=416.823ms hit=0.532225 e2e=1045.094ms
[ok] openhands s324 turn2 ttft=630.182ms hit=0.858884 e2e=1629.069ms
[ok] openhands s194 turn18 ttft=771.721ms hit=0.995818 e2e=1567.916ms
[ok] request s165 turn2 ttft=412.123ms hit=0.396899 e2e=1040.623ms
[ok] openhands s448 turn29 ttft=643.652ms hit=0.988789 e2e=1644.138ms
[ok] request s369 turn1 ttft=411.386ms hit=0.0 e2e=1042.051ms
[ok] openhands s513 turn19 ttft=677.568ms hit=0.963154 e2e=1629.223ms
[ok] openhands s133 turn5 ttft=618.364ms hit=0.926675 e2e=1620.6ms
[ok] request s17 turn0 ttft=147.086ms hit=0.0 e2e=1283.109ms
[ok] request s267 turn0 ttft=141.354ms hit=0.0 e2e=967.531ms
[ok] request s105 turn0 ttft=145.23ms hit=0.0 e2e=162.116ms
[ok] request s341 turn0 ttft=1028.378ms hit=0.0 e2e=1532.203ms
[ok] openhands s448 turn30 ttft=1036.21ms hit=0.974064 e2e=2035.838ms
[ok] openhands s259 turn0 ttft=1103.092ms hit=0.0 e2e=2104.264ms
[ok] request s142 turn1 ttft=882.547ms hit=0.0 e2e=1885.245ms
[ok] request s126 turn6 ttft=1120.487ms hit=0.0 e2e=1878.702ms
[ok] openhands s194 turn19 ttft=1054.858ms hit=0.991937 e2e=2400.955ms
[ok] request s65 turn1 ttft=1124.399ms hit=0.0 e2e=1887.645ms
[ok] openhands s513 turn20 ttft=693.896ms hit=0.964669 e2e=2469.154ms
[ok] openhands s324 turn3 ttft=765.303ms hit=0.955412 e2e=2473.614ms
[ok] request s369 turn2 ttft=1117.538ms hit=0.0 e2e=1880.729ms
[ok] openhands s260 turn20 ttft=706.747ms hit=0.989576 e2e=2483.581ms
[ok] request s165 turn3 ttft=1119.965ms hit=0.0 e2e=1883.118ms
[ok] request s267 turn1 ttft=532.884ms hit=0.0 e2e=1177.594ms
[ok] request s381 turn0 ttft=831.597ms hit=0.0 e2e=1477.33ms
[ok] request s405 turn3 ttft=1125.143ms hit=0.0 e2e=1888.64ms
[ok] request s379 turn0 ttft=718.122ms hit=0.0 e2e=2429.122ms
[ok] openhands s133 turn6 ttft=686.493ms hit=0.942414 e2e=2463.665ms
[ok] request s245 turn0 ttft=513.637ms hit=0.0 e2e=1162.894ms
[ok] request s55 turn0 ttft=206.461ms hit=0.0 e2e=845.253ms
[ok] request s117 turn0 ttft=144.246ms hit=0.0 e2e=2101.819ms
[ok] request s341 turn1 ttft=1105.792ms hit=0.0 e2e=1886.264ms
[ok] openhands s259 turn1 ttft=792.828ms hit=0.776935 e2e=2247.94ms
[ok] request s405 turn4 ttft=1041.987ms hit=0.0 e2e=1744.12ms
[ok] request s356 turn0 ttft=1334.13ms hit=0.0 e2e=2241.542ms
[ok] openhands s133 turn7 ttft=1147.778ms hit=0.886929 e2e=2302.394ms
[ok] request s105 turn1 ttft=1206.434ms hit=0.0 e2e=2113.632ms
[ok] request s267 turn2 ttft=1044.464ms hit=0.0 e2e=1749.897ms
[ok] openhands s260 turn21 ttft=1168.992ms hit=0.979836 e2e=2322.478ms
[ok] request s55 turn1 ttft=1180.901ms hit=0.0 e2e=2087.682ms
[ok] openhands s324 turn4 ttft=1172.487ms hit=0.604063 e2e=2326.957ms
[ok] openhands s194 turn20 ttft=1439.806ms hit=0.9946 e2e=2350.212ms
[ok] request s321 turn0 ttft=1017.889ms hit=0.0 e2e=1928.093ms
[ok] request s65 turn2 ttft=848.235ms hit=0.0 e2e=1758.147ms
[ok] request s369 turn3 ttft=1047.639ms hit=0.0 e2e=1756.985ms
[ok] request s126 turn7 ttft=853.243ms hit=0.0 e2e=1763.199ms
[ok] request s142 turn2 ttft=855.211ms hit=0.0 e2e=1764.932ms
[ok] openhands s513 turn21 ttft=1156.735ms hit=0.992218 e2e=2317.504ms
[ok] openhands s448 turn31 ttft=742.376ms hit=0.949359 e2e=2303.563ms
[ok] request s72 turn0 ttft=275.382ms hit=0.0 e2e=981.743ms
[ok] request s134 turn0 ttft=151.838ms hit=0.0 e2e=664.123ms
[ok] request s454 turn0 ttft=584.167ms hit=0.0 e2e=1299.527ms
[ok] request s240 turn0 ttft=902.004ms hit=0.0 e2e=1617.168ms
[ok] request s291 turn0 ttft=152.218ms hit=0.0 e2e=2144.316ms
[ok] request s341 turn2 ttft=945.448ms hit=0.0 e2e=1454.616ms
[ok] openhands s324 turn5 ttft=1814.072ms hit=0.98712 e2e=2129.299ms
[ok] request s164 turn0 ttft=832.735ms hit=0.0 e2e=2175.451ms
[ok] openhands s448 turn32 ttft=766.399ms hit=0.9918 e2e=2108.722ms
[ok] openhands s133 turn8 ttft=803.785ms hit=0.952685 e2e=2149.314ms
[ok] openhands s259 turn2 ttft=900.081ms hit=0.969938 e2e=2246.477ms
[ok] openhands s260 turn22 ttft=799.631ms hit=0.987412 e2e=2144.222ms
[ok] openhands s513 turn22 ttft=750.114ms hit=0.974068 e2e=2095.693ms
[ok] request s549 turn0 ttft=144.906ms hit=0.0 e2e=278.245ms
[ok] request s439 turn0 ttft=795.615ms hit=0.0 e2e=1923.955ms
[ok] openhands s130 turn0 ttft=1015.368ms hit=0.0 e2e=2128.414ms
[ok] request s55 turn2 ttft=957.711ms hit=0.0 e2e=2326.147ms
[ok] request s504 turn0 ttft=698.551ms hit=0.0 e2e=1814.8ms
[ok] request s232 turn0 ttft=194.232ms hit=0.0 e2e=1180.368ms
[ok] request s303 turn0 ttft=501.183ms hit=0.0 e2e=1497.659ms
[ok] request s405 turn5 ttft=783.198ms hit=0.782875 e2e=2151.394ms
[ok] request s267 turn3 ttft=777.246ms hit=0.637874 e2e=2145.163ms
[ok] request s65 turn3 ttft=774.371ms hit=0.833488 e2e=2142.1ms
[ok] request s321 turn1 ttft=776.342ms hit=0.0 e2e=2145.295ms
[ok] request s105 turn2 ttft=780.2ms hit=0.0 e2e=2148.956ms
[ok] openhands s194 turn21 ttft=1063.319ms hit=0.980063 e2e=2720.401ms
[ok] openhands s513 turn23 ttft=863.621ms hit=0.967328 e2e=2155.246ms
[ok] openhands s260 turn23 ttft=893.915ms hit=0.974915 e2e=2186.751ms
[ok] openhands s194 turn22 ttft=620.8ms hit=0.98705 e2e=1605.777ms
[ok] request s164 turn1 ttft=438.527ms hit=0.424544 e2e=1582.747ms
[ok] openhands s133 turn9 ttft=890.957ms hit=0.978931 e2e=2200.093ms
[ok] request s81 turn0 ttft=545.833ms hit=0.0 e2e=1848.031ms
[ok] openhands s448 turn33 ttft=589.083ms hit=0.983467 e2e=2180.291ms
[ok] openhands s130 turn1 ttft=465.36ms hit=0.986671 e2e=1617.08ms
[ok] request s439 turn1 ttft=554.826ms hit=0.3819 e2e=1547.283ms
[ok] openhands s324 turn6 ttft=588.951ms hit=0.849692 e2e=2206.679ms
[ok] request s21 turn0 ttft=221.975ms hit=0.0 e2e=1214.007ms
[ok] request s405 turn6 ttft=370.483ms hit=0.0 e2e=1021.511ms
[ok] request s55 turn3 ttft=327.349ms hit=0.566372 e2e=1321.424ms
[ok] request s561 turn0 ttft=538.835ms hit=0.0 e2e=1532.171ms
[ok] openhands s259 turn3 ttft=846.288ms hit=0.970408 e2e=2158.8ms
[ok] request s319 turn0 ttft=557.896ms hit=0.0 e2e=2151.067ms
[ok] request s321 turn2 ttft=378.363ms hit=0.0 e2e=1018.154ms
[ok] request s267 turn4 ttft=366.952ms hit=0.0 e2e=1020.393ms
[ok] request s120 turn0 ttft=261.166ms hit=0.0 e2e=900.23ms
[ok] request s137 turn0 ttft=149.389ms hit=0.0 e2e=640.414ms
[ok] request s508 turn0 ttft=136.751ms hit=0.0 e2e=326.133ms
[ok] request s439 turn2 ttft=684.938ms hit=0.620499 e2e=966.918ms
[ok] request s164 turn2 ttft=472.341ms hit=0.517172 e2e=764.382ms
[ok] openhands s260 turn24 ttft=1049.679ms hit=0.990105 e2e=1510.152ms
[ok] openhands s130 turn2 ttft=919.133ms hit=0.955075 e2e=1500.967ms
[ok] request s249 turn0 ttft=690.668ms hit=0.0 e2e=1152.515ms
[ok] openhands s133 turn10 ttft=917.477ms hit=0.979904 e2e=1498.664ms
[ok] openhands s259 turn4 ttft=576.488ms hit=0.987702 e2e=1474.626ms
[ok] openhands s448 turn34 ttft=657.881ms hit=0.977083 e2e=1491.946ms
[ok] request s405 turn7 ttft=464.35ms hit=0.787913 e2e=929.972ms
[ok] openhands s513 turn24 ttft=628.214ms hit=0.992641 e2e=1528.066ms
[ok] request s499 turn0 ttft=375.944ms hit=0.0 e2e=841.658ms
[ok] request s367 turn0 ttft=180.666ms hit=0.0 e2e=524.963ms
[ok] request s508 turn1 ttft=402.637ms hit=0.0 e2e=868.331ms
[ok] request s267 turn5 ttft=462.963ms hit=0.794723 e2e=928.468ms
[ok] openhands s324 turn7 ttft=911.115ms hit=0.87747 e2e=1499.828ms
[ok] request s456 turn0 ttft=571.651ms hit=0.0 e2e=1472.189ms
[ok] request s439 turn3 ttft=535.794ms hit=0.730101 e2e=850.375ms
[ok] openhands s513 turn25 ttft=887.816ms hit=0.990412 e2e=1216.804ms
[ok] request s499 turn1 ttft=371.363ms hit=0.0 e2e=690.567ms
[ok] request s456 turn1 ttft=350.36ms hit=0.0 e2e=668.692ms
[ok] openhands s448 turn35 ttft=917.612ms hit=0.991486 e2e=1246.769ms
[ok] request s249 turn1 ttft=358.132ms hit=0.0 e2e=680.525ms
[ok] openhands s324 turn8 ttft=626.585ms hit=0.891559 e2e=1233.947ms
[ok] openhands s133 turn11 ttft=793.085ms hit=0.982904 e2e=1261.429ms
[ok] openhands s260 turn25 ttft=665.392ms hit=0.98961 e2e=1274.123ms
[ok] openhands s259 turn5 ttft=756.472ms hit=0.977332 e2e=1226.203ms
[ok] openhands s130 turn3 ttft=760.755ms hit=0.894292 e2e=1229.576ms
[ok] request s249 turn2 ttft=287.944ms hit=0.479625 e2e=603.089ms
[ok] request s499 turn2 ttft=292.454ms hit=0.0 e2e=608.711ms
[ok] request s456 turn2 ttft=289.654ms hit=0.0 e2e=607.269ms
[ok] openhands s448 turn36 ttft=453.094ms hit=0.974004 e2e=778.13ms
[ok] openhands s133 turn12 ttft=589.882ms hit=0.980426 e2e=1201.762ms
[ok] openhands s260 turn26 ttft=733.962ms hit=0.993538 e2e=1195.773ms
[ok] openhands s324 turn9 ttft=585.844ms hit=0.909271 e2e=1208.937ms
[ok] openhands s259 turn6 ttft=722.191ms hit=0.975553 e2e=1185.283ms
[ok] openhands s130 turn4 ttft=571.607ms hit=0.974934 e2e=1180.987ms
[ok] openhands s324 turn10 ttft=447.89ms hit=0.957309 e2e=993.987ms
[ok] openhands s259 turn7 ttft=571.043ms hit=0.976647 e2e=984.058ms
[ok] openhands s133 turn13 ttft=401.662ms hit=0.941869 e2e=1001.564ms
[ok] openhands s260 turn27 ttft=408.437ms hit=0.996573 e2e=806.999ms
[ok] openhands s130 turn5 ttft=575.283ms hit=0.973582 e2e=989.748ms
[ok] request s456 turn3 ttft=170.161ms hit=0.0 e2e=568.611ms
[ok] request s499 turn3 ttft=150.378ms hit=0.0 e2e=443.065ms
[ok] request s456 turn4 ttft=406.386ms hit=0.0 e2e=804.221ms
[ok] openhands s130 turn6 ttft=614.545ms hit=0.973254 e2e=1131.64ms
[ok] openhands s259 turn8 ttft=620.687ms hit=0.982135 e2e=1137.481ms
[ok] openhands s324 turn11 ttft=463.928ms hit=0.926597 e2e=1146.684ms
[ok] openhands s260 turn28 ttft=728.76ms hit=0.910087 e2e=1129.599ms
[ok] openhands s133 turn14 ttft=593.925ms hit=0.932839 e2e=1112.339ms
[ok] request s499 turn4 ttft=233.967ms hit=0.0 e2e=512.994ms
[ok] openhands s130 turn7 ttft=844.997ms hit=0.936605 e2e=995.928ms
[ok] openhands s260 turn29 ttft=464.234ms hit=0.991937 e2e=993.911ms
[ok] openhands s324 turn12 ttft=605.755ms hit=0.992758 e2e=1003.126ms
[ok] openhands s259 turn9 ttft=605.124ms hit=0.951829 e2e=1008.591ms
[ok] openhands s133 turn15 ttft=206.356ms hit=0.936567 e2e=913.075ms
[ok] openhands s259 turn10 ttft=752.395ms hit=0.833456 e2e=1330.318ms
[ok] openhands s260 turn30 ttft=854.183ms hit=0.993654 e2e=1147.38ms
[ok] openhands s133 turn16 ttft=527.761ms hit=0.978967 e2e=816.677ms
[ok] openhands s324 turn13 ttft=535.869ms hit=0.904769 e2e=1343.799ms
[ok] openhands s448 turn37 ttft=904.576ms hit=0.908543 e2e=1199.046ms
[ok] openhands s130 turn8 ttft=739.419ms hit=0.990947 e2e=1319.648ms
[ok] openhands s133 turn17 ttft=291.318ms hit=0.98343 e2e=578.849ms
[ok] openhands s260 turn31 ttft=573.715ms hit=0.996511 e2e=1172.804ms
[ok] openhands s448 turn38 ttft=861.316ms hit=0.995505 e2e=1156.547ms
[ok] openhands s324 turn14 ttft=577.492ms hit=0.993724 e2e=1186.653ms
[ok] openhands s259 turn11 ttft=843.82ms hit=0.892132 e2e=1140.196ms
[ok] openhands s130 turn9 ttft=711.299ms hit=0.976318 e2e=1162.844ms
[ok] openhands s130 turn10 ttft=561.793ms hit=0.976567 e2e=997.588ms
[ok] openhands s133 turn18 ttft=502.092ms hit=0.963205 e2e=786.911ms
[ok] openhands s448 turn39 ttft=596.806ms hit=0.982926 e2e=1049.435ms
[ok] openhands s259 turn12 ttft=770.538ms hit=0.9702 e2e=1056.618ms
[ok] openhands s324 turn15 ttft=769.371ms hit=0.988833 e2e=1065.419ms
[ok] openhands s133 turn19 ttft=424.541ms hit=0.962251 e2e=965.104ms
[ok] openhands s448 turn40 ttft=649.239ms hit=0.983966 e2e=940.447ms
[ok] openhands s130 turn11 ttft=494.785ms hit=0.986097 e2e=1037.904ms
[ok] openhands s259 turn13 ttft=660.951ms hit=0.984693 e2e=948.893ms
[ok] openhands s324 turn16 ttft=526.125ms hit=0.989128 e2e=958.142ms
[ok] openhands s324 turn17 ttft=327.841ms hit=0.990813 e2e=812.38ms
[ok] openhands s448 turn41 ttft=468.217ms hit=0.994572 e2e=948.792ms
[ok] openhands s133 turn20 ttft=201.997ms hit=0.981522 e2e=715.249ms
[ok] openhands s324 turn18 ttft=544.509ms hit=0.990227 e2e=790.717ms
[ok] openhands s448 turn42 ttft=331.439ms hit=0.993998 e2e=705.651ms
[ok] openhands s133 turn21 ttft=211.948ms hit=0.94484 e2e=472.597ms
[ok] openhands s133 turn22 ttft=296.683ms hit=0.940862 e2e=545.936ms
[ok] openhands s448 turn43 ttft=479.048ms hit=0.98409 e2e=736.687ms
[ok] openhands s133 turn23 ttft=215.066ms hit=0.958314 e2e=460.104ms
[ok] openhands s133 turn24 ttft=217.757ms hit=0.980485 e2e=460.533ms
[ok] openhands s133 turn25 ttft=229.026ms hit=0.967842 e2e=472.016ms
[ok] openhands s133 turn26 ttft=217.797ms hit=0.977185 e2e=460.552ms
[ok] openhands s133 turn27 ttft=217.958ms hit=0.99173 e2e=460.267ms
[ok] openhands s133 turn28 ttft=212.108ms hit=0.984105 e2e=455.578ms
[ok] openhands s133 turn29 ttft=222.815ms hit=0.925227 e2e=1176.902ms
[ok] request s432 turn0 ttft=316.591ms hit=0.0 e2e=942.799ms
[ok] openhands s257 turn0 ttft=629.829ms hit=0.0 e2e=1261.95ms
[ok] request s489 turn0 ttft=141.029ms hit=0.0 e2e=667.137ms
[ok] request s520 turn0 ttft=225.628ms hit=0.0 e2e=610.769ms
[ok] openhands s133 turn30 ttft=335.458ms hit=0.963863 e2e=722.689ms
[ok] request s569 turn0 ttft=170.958ms hit=0.0 e2e=538.002ms
[ok] openhands s257 turn1 ttft=179.156ms hit=0.960177 e2e=546.414ms
[ok] request s64 turn0 ttft=138.172ms hit=0.0 e2e=634.573ms
[ok] request s189 turn0 ttft=203.791ms hit=0.0 e2e=610.224ms
[ok] openhands s257 turn2 ttft=292.416ms hit=0.928786 e2e=705.3ms
[ok] request s277 turn0 ttft=171.145ms hit=0.0 e2e=545.068ms
[ok] request s482 turn0 ttft=166.034ms hit=0.0 e2e=531.865ms
[ok] openhands s257 turn3 ttft=189.392ms hit=0.924188 e2e=555.371ms
[ok] request s200 turn0 ttft=143.758ms hit=0.0 e2e=186.21ms
[ok] request s188 turn0 ttft=141.573ms hit=0.0 e2e=1157.86ms
[ok] request s189 turn1 ttft=266.257ms hit=0.417278 e2e=1173.811ms
[ok] request s277 turn1 ttft=258.642ms hit=0.0 e2e=922.151ms
[ok] openhands s257 turn4 ttft=308.761ms hit=0.853618 e2e=1218.176ms
[ok] request s174 turn0 ttft=332.54ms hit=0.0 e2e=1116.998ms
[ok] request s482 turn1 ttft=136.852ms hit=0.0 e2e=675.548ms
[ok] request s422 turn0 ttft=161.588ms hit=0.0 e2e=660.117ms
[ok] request s536 turn0 ttft=139.468ms hit=0.0 e2e=1241.164ms
[ok] request s421 turn0 ttft=153.731ms hit=0.0 e2e=1142.819ms
[ok] openhands s257 turn5 ttft=301.589ms hit=0.916349 e2e=1296.513ms
[ok] request s189 turn2 ttft=144.667ms hit=0.558038 e2e=763.966ms
[ok] request s482 turn2 ttft=254.356ms hit=0.0 e2e=1007.534ms
[ok] request s435 turn0 ttft=264.55ms hit=0.0 e2e=893.436ms
[ok] openhands s131 turn0 ttft=263.947ms hit=0.0 e2e=688.429ms
[ok] request s516 turn0 ttft=143.077ms hit=0.0 e2e=1570.022ms
[ok] request s246 turn0 ttft=137.661ms hit=0.0 e2e=453.15ms
[ok] request s552 turn0 ttft=587.469ms hit=0.0 e2e=1142.269ms
[ok] request s16 turn0 ttft=929.019ms hit=0.0 e2e=1777.774ms
[ok] request s325 turn0 ttft=783.007ms hit=0.0 e2e=1464.203ms
[ok] request s536 turn1 ttft=846.893ms hit=0.0 e2e=1527.156ms
[ok] request s435 turn1 ttft=559.162ms hit=0.0 e2e=1239.078ms
[ok] request s179 turn0 ttft=276.998ms hit=0.0 e2e=829.338ms
[ok] openhands s257 turn6 ttft=961.251ms hit=0.495874 e2e=1813.026ms
[ok] openhands s131 turn1 ttft=1045.821ms hit=0.0 e2e=1727.436ms
[ok] request s230 turn0 ttft=140.058ms hit=0.0 e2e=789.102ms
[ok] request s516 turn1 ttft=364.702ms hit=0.0 e2e=1006.367ms
[ok] openhands s131 turn2 ttft=370.447ms hit=0.896387 e2e=1013.151ms
[ok] openhands s257 turn7 ttft=370.049ms hit=0.95469 e2e=1018.058ms
[ok] request s403 turn0 ttft=253.895ms hit=0.0 e2e=897.555ms
[ok] request s57 turn0 ttft=144.27ms hit=0.0 e2e=733.752ms
[ok] request s435 turn2 ttft=142.489ms hit=0.0 e2e=575.598ms
[ok] request s179 turn1 ttft=141.649ms hit=0.0 e2e=574.449ms
[ok] request s170 turn0 ttft=143.499ms hit=0.0 e2e=518.741ms
[ok] request s500 turn0 ttft=506.434ms hit=0.0 e2e=1450.556ms
[ok] openhands s131 turn3 ttft=550.153ms hit=0.930345 e2e=1495.363ms
[ok] openhands s257 turn8 ttft=400.089ms hit=0.966003 e2e=1506.651ms
[ok] request s406 turn0 ttft=193.54ms hit=0.0 e2e=1135.284ms
[ok] request s179 turn2 ttft=245.461ms hit=0.0 e2e=793.549ms
[ok] request s273 turn0 ttft=303.473ms hit=0.0 e2e=863.522ms
[ok] request s516 turn2 ttft=265.038ms hit=0.0 e2e=957.406ms
[ok] request s435 turn3 ttft=248.682ms hit=0.377025 e2e=797.612ms
[ok] request s119 turn0 ttft=150.546ms hit=0.0 e2e=736.253ms
[ok] request s215 turn0 ttft=156.02ms hit=0.0 e2e=1882.711ms
[ok] openhands s131 turn4 ttft=223.212ms hit=0.852538 e2e=1896.142ms
[ok] request s436 turn0 ttft=311.36ms hit=0.0 e2e=887.675ms
[ok] openhands s2 turn0 ttft=1261.544ms hit=0.228146 e2e=1844.192ms
[ok] request s273 turn1 ttft=748.947ms hit=0.0 e2e=1331.19ms
[ok] request s179 turn3 ttft=752.214ms hit=0.0 e2e=1333.141ms
[ok] request s242 turn0 ttft=629.857ms hit=0.0 e2e=1209.991ms
[ok] request s32 turn0 ttft=143.03ms hit=0.0 e2e=575.098ms
[ok] openhands s257 turn9 ttft=1009.772ms hit=0.702359 e2e=1894.696ms
[ok] request s332 turn0 ttft=944.25ms hit=0.0 e2e=1526.487ms
[ok] request s224 turn0 ttft=134.442ms hit=0.0 e2e=1172.191ms
[ok] openhands s257 turn10 ttft=640.761ms hit=0.992425 e2e=1157.001ms
[ok] request s35 turn0 ttft=270.485ms hit=0.0 e2e=786.986ms
[ok] openhands s2 turn1 ttft=521.91ms hit=0.975393 e2e=1162.465ms
[ok] openhands s131 turn5 ttft=328.755ms hit=0.88772 e2e=1213.449ms
[ok] request s391 turn0 ttft=461.881ms hit=0.0 e2e=1104.992ms
[ok] request s15 turn0 ttft=131.916ms hit=0.0 e2e=663.016ms
[ok] request s292 turn0 ttft=401.975ms hit=0.0 e2e=584.323ms
[ok] request s409 turn0 ttft=131.704ms hit=0.0 e2e=1272.97ms
[ok] request s169 turn0 ttft=214.074ms hit=0.0 e2e=841.98ms
[ok] openhands s131 turn6 ttft=748.482ms hit=0.87456 e2e=1631.941ms
[ok] request s35 turn1 ttft=403.242ms hit=0.0 e2e=1043.361ms
[ok] openhands s2 turn2 ttft=755.301ms hit=0.946288 e2e=1638.394ms
[ok] openhands s257 turn11 ttft=496.834ms hit=0.986749 e2e=1644.844ms
[ok] request s333 turn0 ttft=718.859ms hit=0.0 e2e=1480.416ms
[ok] request s296 turn0 ttft=251.51ms hit=0.0 e2e=1860.509ms
[ok] request s343 turn0 ttft=143.6ms hit=0.0 e2e=1760.835ms
[ok] request s140 turn0 ttft=249.577ms hit=0.0 e2e=881.246ms
[ok] openhands s384 turn0 ttft=754.831ms hit=0.0 e2e=1517.803ms
[ok] request s532 turn0 ttft=561.292ms hit=0.0 e2e=1200.676ms
[ok] request s292 turn1 ttft=468.853ms hit=0.0 e2e=1919.772ms
[ok] request s6 turn0 ttft=575.944ms hit=0.0 e2e=1838.627ms
[ok] request s169 turn1 ttft=582.327ms hit=0.0 e2e=1348.216ms
[ok] openhands s257 turn12 ttft=488.225ms hit=0.939349 e2e=1941.986ms
[ok] openhands s2 turn3 ttft=343.349ms hit=0.907423 e2e=1945.443ms
[ok] openhands s131 turn7 ttft=659.599ms hit=0.833725 e2e=1922.546ms
[ok] request s570 turn0 ttft=142.175ms hit=0.0 e2e=814.812ms
[ok] request s272 turn0 ttft=215.509ms hit=0.0 e2e=498.271ms
[ok] request s446 turn0 ttft=149.503ms hit=0.0 e2e=453.55ms
[ok] request s477 turn0 ttft=452.891ms hit=0.0 e2e=891.771ms
[ok] request s292 turn2 ttft=437.952ms hit=0.0 e2e=997.391ms
[ok] request s169 turn2 ttft=432.901ms hit=0.0 e2e=993.095ms
[ok] openhands s257 turn13 ttft=904.302ms hit=0.983515 e2e=1586.179ms
[ok] request s408 turn0 ttft=580.29ms hit=0.0 e2e=1531.794ms
[ok] request s250 turn0 ttft=533.667ms hit=0.0 e2e=1215.338ms
[ok] request s140 turn1 ttft=439.997ms hit=0.0 e2e=1003.327ms
[ok] request s6 turn1 ttft=433.365ms hit=0.0 e2e=998.602ms
[ok] openhands s2 turn4 ttft=643.976ms hit=0.933273 e2e=1595.102ms
[ok] openhands s384 turn1 ttft=503.56ms hit=0.671413 e2e=1598.822ms
[ok] openhands s131 turn8 ttft=622.812ms hit=0.920094 e2e=1574.978ms
[ok] request s305 turn0 ttft=138.804ms hit=0.0 e2e=1253.708ms
[ok] request s382 turn0 ttft=402.78ms hit=0.0 e2e=883.879ms
[ok] request s6 turn2 ttft=297.271ms hit=0.0 e2e=733.28ms
[ok] openhands s131 turn9 ttft=505.162ms hit=0.869976 e2e=1321.501ms
[ok] request s399 turn0 ttft=467.006ms hit=0.0 e2e=1282.367ms
[ok] request s292 turn3 ttft=302.167ms hit=0.477167 e2e=740.341ms
[ok] request s348 turn0 ttft=213.717ms hit=0.0 e2e=648.0ms
[ok] openhands s384 turn2 ttft=515.202ms hit=0.908331 e2e=1332.807ms
[ok] openhands s2 turn5 ttft=353.886ms hit=0.943605 e2e=1336.861ms
[ok] openhands s257 turn14 ttft=615.178ms hit=0.989813 e2e=1307.253ms
[ok] request s51 turn0 ttft=142.889ms hit=0.0 e2e=1176.599ms
[ok] request s49 turn0 ttft=377.321ms hit=0.0 e2e=884.519ms
[ok] openhands s257 turn15 ttft=706.884ms hit=0.987691 e2e=1108.264ms
[ok] request s236 turn0 ttft=437.326ms hit=0.0 e2e=840.408ms
[ok] request s382 turn1 ttft=223.144ms hit=0.0 e2e=625.813ms
[ok] openhands s384 turn3 ttft=571.308ms hit=0.985895 e2e=1132.285ms
[ok] openhands s2 turn6 ttft=439.47ms hit=0.975445 e2e=1142.956ms
[ok] openhands s131 turn10 ttft=700.328ms hit=0.871603 e2e=1104.981ms
[ok] request s49 turn1 ttft=139.857ms hit=0.0 e2e=1461.867ms
[ok] openhands s131 turn11 ttft=1139.646ms hit=0.454406 e2e=1406.8ms
[ok] request s51 turn1 ttft=864.719ms hit=0.0 e2e=1131.896ms
[ok] request s382 turn2 ttft=566.198ms hit=0.0 e2e=833.025ms
[ok] openhands s2 turn7 ttft=778.447ms hit=0.978032 e2e=1419.224ms
[ok] openhands s384 turn4 ttft=414.744ms hit=0.980194 e2e=1423.064ms
[ok] openhands s257 turn16 ttft=1134.648ms hit=0.976678 e2e=1404.91ms
[ok] openhands s131 turn12 ttft=462.919ms hit=0.955556 e2e=874.198ms
[ok] request s49 turn2 ttft=457.308ms hit=0.0 e2e=856.851ms
[ok] openhands s2 turn8 ttft=476.726ms hit=0.973099 e2e=889.795ms
[ok] openhands s384 turn5 ttft=347.529ms hit=0.931653 e2e=899.726ms
[ok] openhands s257 turn17 ttft=483.734ms hit=0.982616 e2e=885.733ms
[ok] request s51 turn2 ttft=143.36ms hit=0.0 e2e=661.853ms
[ok] openhands s384 turn6 ttft=513.965ms hit=0.965086 e2e=767.103ms
[ok] openhands s257 turn18 ttft=529.084ms hit=0.994981 e2e=782.444ms
[ok] openhands s131 turn13 ttft=507.812ms hit=0.91072 e2e=775.226ms
[ok] openhands s2 turn9 ttft=350.199ms hit=0.981356 e2e=788.668ms
[ok] request s51 turn3 ttft=967.128ms hit=0.0 e2e=1242.569ms
[ok] openhands s2 turn10 ttft=624.361ms hit=0.925035 e2e=1393.836ms
[ok] openhands s257 turn19 ttft=407.394ms hit=0.995911 e2e=1402.323ms
[ok] openhands s131 turn14 ttft=1093.218ms hit=0.749471 e2e=1370.558ms
[ok] openhands s384 turn7 ttft=618.314ms hit=0.950004 e2e=1389.502ms
[ok] openhands s384 turn8 ttft=422.697ms hit=0.879948 e2e=791.728ms
[ok] openhands s257 turn20 ttft=395.927ms hit=0.991855 e2e=803.291ms
[ok] request s51 turn4 ttft=149.53ms hit=0.0 e2e=789.219ms
[ok] openhands s257 turn21 ttft=503.758ms hit=0.961609 e2e=752.645ms
[ok] openhands s2 turn11 ttft=486.987ms hit=0.979592 e2e=744.492ms
[ok] openhands s384 turn9 ttft=365.759ms hit=0.910336 e2e=758.979ms
[ok] openhands s257 turn22 ttft=565.452ms hit=0.98289 e2e=824.583ms
[ok] request s51 turn5 ttft=175.009ms hit=0.690855 e2e=432.166ms
[ok] openhands s384 turn10 ttft=455.331ms hit=0.989364 e2e=851.203ms
[ok] openhands s2 turn12 ttft=324.754ms hit=0.98074 e2e=857.453ms
[ok] openhands s257 turn23 ttft=483.022ms hit=0.959224 e2e=734.374ms
[ok] openhands s2 turn13 ttft=486.227ms hit=0.987953 e2e=747.428ms
[ok] openhands s384 turn11 ttft=354.657ms hit=0.98719 e2e=753.818ms
[ok] openhands s2 turn14 ttft=452.415ms hit=0.987096 e2e=703.148ms
[ok] openhands s384 turn12 ttft=446.53ms hit=0.984838 e2e=697.808ms
[ok] openhands s257 turn24 ttft=454.678ms hit=0.947226 e2e=714.426ms
[ok] openhands s384 turn13 ttft=410.984ms hit=0.989531 e2e=657.967ms
[ok] openhands s257 turn25 ttft=416.671ms hit=0.990874 e2e=668.996ms
[ok] openhands s257 turn26 ttft=374.184ms hit=0.986763 e2e=617.651ms
[ok] openhands s384 turn14 ttft=373.079ms hit=0.992725 e2e=624.589ms
[ok] openhands s257 turn27 ttft=290.931ms hit=0.980825 e2e=537.456ms
[ok] openhands s257 turn28 ttft=293.458ms hit=0.988381 e2e=539.618ms
[ok] openhands s257 turn29 ttft=312.131ms hit=0.986736 e2e=558.236ms
[ok] openhands s257 turn30 ttft=294.741ms hit=0.985144 e2e=541.286ms
[ok] openhands s257 turn31 ttft=446.392ms hit=0.920818 e2e=693.25ms
[ok] openhands s257 turn32 ttft=340.588ms hit=0.985547 e2e=587.285ms
[ok] request s285 turn0 ttft=605.408ms hit=0.0 e2e=1724.854ms
[ok] openhands s447 turn0 ttft=801.299ms hit=0.0 e2e=2040.54ms
[ok] request s286 turn0 ttft=289.79ms hit=0.0 e2e=1408.619ms
[ok] request s229 turn0 ttft=667.718ms hit=0.0 e2e=1404.613ms
[ok] request s462 turn0 ttft=467.546ms hit=0.0 e2e=1089.058ms
[ok] request s429 turn0 ttft=151.847ms hit=0.0 e2e=771.341ms
[ok] request s347 turn0 ttft=140.223ms hit=0.0 e2e=624.283ms
[ok] request s300 turn0 ttft=124.743ms hit=0.0 e2e=604.303ms
[ok] openhands s447 turn1 ttft=299.114ms hit=0.977936 e2e=781.397ms
[ok] request s286 turn1 ttft=140.766ms hit=0.0 e2e=1030.434ms
[ok] request s451 turn0 ttft=244.697ms hit=0.0 e2e=1137.779ms
[ok] request s558 turn0 ttft=245.728ms hit=0.0 e2e=632.015ms
[ok] request s13 turn0 ttft=319.322ms hit=0.0 e2e=951.088ms
[ok] openhands s447 turn2 ttft=347.992ms hit=0.836972 e2e=979.394ms
[ok] request s462 turn1 ttft=341.53ms hit=0.0 e2e=848.575ms
[ok] request s347 turn1 ttft=288.742ms hit=0.357043 e2e=680.05ms
[ok] request s152 turn0 ttft=131.416ms hit=0.0 e2e=1108.407ms
[ok] request s566 turn0 ttft=129.486ms hit=0.0 e2e=240.729ms
[ok] openhands s447 turn3 ttft=351.783ms hit=0.796551 e2e=1100.895ms
[ok] request s114 turn0 ttft=259.048ms hit=0.0 e2e=1102.748ms
[ok] request s451 turn1 ttft=153.137ms hit=0.0 e2e=709.909ms
[ok] request s103 turn0 ttft=302.756ms hit=0.0 e2e=861.781ms
[ok] request s244 turn0 ttft=129.912ms hit=0.0 e2e=1225.796ms
[ok] openhands s447 turn4 ttft=231.127ms hit=0.882514 e2e=1306.911ms
[ok] request s114 turn1 ttft=326.243ms hit=0.0 e2e=714.605ms
[ok] openhands s510 turn0 ttft=643.378ms hit=0.224884 e2e=1149.633ms
[ok] request s503 turn0 ttft=443.055ms hit=0.0 e2e=832.171ms
[ok] request s466 turn0 ttft=127.382ms hit=0.0 e2e=515.914ms
[ok] request s524 turn0 ttft=134.547ms hit=0.0 e2e=316.16ms
[ok] openhands s510 turn1 ttft=323.298ms hit=0.923146 e2e=933.358ms
[ok] openhands s447 turn5 ttft=324.557ms hit=0.976605 e2e=938.424ms
[ok] request s538 turn0 ttft=211.07ms hit=0.0 e2e=820.996ms
[ok] request s97 turn0 ttft=129.242ms hit=0.0 e2e=529.735ms
[ok] request s168 turn0 ttft=132.033ms hit=0.0 e2e=872.199ms
[ok] request s503 turn1 ttft=141.141ms hit=0.0 e2e=760.507ms
[ok] request s466 turn1 ttft=140.26ms hit=0.0 e2e=760.168ms
[ok] openhands s447 turn6 ttft=291.151ms hit=0.987921 e2e=899.298ms
[ok] openhands s510 turn2 ttft=297.257ms hit=0.983306 e2e=911.502ms
[ok] request s437 turn0 ttft=172.045ms hit=0.0 e2e=781.295ms
[ok] request s225 turn0 ttft=132.171ms hit=0.0 e2e=1561.839ms
[ok] request s538 turn1 ttft=137.962ms hit=0.0 e2e=1572.939ms
[ok] request s74 turn0 ttft=129.514ms hit=0.0 e2e=1458.446ms
[ok] request s427 turn0 ttft=138.045ms hit=0.0 e2e=206.533ms
[ok] request s184 turn0 ttft=541.412ms hit=0.0 e2e=950.219ms
[ok] request s466 turn2 ttft=921.588ms hit=0.0 e2e=1330.978ms
[ok] openhands s447 turn7 ttft=902.332ms hit=0.989173 e2e=1430.321ms
[ok] request s359 turn0 ttft=859.515ms hit=0.0 e2e=1269.8ms
[ok] openhands s510 turn3 ttft=912.108ms hit=0.472224 e2e=1440.584ms
[ok] request s97 turn1 ttft=882.131ms hit=0.0 e2e=1411.366ms
[ok] request s490 turn0 ttft=225.851ms hit=0.0 e2e=636.178ms
[ok] openhands s510 turn4 ttft=740.055ms hit=0.970733 e2e=1724.466ms
[ok] request s163 turn0 ttft=310.592ms hit=0.0 e2e=1725.713ms
[ok] request s425 turn0 ttft=246.572ms hit=0.0 e2e=1510.898ms
[ok] request s538 turn2 ttft=143.904ms hit=0.473198 e2e=1407.93ms
[ok] request s225 turn1 ttft=302.697ms hit=0.0 e2e=1572.699ms
[ok] openhands s447 turn8 ttft=324.197ms hit=0.987595 e2e=1593.847ms
[ok] request s359 turn1 ttft=596.526ms hit=0.266945 e2e=1520.772ms
[ok] request s466 turn3 ttft=328.896ms hit=0.535565 e2e=1523.305ms
[ok] request s97 turn2 ttft=325.627ms hit=0.0 e2e=1522.535ms
[ok] request s43 turn0 ttft=196.365ms hit=0.0 e2e=855.125ms
[ok] request s93 turn0 ttft=508.259ms hit=0.0 e2e=1173.576ms
[ok] openhands s258 turn0 ttft=707.222ms hit=0.210511 e2e=1490.253ms
[ok] request s331 turn0 ttft=140.843ms hit=0.0 e2e=1125.803ms
[ok] openhands s447 turn9 ttft=232.436ms hit=0.988825 e2e=1780.224ms
[ok] openhands s510 turn5 ttft=340.291ms hit=0.991364 e2e=1893.794ms
[ok] request s445 turn0 ttft=181.491ms hit=0.0 e2e=1729.164ms
[ok] openhands s258 turn1 ttft=288.54ms hit=0.978536 e2e=1866.538ms
[ok] request s335 turn0 ttft=197.476ms hit=0.0 e2e=1775.624ms
[ok] request s542 turn0 ttft=137.289ms hit=0.0 e2e=1483.534ms
[ok] request s225 turn2 ttft=244.682ms hit=0.0 e2e=1594.651ms
[ok] request s97 turn3 ttft=158.973ms hit=0.0 e2e=1490.329ms
[ok] request s359 turn2 ttft=162.265ms hit=0.477315 e2e=1494.382ms
[ok] request s43 turn1 ttft=158.49ms hit=0.0 e2e=1490.896ms
[ok] request s185 turn0 ttft=300.937ms hit=0.0 e2e=1197.778ms
[ok] request s346 turn0 ttft=613.656ms hit=0.0 e2e=1514.409ms
[ok] request s355 turn0 ttft=142.04ms hit=0.0 e2e=912.333ms
[ok] openhands s447 turn10 ttft=331.354ms hit=0.971112 e2e=1081.98ms
[ok] openhands s510 turn6 ttft=346.242ms hit=0.976184 e2e=1103.091ms
[ok] request s444 turn0 ttft=178.463ms hit=0.0 e2e=930.568ms
[ok] openhands s258 turn2 ttft=295.676ms hit=0.978367 e2e=1354.429ms
[ok] request s40 turn0 ttft=209.662ms hit=0.0 e2e=1268.976ms
[ok] request s541 turn0 ttft=254.872ms hit=0.0 e2e=366.0ms
[ok] request s59 turn0 ttft=190.357ms hit=0.0 e2e=686.64ms
[ok] request s468 turn0 ttft=137.526ms hit=0.0 e2e=2171.636ms
[ok] request s359 turn3 ttft=439.731ms hit=0.665223 e2e=1845.901ms
[ok] request s335 turn1 ttft=336.227ms hit=0.0 e2e=2071.07ms
[ok] request s355 turn1 ttft=263.167ms hit=0.0 e2e=1664.28ms
[ok] request s90 turn0 ttft=361.582ms hit=0.0 e2e=1904.297ms
[ok] request s542 turn1 ttft=394.423ms hit=0.0 e2e=2045.389ms
[ok] request s346 turn1 ttft=295.18ms hit=0.830105 e2e=1696.368ms
[ok] openhands s447 turn11 ttft=367.918ms hit=0.969011 e2e=1910.646ms
[ok] request s185 turn1 ttft=286.962ms hit=0.0 e2e=1697.867ms
[ok] openhands s510 turn7 ttft=466.843ms hit=0.985727 e2e=1878.983ms
[ok] request s43 turn2 ttft=439.006ms hit=0.561404 e2e=1850.869ms
[ok] openhands s258 turn3 ttft=208.938ms hit=0.978136 e2e=2126.053ms
[ok] request s410 turn0 ttft=447.83ms hit=0.0 e2e=1781.797ms
[ok] request s559 turn0 ttft=249.972ms hit=0.0 e2e=1464.568ms
[ok] request s59 turn1 ttft=236.445ms hit=0.0 e2e=1449.57ms
[ok] openhands s1 turn0 ttft=648.116ms hit=0.225894 e2e=2102.046ms
[ok] openhands s447 turn12 ttft=407.397ms hit=0.890435 e2e=1445.902ms
[ok] request s431 turn0 ttft=264.654ms hit=0.0 e2e=1472.735ms
[ok] openhands s510 turn8 ttft=499.41ms hit=0.988939 e2e=1420.046ms
[ok] request s280 turn0 ttft=241.706ms hit=0.0 e2e=1160.43ms
[ok] request s346 turn2 ttft=276.731ms hit=0.918807 e2e=1045.918ms
[ok] request s185 turn2 ttft=275.556ms hit=0.0 e2e=1044.465ms
[ok] request s335 turn2 ttft=273.077ms hit=0.406995 e2e=1049.725ms
[ok] request s355 turn2 ttft=270.868ms hit=0.0 e2e=1048.281ms
[ok] request s146 turn0 ttft=249.336ms hit=0.0 e2e=1018.312ms
[ok] request s352 turn0 ttft=143.776ms hit=0.0 e2e=1165.892ms
[ok] openhands s258 turn4 ttft=186.894ms hit=0.980092 e2e=1210.122ms
[ok] openhands s1 turn1 ttft=293.312ms hit=0.975935 e2e=1355.169ms
[ok] request s310 turn0 ttft=176.925ms hit=0.0 e2e=1238.39ms
[ok] request s125 turn0 ttft=361.243ms hit=0.0 e2e=1810.559ms
[ok] request s560 turn0 ttft=162.506ms hit=0.0 e2e=1507.403ms
[ok] openhands s447 turn13 ttft=449.535ms hit=0.990033 e2e=1917.398ms
[ok] openhands s510 turn9 ttft=345.009ms hit=0.988094 e2e=1935.828ms
[ok] request s59 turn2 ttft=315.763ms hit=0.0 e2e=1666.07ms
[ok] request s248 turn0 ttft=250.195ms hit=0.0 e2e=569.061ms
[ok] request s346 turn3 ttft=229.095ms hit=0.88105 e2e=1544.076ms
[ok] request s293 turn0 ttft=260.968ms hit=0.0 e2e=1578.581ms
[ok] request s335 turn3 ttft=227.002ms hit=0.6658 e2e=1543.782ms
[ok] openhands s258 turn5 ttft=323.328ms hit=0.881348 e2e=1680.607ms
[ok] request s185 turn3 ttft=228.069ms hit=0.524053 e2e=1545.823ms
[ok] openhands s1 turn2 ttft=468.089ms hit=0.666348 e2e=1755.812ms
[ok] request s352 turn1 ttft=373.293ms hit=0.0 e2e=1548.092ms
[ok] request s148 turn0 ttft=437.469ms hit=0.0 e2e=1727.184ms
[ok] request s79 turn0 ttft=190.249ms hit=0.0 e2e=1158.819ms
[ok] request s310 turn1 ttft=250.236ms hit=0.0 e2e=1224.267ms
[ok] openhands s447 turn14 ttft=306.279ms hit=0.991783 e2e=1253.433ms
[ok] openhands s510 turn10 ttft=362.306ms hit=0.985443 e2e=1317.21ms
[ok] request s290 turn0 ttft=293.767ms hit=0.0 e2e=1242.832ms
[ok] request s59 turn3 ttft=174.621ms hit=0.544681 e2e=910.838ms
[ok] request s125 turn1 ttft=194.391ms hit=0.0 e2e=931.577ms
[ok] request s560 turn1 ttft=178.469ms hit=0.0 e2e=916.38ms
[ok] request s171 turn0 ttft=257.424ms hit=0.0 e2e=1121.077ms
[ok] openhands s258 turn6 ttft=333.398ms hit=0.964709 e2e=1077.501ms
[ok] openhands s1 turn3 ttft=353.501ms hit=0.845994 e2e=1425.535ms
[ok] request s185 turn4 ttft=229.284ms hit=0.636288 e2e=1290.937ms
[ok] request s335 turn4 ttft=230.761ms hit=0.842105 e2e=1293.208ms
[ok] openhands s510 turn11 ttft=486.85ms hit=0.984426 e2e=1260.714ms
[ok] openhands s447 turn15 ttft=351.883ms hit=0.96595 e2e=1295.871ms
[ok] openhands s258 turn7 ttft=468.135ms hit=0.729665 e2e=1116.799ms
[ok] request s148 turn1 ttft=407.125ms hit=0.0 e2e=1183.156ms
[ok] request s290 turn1 ttft=195.164ms hit=0.0 e2e=716.985ms
[ok] request s560 turn2 ttft=149.53ms hit=0.0 e2e=705.4ms
[ok] request s59 turn4 ttft=152.788ms hit=0.0 e2e=708.919ms
[ok] openhands s1 turn4 ttft=205.836ms hit=0.963375 e2e=542.505ms
[ok] request s335 turn5 ttft=256.727ms hit=0.873294 e2e=506.107ms
[ok] openhands s510 turn12 ttft=454.007ms hit=0.990643 e2e=710.044ms
[ok] openhands s1 turn5 ttft=314.426ms hit=0.988117 e2e=565.343ms
[ok] openhands s447 turn16 ttft=353.355ms hit=0.957384 e2e=739.984ms
[ok] openhands s510 turn13 ttft=379.851ms hit=0.97471 e2e=755.506ms
[ok] openhands s447 turn17 ttft=434.899ms hit=0.968055 e2e=816.716ms
[ok] openhands s1 turn6 ttft=325.618ms hit=0.990329 e2e=839.712ms
[ok] request s560 turn3 ttft=426.15ms hit=0.448729 e2e=809.191ms
[ok] request s335 turn6 ttft=144.502ms hit=0.789514 e2e=777.154ms
[ok] openhands s510 turn14 ttft=458.465ms hit=0.975622 e2e=713.658ms
[ok] request s560 turn4 ttft=149.696ms hit=0.770504 e2e=399.851ms
[ok] openhands s1 turn7 ttft=339.63ms hit=0.917453 e2e=720.148ms
[ok] openhands s1 turn8 ttft=344.483ms hit=0.992876 e2e=758.265ms
[ok] openhands s510 turn15 ttft=352.534ms hit=0.994729 e2e=770.782ms
[ok] request s335 turn7 ttft=194.245ms hit=0.816066 e2e=440.508ms
[ok] openhands s1 turn9 ttft=216.179ms hit=0.966335 e2e=461.093ms
[ok] openhands s1 turn10 ttft=219.338ms hit=0.963733 e2e=465.807ms
[ok] openhands s1 turn11 ttft=224.029ms hit=0.945488 e2e=471.477ms
[ok] openhands s1 turn12 ttft=214.051ms hit=0.985659 e2e=458.324ms
[ok] openhands s1 turn13 ttft=226.096ms hit=0.977371 e2e=471.766ms
[ok] openhands s1 turn14 ttft=228.617ms hit=0.9876 e2e=473.74ms
[ok] request s239 turn0 ttft=138.154ms hit=0.0 e2e=232.803ms
[ok] request s424 turn0 ttft=157.915ms hit=0.0 e2e=598.003ms
[ok] openhands s193 turn0 ttft=779.819ms hit=0.224884 e2e=1222.068ms
[ok] request s159 turn0 ttft=474.465ms hit=0.0 e2e=916.338ms
[ok] openhands s193 turn1 ttft=285.639ms hit=0.96437 e2e=974.082ms
[ok] request s392 turn0 ttft=254.417ms hit=0.0 e2e=942.076ms
[ok] request s265 turn0 ttft=269.146ms hit=0.0 e2e=358.311ms
[ok] request s94 turn0 ttft=132.856ms hit=0.0 e2e=820.122ms
[ok] request s159 turn1 ttft=336.512ms hit=0.406349 e2e=710.357ms
[ok] openhands s193 turn2 ttft=179.272ms hit=0.927056 e2e=572.851ms
[ok] request s463 turn0 ttft=169.937ms hit=0.0 e2e=563.671ms
[ok] request s253 turn0 ttft=166.876ms hit=0.0 e2e=1175.309ms
[ok] openhands s193 turn3 ttft=453.566ms hit=0.967582 e2e=1218.917ms
[ok] request s390 turn0 ttft=502.32ms hit=0.0 e2e=1149.202ms
[ok] request s265 turn1 ttft=495.647ms hit=0.0 e2e=1143.213ms
[ok] request s498 turn0 ttft=190.613ms hit=0.0 e2e=833.384ms
[ok] request s539 turn0 ttft=154.396ms hit=0.0 e2e=599.439ms
[ok] request s463 turn1 ttft=256.6ms hit=0.0 e2e=704.814ms
[ok] request s353 turn0 ttft=154.567ms hit=0.0 e2e=2195.96ms
[ok] request s361 turn0 ttft=598.209ms hit=0.0 e2e=1532.22ms
[ok] request s463 turn2 ttft=668.419ms hit=0.0 e2e=1603.202ms
[ok] openhands s193 turn4 ttft=1053.153ms hit=0.477461 e2e=2287.014ms
[ok] openhands s385 turn0 ttft=679.67ms hit=0.220172 e2e=1217.233ms
[ok] request s278 turn0 ttft=935.865ms hit=0.0 e2e=2171.715ms
[ok] request s470 turn0 ttft=735.683ms hit=0.0 e2e=1854.312ms
[ok] request s378 turn0 ttft=483.636ms hit=0.0 e2e=900.829ms
[ok] request s498 turn1 ttft=571.795ms hit=0.0 e2e=1690.221ms
[ok] request s514 turn0 ttft=170.526ms hit=0.0 e2e=585.241ms
[ok] request s58 turn0 ttft=133.77ms hit=0.0 e2e=645.233ms
[ok] openhands s193 turn5 ttft=344.004ms hit=0.929782 e2e=968.652ms
[ok] openhands s385 turn1 ttft=343.462ms hit=0.855778 e2e=964.149ms
[ok] request s525 turn0 ttft=298.717ms hit=0.0 e2e=920.109ms
[ok] request s85 turn0 ttft=136.484ms hit=0.0 e2e=737.45ms
[ok] request s494 turn0 ttft=130.449ms hit=0.0 e2e=148.984ms
[ok] request s219 turn0 ttft=175.366ms hit=0.0 e2e=801.846ms
[ok] request s498 turn2 ttft=259.062ms hit=0.0 e2e=885.908ms
[ok] request s470 turn1 ttft=256.516ms hit=0.0 e2e=887.804ms
[ok] openhands s385 turn2 ttft=314.564ms hit=0.989758 e2e=935.355ms
[ok] openhands s193 turn6 ttft=319.268ms hit=0.970778 e2e=933.895ms
[ok] request s370 turn0 ttft=289.501ms hit=0.0 e2e=904.916ms
[ok] request s274 turn0 ttft=186.76ms hit=0.0 e2e=860.453ms
[ok] request s525 turn1 ttft=252.524ms hit=0.0 e2e=1014.947ms
[ok] request s494 turn1 ttft=275.318ms hit=0.0 e2e=770.206ms
[ok] request s219 turn1 ttft=377.216ms hit=0.539705 e2e=783.792ms
[ok] openhands s385 turn3 ttft=310.478ms hit=0.969761 e2e=964.297ms
[ok] request s470 turn2 ttft=375.262ms hit=0.0 e2e=783.7ms
[ok] openhands s193 turn7 ttft=434.08ms hit=0.947228 e2e=962.457ms
[ok] request s365 turn0 ttft=390.353ms hit=0.0 e2e=920.043ms
[ok] request s282 turn0 ttft=196.156ms hit=0.0 e2e=601.927ms
[ok] request s458 turn0 ttft=145.677ms hit=0.0 e2e=444.553ms
[ok] openhands s193 turn8 ttft=359.549ms hit=0.988357 e2e=1851.1ms
[ok] openhands s385 turn4 ttft=471.791ms hit=0.939687 e2e=1842.78ms
[ok] request s368 turn0 ttft=448.19ms hit=0.0 e2e=1820.394ms
[ok] request s274 turn1 ttft=256.902ms hit=0.0 e2e=1628.726ms
[ok] request s337 turn0 ttft=134.989ms hit=0.0 e2e=1503.401ms
[ok] request s494 turn2 ttft=257.187ms hit=0.0 e2e=1439.932ms
[ok] request s458 turn1 ttft=193.883ms hit=0.0 e2e=1250.612ms
[ok] request s470 turn3 ttft=349.101ms hit=0.526388 e2e=1411.606ms
[ok] request s365 turn1 ttft=346.221ms hit=0.0 e2e=1409.994ms
[ok] request s282 turn1 ttft=345.818ms hit=0.0 e2e=1409.191ms
[ok] request s518 turn0 ttft=281.367ms hit=0.0 e2e=1343.704ms
[ok] openhands s323 turn0 ttft=646.505ms hit=0.225208 e2e=1422.941ms
[ok] request s314 turn0 ttft=132.316ms hit=0.0 e2e=788.758ms
[ok] request s420 turn0 ttft=447.85ms hit=0.0 e2e=1106.828ms
[ok] openhands s193 turn9 ttft=350.73ms hit=0.969213 e2e=1490.982ms
[ok] openhands s385 turn5 ttft=345.598ms hit=0.946596 e2e=1481.338ms
[ok] request s106 turn0 ttft=273.263ms hit=0.0 e2e=1409.693ms
[ok] request s226 turn0 ttft=141.997ms hit=0.0 e2e=1257.736ms
[ok] request s365 turn2 ttft=234.058ms hit=0.375918 e2e=1156.213ms
[ok] request s136 turn0 ttft=260.619ms hit=0.0 e2e=1200.455ms
[ok] request s368 turn1 ttft=248.413ms hit=0.0 e2e=1319.236ms
[ok] request s494 turn3 ttft=242.741ms hit=0.0 e2e=1166.459ms
[ok] request s458 turn2 ttft=238.3ms hit=0.361582 e2e=1164.128ms
[ok] openhands s323 turn1 ttft=291.301ms hit=0.963614 e2e=1364.589ms
[ok] request s282 turn2 ttft=234.315ms hit=0.446771 e2e=1160.119ms
[ok] request s470 turn4 ttft=237.946ms hit=0.623782 e2e=1163.465ms
[ok] request s420 turn1 ttft=142.381ms hit=0.0 e2e=841.529ms
[ok] request s129 turn0 ttft=259.06ms hit=0.0 e2e=961.162ms
[ok] request s527 turn0 ttft=139.893ms hit=0.0 e2e=800.622ms
[ok] request s452 turn0 ttft=212.655ms hit=0.0 e2e=608.688ms
[ok] openhands s193 turn10 ttft=377.61ms hit=0.940682 e2e=782.218ms
[ok] openhands s385 turn6 ttft=376.546ms hit=0.946122 e2e=773.715ms
[ok] openhands s323 turn2 ttft=183.236ms hit=0.945076 e2e=1214.103ms
[ok] request s533 turn0 ttft=140.306ms hit=0.0 e2e=1170.861ms
[ok] request s129 turn1 ttft=386.797ms hit=0.608076 e2e=1196.989ms
[ok] request s458 turn3 ttft=344.11ms hit=0.691892 e2e=1274.794ms
[ok] request s368 turn2 ttft=348.254ms hit=0.0 e2e=1278.543ms
[ok] openhands s385 turn7 ttft=326.325ms hit=0.904928 e2e=1514.092ms
[ok] request s470 turn5 ttft=343.581ms hit=0.770214 e2e=1277.739ms
[ok] request s480 turn0 ttft=305.349ms hit=0.0 e2e=1496.997ms
[ok] request s494 turn4 ttft=347.721ms hit=0.0 e2e=1281.776ms
[ok] openhands s193 turn11 ttft=423.098ms hit=0.989691 e2e=1488.117ms
[ok] request s268 turn0 ttft=362.322ms hit=0.0 e2e=1180.136ms
[ok] request s430 turn0 ttft=174.237ms hit=0.0 e2e=862.031ms
[ok] request s527 turn1 ttft=352.213ms hit=0.0 e2e=1048.588ms
[ok] request s420 turn2 ttft=271.469ms hit=0.304762 e2e=1206.154ms
[ok] openhands s323 turn3 ttft=308.048ms hit=0.970346 e2e=977.073ms
[ok] request s207 turn0 ttft=225.157ms hit=0.0 e2e=890.406ms
[ok] request s279 turn0 ttft=138.061ms hit=0.0 e2e=1880.263ms
[ok] openhands s385 turn8 ttft=329.599ms hit=0.954887 e2e=1983.821ms
[ok] openhands s193 turn12 ttft=332.319ms hit=0.975945 e2e=1981.358ms
[ok] request s554 turn0 ttft=247.871ms hit=0.0 e2e=1897.688ms
[ok] request s494 turn5 ttft=1021.397ms hit=0.0 e2e=1884.874ms
[ok] request s458 turn4 ttft=1030.319ms hit=0.0 e2e=1894.022ms
[ok] request s129 turn2 ttft=776.897ms hit=0.0 e2e=1901.332ms
[ok] request s470 turn6 ttft=1026.461ms hit=0.0 e2e=1895.393ms
[ok] openhands s323 turn4 ttft=364.525ms hit=0.977028 e2e=2137.956ms
[ok] request s527 turn2 ttft=1019.845ms hit=0.0 e2e=1888.676ms
[ok] request s255 turn0 ttft=587.558ms hit=0.0 e2e=1454.194ms
[ok] openhands s68 turn0 ttft=964.186ms hit=0.189489 e2e=2089.062ms
[ok] request s420 turn3 ttft=1019.088ms hit=0.0 e2e=1888.016ms
[ok] request s294 turn0 ttft=915.528ms hit=0.0 e2e=1772.206ms
[ok] request s480 turn1 ttft=1025.893ms hit=0.0 e2e=1893.861ms
[ok] request s268 turn1 ttft=1021.905ms hit=0.0 e2e=1891.031ms
[ok] request s546 turn0 ttft=270.021ms hit=0.0 e2e=1137.505ms
[ok] request s295 turn0 ttft=462.749ms hit=0.0 e2e=496.104ms
[ok] request s78 turn0 ttft=132.991ms hit=0.0 e2e=922.085ms
[ok] openhands s385 turn9 ttft=333.334ms hit=0.980697 e2e=1121.393ms
[ok] request s279 turn1 ttft=216.486ms hit=0.0 e2e=856.621ms
[ok] openhands s193 turn13 ttft=471.353ms hit=0.954806 e2e=1114.67ms
[ok] request s481 turn0 ttft=156.612ms hit=0.0 e2e=797.802ms
[ok] openhands s68 turn1 ttft=306.712ms hit=0.988878 e2e=1298.906ms
[ok] openhands s323 turn5 ttft=307.75ms hit=0.98576 e2e=1303.77ms
[ok] request s116 turn0 ttft=181.083ms hit=0.0 e2e=1173.236ms
[ok] request s33 turn0 ttft=132.282ms hit=0.0 e2e=2574.021ms
[ok] openhands s385 turn10 ttft=439.087ms hit=0.920991 e2e=2450.433ms
[ok] request s458 turn5 ttft=263.645ms hit=0.781812 e2e=2471.301ms
[ok] request s527 turn3 ttft=451.235ms hit=0.528926 e2e=2468.082ms
[ok] request s470 turn7 ttft=454.831ms hit=0.829211 e2e=2471.127ms
[ok] request s255 turn1 ttft=450.989ms hit=0.388467 e2e=2466.886ms
[ok] request s420 turn4 ttft=450.349ms hit=0.654313 e2e=2465.933ms
[ok] openhands s193 turn14 ttft=382.26ms hit=0.929387 e2e=2369.434ms
[ok] request s350 turn0 ttft=317.627ms hit=0.0 e2e=2304.529ms
[ok] request s78 turn1 ttft=345.541ms hit=0.0 e2e=2361.31ms
[ok] request s480 turn2 ttft=449.098ms hit=0.0 e2e=2464.588ms
[ok] request s95 turn0 ttft=131.788ms hit=0.0 e2e=2003.666ms
[ok] request s375 turn0 ttft=615.462ms hit=0.0 e2e=1175.708ms
[ok] request s366 turn0 ttft=1454.967ms hit=0.0 e2e=2130.45ms
[ok] openhands s68 turn2 ttft=1546.093ms hit=0.343441 e2e=2221.271ms
[ok] request s154 turn0 ttft=1137.382ms hit=0.0 e2e=1814.039ms
[ok] openhands s323 turn6 ttft=1424.926ms hit=0.964458 e2e=2101.413ms
[ok] request s304 turn0 ttft=303.884ms hit=0.0 e2e=863.115ms
[ok] request s212 turn0 ttft=820.948ms hit=0.0 e2e=1497.522ms
[ok] openhands s385 turn11 ttft=339.052ms hit=0.979949 e2e=878.981ms
[ok] openhands s193 turn15 ttft=337.759ms hit=0.993175 e2e=872.249ms
[ok] request s480 turn3 ttft=180.493ms hit=0.483019 e2e=723.152ms
[ok] request s255 turn2 ttft=184.843ms hit=0.404423 e2e=728.772ms
[ok] request s420 turn5 ttft=183.877ms hit=0.806723 e2e=727.541ms
[ok] openhands s68 turn3 ttft=311.64ms hit=0.986603 e2e=855.071ms
[ok] openhands s323 turn7 ttft=311.117ms hit=0.970031 e2e=865.848ms
[ok] request s95 turn1 ttft=168.583ms hit=0.0 e2e=713.655ms
[ok] request s33 turn1 ttft=233.381ms hit=0.0 e2e=778.263ms
[ok] openhands s193 turn16 ttft=388.287ms hit=0.982228 e2e=903.919ms
[ok] request s366 turn1 ttft=214.716ms hit=0.0 e2e=726.103ms
[ok] openhands s385 turn12 ttft=373.398ms hit=0.978373 e2e=884.554ms
[ok] openhands s323 turn8 ttft=308.3ms hit=0.874093 e2e=567.039ms
[ok] openhands s68 turn4 ttft=244.7ms hit=0.992225 e2e=783.838ms
[ok] request s420 turn6 ttft=262.435ms hit=0.756757 e2e=639.228ms
[ok] openhands s193 turn17 ttft=388.044ms hit=0.995246 e2e=780.896ms
[ok] openhands s385 turn13 ttft=237.96ms hit=0.965148 e2e=616.002ms
[ok] openhands s323 turn9 ttft=290.541ms hit=0.982313 e2e=668.944ms
[ok] openhands s68 turn5 ttft=260.414ms hit=0.994118 e2e=791.014ms
[ok] openhands s323 turn10 ttft=232.808ms hit=0.850281 e2e=661.045ms
[ok] openhands s385 turn14 ttft=241.596ms hit=0.921608 e2e=784.357ms
[ok] openhands s68 turn6 ttft=316.467ms hit=0.930339 e2e=800.918ms
[ok] openhands s323 turn11 ttft=231.381ms hit=0.978721 e2e=594.767ms
[ok] openhands s385 turn15 ttft=215.354ms hit=0.930134 e2e=707.475ms
[ok] openhands s68 turn7 ttft=311.752ms hit=0.993559 e2e=675.201ms
[ok] openhands s323 turn12 ttft=319.451ms hit=0.971417 e2e=689.108ms
[ok] openhands s385 turn16 ttft=215.132ms hit=0.968877 e2e=706.886ms
[ok] openhands s323 turn13 ttft=271.883ms hit=0.969 e2e=527.881ms
[ok] openhands s68 turn8 ttft=380.101ms hit=0.985308 e2e=641.987ms
[ok] openhands s385 turn17 ttft=337.903ms hit=0.962065 e2e=584.16ms
[ok] openhands s323 turn14 ttft=258.45ms hit=0.980611 e2e=500.441ms
[ok] openhands s323 turn15 ttft=425.98ms hit=0.982772 e2e=560.312ms
[ok] openhands s385 turn18 ttft=220.254ms hit=0.934648 e2e=510.959ms
[ok] openhands s323 turn16 ttft=435.866ms hit=0.96952 e2e=570.686ms
[ok] openhands s385 turn19 ttft=236.374ms hit=0.934744 e2e=492.634ms
[ok] openhands s323 turn17 ttft=214.091ms hit=0.948727 e2e=581.873ms
[ok] openhands s385 turn20 ttft=237.513ms hit=0.951362 e2e=572.623ms
[ok] openhands s68 turn9 ttft=376.313ms hit=0.916131 e2e=740.944ms
[ok] openhands s385 turn21 ttft=262.531ms hit=0.960669 e2e=506.456ms
[ok] openhands s68 turn10 ttft=770.905ms hit=0.832844 e2e=1012.593ms
[ok] openhands s385 turn22 ttft=749.31ms hit=0.967487 e2e=990.007ms
[ok] openhands s68 turn11 ttft=447.352ms hit=0.979302 e2e=697.915ms
[ok] openhands s385 turn23 ttft=361.051ms hit=0.980789 e2e=606.164ms
[ok] openhands s385 turn24 ttft=245.24ms hit=0.979706 e2e=489.814ms
[ok] openhands s385 turn25 ttft=244.3ms hit=0.98365 e2e=488.823ms
[ok] openhands s385 turn26 ttft=255.15ms hit=0.955539 e2e=501.169ms
[ok] openhands s385 turn27 ttft=253.685ms hit=0.965157 e2e=598.575ms
[ok] openhands s68 turn12 ttft=375.475ms hit=0.986202 e2e=677.507ms
[ok] openhands s385 turn28 ttft=259.736ms hit=0.980035 e2e=580.874ms
[ok] openhands s68 turn13 ttft=531.768ms hit=0.979218 e2e=669.672ms
[ok] openhands s385 turn29 ttft=263.459ms hit=0.985439 e2e=505.553ms
[ok] openhands s385 turn30 ttft=257.308ms hit=0.983154 e2e=503.037ms
[ok] openhands s385 turn31 ttft=272.688ms hit=0.987793 e2e=517.005ms
[ok] openhands s385 turn32 ttft=261.727ms hit=0.993447 e2e=506.827ms
[ok] openhands s385 turn33 ttft=263.382ms hit=0.982681 e2e=638.199ms
[ok] openhands s68 turn14 ttft=314.636ms hit=0.985157 e2e=703.769ms
[ok] openhands s385 turn34 ttft=283.688ms hit=0.964967 e2e=564.064ms
[ok] openhands s322 turn0 ttft=986.679ms hit=0.0 e2e=1528.013ms
[ok] request s548 turn0 ttft=478.437ms hit=0.0 e2e=884.668ms
[ok] openhands s68 turn15 ttft=1130.825ms hit=0.830305 e2e=2148.905ms
[ok] openhands s385 turn35 ttft=389.445ms hit=0.989568 e2e=788.156ms
[ok] request s11 turn0 ttft=165.311ms hit=0.0 e2e=564.769ms
[ok] request s404 turn0 ttft=662.981ms hit=0.0 e2e=1209.44ms
[ok] request s271 turn0 ttft=138.02ms hit=0.0 e2e=673.074ms
[ok] request s345 turn0 ttft=881.042ms hit=0.0 e2e=1161.668ms
[ok] openhands s322 turn1 ttft=1570.722ms hit=0.907801 e2e=1706.527ms
[ok] openhands s385 turn36 ttft=1549.489ms hit=0.984744 e2e=1834.23ms
[ok] request s389 turn0 ttft=286.796ms hit=0.0 e2e=295.449ms
[ok] request s457 turn0 ttft=473.136ms hit=0.0 e2e=1509.678ms
[ok] request s440 turn0 ttft=152.348ms hit=0.0 e2e=1189.935ms
[ok] request s428 turn0 ttft=1204.199ms hit=0.0 e2e=2480.562ms
[ok] request s271 turn1 ttft=488.894ms hit=0.0 e2e=1529.482ms
[ok] request s227 turn0 ttft=678.128ms hit=0.0 e2e=1835.444ms
[ok] request s404 turn1 ttft=681.991ms hit=0.0 e2e=1960.505ms
[ok] openhands s68 turn16 ttft=1266.752ms hit=0.868385 e2e=2544.806ms
[ok] request s389 turn1 ttft=242.361ms hit=0.0 e2e=275.447ms
[ok] openhands s322 turn2 ttft=1007.0ms hit=0.933625 e2e=1250.93ms
[ok] request s122 turn0 ttft=142.512ms hit=0.0 e2e=687.568ms
[ok] openhands s385 turn37 ttft=390.073ms hit=0.97833 e2e=1173.09ms
[ok] request s345 turn1 ttft=313.212ms hit=0.497087 e2e=861.593ms
[ok] request s531 turn0 ttft=342.716ms hit=0.0 e2e=1010.496ms
[ok] request s398 turn0 ttft=221.329ms hit=0.0 e2e=815.044ms
[ok] request s389 turn2 ttft=320.885ms hit=0.0 e2e=350.79ms
[ok] request s187 turn0 ttft=173.639ms hit=0.0 e2e=1189.357ms
[ok] openhands s322 turn3 ttft=244.368ms hit=0.797808 e2e=1205.954ms
[ok] request s121 turn0 ttft=159.762ms hit=0.0 e2e=606.475ms
[ok] openhands s385 turn38 ttft=505.508ms hit=0.954951 e2e=1194.794ms
[ok] request s457 turn1 ttft=386.929ms hit=0.0 e2e=1077.596ms
[ok] request s118 turn0 ttft=356.359ms hit=0.0 e2e=930.351ms
[ok] request s404 turn2 ttft=383.827ms hit=0.241737 e2e=1075.862ms
[ok] request s227 turn1 ttft=383.854ms hit=0.868868 e2e=1077.233ms
[ok] request s389 turn3 ttft=346.961ms hit=0.0 e2e=397.56ms
[ok] request s28 turn0 ttft=136.995ms hit=0.0 e2e=898.519ms
[ok] openhands s322 turn4 ttft=931.848ms hit=0.976996 e2e=1122.651ms
[ok] request s31 turn0 ttft=175.098ms hit=0.0 e2e=699.465ms
[ok] request s187 turn1 ttft=311.393ms hit=0.0 e2e=843.85ms
[ok] request s166 turn0 ttft=373.164ms hit=0.0 e2e=1023.607ms
[ok] openhands s385 turn39 ttft=395.96ms hit=0.971527 e2e=1046.0ms
[ok] request s411 turn0 ttft=175.161ms hit=0.0 e2e=186.875ms
[ok] request s389 turn4 ttft=848.254ms hit=0.0 e2e=998.876ms
[ok] request s121 turn1 ttft=253.477ms hit=0.0 e2e=1608.609ms
[ok] request s118 turn1 ttft=252.58ms hit=0.0 e2e=1607.374ms
[ok] request s151 turn0 ttft=174.693ms hit=0.0 e2e=1525.297ms
[ok] openhands s322 turn5 ttft=805.089ms hit=0.939048 e2e=1489.903ms
[ok] openhands s67 turn0 ttft=862.473ms hit=0.0 e2e=1547.455ms
[ok] request s187 turn2 ttft=482.831ms hit=0.0 e2e=894.784ms
[ok] openhands s385 turn40 ttft=795.961ms hit=0.948829 e2e=1323.943ms
[ok] request s7 turn0 ttft=491.805ms hit=0.0 e2e=904.714ms
[ok] request s289 turn0 ttft=698.382ms hit=0.0 e2e=1227.438ms
[ok] request s389 turn5 ttft=452.92ms hit=0.654731 e2e=745.683ms
[ok] request s145 turn0 ttft=131.904ms hit=0.0 e2e=1247.334ms
[ok] request s234 turn0 ttft=223.56ms hit=0.0 e2e=642.913ms
[ok] openhands s67 turn1 ttft=317.385ms hit=0.988878 e2e=1351.467ms
[ok] request s563 turn0 ttft=408.16ms hit=0.0 e2e=966.091ms
[ok] request s187 turn3 ttft=323.104ms hit=0.48855 e2e=754.778ms
[ok] openhands s385 turn41 ttft=658.553ms hit=0.946905 e2e=1339.633ms
[ok] request s289 turn1 ttft=320.861ms hit=0.0 e2e=753.572ms
[ok] request s464 turn0 ttft=612.69ms hit=0.0 e2e=1293.663ms
[ok] request s121 turn2 ttft=422.843ms hit=0.342475 e2e=1102.989ms
[ok] request s118 turn2 ttft=420.938ms hit=0.592593 e2e=1101.782ms
[ok] openhands s322 turn6 ttft=452.099ms hit=0.91217 e2e=1345.426ms
[ok] request s20 turn0 ttft=136.118ms hit=0.0 e2e=1466.156ms
[ok] request s519 turn0 ttft=160.434ms hit=0.0 e2e=237.936ms
[ok] request s145 turn1 ttft=331.232ms hit=0.0 e2e=1241.577ms
[ok] request s87 turn0 ttft=521.346ms hit=0.0 e2e=1492.355ms
[ok] openhands s385 turn42 ttft=1175.25ms hit=0.966223 e2e=1479.142ms
[ok] openhands s67 turn2 ttft=521.006ms hit=0.888463 e2e=1493.66ms
[ok] request s118 turn3 ttft=398.782ms hit=0.0 e2e=1163.09ms
[ok] request s121 turn3 ttft=400.808ms hit=0.0 e2e=1164.782ms
[ok] request s187 turn4 ttft=404.621ms hit=0.0 e2e=1168.281ms
[ok] request s234 turn1 ttft=409.412ms hit=0.0 e2e=1172.753ms
[ok] openhands s68 turn17 ttft=513.03ms hit=0.990869 e2e=1542.422ms
[ok] request s289 turn2 ttft=403.577ms hit=0.0 e2e=1166.807ms
[ok] openhands s322 turn7 ttft=442.882ms hit=0.899787 e2e=1333.916ms
[ok] request s380 turn0 ttft=420.15ms hit=0.0 e2e=1449.597ms
[ok] request s52 turn0 ttft=364.065ms hit=0.0 e2e=1127.4ms
[ok] request s556 turn0 ttft=132.528ms hit=0.0 e2e=3532.567ms
[ok] request s20 turn1 ttft=1857.43ms hit=0.0 e2e=3076.963ms
[ok] request s145 turn2 ttft=1566.265ms hit=0.0 e2e=3045.987ms
[ok] request s52 turn1 ttft=1222.223ms hit=0.0 e2e=2940.534ms
[ok] request s380 turn1 ttft=1223.806ms hit=0.0 e2e=2943.454ms
[ok] openhands s67 turn3 ttft=1783.449ms hit=0.38474 e2e=3819.558ms
[ok] request s87 turn1 ttft=1504.797ms hit=0.0 e2e=3224.311ms
[ok] request s283 turn0 ttft=1343.605ms hit=0.0 e2e=3062.794ms
[ok] request s8 turn0 ttft=1281.694ms hit=0.0 e2e=2745.649ms
[ok] request s376 turn0 ttft=1989.036ms hit=0.0 e2e=3712.86ms
[ok] request s92 turn0 ttft=319.2ms hit=0.0 e2e=1777.52ms
[ok] request s121 turn4 ttft=1231.223ms hit=0.0 e2e=2954.979ms
[ok] request s123 turn0 ttft=958.73ms hit=0.0 e2e=2423.009ms
[ok] request s469 turn0 ttft=641.351ms hit=0.0 e2e=2100.903ms
[ok] request s262 turn0 ttft=1669.164ms hit=0.0 e2e=3392.148ms
[ok] request s187 turn5 ttft=1489.507ms hit=0.0 e2e=2953.997ms
[ok] openhands s68 turn18 ttft=1818.185ms hit=0.988103 e2e=3541.152ms
[ok] openhands s385 turn43 ttft=1771.303ms hit=0.90796 e2e=3815.558ms
[ok] openhands s322 turn8 ttft=1218.088ms hit=0.741945 e2e=2682.915ms
[ok] request s14 turn0 ttft=279.441ms hit=0.0 e2e=1432.758ms
[ok] openhands s3 turn0 ttft=801.984ms hit=0.0 e2e=2080.4ms
[ok] request s48 turn0 ttft=597.499ms hit=0.0 e2e=1758.031ms
[ok] request s459 turn0 ttft=140.459ms hit=0.0 e2e=1113.997ms
[ok] request s99 turn0 ttft=167.047ms hit=0.0 e2e=791.758ms
[ok] request s145 turn3 ttft=558.095ms hit=0.0 e2e=1047.077ms
[ok] request s556 turn1 ttft=821.462ms hit=0.0 e2e=1318.817ms
[ok] openhands s68 turn19 ttft=624.878ms hit=0.996887 e2e=1453.867ms
[ok] request s123 turn1 ttft=313.735ms hit=0.0 e2e=1094.599ms
[ok] request s529 turn0 ttft=436.21ms hit=0.0 e2e=1216.427ms
[ok] openhands s67 turn4 ttft=885.015ms hit=0.986196 e2e=1664.971ms
[ok] openhands s3 turn1 ttft=401.645ms hit=0.984159 e2e=1070.653ms
[ok] request s380 turn2 ttft=322.727ms hit=0.880734 e2e=1105.819ms
[ok] request s453 turn0 ttft=230.661ms hit=0.0 e2e=897.687ms
[ok] request s238 turn0 ttft=759.487ms hit=0.0 e2e=1542.785ms
[ok] openhands s322 turn9 ttft=881.943ms hit=0.967491 e2e=1664.586ms
[ok] openhands s385 turn44 ttft=770.014ms hit=0.971342 e2e=1684.9ms
[ok] request s344 turn0 ttft=132.981ms hit=0.0 e2e=579.705ms
[ok] request s530 turn0 ttft=254.612ms hit=0.0 e2e=1218.816ms
[ok] request s145 turn4 ttft=226.532ms hit=0.0 e2e=732.989ms
[ok] request s556 turn2 ttft=216.532ms hit=0.0 e2e=732.735ms
[ok] openhands s68 turn20 ttft=512.149ms hit=0.985025 e2e=1481.902ms
[ok] request s218 turn0 ttft=140.3ms hit=0.0 e2e=852.527ms
[ok] request s307 turn0 ttft=328.756ms hit=0.0 e2e=1174.631ms
[ok] openhands s3 turn2 ttft=395.722ms hit=0.975558 e2e=1241.35ms
[ok] openhands s67 turn5 ttft=418.841ms hit=0.991208 e2e=1145.839ms
[ok] openhands s322 turn10 ttft=353.347ms hit=0.935627 e2e=1200.591ms
[ok] request s238 turn1 ttft=292.504ms hit=0.0 e2e=1264.389ms
[ok] request s380 turn3 ttft=293.699ms hit=0.0 e2e=1266.408ms
[ok] request s123 turn2 ttft=262.992ms hit=0.0 e2e=1271.065ms
[ok] request s529 turn1 ttft=297.59ms hit=0.0 e2e=1271.942ms
[ok] request s38 turn0 ttft=180.95ms hit=0.0 e2e=1155.107ms
[ok] request s423 turn0 ttft=133.884ms hit=0.0 e2e=831.8ms
[ok] openhands s68 turn21 ttft=623.375ms hit=0.989171 e2e=2628.267ms
[ok] request s540 turn0 ttft=517.758ms hit=0.0 e2e=2193.979ms
[ok] request s502 turn0 ttft=691.258ms hit=0.0 e2e=2515.944ms
[ok] openhands s3 turn3 ttft=627.948ms hit=0.955768 e2e=2614.815ms
[ok] openhands s385 turn45 ttft=747.659ms hit=0.992385 e2e=2425.389ms
[ok] request s556 turn3 ttft=549.68ms hit=0.0 e2e=2227.139ms
[ok] openhands s322 turn11 ttft=671.335ms hit=0.938794 e2e=2350.077ms
[ok] request s115 turn0 ttft=195.586ms hit=0.0 e2e=1872.509ms
[ok] openhands s67 turn6 ttft=786.308ms hit=0.992271 e2e=2612.783ms
[ok] request s210 turn0 ttft=139.265ms hit=0.0 e2e=2204.326ms
[ok] request s529 turn2 ttft=177.424ms hit=0.333116 e2e=2808.763ms
[ok] request s396 turn0 ttft=1125.627ms hit=0.0 e2e=2677.104ms
[ok] openhands s258 turn8 ttft=1200.21ms hit=0.0 e2e=2751.728ms
[ok] request s393 turn0 ttft=804.386ms hit=0.0 e2e=2357.003ms
[ok] request s371 turn0 ttft=482.397ms hit=0.0 e2e=2034.693ms
[ok] openhands s385 turn46 ttft=641.643ms hit=0.986237 e2e=1778.023ms
[ok] openhands s67 turn7 ttft=654.155ms hit=0.993278 e2e=1792.483ms
[ok] openhands s3 turn4 ttft=644.604ms hit=0.964427 e2e=1783.112ms
[ok] openhands s322 turn12 ttft=969.856ms hit=0.683837 e2e=1379.183ms
[ok] openhands s68 turn22 ttft=901.734ms hit=0.971192 e2e=1772.653ms
[ok] openhands s258 turn9 ttft=207.2ms hit=0.972029 e2e=878.144ms
[ok] openhands s68 turn23 ttft=567.289ms hit=0.997552 e2e=1245.44ms
[ok] openhands s385 turn47 ttft=832.75ms hit=0.97294 e2e=1128.307ms
[ok] openhands s67 turn8 ttft=654.198ms hit=0.959508 e2e=1231.96ms
[ok] request s529 turn3 ttft=754.262ms hit=0.818327 e2e=1053.015ms
[ok] request s393 turn1 ttft=705.266ms hit=0.610008 e2e=1003.065ms
[ok] openhands s258 turn10 ttft=357.079ms hit=0.982111 e2e=651.821ms
[ok] openhands s3 turn5 ttft=783.674ms hit=0.9815 e2e=1236.69ms
[ok] openhands s67 turn9 ttft=505.987ms hit=0.935882 e2e=1614.69ms
[ok] request s529 turn4 ttft=623.513ms hit=0.0 e2e=1027.633ms
[ok] openhands s3 turn6 ttft=1009.377ms hit=0.579698 e2e=1502.272ms
[ok] request s393 turn2 ttft=620.59ms hit=0.0 e2e=1026.691ms
[ok] openhands s385 turn48 ttft=902.805ms hit=0.968064 e2e=1397.743ms
[ok] openhands s258 turn11 ttft=211.481ms hit=0.985675 e2e=804.099ms
[ok] openhands s3 turn7 ttft=959.141ms hit=0.979308 e2e=1237.711ms
[ok] request s529 turn5 ttft=413.578ms hit=0.0 e2e=678.51ms
[ok] openhands s385 turn49 ttft=556.119ms hit=0.982387 e2e=1262.024ms
[ok] openhands s67 turn10 ttft=966.538ms hit=0.841298 e2e=1245.282ms
[ok] openhands s3 turn8 ttft=364.823ms hit=0.941022 e2e=915.81ms
[ok] openhands s258 turn12 ttft=398.083ms hit=0.989311 e2e=949.465ms
[ok] request s529 turn6 ttft=218.114ms hit=0.0 e2e=731.199ms
[ok] openhands s385 turn50 ttft=472.17ms hit=0.969684 e2e=1148.868ms
[ok] openhands s3 turn9 ttft=368.19ms hit=0.944562 e2e=708.223ms
[ok] openhands s385 turn51 ttft=1312.952ms hit=0.991547 e2e=1315.419ms
[ok] openhands s67 turn11 ttft=1383.696ms hit=0.995922 e2e=2180.45ms
[ok] request s529 turn7 ttft=1605.915ms hit=0.0 e2e=1900.496ms
[ok] openhands s385 turn52 ttft=699.224ms hit=0.990896 e2e=981.601ms
[ok] openhands s258 turn13 ttft=1550.595ms hit=0.992613 e2e=1846.913ms
[ok] openhands s3 turn10 ttft=1817.288ms hit=0.73173 e2e=2114.426ms
[ok] openhands s3 turn11 ttft=283.272ms hit=0.98317 e2e=689.898ms
[ok] openhands s385 turn53 ttft=366.453ms hit=0.979298 e2e=616.127ms
[ok] openhands s258 turn14 ttft=374.844ms hit=0.985573 e2e=1525.089ms
[ok] openhands s3 turn12 ttft=507.062ms hit=0.968545 e2e=1442.163ms
[ok] openhands s385 turn54 ttft=345.263ms hit=0.992665 e2e=1531.002ms
[ok] openhands s67 turn12 ttft=863.027ms hit=0.825526 e2e=1496.45ms
[ok] openhands s258 turn15 ttft=558.763ms hit=0.989571 e2e=701.597ms
[ok] openhands s3 turn13 ttft=463.561ms hit=0.970964 e2e=792.114ms
[ok] openhands s385 turn55 ttft=353.466ms hit=0.984424 e2e=605.674ms
[ok] openhands s258 turn16 ttft=444.094ms hit=0.969924 e2e=761.59ms
[ok] openhands s3 turn14 ttft=559.5ms hit=0.984012 e2e=768.441ms
[ok] openhands s385 turn56 ttft=509.801ms hit=0.97379 e2e=761.902ms
[ok] openhands s258 turn17 ttft=583.562ms hit=0.765985 e2e=951.594ms
[ok] openhands s3 turn15 ttft=452.203ms hit=0.984738 e2e=802.441ms
[ok] openhands s385 turn57 ttft=505.389ms hit=0.972618 e2e=931.714ms
[ok] openhands s258 turn18 ttft=425.574ms hit=0.987098 e2e=722.747ms
[ok] openhands s3 turn16 ttft=425.951ms hit=0.990852 e2e=715.509ms
[ok] openhands s258 turn19 ttft=1183.03ms hit=0.834229 e2e=1445.391ms
[ok] openhands s385 turn58 ttft=916.728ms hit=0.960004 e2e=1181.299ms
[ok] openhands s67 turn13 ttft=1169.493ms hit=0.823023 e2e=1627.664ms
[ok] openhands s3 turn17 ttft=1175.298ms hit=0.99278 e2e=1439.053ms
[ok] request s27 turn0 ttft=149.32ms hit=0.0 e2e=297.409ms
[ok] request s83 turn0 ttft=2786.12ms hit=0.0 e2e=4072.659ms
[ok] request s473 turn0 ttft=2783.342ms hit=0.0 e2e=3753.12ms
[ok] openhands s3 turn18 ttft=794.315ms hit=0.917058 e2e=4656.728ms
[ok] request s56 turn0 ttft=765.132ms hit=0.0 e2e=1495.819ms
[ok] request s209 turn0 ttft=1087.581ms hit=0.0 e2e=1817.894ms
[ok] request s402 turn0 ttft=559.529ms hit=0.0 e2e=1173.723ms
[ok] request s231 turn0 ttft=239.219ms hit=0.0 e2e=849.498ms
[ok] openhands s196 turn0 ttft=3109.142ms hit=0.555701 e2e=4399.457ms
[ok] openhands s67 turn14 ttft=3084.516ms hit=0.820732 e2e=4058.895ms
[ok] openhands s258 turn20 ttft=756.516ms hit=0.979815 e2e=4623.522ms
[ok] request s336 turn0 ttft=2459.762ms hit=0.0 e2e=3435.872ms
[ok] request s214 turn0 ttft=1733.965ms hit=0.0 e2e=2468.605ms
[ok] openhands s385 turn59 ttft=778.588ms hit=0.975565 e2e=4557.11ms
[ok] request s190 turn0 ttft=2056.355ms hit=0.0 e2e=2791.994ms
[ok] request s363 turn0 ttft=2139.528ms hit=0.0 e2e=3114.989ms
[ok] request s176 turn0 ttft=1411.466ms hit=0.0 e2e=2146.64ms
[ok] request s486 turn0 ttft=133.557ms hit=0.0 e2e=1063.721ms
[ok] request s465 turn0 ttft=743.082ms hit=0.0 e2e=1620.513ms
[ok] openhands s3 turn19 ttft=851.941ms hit=0.968735 e2e=1731.639ms
[ok] openhands s67 turn15 ttft=1458.825ms hit=0.994879 e2e=1652.114ms
[ok] openhands s258 turn21 ttft=812.956ms hit=0.973847 e2e=1694.847ms
[ok] request s56 turn1 ttft=777.466ms hit=0.547945 e2e=1545.555ms
[ok] request s18 turn0 ttft=295.591ms hit=0.0 e2e=1250.538ms
[ok] request s27 turn1 ttft=756.445ms hit=0.0 e2e=1964.897ms
[ok] request s46 turn0 ttft=614.006ms hit=0.0 e2e=1577.976ms
[ok] openhands s385 turn60 ttft=1121.935ms hit=0.974107 e2e=2085.535ms
[ok] request s42 turn0 ttft=936.409ms hit=0.0 e2e=1899.698ms
[ok] request s214 turn1 ttft=772.463ms hit=0.651192 e2e=1734.495ms
[ok] openhands s196 turn1 ttft=940.719ms hit=0.972115 e2e=2324.152ms
[ok] request s83 turn1 ttft=780.504ms hit=0.0 e2e=1744.035ms
[ok] request s363 turn1 ttft=771.636ms hit=0.0 e2e=1733.959ms
[ok] request s192 turn0 ttft=142.635ms hit=0.0 e2e=1423.998ms
[ok] request s216 turn0 ttft=410.498ms hit=0.0 e2e=1574.553ms
[ok] request s528 turn0 ttft=237.068ms hit=0.0 e2e=1313.316ms
[ok] openhands s3 turn20 ttft=407.95ms hit=0.99332 e2e=1627.72ms
[ok] openhands s67 turn16 ttft=530.102ms hit=0.994341 e2e=1608.975ms
[ok] openhands s258 turn22 ttft=531.825ms hit=0.982588 e2e=1618.449ms
[ok] request s465 turn1 ttft=488.934ms hit=0.0 e2e=1460.965ms
[ok] request s23 turn0 ttft=233.241ms hit=0.0 e2e=1591.381ms
[ok] openhands s196 turn2 ttft=873.338ms hit=0.992643 e2e=2246.313ms
[ok] request s214 turn2 ttft=312.503ms hit=0.65071 e2e=1676.316ms
[ok] openhands s385 turn61 ttft=535.533ms hit=0.995172 e2e=2273.987ms
[ok] openhands s386 turn0 ttft=692.949ms hit=0.0 e2e=2222.338ms
[ok] request s46 turn1 ttft=314.58ms hit=0.0 e2e=1678.049ms
[ok] request s18 turn1 ttft=318.768ms hit=0.0 e2e=1682.915ms
[ok] request s141 turn0 ttft=541.767ms hit=0.0 e2e=1920.723ms
[ok] request s83 turn2 ttft=312.434ms hit=0.0 e2e=1675.992ms
[ok] request s338 turn0 ttft=453.49ms hit=0.0 e2e=1701.321ms
[ok] openhands s3 turn21 ttft=1239.856ms hit=0.971269 e2e=1675.504ms
[ok] request s192 turn1 ttft=809.87ms hit=0.0 e2e=1765.96ms
[ok] request s156 turn0 ttft=577.335ms hit=0.0 e2e=1533.707ms
[ok] openhands s258 turn23 ttft=839.314ms hit=0.973983 e2e=1796.413ms
[ok] openhands s67 turn17 ttft=739.194ms hit=0.929843 e2e=1818.719ms
[ok] request s71 turn0 ttft=257.589ms hit=0.0 e2e=1214.012ms
[ok] request s22 turn0 ttft=247.739ms hit=0.0 e2e=1260.037ms
[ok] request s465 turn2 ttft=164.365ms hit=0.0 e2e=1167.411ms
[ok] openhands s386 turn1 ttft=356.273ms hit=0.933625 e2e=1387.812ms
[ok] request s251 turn0 ttft=405.44ms hit=0.0 e2e=1447.365ms
[ok] openhands s196 turn3 ttft=421.227ms hit=0.988657 e2e=1801.207ms
[ok] request s517 turn0 ttft=246.767ms hit=0.0 e2e=1626.466ms
[ok] request s269 turn0 ttft=597.043ms hit=0.0 e2e=1571.489ms
[ok] openhands s3 turn22 ttft=1025.35ms hit=0.991581 e2e=1800.908ms
[ok] openhands s67 turn18 ttft=508.759ms hit=0.99194 e2e=1659.149ms
[ok] request s46 turn2 ttft=652.081ms hit=0.456328 e2e=1643.068ms
[ok] request s71 turn1 ttft=272.475ms hit=0.0 e2e=1061.818ms
[ok] openhands s258 turn24 ttft=649.803ms hit=0.986968 e2e=1640.634ms
[ok] request s192 turn2 ttft=275.78ms hit=0.0 e2e=1066.033ms
[ok] request s214 turn3 ttft=655.08ms hit=0.699666 e2e=1645.804ms
[ok] request s18 turn2 ttft=652.329ms hit=0.0 e2e=1642.773ms
[ok] request s414 turn0 ttft=472.556ms hit=0.0 e2e=1264.09ms
[ok] request s465 turn3 ttft=316.215ms hit=0.0 e2e=1127.052ms
[ok] openhands s385 turn62 ttft=516.886ms hit=0.993244 e2e=1446.667ms
[ok] request s12 turn0 ttft=445.927ms hit=0.0 e2e=1375.418ms
[ok] request s342 turn0 ttft=245.488ms hit=0.0 e2e=1053.051ms
[ok] openhands s386 turn2 ttft=404.133ms hit=0.954037 e2e=1215.416ms
[ok] request s60 turn0 ttft=281.796ms hit=0.0 e2e=1135.016ms
[ok] openhands s196 turn4 ttft=989.303ms hit=0.996189 e2e=1803.064ms
[ok] request s517 turn1 ttft=389.688ms hit=0.395978 e2e=1495.314ms
[ok] openhands s67 turn19 ttft=479.367ms hit=0.997034 e2e=1812.481ms
[ok] openhands s3 turn23 ttft=1225.99ms hit=0.986962 e2e=1751.374ms
[ok] openhands s386 turn3 ttft=842.428ms hit=0.970532 e2e=1367.806ms
[ok] request s535 turn0 ttft=455.244ms hit=0.0 e2e=1788.398ms
[ok] openhands s258 turn25 ttft=673.857ms hit=0.973919 e2e=1781.331ms
[ok] request s315 turn0 ttft=360.26ms hit=0.0 e2e=1465.761ms
[ok] openhands s385 turn63 ttft=516.537ms hit=0.991743 e2e=1362.839ms
[ok] request s483 turn0 ttft=320.961ms hit=0.0 e2e=1151.662ms
[ok] request s18 turn3 ttft=383.782ms hit=0.0 e2e=1215.231ms
[ok] request s467 turn0 ttft=257.311ms hit=0.0 e2e=829.015ms
[ok] request s465 turn4 ttft=223.195ms hit=0.731196 e2e=789.549ms
[ok] request s478 turn0 ttft=142.305ms hit=0.0 e2e=506.933ms
[ok] request s192 turn3 ttft=389.66ms hit=0.628221 e2e=1221.055ms
[ok] request s46 turn3 ttft=374.534ms hit=0.659794 e2e=1223.198ms
[ok] request s214 turn4 ttft=388.557ms hit=0.862069 e2e=1219.974ms
[ok] request s416 turn0 ttft=531.021ms hit=0.0 e2e=582.463ms
[ok] openhands s385 turn64 ttft=2550.383ms hit=0.996669 e2e=2746.233ms
[ok] openhands s196 turn5 ttft=1031.198ms hit=0.991414 e2e=3033.342ms
[ok] request s568 turn0 ttft=932.995ms hit=0.0 e2e=2935.005ms
[ok] request s45 turn0 ttft=1383.79ms hit=0.0 e2e=2453.104ms
[ok] openhands s3 turn24 ttft=1250.779ms hit=0.957913 e2e=3195.843ms
[ok] openhands s511 turn0 ttft=1154.812ms hit=0.0 e2e=2790.18ms
[ok] request s465 turn5 ttft=1564.644ms hit=0.0 e2e=2647.993ms
[ok] request s270 turn0 ttft=1061.672ms hit=0.0 e2e=2144.678ms
[ok] openhands s67 turn20 ttft=725.509ms hit=0.961988 e2e=3226.827ms
[ok] request s162 turn0 ttft=212.662ms hit=0.0 e2e=1177.38ms
[ok] request s109 turn0 ttft=853.463ms hit=0.0 e2e=1823.175ms
[ok] request s301 turn0 ttft=821.609ms hit=0.0 e2e=3112.993ms
[ok] openhands s258 turn26 ttft=925.949ms hit=0.986631 e2e=3217.012ms
[ok] request s214 turn5 ttft=1563.13ms hit=0.0 e2e=2647.019ms
[ok] openhands s386 turn4 ttft=914.286ms hit=0.941649 e2e=3206.976ms
[ok] request s483 turn1 ttft=1317.44ms hit=0.0 e2e=2653.018ms
[ok] request s517 turn2 ttft=1326.824ms hit=0.0 e2e=2662.11ms
[ok] request s18 turn4 ttft=1567.996ms hit=0.0 e2e=2652.437ms
[ok] request s63 turn0 ttft=146.684ms hit=0.0 e2e=860.122ms
[ok] request s211 turn0 ttft=520.473ms hit=0.0 e2e=2902.902ms
[ok] request s149 turn0 ttft=389.686ms hit=0.0 e2e=1573.431ms
[ok] request s287 turn0 ttft=401.639ms hit=0.0 e2e=861.074ms
[ok] request s150 turn0 ttft=375.818ms hit=0.0 e2e=1436.663ms
[ok] request s150 turn1 ttft=254.701ms hit=0.0 e2e=563.387ms
[ok] openhands s196 turn6 ttft=3145.96ms hit=0.996636 e2e=4342.687ms
[ok] request s201 turn0 ttft=827.225ms hit=0.0 e2e=3751.744ms
[ok] request s214 turn6 ttft=604.639ms hit=0.880576 e2e=3259.347ms
[ok] request s517 turn3 ttft=601.105ms hit=0.640534 e2e=3255.45ms
[ok] request s18 turn5 ttft=600.052ms hit=0.0 e2e=3254.11ms
[ok] request s568 turn1 ttft=839.278ms hit=0.0 e2e=3764.131ms
[ok] request s109 turn1 ttft=608.846ms hit=0.0 e2e=3262.334ms
[ok] request s301 turn1 ttft=608.218ms hit=0.0 e2e=3261.433ms
[ok] request s45 turn1 ttft=623.84ms hit=0.0 e2e=3278.271ms
[ok] request s407 turn0 ttft=505.646ms hit=0.0 e2e=3430.398ms
[ok] request s86 turn0 ttft=630.549ms hit=0.0 e2e=4075.369ms
[ok] openhands s132 turn0 ttft=825.743ms hit=0.0 e2e=2704.852ms
[ok] request s483 turn2 ttft=686.119ms hit=0.0 e2e=3258.962ms
[ok] request s275 turn0 ttft=535.667ms hit=0.0 e2e=3107.943ms
[ok] request s523 turn0 ttft=200.501ms hit=0.0 e2e=1722.817ms
[ok] request s471 turn0 ttft=152.083ms hit=0.0 e2e=1394.715ms
[ok] request s419 turn0 ttft=584.926ms hit=0.0 e2e=2465.005ms
[ok] request s334 turn0 ttft=288.54ms hit=0.0 e2e=1820.272ms
[ok] request s197 turn0 ttft=248.845ms hit=0.0 e2e=1495.929ms
[ok] request s172 turn0 ttft=613.113ms hit=0.0 e2e=2379.763ms
[ok] openhands s3 turn25 ttft=930.981ms hit=0.979138 e2e=3861.242ms
[ok] openhands s386 turn5 ttft=909.792ms hit=0.948454 e2e=3838.868ms
[ok] openhands s67 turn21 ttft=740.678ms hit=0.925166 e2e=3850.137ms
[ok] openhands s385 turn65 ttft=884.269ms hit=0.988913 e2e=4333.987ms
[ok] openhands s511 turn1 ttft=462.781ms hit=0.988028 e2e=3865.596ms
[ok] request s111 turn0 ttft=245.317ms hit=0.0 e2e=1256.915ms
[ok] request s484 turn0 ttft=144.574ms hit=0.0 e2e=1149.922ms
[ok] request s297 turn0 ttft=146.909ms hit=0.0 e2e=1738.794ms
[ok] request s320 turn0 ttft=257.43ms hit=0.0 e2e=1852.462ms
[ok] request s107 turn0 ttft=317.381ms hit=0.0 e2e=1529.868ms
[ok] request s434 turn0 ttft=357.665ms hit=0.0 e2e=1414.002ms
[ok] request s150 turn2 ttft=917.208ms hit=0.0 e2e=1442.066ms
[ok] request s461 turn0 ttft=1208.082ms hit=0.0 e2e=2099.204ms
[ok] request s302 turn0 ttft=212.953ms hit=0.0 e2e=668.386ms
[ok] request s150 turn3 ttft=204.107ms hit=0.0 e2e=446.921ms
[ok] request s76 turn0 ttft=1026.642ms hit=0.0 e2e=2298.895ms
[ok] openhands s132 turn1 ttft=968.776ms hit=0.831013 e2e=2240.931ms
[ok] openhands s385 turn66 ttft=1049.636ms hit=0.997117 e2e=2218.383ms
[ok] openhands s196 turn7 ttft=997.851ms hit=0.99343 e2e=2278.252ms
[ok] request s18 turn6 ttft=710.095ms hit=0.586932 e2e=1685.558ms
[ok] request s523 turn1 ttft=703.683ms hit=0.671916 e2e=1678.913ms
[ok] request s86 turn1 ttft=705.346ms hit=0.0 e2e=1680.37ms
[ok] request s45 turn2 ttft=707.733ms hit=0.0 e2e=1682.125ms
[ok] openhands s3 turn26 ttft=966.919ms hit=0.991022 e2e=2246.029ms
[ok] openhands s511 turn2 ttft=948.438ms hit=0.9433 e2e=2229.42ms
[ok] request s172 turn1 ttft=703.44ms hit=0.577878 e2e=1678.471ms
[ok] request s571 turn0 ttft=762.834ms hit=0.0 e2e=2042.556ms
[ok] request s568 turn2 ttft=507.242ms hit=0.447813 e2e=1685.616ms
[ok] openhands s386 turn6 ttft=919.04ms hit=0.906061 e2e=2202.031ms
[ok] request s517 turn4 ttft=511.705ms hit=0.753099 e2e=1691.412ms
[ok] request s243 turn0 ttft=537.728ms hit=0.0 e2e=1716.319ms
[ok] request s471 turn1 ttft=705.021ms hit=0.0 e2e=1686.116ms
[ok] request s484 turn1 ttft=626.689ms hit=0.379935 e2e=1609.71ms
[ok] request s475 turn0 ttft=531.735ms hit=0.0 e2e=1394.345ms
[ok] openhands s67 turn22 ttft=822.164ms hit=0.996292 e2e=1684.643ms
[ok] request s434 turn1 ttft=212.537ms hit=0.0 e2e=1690.508ms
[ok] request s175 turn0 ttft=255.947ms hit=0.0 e2e=1739.131ms
[ok] request s50 turn0 ttft=135.759ms hit=0.0 e2e=1418.329ms
[ok] openhands s258 turn27 ttft=1666.756ms hit=0.934011 e2e=1985.692ms
[ok] request s327 turn0 ttft=1085.383ms hit=0.0 e2e=1918.153ms
[ok] openhands s511 turn3 ttft=978.409ms hit=0.971862 e2e=1829.298ms
[ok] openhands s132 turn2 ttft=1001.931ms hit=0.978485 e2e=1854.923ms
[ok] openhands s386 turn7 ttft=929.774ms hit=0.957147 e2e=1784.913ms
[ok] openhands s67 turn23 ttft=919.475ms hit=0.996531 e2e=1773.267ms
[ok] openhands s3 turn27 ttft=974.512ms hit=0.990094 e2e=1829.711ms
[ok] openhands s385 turn67 ttft=1711.038ms hit=0.979046 e2e=2436.99ms
[ok] request s153 turn0 ttft=267.705ms hit=0.0 e2e=1225.228ms
[ok] openhands s196 turn8 ttft=1216.151ms hit=0.990217 e2e=2412.545ms
[ok] request s523 turn2 ttft=899.96ms hit=0.555917 e2e=1860.939ms
[ok] request s172 turn2 ttft=909.858ms hit=0.793552 e2e=1858.411ms
[ok] request s461 turn1 ttft=1059.174ms hit=0.0 e2e=2256.068ms
[ok] request s77 turn0 ttft=593.536ms hit=0.0 e2e=1554.693ms
[ok] request s302 turn1 ttft=1292.833ms hit=0.0 e2e=2253.845ms
[ok] request s167 turn0 ttft=1250.605ms hit=0.0 e2e=2211.483ms
[ok] request s45 turn3 ttft=1203.729ms hit=0.0 e2e=2164.486ms
[ok] request s545 turn0 ttft=134.458ms hit=0.0 e2e=901.417ms
[ok] request s388 turn0 ttft=918.091ms hit=0.0 e2e=1888.274ms
[ok] request s517 turn5 ttft=892.908ms hit=0.767361 e2e=1862.977ms
[ok] request s471 turn2 ttft=1172.349ms hit=0.497087 e2e=2142.302ms
[ok] request s76 turn1 ttft=908.228ms hit=0.0 e2e=1878.118ms
[ok] request s86 turn2 ttft=897.539ms hit=0.272051 e2e=1867.375ms
[ok] request s18 turn7 ttft=902.522ms hit=0.778116 e2e=1872.315ms
[ok] openhands s196 turn9 ttft=970.619ms hit=0.994272 e2e=2072.978ms
[ok] openhands s0 turn0 ttft=1065.42ms hit=0.0 e2e=2662.369ms
[ok] openhands s3 turn28 ttft=597.389ms hit=0.993731 e2e=2699.141ms
[ok] request s76 turn2 ttft=643.647ms hit=0.0 e2e=1487.573ms
[ok] request s167 turn1 ttft=652.606ms hit=0.0 e2e=1496.146ms
[ok] openhands s386 turn8 ttft=1011.89ms hit=0.917806 e2e=2610.173ms
[ok] openhands s385 turn68 ttft=800.289ms hit=0.994618 e2e=2103.449ms
[ok] request s208 turn0 ttft=723.564ms hit=0.0 e2e=2027.647ms
[ok] openhands s511 turn4 ttft=1070.717ms hit=0.968145 e2e=2674.525ms
[ok] openhands s67 turn24 ttft=1354.735ms hit=0.99686 e2e=2692.415ms
[ok] request s523 turn3 ttft=659.684ms hit=0.0 e2e=1506.9ms
[ok] request s388 turn1 ttft=652.338ms hit=0.0 e2e=1499.322ms
[ok] openhands s132 turn3 ttft=1066.946ms hit=0.978107 e2e=2672.428ms
[ok] openhands s258 turn28 ttft=670.284ms hit=0.965014 e2e=1518.854ms
[ok] request s364 turn0 ttft=588.812ms hit=0.0 e2e=1700.885ms
[ok] request s417 turn0 ttft=1017.934ms hit=0.0 e2e=2356.803ms
[ok] request s471 turn3 ttft=646.433ms hit=0.0 e2e=1500.648ms
[ok] request s172 turn3 ttft=835.578ms hit=0.0 e2e=1510.889ms
[ok] request s545 turn1 ttft=652.458ms hit=0.0 e2e=1506.898ms
[ok] request s517 turn6 ttft=829.959ms hit=0.810796 e2e=1504.349ms
[ok] request s157 turn0 ttft=494.313ms hit=0.0 e2e=1051.652ms
[ok] request s298 turn0 ttft=175.849ms hit=0.0 e2e=723.787ms
[ok] request s264 turn0 ttft=703.265ms hit=0.0 e2e=1379.82ms
[ok] request s302 turn2 ttft=834.962ms hit=0.0 e2e=1511.38ms
[ok] request s443 turn0 ttft=142.511ms hit=0.0 e2e=1509.308ms
[ok] request s339 turn0 ttft=521.574ms hit=0.0 e2e=655.352ms
[ok] request s204 turn0 ttft=1044.277ms hit=0.0 e2e=1936.021ms
[ok] openhands s3 turn29 ttft=948.013ms hit=0.993773 e2e=2449.46ms
[ok] openhands s132 turn4 ttft=916.652ms hit=0.981607 e2e=2419.502ms
[ok] openhands s196 turn10 ttft=978.317ms hit=0.994709 e2e=2484.076ms
[ok] openhands s386 turn9 ttft=934.548ms hit=0.922695 e2e=2443.778ms
[ok] openhands s511 turn5 ttft=901.303ms hit=0.976326 e2e=2409.281ms
[ok] openhands s258 turn29 ttft=911.005ms hit=0.95351 e2e=2421.805ms
[ok] openhands s0 turn1 ttft=929.945ms hit=0.899993 e2e=2440.478ms
[ok] request s308 turn0 ttft=723.251ms hit=0.0 e2e=2231.546ms
[ok] request s471 turn4 ttft=721.157ms hit=0.744619 e2e=1919.714ms
[ok] request s302 turn3 ttft=830.685ms hit=0.63745 e2e=1911.644ms
[ok] request s388 turn2 ttft=726.935ms hit=0.308806 e2e=1925.517ms
[ok] request s545 turn2 ttft=720.169ms hit=0.0 e2e=1918.496ms
[ok] request s517 turn7 ttft=834.119ms hit=0.831651 e2e=1916.432ms
[ok] request s264 turn1 ttft=832.236ms hit=0.0 e2e=1913.818ms
[ok] openhands s67 turn25 ttft=1268.665ms hit=0.983675 e2e=2467.375ms
[ok] request s101 turn0 ttft=201.85ms hit=0.0 e2e=1277.764ms
[ok] request s496 turn0 ttft=732.023ms hit=0.0 e2e=1930.906ms
[ok] request s167 turn2 ttft=731.642ms hit=0.695652 e2e=1930.352ms
[ok] request s76 turn3 ttft=735.35ms hit=0.554513 e2e=1933.924ms
[ok] request s383 turn0 ttft=143.657ms hit=0.0 e2e=1820.534ms
[ok] request s443 turn1 ttft=139.059ms hit=0.0 e2e=1677.166ms
[ok] request s567 turn0 ttft=213.323ms hit=0.0 e2e=1492.622ms
[ok] request s312 turn0 ttft=204.745ms hit=0.0 e2e=1172.889ms
[ok] request s339 turn1 ttft=256.129ms hit=0.0 e2e=1229.453ms
[ok] request s110 turn0 ttft=283.402ms hit=0.0 e2e=308.219ms
[ok] request s339 turn2 ttft=426.074ms hit=0.0 e2e=1158.367ms
[ok] openhands s258 turn30 ttft=857.979ms hit=0.958676 e2e=2647.002ms
[ok] openhands s386 turn10 ttft=1281.752ms hit=0.919583 e2e=2602.035ms
[ok] openhands s3 turn30 ttft=902.398ms hit=0.993975 e2e=2694.429ms
[ok] request s181 turn0 ttft=841.578ms hit=0.0 e2e=2634.409ms
[ok] openhands s0 turn2 ttft=879.394ms hit=0.976239 e2e=2674.268ms
[ok] openhands s132 turn5 ttft=889.442ms hit=0.901262 e2e=2685.059ms
[ok] openhands s67 turn26 ttft=874.031ms hit=0.990114 e2e=2682.563ms
[ok] request s487 turn0 ttft=515.966ms hit=0.0 e2e=2324.053ms
[ok] request s167 turn3 ttft=680.443ms hit=0.753828 e2e=2704.345ms
[ok] request s496 turn1 ttft=682.041ms hit=0.0 e2e=2705.616ms
[ok] request s545 turn3 ttft=685.541ms hit=0.332468 e2e=2708.866ms
[ok] openhands s511 turn6 ttft=846.485ms hit=0.848046 e2e=2868.966ms
[ok] request s69 turn0 ttft=598.101ms hit=0.0 e2e=2621.311ms
[ok] request s388 turn3 ttft=689.249ms hit=0.583144 e2e=2711.646ms
[ok] openhands s196 turn11 ttft=958.245ms hit=0.994899 e2e=3167.539ms
[ok] request s101 turn1 ttft=685.591ms hit=0.0 e2e=2708.027ms
[ok] request s263 turn0 ttft=139.189ms hit=0.0 e2e=2466.18ms
[ok] request s443 turn2 ttft=257.333ms hit=0.0 e2e=2352.52ms
[ok] request s567 turn1 ttft=255.116ms hit=0.0 e2e=2354.103ms
[ok] openhands s4 turn0 ttft=691.609ms hit=0.0 e2e=2153.455ms
[ok] request s492 turn0 ttft=477.963ms hit=0.0 e2e=1826.586ms
[ok] request s339 turn3 ttft=400.853ms hit=0.625917 e2e=588.999ms
[ok] request s177 turn0 ttft=160.119ms hit=0.0 e2e=1499.617ms
[ok] request s526 turn0 ttft=636.143ms hit=0.0 e2e=1474.56ms
[ok] openhands s386 turn11 ttft=524.737ms hit=0.958258 e2e=2145.778ms
[ok] openhands s3 turn31 ttft=632.165ms hit=0.994207 e2e=2259.145ms
[ok] openhands s0 turn3 ttft=617.443ms hit=0.984401 e2e=2242.381ms
[ok] openhands s132 turn6 ttft=613.528ms hit=0.987517 e2e=2239.709ms
[ok] openhands s258 turn31 ttft=520.783ms hit=0.961311 e2e=2106.463ms
[ok] openhands s67 turn27 ttft=786.839ms hit=0.968732 e2e=2523.351ms
[ok] request s276 turn0 ttft=503.34ms hit=0.0 e2e=2240.669ms
[ok] request s62 turn0 ttft=337.93ms hit=0.0 e2e=1912.259ms
[ok] request s181 turn1 ttft=371.084ms hit=0.0 e2e=1956.49ms
[ok] request s395 turn0 ttft=145.945ms hit=0.0 e2e=1585.507ms
[ok] openhands s4 turn1 ttft=1098.533ms hit=0.977955 e2e=1764.858ms
[ok] request s388 turn4 ttft=596.052ms hit=0.0 e2e=1949.961ms
[ok] request s443 turn3 ttft=329.256ms hit=0.674868 e2e=1441.387ms
[ok] request s545 turn4 ttft=597.414ms hit=0.0 e2e=1953.891ms
[ok] request s101 turn2 ttft=594.683ms hit=0.0 e2e=1950.259ms
[ok] request s567 turn2 ttft=325.467ms hit=0.311057 e2e=1442.023ms
[ok] request s213 turn0 ttft=542.539ms hit=0.0 e2e=1901.326ms
[ok] request s526 turn1 ttft=145.704ms hit=0.0 e2e=1137.508ms
[ok] request s61 turn0 ttft=335.63ms hit=0.0 e2e=1573.57ms
[ok] request s220 turn0 ttft=243.162ms hit=0.0 e2e=1246.344ms
[ok] openhands s196 turn12 ttft=549.287ms hit=0.98971 e2e=2030.489ms
[ok] request s496 turn2 ttft=479.766ms hit=0.0 e2e=1960.691ms
[ok] openhands s386 turn12 ttft=720.436ms hit=0.971103 e2e=1219.606ms
[ok] request s138 turn0 ttft=492.246ms hit=0.0 e2e=1195.143ms
[ok] openhands s3 turn32 ttft=511.102ms hit=0.994437 e2e=1215.264ms
[ok] openhands s132 turn7 ttft=488.167ms hit=0.987529 e2e=1191.173ms
[ok] openhands s0 turn4 ttft=896.979ms hit=0.90387 e2e=1199.481ms
[ok] request s358 turn0 ttft=308.669ms hit=0.0 e2e=1621.528ms
[ok] openhands s67 turn28 ttft=359.867ms hit=0.997377 e2e=1672.439ms
[ok] openhands s4 turn2 ttft=252.711ms hit=0.985776 e2e=1539.131ms
[ok] request s221 turn0 ttft=242.199ms hit=0.0 e2e=1529.535ms
[ok] request s395 turn1 ttft=317.572ms hit=0.0 e2e=1317.813ms
[ok] openhands s258 turn32 ttft=443.874ms hit=0.965043 e2e=1443.778ms
[ok] openhands s132 turn8 ttft=660.413ms hit=0.973333 e2e=2167.498ms
[ok] request s388 turn5 ttft=371.514ms hit=0.709469 e2e=1878.897ms
[ok] openhands s386 turn13 ttft=413.973ms hit=0.982133 e2e=2192.867ms
[ok] request s41 turn0 ttft=258.116ms hit=0.0 e2e=1757.976ms
[ok] request s543 turn0 ttft=573.612ms hit=0.0 e2e=2086.21ms
[ok] request s101 turn3 ttft=369.952ms hit=0.666667 e2e=1882.258ms
[ok] request s138 turn1 ttft=233.086ms hit=0.0 e2e=1734.421ms
[ok] request s61 turn1 ttft=366.442ms hit=0.0 e2e=1878.658ms
[ok] openhands s3 turn33 ttft=552.614ms hit=0.993779 e2e=2188.709ms
[ok] request s220 turn1 ttft=365.887ms hit=0.0 e2e=1878.096ms
[ok] openhands s0 turn5 ttft=533.466ms hit=0.870646 e2e=2170.713ms
[ok] openhands s196 turn13 ttft=580.178ms hit=0.996243 e2e=2475.183ms
[ok] request s460 turn0 ttft=520.326ms hit=0.0 e2e=2415.1ms
[ok] openhands s4 turn3 ttft=531.883ms hit=0.696695 e2e=1974.073ms
[ok] request s221 turn1 ttft=593.586ms hit=0.0 e2e=1446.021ms
[ok] request s205 turn0 ttft=478.193ms hit=0.0 e2e=2202.688ms
[ok] openhands s67 turn29 ttft=494.45ms hit=0.997857 e2e=2218.596ms
[ok] openhands s258 turn33 ttft=846.882ms hit=0.910872 e2e=1975.378ms
[ok] request s88 turn0 ttft=683.336ms hit=0.0 e2e=1553.051ms
[ok] request s415 turn0 ttft=369.851ms hit=0.0 e2e=1225.39ms
[ok] openhands s511 turn7 ttft=780.522ms hit=0.664711 e2e=1651.348ms
[ok] request s254 turn0 ttft=752.347ms hit=0.0 e2e=1881.436ms
[ok] openhands s386 turn14 ttft=353.698ms hit=0.962613 e2e=1156.651ms
[ok] openhands s0 turn6 ttft=573.935ms hit=0.941124 e2e=1114.279ms
[ok] openhands s196 turn14 ttft=506.149ms hit=0.990795 e2e=1248.523ms
[ok] request s388 turn6 ttft=185.169ms hit=0.787692 e2e=955.427ms
[ok] request s138 turn2 ttft=179.227ms hit=0.0 e2e=950.429ms
[ok] request s220 turn2 ttft=178.325ms hit=0.300469 e2e=949.166ms
[ok] openhands s511 turn8 ttft=260.907ms hit=0.989596 e2e=1114.333ms
[ok] openhands s4 turn4 ttft=265.333ms hit=0.971274 e2e=1118.581ms
[ok] openhands s3 turn34 ttft=433.868ms hit=0.992782 e2e=1293.405ms
[ok] openhands s386 turn15 ttft=382.633ms hit=0.968474 e2e=1473.381ms
[ok] openhands s0 turn7 ttft=1054.215ms hit=0.909045 e2e=1468.563ms
[ok] request s221 turn2 ttft=482.291ms hit=0.0 e2e=1566.799ms
[ok] openhands s196 turn15 ttft=591.806ms hit=0.986086 e2e=1678.41ms
[ok] request s88 turn1 ttft=477.716ms hit=0.0 e2e=1565.826ms
[ok] request s415 turn1 ttft=488.985ms hit=0.0 e2e=1564.95ms
[ok] openhands s511 turn9 ttft=325.817ms hit=0.827784 e2e=1510.905ms
[ok] openhands s3 turn35 ttft=579.149ms hit=0.986899 e2e=1588.569ms
[ok] openhands s4 turn5 ttft=563.581ms hit=0.977929 e2e=1574.711ms
[ok] request s388 turn7 ttft=433.855ms hit=0.0 e2e=1347.418ms
[ok] request s138 turn3 ttft=430.773ms hit=0.0 e2e=1344.115ms
[ok] request s220 turn3 ttft=429.52ms hit=0.0 e2e=1342.691ms
[ok] openhands s258 turn34 ttft=448.566ms hit=0.986809 e2e=943.645ms
[ok] openhands s386 turn16 ttft=529.003ms hit=0.965152 e2e=1025.133ms
[ok] openhands s0 turn8 ttft=344.194ms hit=0.885216 e2e=1084.945ms
[ok] openhands s196 turn16 ttft=448.835ms hit=0.994794 e2e=2220.876ms
[ok] openhands s511 turn10 ttft=307.907ms hit=0.964387 e2e=2048.143ms
[ok] openhands s3 turn36 ttft=509.968ms hit=0.996794 e2e=1973.43ms
[ok] request s221 turn3 ttft=496.244ms hit=0.0 e2e=1930.307ms
[ok] openhands s4 turn6 ttft=517.734ms hit=0.895276 e2e=1951.569ms
[ok] request s88 turn2 ttft=492.626ms hit=0.0 e2e=1927.744ms
[ok] openhands s0 turn9 ttft=308.582ms hit=0.975454 e2e=1744.462ms
[ok] openhands s258 turn35 ttft=1321.911ms hit=0.787045 e2e=1736.356ms
[ok] openhands s386 turn17 ttft=1241.972ms hit=0.935205 e2e=1655.576ms
[ok] request s220 turn4 ttft=961.905ms hit=0.0 e2e=1376.293ms
[ok] openhands s4 turn7 ttft=572.365ms hit=0.984055 e2e=1516.898ms
[ok] openhands s511 turn11 ttft=582.179ms hit=0.97535 e2e=1526.388ms
[ok] openhands s196 turn17 ttft=871.253ms hit=0.997477 e2e=1818.057ms
[ok] openhands s3 turn37 ttft=792.595ms hit=0.992433 e2e=1901.378ms
[ok] openhands s386 turn18 ttft=1170.109ms hit=0.547242 e2e=1814.042ms
[ok] openhands s0 turn10 ttft=1100.239ms hit=0.844125 e2e=1889.117ms
[ok] request s88 turn3 ttft=662.687ms hit=0.0 e2e=1309.337ms
[ok] openhands s258 turn36 ttft=547.616ms hit=0.994403 e2e=1883.155ms
[ok] request s221 turn4 ttft=665.885ms hit=0.0 e2e=1311.965ms
[ok] openhands s511 turn12 ttft=390.796ms hit=0.980843 e2e=1440.078ms
[ok] openhands s4 turn8 ttft=384.541ms hit=0.970055 e2e=1434.362ms
[ok] openhands s0 turn11 ttft=789.303ms hit=0.986878 e2e=1191.296ms
[ok] openhands s3 turn38 ttft=696.812ms hit=0.997656 e2e=1221.164ms
[ok] openhands s196 turn18 ttft=820.694ms hit=0.99766 e2e=1554.435ms
[ok] openhands s258 turn37 ttft=547.092ms hit=0.995751 e2e=1207.127ms
[ok] request s221 turn5 ttft=232.266ms hit=0.702011 e2e=631.117ms
[ok] openhands s386 turn19 ttft=495.228ms hit=0.963547 e2e=1229.92ms
[ok] openhands s196 turn19 ttft=736.481ms hit=0.992294 e2e=1039.444ms
[ok] openhands s511 turn13 ttft=618.902ms hit=0.985709 e2e=1229.803ms
[ok] openhands s3 turn39 ttft=617.553ms hit=0.979035 e2e=1066.792ms
[ok] request s221 turn6 ttft=176.228ms hit=0.718093 e2e=476.589ms
[ok] openhands s4 turn9 ttft=612.01ms hit=0.984706 e2e=1224.68ms
[ok] openhands s386 turn20 ttft=462.666ms hit=0.951437 e2e=1074.994ms
[ok] openhands s3 turn40 ttft=507.01ms hit=0.98626 e2e=1079.007ms
[ok] openhands s386 turn21 ttft=521.267ms hit=0.973384 e2e=1096.258ms
[ok] openhands s4 turn10 ttft=511.906ms hit=0.954428 e2e=1086.474ms
[ok] request s221 turn7 ttft=220.258ms hit=0.747664 e2e=532.546ms
[ok] openhands s196 turn20 ttft=775.551ms hit=0.991702 e2e=1090.181ms
[ok] openhands s386 turn22 ttft=532.169ms hit=0.940658 e2e=898.35ms
[ok] openhands s3 turn41 ttft=547.822ms hit=0.992753 e2e=915.899ms
[ok] openhands s4 turn11 ttft=737.35ms hit=0.989576 e2e=890.727ms
[ok] openhands s196 turn21 ttft=567.967ms hit=0.990442 e2e=1042.427ms
[ok] openhands s386 turn23 ttft=636.733ms hit=0.992882 e2e=1106.381ms
[ok] openhands s4 turn12 ttft=547.641ms hit=0.964824 e2e=1091.176ms
[ok] openhands s3 turn42 ttft=621.831ms hit=0.991479 e2e=1167.069ms
[ok] openhands s132 turn9 ttft=638.501ms hit=0.983254 e2e=1318.332ms
[ok] openhands s196 turn22 ttft=669.061ms hit=0.995549 e2e=1354.263ms
[ok] openhands s386 turn24 ttft=335.287ms hit=0.986848 e2e=966.815ms
[ok] openhands s4 turn13 ttft=405.62ms hit=0.971121 e2e=892.426ms
[ok] openhands s3 turn43 ttft=411.1ms hit=0.99416 e2e=885.693ms
[ok] openhands s132 turn10 ttft=570.744ms hit=0.988417 e2e=882.617ms
[ok] openhands s3 turn44 ttft=610.248ms hit=0.969697 e2e=1079.482ms
[ok] openhands s0 turn12 ttft=912.174ms hit=0.719082 e2e=1424.699ms
[ok] openhands s4 turn14 ttft=591.852ms hit=0.982745 e2e=1061.947ms
[ok] openhands s196 turn23 ttft=703.614ms hit=0.993588 e2e=1000.083ms
[ok] openhands s0 turn13 ttft=736.703ms hit=0.98092 e2e=1039.99ms
[ok] openhands s132 turn11 ttft=836.095ms hit=0.980151 e2e=1250.497ms
[ok] openhands s3 turn45 ttft=914.234ms hit=0.996481 e2e=1329.953ms
[ok] openhands s196 turn24 ttft=727.192ms hit=0.983471 e2e=1311.403ms
[ok] openhands s4 turn15 ttft=844.706ms hit=0.984418 e2e=1275.547ms
[ok] openhands s0 turn14 ttft=253.673ms hit=0.942558 e2e=1098.812ms
[ok] openhands s4 turn16 ttft=543.22ms hit=0.981075 e2e=898.925ms
[ok] openhands s3 turn46 ttft=536.286ms hit=0.996979 e2e=892.142ms
[ok] openhands s132 turn12 ttft=554.845ms hit=0.969125 e2e=912.291ms
[ok] openhands s196 turn25 ttft=706.45ms hit=0.994438 e2e=1122.059ms
[ok] openhands s4 turn17 ttft=560.107ms hit=0.984461 e2e=837.557ms
[ok] openhands s3 turn47 ttft=548.469ms hit=0.994061 e2e=911.783ms
[ok] openhands s196 turn26 ttft=538.067ms hit=0.979061 e2e=1054.772ms
[ok] openhands s4 turn18 ttft=477.808ms hit=0.988725 e2e=607.092ms
[ok] openhands s3 turn48 ttft=339.175ms hit=0.993843 e2e=624.464ms
[ok] openhands s4 turn19 ttft=309.804ms hit=0.978518 e2e=714.053ms
[ok] openhands s3 turn49 ttft=603.253ms hit=0.986041 e2e=607.68ms
[ok] openhands s196 turn27 ttft=904.224ms hit=0.993529 e2e=1039.618ms
[ok] openhands s3 turn50 ttft=503.063ms hit=0.992679 e2e=1021.862ms
[ok] openhands s4 turn20 ttft=489.121ms hit=0.942808 e2e=1003.026ms
[ok] openhands s196 turn28 ttft=695.043ms hit=0.998025 e2e=1201.211ms
[ok] openhands s4 turn21 ttft=457.431ms hit=0.938875 e2e=889.897ms
[ok] openhands s3 turn51 ttft=441.382ms hit=0.98284 e2e=709.018ms
[ok] openhands s4 turn22 ttft=475.647ms hit=0.978171 e2e=613.208ms
[ok] openhands s3 turn52 ttft=397.877ms hit=0.991501 e2e=782.145ms
[ok] openhands s4 turn23 ttft=525.788ms hit=0.977195 e2e=815.658ms
[ok] openhands s3 turn53 ttft=368.884ms hit=0.991951 e2e=643.954ms
[ok] openhands s0 turn15 ttft=398.089ms hit=0.929927 e2e=838.475ms
[ok] openhands s4 turn24 ttft=795.012ms hit=0.988128 e2e=919.51ms
[ok] openhands s0 turn16 ttft=700.835ms hit=0.977733 e2e=1008.129ms
[ok] openhands s132 turn13 ttft=265.02ms hit=0.942453 e2e=565.904ms
[ok] openhands s3 turn54 ttft=566.153ms hit=0.990295 e2e=1001.906ms
[ok] openhands s4 turn25 ttft=607.652ms hit=0.976447 e2e=748.473ms
[ok] openhands s132 turn14 ttft=434.575ms hit=0.911762 e2e=723.204ms
[ok] openhands s3 turn55 ttft=465.437ms hit=0.995345 e2e=759.309ms
[ok] openhands s4 turn26 ttft=482.546ms hit=0.9844 e2e=620.783ms
[ok] openhands s3 turn56 ttft=352.754ms hit=0.99197 e2e=610.004ms
[ok] openhands s4 turn27 ttft=491.108ms hit=0.980542 e2e=630.039ms
[ok] openhands s3 turn57 ttft=356.556ms hit=0.984758 e2e=631.918ms
[ok] openhands s4 turn28 ttft=394.816ms hit=0.977187 e2e=637.683ms
[ok] openhands s3 turn58 ttft=362.065ms hit=0.976923 e2e=742.285ms
[ok] openhands s4 turn29 ttft=246.742ms hit=0.984528 e2e=693.112ms
[ok] openhands s132 turn15 ttft=542.109ms hit=0.803204 e2e=812.372ms
[ok] openhands s4 turn30 ttft=452.046ms hit=0.981897 e2e=712.044ms
[ok] openhands s3 turn59 ttft=509.26ms hit=0.982875 e2e=982.345ms
[ok] openhands s4 turn31 ttft=280.464ms hit=0.98118 e2e=634.503ms
[ok] openhands s3 turn60 ttft=469.438ms hit=0.987908 e2e=771.019ms
[ok] openhands s4 turn32 ttft=935.124ms hit=0.978445 e2e=938.105ms
[ok] openhands s3 turn61 ttft=819.965ms hit=0.971573 e2e=824.615ms
[ok] openhands s0 turn17 ttft=1267.521ms hit=0.983261 e2e=1408.365ms
[ok] openhands s4 turn33 ttft=528.06ms hit=0.985297 e2e=768.371ms
[ok] openhands s3 turn62 ttft=465.755ms hit=0.996303 e2e=756.863ms
[ok] openhands s0 turn18 ttft=497.663ms hit=0.958429 e2e=1146.562ms
[ok] openhands s4 turn34 ttft=893.88ms hit=0.994435 e2e=1025.104ms
[ok] openhands s132 turn16 ttft=747.773ms hit=0.754576 e2e=1013.418ms
[ok] openhands s3 turn63 ttft=643.138ms hit=0.995952 e2e=1037.68ms
[ok] openhands s0 turn19 ttft=572.012ms hit=0.941662 e2e=1107.551ms
[ok] openhands s3 turn64 ttft=817.861ms hit=0.990932 e2e=1084.608ms
[ok] openhands s4 turn35 ttft=466.099ms hit=0.976967 e2e=1122.435ms
[ok] openhands s132 turn17 ttft=811.801ms hit=0.741322 e2e=1097.088ms
[ok] openhands s4 turn36 ttft=929.031ms hit=0.983407 e2e=1216.391ms
[ok] openhands s3 turn65 ttft=975.831ms hit=0.992307 e2e=1241.705ms
[ok] openhands s0 turn20 ttft=691.748ms hit=0.885339 e2e=1251.97ms
[ok] openhands s132 turn18 ttft=938.715ms hit=0.679496 e2e=1205.312ms
[ok] openhands s4 turn37 ttft=423.519ms hit=0.981281 e2e=934.767ms
[ok] openhands s0 turn21 ttft=773.012ms hit=0.991833 e2e=921.638ms
[ok] openhands s3 turn66 ttft=570.174ms hit=0.988862 e2e=1036.375ms
[ok] openhands s132 turn19 ttft=755.242ms hit=0.930269 e2e=911.219ms
[ok] openhands s0 turn22 ttft=434.127ms hit=0.948319 e2e=851.05ms
[ok] openhands s4 turn38 ttft=432.696ms hit=0.986564 e2e=840.908ms
[ok] openhands s3 turn67 ttft=386.624ms hit=0.985756 e2e=1566.759ms
[ok] openhands s132 turn20 ttft=368.665ms hit=0.973322 e2e=1371.888ms
[ok] openhands s4 turn39 ttft=1073.86ms hit=0.988264 e2e=1303.51ms
[ok] openhands s0 turn23 ttft=847.326ms hit=0.811053 e2e=1174.776ms
[ok] openhands s3 turn68 ttft=606.872ms hit=0.988749 e2e=1239.638ms
[ok] openhands s0 turn24 ttft=711.672ms hit=0.953993 e2e=989.348ms
[ok] openhands s132 turn21 ttft=527.798ms hit=0.853473 e2e=1013.456ms
[ok] openhands s4 turn40 ttft=659.169ms hit=0.986979 e2e=1005.065ms
[ok] openhands s132 turn22 ttft=807.461ms hit=0.943359 e2e=1084.674ms
[ok] openhands s0 turn25 ttft=806.63ms hit=0.982916 e2e=1076.71ms
[ok] openhands s3 turn69 ttft=596.219ms hit=0.992626 e2e=1111.847ms
[ok] openhands s4 turn41 ttft=652.037ms hit=0.996388 e2e=1067.106ms
[ok] openhands s4 turn42 ttft=524.934ms hit=0.960377 e2e=791.003ms
[ok] openhands s132 turn23 ttft=404.629ms hit=0.9552 e2e=811.836ms
[ok] openhands s0 turn26 ttft=544.597ms hit=0.991962 e2e=803.302ms
[ok] openhands s0 turn27 ttft=559.706ms hit=0.970202 e2e=818.393ms
[ok] openhands s132 turn24 ttft=410.503ms hit=0.996256 e2e=828.456ms
[ok] openhands s4 turn43 ttft=531.428ms hit=0.990148 e2e=808.253ms
[ok] openhands s4 turn44 ttft=691.194ms hit=0.971998 e2e=822.998ms
[ok] openhands s132 turn25 ttft=449.982ms hit=0.96477 e2e=833.6ms
[ok] openhands s0 turn28 ttft=569.751ms hit=0.985771 e2e=827.545ms
[ok] openhands s4 turn45 ttft=802.52ms hit=0.982013 e2e=946.587ms
[ok] openhands s132 turn26 ttft=544.582ms hit=0.983108 e2e=797.879ms
[ok] openhands s0 turn29 ttft=724.307ms hit=0.938275 e2e=984.155ms
[ok] openhands s132 turn27 ttft=689.617ms hit=0.982394 e2e=831.966ms
[ok] openhands s4 turn46 ttft=617.76ms hit=0.983777 e2e=874.564ms
[ok] openhands s0 turn30 ttft=633.039ms hit=0.963544 e2e=903.263ms
[ok] openhands s4 turn47 ttft=522.453ms hit=0.981377 e2e=664.608ms
[ok] openhands s0 turn31 ttft=452.031ms hit=0.987181 e2e=787.762ms
[ok] openhands s4 turn48 ttft=581.711ms hit=0.987065 e2e=724.135ms
[ok] openhands s0 turn32 ttft=430.082ms hit=0.96552 e2e=717.867ms
[ok] openhands s4 turn49 ttft=590.756ms hit=0.992115 e2e=733.16ms
[ok] openhands s0 turn33 ttft=443.651ms hit=0.966774 e2e=723.227ms
[ok] openhands s4 turn50 ttft=522.291ms hit=0.983643 e2e=665.384ms
[ok] openhands s0 turn34 ttft=369.533ms hit=0.99464 e2e=680.156ms
[ok] openhands s4 turn51 ttft=627.754ms hit=0.979031 e2e=771.26ms
[ok] openhands s0 turn35 ttft=479.329ms hit=0.963398 e2e=783.872ms
[ok] openhands s4 turn52 ttft=536.101ms hit=0.989219 e2e=686.796ms
[ok] openhands s0 turn36 ttft=387.67ms hit=0.988199 e2e=674.684ms
[ok] openhands s4 turn53 ttft=637.67ms hit=0.988646 e2e=765.861ms
[ok] openhands s0 turn37 ttft=481.502ms hit=0.968649 e2e=768.67ms
[ok] openhands s4 turn54 ttft=399.455ms hit=0.986133 e2e=682.793ms
[ok] openhands s0 turn38 ttft=390.196ms hit=0.993223 e2e=673.868ms
[ok] openhands s4 turn55 ttft=416.581ms hit=0.990196 e2e=2011.537ms
[ok] openhands s132 turn28 ttft=1368.662ms hit=0.446495 e2e=1623.569ms
[ok] openhands s0 turn39 ttft=844.633ms hit=0.961055 e2e=1990.645ms
[ok] openhands s4 turn56 ttft=639.666ms hit=0.979366 e2e=789.842ms
[ok] openhands s132 turn29 ttft=474.142ms hit=0.994129 e2e=817.355ms
[ok] openhands s0 turn40 ttft=621.933ms hit=0.988369 e2e=1061.05ms
[ok] openhands s132 turn30 ttft=565.927ms hit=0.981173 e2e=800.366ms
[ok] openhands s4 turn57 ttft=594.253ms hit=0.985385 e2e=831.322ms
[ok] openhands s0 turn41 ttft=405.771ms hit=0.98736 e2e=951.021ms
[ok] openhands s132 turn31 ttft=401.646ms hit=0.987584 e2e=703.581ms
[ok] openhands s4 turn58 ttft=435.425ms hit=0.986944 e2e=743.242ms
[ok] openhands s0 turn42 ttft=512.68ms hit=0.982472 e2e=971.41ms
[ok] openhands s132 turn32 ttft=414.92ms hit=0.988873 e2e=677.232ms
[ok] openhands s4 turn59 ttft=449.652ms hit=0.989001 e2e=718.273ms
[ok] openhands s4 turn60 ttft=755.806ms hit=0.988938 e2e=1021.3ms
[ok] openhands s0 turn43 ttft=617.695ms hit=0.9764 e2e=1050.497ms
[ok] openhands s132 turn33 ttft=753.829ms hit=0.995739 e2e=1034.384ms
[ok] openhands s4 turn61 ttft=715.202ms hit=0.992883 e2e=860.497ms
[ok] openhands s0 turn44 ttft=677.483ms hit=0.963214 e2e=930.446ms
[ok] openhands s0 turn45 ttft=606.972ms hit=0.988521 e2e=878.244ms
[ok] openhands s4 turn62 ttft=603.106ms hit=0.989272 e2e=861.449ms
[ok] openhands s4 turn63 ttft=584.302ms hit=0.991169 e2e=817.909ms
[ok] openhands s0 turn46 ttft=657.364ms hit=0.973748 e2e=963.143ms
[ok] openhands s4 turn64 ttft=446.056ms hit=0.992852 e2e=716.451ms
[ok] openhands s0 turn47 ttft=452.266ms hit=0.988259 e2e=721.057ms
[ok] openhands s4 turn65 ttft=454.65ms hit=0.992098 e2e=801.687ms
[ok] openhands s0 turn48 ttft=528.292ms hit=0.978282 e2e=797.343ms
[ok] openhands s4 turn66 ttft=475.978ms hit=0.986162 e2e=739.086ms
[ok] openhands s0 turn49 ttft=474.556ms hit=0.992207 e2e=750.277ms
[ok] openhands s4 turn67 ttft=436.691ms hit=0.981331 e2e=735.24ms
[ok] openhands s0 turn50 ttft=480.889ms hit=0.989242 e2e=776.23ms
[ok] openhands s4 turn68 ttft=451.33ms hit=0.993974 e2e=736.955ms
[ok] openhands s0 turn51 ttft=468.749ms hit=0.997244 e2e=750.881ms
[ok] openhands s4 turn69 ttft=484.068ms hit=0.984936 e2e=852.925ms
[ok] openhands s0 turn52 ttft=589.987ms hit=0.974781 e2e=847.611ms
[ok] openhands s4 turn70 ttft=502.642ms hit=0.990276 e2e=790.611ms
[ok] openhands s0 turn53 ttft=526.143ms hit=0.984485 e2e=854.678ms
[ok] openhands s4 turn71 ttft=484.347ms hit=0.991649 e2e=741.725ms
[ok] openhands s0 turn54 ttft=489.62ms hit=0.996039 e2e=749.132ms
[ok] openhands s4 turn72 ttft=344.565ms hit=0.991388 e2e=596.839ms
[ok] openhands s4 turn73 ttft=331.011ms hit=0.988851 e2e=583.016ms
[ok] openhands s4 turn74 ttft=331.272ms hit=0.994679 e2e=583.962ms
[ok] openhands s4 turn75 ttft=332.917ms hit=0.993768 e2e=585.41ms
[ok] openhands s4 turn76 ttft=470.271ms hit=0.928603 e2e=723.847ms
[ok] openhands s4 turn77 ttft=344.87ms hit=0.995434 e2e=598.789ms
[ok] openhands s4 turn78 ttft=383.966ms hit=0.992534 e2e=637.223ms
[ok] openhands s4 turn79 ttft=447.017ms hit=0.989722 e2e=701.787ms
[ok] openhands s4 turn80 ttft=354.322ms hit=0.991934 e2e=608.346ms
[ok] openhands s4 turn81 ttft=355.232ms hit=0.994699 e2e=609.483ms
[ok] openhands s4 turn82 ttft=359.61ms hit=0.995125 e2e=613.168ms
[ok] openhands s4 turn83 ttft=362.542ms hit=0.994881 e2e=616.538ms
[ok] openhands s4 turn84 ttft=359.166ms hit=0.99311 e2e=629.28ms
[ok] openhands s4 turn85 ttft=364.006ms hit=0.994259 e2e=618.364ms
[ok] openhands s4 turn86 ttft=365.295ms hit=0.990374 e2e=620.587ms
[ok] openhands s4 turn87 ttft=363.663ms hit=0.992793 e2e=618.794ms
[ok] openhands s4 turn88 ttft=367.714ms hit=0.986565 e2e=624.416ms
[ok] openhands s4 turn89 ttft=368.39ms hit=0.992949 e2e=625.046ms
[ok] openhands s4 turn90 ttft=377.544ms hit=0.992114 e2e=634.598ms
[ok] openhands s4 turn91 ttft=399.005ms hit=0.989793 e2e=656.216ms
[ok] openhands s4 turn92 ttft=383.313ms hit=0.989143 e2e=640.735ms
[ok] openhands s4 turn93 ttft=384.247ms hit=0.995847 e2e=641.503ms
[ok] openhands s4 turn94 ttft=387.617ms hit=0.994269 e2e=645.036ms
[ok] openhands s4 turn95 ttft=391.592ms hit=0.991689 e2e=649.378ms
[ok] openhands s4 turn96 ttft=384.208ms hit=0.997331 e2e=851.86ms
[ok] openhands s4 turn97 ttft=407.482ms hit=0.991479 e2e=773.496ms
[ok] openhands s4 turn98 ttft=411.847ms hit=0.991386 e2e=670.571ms
[ok] openhands s4 turn99 ttft=401.64ms hit=0.990189 e2e=659.852ms
[ok] openhands s4 turn100 ttft=395.384ms hit=0.991566 e2e=656.356ms
[ok] openhands s4 turn101 ttft=399.739ms hit=0.99258 e2e=657.923ms
[ok] openhands s4 turn102 ttft=397.319ms hit=0.995805 e2e=656.514ms
[ok] openhands s4 turn103 ttft=408.004ms hit=0.991674 e2e=667.161ms
[ok] openhands s4 turn104 ttft=399.864ms hit=0.986734 e2e=659.795ms
[ok] openhands s4 turn105 ttft=402.664ms hit=0.9899 e2e=663.963ms
[ok] openhands s4 turn106 ttft=409.37ms hit=0.990515 e2e=668.633ms
[ok] openhands s4 turn107 ttft=409.092ms hit=0.995615 e2e=669.011ms
[ok] openhands s4 turn108 ttft=422.828ms hit=0.997096 e2e=682.838ms
[ok] openhands s4 turn109 ttft=489.602ms hit=0.992975 e2e=750.294ms
[ok] openhands s4 turn110 ttft=416.328ms hit=0.997195 e2e=678.363ms
[ok] openhands s4 turn111 ttft=414.014ms hit=0.994208 e2e=674.272ms
[ok] openhands s4 turn112 ttft=410.276ms hit=0.994135 e2e=671.04ms
[done] issued=1970 ok=1970 err=0 wall=393.6s
[done] /share/dai-sys/zhoulongsheng/agentkv/experiments/evict_position/online_runs/20260913_103350_formal_rep2/precompute/replay/replay.jsonl
[done] /share/dai-sys/zhoulongsheng/agentkv/experiments/evict_position/online_runs/20260913_103350_formal_rep2/precompute/replay/summary.json
[done] /share/dai-sys/zhoulongsheng/agentkv/experiments/evict_position/online_runs/20260913_103350_formal_rep2/precompute/replay/report.md
