[warn] no manifest.json, skip hash check
[index] 572 sessions / 1970 turns from /share/dai-sys/zhoulongsheng/agentkv/experiments/evict_position/workload/workload.jsonl
[arrival] {"type": "waves", "horizon_s": 300.0, "n_waves": 9, "wave_width_s": 20.0, "wave_start_s": [0.0, 37.5, 75.0, 112.5, 150.0, 187.5, 225.0, 262.5, 280.0], "wave_class_counts": [{"openhands": 4, "request": 60}, {"openhands": 4, "request": 60}, {"openhands": 4, "request": 60}, {"openhands": 4, "request": 60}, {"openhands": 4, "request": 60}, {"openhands": 4, "request": 60}, {"openhands": 3, "request": 60}, {"openhands": 3, "request": 60}, {"openhands": 3, "request": 59}], "arrival_seed": 42, "classes": ["openhands", "request"]}
[ok] request s309 turn0 ttft=1462.001ms hit=0.0 e2e=7632.792ms
[ok] request s191 turn0 ttft=2770.27ms hit=0.0 e2e=11807.545ms
[ok] request s144 turn0 ttft=2698.529ms hit=0.0 e2e=11738.917ms
[ok] request s281 turn0 ttft=1430.738ms hit=0.0 e2e=10470.779ms
[ok] request s143 turn0 ttft=1113.783ms hit=0.0 e2e=10153.433ms
[ok] request s206 turn0 ttft=2384.188ms hit=0.0 e2e=11423.528ms
[ok] request s100 turn0 ttft=796.856ms hit=0.0 e2e=9835.913ms
[ok] request s124 turn0 ttft=592.753ms hit=0.0 e2e=9518.447ms
[ok] request s547 turn0 ttft=2066.84ms hit=0.0 e2e=11105.899ms
[ok] request s565 turn0 ttft=291.861ms hit=0.0 e2e=9206.339ms
[ok] openhands s448 turn0 ttft=3334.708ms hit=0.0 e2e=12378.049ms
[ok] request s400 turn0 ttft=1750.979ms hit=0.0 e2e=10794.095ms
[ok] request s288 turn0 ttft=2820.587ms hit=0.0 e2e=11824.117ms
[ok] request s495 turn0 ttft=4091.585ms hit=0.0 e2e=13095.906ms
[ok] request s522 turn0 ttft=3184.419ms hit=0.0 e2e=14683.247ms
[ok] request s80 turn0 ttft=4408.807ms hit=0.0 e2e=13420.022ms
[ok] openhands s195 turn0 ttft=1052.997ms hit=0.224097 e2e=15325.484ms
[ok] request s113 turn0 ttft=2097.313ms hit=0.0 e2e=16595.312ms
[ok] request s507 turn0 ttft=1778.733ms hit=0.0 e2e=16278.608ms
[ok] request s9 turn0 ttft=2131.968ms hit=0.0 e2e=16913.591ms
[ok] request s521 turn0 ttft=5176.322ms hit=0.0 e2e=14374.627ms
[ok] request s44 turn0 ttft=5046.088ms hit=0.0 e2e=14056.552ms
[ok] request s182 turn0 ttft=4729.778ms hit=0.0 e2e=13739.936ms
[ok] request s180 turn0 ttft=3143.663ms hit=0.0 e2e=12153.086ms
[ok] request s223 turn0 ttft=3778.084ms hit=0.0 e2e=12788.331ms
[ok] request s362 turn0 ttft=1143.695ms hit=0.0 e2e=15645.099ms
[ok] request s401 turn0 ttft=734.606ms hit=0.0 e2e=15010.629ms
[ok] request s228 turn0 ttft=3461.198ms hit=0.0 e2e=12471.53ms
[ok] request s160 turn0 ttft=2135.169ms hit=0.0 e2e=10890.291ms
[ok] request s397 turn0 ttft=2453.919ms hit=0.0 e2e=11208.919ms
[ok] request s233 turn0 ttft=2503.017ms hit=0.0 e2e=11526.674ms
[ok] request s158 turn0 ttft=1819.327ms hit=0.0 e2e=10574.696ms
[ok] request s222 turn0 ttft=481.403ms hit=0.0 e2e=8988.259ms
[ok] request s30 turn0 ttft=996.613ms hit=0.0 e2e=9623.475ms
[ok] request s326 turn0 ttft=678.074ms hit=0.0 e2e=9305.941ms
[ok] request s54 turn0 ttft=180.849ms hit=0.0 e2e=8672.087ms
[ok] openhands s512 turn0 ttft=1629.253ms hit=0.225208 e2e=10259.187ms
[ok] request s340 turn0 ttft=1312.828ms hit=0.0 e2e=9942.751ms
[ok] request s75 turn0 ttft=139.117ms hit=0.0 e2e=10810.122ms
[ok] request s557 turn0 ttft=2538.269ms hit=0.0 e2e=10547.006ms
[ok] openhands s448 turn1 ttft=4463.168ms hit=0.954386 e2e=10708.14ms
[ok] request s309 turn1 ttft=4363.035ms hit=0.0 e2e=10415.364ms
[ok] request s565 turn1 ttft=4061.129ms hit=0.0 e2e=10113.347ms
[ok] request s400 turn1 ttft=4060.463ms hit=0.0 e2e=10112.603ms
[ok] request s501 turn0 ttft=4345.947ms hit=0.0 e2e=10403.171ms
[ok] request s247 turn0 ttft=4028.293ms hit=0.0 e2e=10085.367ms
[ok] request s491 turn0 ttft=3711.43ms hit=0.0 e2e=9768.494ms
[ok] request s144 turn1 ttft=4069.215ms hit=0.0 e2e=10126.314ms
[ok] request s418 turn0 ttft=2442.772ms hit=0.0 e2e=8499.886ms
[ok] openhands s449 turn0 ttft=4697.752ms hit=0.224884 e2e=7865.108ms
[ok] request s186 turn0 ttft=4380.256ms hit=0.0 e2e=7548.653ms
[ok] request s360 turn0 ttft=3395.358ms hit=0.0 e2e=9453.526ms
[ok] request s329 turn0 ttft=2760.925ms hit=0.0 e2e=8819.147ms
[ok] request s474 turn0 ttft=2390.555ms hit=0.0 e2e=8184.326ms
[ok] request s547 turn1 ttft=4069.479ms hit=0.0 e2e=10128.402ms
[ok] request s135 turn0 ttft=3079.39ms hit=0.0 e2e=9138.435ms
[ok] request s37 turn0 ttft=3744.355ms hit=0.0 e2e=6929.701ms
[ok] request s455 turn0 ttft=4061.811ms hit=0.0 e2e=7247.227ms
[ok] request s178 turn0 ttft=2111.438ms hit=0.0 e2e=5025.843ms
[ok] request s89 turn0 ttft=842.114ms hit=0.0 e2e=3756.639ms
[ok] request s354 turn0 ttft=1477.552ms hit=0.0 e2e=4392.23ms
[ok] request s413 turn0 ttft=526.041ms hit=0.0 e2e=3440.923ms
[ok] request s91 turn0 ttft=1161.615ms hit=0.0 e2e=4076.72ms
[ok] request s102 turn0 ttft=363.02ms hit=0.0 e2e=3125.218ms
[ok] request s318 turn0 ttft=3111.044ms hit=0.0 e2e=6299.66ms
[ok] request s550 turn0 ttft=2933.122ms hit=0.0 e2e=5983.09ms
[ok] request s252 turn0 ttft=1797.006ms hit=0.0 e2e=4714.569ms
[ok] request s173 turn0 ttft=2432.532ms hit=0.0 e2e=5350.422ms
[ok] request s29 turn0 ttft=3429.299ms hit=0.0 e2e=6620.518ms
[ok] request s493 turn0 ttft=2750.173ms hit=0.0 e2e=5669.177ms
[ok] request s223 turn1 ttft=1825.78ms hit=0.0 e2e=4557.13ms
[ok] request s113 turn1 ttft=1831.708ms hit=0.0 e2e=4563.049ms
[ok] request s521 turn1 ttft=1830.742ms hit=0.268625 e2e=4562.054ms
[ok] openhands s512 turn1 ttft=2316.133ms hit=0.948954 e2e=5118.944ms
[ok] request s522 turn1 ttft=1842.285ms hit=0.0 e2e=4573.66ms
[ok] openhands s195 turn1 ttft=2209.53ms hit=0.988028 e2e=5145.561ms
[ok] request s340 turn1 ttft=1819.007ms hit=0.0 e2e=4550.907ms
[ok] request s180 turn1 ttft=1828.607ms hit=0.0 e2e=4562.034ms
[ok] request s44 turn1 ttft=1831.38ms hit=0.0 e2e=4563.868ms
[ok] request s362 turn1 ttft=1828.054ms hit=0.450308 e2e=4560.636ms
[ok] request s80 turn1 ttft=1836.65ms hit=0.0 e2e=4569.337ms
[ok] request s160 turn1 ttft=1826.884ms hit=0.0 e2e=4559.662ms
[ok] request s54 turn1 ttft=1817.702ms hit=0.0 e2e=4570.308ms
[ok] request s354 turn1 ttft=1817.481ms hit=0.469509 e2e=4584.845ms
[ok] openhands s449 turn1 ttft=2404.828ms hit=0.923146 e2e=5378.599ms
[ok] request s455 turn1 ttft=2197.221ms hit=0.0 e2e=5171.711ms
[ok] request s501 turn1 ttft=1837.384ms hit=0.0 e2e=4811.616ms
[ok] request s491 turn1 ttft=1834.575ms hit=0.0 e2e=4814.132ms
[ok] request s413 turn1 ttft=1822.765ms hit=0.0 e2e=4793.781ms
[ok] request s29 turn1 ttft=2070.437ms hit=0.0 e2e=5050.008ms
[ok] request s329 turn1 ttft=1833.153ms hit=0.0 e2e=4812.502ms
[ok] request s247 turn1 ttft=1837.757ms hit=0.0 e2e=4816.894ms
[ok] request s173 turn1 ttft=1817.693ms hit=0.0 e2e=4789.295ms
[ok] request s252 turn1 ttft=1818.036ms hit=0.0 e2e=4791.243ms
[ok] request s309 turn2 ttft=1847.114ms hit=0.0 e2e=4826.17ms
[ok] request s547 turn2 ttft=1832.831ms hit=0.596737 e2e=4811.709ms
[ok] openhands s448 turn2 ttft=2182.043ms hit=0.905137 e2e=5405.723ms
[ok] request s400 turn2 ttft=1846.004ms hit=0.0 e2e=4825.088ms
[ok] request s550 turn1 ttft=1816.131ms hit=0.286353 e2e=4795.093ms
[ok] request s178 turn1 ttft=1821.601ms hit=0.0 e2e=4800.431ms
[ok] request s44 turn2 ttft=2065.152ms hit=0.348774 e2e=2544.048ms
[ok] request s180 turn2 ttft=2067.419ms hit=0.358042 e2e=2548.508ms
[ok] openhands s512 turn2 ttft=2661.718ms hit=0.974496 e2e=3142.677ms
[ok] request s223 turn2 ttft=2077.693ms hit=0.52459 e2e=2558.569ms
[ok] openhands s195 turn2 ttft=2551.305ms hit=0.944934 e2e=3149.484ms
[ok] request s521 turn2 ttft=2073.572ms hit=0.507937 e2e=2554.26ms
[ok] request s362 turn2 ttft=2065.613ms hit=0.288045 e2e=2548.558ms
[ok] request s340 turn2 ttft=2072.072ms hit=0.0 e2e=2554.559ms
[ok] request s113 turn2 ttft=2076.341ms hit=0.422442 e2e=2558.809ms
[ok] openhands s195 turn3 ttft=2323.41ms hit=0.971935 e2e=2754.769ms
[ok] request s501 turn2 ttft=1942.516ms hit=0.0 e2e=2373.567ms
[ok] request s491 turn2 ttft=1938.737ms hit=0.350205 e2e=2369.495ms
[ok] openhands s512 turn3 ttft=2316.631ms hit=0.940024 e2e=2752.497ms
[ok] request s413 turn2 ttft=1938.082ms hit=0.328838 e2e=2373.809ms
[ok] request s309 turn3 ttft=1933.86ms hit=0.51927 e2e=2369.352ms
[ok] request s354 turn2 ttft=2150.252ms hit=0.914286 e2e=2585.469ms
[ok] request s400 turn3 ttft=1931.299ms hit=0.392037 e2e=2366.305ms
[ok] request s173 turn2 ttft=1937.143ms hit=0.466586 e2e=2371.956ms
[ok] request s247 turn2 ttft=1939.072ms hit=0.0 e2e=2373.689ms
[ok] request s547 turn3 ttft=1934.57ms hit=0.740741 e2e=2368.994ms
[ok] openhands s449 turn2 ttft=2113.135ms hit=0.983306 e2e=2971.923ms
[ok] request s455 turn2 ttft=1949.392ms hit=0.0 e2e=2383.995ms
[ok] request s44 turn3 ttft=1811.409ms hit=0.363121 e2e=2170.542ms
[ok] request s178 turn2 ttft=1932.077ms hit=0.0 e2e=2366.849ms
[ok] request s340 turn3 ttft=1800.891ms hit=0.0 e2e=2165.252ms
[ok] request s223 turn3 ttft=1805.44ms hit=0.320401 e2e=2169.115ms
[ok] request s180 turn3 ttft=1806.691ms hit=0.593968 e2e=2171.261ms
[ok] request s113 turn3 ttft=1800.9ms hit=0.485999 e2e=2164.886ms
[ok] request s521 turn3 ttft=1805.505ms hit=0.587965 e2e=2168.586ms
[ok] openhands s448 turn3 ttft=2270.182ms hit=0.968874 e2e=2978.012ms
[ok] openhands s448 turn4 ttft=643.2ms hit=0.71081 e2e=3055.809ms
[ok] request s413 turn3 ttft=2151.938ms hit=0.619605 e2e=2470.381ms
[ok] request s354 turn3 ttft=2146.78ms hit=0.823813 e2e=2470.792ms
[ok] openhands s512 turn4 ttft=2389.732ms hit=0.910372 e2e=2950.676ms
[ok] request s521 turn4 ttft=2138.961ms hit=0.745541 e2e=2461.959ms
[ok] request s44 turn4 ttft=2142.669ms hit=0.730177 e2e=2466.429ms
[ok] request s501 turn3 ttft=2071.562ms hit=0.0 e2e=2480.972ms
[ok] request s178 turn3 ttft=2141.666ms hit=0.776935 e2e=2464.989ms
[ok] request s247 turn3 ttft=2145.826ms hit=0.395062 e2e=2468.955ms
[ok] request s309 turn4 ttft=2152.247ms hit=0.609524 e2e=2475.15ms
[ok] request s173 turn3 ttft=2148.591ms hit=0.659227 e2e=2471.331ms
[ok] openhands s195 turn4 ttft=348.15ms hit=0.977171 e2e=3070.989ms
[ok] request s491 turn3 ttft=2069.004ms hit=0.473198 e2e=2480.815ms
[ok] openhands s449 turn3 ttft=646.118ms hit=0.946495 e2e=3073.192ms
[ok] request s82 turn0 ttft=143.061ms hit=0.0 e2e=257.946ms
[ok] openhands s195 turn5 ttft=727.084ms hit=0.984973 e2e=4196.346ms
[ok] openhands s449 turn4 ttft=1046.543ms hit=0.494686 e2e=4194.229ms
[ok] request s178 turn4 ttft=2485.724ms hit=0.0 e2e=3596.205ms
[ok] request s521 turn5 ttft=2492.295ms hit=0.497377 e2e=3603.573ms
[ok] openhands s512 turn5 ttft=1042.765ms hit=0.984102 e2e=4194.447ms
[ok] request s247 turn4 ttft=2484.357ms hit=0.0 e2e=3598.909ms
[ok] request s44 turn5 ttft=2675.401ms hit=0.244859 e2e=3605.881ms
[ok] request s354 turn4 ttft=2496.292ms hit=0.750183 e2e=3610.721ms
[ok] request s555 turn0 ttft=395.07ms hit=0.0 e2e=965.905ms
[ok] openhands s66 turn0 ttft=710.079ms hit=0.0 e2e=1281.654ms
[ok] request s173 turn4 ttft=2666.164ms hit=0.757396 e2e=3598.05ms
[ok] openhands s448 turn5 ttft=397.694ms hit=0.98594 e2e=4209.627ms
[ok] request s501 turn4 ttft=2489.221ms hit=0.0 e2e=3604.248ms
[ok] request s104 turn0 ttft=207.268ms hit=0.0 e2e=878.507ms
[ok] openhands s449 turn5 ttft=510.909ms hit=0.992861 e2e=1074.674ms
[ok] openhands s448 turn6 ttft=517.582ms hit=0.910608 e2e=1081.22ms
[ok] openhands s66 turn1 ttft=506.654ms hit=0.963311 e2e=1072.99ms
[ok] request s26 turn0 ttft=234.53ms hit=0.0 e2e=785.572ms
[ok] openhands s512 turn6 ttft=382.645ms hit=0.842951 e2e=1088.716ms
[ok] request s377 turn0 ttft=252.304ms hit=0.0 e2e=1103.501ms
[ok] request s505 turn0 ttft=179.326ms hit=0.0 e2e=739.351ms
[ok] openhands s195 turn6 ttft=225.215ms hit=0.842367 e2e=785.049ms
[ok] request s98 turn0 ttft=2214.467ms hit=0.0 e2e=2382.79ms
[ok] request s198 turn0 ttft=133.817ms hit=0.0 e2e=2798.925ms
[ok] openhands s66 turn2 ttft=2274.039ms hit=0.971274 e2e=3583.02ms
[ok] openhands s448 turn7 ttft=2280.927ms hit=0.934232 e2e=3589.909ms
[ok] request s26 turn1 ttft=1778.93ms hit=0.0 e2e=3000.327ms
[ok] openhands s512 turn7 ttft=2275.407ms hit=0.942959 e2e=3496.383ms
[ok] request s377 turn1 ttft=1778.78ms hit=0.0 e2e=2999.48ms
[ok] request s96 turn0 ttft=1578.735ms hit=0.0 e2e=2799.043ms
[ok] request s256 turn0 ttft=627.083ms hit=0.0 e2e=1846.542ms
[ok] request s562 turn0 ttft=310.976ms hit=0.0 e2e=1530.145ms
[ok] request s108 turn0 ttft=945.81ms hit=0.0 e2e=2164.697ms
[ok] request s330 turn0 ttft=1263.72ms hit=0.0 e2e=2482.31ms
[ok] openhands s449 turn6 ttft=2139.656ms hit=0.927715 e2e=3601.802ms
[ok] request s387 turn0 ttft=1899.405ms hit=0.0 e2e=3117.806ms
[ok] request s509 turn0 ttft=138.364ms hit=0.0 e2e=1236.571ms
[ok] request s203 turn0 ttft=2428.019ms hit=0.0 e2e=2796.372ms
[ok] request s357 turn0 ttft=512.5ms hit=0.0 e2e=3675.084ms
[ok] openhands s260 turn0 ttft=707.36ms hit=0.0 e2e=3993.116ms
[ok] request s198 turn1 ttft=295.987ms hit=0.0 e2e=3450.047ms
[ok] request s311 turn0 ttft=204.519ms hit=0.0 e2e=3358.278ms
[ok] request s387 turn1 ttft=1881.786ms hit=0.0 e2e=3227.338ms
[ok] openhands s449 turn7 ttft=2462.896ms hit=0.916477 e2e=3834.378ms
[ok] openhands s448 turn8 ttft=2476.722ms hit=0.949404 e2e=3848.471ms
[ok] openhands s195 turn7 ttft=939.665ms hit=0.795423 e2e=2128.253ms
[ok] request s485 turn0 ttft=2106.628ms hit=0.0 e2e=3483.508ms
[ok] request s544 turn0 ttft=199.665ms hit=0.0 e2e=1262.458ms
[ok] openhands s512 turn8 ttft=2471.8ms hit=0.977351 e2e=3848.653ms
[ok] request s256 turn1 ttft=1882.084ms hit=0.0 e2e=3258.666ms
[ok] request s562 turn1 ttft=1881.394ms hit=0.439108 e2e=3257.693ms
[ok] request s564 turn0 ttft=1655.65ms hit=0.0 e2e=2850.28ms
[ok] request s551 turn0 ttft=1338.65ms hit=0.0 e2e=2532.962ms
[ok] request s450 turn0 ttft=1790.786ms hit=0.0 e2e=3167.185ms
[ok] openhands s66 turn3 ttft=2208.173ms hit=0.95794 e2e=3858.793ms
[ok] request s199 turn0 ttft=704.289ms hit=0.0 e2e=1898.858ms
[ok] request s534 turn0 ttft=504.539ms hit=0.0 e2e=1581.993ms
[ok] request s349 turn0 ttft=1021.962ms hit=0.0 e2e=2216.578ms
[ok] request s25 turn0 ttft=133.645ms hit=0.0 e2e=1288.22ms
[ok] request s161 turn0 ttft=286.86ms hit=0.0 e2e=4402.43ms
[ok] openhands s260 turn1 ttft=405.243ms hit=0.715043 e2e=4536.525ms
[ok] request s19 turn0 ttft=143.708ms hit=0.0 e2e=4159.897ms
[ok] request s311 turn1 ttft=136.655ms hit=0.0 e2e=4126.307ms
[ok] request s426 turn0 ttft=455.082ms hit=0.0 e2e=4271.787ms
[ok] openhands s512 turn9 ttft=490.507ms hit=0.97225 e2e=4284.458ms
[ok] request s472 turn0 ttft=2728.552ms hit=0.0 e2e=3344.728ms
[ok] openhands s66 turn4 ttft=665.923ms hit=0.909165 e2e=4279.351ms
[ok] openhands s448 turn9 ttft=501.627ms hit=0.970196 e2e=4300.683ms
[ok] openhands s195 turn8 ttft=676.319ms hit=0.985191 e2e=4294.803ms
[ok] openhands s194 turn0 ttft=3208.719ms hit=0.0 e2e=3984.966ms
[ok] request s551 turn1 ttft=3087.558ms hit=0.0 e2e=3707.91ms
[ok] request s266 turn0 ttft=3047.469ms hit=0.0 e2e=3667.567ms
[ok] request s199 turn1 ttft=2928.172ms hit=0.0 e2e=3706.794ms
[ok] request s562 turn2 ttft=2931.679ms hit=0.0 e2e=3709.954ms
[ok] openhands s449 turn8 ttft=483.143ms hit=0.978996 e2e=4308.427ms
[ok] request s544 turn1 ttft=2933.648ms hit=0.0 e2e=3711.947ms
[ok] request s479 turn0 ttft=2414.755ms hit=0.0 e2e=3035.192ms
[ok] request s36 turn0 ttft=2098.146ms hit=0.0 e2e=2717.89ms
[ok] request s25 turn1 ttft=2749.156ms hit=0.0 e2e=3368.728ms
[ok] request s488 turn0 ttft=203.654ms hit=0.0 e2e=816.811ms
[ok] request s53 turn0 ttft=1776.802ms hit=0.0 e2e=2404.797ms
[ok] request s284 turn0 ttft=507.569ms hit=0.0 e2e=1135.435ms
[ok] request s39 turn0 ttft=1143.09ms hit=0.0 e2e=1770.755ms
[ok] request s374 turn0 ttft=1461.522ms hit=0.0 e2e=2088.089ms
[ok] request s442 turn0 ttft=827.516ms hit=0.0 e2e=1453.444ms
[ok] request s73 turn0 ttft=155.874ms hit=0.0 e2e=1014.237ms
[ok] openhands s260 turn2 ttft=194.366ms hit=0.986233 e2e=1053.072ms
[ok] request s34 turn0 ttft=136.368ms hit=0.0 e2e=1550.083ms
[ok] openhands s448 turn10 ttft=510.452ms hit=0.970425 e2e=2243.259ms
[ok] openhands s194 turn1 ttft=565.467ms hit=0.99717 e2e=2238.916ms
[ok] openhands s512 turn10 ttft=704.17ms hit=0.936882 e2e=2129.341ms
[ok] request s562 turn3 ttft=397.514ms hit=0.656691 e2e=1656.839ms
[ok] openhands s195 turn9 ttft=673.445ms hit=0.984426 e2e=2226.172ms
[ok] request s5 turn0 ttft=693.628ms hit=0.0 e2e=2122.492ms
[ok] request s515 turn0 ttft=375.579ms hit=0.0 e2e=1805.249ms
[ok] openhands s260 turn3 ttft=472.785ms hit=0.922547 e2e=1737.178ms
[ok] request s39 turn1 ttft=392.409ms hit=0.0 e2e=1656.268ms
[ok] request s544 turn2 ttft=397.573ms hit=0.0 e2e=1661.235ms
[ok] request s488 turn1 ttft=395.023ms hit=0.0 e2e=1658.467ms
[ok] request s36 turn1 ttft=397.117ms hit=0.0 e2e=1660.376ms
[ok] openhands s66 turn5 ttft=514.433ms hit=0.980316 e2e=2257.885ms
[ok] openhands s449 turn9 ttft=776.35ms hit=0.989757 e2e=2208.825ms
[ok] request s394 turn0 ttft=227.633ms hit=0.0 e2e=1490.285ms
[ok] request s10 turn0 ttft=220.162ms hit=0.0 e2e=1114.269ms
[ok] openhands s513 turn0 ttft=734.951ms hit=0.0 e2e=1749.941ms
[ok] request s351 turn0 ttft=529.863ms hit=0.0 e2e=1432.658ms
[ok] request s328 turn0 ttft=129.624ms hit=0.0 e2e=1182.43ms
[ok] openhands s260 turn4 ttft=548.23ms hit=0.905718 e2e=1558.581ms
[ok] openhands s512 turn11 ttft=545.179ms hit=0.914804 e2e=1555.99ms
[ok] openhands s449 turn10 ttft=831.118ms hit=0.990003 e2e=1522.213ms
[ok] request s412 turn0 ttft=813.416ms hit=0.0 e2e=1499.511ms
[ok] openhands s195 turn10 ttft=743.217ms hit=0.832771 e2e=1573.364ms
[ok] request s235 turn0 ttft=496.962ms hit=0.0 e2e=1182.527ms
[ok] openhands s513 turn1 ttft=331.376ms hit=0.988337 e2e=1017.773ms
[ok] openhands s194 turn2 ttft=897.028ms hit=0.989462 e2e=1589.051ms
[ok] request s394 turn1 ttft=311.784ms hit=0.0 e2e=997.806ms
[ok] request s147 turn0 ttft=180.771ms hit=0.0 e2e=866.638ms
[ok] request s515 turn1 ttft=314.288ms hit=0.336842 e2e=999.979ms
[ok] request s5 turn1 ttft=316.179ms hit=0.0 e2e=1001.699ms
[ok] openhands s448 turn11 ttft=576.51ms hit=0.972536 e2e=1597.818ms
[ok] openhands s66 turn6 ttft=863.258ms hit=0.984093 e2e=1558.475ms
[ok] request s497 turn0 ttft=135.763ms hit=0.0 e2e=1190.495ms
[ok] request s351 turn1 ttft=136.668ms hit=0.0 e2e=1063.173ms
[ok] request s438 turn0 ttft=134.918ms hit=0.0 e2e=1262.273ms
[ok] openhands s448 turn12 ttft=604.31ms hit=0.9766 e2e=3454.526ms
[ok] openhands s513 turn2 ttft=623.448ms hit=0.957009 e2e=3473.971ms
[ok] openhands s194 turn3 ttft=948.521ms hit=0.973234 e2e=3476.432ms
[ok] request s373 turn0 ttft=887.127ms hit=0.0 e2e=3415.888ms
[ok] openhands s195 turn11 ttft=713.013ms hit=0.878356 e2e=3488.961ms
[ok] openhands s66 turn7 ttft=736.376ms hit=0.984038 e2e=3263.88ms
[ok] request s537 turn0 ttft=571.146ms hit=0.0 e2e=3099.377ms
[ok] openhands s512 turn12 ttft=676.327ms hit=0.93827 e2e=3453.425ms
[ok] request s515 turn2 ttft=373.653ms hit=0.422442 e2e=2901.232ms
[ok] request s372 turn0 ttft=255.304ms hit=0.0 e2e=2782.606ms
[ok] request s394 turn2 ttft=376.051ms hit=0.683578 e2e=2903.093ms
[ok] request s412 turn1 ttft=378.113ms hit=0.0 e2e=2904.855ms
[ok] openhands s260 turn5 ttft=640.958ms hit=0.930784 e2e=3501.51ms
[ok] openhands s449 turn11 ttft=861.263ms hit=0.986792 e2e=3497.871ms
[ok] request s202 turn0 ttft=140.982ms hit=0.0 e2e=3159.997ms
[ok] request s316 turn0 ttft=1969.825ms hit=0.0 e2e=2855.23ms
[ok] request s139 turn0 ttft=1651.771ms hit=0.0 e2e=2540.427ms
[ok] request s351 turn2 ttft=2067.007ms hit=0.0 e2e=2971.296ms
[ok] request s112 turn0 ttft=1335.344ms hit=0.0 e2e=2223.441ms
[ok] request s394 turn3 ttft=516.203ms hit=0.0 e2e=1151.542ms
[ok] openhands s260 turn6 ttft=676.265ms hit=0.839566 e2e=1734.405ms
[ok] openhands s195 turn12 ttft=798.479ms hit=0.960207 e2e=1742.03ms
[ok] openhands s66 turn8 ttft=997.941ms hit=0.970371 e2e=1729.245ms
[ok] openhands s449 turn12 ttft=1022.501ms hit=0.95778 e2e=1673.088ms
[ok] openhands s512 turn13 ttft=782.221ms hit=0.971969 e2e=1725.337ms
[ok] request s515 turn3 ttft=517.59ms hit=0.649746 e2e=1167.946ms
[ok] openhands s513 turn3 ttft=817.943ms hit=0.809922 e2e=1762.067ms
[ok] openhands s448 turn13 ttft=708.114ms hit=0.956382 e2e=1770.032ms
[ok] openhands s194 turn4 ttft=1025.842ms hit=0.989247 e2e=1757.959ms
[ok] request s537 turn1 ttft=519.849ms hit=0.0 e2e=1170.57ms
[ok] request s372 turn1 ttft=517.808ms hit=0.0 e2e=1167.566ms
[ok] openhands s449 turn13 ttft=637.483ms hit=0.982528 e2e=1345.064ms
[ok] openhands s513 turn4 ttft=712.461ms hit=0.978875 e2e=1304.324ms
[ok] openhands s194 turn5 ttft=1018.465ms hit=0.989601 e2e=1332.317ms
[ok] request s394 turn4 ttft=451.611ms hit=0.0 e2e=766.344ms
[ok] openhands s448 turn14 ttft=726.719ms hit=0.912369 e2e=1321.417ms
[ok] request s515 turn4 ttft=438.87ms hit=0.0 e2e=756.185ms
[ok] openhands s512 turn14 ttft=748.273ms hit=0.988894 e2e=1344.14ms
[ok] request s316 turn1 ttft=1103.962ms hit=0.0 e2e=1819.958ms
[ok] request s351 turn3 ttft=1101.645ms hit=0.0 e2e=1817.304ms
[ok] openhands s66 turn9 ttft=643.238ms hit=0.971507 e2e=1357.583ms
[ok] openhands s260 turn7 ttft=942.579ms hit=0.850745 e2e=1315.237ms
[ok] request s112 turn1 ttft=1100.49ms hit=0.0 e2e=1816.495ms
[ok] openhands s512 turn15 ttft=970.724ms hit=0.99543 e2e=1191.646ms
[ok] openhands s66 turn10 ttft=963.173ms hit=0.86718 e2e=1184.814ms
[ok] openhands s449 turn14 ttft=648.986ms hit=0.993177 e2e=1225.933ms
[ok] request s394 turn5 ttft=278.078ms hit=0.763609 e2e=658.994ms
[ok] openhands s513 turn5 ttft=824.726ms hit=0.948658 e2e=1205.349ms
[ok] openhands s194 turn6 ttft=657.326ms hit=0.988714 e2e=1246.958ms
[ok] request s515 turn5 ttft=276.734ms hit=0.793388 e2e=656.811ms
[ok] request s316 turn2 ttft=273.733ms hit=0.503937 e2e=654.646ms
[ok] openhands s260 turn8 ttft=750.946ms hit=0.993043 e2e=1211.64ms
[ok] request s112 turn2 ttft=271.505ms hit=0.265285 e2e=651.909ms
[ok] request s351 turn4 ttft=273.876ms hit=0.704957 e2e=654.057ms
[ok] openhands s448 turn15 ttft=853.748ms hit=0.985461 e2e=1233.682ms
[ok] openhands s66 turn11 ttft=2887.028ms hit=0.980684 e2e=3332.605ms
[ok] openhands s194 turn7 ttft=2926.203ms hit=0.881391 e2e=3227.702ms
[ok] request s515 turn6 ttft=2409.033ms hit=0.719775 e2e=2714.147ms
[ok] openhands s260 turn9 ttft=2865.875ms hit=0.938468 e2e=3313.349ms
[ok] request s316 turn3 ttft=2407.163ms hit=0.606923 e2e=2711.656ms
[ok] openhands s448 turn16 ttft=2859.504ms hit=0.996697 e2e=3308.003ms
[ok] openhands s512 turn16 ttft=2320.545ms hit=0.990349 e2e=3345.099ms
[ok] openhands s513 turn6 ttft=2850.171ms hit=0.924085 e2e=3299.717ms
[ok] openhands s449 turn15 ttft=2514.266ms hit=0.988865 e2e=3346.051ms
[ok] openhands s260 turn10 ttft=804.224ms hit=0.818811 e2e=1308.049ms
[ok] openhands s448 turn17 ttft=937.708ms hit=0.976393 e2e=1302.933ms
[ok] request s515 turn7 ttft=448.085ms hit=0.0 e2e=725.869ms
[ok] openhands s513 turn7 ttft=930.052ms hit=0.947998 e2e=1296.478ms
[ok] openhands s66 turn12 ttft=837.512ms hit=0.961252 e2e=1204.723ms
[ok] openhands s194 turn8 ttft=621.24ms hit=0.971612 e2e=1328.104ms
[ok] request s316 turn4 ttft=445.357ms hit=0.0 e2e=725.478ms
[ok] openhands s260 turn11 ttft=2557.241ms hit=0.995439 e2e=2689.865ms
[ok] openhands s194 turn9 ttft=2344.49ms hit=0.989898 e2e=2807.091ms
[ok] openhands s513 turn8 ttft=2448.961ms hit=0.956201 e2e=2785.434ms
[ok] openhands s66 turn13 ttft=2465.891ms hit=0.980492 e2e=2792.872ms
[ok] openhands s448 turn18 ttft=2455.456ms hit=0.969697 e2e=2782.03ms
[ok] openhands s260 turn12 ttft=541.112ms hit=0.914956 e2e=1036.411ms
[ok] openhands s194 turn10 ttft=471.921ms hit=0.98848 e2e=1036.92ms
[ok] openhands s448 turn19 ttft=579.009ms hit=0.96909 e2e=1021.13ms
[ok] openhands s66 turn14 ttft=552.267ms hit=0.954334 e2e=913.936ms
[ok] openhands s513 turn9 ttft=651.681ms hit=0.854495 e2e=1012.952ms
[ok] openhands s260 turn13 ttft=556.918ms hit=0.993857 e2e=904.064ms
[ok] openhands s194 turn11 ttft=471.796ms hit=0.990901 e2e=999.266ms
[ok] openhands s66 turn15 ttft=589.657ms hit=0.981366 e2e=984.164ms
[ok] openhands s448 turn20 ttft=610.907ms hit=0.93027 e2e=973.11ms
[ok] openhands s513 turn10 ttft=583.976ms hit=0.985132 e2e=978.336ms
[ok] openhands s260 turn14 ttft=801.309ms hit=0.993893 e2e=950.825ms
[ok] openhands s194 turn12 ttft=466.399ms hit=0.988589 e2e=1016.632ms
[ok] openhands s513 turn11 ttft=600.142ms hit=0.923027 e2e=1000.138ms
[ok] openhands s448 turn21 ttft=631.146ms hit=0.962974 e2e=980.86ms
[ok] openhands s66 turn16 ttft=646.779ms hit=0.91707 e2e=996.167ms
[ok] openhands s260 turn15 ttft=593.333ms hit=0.994894 e2e=947.015ms
[ok] openhands s194 turn13 ttft=520.272ms hit=0.99172 e2e=936.622ms
[ok] openhands s66 turn17 ttft=640.463ms hit=0.986709 e2e=920.729ms
[ok] openhands s448 turn22 ttft=535.701ms hit=0.975215 e2e=799.108ms
[ok] openhands s513 turn12 ttft=650.934ms hit=0.991168 e2e=913.959ms
[ok] openhands s260 turn16 ttft=586.47ms hit=0.981018 e2e=1178.471ms
[ok] openhands s194 turn14 ttft=482.694ms hit=0.980974 e2e=1303.986ms
[ok] openhands s66 turn18 ttft=638.95ms hit=0.992904 e2e=1286.696ms
[ok] openhands s133 turn0 ttft=645.193ms hit=0.0 e2e=1163.611ms
[ok] request s126 turn0 ttft=128.148ms hit=0.0 e2e=527.246ms
[ok] openhands s513 turn13 ttft=632.233ms hit=0.957084 e2e=1279.871ms
[ok] openhands s448 turn23 ttft=446.743ms hit=0.975605 e2e=965.11ms
[ok] request s433 turn0 ttft=327.056ms hit=0.0 e2e=846.719ms
[ok] request s441 turn0 ttft=204.273ms hit=0.0 e2e=1248.865ms
[ok] openhands s260 turn17 ttft=1099.018ms hit=0.995047 e2e=1359.259ms
[ok] openhands s194 turn15 ttft=559.622ms hit=0.98164 e2e=1493.029ms
[ok] openhands s133 turn1 ttft=565.935ms hit=0.954545 e2e=1476.28ms
[ok] request s126 turn1 ttft=343.468ms hit=0.0 e2e=894.916ms
[ok] openhands s513 turn14 ttft=565.443ms hit=0.944406 e2e=1477.833ms
[ok] request s237 turn0 ttft=285.142ms hit=0.0 e2e=1076.324ms
[ok] request s306 turn0 ttft=479.981ms hit=0.0 e2e=1393.359ms
[ok] request s127 turn0 ttft=215.567ms hit=0.0 e2e=758.429ms
[ok] openhands s448 turn24 ttft=387.395ms hit=0.972693 e2e=1055.666ms
[ok] request s433 turn1 ttft=342.424ms hit=0.0 e2e=897.295ms
[ok] request s317 turn0 ttft=130.366ms hit=0.0 e2e=871.283ms
[ok] request s155 turn0 ttft=551.491ms hit=0.0 e2e=554.661ms
[ok] openhands s260 turn18 ttft=694.67ms hit=0.984399 e2e=1697.333ms
[ok] request s126 turn2 ttft=516.781ms hit=0.428094 e2e=1498.241ms
[ok] request s217 turn0 ttft=396.443ms hit=0.0 e2e=1244.837ms
[ok] request s128 turn0 ttft=207.098ms hit=0.0 e2e=927.014ms
[ok] request s47 turn0 ttft=145.232ms hit=0.0 e2e=609.676ms
[ok] request s306 turn1 ttft=421.151ms hit=0.0 e2e=1154.238ms
[ok] openhands s194 turn16 ttft=475.062ms hit=0.998211 e2e=1759.855ms
[ok] openhands s448 turn25 ttft=576.602ms hit=0.993698 e2e=1739.78ms
[ok] request s237 turn1 ttft=421.229ms hit=0.0 e2e=1160.246ms
[ok] openhands s513 turn15 ttft=742.521ms hit=0.960137 e2e=1728.652ms
[ok] request s313 turn0 ttft=581.882ms hit=0.0 e2e=1567.694ms
[ok] request s317 turn1 ttft=248.984ms hit=0.0 e2e=731.468ms
[ok] openhands s133 turn2 ttft=755.904ms hit=0.714902 e2e=1743.251ms
[ok] request s127 turn1 ttft=419.674ms hit=0.0 e2e=1159.281ms
[ok] request s433 turn2 ttft=417.687ms hit=0.0 e2e=1158.638ms
[ok] request s126 turn3 ttft=318.931ms hit=0.0 e2e=995.523ms
[ok] request s241 turn0 ttft=129.981ms hit=0.0 e2e=1919.409ms
[ok] openhands s513 turn16 ttft=385.654ms hit=0.968385 e2e=1903.378ms
[ok] request s165 turn0 ttft=379.188ms hit=0.0 e2e=1897.827ms
[ok] openhands s448 turn26 ttft=419.24ms hit=0.91419 e2e=1881.685ms
[ok] openhands s133 turn3 ttft=397.025ms hit=0.909737 e2e=1917.308ms
[ok] openhands s260 turn19 ttft=542.382ms hit=0.993314 e2e=2064.511ms
[ok] request s476 turn0 ttft=272.516ms hit=0.0 e2e=1609.791ms
[ok] openhands s194 turn17 ttft=514.15ms hit=0.981752 e2e=1852.348ms
[ok] request s47 turn1 ttft=316.515ms hit=0.0 e2e=1353.492ms
[ok] request s24 turn0 ttft=522.393ms hit=0.0 e2e=978.958ms
[ok] request s127 turn2 ttft=313.929ms hit=0.0 e2e=1350.277ms
[ok] request s405 turn0 ttft=216.778ms hit=0.0 e2e=661.873ms
[ok] openhands s324 turn0 ttft=724.874ms hit=0.0 e2e=1297.172ms
[ok] request s506 turn0 ttft=139.896ms hit=0.0 e2e=909.283ms
[ok] request s553 turn0 ttft=582.741ms hit=0.0 e2e=1436.355ms
[ok] openhands s133 turn4 ttft=582.435ms hit=0.81961 e2e=1436.94ms
[ok] openhands s194 turn18 ttft=778.775ms hit=0.995818 e2e=1341.115ms
[ok] openhands s513 turn17 ttft=579.977ms hit=0.954651 e2e=1438.955ms
[ok] openhands s448 turn27 ttft=817.787ms hit=0.933869 e2e=1402.795ms
[ok] openhands s324 turn1 ttft=648.993ms hit=0.963689 e2e=1421.885ms
[ok] request s369 turn0 ttft=570.223ms hit=0.0 e2e=1135.03ms
[ok] request s405 turn1 ttft=258.73ms hit=0.0 e2e=826.252ms
[ok] request s126 turn4 ttft=619.364ms hit=0.817021 e2e=1186.593ms
[ok] request s165 turn1 ttft=293.795ms hit=0.0 e2e=860.226ms
[ok] openhands s260 turn20 ttft=594.236ms hit=0.989576 e2e=1456.534ms
[ok] request s70 turn0 ttft=253.257ms hit=0.0 e2e=819.699ms
[ok] request s241 turn1 ttft=589.194ms hit=0.0 e2e=1156.842ms
[ok] request s299 turn0 ttft=135.548ms hit=0.0 e2e=1165.848ms
[ok] request s84 turn0 ttft=137.082ms hit=0.0 e2e=1204.026ms
[ok] openhands s324 turn2 ttft=652.401ms hit=0.858884 e2e=1397.989ms
[ok] openhands s133 turn5 ttft=631.726ms hit=0.926675 e2e=1378.035ms
[ok] request s261 turn0 ttft=501.421ms hit=0.0 e2e=963.625ms
[ok] openhands s260 turn21 ttft=650.512ms hit=0.979836 e2e=1401.081ms
[ok] openhands s194 turn19 ttft=874.235ms hit=0.991937 e2e=1340.505ms
[ok] openhands s513 turn18 ttft=772.332ms hit=0.964824 e2e=1392.121ms
[ok] request s126 turn5 ttft=350.29ms hit=0.532225 e2e=816.462ms
[ok] request s165 turn2 ttft=348.75ms hit=0.396899 e2e=814.562ms
[ok] request s369 turn1 ttft=354.07ms hit=0.0 e2e=819.54ms
[ok] request s183 turn0 ttft=666.703ms hit=0.0 e2e=1287.953ms
[ok] openhands s448 turn28 ttft=665.038ms hit=0.972848 e2e=1418.809ms
[ok] request s65 turn0 ttft=199.313ms hit=0.0 e2e=653.168ms
[ok] request s405 turn2 ttft=353.297ms hit=0.471889 e2e=819.189ms
[ok] request s142 turn0 ttft=130.616ms hit=0.0 e2e=2124.681ms
[ok] openhands s133 turn6 ttft=601.494ms hit=0.942414 e2e=2078.457ms
[ok] openhands s260 turn22 ttft=643.149ms hit=0.987412 e2e=2122.036ms
[ok] openhands s513 turn19 ttft=597.781ms hit=0.963154 e2e=2075.788ms
[ok] openhands s448 turn29 ttft=615.509ms hit=0.988789 e2e=2096.545ms
[ok] openhands s324 turn3 ttft=646.092ms hit=0.955412 e2e=2129.535ms
[ok] request s17 turn0 ttft=664.35ms hit=0.0 e2e=2148.557ms
[ok] request s341 turn0 ttft=504.7ms hit=0.0 e2e=898.646ms
[ok] request s126 turn6 ttft=317.462ms hit=0.6639 e2e=1564.42ms
[ok] openhands s194 turn20 ttft=854.903ms hit=0.9946 e2e=2150.539ms
[ok] request s405 turn3 ttft=313.843ms hit=0.637609 e2e=1558.285ms
[ok] request s165 turn3 ttft=315.378ms hit=0.524053 e2e=1562.562ms
[ok] request s369 turn2 ttft=314.226ms hit=0.340879 e2e=1561.076ms
[ok] request s267 turn0 ttft=618.2ms hit=0.0 e2e=1864.283ms
[ok] request s379 turn0 ttft=302.952ms hit=0.0 e2e=1548.796ms
[ok] request s65 turn1 ttft=313.48ms hit=0.520678 e2e=1560.562ms
[ok] openhands s259 turn0 ttft=697.347ms hit=0.0 e2e=1877.877ms
[ok] request s381 turn0 ttft=193.459ms hit=0.0 e2e=1243.862ms
[ok] request s105 turn0 ttft=977.781ms hit=0.0 e2e=1824.757ms
[ok] request s245 turn0 ttft=139.123ms hit=0.0 e2e=2462.62ms
[ok] request s341 turn1 ttft=750.61ms hit=0.0 e2e=2010.187ms
[ok] openhands s324 turn4 ttft=1027.221ms hit=0.604063 e2e=2786.757ms
[ok] openhands s133 turn7 ttft=1023.939ms hit=0.886929 e2e=2784.63ms
[ok] openhands s513 turn20 ttft=1040.94ms hit=0.964669 e2e=2801.277ms
[ok] request s55 turn0 ttft=979.918ms hit=0.0 e2e=2739.955ms
[ok] request s117 turn0 ttft=1387.957ms hit=0.0 e2e=2109.846ms
[ok] request s65 turn2 ttft=1036.528ms hit=0.0 e2e=2177.581ms
[ok] openhands s194 turn21 ttft=1332.839ms hit=0.980063 e2e=2782.141ms
[ok] request s405 turn4 ttft=1042.06ms hit=0.0 e2e=2182.565ms
[ok] openhands s448 turn30 ttft=929.202ms hit=0.974064 e2e=2377.942ms
[ok] request s142 turn1 ttft=1111.529ms hit=0.0 e2e=2560.01ms
[ok] openhands s260 turn23 ttft=682.343ms hit=0.974915 e2e=2818.249ms
[ok] request s369 turn3 ttft=1039.529ms hit=0.0 e2e=2181.548ms
[ok] request s267 turn1 ttft=1036.91ms hit=0.0 e2e=2180.262ms
[ok] openhands s259 turn1 ttft=1414.122ms hit=0.0 e2e=2136.586ms
[ok] request s356 turn0 ttft=1072.845ms hit=0.0 e2e=1795.05ms
[ok] request s126 turn7 ttft=736.478ms hit=0.0 e2e=2187.59ms
[ok] request s454 turn0 ttft=244.39ms hit=0.0 e2e=845.65ms
[ok] request s321 turn0 ttft=753.947ms hit=0.0 e2e=1480.35ms
[ok] request s240 turn0 ttft=438.195ms hit=0.0 e2e=1163.29ms
[ok] request s72 turn0 ttft=134.135ms hit=0.0 e2e=584.992ms
[ok] request s134 turn0 ttft=140.57ms hit=0.0 e2e=1321.833ms
[ok] request s341 turn2 ttft=680.845ms hit=0.0 e2e=1585.693ms
[ok] openhands s513 turn21 ttft=717.364ms hit=0.992218 e2e=2227.769ms
[ok] openhands s448 turn31 ttft=703.829ms hit=0.949359 e2e=2216.706ms
[ok] openhands s259 turn2 ttft=875.8ms hit=0.969938 e2e=2222.786ms
[ok] request s105 turn1 ttft=751.61ms hit=0.0 e2e=2264.398ms
[ok] openhands s194 turn22 ttft=1034.622ms hit=0.98705 e2e=2262.338ms
[ok] request s142 turn2 ttft=446.508ms hit=0.499025 e2e=1675.102ms
[ok] request s405 turn5 ttft=449.856ms hit=0.782875 e2e=1677.535ms
[ok] openhands s260 turn24 ttft=753.668ms hit=0.990105 e2e=2247.876ms
[ok] request s164 turn0 ttft=623.403ms hit=0.0 e2e=1856.291ms
[ok] request s291 turn0 ttft=819.896ms hit=0.0 e2e=2174.253ms
[ok] openhands s133 turn8 ttft=780.833ms hit=0.952685 e2e=2276.358ms
[ok] openhands s324 turn5 ttft=759.551ms hit=0.98712 e2e=2281.121ms
[ok] request s65 turn3 ttft=453.067ms hit=0.833488 e2e=1685.957ms
[ok] request s267 turn2 ttft=448.191ms hit=0.274678 e2e=1680.899ms
[ok] request s321 turn1 ttft=447.367ms hit=0.0 e2e=1679.889ms
[ok] request s55 turn1 ttft=799.758ms hit=0.0 e2e=2031.604ms
[ok] request s439 turn0 ttft=308.498ms hit=0.0 e2e=1541.12ms
[ok] request s504 turn0 ttft=482.995ms hit=0.0 e2e=957.029ms
[ok] request s303 turn0 ttft=177.045ms hit=0.0 e2e=639.846ms
[ok] openhands s130 turn0 ttft=686.232ms hit=0.0 e2e=1277.282ms
[ok] request s232 turn0 ttft=133.848ms hit=0.0 e2e=838.378ms
[ok] request s549 turn0 ttft=515.9ms hit=0.0 e2e=1092.263ms
[ok] openhands s513 turn22 ttft=529.973ms hit=0.974068 e2e=1481.198ms
[ok] openhands s130 turn1 ttft=874.438ms hit=0.986671 e2e=1464.955ms
[ok] openhands s324 turn6 ttft=732.642ms hit=0.849692 e2e=1501.226ms
[ok] openhands s259 turn3 ttft=846.179ms hit=0.970408 e2e=1479.917ms
[ok] request s81 turn0 ttft=250.184ms hit=0.0 e2e=846.848ms
[ok] request s267 turn3 ttft=331.906ms hit=0.637874 e2e=928.252ms
[ok] openhands s260 turn25 ttft=877.914ms hit=0.98961 e2e=1512.912ms
[ok] request s105 turn2 ttft=342.386ms hit=0.0 e2e=935.819ms
[ok] request s405 turn6 ttft=337.957ms hit=0.83442 e2e=934.55ms
[ok] request s319 turn0 ttft=568.224ms hit=0.0 e2e=1164.59ms
[ok] openhands s133 turn9 ttft=861.855ms hit=0.978931 e2e=1498.454ms
[ok] openhands s448 turn32 ttft=567.192ms hit=0.9918 e2e=1528.354ms
[ok] request s164 turn1 ttft=335.15ms hit=0.424544 e2e=931.401ms
[ok] request s321 turn2 ttft=332.547ms hit=0.0 e2e=928.615ms
[ok] request s439 turn1 ttft=331.552ms hit=0.3819 e2e=927.451ms
[ok] request s55 turn2 ttft=512.085ms hit=0.0 e2e=1109.736ms
[ok] request s561 turn0 ttft=135.075ms hit=0.0 e2e=588.985ms
[ok] request s21 turn0 ttft=136.549ms hit=0.0 e2e=1904.919ms
[ok] request s439 turn2 ttft=834.718ms hit=0.620499 e2e=1497.228ms
[ok] request s164 turn2 ttft=847.249ms hit=0.0 e2e=1284.703ms
[ok] request s508 turn0 ttft=715.141ms hit=0.0 e2e=1151.57ms
[ok] openhands s133 turn10 ttft=629.695ms hit=0.979904 e2e=2132.595ms
[ok] openhands s324 turn7 ttft=1211.507ms hit=0.87747 e2e=2150.146ms
[ok] openhands s448 turn33 ttft=625.049ms hit=0.983467 e2e=2128.269ms
[ok] openhands s513 turn23 ttft=678.777ms hit=0.967328 e2e=2119.178ms
[ok] request s249 turn0 ttft=206.627ms hit=0.0 e2e=787.154ms
[ok] request s456 turn0 ttft=512.487ms hit=0.0 e2e=1104.878ms
[ok] openhands s259 turn4 ttft=598.895ms hit=0.987702 e2e=2108.729ms
[ok] request s137 turn0 ttft=1031.636ms hit=0.0 e2e=1740.325ms
[ok] request s120 turn0 ttft=1111.579ms hit=0.0 e2e=2057.623ms
[ok] openhands s260 turn26 ttft=896.795ms hit=0.993538 e2e=2151.963ms
[ok] openhands s130 turn2 ttft=648.183ms hit=0.955075 e2e=2160.229ms
[ok] request s267 turn4 ttft=853.779ms hit=0.0 e2e=1563.065ms
[ok] request s405 turn7 ttft=852.032ms hit=0.0 e2e=1561.125ms
[ok] request s55 turn3 ttft=915.629ms hit=0.566372 e2e=1861.535ms
[ok] request s499 turn0 ttft=138.678ms hit=0.0 e2e=1110.018ms
[ok] request s367 turn0 ttft=155.355ms hit=0.0 e2e=1375.893ms
[ok] openhands s260 turn27 ttft=851.368ms hit=0.996573 e2e=1302.065ms
[ok] openhands s513 turn24 ttft=612.017ms hit=0.992641 e2e=1471.312ms
[ok] openhands s130 turn3 ttft=686.072ms hit=0.894292 e2e=1457.489ms
[ok] openhands s259 turn5 ttft=600.957ms hit=0.977332 e2e=1464.919ms
[ok] openhands s448 turn34 ttft=715.113ms hit=0.977083 e2e=1491.231ms
[ok] request s249 turn1 ttft=451.228ms hit=0.0 e2e=904.42ms
[ok] request s456 turn1 ttft=447.784ms hit=0.0 e2e=903.22ms
[ok] request s439 turn3 ttft=733.152ms hit=0.730101 e2e=1188.381ms
[ok] openhands s324 turn8 ttft=932.743ms hit=0.891559 e2e=1498.233ms
[ok] openhands s133 turn11 ttft=638.347ms hit=0.982904 e2e=1504.553ms
[ok] request s267 turn5 ttft=448.249ms hit=0.794723 e2e=903.35ms
[ok] request s508 turn1 ttft=721.133ms hit=0.0 e2e=1177.014ms
[ok] request s499 turn1 ttft=143.336ms hit=0.0 e2e=912.654ms
[ok] openhands s324 turn9 ttft=727.116ms hit=0.909271 e2e=1178.002ms
[ok] openhands s448 turn35 ttft=860.638ms hit=0.991486 e2e=1172.912ms
[ok] request s249 turn2 ttft=294.039ms hit=0.0 e2e=599.202ms
[ok] openhands s259 turn6 ttft=871.961ms hit=0.975553 e2e=1186.396ms
[ok] openhands s130 turn4 ttft=830.958ms hit=0.974934 e2e=1145.13ms
[ok] openhands s133 turn12 ttft=846.385ms hit=0.980426 e2e=1161.92ms
[ok] request s456 turn2 ttft=291.713ms hit=0.0 e2e=598.532ms
[ok] openhands s513 turn25 ttft=850.386ms hit=0.990412 e2e=1156.473ms
[ok] openhands s260 turn28 ttft=627.053ms hit=0.910087 e2e=1200.347ms
[ok] openhands s133 turn13 ttft=569.964ms hit=0.941869 e2e=1052.886ms
[ok] request s499 turn2 ttft=550.948ms hit=0.0 e2e=1035.303ms
[ok] request s456 turn3 ttft=354.95ms hit=0.0 e2e=626.225ms
[ok] openhands s259 turn7 ttft=575.434ms hit=0.976647 e2e=1059.821ms
[ok] openhands s130 turn5 ttft=775.265ms hit=0.973582 e2e=1063.655ms
[ok] openhands s260 turn29 ttft=627.719ms hit=0.991937 e2e=1050.817ms
[ok] openhands s448 turn36 ttft=371.206ms hit=0.974004 e2e=644.26ms
[ok] openhands s324 turn10 ttft=423.658ms hit=0.957309 e2e=1072.499ms
[ok] openhands s324 turn11 ttft=476.99ms hit=0.926597 e2e=1021.147ms
[ok] openhands s259 turn8 ttft=614.526ms hit=0.982135 e2e=1026.227ms
[ok] openhands s133 turn14 ttft=600.975ms hit=0.932839 e2e=1014.481ms
[ok] request s456 turn4 ttft=412.779ms hit=0.0 e2e=694.417ms
[ok] openhands s260 turn30 ttft=552.516ms hit=0.993654 e2e=835.066ms
[ok] request s499 turn3 ttft=162.79ms hit=0.0 e2e=435.624ms
[ok] openhands s130 turn6 ttft=388.837ms hit=0.973254 e2e=1033.828ms
[ok] openhands s130 turn7 ttft=507.951ms hit=0.936605 e2e=1046.605ms
[ok] openhands s260 turn31 ttft=524.521ms hit=0.996511 e2e=1042.879ms
[ok] openhands s259 turn9 ttft=534.175ms hit=0.951829 e2e=1053.373ms
[ok] openhands s324 turn12 ttft=395.624ms hit=0.992758 e2e=1061.222ms
[ok] request s499 turn4 ttft=258.164ms hit=0.4096 e2e=699.414ms
[ok] openhands s133 turn15 ttft=251.927ms hit=0.936567 e2e=675.468ms
[ok] openhands s130 turn8 ttft=643.046ms hit=0.990947 e2e=900.648ms
[ok] openhands s324 turn13 ttft=508.87ms hit=0.904769 e2e=940.876ms
[ok] openhands s133 turn16 ttft=452.885ms hit=0.978967 e2e=701.337ms
[ok] openhands s259 turn10 ttft=671.006ms hit=0.833456 e2e=930.541ms
[ok] openhands s259 turn11 ttft=464.599ms hit=0.892132 e2e=1305.793ms
[ok] openhands s324 turn14 ttft=764.233ms hit=0.899789 e2e=1314.252ms
[ok] openhands s448 turn37 ttft=754.568ms hit=0.908543 e2e=1043.856ms
[ok] openhands s133 turn17 ttft=443.87ms hit=0.98343 e2e=717.847ms
[ok] openhands s130 turn9 ttft=438.939ms hit=0.976318 e2e=1320.954ms
[ok] openhands s259 turn12 ttft=461.794ms hit=0.9702 e2e=886.544ms
[ok] openhands s324 turn15 ttft=474.802ms hit=0.988833 e2e=965.825ms
[ok] openhands s130 turn10 ttft=602.074ms hit=0.976567 e2e=959.298ms
[ok] openhands s133 turn18 ttft=342.564ms hit=0.963205 e2e=686.745ms
[ok] openhands s448 turn38 ttft=610.993ms hit=0.995505 e2e=954.761ms
[ok] openhands s259 turn13 ttft=468.641ms hit=0.984693 e2e=843.686ms
[ok] openhands s324 turn16 ttft=399.167ms hit=0.989128 e2e=810.923ms
[ok] openhands s130 turn11 ttft=525.563ms hit=0.986097 e2e=802.521ms
[ok] openhands s133 turn19 ttft=530.127ms hit=0.962251 e2e=798.296ms
[ok] openhands s448 turn39 ttft=521.495ms hit=0.982926 e2e=789.302ms
[ok] openhands s324 turn17 ttft=293.998ms hit=0.990813 e2e=665.082ms
[ok] openhands s448 turn40 ttft=413.336ms hit=0.983966 e2e=663.24ms
[ok] openhands s133 turn20 ttft=543.644ms hit=0.981522 e2e=681.881ms
[ok] openhands s324 turn18 ttft=520.912ms hit=0.990227 e2e=642.936ms
[ok] openhands s448 turn41 ttft=395.458ms hit=0.994572 e2e=643.075ms
[ok] openhands s133 turn21 ttft=393.009ms hit=0.94484 e2e=636.793ms
[ok] openhands s448 turn42 ttft=416.337ms hit=0.993998 e2e=666.542ms
[ok] openhands s133 turn22 ttft=225.543ms hit=0.940862 e2e=559.421ms
[ok] openhands s448 turn43 ttft=352.709ms hit=0.98409 e2e=595.815ms
[ok] openhands s133 turn23 ttft=208.05ms hit=0.958314 e2e=451.857ms
[ok] openhands s133 turn24 ttft=226.708ms hit=0.980485 e2e=471.441ms
[ok] openhands s133 turn25 ttft=195.297ms hit=0.967842 e2e=438.663ms
[ok] openhands s133 turn26 ttft=198.327ms hit=0.977185 e2e=441.288ms
[ok] openhands s133 turn27 ttft=195.606ms hit=0.99173 e2e=438.586ms
[ok] openhands s133 turn28 ttft=194.362ms hit=0.984105 e2e=437.667ms
[ok] openhands s133 turn29 ttft=200.379ms hit=0.925227 e2e=444.256ms
[ok] openhands s133 turn30 ttft=196.817ms hit=0.963863 e2e=440.67ms
[ok] request s432 turn0 ttft=306.758ms hit=0.0 e2e=789.452ms
[ok] openhands s257 turn0 ttft=619.202ms hit=0.0 e2e=1106.947ms
[ok] request s489 turn0 ttft=136.31ms hit=0.0 e2e=512.154ms
[ok] request s520 turn0 ttft=137.993ms hit=0.0 e2e=614.543ms
[ok] request s569 turn0 ttft=124.194ms hit=0.0 e2e=484.422ms
[ok] openhands s257 turn1 ttft=282.475ms hit=0.960177 e2e=647.508ms
[ok] request s64 turn0 ttft=136.299ms hit=0.0 e2e=620.786ms
[ok] request s189 turn0 ttft=145.95ms hit=0.0 e2e=507.274ms
[ok] openhands s257 turn2 ttft=289.331ms hit=0.928786 e2e=656.576ms
[ok] request s277 turn0 ttft=136.491ms hit=0.0 e2e=612.486ms
[ok] request s482 turn0 ttft=161.131ms hit=0.0 e2e=640.188ms
[ok] openhands s257 turn3 ttft=281.83ms hit=0.924188 e2e=765.348ms
[ok] request s200 turn0 ttft=196.967ms hit=0.0 e2e=240.051ms
[ok] request s188 turn0 ttft=137.072ms hit=0.0 e2e=1238.415ms
[ok] request s189 turn1 ttft=134.096ms hit=0.417278 e2e=1124.592ms
[ok] request s174 turn0 ttft=239.369ms hit=0.0 e2e=1120.737ms
[ok] openhands s257 turn4 ttft=244.81ms hit=0.853618 e2e=1114.571ms
[ok] request s277 turn1 ttft=241.801ms hit=0.0 e2e=912.31ms
[ok] request s482 turn1 ttft=257.362ms hit=0.0 e2e=875.073ms
[ok] request s422 turn0 ttft=240.954ms hit=0.0 e2e=846.045ms
[ok] request s536 turn0 ttft=133.865ms hit=0.0 e2e=615.84ms
[ok] request s421 turn0 ttft=142.476ms hit=0.0 e2e=1215.785ms
[ok] openhands s257 turn5 ttft=287.158ms hit=0.916349 e2e=1362.457ms
[ok] request s482 turn2 ttft=147.564ms hit=0.0 e2e=1725.741ms
[ok] request s189 turn2 ttft=241.055ms hit=0.558038 e2e=1944.062ms
[ok] request s435 turn0 ttft=342.034ms hit=0.0 e2e=1922.684ms
[ok] openhands s131 turn0 ttft=276.634ms hit=0.0 e2e=1735.14ms
[ok] request s536 turn1 ttft=244.447ms hit=0.0 e2e=1498.094ms
[ok] request s516 turn0 ttft=200.98ms hit=0.0 e2e=1444.833ms
[ok] openhands s257 turn6 ttft=688.957ms hit=0.495874 e2e=1435.132ms
[ok] request s16 turn0 ttft=324.803ms hit=0.0 e2e=1476.023ms
[ok] request s325 turn0 ttft=411.033ms hit=0.0 e2e=1158.574ms
[ok] request s552 turn0 ttft=228.855ms hit=0.0 e2e=847.294ms
[ok] request s179 turn0 ttft=136.856ms hit=0.0 e2e=734.77ms
[ok] openhands s131 turn1 ttft=156.137ms hit=0.913796 e2e=761.719ms
[ok] request s246 turn0 ttft=125.798ms hit=0.0 e2e=620.421ms
[ok] request s435 turn1 ttft=241.321ms hit=0.0 e2e=1110.473ms
[ok] request s230 turn0 ttft=225.388ms hit=0.0 e2e=1094.246ms
[ok] request s516 turn1 ttft=143.26ms hit=0.0 e2e=1014.61ms
[ok] openhands s257 turn7 ttft=331.32ms hit=0.95469 e2e=1206.375ms
[ok] openhands s131 turn2 ttft=267.464ms hit=0.896387 e2e=908.424ms
[ok] request s403 turn0 ttft=232.829ms hit=0.0 e2e=869.865ms
[ok] request s57 turn0 ttft=203.637ms hit=0.0 e2e=828.639ms
[ok] request s179 turn1 ttft=138.819ms hit=0.0 e2e=764.186ms
[ok] request s170 turn0 ttft=129.852ms hit=0.0 e2e=631.086ms
[ok] openhands s131 turn3 ttft=240.126ms hit=0.930345 e2e=1040.418ms
[ok] openhands s257 turn8 ttft=338.203ms hit=0.966003 e2e=1142.821ms
[ok] request s500 turn0 ttft=169.817ms hit=0.0 e2e=970.005ms
[ok] request s273 turn0 ttft=122.716ms hit=0.0 e2e=2412.533ms
[ok] request s435 turn2 ttft=328.582ms hit=0.0 e2e=2621.919ms
[ok] request s516 turn2 ttft=326.32ms hit=0.0 e2e=2622.164ms
[ok] request s406 turn0 ttft=320.389ms hit=0.0 e2e=2731.969ms
[ok] request s179 turn2 ttft=139.109ms hit=0.0 e2e=2307.809ms
[ok] openhands s257 turn9 ttft=1002.189ms hit=0.702359 e2e=2091.414ms
[ok] request s242 turn0 ttft=485.11ms hit=0.0 e2e=923.707ms
[ok] openhands s2 turn0 ttft=1006.492ms hit=0.0 e2e=1558.761ms
[ok] request s119 turn0 ttft=246.628ms hit=0.0 e2e=2195.73ms
[ok] request s332 turn0 ttft=689.562ms hit=0.0 e2e=1244.109ms
[ok] openhands s131 turn4 ttft=531.053ms hit=0.852538 e2e=2168.064ms
[ok] request s436 turn0 ttft=178.014ms hit=0.0 e2e=610.069ms
[ok] request s215 turn0 ttft=786.123ms hit=0.0 e2e=1879.836ms
[ok] request s32 turn0 ttft=143.823ms hit=0.0 e2e=523.974ms
[ok] request s435 turn3 ttft=254.236ms hit=0.377025 e2e=781.345ms
[ok] request s179 turn3 ttft=313.779ms hit=0.451499 e2e=726.989ms
[ok] request s391 turn0 ttft=296.965ms hit=0.0 e2e=940.765ms
[ok] openhands s2 turn1 ttft=518.096ms hit=0.975393 e2e=1277.746ms
[ok] request s35 turn0 ttft=212.861ms hit=0.0 e2e=626.451ms
[ok] request s273 turn1 ttft=254.852ms hit=0.0 e2e=787.379ms
[ok] openhands s257 turn10 ttft=410.335ms hit=0.992425 e2e=1286.194ms
[ok] request s224 turn0 ttft=498.092ms hit=0.0 e2e=1260.532ms
[ok] openhands s131 turn5 ttft=501.741ms hit=0.88772 e2e=1263.882ms
[ok] request s15 turn0 ttft=130.85ms hit=0.0 e2e=1125.202ms
[ok] request s292 turn0 ttft=146.953ms hit=0.0 e2e=197.478ms
[ok] request s333 turn0 ttft=324.446ms hit=0.0 e2e=838.947ms
[ok] openhands s257 turn11 ttft=522.762ms hit=0.986749 e2e=1164.374ms
[ok] openhands s2 turn2 ttft=359.105ms hit=0.946288 e2e=1167.729ms
[ok] openhands s131 turn6 ttft=513.009ms hit=0.87456 e2e=1154.594ms
[ok] request s409 turn0 ttft=517.801ms hit=0.0 e2e=1159.106ms
[ok] request s35 turn1 ttft=189.217ms hit=0.0 e2e=579.547ms
[ok] request s169 turn0 ttft=133.202ms hit=0.0 e2e=1158.301ms
[ok] request s6 turn0 ttft=163.046ms hit=0.0 e2e=1221.79ms
[ok] request s292 turn1 ttft=500.232ms hit=0.0 e2e=1696.553ms
[ok] openhands s2 turn3 ttft=642.734ms hit=0.907423 e2e=1962.64ms
[ok] request s343 turn0 ttft=466.623ms hit=0.0 e2e=1541.898ms
[ok] openhands s257 turn12 ttft=416.818ms hit=0.939349 e2e=1969.062ms
[ok] request s296 turn0 ttft=541.493ms hit=0.0 e2e=1861.442ms
[ok] openhands s131 turn7 ttft=627.065ms hit=0.833725 e2e=1946.685ms
[ok] request s272 turn0 ttft=201.655ms hit=0.0 e2e=535.22ms
[ok] request s140 turn0 ttft=209.143ms hit=0.0 e2e=1208.936ms
[ok] openhands s384 turn0 ttft=713.567ms hit=0.0 e2e=1862.605ms
[ok] request s169 turn1 ttft=341.787ms hit=0.0 e2e=1375.329ms
[ok] request s532 turn0 ttft=513.66ms hit=0.0 e2e=1546.875ms
[ok] openhands s257 turn13 ttft=429.576ms hit=0.983515 e2e=1481.072ms
[ok] openhands s2 turn4 ttft=307.176ms hit=0.933273 e2e=1493.538ms
[ok] request s570 turn0 ttft=515.492ms hit=0.0 e2e=1451.781ms
[ok] openhands s131 turn8 ttft=535.234ms hit=0.920094 e2e=1471.191ms
[ok] request s292 turn2 ttft=248.004ms hit=0.0 e2e=1102.257ms
[ok] request s6 turn1 ttft=251.063ms hit=0.0 e2e=1106.084ms
[ok] request s408 turn0 ttft=180.761ms hit=0.0 e2e=1024.322ms
[ok] request s250 turn0 ttft=313.322ms hit=0.0 e2e=1226.464ms
[ok] openhands s384 turn1 ttft=354.477ms hit=0.671413 e2e=1267.821ms
[ok] request s446 turn0 ttft=322.369ms hit=0.0 e2e=660.951ms
[ok] request s477 turn0 ttft=147.876ms hit=0.0 e2e=978.778ms
[ok] openhands s131 turn9 ttft=443.436ms hit=0.869976 e2e=1287.707ms
[ok] request s169 turn2 ttft=395.272ms hit=0.0 e2e=1240.376ms
[ok] openhands s2 turn5 ttft=307.148ms hit=0.943605 e2e=1300.177ms
[ok] request s140 turn1 ttft=416.656ms hit=0.0 e2e=1261.026ms
[ok] openhands s257 turn14 ttft=428.809ms hit=0.989813 e2e=1271.999ms
[ok] request s305 turn0 ttft=141.442ms hit=0.0 e2e=1044.549ms
[ok] request s382 turn0 ttft=149.657ms hit=0.0 e2e=845.891ms
[ok] request s399 turn0 ttft=325.048ms hit=0.0 e2e=1230.133ms
[ok] request s292 turn3 ttft=412.089ms hit=0.477167 e2e=1193.346ms
[ok] openhands s384 turn2 ttft=366.622ms hit=0.895888 e2e=1273.387ms
[ok] request s6 turn2 ttft=411.001ms hit=0.379822 e2e=1193.487ms
[ok] openhands s257 turn15 ttft=392.428ms hit=0.987691 e2e=914.699ms
[ok] request s51 turn0 ttft=126.138ms hit=0.0 e2e=529.341ms
[ok] openhands s2 turn6 ttft=304.457ms hit=0.975445 e2e=949.237ms
[ok] request s348 turn0 ttft=437.514ms hit=0.0 e2e=845.576ms
[ok] openhands s131 turn10 ttft=502.925ms hit=0.871603 e2e=910.644ms
[ok] request s49 turn0 ttft=173.168ms hit=0.0 e2e=454.289ms
[ok] openhands s384 turn3 ttft=198.416ms hit=0.985895 e2e=1479.477ms
[ok] request s382 turn1 ttft=827.674ms hit=0.0 e2e=1213.284ms
[ok] request s51 turn1 ttft=511.512ms hit=0.0 e2e=898.151ms
[ok] openhands s131 turn11 ttft=1087.852ms hit=0.454406 e2e=1474.182ms
[ok] request s49 turn1 ttft=830.376ms hit=0.0 e2e=1216.386ms
[ok] openhands s2 turn7 ttft=369.945ms hit=0.978032 e2e=1488.378ms
[ok] request s236 turn0 ttft=1007.359ms hit=0.0 e2e=1394.617ms
[ok] openhands s257 turn16 ttft=1084.287ms hit=0.988305 e2e=1471.245ms
[ok] openhands s384 turn4 ttft=203.521ms hit=0.980194 e2e=818.722ms
[ok] openhands s131 turn12 ttft=422.376ms hit=0.955556 e2e=997.004ms
[ok] openhands s2 turn8 ttft=314.153ms hit=0.973099 e2e=1010.558ms
[ok] request s49 turn2 ttft=205.27ms hit=0.0 e2e=774.576ms
[ok] openhands s257 turn17 ttft=437.627ms hit=0.982616 e2e=1006.585ms
[ok] request s382 turn2 ttft=362.614ms hit=0.0 e2e=1059.129ms
[ok] request s51 turn2 ttft=377.792ms hit=0.353591 e2e=1057.724ms
[ok] openhands s384 turn5 ttft=372.904ms hit=0.931653 e2e=1069.921ms
[ok] openhands s131 turn13 ttft=487.511ms hit=0.91072 e2e=868.324ms
[ok] openhands s2 turn9 ttft=329.449ms hit=0.981356 e2e=882.449ms
[ok] openhands s257 turn18 ttft=503.734ms hit=0.977924 e2e=878.645ms
[ok] openhands s384 turn6 ttft=207.112ms hit=0.965086 e2e=1400.163ms
[ok] request s51 turn3 ttft=685.054ms hit=0.0 e2e=1065.199ms
[ok] openhands s2 turn10 ttft=314.975ms hit=0.925035 e2e=1401.618ms
[ok] openhands s257 turn19 ttft=517.014ms hit=0.995911 e2e=1396.891ms
[ok] openhands s131 turn14 ttft=991.655ms hit=0.749471 e2e=1372.501ms
[ok] openhands s384 turn7 ttft=210.427ms hit=0.950004 e2e=572.396ms
[ok] openhands s257 turn20 ttft=254.512ms hit=0.991855 e2e=782.261ms
[ok] openhands s384 turn8 ttft=252.126ms hit=0.879948 e2e=854.569ms
[ok] request s51 turn4 ttft=150.931ms hit=0.0 e2e=684.108ms
[ok] openhands s257 turn21 ttft=365.496ms hit=0.961609 e2e=760.479ms
[ok] openhands s2 turn11 ttft=339.886ms hit=0.979592 e2e=727.405ms
[ok] openhands s384 turn9 ttft=242.11ms hit=0.910336 e2e=886.841ms
[ok] openhands s2 turn12 ttft=310.787ms hit=0.98074 e2e=837.639ms
[ok] openhands s257 turn22 ttft=293.171ms hit=0.98289 e2e=808.198ms
[ok] request s51 turn5 ttft=176.991ms hit=0.0 e2e=681.39ms
[ok] openhands s384 turn10 ttft=219.548ms hit=0.989364 e2e=713.634ms
[ok] openhands s2 turn13 ttft=310.11ms hit=0.987953 e2e=688.3ms
[ok] openhands s257 turn23 ttft=305.26ms hit=0.959224 e2e=667.406ms
[ok] openhands s384 turn11 ttft=216.711ms hit=0.98719 e2e=743.528ms
[ok] openhands s2 turn14 ttft=332.231ms hit=0.987096 e2e=743.695ms
[ok] openhands s257 turn24 ttft=367.795ms hit=0.947226 e2e=737.98ms
[ok] openhands s384 turn12 ttft=224.409ms hit=0.984838 e2e=586.87ms
[ok] openhands s257 turn25 ttft=268.159ms hit=0.990874 e2e=626.108ms
[ok] openhands s384 turn13 ttft=218.674ms hit=0.989531 e2e=470.835ms
[ok] openhands s384 turn14 ttft=240.75ms hit=0.992725 e2e=481.929ms
[ok] openhands s257 turn26 ttft=393.048ms hit=0.986763 e2e=642.082ms
[ok] openhands s257 turn27 ttft=271.729ms hit=0.980825 e2e=517.012ms
[ok] openhands s257 turn28 ttft=271.636ms hit=0.988381 e2e=517.076ms
[ok] openhands s257 turn29 ttft=280.771ms hit=0.986736 e2e=524.98ms
[ok] openhands s257 turn30 ttft=283.949ms hit=0.985144 e2e=529.028ms
[ok] openhands s257 turn31 ttft=427.092ms hit=0.920818 e2e=671.621ms
[ok] openhands s257 turn32 ttft=299.909ms hit=0.985547 e2e=544.334ms
[ok] openhands s447 turn0 ttft=799.394ms hit=0.0 e2e=2052.367ms
[ok] request s285 turn0 ttft=598.801ms hit=0.0 e2e=1738.845ms
[ok] request s286 turn0 ttft=293.895ms hit=0.0 e2e=1421.847ms
[ok] request s429 turn0 ttft=162.324ms hit=0.0 e2e=648.418ms
[ok] request s229 turn0 ttft=670.933ms hit=0.0 e2e=1285.381ms
[ok] request s462 turn0 ttft=473.241ms hit=0.0 e2e=968.109ms
[ok] request s347 turn0 ttft=132.682ms hit=0.0 e2e=614.601ms
[ok] request s300 turn0 ttft=139.609ms hit=0.0 e2e=617.17ms
[ok] openhands s447 turn1 ttft=296.397ms hit=0.977936 e2e=782.54ms
[ok] request s286 turn1 ttft=133.372ms hit=0.0 e2e=1017.891ms
[ok] request s451 turn0 ttft=244.347ms hit=0.0 e2e=1137.244ms
[ok] openhands s447 turn2 ttft=294.313ms hit=0.836972 e2e=910.139ms
[ok] request s462 turn1 ttft=251.677ms hit=0.0 e2e=915.481ms
[ok] request s13 turn0 ttft=278.794ms hit=0.0 e2e=896.81ms
[ok] request s347 turn1 ttft=252.0ms hit=0.357043 e2e=704.628ms
[ok] request s558 turn0 ttft=203.964ms hit=0.0 e2e=649.332ms
[ok] request s152 turn0 ttft=131.828ms hit=0.0 e2e=601.339ms
[ok] openhands s447 turn3 ttft=300.983ms hit=0.796551 e2e=941.958ms
[ok] request s114 turn0 ttft=243.909ms hit=0.0 e2e=886.319ms
[ok] request s566 turn0 ttft=130.895ms hit=0.0 e2e=327.796ms
[ok] request s103 turn0 ttft=180.54ms hit=0.0 e2e=822.485ms
[ok] request s451 turn1 ttft=158.694ms hit=0.0 e2e=679.559ms
[ok] openhands s447 turn4 ttft=238.066ms hit=0.882514 e2e=1248.398ms
[ok] request s244 turn0 ttft=172.531ms hit=0.0 e2e=1184.6ms
[ok] request s466 turn0 ttft=187.261ms hit=0.0 e2e=561.365ms
[ok] request s114 turn1 ttft=592.847ms hit=0.0 e2e=979.134ms
[ok] request s503 turn0 ttft=494.462ms hit=0.0 e2e=880.363ms
[ok] openhands s510 turn0 ttft=695.805ms hit=0.0 e2e=1198.515ms
[ok] request s524 turn0 ttft=132.393ms hit=0.0 e2e=292.166ms
[ok] openhands s447 turn5 ttft=207.075ms hit=0.976605 e2e=691.206ms
[ok] request s538 turn0 ttft=220.164ms hit=0.0 e2e=820.728ms
[ok] openhands s510 turn1 ttft=284.52ms hit=0.923146 e2e=890.705ms
[ok] request s97 turn0 ttft=142.086ms hit=0.0 e2e=534.234ms
[ok] request s168 turn0 ttft=205.54ms hit=0.0 e2e=929.552ms
[ok] openhands s447 turn6 ttft=210.93ms hit=0.987921 e2e=934.539ms
[ok] request s503 turn1 ttft=241.548ms hit=0.0 e2e=807.897ms
[ok] request s466 turn1 ttft=243.85ms hit=0.0 e2e=810.626ms
[ok] openhands s510 turn2 ttft=280.016ms hit=0.983306 e2e=776.62ms
[ok] request s437 turn0 ttft=155.528ms hit=0.0 e2e=647.393ms
[ok] request s225 turn0 ttft=307.107ms hit=0.0 e2e=1754.075ms
[ok] openhands s447 turn7 ttft=318.167ms hit=0.989173 e2e=1764.742ms
[ok] request s538 turn1 ttft=159.084ms hit=0.0 e2e=1601.843ms
[ok] request s74 turn0 ttft=325.15ms hit=0.0 e2e=1462.636ms
[ok] request s184 turn0 ttft=295.938ms hit=0.0 e2e=827.705ms
[ok] openhands s510 turn3 ttft=907.566ms hit=0.472224 e2e=1448.869ms
[ok] request s97 turn1 ttft=740.379ms hit=0.0 e2e=1282.903ms
[ok] request s466 turn2 ttft=579.392ms hit=0.0 e2e=1112.795ms
[ok] request s359 turn0 ttft=613.976ms hit=0.0 e2e=1146.722ms
[ok] request s427 turn0 ttft=135.137ms hit=0.0 e2e=200.554ms
[ok] request s490 turn0 ttft=146.033ms hit=0.0 e2e=595.848ms
[ok] openhands s510 turn4 ttft=314.152ms hit=0.970733 e2e=2022.46ms
[ok] request s163 turn0 ttft=312.443ms hit=0.0 e2e=1900.417ms
[ok] openhands s447 turn8 ttft=233.485ms hit=0.987595 e2e=1815.207ms
[ok] request s425 turn0 ttft=131.796ms hit=0.0 e2e=1603.608ms
[ok] openhands s258 turn0 ttft=751.525ms hit=0.0 e2e=1767.693ms
[ok] request s538 turn2 ttft=426.698ms hit=0.473198 e2e=1952.605ms
[ok] request s359 turn1 ttft=395.68ms hit=0.266945 e2e=1926.087ms
[ok] request s43 turn0 ttft=241.171ms hit=0.0 e2e=1137.432ms
[ok] request s225 turn1 ttft=240.106ms hit=0.0 e2e=1957.541ms
[ok] request s93 turn0 ttft=548.104ms hit=0.0 e2e=1455.188ms
[ok] request s466 turn3 ttft=397.755ms hit=0.535565 e2e=1928.334ms
[ok] request s97 turn2 ttft=400.142ms hit=0.0 e2e=1929.861ms
[ok] request s331 turn0 ttft=133.76ms hit=0.0 e2e=1132.363ms
[ok] request s335 turn0 ttft=167.562ms hit=0.0 e2e=668.868ms
[ok] request s445 turn0 ttft=245.756ms hit=0.0 e2e=988.067ms
[ok] openhands s510 turn5 ttft=354.407ms hit=0.991364 e2e=979.355ms
[ok] openhands s447 turn9 ttft=461.303ms hit=0.988825 e2e=969.787ms
[ok] request s542 turn0 ttft=161.614ms hit=0.0 e2e=1253.405ms
[ok] openhands s258 turn1 ttft=287.933ms hit=0.978536 e2e=1386.87ms
[ok] request s185 turn0 ttft=530.877ms hit=0.0 e2e=1188.544ms
[ok] request s225 turn2 ttft=582.126ms hit=0.0 e2e=1355.177ms
[ok] request s335 turn1 ttft=225.054ms hit=0.0 e2e=872.216ms
[ok] request s97 turn3 ttft=581.333ms hit=0.0 e2e=1354.134ms
[ok] openhands s510 turn6 ttft=698.563ms hit=0.976184 e2e=1470.966ms
[ok] openhands s447 turn10 ttft=677.911ms hit=0.971112 e2e=1452.545ms
[ok] request s355 turn0 ttft=226.552ms hit=0.0 e2e=876.575ms
[ok] request s359 turn2 ttft=586.819ms hit=0.477315 e2e=1361.421ms
[ok] request s43 turn1 ttft=585.851ms hit=0.0 e2e=1360.171ms
[ok] request s346 turn0 ttft=738.564ms hit=0.0 e2e=1512.567ms
[ok] openhands s258 turn2 ttft=222.1ms hit=0.978367 e2e=722.523ms
[ok] request s444 turn0 ttft=244.525ms hit=0.0 e2e=751.461ms
[ok] request s40 turn0 ttft=131.823ms hit=0.0 e2e=1466.697ms
[ok] request s541 turn0 ttft=154.323ms hit=0.0 e2e=223.712ms
[ok] request s59 turn0 ttft=456.774ms hit=0.0 e2e=869.349ms
[ok] request s346 turn1 ttft=450.556ms hit=0.830105 e2e=1883.96ms
[ok] request s90 turn0 ttft=661.695ms hit=0.0 e2e=2099.981ms
[ok] request s355 turn1 ttft=455.58ms hit=0.0 e2e=1893.515ms
[ok] request s43 turn2 ttft=453.513ms hit=0.561404 e2e=1891.121ms
[ok] request s468 turn0 ttft=634.427ms hit=0.0 e2e=2419.5ms
[ok] openhands s447 turn11 ttft=334.022ms hit=0.969011 e2e=2471.924ms
[ok] openhands s258 turn3 ttft=588.313ms hit=0.978136 e2e=2250.162ms
[ok] request s542 turn1 ttft=327.225ms hit=0.0 e2e=2466.139ms
[ok] request s359 turn3 ttft=455.554ms hit=0.665223 e2e=1893.684ms
[ok] openhands s510 turn7 ttft=659.393ms hit=0.985727 e2e=2444.909ms
[ok] request s335 turn2 ttft=460.862ms hit=0.406995 e2e=1898.913ms
[ok] request s185 turn1 ttft=462.995ms hit=0.0 e2e=1900.552ms
[ok] request s559 turn0 ttft=179.12ms hit=0.0 e2e=1598.494ms
[ok] request s410 turn0 ttft=492.035ms hit=0.0 e2e=1918.873ms
[ok] openhands s1 turn0 ttft=690.889ms hit=0.0 e2e=2236.251ms
[ok] request s59 turn1 ttft=240.619ms hit=0.0 e2e=1666.31ms
[ok] request s431 turn0 ttft=130.351ms hit=0.0 e2e=1550.842ms
[ok] request s280 turn0 ttft=462.459ms hit=0.0 e2e=1485.202ms
[ok] openhands s258 turn4 ttft=297.14ms hit=0.980092 e2e=1605.391ms
[ok] request s146 turn0 ttft=149.95ms hit=0.0 e2e=1170.24ms
[ok] openhands s447 turn12 ttft=440.292ms hit=0.890435 e2e=1582.332ms
[ok] openhands s510 turn8 ttft=528.638ms hit=0.988939 e2e=1554.293ms
[ok] request s352 turn0 ttft=255.022ms hit=0.0 e2e=1068.068ms
[ok] request s346 turn2 ttft=281.953ms hit=0.918807 e2e=1229.383ms
[ok] request s185 turn2 ttft=393.308ms hit=0.0 e2e=1220.384ms
[ok] request s335 turn3 ttft=394.318ms hit=0.6658 e2e=1222.213ms
[ok] request s355 turn2 ttft=276.554ms hit=0.0 e2e=1223.89ms
[ok] openhands s1 turn1 ttft=231.329ms hit=0.975935 e2e=1225.768ms
[ok] request s310 turn0 ttft=241.878ms hit=0.0 e2e=1244.046ms
[ok] request s125 turn0 ttft=129.783ms hit=0.0 e2e=993.336ms
[ok] request s248 turn0 ttft=910.849ms hit=0.0 e2e=1124.248ms
[ok] request s293 turn0 ttft=242.134ms hit=0.0 e2e=1861.24ms
[ok] request s560 turn0 ttft=430.439ms hit=0.0 e2e=2182.28ms
[ok] openhands s258 turn5 ttft=293.032ms hit=0.881348 e2e=2280.527ms
[ok] request s59 turn2 ttft=298.905ms hit=0.0 e2e=1936.526ms
[ok] openhands s510 turn9 ttft=407.447ms hit=0.988094 e2e=2275.897ms
[ok] openhands s447 turn13 ttft=506.623ms hit=0.990033 e2e=2258.652ms
[ok] request s79 turn0 ttft=589.42ms hit=0.0 e2e=1279.433ms
[ok] request s335 turn4 ttft=745.175ms hit=0.0 e2e=1830.177ms
[ok] request s352 turn1 ttft=750.696ms hit=0.0 e2e=1839.232ms
[ok] request s125 turn1 ttft=584.221ms hit=0.0 e2e=1278.812ms
[ok] request s290 turn0 ttft=277.885ms hit=0.0 e2e=968.764ms
[ok] request s185 turn3 ttft=1142.203ms hit=0.0 e2e=1836.699ms
[ok] request s310 turn1 ttft=653.101ms hit=0.0 e2e=1347.328ms
[ok] request s346 turn3 ttft=1145.179ms hit=0.0 e2e=1839.159ms
[ok] request s148 turn0 ttft=509.529ms hit=0.0 e2e=1922.234ms
[ok] openhands s1 turn2 ttft=536.182ms hit=0.666348 e2e=1948.511ms
[ok] request s171 turn0 ttft=146.279ms hit=0.0 e2e=720.957ms
[ok] openhands s510 turn10 ttft=333.948ms hit=0.985443 e2e=885.695ms
[ok] openhands s258 turn6 ttft=293.306ms hit=0.964709 e2e=835.485ms
[ok] openhands s447 turn14 ttft=282.87ms hit=0.991783 e2e=824.798ms
[ok] openhands s1 turn3 ttft=239.412ms hit=0.845994 e2e=1142.607ms
[ok] request s59 turn3 ttft=136.932ms hit=0.544681 e2e=987.392ms
[ok] request s560 turn1 ttft=138.902ms hit=0.0 e2e=990.817ms
[ok] request s185 turn4 ttft=525.43ms hit=0.636288 e2e=918.032ms
[ok] request s148 turn1 ttft=523.927ms hit=0.0 e2e=917.297ms
[ok] openhands s258 turn7 ttft=458.764ms hit=0.729665 e2e=1003.695ms
[ok] openhands s447 turn15 ttft=570.637ms hit=0.96595 e2e=985.789ms
[ok] openhands s510 turn11 ttft=561.079ms hit=0.984426 e2e=956.827ms
[ok] request s290 turn1 ttft=528.076ms hit=0.0 e2e=923.621ms
[ok] request s335 turn5 ttft=533.599ms hit=0.873294 e2e=928.9ms
[ok] openhands s1 turn4 ttft=206.337ms hit=0.963375 e2e=567.937ms
[ok] request s59 turn4 ttft=184.615ms hit=0.689408 e2e=572.3ms
[ok] openhands s447 turn16 ttft=332.715ms hit=0.957384 e2e=850.024ms
[ok] request s560 turn2 ttft=183.408ms hit=0.334641 e2e=574.483ms
[ok] openhands s510 turn12 ttft=423.178ms hit=0.990643 e2e=825.437ms
[ok] openhands s1 turn5 ttft=285.286ms hit=0.988117 e2e=678.504ms
[ok] request s335 turn6 ttft=137.593ms hit=0.789514 e2e=754.678ms
[ok] openhands s447 turn17 ttft=417.997ms hit=0.968055 e2e=787.541ms
[ok] openhands s1 turn6 ttft=311.443ms hit=0.990329 e2e=808.612ms
[ok] openhands s510 turn13 ttft=362.298ms hit=0.97471 e2e=726.223ms
[ok] request s560 turn3 ttft=136.056ms hit=0.448729 e2e=750.871ms
[ok] openhands s510 turn14 ttft=447.342ms hit=0.975622 e2e=707.636ms
[ok] openhands s1 turn7 ttft=324.702ms hit=0.917453 e2e=713.334ms
[ok] request s335 turn7 ttft=191.896ms hit=0.816066 e2e=439.265ms
[ok] openhands s1 turn8 ttft=328.962ms hit=0.992876 e2e=573.925ms
[ok] openhands s510 turn15 ttft=334.009ms hit=0.994729 e2e=585.021ms
[ok] request s560 turn4 ttft=196.554ms hit=0.770504 e2e=442.655ms
[ok] openhands s1 turn9 ttft=195.52ms hit=0.966335 e2e=440.256ms
[ok] openhands s1 turn10 ttft=198.337ms hit=0.963733 e2e=443.222ms
[ok] openhands s1 turn11 ttft=203.42ms hit=0.945488 e2e=447.973ms
[ok] openhands s1 turn12 ttft=209.122ms hit=0.985659 e2e=452.869ms
[ok] openhands s1 turn13 ttft=219.281ms hit=0.977371 e2e=463.059ms
[ok] openhands s1 turn14 ttft=209.928ms hit=0.9876 e2e=453.787ms
[ok] request s239 turn0 ttft=130.328ms hit=0.0 e2e=224.391ms
[ok] request s159 turn0 ttft=640.841ms hit=0.0 e2e=1128.471ms
[ok] request s424 turn0 ttft=443.183ms hit=0.0 e2e=811.718ms
[ok] openhands s193 turn0 ttft=953.25ms hit=0.0 e2e=1441.637ms
[ok] request s392 turn0 ttft=137.064ms hit=0.0 e2e=613.925ms
[ok] request s94 turn0 ttft=155.724ms hit=0.0 e2e=639.524ms
[ok] openhands s193 turn1 ttft=287.455ms hit=0.96437 e2e=776.897ms
[ok] request s265 turn0 ttft=135.339ms hit=0.0 e2e=625.555ms
[ok] request s159 turn1 ttft=139.775ms hit=0.406349 e2e=732.358ms
[ok] request s463 turn0 ttft=237.809ms hit=0.0 e2e=603.926ms
[ok] openhands s193 turn2 ttft=238.691ms hit=0.927056 e2e=598.051ms
[ok] request s253 turn0 ttft=130.526ms hit=0.0 e2e=490.154ms
[ok] request s390 turn0 ttft=148.894ms hit=0.0 e2e=886.111ms
[ok] openhands s193 turn3 ttft=179.51ms hit=0.967582 e2e=916.463ms
[ok] request s498 turn0 ttft=216.404ms hit=0.0 e2e=1748.182ms
[ok] request s265 turn1 ttft=259.194ms hit=0.0 e2e=1793.229ms
[ok] request s463 turn1 ttft=259.173ms hit=0.0 e2e=1557.394ms
[ok] request s539 turn0 ttft=205.988ms hit=0.0 e2e=1491.907ms
[ok] request s470 turn0 ttft=316.451ms hit=0.0 e2e=884.268ms
[ok] request s278 turn0 ttft=628.536ms hit=0.0 e2e=1204.042ms
[ok] request s353 turn0 ttft=832.512ms hit=0.0 e2e=1521.154ms
[ok] openhands s193 turn4 ttft=895.8ms hit=0.477461 e2e=1584.029ms
[ok] request s361 turn0 ttft=131.884ms hit=0.0 e2e=1523.215ms
[ok] request s58 turn0 ttft=233.258ms hit=0.0 e2e=634.296ms
[ok] request s498 turn1 ttft=498.15ms hit=0.0 e2e=1145.006ms
[ok] request s470 turn1 ttft=328.446ms hit=0.0 e2e=738.676ms
[ok] openhands s385 turn0 ttft=749.007ms hit=0.0 e2e=1590.041ms
[ok] request s378 turn0 ttft=624.673ms hit=0.0 e2e=1272.815ms
[ok] openhands s193 turn5 ttft=688.093ms hit=0.929782 e2e=1337.371ms
[ok] request s463 turn2 ttft=435.46ms hit=0.0 e2e=1086.823ms
[ok] request s514 turn0 ttft=425.862ms hit=0.0 e2e=957.244ms
[ok] request s525 turn0 ttft=131.098ms hit=0.0 e2e=796.397ms
[ok] request s85 turn0 ttft=260.029ms hit=0.0 e2e=959.114ms
[ok] openhands s193 turn6 ttft=289.858ms hit=0.970778 e2e=956.165ms
[ok] openhands s385 turn1 ttft=292.817ms hit=0.855778 e2e=958.837ms
[ok] request s494 turn0 ttft=247.574ms hit=0.0 e2e=528.216ms
[ok] request s219 turn0 ttft=135.82ms hit=0.0 e2e=1181.301ms
[ok] request s274 turn0 ttft=191.194ms hit=0.0 e2e=492.909ms
[ok] request s370 turn0 ttft=285.521ms hit=0.0 e2e=1162.241ms
[ok] request s498 turn2 ttft=304.445ms hit=0.0 e2e=1196.023ms
[ok] request s470 turn2 ttft=315.165ms hit=0.25422 e2e=1194.789ms
[ok] openhands s193 turn7 ttft=476.685ms hit=0.947228 e2e=875.633ms
[ok] request s525 turn1 ttft=366.632ms hit=0.0 e2e=765.911ms
[ok] openhands s385 turn2 ttft=355.61ms hit=0.989758 e2e=880.966ms
[ok] request s365 turn0 ttft=132.131ms hit=0.0 e2e=1101.766ms
[ok] request s494 turn1 ttft=340.809ms hit=0.0 e2e=983.139ms
[ok] request s274 turn1 ttft=186.027ms hit=0.0 e2e=720.255ms
[ok] request s458 turn0 ttft=315.204ms hit=0.0 e2e=863.025ms
[ok] openhands s385 turn3 ttft=448.956ms hit=0.969761 e2e=1234.386ms
[ok] request s282 turn0 ttft=398.218ms hit=0.0 e2e=1183.3ms
[ok] openhands s193 turn8 ttft=336.66ms hit=0.988357 e2e=1240.775ms
[ok] request s219 turn1 ttft=323.939ms hit=0.539705 e2e=989.507ms
[ok] request s470 turn3 ttft=151.227ms hit=0.526388 e2e=689.149ms
[ok] request s368 turn0 ttft=139.647ms hit=0.0 e2e=558.426ms
[ok] request s337 turn0 ttft=138.913ms hit=0.0 e2e=677.68ms
[ok] openhands s385 turn4 ttft=343.733ms hit=0.939687 e2e=1651.784ms
[ok] request s518 turn0 ttft=268.911ms hit=0.0 e2e=1578.669ms
[ok] openhands s193 turn9 ttft=346.816ms hit=0.969213 e2e=1664.131ms
[ok] request s365 turn1 ttft=155.651ms hit=0.0 e2e=1465.24ms
[ok] request s494 turn2 ttft=656.6ms hit=0.0 e2e=1250.909ms
[ok] request s314 turn0 ttft=313.645ms hit=0.0 e2e=790.27ms
[ok] request s420 turn0 ttft=625.924ms hit=0.0 e2e=1107.315ms
[ok] request s282 turn1 ttft=632.948ms hit=0.0 e2e=1233.122ms
[ok] request s458 turn1 ttft=636.435ms hit=0.0 e2e=1235.717ms
[ok] openhands s323 turn0 ttft=831.314ms hit=0.0 e2e=1430.276ms
[ok] request s368 turn1 ttft=738.045ms hit=0.0 e2e=1223.938ms
[ok] request s470 turn4 ttft=633.982ms hit=0.0 e2e=1232.602ms
[ok] request s106 turn0 ttft=130.324ms hit=0.0 e2e=547.307ms
[ok] openhands s323 turn1 ttft=308.365ms hit=0.963614 e2e=1113.316ms
[ok] request s226 turn0 ttft=464.587ms hit=0.0 e2e=1273.911ms
[ok] openhands s385 turn5 ttft=464.351ms hit=0.946596 e2e=1273.304ms
[ok] openhands s193 turn10 ttft=352.089ms hit=0.940682 e2e=1281.204ms
[ok] request s136 turn0 ttft=158.329ms hit=0.0 e2e=961.677ms
[ok] request s494 turn3 ttft=360.87ms hit=0.0 e2e=1156.734ms
[ok] request s458 turn2 ttft=355.01ms hit=0.361582 e2e=1150.579ms
[ok] request s527 turn0 ttft=167.601ms hit=0.0 e2e=959.552ms
[ok] request s129 turn0 ttft=353.349ms hit=0.0 e2e=1277.294ms
[ok] request s282 turn2 ttft=356.796ms hit=0.446771 e2e=1152.351ms
[ok] request s365 turn2 ttft=260.806ms hit=0.375918 e2e=1319.037ms
[ok] request s420 turn1 ttft=360.72ms hit=0.0 e2e=1156.092ms
[ok] request s470 turn5 ttft=353.477ms hit=0.770214 e2e=1148.574ms
[ok] request s368 turn2 ttft=355.618ms hit=0.0 e2e=1150.409ms
[ok] request s533 turn0 ttft=173.758ms hit=0.0 e2e=581.071ms
[ok] request s452 turn0 ttft=249.445ms hit=0.0 e2e=899.937ms
[ok] openhands s323 turn2 ttft=342.267ms hit=0.945076 e2e=871.523ms
[ok] openhands s193 turn11 ttft=442.595ms hit=0.989691 e2e=857.782ms
[ok] openhands s385 turn6 ttft=349.746ms hit=0.946122 e2e=880.103ms
[ok] request s480 turn0 ttft=139.914ms hit=0.0 e2e=899.386ms
[ok] request s268 turn0 ttft=278.196ms hit=0.0 e2e=935.778ms
[ok] openhands s193 turn12 ttft=320.974ms hit=0.975945 e2e=979.835ms
[ok] openhands s323 turn3 ttft=313.341ms hit=0.970346 e2e=973.879ms
[ok] openhands s385 turn7 ttft=317.061ms hit=0.904928 e2e=986.492ms
[ok] request s420 turn2 ttft=277.371ms hit=0.304762 e2e=852.046ms
[ok] request s129 turn1 ttft=279.04ms hit=0.608076 e2e=853.431ms
[ok] request s470 turn6 ttft=277.14ms hit=0.862534 e2e=851.292ms
[ok] request s494 turn4 ttft=266.868ms hit=0.0 e2e=859.366ms
[ok] request s527 turn1 ttft=281.851ms hit=0.0 e2e=855.857ms
[ok] request s430 turn0 ttft=257.995ms hit=0.0 e2e=831.696ms
[ok] request s458 turn3 ttft=284.445ms hit=0.691892 e2e=857.87ms
[ok] request s207 turn0 ttft=136.598ms hit=0.0 e2e=885.924ms
[ok] request s295 turn0 ttft=136.181ms hit=0.0 e2e=162.077ms
[ok] request s279 turn0 ttft=529.641ms hit=0.0 e2e=2480.518ms
[ok] request s554 turn0 ttft=225.193ms hit=0.0 e2e=2171.94ms
[ok] openhands s193 turn13 ttft=426.423ms hit=0.954806 e2e=2498.233ms
[ok] openhands s323 turn4 ttft=532.433ms hit=0.977028 e2e=2488.71ms
[ok] openhands s385 turn8 ttft=313.785ms hit=0.954887 e2e=2504.644ms
[ok] request s480 turn1 ttft=306.239ms hit=0.0 e2e=2261.829ms
[ok] request s420 turn3 ttft=762.702ms hit=0.0 e2e=1915.546ms
[ok] request s129 turn2 ttft=1013.388ms hit=0.0 e2e=1914.047ms
[ok] request s494 turn5 ttft=1010.327ms hit=0.0 e2e=1910.122ms
[ok] openhands s68 turn0 ttft=924.526ms hit=0.0 e2e=2078.581ms
[ok] request s78 turn0 ttft=193.483ms hit=0.0 e2e=808.983ms
[ok] request s527 turn2 ttft=1006.698ms hit=0.0 e2e=1908.668ms
[ok] request s470 turn7 ttft=1162.927ms hit=0.0 e2e=1913.631ms
[ok] request s294 turn0 ttft=1158.812ms hit=0.0 e2e=1762.78ms
[ok] request s546 turn0 ttft=506.619ms hit=0.0 e2e=1127.437ms
[ok] request s255 turn0 ttft=694.33ms hit=0.0 e2e=1444.832ms
[ok] request s458 turn4 ttft=1006.376ms hit=0.0 e2e=1908.454ms
[ok] request s268 turn1 ttft=318.569ms hit=0.0 e2e=2131.473ms
[ok] openhands s193 turn14 ttft=498.126ms hit=0.929387 e2e=1532.905ms
[ok] openhands s385 turn9 ttft=425.539ms hit=0.980697 e2e=1620.911ms
[ok] request s481 turn0 ttft=384.796ms hit=0.0 e2e=1579.854ms
[ok] openhands s323 turn5 ttft=297.716ms hit=0.98576 e2e=1625.062ms
[ok] openhands s68 turn1 ttft=363.224ms hit=0.988878 e2e=1402.757ms
[ok] request s116 turn0 ttft=229.194ms hit=0.0 e2e=1262.585ms
[ok] request s480 turn2 ttft=254.286ms hit=0.0 e2e=1050.179ms
[ok] request s279 turn1 ttft=258.891ms hit=0.0 e2e=1055.585ms
[ok] request s33 turn0 ttft=173.537ms hit=0.0 e2e=969.467ms
[ok] request s458 turn5 ttft=369.039ms hit=0.781812 e2e=826.852ms
[ok] request s78 turn1 ttft=374.342ms hit=0.0 e2e=831.89ms
[ok] request s350 turn0 ttft=216.795ms hit=0.0 e2e=656.985ms
[ok] request s420 turn4 ttft=260.445ms hit=0.654313 e2e=834.86ms
[ok] request s255 turn1 ttft=253.655ms hit=0.388467 e2e=828.889ms
[ok] request s527 turn3 ttft=256.343ms hit=0.528926 e2e=830.819ms
[ok] request s95 turn0 ttft=136.077ms hit=0.0 e2e=630.81ms
[ok] request s33 turn1 ttft=1275.271ms hit=0.0 e2e=1611.113ms
[ok] request s366 turn0 ttft=1882.966ms hit=0.0 e2e=2220.26ms
[ok] request s375 turn0 ttft=954.036ms hit=0.0 e2e=1280.083ms
[ok] request s304 turn0 ttft=637.767ms hit=0.0 e2e=963.486ms
[ok] request s480 turn3 ttft=1278.388ms hit=0.0 e2e=1615.808ms
[ok] openhands s385 turn10 ttft=544.793ms hit=0.920991 e2e=2234.185ms
[ok] openhands s68 turn2 ttft=1888.043ms hit=0.343441 e2e=2229.598ms
[ok] openhands s193 turn15 ttft=359.461ms hit=0.993175 e2e=2245.686ms
[ok] request s255 turn2 ttft=1283.349ms hit=0.0 e2e=1614.023ms
[ok] openhands s323 turn6 ttft=1779.859ms hit=0.964458 e2e=2121.704ms
[ok] request s154 turn0 ttft=1580.187ms hit=0.0 e2e=1921.794ms
[ok] request s420 turn5 ttft=1275.722ms hit=0.0 e2e=1617.114ms
[ok] request s95 turn1 ttft=994.245ms hit=0.0 e2e=1325.617ms
[ok] request s212 turn0 ttft=1274.304ms hit=0.0 e2e=1605.482ms
[ok] openhands s385 turn11 ttft=537.028ms hit=0.979949 e2e=1032.508ms
[ok] openhands s193 turn16 ttft=413.404ms hit=0.982228 e2e=1042.403ms
[ok] openhands s68 turn3 ttft=524.523ms hit=0.986603 e2e=1028.991ms
[ok] openhands s323 turn7 ttft=328.273ms hit=0.970031 e2e=1050.622ms
[ok] request s366 turn1 ttft=248.823ms hit=0.0 e2e=782.848ms
[ok] request s420 turn6 ttft=247.552ms hit=0.756757 e2e=776.338ms
[ok] openhands s323 turn8 ttft=475.224ms hit=0.874093 e2e=726.514ms
[ok] openhands s385 turn12 ttft=466.811ms hit=0.978373 e2e=718.351ms
[ok] openhands s68 turn4 ttft=296.828ms hit=0.992225 e2e=544.593ms
[ok] openhands s193 turn17 ttft=357.977ms hit=0.995246 e2e=739.276ms
[ok] openhands s68 turn5 ttft=408.119ms hit=0.994118 e2e=660.956ms
[ok] openhands s385 turn13 ttft=255.621ms hit=0.965148 e2e=501.884ms
[ok] openhands s323 turn9 ttft=295.604ms hit=0.982313 e2e=668.416ms
[ok] openhands s385 turn14 ttft=295.253ms hit=0.921608 e2e=540.426ms
[ok] openhands s323 turn10 ttft=555.815ms hit=0.850281 e2e=808.807ms
[ok] openhands s68 turn6 ttft=425.48ms hit=0.930339 e2e=815.275ms
[ok] openhands s68 turn7 ttft=434.684ms hit=0.993559 e2e=693.78ms
[ok] openhands s323 turn11 ttft=387.942ms hit=0.978721 e2e=634.328ms
[ok] openhands s385 turn15 ttft=323.309ms hit=0.930134 e2e=704.318ms
[ok] openhands s385 turn16 ttft=489.292ms hit=0.968877 e2e=739.875ms
[ok] openhands s323 turn12 ttft=501.782ms hit=0.971417 e2e=747.257ms
[ok] openhands s68 turn8 ttft=384.497ms hit=0.985308 e2e=754.443ms
[ok] openhands s385 turn17 ttft=331.425ms hit=0.962065 e2e=574.027ms
[ok] openhands s323 turn13 ttft=313.029ms hit=0.969 e2e=552.664ms
[ok] openhands s323 turn14 ttft=215.376ms hit=0.980611 e2e=549.387ms
[ok] openhands s385 turn18 ttft=210.774ms hit=0.934648 e2e=495.131ms
[ok] openhands s323 turn15 ttft=427.813ms hit=0.982772 e2e=560.455ms
[ok] openhands s385 turn19 ttft=228.02ms hit=0.934744 e2e=470.201ms
[ok] openhands s323 turn16 ttft=195.158ms hit=0.96952 e2e=646.209ms
[ok] openhands s385 turn20 ttft=234.029ms hit=0.951362 e2e=832.577ms
[ok] openhands s68 turn9 ttft=494.923ms hit=0.916131 e2e=874.634ms
[ok] openhands s323 turn17 ttft=356.2ms hit=0.948727 e2e=723.209ms
[ok] openhands s385 turn21 ttft=231.296ms hit=0.960669 e2e=1015.801ms
[ok] openhands s68 turn10 ttft=711.098ms hit=0.832844 e2e=1075.169ms
[ok] openhands s385 turn22 ttft=235.345ms hit=0.967487 e2e=599.712ms
[ok] openhands s68 turn11 ttft=294.484ms hit=0.979302 e2e=663.288ms
[ok] openhands s385 turn23 ttft=238.006ms hit=0.980789 e2e=481.577ms
[ok] openhands s385 turn24 ttft=232.552ms hit=0.979706 e2e=476.201ms
[ok] openhands s385 turn25 ttft=231.717ms hit=0.98365 e2e=478.23ms
[ok] openhands s385 turn26 ttft=240.677ms hit=0.955539 e2e=484.975ms
[ok] openhands s385 turn27 ttft=239.474ms hit=0.965157 e2e=615.09ms
[ok] openhands s68 turn12 ttft=303.67ms hit=0.986202 e2e=572.843ms
[ok] openhands s385 turn28 ttft=472.184ms hit=0.980035 e2e=607.524ms
[ok] openhands s68 turn13 ttft=296.073ms hit=0.979218 e2e=539.024ms
[ok] openhands s385 turn29 ttft=239.595ms hit=0.985439 e2e=485.724ms
[ok] openhands s385 turn30 ttft=245.058ms hit=0.983154 e2e=489.326ms
[ok] openhands s385 turn31 ttft=243.685ms hit=0.987793 e2e=487.925ms
[ok] openhands s385 turn32 ttft=241.206ms hit=0.993447 e2e=485.026ms
[ok] openhands s385 turn33 ttft=337.314ms hit=0.982681 e2e=581.895ms
[ok] openhands s68 turn14 ttft=405.193ms hit=0.985157 e2e=663.827ms
[ok] request s11 turn0 ttft=251.189ms hit=0.0 e2e=640.099ms
[ok] openhands s322 turn0 ttft=1100.565ms hit=0.0 e2e=1608.77ms
[ok] request s404 turn0 ttft=777.96ms hit=0.0 e2e=1285.765ms
[ok] openhands s68 turn15 ttft=1277.741ms hit=0.830305 e2e=2256.93ms
[ok] request s548 turn0 ttft=569.255ms hit=0.0 e2e=965.256ms
[ok] openhands s385 turn34 ttft=614.512ms hit=0.964967 e2e=2269.607ms
[ok] request s271 turn0 ttft=129.433ms hit=0.0 e2e=1600.791ms
[ok] request s345 turn0 ttft=752.262ms hit=0.0 e2e=954.993ms
[ok] request s389 turn0 ttft=140.539ms hit=0.0 e2e=169.745ms
[ok] openhands s322 turn1 ttft=265.179ms hit=0.907801 e2e=1835.422ms
[ok] request s428 turn0 ttft=265.46ms hit=0.0 e2e=1837.483ms
[ok] request s227 turn0 ttft=629.404ms hit=0.0 e2e=1250.706ms
[ok] request s457 turn0 ttft=306.662ms hit=0.0 e2e=928.786ms
[ok] openhands s68 turn16 ttft=1071.897ms hit=0.868385 e2e=1894.16ms
[ok] request s404 turn1 ttft=677.408ms hit=0.0 e2e=1302.118ms
[ok] request s440 turn0 ttft=227.161ms hit=0.0 e2e=852.599ms
[ok] openhands s385 turn35 ttft=356.711ms hit=0.989568 e2e=993.131ms
[ok] request s389 turn1 ttft=245.897ms hit=0.0 e2e=395.993ms
[ok] request s345 turn1 ttft=254.362ms hit=0.0 e2e=983.827ms
[ok] request s271 turn1 ttft=254.981ms hit=0.0 e2e=987.404ms
[ok] request s531 turn0 ttft=197.097ms hit=0.0 e2e=930.291ms
[ok] openhands s322 turn2 ttft=288.474ms hit=0.933625 e2e=1027.657ms
[ok] request s398 turn0 ttft=211.794ms hit=0.0 e2e=228.098ms
[ok] request s457 turn1 ttft=253.313ms hit=0.0 e2e=703.583ms
[ok] request s227 turn1 ttft=247.157ms hit=0.868868 e2e=706.405ms
[ok] openhands s385 turn36 ttft=370.933ms hit=0.984744 e2e=1056.881ms
[ok] request s122 turn0 ttft=370.432ms hit=0.0 e2e=946.138ms
[ok] request s404 turn2 ttft=251.707ms hit=0.241737 e2e=705.766ms
[ok] request s187 turn0 ttft=170.53ms hit=0.0 e2e=625.373ms
[ok] openhands s322 turn3 ttft=246.68ms hit=0.797808 e2e=610.065ms
[ok] request s389 turn2 ttft=380.622ms hit=0.0 e2e=412.36ms
[ok] request s118 turn0 ttft=395.137ms hit=0.0 e2e=1289.018ms
[ok] openhands s385 turn37 ttft=408.279ms hit=0.97833 e2e=1304.533ms
[ok] request s121 turn0 ttft=218.555ms hit=0.0 e2e=976.042ms
[ok] openhands s322 turn4 ttft=286.908ms hit=0.976996 e2e=1044.06ms
[ok] request s389 turn3 ttft=306.323ms hit=0.0 e2e=673.468ms
[ok] request s28 turn0 ttft=209.619ms hit=0.0 e2e=1212.018ms
[ok] request s187 turn1 ttft=265.195ms hit=0.0 e2e=1277.827ms
[ok] request s389 turn4 ttft=441.95ms hit=0.0 e2e=473.384ms
[ok] request s411 turn0 ttft=132.363ms hit=0.0 e2e=143.575ms
[ok] request s166 turn0 ttft=138.646ms hit=0.0 e2e=2106.849ms
[ok] request s151 turn0 ttft=183.427ms hit=0.0 e2e=1548.263ms
[ok] openhands s385 turn38 ttft=471.506ms hit=0.954951 e2e=1850.083ms
[ok] request s31 turn0 ttft=236.867ms hit=0.0 e2e=1874.203ms
[ok] openhands s322 turn5 ttft=352.492ms hit=0.939048 e2e=1862.199ms
[ok] openhands s67 turn0 ttft=829.218ms hit=0.0 e2e=1451.299ms
[ok] request s289 turn0 ttft=624.723ms hit=0.0 e2e=1129.56ms
[ok] request s118 turn1 ttft=313.947ms hit=0.0 e2e=1489.917ms
[ok] request s121 turn1 ttft=311.268ms hit=0.0 e2e=1487.998ms
[ok] request s187 turn2 ttft=423.268ms hit=0.0 e2e=929.306ms
[ok] request s7 turn0 ttft=304.196ms hit=0.0 e2e=807.831ms
[ok] request s389 turn5 ttft=179.481ms hit=0.654731 e2e=213.241ms
[ok] request s145 turn0 ttft=459.514ms hit=0.0 e2e=1203.831ms
[ok] request s464 turn0 ttft=146.34ms hit=0.0 e2e=901.34ms
[ok] openhands s67 turn1 ttft=296.723ms hit=0.988878 e2e=1064.207ms
[ok] openhands s322 turn6 ttft=490.378ms hit=0.91217 e2e=1259.155ms
[ok] openhands s385 turn39 ttft=387.545ms hit=0.971527 e2e=1276.18ms
[ok] request s289 turn1 ttft=257.438ms hit=0.0 e2e=1337.242ms
[ok] request s121 turn2 ttft=373.946ms hit=0.342475 e2e=1335.739ms
[ok] request s187 turn3 ttft=372.013ms hit=0.48855 e2e=1337.164ms
[ok] request s563 turn0 ttft=245.372ms hit=0.0 e2e=1458.19ms
[ok] request s118 turn2 ttft=374.092ms hit=0.592593 e2e=1340.211ms
[ok] request s234 turn0 ttft=178.932ms hit=0.0 e2e=1135.971ms
[ok] openhands s67 turn2 ttft=887.722ms hit=0.888463 e2e=1020.093ms
[ok] request s145 turn1 ttft=180.332ms hit=0.0 e2e=605.266ms
[ok] request s87 turn0 ttft=317.235ms hit=0.0 e2e=760.568ms
[ok] request s20 turn0 ttft=366.023ms hit=0.0 e2e=1083.608ms
[ok] openhands s68 turn17 ttft=398.275ms hit=0.990869 e2e=1116.661ms
[ok] request s380 turn0 ttft=140.942ms hit=0.0 e2e=438.923ms
[ok] openhands s385 turn40 ttft=532.218ms hit=0.948829 e2e=977.062ms
[ok] openhands s322 turn7 ttft=283.955ms hit=0.899787 e2e=713.371ms
[ok] request s519 turn0 ttft=1406.674ms hit=0.0 e2e=2192.906ms
[ok] request s20 turn1 ttft=1587.404ms hit=0.0 e2e=1856.262ms
[ok] request s145 turn2 ttft=1323.826ms hit=0.0 e2e=2126.524ms
[ok] request s187 turn4 ttft=1586.443ms hit=0.0 e2e=2611.223ms
[ok] request s376 turn0 ttft=1338.417ms hit=0.0 e2e=2092.233ms
[ok] request s289 turn2 ttft=1285.052ms hit=0.0 e2e=2617.275ms
[ok] request s121 turn3 ttft=1588.849ms hit=0.0 e2e=2615.481ms
[ok] openhands s385 turn41 ttft=1586.67ms hit=0.946905 e2e=2918.655ms
[ok] request s118 turn3 ttft=1585.673ms hit=0.0 e2e=2616.918ms
[ok] request s380 turn1 ttft=1587.403ms hit=0.0 e2e=2347.502ms
[ok] request s52 turn0 ttft=1729.913ms hit=0.0 e2e=3066.332ms
[ok] openhands s68 turn18 ttft=1599.342ms hit=0.988103 e2e=2935.47ms
[ok] request s234 turn1 ttft=1585.161ms hit=0.0 e2e=2616.398ms
[ok] request s556 turn0 ttft=1389.581ms hit=0.0 e2e=2421.546ms
[ok] request s87 turn1 ttft=1319.681ms hit=0.0 e2e=2350.906ms
[ok] openhands s67 turn3 ttft=1737.532ms hit=0.38474 e2e=3074.161ms
[ok] openhands s322 turn8 ttft=1314.68ms hit=0.741945 e2e=2077.051ms
[ok] request s283 turn0 ttft=806.186ms hit=0.0 e2e=1455.587ms
[ok] request s262 turn0 ttft=1129.053ms hit=0.0 e2e=1777.865ms
[ok] request s123 turn0 ttft=178.429ms hit=0.0 e2e=812.463ms
[ok] request s8 turn0 ttft=484.925ms hit=0.0 e2e=1135.455ms
[ok] request s469 turn0 ttft=140.524ms hit=0.0 e2e=1108.381ms
[ok] request s92 turn0 ttft=135.228ms hit=0.0 e2e=789.6ms
[ok] request s145 turn3 ttft=1071.76ms hit=0.0 e2e=1696.279ms
[ok] request s556 turn1 ttft=973.649ms hit=0.0 e2e=1480.488ms
[ok] openhands s68 turn19 ttft=1953.679ms hit=0.996887 e2e=2236.01ms
[ok] openhands s3 turn0 ttft=1287.01ms hit=0.0 e2e=2101.496ms
[ok] request s121 turn4 ttft=978.762ms hit=0.0 e2e=1665.955ms
[ok] openhands s67 turn4 ttft=767.479ms hit=0.986196 e2e=2230.055ms
[ok] request s48 turn0 ttft=1092.065ms hit=0.0 e2e=1779.203ms
[ok] request s123 turn1 ttft=970.294ms hit=0.0 e2e=1657.11ms
[ok] request s14 turn0 ttft=770.602ms hit=0.0 e2e=1457.136ms
[ok] openhands s385 turn42 ttft=610.704ms hit=0.966223 e2e=2245.205ms
[ok] openhands s322 turn9 ttft=1409.31ms hit=0.967491 e2e=2226.574ms
[ok] request s187 turn5 ttft=983.792ms hit=0.0 e2e=1670.084ms
[ok] request s380 turn2 ttft=975.205ms hit=0.0 e2e=1662.285ms
[ok] request s52 turn1 ttft=975.277ms hit=0.0 e2e=1661.164ms
[ok] request s459 turn0 ttft=450.513ms hit=0.0 e2e=1136.204ms
[ok] request s99 turn0 ttft=246.515ms hit=0.0 e2e=815.802ms
[ok] request s238 turn0 ttft=128.95ms hit=0.0 e2e=1065.494ms
[ok] request s529 turn0 ttft=130.132ms hit=0.0 e2e=745.212ms
[ok] request s145 turn4 ttft=672.233ms hit=0.0 e2e=1265.333ms
[ok] request s556 turn2 ttft=660.329ms hit=0.0 e2e=1261.447ms
[ok] request s123 turn2 ttft=479.312ms hit=0.222609 e2e=1162.244ms
[ok] request s453 turn0 ttft=924.644ms hit=0.0 e2e=1608.872ms
[ok] request s344 turn0 ttft=602.585ms hit=0.0 e2e=1286.551ms
[ok] openhands s385 turn43 ttft=871.571ms hit=0.90796 e2e=1750.589ms
[ok] openhands s322 turn10 ttft=1036.511ms hit=0.935627 e2e=1723.04ms
[ok] openhands s3 turn1 ttft=616.107ms hit=0.984159 e2e=1765.049ms
[ok] openhands s67 turn5 ttft=978.15ms hit=0.991208 e2e=1664.779ms
[ok] request s380 turn3 ttft=481.322ms hit=0.731777 e2e=1167.251ms
[ok] openhands s68 turn20 ttft=596.011ms hit=0.985025 e2e=1788.023ms
[ok] request s530 turn0 ttft=290.948ms hit=0.0 e2e=968.875ms
[ok] request s529 turn1 ttft=195.278ms hit=0.0 e2e=633.082ms
[ok] request s307 turn0 ttft=239.607ms hit=0.0 e2e=688.711ms
[ok] request s238 turn1 ttft=198.259ms hit=0.0 e2e=636.242ms
[ok] request s218 turn0 ttft=134.336ms hit=0.0 e2e=1194.273ms
[ok] openhands s67 turn6 ttft=925.612ms hit=0.992271 e2e=1207.702ms
[ok] request s38 turn0 ttft=628.055ms hit=0.0 e2e=1228.285ms
[ok] openhands s385 turn44 ttft=628.424ms hit=0.971342 e2e=1352.429ms
[ok] openhands s3 turn2 ttft=1080.555ms hit=0.975558 e2e=1337.96ms
[ok] request s423 turn0 ttft=532.142ms hit=0.0 e2e=1037.525ms
[ok] openhands s322 turn11 ttft=574.735ms hit=0.938794 e2e=1079.348ms
[ok] request s502 turn0 ttft=209.397ms hit=0.0 e2e=714.811ms
[ok] openhands s68 turn21 ttft=767.377ms hit=0.989171 e2e=1332.562ms
[ok] request s556 turn3 ttft=339.176ms hit=0.0 e2e=844.024ms
[ok] request s529 turn2 ttft=212.59ms hit=0.333116 e2e=717.167ms
[ok] request s540 turn0 ttft=135.023ms hit=0.0 e2e=669.288ms
[ok] openhands s3 turn3 ttft=274.222ms hit=0.955768 e2e=2705.083ms
[ok] request s115 turn0 ttft=343.024ms hit=0.0 e2e=2774.749ms
[ok] openhands s67 turn7 ttft=402.436ms hit=0.993278 e2e=2834.928ms
[ok] openhands s258 turn8 ttft=2013.09ms hit=0.0 e2e=2457.984ms
[ok] openhands s322 turn12 ttft=1182.588ms hit=0.683837 e2e=2467.869ms
[ok] request s393 turn0 ttft=1548.581ms hit=0.0 e2e=1993.504ms
[ok] request s396 turn0 ttft=1870.406ms hit=0.0 e2e=2318.708ms
[ok] openhands s68 turn22 ttft=600.964ms hit=0.971192 e2e=2876.678ms
[ok] request s210 turn0 ttft=538.503ms hit=0.0 e2e=2642.6ms
[ok] request s529 turn3 ttft=1843.34ms hit=0.0 e2e=2293.837ms
[ok] request s371 turn0 ttft=1235.862ms hit=0.0 e2e=1674.749ms
[ok] openhands s385 turn45 ttft=1012.824ms hit=0.992385 e2e=1451.413ms
[ok] openhands s3 turn4 ttft=641.036ms hit=0.964427 e2e=1034.591ms
[ok] openhands s67 turn8 ttft=637.658ms hit=0.959508 e2e=1029.919ms
[ok] openhands s68 turn23 ttft=877.319ms hit=0.997552 e2e=1297.121ms
[ok] openhands s258 turn9 ttft=730.591ms hit=0.972029 e2e=1416.332ms
[ok] request s529 turn4 ttft=175.281ms hit=0.657615 e2e=856.589ms
[ok] openhands s385 turn46 ttft=633.591ms hit=0.986237 e2e=1442.229ms
[ok] request s393 turn1 ttft=179.649ms hit=0.610008 e2e=861.131ms
[ok] openhands s67 turn9 ttft=354.196ms hit=0.935882 e2e=889.785ms
[ok] openhands s3 turn5 ttft=307.622ms hit=0.9815 e2e=893.599ms
[ok] openhands s258 turn10 ttft=1761.766ms hit=0.982111 e2e=1910.913ms
[ok] openhands s385 turn47 ttft=1711.873ms hit=0.97294 e2e=1862.33ms
[ok] openhands s3 turn6 ttft=1329.931ms hit=0.579698 e2e=1610.591ms
[ok] request s529 turn5 ttft=1174.212ms hit=0.0 e2e=1442.717ms
[ok] openhands s67 turn10 ttft=1154.655ms hit=0.841298 e2e=1713.707ms
[ok] request s393 turn2 ttft=1172.657ms hit=0.0 e2e=1440.682ms
[ok] openhands s3 turn7 ttft=323.504ms hit=0.979308 e2e=586.384ms
[ok] openhands s385 turn48 ttft=322.606ms hit=0.968064 e2e=801.147ms
[ok] request s529 turn6 ttft=258.39ms hit=0.831169 e2e=642.677ms
[ok] openhands s3 turn8 ttft=244.256ms hit=0.941022 e2e=623.6ms
[ok] openhands s385 turn49 ttft=421.626ms hit=0.982387 e2e=799.267ms
[ok] openhands s3 turn9 ttft=302.815ms hit=0.944562 e2e=555.52ms
[ok] openhands s258 turn11 ttft=410.776ms hit=0.985675 e2e=668.546ms
[ok] openhands s3 turn10 ttft=853.973ms hit=0.73173 e2e=1102.563ms
[ok] openhands s67 turn11 ttft=527.719ms hit=0.995922 e2e=1347.377ms
[ok] request s529 turn7 ttft=448.397ms hit=0.0 e2e=1156.51ms
[ok] openhands s385 turn50 ttft=768.325ms hit=0.973184 e2e=1016.883ms
[ok] openhands s258 turn12 ttft=465.095ms hit=0.989311 e2e=722.763ms
[ok] openhands s385 turn51 ttft=429.147ms hit=0.991547 e2e=677.534ms
[ok] openhands s3 turn11 ttft=355.61ms hit=0.98317 e2e=741.748ms
[ok] openhands s3 turn12 ttft=489.435ms hit=0.968545 e2e=759.361ms
[ok] openhands s385 turn52 ttft=351.005ms hit=0.990896 e2e=656.309ms
[ok] openhands s67 turn12 ttft=1008.235ms hit=0.825526 e2e=1267.185ms
[ok] openhands s385 turn53 ttft=661.954ms hit=0.979298 e2e=912.562ms
[ok] openhands s3 turn13 ttft=760.588ms hit=0.970964 e2e=1020.13ms
[ok] openhands s258 turn13 ttft=870.312ms hit=0.992613 e2e=1129.474ms
[ok] openhands s3 turn14 ttft=497.532ms hit=0.984012 e2e=758.98ms
[ok] openhands s385 turn54 ttft=440.666ms hit=0.992665 e2e=920.881ms
[ok] openhands s258 turn14 ttft=213.295ms hit=0.985573 e2e=665.191ms
[ok] openhands s3 turn15 ttft=401.052ms hit=0.984738 e2e=753.02ms
[ok] openhands s385 turn55 ttft=672.348ms hit=0.984424 e2e=818.346ms
[ok] openhands s258 turn15 ttft=236.574ms hit=0.989571 e2e=1512.371ms
[ok] openhands s3 turn16 ttft=257.689ms hit=0.990852 e2e=1251.613ms
[ok] openhands s385 turn56 ttft=1410.71ms hit=0.97379 e2e=1550.425ms
[ok] openhands s3 turn17 ttft=362.678ms hit=0.99278 e2e=612.783ms
[ok] openhands s258 turn16 ttft=360.168ms hit=0.969924 e2e=621.079ms
[ok] openhands s67 turn13 ttft=709.932ms hit=0.996292 e2e=1093.456ms
[ok] openhands s258 turn17 ttft=966.009ms hit=0.765985 e2e=1234.031ms
[ok] openhands s3 turn18 ttft=567.726ms hit=0.917058 e2e=1243.967ms
[ok] openhands s67 turn14 ttft=561.442ms hit=0.997117 e2e=856.115ms
[ok] openhands s385 turn57 ttft=538.852ms hit=0.972618 e2e=1130.908ms
[ok] openhands s3 turn19 ttft=481.067ms hit=0.968735 e2e=730.751ms
[ok] openhands s258 turn18 ttft=486.317ms hit=0.987098 e2e=739.294ms
[ok] openhands s67 turn15 ttft=309.055ms hit=0.994879 e2e=852.302ms
[ok] openhands s258 turn19 ttft=688.513ms hit=0.834229 e2e=1151.258ms
[ok] openhands s385 turn58 ttft=879.507ms hit=0.960004 e2e=1143.673ms
[ok] openhands s3 turn20 ttft=435.239ms hit=0.99332 e2e=1163.013ms
[ok] openhands s67 turn16 ttft=466.744ms hit=0.994341 e2e=721.79ms
[ok] request s27 turn0 ttft=144.073ms hit=0.0 e2e=292.302ms
[ok] openhands s3 turn21 ttft=3949.126ms hit=0.971269 e2e=4258.937ms
[ok] request s336 turn0 ttft=2515.208ms hit=0.0 e2e=3381.688ms
[ok] request s473 turn0 ttft=2838.737ms hit=0.0 e2e=3706.168ms
[ok] request s363 turn0 ttft=2193.507ms hit=0.0 e2e=3060.635ms
[ok] openhands s258 turn20 ttft=1140.566ms hit=0.817552 e2e=4383.712ms
[ok] request s176 turn0 ttft=1402.67ms hit=0.0 e2e=2097.76ms
[ok] openhands s385 turn59 ttft=3452.879ms hit=0.937133 e2e=4324.626ms
[ok] request s83 turn0 ttft=3161.65ms hit=0.0 e2e=4033.127ms
[ok] openhands s196 turn0 ttft=3196.872ms hit=0.590769 e2e=4357.048ms
[ok] openhands s67 turn17 ttft=836.073ms hit=0.929843 e2e=4418.766ms
[ok] request s190 turn0 ttft=1873.047ms hit=0.0 e2e=2744.767ms
[ok] request s56 turn0 ttft=759.872ms hit=0.0 e2e=1454.756ms
[ok] request s209 turn0 ttft=1081.626ms hit=0.0 e2e=1777.243ms
[ok] request s214 turn0 ttft=1725.914ms hit=0.0 e2e=2422.312ms
[ok] request s402 turn0 ttft=548.807ms hit=0.0 e2e=1132.511ms
[ok] request s231 turn0 ttft=236.341ms hit=0.0 e2e=810.736ms
[ok] request s486 turn0 ttft=912.758ms hit=0.0 e2e=1281.929ms
[ok] request s465 turn0 ttft=602.386ms hit=0.0 e2e=1222.883ms
[ok] openhands s258 turn21 ttft=1044.559ms hit=0.973847 e2e=1341.374ms
[ok] openhands s67 turn18 ttft=757.802ms hit=0.99194 e2e=1381.292ms
[ok] openhands s3 turn22 ttft=925.134ms hit=0.991581 e2e=1550.02ms
[ok] request s56 turn1 ttft=465.951ms hit=0.547945 e2e=1219.535ms
[ok] openhands s196 turn1 ttft=1300.982ms hit=0.972115 e2e=1811.431ms
[ok] request s46 turn0 ttft=264.114ms hit=0.0 e2e=1021.946ms
[ok] request s42 turn0 ttft=573.138ms hit=0.0 e2e=1348.438ms
[ok] request s27 turn1 ttft=649.586ms hit=0.0 e2e=1424.568ms
[ok] request s363 turn1 ttft=461.775ms hit=0.0 e2e=1236.468ms
[ok] request s214 turn1 ttft=464.372ms hit=0.651192 e2e=1229.511ms
[ok] openhands s385 turn60 ttft=809.194ms hit=0.974107 e2e=1583.78ms
[ok] request s83 turn1 ttft=457.989ms hit=0.0 e2e=1232.323ms
[ok] request s18 turn0 ttft=135.591ms hit=0.0 e2e=706.462ms
[ok] openhands s258 turn22 ttft=932.676ms hit=0.982588 e2e=939.312ms
[ok] openhands s3 turn23 ttft=861.727ms hit=0.986962 e2e=1097.093ms
[ok] request s192 turn0 ttft=384.382ms hit=0.0 e2e=1106.622ms
[ok] openhands s67 turn19 ttft=923.289ms hit=0.997034 e2e=1159.629ms
[ok] request s216 turn0 ttft=545.615ms hit=0.0 e2e=784.384ms
[ok] openhands s196 turn2 ttft=488.777ms hit=0.992643 e2e=1851.988ms
[ok] request s528 turn0 ttft=461.141ms hit=0.0 e2e=1797.392ms
[ok] request s465 turn1 ttft=571.341ms hit=0.0 e2e=1908.658ms
[ok] openhands s385 turn61 ttft=1722.658ms hit=0.995172 e2e=2025.015ms
[ok] openhands s386 turn0 ttft=623.605ms hit=0.0 e2e=1703.467ms
[ok] request s18 turn1 ttft=605.461ms hit=0.0 e2e=1684.868ms
[ok] request s141 turn0 ttft=632.529ms hit=0.0 e2e=1381.366ms
[ok] openhands s67 turn20 ttft=651.523ms hit=0.961988 e2e=1548.24ms
[ok] request s214 turn2 ttft=610.496ms hit=0.65071 e2e=1688.748ms
[ok] request s192 turn1 ttft=227.222ms hit=0.0 e2e=964.854ms
[ok] request s338 turn0 ttft=132.145ms hit=0.0 e2e=737.753ms
[ok] openhands s3 turn24 ttft=752.882ms hit=0.957913 e2e=1502.102ms
[ok] request s46 turn1 ttft=615.849ms hit=0.0 e2e=1696.131ms
[ok] request s23 turn0 ttft=320.891ms hit=0.0 e2e=1059.953ms
[ok] openhands s258 turn23 ttft=548.464ms hit=0.973983 e2e=1763.567ms
[ok] request s83 turn2 ttft=608.158ms hit=0.0 e2e=1688.59ms
[ok] request s156 turn0 ttft=141.583ms hit=0.0 e2e=417.545ms
[ok] openhands s196 turn3 ttft=780.964ms hit=0.988657 e2e=2102.506ms
[ok] request s71 turn0 ttft=606.224ms hit=0.0 e2e=1927.072ms
[ok] request s269 turn0 ttft=458.984ms hit=0.0 e2e=636.176ms
[ok] openhands s3 turn25 ttft=1722.766ms hit=0.979138 e2e=2113.784ms
[ok] request s517 turn0 ttft=655.486ms hit=0.0 e2e=1249.523ms
[ok] request s192 turn2 ttft=791.757ms hit=0.0 e2e=1519.871ms
[ok] request s414 turn0 ttft=149.711ms hit=0.0 e2e=605.44ms
[ok] request s251 turn0 ttft=683.619ms hit=0.0 e2e=1588.808ms
[ok] request s465 turn2 ttft=866.997ms hit=0.307508 e2e=1771.855ms
[ok] openhands s258 turn24 ttft=1210.59ms hit=0.986968 e2e=2115.134ms
[ok] openhands s386 turn1 ttft=1166.31ms hit=0.933625 e2e=2070.153ms
[ok] openhands s67 turn21 ttft=845.837ms hit=0.925166 e2e=2126.896ms
[ok] openhands s385 turn62 ttft=654.853ms hit=0.993244 e2e=1140.347ms
[ok] request s18 turn2 ttft=797.493ms hit=0.0 e2e=1542.589ms
[ok] request s46 turn2 ttft=922.926ms hit=0.0 e2e=1535.512ms
[ok] request s22 turn0 ttft=1007.653ms hit=0.0 e2e=1913.192ms
[ok] request s214 turn3 ttft=793.996ms hit=0.0 e2e=1541.027ms
[ok] request s342 turn0 ttft=455.369ms hit=0.0 e2e=1531.334ms
[ok] openhands s258 turn25 ttft=1192.402ms hit=0.973919 e2e=1508.517ms
[ok] openhands s196 turn4 ttft=780.717ms hit=0.996189 e2e=1861.387ms
[ok] openhands s386 turn2 ttft=476.367ms hit=0.954037 e2e=1556.107ms
[ok] openhands s3 turn26 ttft=491.558ms hit=0.991022 e2e=1570.449ms
[ok] request s12 turn0 ttft=747.115ms hit=0.0 e2e=1827.792ms
[ok] request s60 turn0 ttft=492.372ms hit=0.0 e2e=1280.696ms
[ok] request s71 turn1 ttft=542.463ms hit=0.0 e2e=1331.771ms
[ok] request s517 turn1 ttft=278.953ms hit=0.395978 e2e=1042.247ms
[ok] request s315 turn0 ttft=144.372ms hit=0.0 e2e=635.274ms
[ok] request s535 turn0 ttft=342.308ms hit=0.0 e2e=958.401ms
[ok] request s18 turn3 ttft=394.871ms hit=0.0 e2e=1025.569ms
[ok] openhands s385 turn63 ttft=812.915ms hit=0.991743 e2e=1601.912ms
[ok] request s192 turn3 ttft=277.066ms hit=0.628221 e2e=1042.035ms
[ok] request s46 turn3 ttft=394.895ms hit=0.659794 e2e=1024.801ms
[ok] openhands s67 turn22 ttft=404.13ms hit=0.996292 e2e=1020.932ms
[ok] request s465 turn3 ttft=397.254ms hit=0.609524 e2e=1028.705ms
[ok] request s214 turn4 ttft=392.702ms hit=0.862069 e2e=1023.879ms
[ok] request s483 turn0 ttft=140.492ms hit=0.0 e2e=1255.453ms
[ok] openhands s258 turn26 ttft=959.178ms hit=0.986631 e2e=1361.353ms
[ok] openhands s196 turn5 ttft=997.004ms hit=0.991414 e2e=1399.247ms
[ok] request s467 turn0 ttft=916.008ms hit=0.0 e2e=1322.076ms
[ok] openhands s386 turn3 ttft=994.893ms hit=0.970532 e2e=1402.102ms
[ok] openhands s3 turn27 ttft=1009.018ms hit=0.990094 e2e=1417.015ms
[ok] openhands s385 turn64 ttft=1258.058ms hit=0.996669 e2e=2207.812ms
[ok] request s478 turn0 ttft=827.653ms hit=0.0 e2e=2132.139ms
[ok] request s517 turn2 ttft=600.53ms hit=0.524805 e2e=1862.686ms
[ok] request s214 turn5 ttft=595.432ms hit=0.903823 e2e=1857.221ms
[ok] openhands s67 turn23 ttft=1075.258ms hit=0.996531 e2e=2383.775ms
[ok] request s18 turn4 ttft=599.809ms hit=0.613174 e2e=1865.434ms
[ok] request s301 turn0 ttft=227.518ms hit=0.0 e2e=1492.806ms
[ok] request s568 turn0 ttft=550.485ms hit=0.0 e2e=1815.488ms
[ok] request s465 turn4 ttft=599.476ms hit=0.731196 e2e=1864.225ms
[ok] request s483 turn1 ttft=605.621ms hit=0.0 e2e=929.132ms
[ok] request s45 turn0 ttft=526.427ms hit=0.0 e2e=850.706ms
[ok] openhands s386 turn4 ttft=747.597ms hit=0.941649 e2e=1075.927ms
[ok] openhands s196 turn6 ttft=780.598ms hit=0.996636 e2e=1107.512ms
[ok] openhands s3 turn28 ttft=794.751ms hit=0.993731 e2e=1121.421ms
[ok] openhands s511 turn0 ttft=721.923ms hit=0.0 e2e=1177.273ms
[ok] request s270 turn0 ttft=210.025ms hit=0.0 e2e=533.077ms
[ok] request s416 turn0 ttft=634.313ms hit=0.0 e2e=636.112ms
[ok] request s109 turn0 ttft=952.82ms hit=0.0 e2e=1460.209ms
[ok] openhands s385 turn65 ttft=992.42ms hit=0.988913 e2e=1498.306ms
[ok] openhands s67 turn24 ttft=1486.34ms hit=0.99686 e2e=1510.159ms
[ok] openhands s511 turn1 ttft=1467.391ms hit=0.988028 e2e=1490.231ms
[ok] openhands s386 turn5 ttft=1430.05ms hit=0.948454 e2e=1457.638ms
[ok] openhands s3 turn29 ttft=733.557ms hit=0.993773 e2e=1503.285ms
[ok] request s162 turn0 ttft=654.97ms hit=0.0 e2e=1534.729ms
[ok] request s63 turn0 ttft=333.891ms hit=0.0 e2e=1213.286ms
[ok] request s517 turn3 ttft=503.342ms hit=0.640534 e2e=1382.372ms
[ok] request s465 turn5 ttft=494.563ms hit=0.832746 e2e=1373.196ms
[ok] openhands s196 turn7 ttft=933.2ms hit=0.99343 e2e=1942.989ms
[ok] request s18 turn5 ttft=499.439ms hit=0.495484 e2e=1378.016ms
[ok] request s301 turn1 ttft=497.6ms hit=0.0 e2e=1375.874ms
[ok] request s568 turn1 ttft=497.061ms hit=0.0 e2e=1375.05ms
[ok] request s483 turn2 ttft=493.879ms hit=0.368876 e2e=1371.569ms
[ok] request s45 turn1 ttft=493.024ms hit=0.0 e2e=1370.434ms
[ok] request s214 turn6 ttft=504.835ms hit=0.880576 e2e=1381.979ms
[ok] request s211 turn0 ttft=138.872ms hit=0.0 e2e=892.64ms
[ok] request s86 turn0 ttft=559.849ms hit=0.0 e2e=850.04ms
[ok] openhands s385 turn66 ttft=719.483ms hit=0.997117 e2e=999.955ms
[ok] request s201 turn0 ttft=518.139ms hit=0.0 e2e=2217.078ms
[ok] request s109 turn1 ttft=394.049ms hit=0.451765 e2e=2096.26ms
[ok] openhands s3 turn30 ttft=963.436ms hit=0.993975 e2e=2416.171ms
[ok] openhands s386 turn6 ttft=664.499ms hit=0.906061 e2e=2358.576ms
[ok] openhands s511 turn2 ttft=714.154ms hit=0.9433 e2e=2418.964ms
[ok] openhands s67 turn25 ttft=492.728ms hit=0.983675 e2e=2431.45ms
[ok] request s149 turn0 ttft=422.807ms hit=0.0 e2e=1707.773ms
[ok] request s287 turn0 ttft=368.408ms hit=0.0 e2e=977.628ms
[ok] request s407 turn0 ttft=445.805ms hit=0.0 e2e=2559.92ms
[ok] openhands s196 turn8 ttft=1968.366ms hit=0.990217 e2e=2633.654ms
[ok] request s150 turn0 ttft=460.252ms hit=0.0 e2e=1316.676ms
[ok] request s275 turn0 ttft=451.702ms hit=0.0 e2e=2555.278ms
[ok] request s517 turn4 ttft=361.551ms hit=0.753099 e2e=2353.174ms
[ok] request s172 turn0 ttft=574.908ms hit=0.0 e2e=1824.276ms
[ok] request s45 turn2 ttft=354.369ms hit=0.0 e2e=2347.387ms
[ok] openhands s511 turn3 ttft=951.604ms hit=0.971862 e2e=975.149ms
[ok] request s334 turn0 ttft=251.614ms hit=0.0 e2e=1265.845ms
[ok] request s18 turn6 ttft=357.635ms hit=0.586932 e2e=2351.835ms
[ok] openhands s385 turn67 ttft=563.303ms hit=0.979046 e2e=2668.875ms
[ok] openhands s132 turn0 ttft=903.459ms hit=0.0 e2e=2153.516ms
[ok] request s523 turn0 ttft=166.847ms hit=0.0 e2e=1170.082ms
[ok] request s568 turn2 ttft=356.246ms hit=0.447813 e2e=2350.303ms
[ok] request s86 turn1 ttft=824.546ms hit=0.0 e2e=2074.802ms
[ok] request s419 turn0 ttft=662.832ms hit=0.0 e2e=1912.827ms
[ok] request s197 turn0 ttft=560.673ms hit=0.0 e2e=1351.328ms
[ok] request s471 turn0 ttft=500.423ms hit=0.0 e2e=1257.203ms
[ok] request s111 turn0 ttft=278.396ms hit=0.0 e2e=1036.998ms
[ok] openhands s67 turn26 ttft=618.195ms hit=0.990114 e2e=1378.322ms
[ok] openhands s386 turn7 ttft=564.461ms hit=0.957147 e2e=1358.569ms
[ok] openhands s3 turn31 ttft=472.29ms hit=0.994207 e2e=1391.854ms
[ok] request s484 turn0 ttft=170.72ms hit=0.0 e2e=931.171ms
[ok] request s150 turn1 ttft=571.78ms hit=0.0 e2e=1012.052ms
[ok] request s150 turn2 ttft=455.432ms hit=0.0 e2e=674.45ms
[ok] request s320 turn0 ttft=692.83ms hit=0.0 e2e=2298.2ms
[ok] request s297 turn0 ttft=608.358ms hit=0.0 e2e=2212.707ms
[ok] openhands s196 turn9 ttft=1920.368ms hit=0.994272 e2e=2342.331ms
[ok] request s107 turn0 ttft=393.54ms hit=0.0 e2e=2049.474ms
[ok] openhands s132 turn1 ttft=1654.65ms hit=0.831013 e2e=2077.627ms
[ok] openhands s258 turn27 ttft=466.478ms hit=0.966404 e2e=2124.154ms
[ok] openhands s511 turn4 ttft=1604.181ms hit=0.968145 e2e=2053.437ms
[ok] request s434 turn0 ttft=713.535ms hit=0.0 e2e=2273.835ms
[ok] request s461 turn0 ttft=509.031ms hit=0.0 e2e=2073.508ms
[ok] openhands s385 turn68 ttft=850.232ms hit=0.994618 e2e=2415.505ms
[ok] request s76 turn0 ttft=387.666ms hit=0.0 e2e=1950.786ms
[ok] openhands s3 turn32 ttft=1258.608ms hit=0.994437 e2e=1997.102ms
[ok] openhands s386 turn8 ttft=1145.03ms hit=0.917806 e2e=1909.127ms
[ok] request s45 turn3 ttft=556.73ms hit=0.0 e2e=2121.976ms
[ok] request s150 turn3 ttft=250.003ms hit=0.0 e2e=705.766ms
[ok] request s243 turn0 ttft=289.589ms hit=0.0 e2e=1296.982ms
[ok] openhands s67 turn27 ttft=707.708ms hit=0.968732 e2e=1991.881ms
[ok] request s172 turn1 ttft=746.985ms hit=0.577878 e2e=1828.064ms
[ok] request s571 turn0 ttft=551.97ms hit=0.0 e2e=1632.778ms
[ok] request s302 turn0 ttft=189.168ms hit=0.0 e2e=649.076ms
[ok] request s86 turn2 ttft=742.989ms hit=0.0 e2e=1823.909ms
[ok] request s471 turn1 ttft=399.141ms hit=0.0 e2e=1414.281ms
[ok] request s517 turn5 ttft=751.005ms hit=0.767361 e2e=1832.041ms
[ok] request s484 turn1 ttft=395.796ms hit=0.0 e2e=1412.599ms
[ok] request s18 turn7 ttft=747.838ms hit=0.778116 e2e=1829.04ms
[ok] request s523 turn1 ttft=745.487ms hit=0.671916 e2e=1826.585ms
[ok] request s475 turn0 ttft=141.45ms hit=0.0 e2e=979.862ms
[ok] request s175 turn0 ttft=733.748ms hit=0.0 e2e=1798.608ms
[ok] openhands s511 turn5 ttft=728.312ms hit=0.976326 e2e=1823.164ms
[ok] request s50 turn0 ttft=379.232ms hit=0.0 e2e=1476.576ms
[ok] openhands s196 turn10 ttft=803.768ms hit=0.994709 e2e=1904.8ms
[ok] openhands s3 turn33 ttft=1198.327ms hit=0.993779 e2e=1504.581ms
[ok] openhands s386 turn9 ttft=410.291ms hit=0.922695 e2e=1509.173ms
[ok] openhands s132 turn2 ttft=760.355ms hit=0.978485 e2e=1860.574ms
[ok] request s471 turn2 ttft=446.676ms hit=0.497087 e2e=1269.558ms
[ok] request s167 turn0 ttft=337.744ms hit=0.0 e2e=934.633ms
[ok] request s517 turn6 ttft=393.664ms hit=0.810796 e2e=995.111ms
[ok] openhands s67 turn28 ttft=626.521ms hit=0.997377 e2e=1576.943ms
[ok] request s461 turn1 ttft=405.914ms hit=0.0 e2e=1007.5ms
[ok] request s327 turn0 ttft=433.985ms hit=0.0 e2e=1263.719ms
[ok] request s172 turn2 ttft=404.457ms hit=0.793552 e2e=999.131ms
[ok] request s76 turn1 ttft=405.978ms hit=0.0 e2e=1007.337ms
[ok] request s434 turn1 ttft=412.536ms hit=0.0 e2e=1013.609ms
[ok] request s302 turn1 ttft=397.787ms hit=0.0 e2e=998.613ms
[ok] request s523 turn2 ttft=393.289ms hit=0.555917 e2e=993.866ms
[ok] openhands s258 turn28 ttft=272.839ms hit=0.965014 e2e=736.479ms
[ok] request s388 turn0 ttft=149.253ms hit=0.0 e2e=612.817ms
[ok] request s77 turn0 ttft=146.641ms hit=0.0 e2e=2271.701ms
[ok] openhands s386 turn10 ttft=861.231ms hit=0.919583 e2e=2244.08ms
[ok] openhands s132 turn3 ttft=942.973ms hit=0.978107 e2e=2328.476ms
[ok] request s153 turn0 ttft=834.399ms hit=0.0 e2e=2284.844ms
[ok] openhands s258 turn29 ttft=1960.167ms hit=0.95351 e2e=2302.84ms
[ok] openhands s67 turn29 ttft=876.164ms hit=0.997857 e2e=2327.769ms
[ok] request s417 turn0 ttft=757.58ms hit=0.0 e2e=1866.869ms
[ok] openhands s511 turn6 ttft=626.412ms hit=0.848046 e2e=2519.275ms
[ok] request s545 turn0 ttft=508.632ms hit=0.0 e2e=2529.099ms
[ok] openhands s3 turn34 ttft=787.919ms hit=0.992782 e2e=2386.455ms
[ok] openhands s0 turn0 ttft=1085.156ms hit=0.0 e2e=2201.487ms
[ok] request s302 turn2 ttft=699.885ms hit=0.372635 e2e=2298.419ms
[ok] request s208 turn0 ttft=550.859ms hit=0.0 e2e=1546.627ms
[ok] request s172 turn3 ttft=703.472ms hit=0.625153 e2e=2302.035ms
[ok] request s364 turn0 ttft=235.096ms hit=0.0 e2e=1219.534ms
[ok] openhands s196 turn11 ttft=793.361ms hit=0.994899 e2e=2815.235ms
[ok] request s471 turn3 ttft=410.586ms hit=0.743106 e2e=2312.561ms
[ok] request s523 turn3 ttft=699.382ms hit=0.710453 e2e=2298.723ms
[ok] request s388 turn1 ttft=697.683ms hit=0.0 e2e=2296.824ms
[ok] request s167 turn1 ttft=709.248ms hit=0.616867 e2e=2308.236ms
[ok] request s76 turn2 ttft=703.812ms hit=0.281938 e2e=2302.632ms
[ok] request s517 turn7 ttft=709.036ms hit=0.831651 e2e=2307.7ms
[ok] request s264 turn0 ttft=131.928ms hit=0.0 e2e=1109.348ms
[ok] openhands s258 turn30 ttft=457.616ms hit=0.958676 e2e=1374.797ms
[ok] request s298 turn0 ttft=171.164ms hit=0.0 e2e=1072.922ms
[ok] openhands s386 turn11 ttft=446.779ms hit=0.958258 e2e=1363.956ms
[ok] request s157 turn0 ttft=345.571ms hit=0.0 e2e=1401.876ms
[ok] openhands s132 turn4 ttft=298.882ms hit=0.981607 e2e=1477.689ms
[ok] request s443 turn0 ttft=333.999ms hit=0.0 e2e=1492.432ms
[ok] openhands s0 turn1 ttft=407.506ms hit=0.899993 e2e=1566.027ms
[ok] openhands s3 turn35 ttft=413.368ms hit=0.986899 e2e=1583.259ms
[ok] request s204 turn0 ttft=144.792ms hit=0.0 e2e=1190.632ms
[ok] request s339 turn0 ttft=169.347ms hit=0.0 e2e=406.622ms
[ok] request s264 turn1 ttft=616.158ms hit=0.0 e2e=1552.23ms
[ok] request s308 turn0 ttft=687.079ms hit=0.0 e2e=1622.843ms
[ok] request s496 turn0 ttft=363.956ms hit=0.0 e2e=1295.181ms
[ok] request s302 turn3 ttft=835.039ms hit=0.63745 e2e=1774.757ms
[ok] openhands s196 turn12 ttft=624.686ms hit=0.98971 e2e=1846.241ms
[ok] openhands s132 turn5 ttft=1109.307ms hit=0.901262 e2e=1529.493ms
[ok] request s76 turn3 ttft=828.492ms hit=0.554513 e2e=1768.861ms
[ok] openhands s386 turn12 ttft=594.762ms hit=0.971103 e2e=1534.736ms
[ok] request s471 turn4 ttft=834.604ms hit=0.744619 e2e=1774.321ms
[ok] request s545 turn1 ttft=555.918ms hit=0.0 e2e=1778.15ms
[ok] request s388 turn2 ttft=833.205ms hit=0.308806 e2e=1772.84ms
[ok] request s167 turn2 ttft=832.471ms hit=0.695652 e2e=1771.797ms
[ok] openhands s258 turn31 ttft=281.139ms hit=0.961311 e2e=1131.159ms
[ok] openhands s0 turn2 ttft=606.98ms hit=0.976239 e2e=1197.373ms
[ok] request s101 turn0 ttft=205.515ms hit=0.0 e2e=1056.354ms
[ok] openhands s3 turn36 ttft=346.515ms hit=0.996794 e2e=1197.06ms
[ok] request s443 turn1 ttft=141.133ms hit=0.0 e2e=1318.137ms
[ok] request s383 turn0 ttft=254.043ms hit=0.0 e2e=1445.794ms
[ok] request s339 turn1 ttft=364.77ms hit=0.0 e2e=1542.243ms
[ok] request s567 turn0 ttft=368.992ms hit=0.0 e2e=1548.374ms
[ok] openhands s386 turn13 ttft=1272.969ms hit=0.982133 e2e=1587.846ms
[ok] openhands s132 turn6 ttft=410.348ms hit=0.987517 e2e=1591.88ms
[ok] openhands s258 turn32 ttft=445.011ms hit=0.965043 e2e=1248.938ms
[ok] openhands s3 turn37 ttft=475.074ms hit=0.992433 e2e=1354.47ms
[ok] request s496 turn1 ttft=373.926ms hit=0.0 e2e=1182.525ms
[ok] openhands s0 turn3 ttft=356.222ms hit=0.984401 e2e=1361.901ms
[ok] openhands s196 turn13 ttft=758.097ms hit=0.996243 e2e=1765.125ms
[ok] request s388 turn3 ttft=366.467ms hit=0.583144 e2e=1175.399ms
[ok] request s545 turn2 ttft=368.345ms hit=0.0 e2e=1177.018ms
[ok] request s312 turn0 ttft=431.828ms hit=0.0 e2e=1439.104ms
[ok] request s167 turn3 ttft=365.868ms hit=0.753828 e2e=1174.549ms
[ok] request s181 turn0 ttft=303.536ms hit=0.0 e2e=1112.01ms
[ok] request s101 turn1 ttft=233.266ms hit=0.0 e2e=1522.226ms
[ok] request s110 turn0 ttft=881.17ms hit=0.0 e2e=884.473ms
[ok] request s487 turn0 ttft=247.449ms hit=0.0 e2e=1541.013ms
[ok] request s69 turn0 ttft=139.282ms hit=0.0 e2e=2302.686ms
[ok] request s339 turn2 ttft=824.287ms hit=0.0 e2e=1681.526ms
[ok] request s443 turn2 ttft=803.073ms hit=0.0 e2e=2202.62ms
[ok] openhands s132 turn7 ttft=1993.228ms hit=0.987529 e2e=2301.876ms
[ok] openhands s386 turn14 ttft=933.574ms hit=0.962613 e2e=2336.653ms
[ok] request s545 turn3 ttft=1217.472ms hit=0.0 e2e=2077.637ms
[ok] request s526 turn0 ttft=322.765ms hit=0.0 e2e=1335.971ms
[ok] openhands s0 turn4 ttft=1170.86ms hit=0.90387 e2e=2781.519ms
[ok] openhands s196 turn14 ttft=1204.221ms hit=0.990795 e2e=2820.241ms
[ok] request s181 turn1 ttft=1229.274ms hit=0.0 e2e=2249.073ms
[ok] request s101 turn2 ttft=477.72ms hit=0.0 e2e=1497.198ms
[ok] request s177 turn0 ttft=651.981ms hit=0.0 e2e=1671.147ms
[ok] openhands s511 turn7 ttft=960.018ms hit=0.664711 e2e=2825.674ms
[ok] request s492 turn0 ttft=979.974ms hit=0.0 e2e=1999.052ms
[ok] openhands s258 turn33 ttft=757.03ms hit=0.910872 e2e=2853.939ms
[ok] openhands s3 turn38 ttft=1225.116ms hit=0.993681 e2e=2841.608ms
[ok] openhands s4 turn0 ttft=1293.933ms hit=0.0 e2e=2328.052ms
[ok] request s567 turn1 ttft=823.398ms hit=0.0 e2e=2439.92ms
[ok] request s263 turn0 ttft=1039.527ms hit=0.0 e2e=2655.794ms
[ok] request s496 turn2 ttft=1222.042ms hit=0.0 e2e=2256.397ms
[ok] request s388 turn4 ttft=1220.996ms hit=0.0 e2e=2255.103ms
[ok] request s276 turn0 ttft=131.178ms hit=0.0 e2e=1611.422ms
[ok] request s339 turn3 ttft=748.608ms hit=0.0 e2e=757.047ms
[ok] request s395 turn0 ttft=173.752ms hit=0.0 e2e=1486.224ms
[ok] openhands s386 turn15 ttft=493.231ms hit=0.968474 e2e=1820.758ms
[ok] request s62 turn0 ttft=485.617ms hit=0.0 e2e=1814.694ms
[ok] openhands s132 turn8 ttft=379.114ms hit=0.973333 e2e=1827.621ms
[ok] request s213 turn0 ttft=623.196ms hit=0.0 e2e=1208.15ms
[ok] request s443 turn3 ttft=693.782ms hit=0.0 e2e=1279.414ms
[ok] openhands s3 turn39 ttft=861.716ms hit=0.979035 e2e=1183.108ms
[ok] openhands s0 turn5 ttft=555.375ms hit=0.870646 e2e=1187.63ms
[ok] openhands s4 turn1 ttft=590.981ms hit=0.977955 e2e=1226.232ms
[ok] openhands s511 turn8 ttft=594.561ms hit=0.989596 e2e=1231.198ms
[ok] request s101 turn3 ttft=264.16ms hit=0.666667 e2e=1579.774ms
[ok] openhands s196 turn15 ttft=841.322ms hit=0.986086 e2e=2170.926ms
[ok] request s61 turn0 ttft=554.122ms hit=0.0 e2e=1908.794ms
[ok] request s567 turn2 ttft=262.865ms hit=0.311057 e2e=1602.915ms
[ok] request s526 turn1 ttft=270.868ms hit=0.0 e2e=1610.585ms
[ok] request s545 turn4 ttft=438.36ms hit=0.725212 e2e=1777.796ms
[ok] request s388 turn5 ttft=261.106ms hit=0.709469 e2e=1600.279ms
[ok] request s220 turn0 ttft=242.604ms hit=0.0 e2e=1581.54ms
[ok] request s138 turn0 ttft=136.488ms hit=0.0 e2e=1847.391ms
[ok] openhands s511 turn9 ttft=332.722ms hit=0.827784 e2e=1977.902ms
[ok] openhands s4 turn2 ttft=336.415ms hit=0.985776 e2e=1984.622ms
[ok] openhands s386 turn16 ttft=351.608ms hit=0.965152 e2e=2029.381ms
[ok] request s221 turn0 ttft=322.911ms hit=0.0 e2e=1623.352ms
[ok] request s358 turn0 ttft=538.985ms hit=0.0 e2e=1952.827ms
[ok] request s395 turn1 ttft=219.848ms hit=0.0 e2e=1505.823ms
[ok] openhands s0 turn6 ttft=559.37ms hit=0.941124 e2e=1973.132ms
[ok] openhands s3 turn40 ttft=575.769ms hit=0.98626 e2e=1989.252ms
[ok] request s460 turn0 ttft=231.681ms hit=0.0 e2e=1646.256ms
[ok] openhands s258 turn34 ttft=503.275ms hit=0.901878 e2e=2131.608ms
[ok] openhands s196 turn16 ttft=540.373ms hit=0.994794 e2e=1941.637ms
[ok] request s543 turn0 ttft=485.835ms hit=0.0 e2e=1890.41ms
[ok] request s41 turn0 ttft=174.67ms hit=0.0 e2e=1562.37ms
[ok] request s61 turn1 ttft=251.547ms hit=0.0 e2e=1824.149ms
[ok] request s220 turn1 ttft=269.294ms hit=0.0 e2e=1823.286ms
[ok] request s388 turn6 ttft=270.789ms hit=0.0 e2e=1826.056ms
[ok] request s205 turn0 ttft=158.302ms hit=0.0 e2e=1713.293ms
[ok] openhands s386 turn17 ttft=678.672ms hit=0.935205 e2e=2265.911ms
[ok] request s138 turn1 ttft=732.521ms hit=0.0 e2e=2320.026ms
[ok] request s88 turn0 ttft=418.111ms hit=0.0 e2e=2009.348ms
[ok] request s415 turn0 ttft=219.907ms hit=0.0 e2e=1682.666ms
[ok] openhands s0 turn7 ttft=637.927ms hit=0.909045 e2e=2349.983ms
[ok] request s254 turn0 ttft=737.919ms hit=0.0 e2e=2329.468ms
[ok] openhands s3 turn41 ttft=754.848ms hit=0.992753 e2e=2346.109ms
[ok] openhands s4 turn3 ttft=647.888ms hit=0.696695 e2e=2361.317ms
[ok] openhands s511 turn10 ttft=385.466ms hit=0.964387 e2e=2366.814ms
[ok] request s221 turn1 ttft=332.002ms hit=0.0 e2e=1813.382ms
[ok] request s220 turn2 ttft=308.608ms hit=0.0 e2e=1446.218ms
[ok] openhands s258 turn35 ttft=1320.89ms hit=0.787045 e2e=2525.921ms
[ok] openhands s196 turn17 ttft=1302.655ms hit=0.997477 e2e=2508.543ms
[ok] request s388 turn7 ttft=307.335ms hit=0.0 e2e=1445.262ms
[ok] openhands s0 turn8 ttft=1534.371ms hit=0.885216 e2e=1541.52ms
[ok] request s88 turn1 ttft=372.653ms hit=0.0 e2e=945.755ms
[ok] request s138 turn2 ttft=377.231ms hit=0.0 e2e=950.116ms
[ok] request s221 turn2 ttft=371.737ms hit=0.0 e2e=944.087ms
[ok] openhands s386 turn18 ttft=886.348ms hit=0.547242 e2e=1462.03ms
[ok] openhands s511 turn11 ttft=667.557ms hit=0.97535 e2e=1540.093ms
[ok] openhands s4 turn4 ttft=670.474ms hit=0.971274 e2e=1543.866ms
[ok] openhands s3 turn42 ttft=470.426ms hit=0.991479 e2e=1533.755ms
[ok] request s415 turn1 ttft=373.942ms hit=0.0 e2e=950.307ms
[ok] openhands s258 turn36 ttft=451.345ms hit=0.994403 e2e=1448.981ms
[ok] request s220 turn3 ttft=470.587ms hit=0.538192 e2e=1074.03ms
[ok] openhands s4 turn5 ttft=443.138ms hit=0.977929 e2e=1182.383ms
[ok] openhands s3 turn43 ttft=595.043ms hit=0.99416 e2e=1199.585ms
[ok] openhands s386 turn19 ttft=589.675ms hit=0.963547 e2e=1206.766ms
[ok] openhands s196 turn18 ttft=814.68ms hit=0.99766 e2e=1607.65ms
[ok] openhands s511 turn12 ttft=472.238ms hit=0.980843 e2e=1213.094ms
[ok] openhands s0 turn9 ttft=425.747ms hit=0.975454 e2e=1218.764ms
[ok] request s88 turn2 ttft=252.369ms hit=0.622366 e2e=625.199ms
[ok] request s138 turn3 ttft=251.331ms hit=0.435374 e2e=623.946ms
[ok] request s221 turn3 ttft=263.69ms hit=0.471455 e2e=622.669ms
[ok] openhands s258 turn37 ttft=961.772ms hit=0.995751 e2e=1445.927ms
[ok] openhands s511 turn13 ttft=1103.948ms hit=0.985709 e2e=1265.416ms
[ok] openhands s386 turn20 ttft=740.08ms hit=0.951437 e2e=1273.208ms
[ok] openhands s4 turn6 ttft=703.055ms hit=0.895276 e2e=1235.27ms
[ok] openhands s0 turn10 ttft=747.648ms hit=0.844125 e2e=1395.237ms
[ok] openhands s3 turn44 ttft=723.329ms hit=0.969697 e2e=1389.999ms
[ok] request s220 turn4 ttft=424.387ms hit=0.0 e2e=813.989ms
[ok] request s88 turn3 ttft=422.333ms hit=0.0 e2e=811.635ms
[ok] openhands s196 turn19 ttft=978.551ms hit=0.992294 e2e=1369.138ms
[ok] request s221 turn4 ttft=418.544ms hit=0.0 e2e=810.125ms
[ok] openhands s4 turn7 ttft=638.778ms hit=0.984055 e2e=1073.947ms
[ok] openhands s386 turn21 ttft=634.576ms hit=0.973384 e2e=1069.282ms
[ok] openhands s3 turn45 ttft=502.336ms hit=0.996481 e2e=953.094ms
[ok] openhands s0 turn11 ttft=774.683ms hit=0.986878 e2e=934.968ms
[ok] openhands s196 turn20 ttft=705.606ms hit=0.991702 e2e=1189.125ms
[ok] request s221 turn5 ttft=157.215ms hit=0.702011 e2e=635.294ms
[ok] openhands s4 turn8 ttft=451.196ms hit=0.970055 e2e=703.12ms
[ok] openhands s3 turn46 ttft=431.468ms hit=0.996979 e2e=683.235ms
[ok] openhands s386 turn22 ttft=318.947ms hit=0.940658 e2e=713.617ms
[ok] request s221 turn6 ttft=328.389ms hit=0.0 e2e=705.91ms
[ok] openhands s196 turn21 ttft=594.01ms hit=0.990442 e2e=1178.837ms
[ok] openhands s386 turn23 ttft=496.276ms hit=0.992882 e2e=883.96ms
[ok] openhands s4 turn9 ttft=378.038ms hit=0.984706 e2e=889.952ms
[ok] openhands s3 turn47 ttft=497.086ms hit=0.994061 e2e=876.119ms
[ok] openhands s4 turn10 ttft=543.248ms hit=0.954428 e2e=1164.878ms
[ok] openhands s3 turn48 ttft=1003.278ms hit=0.993843 e2e=1160.515ms
[ok] openhands s386 turn24 ttft=587.715ms hit=0.986848 e2e=1211.66ms
[ok] request s221 turn7 ttft=317.303ms hit=0.0 e2e=896.17ms
[ok] openhands s196 turn22 ttft=905.929ms hit=0.995549 e2e=1485.688ms
[ok] openhands s132 turn9 ttft=197.487ms hit=0.983254 e2e=646.602ms
[ok] openhands s4 turn11 ttft=440.103ms hit=0.989576 e2e=684.372ms
[ok] openhands s3 turn49 ttft=452.378ms hit=0.986041 e2e=705.176ms
[ok] openhands s3 turn50 ttft=571.277ms hit=0.992679 e2e=941.556ms
[ok] openhands s4 turn12 ttft=486.538ms hit=0.964824 e2e=856.462ms
[ok] openhands s196 turn23 ttft=667.247ms hit=0.993588 e2e=936.183ms
[ok] openhands s132 turn10 ttft=572.184ms hit=0.988417 e2e=824.495ms
[ok] openhands s4 turn13 ttft=708.33ms hit=0.971121 e2e=1375.302ms
[ok] openhands s196 turn24 ttft=622.489ms hit=0.983471 e2e=1613.289ms
[ok] openhands s132 turn11 ttft=608.664ms hit=0.980151 e2e=1530.594ms
[ok] openhands s0 turn12 ttft=940.334ms hit=0.719082 e2e=1328.372ms
[ok] openhands s3 turn51 ttft=815.859ms hit=0.98284 e2e=1499.176ms
[ok] openhands s4 turn14 ttft=209.111ms hit=0.982745 e2e=928.744ms
[ok] openhands s132 turn12 ttft=610.049ms hit=0.969125 e2e=979.632ms
[ok] openhands s0 turn13 ttft=605.02ms hit=0.98092 e2e=974.742ms
[ok] openhands s3 turn52 ttft=721.157ms hit=0.991501 e2e=1083.218ms
[ok] openhands s4 turn15 ttft=239.962ms hit=0.984418 e2e=674.649ms
[ok] openhands s196 turn25 ttft=826.186ms hit=0.994438 e2e=1267.59ms
[ok] openhands s0 turn14 ttft=316.359ms hit=0.942558 e2e=903.524ms
[ok] openhands s3 turn53 ttft=596.065ms hit=0.991951 e2e=869.138ms
[ok] openhands s4 turn16 ttft=379.315ms hit=0.981075 e2e=661.781ms
[ok] openhands s196 turn26 ttft=554.303ms hit=0.979061 e2e=939.204ms
[ok] openhands s4 turn17 ttft=472.703ms hit=0.984461 e2e=607.278ms
[ok] openhands s3 turn54 ttft=416.809ms hit=0.990295 e2e=685.997ms
[ok] openhands s4 turn18 ttft=539.836ms hit=0.988725 e2e=689.243ms
[ok] openhands s3 turn55 ttft=453.319ms hit=0.995345 e2e=703.464ms
[ok] openhands s196 turn27 ttft=464.378ms hit=0.993529 e2e=950.488ms
[ok] openhands s4 turn19 ttft=327.341ms hit=0.978518 e2e=788.898ms
[ok] openhands s3 turn56 ttft=402.315ms hit=0.99197 e2e=687.045ms
[ok] openhands s196 turn28 ttft=904.756ms hit=0.998025 e2e=1041.998ms
[ok] openhands s4 turn20 ttft=542.538ms hit=0.942808 e2e=793.221ms
[ok] openhands s3 turn57 ttft=548.76ms hit=0.984758 e2e=815.766ms
[ok] openhands s4 turn21 ttft=284.361ms hit=0.938875 e2e=606.73ms
[ok] openhands s3 turn58 ttft=353.299ms hit=0.976923 e2e=626.824ms
[ok] openhands s4 turn22 ttft=222.933ms hit=0.978171 e2e=616.308ms
[ok] openhands s3 turn59 ttft=374.133ms hit=0.982875 e2e=735.494ms
[ok] openhands s4 turn23 ttft=225.226ms hit=0.977195 e2e=566.035ms
[ok] openhands s3 turn60 ttft=466.14ms hit=0.987908 e2e=993.905ms
[ok] openhands s0 turn15 ttft=389.361ms hit=0.986476 e2e=785.494ms
[ok] openhands s4 turn24 ttft=499.538ms hit=0.988128 e2e=774.602ms
[ok] openhands s132 turn13 ttft=253.094ms hit=0.979655 e2e=507.468ms
[ok] openhands s132 turn14 ttft=614.978ms hit=0.911762 e2e=884.402ms
[ok] openhands s4 turn25 ttft=633.068ms hit=0.976447 e2e=902.575ms
[ok] openhands s3 turn61 ttft=525.513ms hit=0.971573 e2e=927.431ms
[ok] openhands s0 turn16 ttft=641.02ms hit=0.977733 e2e=893.718ms
[ok] openhands s3 turn62 ttft=466.778ms hit=0.996303 e2e=708.983ms
[ok] openhands s4 turn26 ttft=464.142ms hit=0.9844 e2e=720.467ms
[ok] openhands s4 turn27 ttft=498.344ms hit=0.980542 e2e=633.527ms
[ok] openhands s3 turn63 ttft=453.696ms hit=0.995952 e2e=726.282ms
[ok] openhands s4 turn28 ttft=339.77ms hit=0.977187 e2e=608.949ms
[ok] openhands s3 turn64 ttft=371.546ms hit=0.990932 e2e=614.892ms
[ok] openhands s4 turn29 ttft=487.072ms hit=0.984528 e2e=802.964ms
[ok] openhands s3 turn65 ttft=374.118ms hit=0.992307 e2e=798.277ms
[ok] openhands s132 turn15 ttft=283.426ms hit=0.845477 e2e=663.541ms
[ok] openhands s4 turn30 ttft=236.107ms hit=0.981897 e2e=600.84ms
[ok] openhands s3 turn66 ttft=385.858ms hit=0.988862 e2e=745.868ms
[ok] openhands s4 turn31 ttft=254.301ms hit=0.98118 e2e=497.337ms
[ok] openhands s4 turn32 ttft=482.948ms hit=0.978445 e2e=619.623ms
[ok] openhands s3 turn67 ttft=383.493ms hit=0.985756 e2e=659.821ms
[ok] openhands s4 turn33 ttft=453.868ms hit=0.985297 e2e=746.69ms
[ok] openhands s3 turn68 ttft=486.177ms hit=0.988749 e2e=745.803ms
[ok] openhands s0 turn17 ttft=324.812ms hit=0.983261 e2e=573.832ms
[ok] openhands s4 turn34 ttft=1011.693ms hit=0.994435 e2e=1014.589ms
[ok] openhands s0 turn18 ttft=898.353ms hit=0.958429 e2e=901.889ms
[ok] openhands s0 turn19 ttft=586.166ms hit=0.941662 e2e=838.854ms
[ok] openhands s3 turn69 ttft=1109.087ms hit=0.992626 e2e=1748.884ms
[ok] openhands s132 turn16 ttft=1260.342ms hit=0.794291 e2e=1689.791ms
[ok] openhands s4 turn35 ttft=565.475ms hit=0.976967 e2e=853.912ms
[ok] openhands s132 turn17 ttft=737.651ms hit=0.780339 e2e=981.59ms
[ok] openhands s4 turn36 ttft=731.133ms hit=0.983407 e2e=975.041ms
[ok] openhands s0 turn20 ttft=612.683ms hit=0.885339 e2e=991.611ms
[ok] openhands s4 turn37 ttft=320.102ms hit=0.981281 e2e=763.348ms
[ok] openhands s0 turn21 ttft=489.711ms hit=0.991833 e2e=757.817ms
[ok] openhands s132 turn18 ttft=501.908ms hit=0.911955 e2e=749.242ms
[ok] openhands s4 turn38 ttft=446.575ms hit=0.986564 e2e=686.491ms
[ok] openhands s0 turn22 ttft=443.69ms hit=0.948319 e2e=696.709ms
[ok] openhands s132 turn19 ttft=536.796ms hit=0.930269 e2e=1230.474ms
[ok] openhands s0 turn23 ttft=908.927ms hit=0.811053 e2e=1158.947ms
[ok] openhands s4 turn39 ttft=364.787ms hit=0.988264 e2e=1290.398ms
[ok] openhands s4 turn40 ttft=673.051ms hit=0.986979 e2e=811.44ms
[ok] openhands s132 turn20 ttft=579.539ms hit=0.973322 e2e=904.858ms
[ok] openhands s0 turn24 ttft=615.472ms hit=0.953993 e2e=955.875ms
[ok] openhands s4 turn41 ttft=396.689ms hit=0.996388 e2e=885.349ms
[ok] openhands s132 turn21 ttft=385.682ms hit=0.853473 e2e=763.275ms
[ok] openhands s0 turn25 ttft=513.461ms hit=0.982916 e2e=781.537ms
[ok] openhands s4 turn42 ttft=386.56ms hit=0.960377 e2e=757.149ms
[ok] openhands s132 turn22 ttft=394.134ms hit=0.943359 e2e=766.922ms
[ok] openhands s0 turn26 ttft=495.759ms hit=0.991962 e2e=749.772ms
[ok] openhands s4 turn43 ttft=373.444ms hit=0.990148 e2e=788.239ms
[ok] openhands s132 turn23 ttft=382.909ms hit=0.9552 e2e=799.278ms
[ok] openhands s0 turn27 ttft=539.846ms hit=0.970202 e2e=801.44ms
[ok] openhands s132 turn24 ttft=628.633ms hit=0.996256 e2e=752.379ms
[ok] openhands s4 turn44 ttft=403.565ms hit=0.971998 e2e=769.632ms
[ok] openhands s0 turn28 ttft=504.444ms hit=0.985771 e2e=757.38ms
[ok] openhands s4 turn45 ttft=772.028ms hit=0.982013 e2e=912.312ms
[ok] openhands s132 turn25 ttft=411.742ms hit=0.96477 e2e=923.128ms
[ok] openhands s0 turn29 ttft=684.205ms hit=0.938275 e2e=929.706ms
[ok] openhands s4 turn46 ttft=588.229ms hit=0.983777 e2e=866.118ms
[ok] openhands s132 turn26 ttft=504.614ms hit=0.983108 e2e=756.218ms
[ok] openhands s0 turn30 ttft=521.884ms hit=0.963544 e2e=925.422ms
[ok] openhands s132 turn27 ttft=613.161ms hit=0.982394 e2e=753.877ms
[ok] openhands s4 turn47 ttft=438.128ms hit=0.981377 e2e=770.762ms
[ok] openhands s0 turn31 ttft=551.276ms hit=0.987181 e2e=886.044ms
[ok] openhands s4 turn48 ttft=363.981ms hit=0.987065 e2e=687.656ms
[ok] openhands s0 turn32 ttft=416.254ms hit=0.96552 e2e=685.478ms
[ok] openhands s4 turn49 ttft=365.361ms hit=0.992115 e2e=691.938ms
[ok] openhands s0 turn33 ttft=421.47ms hit=0.966774 e2e=680.997ms
[ok] openhands s4 turn50 ttft=482.846ms hit=0.983643 e2e=639.523ms
[ok] openhands s0 turn34 ttft=367.456ms hit=0.99464 e2e=650.841ms
[ok] openhands s4 turn51 ttft=610.072ms hit=0.979031 e2e=746.775ms
[ok] openhands s0 turn35 ttft=470.533ms hit=0.963398 e2e=757.619ms
[ok] openhands s4 turn52 ttft=385.865ms hit=0.989219 e2e=639.963ms
[ok] openhands s0 turn36 ttft=382.516ms hit=0.988199 e2e=634.651ms
[ok] openhands s4 turn53 ttft=518.853ms hit=0.988646 e2e=709.67ms
[ok] openhands s0 turn37 ttft=453.418ms hit=0.968649 e2e=709.143ms
[ok] openhands s4 turn54 ttft=397.491ms hit=0.986133 e2e=636.369ms
[ok] openhands s0 turn38 ttft=376.27ms hit=0.993223 e2e=630.369ms
[ok] openhands s4 turn55 ttft=406.859ms hit=0.990196 e2e=775.775ms
[ok] openhands s0 turn39 ttft=524.948ms hit=0.961055 e2e=769.797ms
[ok] openhands s4 turn56 ttft=530.99ms hit=0.979366 e2e=895.868ms
[ok] openhands s0 turn40 ttft=527.157ms hit=0.988369 e2e=912.277ms
[ok] openhands s132 turn28 ttft=251.35ms hit=0.986988 e2e=684.48ms
[ok] openhands s4 turn57 ttft=375.371ms hit=0.985385 e2e=762.246ms
[ok] openhands s0 turn41 ttft=536.59ms hit=0.98736 e2e=816.99ms
[ok] openhands s132 turn29 ttft=255.685ms hit=0.994129 e2e=532.914ms
[ok] openhands s4 turn58 ttft=512.938ms hit=0.986944 e2e=788.244ms
[ok] openhands s0 turn42 ttft=528.392ms hit=0.982472 e2e=786.022ms
[ok] openhands s132 turn30 ttft=509.355ms hit=0.981173 e2e=758.32ms
[ok] openhands s4 turn59 ttft=536.211ms hit=0.989001 e2e=845.374ms
[ok] openhands s0 turn43 ttft=568.879ms hit=0.9764 e2e=948.104ms
[ok] openhands s132 turn31 ttft=558.203ms hit=0.987584 e2e=920.157ms
[ok] openhands s4 turn60 ttft=278.95ms hit=0.988938 e2e=696.073ms
[ok] openhands s0 turn44 ttft=686.212ms hit=0.963214 e2e=1067.913ms
[ok] openhands s132 turn32 ttft=779.768ms hit=0.988873 e2e=1041.927ms
[ok] openhands s4 turn61 ttft=392.382ms hit=0.992883 e2e=645.114ms
[ok] openhands s132 turn33 ttft=646.02ms hit=0.995739 e2e=919.436ms
[ok] openhands s0 turn45 ttft=538.244ms hit=0.988521 e2e=937.194ms
[ok] openhands s4 turn62 ttft=585.067ms hit=0.989272 e2e=837.987ms
[ok] openhands s4 turn63 ttft=421.631ms hit=0.991169 e2e=736.457ms
[ok] openhands s0 turn46 ttft=615.595ms hit=0.973748 e2e=878.573ms
[ok] openhands s4 turn64 ttft=438.551ms hit=0.992852 e2e=687.655ms
[ok] openhands s0 turn47 ttft=464.947ms hit=0.988259 e2e=848.332ms
[ok] openhands s4 turn65 ttft=302.954ms hit=0.992098 e2e=609.892ms
[ok] openhands s0 turn48 ttft=486.419ms hit=0.978282 e2e=873.065ms
[ok] openhands s4 turn66 ttft=338.365ms hit=0.986162 e2e=580.004ms
[ok] openhands s4 turn67 ttft=413.826ms hit=0.981331 e2e=721.256ms
[ok] openhands s0 turn49 ttft=544.829ms hit=0.992207 e2e=868.381ms
[ok] openhands s4 turn68 ttft=437.144ms hit=0.993974 e2e=718.887ms
[ok] openhands s0 turn50 ttft=535.302ms hit=0.989242 e2e=799.277ms
[ok] openhands s4 turn69 ttft=458.937ms hit=0.984936 e2e=678.426ms
[ok] openhands s0 turn51 ttft=455.475ms hit=0.997244 e2e=831.15ms
[ok] openhands s4 turn70 ttft=297.91ms hit=0.990276 e2e=629.204ms
[ok] openhands s0 turn52 ttft=554.187ms hit=0.974781 e2e=927.669ms
[ok] openhands s4 turn71 ttft=320.238ms hit=0.991649 e2e=577.376ms
[ok] openhands s0 turn53 ttft=590.228ms hit=0.984485 e2e=851.681ms
[ok] openhands s4 turn72 ttft=581.601ms hit=0.991388 e2e=828.588ms
[ok] openhands s0 turn54 ttft=459.383ms hit=0.996039 e2e=822.903ms
[ok] openhands s4 turn73 ttft=567.616ms hit=0.988851 e2e=834.912ms
[ok] openhands s4 turn74 ttft=290.789ms hit=0.994679 e2e=534.457ms
[ok] openhands s4 turn75 ttft=292.047ms hit=0.993768 e2e=535.609ms
[ok] openhands s4 turn76 ttft=422.042ms hit=0.928603 e2e=666.057ms
[ok] openhands s4 turn77 ttft=301.17ms hit=0.995434 e2e=545.354ms
[ok] openhands s4 turn78 ttft=300.151ms hit=0.992534 e2e=543.794ms
[ok] openhands s4 turn79 ttft=299.17ms hit=0.989722 e2e=542.691ms
[ok] openhands s4 turn80 ttft=302.594ms hit=0.991934 e2e=546.478ms
[ok] openhands s4 turn81 ttft=309.057ms hit=0.994699 e2e=552.809ms
[ok] openhands s4 turn82 ttft=307.63ms hit=0.995125 e2e=551.471ms
[ok] openhands s4 turn83 ttft=338.976ms hit=0.994881 e2e=581.987ms
[ok] openhands s4 turn84 ttft=309.483ms hit=0.99311 e2e=553.534ms
[ok] openhands s4 turn85 ttft=310.021ms hit=0.994259 e2e=553.787ms
[ok] openhands s4 turn86 ttft=306.883ms hit=0.990374 e2e=550.788ms
[ok] openhands s4 turn87 ttft=308.227ms hit=0.992793 e2e=552.242ms
[ok] openhands s4 turn88 ttft=313.751ms hit=0.986565 e2e=559.091ms
[ok] openhands s4 turn89 ttft=314.159ms hit=0.992949 e2e=562.014ms
[ok] openhands s4 turn90 ttft=317.697ms hit=0.992114 e2e=567.078ms
[ok] openhands s4 turn91 ttft=327.97ms hit=0.989793 e2e=575.255ms
[ok] openhands s4 turn92 ttft=332.516ms hit=0.989143 e2e=578.622ms
[ok] openhands s4 turn93 ttft=383.734ms hit=0.995847 e2e=629.953ms
[ok] openhands s4 turn94 ttft=430.586ms hit=0.994269 e2e=677.964ms
[ok] openhands s4 turn95 ttft=427.965ms hit=0.991689 e2e=673.851ms
[ok] openhands s4 turn96 ttft=418.576ms hit=0.997331 e2e=861.153ms
[ok] openhands s4 turn97 ttft=347.705ms hit=0.991479 e2e=593.719ms
[ok] openhands s4 turn98 ttft=334.669ms hit=0.991386 e2e=579.724ms
[ok] openhands s4 turn99 ttft=341.543ms hit=0.990189 e2e=587.763ms
[ok] openhands s4 turn100 ttft=346.176ms hit=0.991566 e2e=591.795ms
[ok] openhands s4 turn101 ttft=354.428ms hit=0.99258 e2e=600.41ms
[ok] openhands s4 turn102 ttft=336.619ms hit=0.995805 e2e=583.002ms
[ok] openhands s4 turn103 ttft=338.255ms hit=0.991674 e2e=584.391ms
[ok] openhands s4 turn104 ttft=353.516ms hit=0.986734 e2e=600.016ms
[ok] openhands s4 turn105 ttft=342.429ms hit=0.9899 e2e=590.02ms
[ok] openhands s4 turn106 ttft=468.761ms hit=0.990515 e2e=715.742ms
[ok] openhands s4 turn107 ttft=403.627ms hit=0.995615 e2e=651.991ms
[ok] openhands s4 turn108 ttft=371.707ms hit=0.997096 e2e=620.268ms
[ok] openhands s4 turn109 ttft=362.443ms hit=0.992975 e2e=614.171ms
[ok] openhands s4 turn110 ttft=342.996ms hit=0.997195 e2e=589.436ms
[ok] openhands s4 turn111 ttft=347.914ms hit=0.994208 e2e=594.861ms
[ok] openhands s4 turn112 ttft=351.679ms hit=0.994135 e2e=598.686ms
[done] issued=1970 ok=1970 err=0 wall=383.6s
[done] /share/dai-sys/zhoulongsheng/agentkv/experiments/evict_position/online_runs/20260913_100114_formal_rep1/on_demand/replay/replay.jsonl
[done] /share/dai-sys/zhoulongsheng/agentkv/experiments/evict_position/online_runs/20260913_100114_formal_rep1/on_demand/replay/summary.json
[done] /share/dai-sys/zhoulongsheng/agentkv/experiments/evict_position/online_runs/20260913_100114_formal_rep1/on_demand/replay/report.md
