[warn] no manifest.json, skip hash check
[index] 533 sessions / 2000 turns from /share/dai-sys/zhoulongsheng/agentkv/experiments/nn_exp/cold_predictor_exp/workloads/agent050_decode32/workload.jsonl
[arrival] {"type": "waves", "horizon_s": 300.0, "n_waves": 9, "wave_width_s": 20.0, "wave_start_s": [0.0, 37.5, 75.0, 112.5, 150.0, 187.5, 225.0, 262.5, 280.0], "wave_class_counts": [{"openhands": 4, "request": 56}, {"openhands": 4, "request": 56}, {"openhands": 4, "request": 56}, {"openhands": 4, "request": 56}, {"openhands": 4, "request": 56}, {"openhands": 4, "request": 55}, {"openhands": 3, "request": 55}, {"openhands": 3, "request": 55}, {"openhands": 3, "request": 55}], "arrival_seed": 42, "classes": ["openhands", "request"]}
[ok] request s470 turn0 ttft=2504.707ms hit=0.0 e2e=2506.173ms
[ok] request s103 turn0 ttft=2477.538ms hit=0.0 e2e=4873.115ms
[ok] request s489 turn0 ttft=1965.751ms hit=0.0 e2e=2161.501ms
[ok] request s108 turn0 ttft=4484.11ms hit=0.0 e2e=9632.823ms
[ok] request s52 turn0 ttft=1006.7ms hit=0.0 e2e=1269.508ms
[ok] openhands s417 turn0 ttft=4987.808ms hit=0.0 e2e=12491.331ms
[ok] request s269 turn0 ttft=1450.962ms hit=0.0 e2e=8765.567ms
[ok] request s10 turn0 ttft=773.784ms hit=0.0 e2e=8087.975ms
[ok] request s395 turn0 ttft=3800.507ms hit=0.0 e2e=11144.474ms
[ok] request s176 turn0 ttft=3122.689ms hit=0.0 e2e=10466.271ms
[ok] request s119 turn0 ttft=3462.365ms hit=0.0 e2e=10805.619ms
[ok] request s446 turn0 ttft=4140.643ms hit=0.0 e2e=11483.559ms
[ok] request s381 turn0 ttft=2130.597ms hit=0.0 e2e=9450.309ms
[ok] request s101 turn0 ttft=1791.969ms hit=0.0 e2e=9111.423ms
[ok] request s45 turn0 ttft=4472.538ms hit=0.0 e2e=11815.734ms
[ok] request s132 turn0 ttft=436.452ms hit=0.0 e2e=7755.989ms
[ok] request s452 turn0 ttft=1114.934ms hit=0.0 e2e=8434.073ms
[ok] request s76 turn0 ttft=2447.643ms hit=0.0 e2e=9790.596ms
[ok] request s350 turn0 ttft=2787.303ms hit=0.0 e2e=10130.038ms
[ok] openhands s182 turn0 ttft=2816.374ms hit=0.14624 e2e=7428.253ms
[ok] request s125 turn0 ttft=274.436ms hit=0.0 e2e=2682.644ms
[ok] request s196 turn0 ttft=2846.43ms hit=0.0 e2e=5394.563ms
[ok] request s518 turn0 ttft=2169.306ms hit=0.0 e2e=4717.216ms
[ok] request s347 turn0 ttft=948.956ms hit=0.0 e2e=3361.164ms
[ok] request s141 turn0 ttft=3864.601ms hit=0.0 e2e=6412.723ms
[ok] request s304 turn0 ttft=1628.031ms hit=0.0 e2e=4040.498ms
[ok] request s315 turn0 ttft=4046.475ms hit=0.0 e2e=6752.547ms
[ok] request s74 turn0 ttft=3187.199ms hit=0.0 e2e=5735.839ms
[ok] request s297 turn0 ttft=1289.79ms hit=0.0 e2e=3702.968ms
[ok] request s230 turn0 ttft=612.152ms hit=0.0 e2e=3024.713ms
[ok] request s172 turn0 ttft=3526.851ms hit=0.0 e2e=6076.226ms
[ok] request s342 turn0 ttft=1667.678ms hit=0.0 e2e=2018.244ms
[ok] request s489 turn1 ttft=1296.147ms hit=0.0 e2e=11798.828ms
[ok] openhands s476 turn0 ttft=2006.585ms hit=0.066741 e2e=12532.159ms
[ok] request s343 turn0 ttft=669.653ms hit=0.0 e2e=11176.242ms
[ok] request s35 turn0 ttft=1329.347ms hit=0.0 e2e=11854.856ms
[ok] request s108 turn1 ttft=1789.09ms hit=0.0 e2e=12314.275ms
[ok] request s34 turn0 ttft=329.504ms hit=0.0 e2e=10837.725ms
[ok] request s103 turn1 ttft=1280.199ms hit=0.0 e2e=11805.293ms
[ok] request s127 turn0 ttft=171.347ms hit=0.0 e2e=10528.838ms
[ok] request s503 turn0 ttft=1848.446ms hit=0.0 e2e=8871.971ms
[ok] openhands s182 turn1 ttft=2966.121ms hit=0.986284 e2e=12974.428ms
[ok] request s350 turn1 ttft=2640.795ms hit=0.190902 e2e=12389.317ms
[ok] request s4 turn0 ttft=2185.866ms hit=0.0 e2e=11935.245ms
[ok] request s141 turn1 ttft=2631.593ms hit=0.0 e2e=12385.13ms
[ok] request s196 turn1 ttft=3013.805ms hit=0.239029 e2e=12766.606ms
[ok] request s342 turn1 ttft=2740.494ms hit=0.0 e2e=12494.095ms
[ok] request s73 turn0 ttft=2867.193ms hit=0.0 e2e=12620.085ms
[ok] request s110 turn0 ttft=3206.434ms hit=0.0 e2e=12959.125ms
[ok] request s119 turn1 ttft=2648.144ms hit=0.646057 e2e=12400.656ms
[ok] request s132 turn1 ttft=2646.075ms hit=0.22031 e2e=12398.412ms
[ok] openhands s417 turn1 ttft=3224.237ms hit=0.94751 e2e=12976.387ms
[ok] request s481 turn0 ttft=1838.432ms hit=0.0 e2e=11265.4ms
[ok] request s33 turn0 ttft=2530.006ms hit=0.0 e2e=12282.381ms
[ok] request s381 turn1 ttft=2648.858ms hit=0.308806 e2e=12401.139ms
[ok] request s269 turn1 ttft=2656.15ms hit=0.0 e2e=12408.34ms
[ok] request s101 turn1 ttft=2690.698ms hit=0.829016 e2e=12442.784ms
[ok] request s115 turn0 ttft=311.597ms hit=0.0 e2e=7545.497ms
[ok] request s95 turn0 ttft=651.365ms hit=0.0 e2e=7885.194ms
[ok] request s64 turn0 ttft=2675.883ms hit=0.0 e2e=9919.267ms
[ok] request s322 turn0 ttft=2337.795ms hit=0.0 e2e=9581.071ms
[ok] request s20 turn0 ttft=1329.964ms hit=0.0 e2e=8564.638ms
[ok] request s487 turn0 ttft=1500.306ms hit=0.0 e2e=10937.396ms
[ok] request s79 turn0 ttft=2007.664ms hit=0.0 e2e=9242.791ms
[ok] openhands s418 turn0 ttft=2890.041ms hit=0.155778 e2e=10260.388ms
[ok] request s514 turn0 ttft=1669.533ms hit=0.0 e2e=8905.186ms
[ok] request s379 turn0 ttft=992.081ms hit=0.0 e2e=8227.603ms
[ok] request s211 turn0 ttft=1162.316ms hit=0.0 e2e=10601.476ms
[ok] request s340 turn0 ttft=3658.949ms hit=0.0 e2e=6552.853ms
[ok] request s199 turn0 ttft=2981.525ms hit=0.0 e2e=5874.951ms
[ok] request s365 turn0 ttft=3999.481ms hit=0.0 e2e=6892.972ms
[ok] request s521 turn0 ttft=4323.63ms hit=0.0 e2e=7231.081ms
[ok] request s294 turn0 ttft=3320.674ms hit=0.0 e2e=6214.806ms
[ok] request s87 turn0 ttft=2642.182ms hit=0.0 e2e=5538.425ms
[ok] request s489 turn2 ttft=2147.791ms hit=0.0 e2e=4729.929ms
[ok] request s343 turn1 ttft=2144.34ms hit=0.0 e2e=4735.586ms
[ok] request s34 turn1 ttft=2141.971ms hit=0.0 e2e=4737.734ms
[ok] openhands s476 turn1 ttft=2654.292ms hit=0.797402 e2e=5264.537ms
[ok] request s103 turn2 ttft=2142.525ms hit=0.0 e2e=4737.48ms
[ok] request s381 turn2 ttft=1759.148ms hit=0.723164 e2e=2131.544ms
[ok] openhands s418 turn1 ttft=2340.743ms hit=0.9787 e2e=2722.01ms
[ok] request s101 turn2 ttft=1751.491ms hit=0.867307 e2e=2138.291ms
[ok] request s110 turn1 ttft=1758.251ms hit=0.0 e2e=2144.917ms
[ok] openhands s182 turn2 ttft=2108.262ms hit=0.953492 e2e=2731.433ms
[ok] request s79 turn1 ttft=1745.595ms hit=0.0 e2e=2132.672ms
[ok] request s350 turn2 ttft=1768.859ms hit=0.543294 e2e=2155.824ms
[ok] request s196 turn2 ttft=2062.997ms hit=0.7469 e2e=2449.684ms
[ok] request s4 turn1 ttft=1810.071ms hit=0.0 e2e=2196.739ms
[ok] openhands s417 turn2 ttft=2227.925ms hit=0.899893 e2e=2614.591ms
[ok] request s33 turn1 ttft=1759.997ms hit=0.0 e2e=2150.351ms
[ok] request s487 turn1 ttft=1753.353ms hit=0.0 e2e=2140.792ms
[ok] request s269 turn2 ttft=1758.525ms hit=0.0 e2e=2148.49ms
[ok] request s379 turn1 ttft=1748.529ms hit=0.0 e2e=2138.562ms
[ok] request s73 turn1 ttft=1765.679ms hit=0.0 e2e=2155.773ms
[ok] request s141 turn2 ttft=1767.994ms hit=0.25422 e2e=2158.206ms
[ok] request s199 turn1 ttft=1733.291ms hit=0.0 e2e=2123.072ms
[ok] request s365 turn1 ttft=1732.457ms hit=0.0 e2e=2122.449ms
[ok] request s4 turn2 ttft=2052.552ms hit=0.621359 e2e=2220.364ms
[ok] openhands s182 turn3 ttft=2500.184ms hit=0.982034 e2e=2962.185ms
[ok] request s269 turn3 ttft=2045.111ms hit=0.7793 e2e=2365.134ms
[ok] request s110 turn2 ttft=2343.559ms hit=0.0 e2e=2674.415ms
[ok] request s103 turn3 ttft=2250.074ms hit=0.361582 e2e=2586.303ms
[ok] request s343 turn2 ttft=2254.269ms hit=0.571854 e2e=2590.281ms
[ok] openhands s417 turn3 ttft=2476.912ms hit=0.923788 e2e=2944.893ms
[ok] request s487 turn2 ttft=2048.021ms hit=0.292571 e2e=2372.548ms
[ok] openhands s418 turn2 ttft=2489.507ms hit=0.914286 e2e=2957.598ms
[ok] openhands s476 turn2 ttft=2695.852ms hit=0.844613 e2e=3163.743ms
[ok] request s73 turn2 ttft=2044.859ms hit=0.461261 e2e=2369.94ms
[ok] request s101 turn3 ttft=2056.345ms hit=0.75442 e2e=2381.277ms
[ok] request s196 turn3 ttft=2154.427ms hit=0.719101 e2e=2479.212ms
[ok] request s4 turn3 ttft=1180.675ms hit=0.0 e2e=1502.591ms
[ok] openhands s418 turn3 ttft=400.737ms hit=0.904926 e2e=1962.982ms
[ok] request s101 turn4 ttft=1037.221ms hit=0.0 e2e=1365.073ms
[ok] request s103 turn4 ttft=1024.556ms hit=0.0 e2e=1373.139ms
[ok] request s269 turn4 ttft=1029.778ms hit=0.0 e2e=1381.304ms
[ok] openhands s476 turn3 ttft=1368.395ms hit=0.882834 e2e=1719.692ms
[ok] request s110 turn3 ttft=1028.574ms hit=0.0 e2e=1379.677ms
[ok] request s487 turn3 ttft=1041.349ms hit=0.0 e2e=1373.927ms
[ok] openhands s182 turn4 ttft=953.262ms hit=0.982348 e2e=1929.932ms
[ok] openhands s417 turn4 ttft=988.659ms hit=0.40466 e2e=1965.018ms
[ok] request s73 turn3 ttft=1040.224ms hit=0.0 e2e=1373.157ms
[ok] request s196 turn4 ttft=1017.165ms hit=0.406349 e2e=1369.197ms
[ok] request s343 turn3 ttft=1025.314ms hit=0.0 e2e=1377.146ms
[ok] openhands s418 turn4 ttft=2886.318ms hit=0.983547 e2e=3625.12ms
[ok] request s101 turn5 ttft=2605.514ms hit=0.852702 e2e=3032.19ms
[ok] request s73 turn4 ttft=2596.658ms hit=0.540084 e2e=3022.913ms
[ok] request s269 turn5 ttft=2601.578ms hit=0.691892 e2e=3030.821ms
[ok] request s110 turn4 ttft=2742.17ms hit=0.0 e2e=3171.138ms
[ok] request s103 turn5 ttft=2605.245ms hit=0.70137 e2e=3033.839ms
[ok] openhands s476 turn4 ttft=2708.786ms hit=0.894523 e2e=3016.51ms
[ok] openhands s182 turn5 ttft=3191.1ms hit=0.979361 e2e=3619.608ms
[ok] openhands s417 turn5 ttft=3198.213ms hit=0.950121 e2e=3626.321ms
[ok] request s487 turn4 ttft=2602.299ms hit=0.608799 e2e=3030.096ms
[ok] request s343 turn4 ttft=2598.712ms hit=0.892375 e2e=3026.235ms
[ok] openhands s418 turn5 ttft=366.792ms hit=0.986866 e2e=4025.492ms
[ok] request s253 turn0 ttft=1709.873ms hit=0.0 e2e=2351.402ms
[ok] request s12 turn0 ttft=1370.249ms hit=0.0 e2e=2012.542ms
[ok] request s269 turn6 ttft=2343.338ms hit=0.846281 e2e=3434.584ms
[ok] request s343 turn5 ttft=2334.215ms hit=0.788906 e2e=3427.365ms
[ok] request s406 turn0 ttft=693.526ms hit=0.0 e2e=1341.27ms
[ok] request s103 turn6 ttft=2337.297ms hit=0.664245 e2e=3430.26ms
[ok] openhands s182 turn6 ttft=2510.609ms hit=0.973745 e2e=3929.47ms
[ok] request s42 turn0 ttft=1032.963ms hit=0.0 e2e=1680.912ms
[ok] request s378 turn0 ttft=2389.528ms hit=0.0 e2e=3037.215ms
[ok] request s277 turn0 ttft=2050.35ms hit=0.0 e2e=2697.772ms
[ok] openhands s476 turn5 ttft=2423.749ms hit=0.996857 e2e=4019.509ms
[ok] openhands s417 turn6 ttft=462.718ms hit=0.933023 e2e=4023.645ms
[ok] request s484 turn0 ttft=361.563ms hit=0.0 e2e=1004.445ms
[ok] openhands s61 turn0 ttft=2729.238ms hit=0.0 e2e=3377.229ms
[ok] request s110 turn5 ttft=2340.103ms hit=0.0 e2e=3434.798ms
[ok] request s513 turn0 ttft=187.724ms hit=0.0 e2e=672.149ms
[ok] request s49 turn0 ttft=137.501ms hit=0.0 e2e=1862.474ms
[ok] request s82 turn0 ttft=405.798ms hit=0.0 e2e=1695.691ms
[ok] openhands s418 turn6 ttft=413.65ms hit=0.990131 e2e=2862.177ms
[ok] openhands s417 turn7 ttft=415.127ms hit=0.946851 e2e=2857.552ms
[ok] openhands s61 turn1 ttft=411.527ms hit=0.848605 e2e=2854.974ms
[ok] request s389 turn0 ttft=684.129ms hit=0.0 e2e=2363.977ms
[ok] request s227 turn0 ttft=471.654ms hit=0.0 e2e=2027.864ms
[ok] request s113 turn0 ttft=904.02ms hit=0.0 e2e=2706.083ms
[ok] openhands s476 turn6 ttft=1232.644ms hit=0.880625 e2e=3034.26ms
[ok] openhands s182 turn7 ttft=1202.28ms hit=0.976123 e2e=3003.607ms
[ok] request s371 turn0 ttft=143.952ms hit=0.0 e2e=1693.61ms
[ok] request s42 turn1 ttft=656.5ms hit=0.0 e2e=2462.001ms
[ok] request s277 turn1 ttft=655.966ms hit=0.0 e2e=2461.202ms
[ok] request s269 turn7 ttft=660.356ms hit=0.775758 e2e=2465.33ms
[ok] request s253 turn1 ttft=666.566ms hit=0.0 e2e=2471.252ms
[ok] request s478 turn0 ttft=325.888ms hit=0.0 e2e=1629.372ms
[ok] openhands s243 turn0 ttft=995.708ms hit=0.0 e2e=2309.408ms
[ok] request s508 turn0 ttft=655.303ms hit=0.0 e2e=1971.019ms
[ok] request s49 turn1 ttft=564.898ms hit=0.0 e2e=1881.935ms
[ok] request s326 turn0 ttft=144.742ms hit=0.0 e2e=1322.929ms
[ok] openhands s61 turn2 ttft=450.622ms hit=0.814761 e2e=1420.081ms
[ok] openhands s476 turn7 ttft=500.036ms hit=0.99516 e2e=1229.349ms
[ok] openhands s182 turn8 ttft=452.705ms hit=0.948148 e2e=1170.321ms
[ok] request s448 turn0 ttft=487.806ms hit=0.0 e2e=1218.226ms
[ok] openhands s418 turn7 ttft=543.731ms hit=0.9808 e2e=1409.87ms
[ok] openhands s417 turn8 ttft=551.012ms hit=0.984468 e2e=1416.815ms
[ok] request s507 turn0 ttft=173.421ms hit=0.0 e2e=892.518ms
[ok] request s253 turn2 ttft=280.847ms hit=0.387879 e2e=1146.371ms
[ok] request s113 turn1 ttft=270.856ms hit=0.0 e2e=1155.051ms
[ok] request s42 turn2 ttft=283.046ms hit=0.239252 e2e=1149.568ms
[ok] request s389 turn1 ttft=274.0ms hit=0.0 e2e=1158.001ms
[ok] request s277 turn2 ttft=282.7ms hit=0.49174 e2e=1148.572ms
[ok] request s214 turn0 ttft=204.818ms hit=0.0 e2e=1072.46ms
[ok] request s21 turn0 ttft=182.273ms hit=0.0 e2e=4700.983ms
[ok] openhands s243 turn1 ttft=211.733ms hit=0.935059 e2e=4730.111ms
[ok] request s54 turn0 ttft=1031.439ms hit=0.0 e2e=1646.262ms
[ok] openhands s61 turn3 ttft=2255.057ms hit=0.851111 e2e=4841.458ms
[ok] request s18 turn0 ttft=2609.132ms hit=0.0 e2e=4383.477ms
[ok] request s214 turn1 ttft=2257.215ms hit=0.0 e2e=3723.042ms
[ok] request s42 turn3 ttft=2260.036ms hit=0.0 e2e=3726.653ms
[ok] openhands s476 turn8 ttft=2758.963ms hit=0.996622 e2e=4830.609ms
[ok] request s161 turn0 ttft=2948.923ms hit=0.0 e2e=4723.493ms
[ok] openhands s418 turn8 ttft=2746.702ms hit=0.983111 e2e=4819.418ms
[ok] openhands s417 turn9 ttft=2413.702ms hit=0.982774 e2e=4810.697ms
[ok] request s107 turn0 ttft=3212.963ms hit=0.0 e2e=3710.564ms
[ok] request s253 turn3 ttft=2263.581ms hit=0.252217 e2e=3733.639ms
[ok] request s277 turn3 ttft=2261.16ms hit=0.0 e2e=3730.444ms
[ok] openhands s182 turn9 ttft=2442.181ms hit=0.980092 e2e=4843.31ms
[ok] request s468 turn0 ttft=1902.949ms hit=0.0 e2e=3372.322ms
[ok] request s49 turn2 ttft=2747.326ms hit=0.302243 e2e=4527.396ms
[ok] request s429 turn0 ttft=2271.897ms hit=0.0 e2e=4051.762ms
[ok] request s508 turn1 ttft=2749.649ms hit=0.0 e2e=4529.296ms
[ok] request s482 turn0 ttft=472.181ms hit=0.0 e2e=1013.919ms
[ok] request s105 turn0 ttft=692.07ms hit=0.0 e2e=1353.29ms
[ok] request s455 turn0 ttft=1563.467ms hit=0.0 e2e=3048.879ms
[ok] request s465 turn0 ttft=146.045ms hit=0.0 e2e=675.931ms
[ok] request s23 turn0 ttft=1225.953ms hit=0.0 e2e=2710.573ms
[ok] openhands s181 turn0 ttft=1710.298ms hit=0.0 e2e=2372.4ms
[ok] request s126 turn0 ttft=1371.941ms hit=0.0 e2e=2033.913ms
[ok] request s490 turn0 ttft=207.614ms hit=0.0 e2e=885.735ms
[ok] openhands s243 turn2 ttft=212.487ms hit=0.912385 e2e=890.492ms
[ok] request s455 turn1 ttft=2670.245ms hit=0.0 e2e=3438.33ms
[ok] request s433 turn0 ttft=912.871ms hit=0.0 e2e=4051.892ms
[ok] openhands s61 turn4 ttft=957.483ms hit=0.717229 e2e=4356.038ms
[ok] request s49 turn3 ttft=2680.922ms hit=0.0 e2e=3761.75ms
[ok] request s508 turn2 ttft=2677.579ms hit=0.0 e2e=3759.238ms
[ok] request s126 turn1 ttft=2663.58ms hit=0.0 e2e=3744.294ms
[ok] openhands s181 turn1 ttft=1190.173ms hit=0.769433 e2e=4312.554ms
[ok] request s161 turn1 ttft=2684.492ms hit=0.884177 e2e=3770.226ms
[ok] openhands s417 turn10 ttft=919.761ms hit=0.984951 e2e=4325.526ms
[ok] openhands s182 turn10 ttft=927.959ms hit=0.977058 e2e=4333.445ms
[ok] request s214 turn2 ttft=2687.331ms hit=0.391437 e2e=3773.391ms
[ok] request s54 turn1 ttft=792.72ms hit=0.0 e2e=3920.91ms
[ok] request s18 turn1 ttft=2690.37ms hit=0.77628 e2e=3775.87ms
[ok] openhands s243 turn3 ttft=672.154ms hit=0.975572 e2e=3800.313ms
[ok] openhands s418 turn9 ttft=935.048ms hit=0.982959 e2e=4341.334ms
[ok] request s465 turn1 ttft=2667.902ms hit=0.0 e2e=3753.794ms
[ok] request s72 turn0 ttft=887.098ms hit=0.0 e2e=4015.683ms
[ok] openhands s476 turn9 ttft=1226.868ms hit=0.997054 e2e=4355.207ms
[ok] request s235 turn0 ttft=320.016ms hit=0.0 e2e=970.355ms
[ok] request s28 turn0 ttft=660.067ms hit=0.0 e2e=1310.195ms
[ok] request s213 turn0 ttft=1324.319ms hit=0.0 e2e=1988.098ms
[ok] request s88 turn0 ttft=2001.952ms hit=0.0 e2e=2667.239ms
[ok] request s66 turn0 ttft=1662.689ms hit=0.0 e2e=2327.759ms
[ok] request s134 turn0 ttft=2589.199ms hit=0.0 e2e=3684.167ms
[ok] openhands s477 turn0 ttft=999.295ms hit=0.524004 e2e=1650.784ms
[ok] request s291 turn0 ttft=2417.533ms hit=0.0 e2e=3346.305ms
[ok] request s490 turn1 ttft=2281.62ms hit=0.0 e2e=3210.199ms
[ok] request s164 turn0 ttft=2342.135ms hit=0.0 e2e=3008.145ms
[ok] request s515 turn0 ttft=147.776ms hit=0.0 e2e=659.299ms
[ok] request s394 turn0 ttft=149.313ms hit=0.0 e2e=1481.68ms
[ok] openhands s243 turn4 ttft=1136.099ms hit=0.925838 e2e=1142.543ms
[ok] openhands s477 turn1 ttft=1161.99ms hit=0.802005 e2e=1166.643ms
[ok] openhands s181 turn2 ttft=1182.92ms hit=0.991989 e2e=1191.43ms
[ok] request s455 turn2 ttft=2936.817ms hit=0.0 e2e=3972.163ms
[ok] openhands s182 turn11 ttft=1177.976ms hit=0.983314 e2e=4417.832ms
[ok] request s129 turn0 ttft=1134.755ms hit=0.0 e2e=4379.464ms
[ok] openhands s61 turn5 ttft=1186.909ms hit=0.988271 e2e=4432.426ms
[ok] openhands s418 turn10 ttft=1155.39ms hit=0.975775 e2e=4399.008ms
[ok] openhands s417 turn11 ttft=1140.782ms hit=0.985705 e2e=4385.709ms
[ok] openhands s477 turn2 ttft=2832.302ms hit=0.741771 e2e=3268.253ms
[ok] request s161 turn2 ttft=3058.502ms hit=0.967483 e2e=3883.005ms
[ok] request s351 turn0 ttft=2831.124ms hit=0.0 e2e=4091.917ms
[ok] request s213 turn1 ttft=3439.205ms hit=0.398232 e2e=3875.333ms
[ok] openhands s476 turn10 ttft=3186.527ms hit=0.996131 e2e=4447.279ms
[ok] request s214 turn3 ttft=3055.774ms hit=0.563168 e2e=3881.899ms
[ok] request s465 turn2 ttft=3052.83ms hit=0.0 e2e=3879.823ms
[ok] request s490 turn2 ttft=3436.94ms hit=0.65529 e2e=3873.654ms
[ok] request s433 turn1 ttft=2890.233ms hit=0.0 e2e=4153.193ms
[ok] openhands s181 turn3 ttft=2751.904ms hit=0.983742 e2e=3188.708ms
[ok] request s134 turn1 ttft=3439.081ms hit=0.0 e2e=3875.709ms
[ok] openhands s243 turn5 ttft=2811.532ms hit=0.925131 e2e=3247.974ms
[ok] request s55 turn0 ttft=2641.919ms hit=0.0 e2e=3078.19ms
[ok] request s515 turn1 ttft=3416.077ms hit=0.0 e2e=3852.165ms
[ok] request s480 turn0 ttft=3320.934ms hit=0.0 e2e=3756.892ms
[ok] request s197 turn0 ttft=2981.83ms hit=0.0 e2e=3417.688ms
[ok] request s154 turn0 ttft=969.993ms hit=0.0 e2e=1383.221ms
[ok] request s53 turn0 ttft=1310.246ms hit=0.0 e2e=1723.291ms
[ok] request s345 turn0 ttft=1988.68ms hit=0.0 e2e=2401.598ms
[ok] request s394 turn1 ttft=2459.257ms hit=0.0 e2e=2872.045ms
[ok] request s27 turn0 ttft=2329.219ms hit=0.0 e2e=2741.917ms
[ok] request s255 turn0 ttft=1651.764ms hit=0.0 e2e=2064.396ms
[ok] openhands s417 turn12 ttft=637.276ms hit=0.989691 e2e=1644.43ms
[ok] request s255 turn1 ttft=557.141ms hit=0.0 e2e=1007.92ms
[ok] request s480 turn1 ttft=561.434ms hit=0.0 e2e=1014.038ms
[ok] request s515 turn2 ttft=563.948ms hit=0.357542 e2e=1021.801ms
[ok] openhands s477 turn3 ttft=708.14ms hit=0.89672 e2e=1623.279ms
[ok] openhands s476 turn11 ttft=912.811ms hit=0.995987 e2e=1619.761ms
[ok] request s345 turn1 ttft=561.57ms hit=0.0 e2e=1019.899ms
[ok] openhands s418 turn11 ttft=622.526ms hit=0.9885 e2e=1639.495ms
[ok] openhands s61 turn6 ttft=646.76ms hit=0.97847 e2e=1665.195ms
[ok] request s55 turn1 ttft=659.756ms hit=0.0 e2e=1025.059ms
[ok] request s161 turn3 ttft=573.062ms hit=0.959095 e2e=1031.903ms
[ok] request s490 turn3 ttft=568.99ms hit=0.530021 e2e=1027.708ms
[ok] openhands s182 turn12 ttft=684.66ms hit=0.980004 e2e=1603.793ms
[ok] openhands s243 turn6 ttft=690.865ms hit=0.969294 e2e=1609.832ms
[ok] request s433 turn2 ttft=340.965ms hit=0.0 e2e=1051.864ms
[ok] openhands s181 turn4 ttft=707.761ms hit=0.986313 e2e=1589.674ms
[ok] request s213 turn2 ttft=649.288ms hit=0.622774 e2e=1032.083ms
[ok] openhands s418 turn12 ttft=470.82ms hit=0.989732 e2e=1206.412ms
[ok] openhands s61 turn7 ttft=740.384ms hit=0.98131 e2e=1189.516ms
[ok] openhands s182 turn13 ttft=833.349ms hit=0.963359 e2e=1151.262ms
[ok] openhands s181 turn5 ttft=846.846ms hit=0.990148 e2e=1169.088ms
[ok] openhands s417 turn13 ttft=745.922ms hit=0.969969 e2e=1200.215ms
[ok] request s433 turn3 ttft=299.272ms hit=0.0 e2e=610.441ms
[ok] request s161 turn4 ttft=302.985ms hit=0.954037 e2e=613.47ms
[ok] openhands s243 turn7 ttft=546.147ms hit=0.958763 e2e=1185.349ms
[ok] openhands s477 turn4 ttft=567.472ms hit=0.695023 e2e=1206.507ms
[ok] request s345 turn2 ttft=303.927ms hit=0.0 e2e=616.218ms
[ok] request s515 turn3 ttft=307.071ms hit=0.447944 e2e=618.754ms
[ok] openhands s418 turn13 ttft=506.33ms hit=0.968356 e2e=1006.542ms
[ok] openhands s417 turn14 ttft=696.176ms hit=0.98457 e2e=971.481ms
[ok] openhands s182 turn14 ttft=687.51ms hit=0.972215 e2e=958.184ms
[ok] openhands s61 turn8 ttft=730.843ms hit=0.990352 e2e=1002.525ms
[ok] openhands s181 turn6 ttft=713.39ms hit=0.869311 e2e=992.78ms
[ok] openhands s243 turn8 ttft=499.07ms hit=0.987866 e2e=987.048ms
[ok] openhands s477 turn5 ttft=493.15ms hit=0.820719 e2e=981.009ms
[ok] openhands s418 turn14 ttft=506.697ms hit=0.993411 e2e=1091.672ms
[ok] openhands s182 turn15 ttft=797.577ms hit=0.977995 e2e=1074.432ms
[ok] openhands s417 turn15 ttft=777.346ms hit=0.989509 e2e=1053.023ms
[ok] openhands s477 turn6 ttft=780.456ms hit=0.961415 e2e=1059.35ms
[ok] openhands s243 turn9 ttft=767.826ms hit=0.978013 e2e=1047.972ms
[ok] openhands s181 turn7 ttft=643.601ms hit=0.994159 e2e=1068.206ms
[ok] openhands s61 turn9 ttft=498.99ms hit=0.988764 e2e=1088.984ms
[ok] openhands s182 turn16 ttft=2873.772ms hit=0.979923 e2e=3143.281ms
[ok] openhands s181 turn8 ttft=2828.557ms hit=0.984277 e2e=3099.939ms
[ok] openhands s477 turn7 ttft=2865.428ms hit=0.937193 e2e=3136.37ms
[ok] openhands s243 turn10 ttft=2840.291ms hit=0.936254 e2e=3110.888ms
[ok] openhands s417 turn16 ttft=2848.192ms hit=0.922386 e2e=3118.337ms
[ok] openhands s61 turn10 ttft=2860.785ms hit=0.989153 e2e=3130.432ms
[ok] openhands s418 turn15 ttft=2741.664ms hit=0.975548 e2e=3155.576ms
[ok] openhands s243 turn11 ttft=513.724ms hit=0.96942 e2e=1014.423ms
[ok] openhands s61 turn11 ttft=707.822ms hit=0.98562 e2e=992.759ms
[ok] openhands s181 turn9 ttft=731.322ms hit=0.971222 e2e=1008.488ms
[ok] openhands s182 turn17 ttft=680.937ms hit=0.985855 e2e=968.601ms
[ok] openhands s417 turn17 ttft=569.246ms hit=0.951327 e2e=976.733ms
[ok] openhands s477 turn8 ttft=479.957ms hit=0.966199 e2e=983.727ms
[ok] openhands s418 turn16 ttft=500.596ms hit=0.987678 e2e=1003.99ms
[ok] openhands s61 turn12 ttft=531.461ms hit=0.970222 e2e=995.0ms
[ok] openhands s182 turn18 ttft=685.382ms hit=0.899689 e2e=968.326ms
[ok] openhands s418 turn17 ttft=702.943ms hit=0.983011 e2e=977.301ms
[ok] openhands s243 turn12 ttft=668.944ms hit=0.959923 e2e=945.819ms
[ok] openhands s181 turn10 ttft=674.992ms hit=0.982726 e2e=960.862ms
[ok] openhands s477 turn9 ttft=493.468ms hit=0.967133 e2e=953.665ms
[ok] openhands s417 turn18 ttft=527.398ms hit=0.971691 e2e=987.226ms
[ok] openhands s61 turn13 ttft=393.32ms hit=0.991515 e2e=1047.267ms
[ok] openhands s418 turn18 ttft=646.808ms hit=0.887164 e2e=1036.226ms
[ok] openhands s477 turn10 ttft=629.199ms hit=0.914513 e2e=1020.701ms
[ok] openhands s417 turn19 ttft=619.923ms hit=0.972931 e2e=1012.274ms
[ok] openhands s243 turn13 ttft=514.389ms hit=0.987506 e2e=1028.826ms
[ok] openhands s181 turn11 ttft=236.176ms hit=0.959503 e2e=2923.967ms
[ok] openhands s61 turn14 ttft=431.766ms hit=0.960808 e2e=2881.153ms
[ok] openhands s418 turn19 ttft=2596.605ms hit=0.986479 e2e=2870.444ms
[ok] openhands s417 turn20 ttft=2564.504ms hit=0.975052 e2e=2843.627ms
[ok] openhands s477 turn11 ttft=2572.867ms hit=0.948058 e2e=2853.742ms
[ok] openhands s243 turn14 ttft=537.706ms hit=0.917563 e2e=2861.996ms
[ok] openhands s181 turn12 ttft=932.325ms hit=0.980786 e2e=1080.681ms
[ok] openhands s61 turn15 ttft=454.356ms hit=0.981591 e2e=1007.851ms
[ok] openhands s418 turn20 ttft=370.665ms hit=0.989533 e2e=640.152ms
[ok] openhands s243 turn15 ttft=690.059ms hit=0.945099 e2e=964.836ms
[ok] openhands s477 turn12 ttft=498.187ms hit=0.974378 e2e=997.444ms
[ok] openhands s61 turn16 ttft=391.61ms hit=0.982562 e2e=771.709ms
[ok] openhands s181 turn13 ttft=456.972ms hit=0.979481 e2e=705.547ms
[ok] openhands s243 turn16 ttft=504.479ms hit=0.989759 e2e=760.332ms
[ok] openhands s61 turn17 ttft=400.944ms hit=0.971665 e2e=1164.791ms
[ok] openhands s123 turn0 ttft=485.299ms hit=0.529722 e2e=894.468ms
[ok] request s414 turn0 ttft=156.298ms hit=0.0 e2e=561.431ms
[ok] openhands s418 turn21 ttft=377.899ms hit=0.992046 e2e=907.332ms
[ok] openhands s181 turn14 ttft=534.25ms hit=0.968652 e2e=1064.438ms
[ok] openhands s243 turn17 ttft=498.96ms hit=0.967365 e2e=1155.178ms
[ok] request s385 turn0 ttft=142.433ms hit=0.0 e2e=961.099ms
[ok] request s299 turn0 ttft=135.941ms hit=0.0 e2e=258.058ms
[ok] openhands s61 turn18 ttft=395.253ms hit=0.990928 e2e=1109.076ms
[ok] request s380 turn0 ttft=604.604ms hit=0.0 e2e=994.086ms
[ok] request s217 turn0 ttft=265.814ms hit=0.0 e2e=654.994ms
[ok] openhands s181 turn15 ttft=656.193ms hit=0.979672 e2e=1047.98ms
[ok] openhands s418 turn22 ttft=555.923ms hit=0.919167 e2e=1079.932ms
[ok] openhands s123 turn1 ttft=575.535ms hit=0.758743 e2e=1099.164ms
[ok] request s158 turn0 ttft=413.484ms hit=0.0 e2e=597.453ms
[ok] request s299 turn1 ttft=456.518ms hit=0.0 e2e=1001.433ms
[ok] openhands s61 turn19 ttft=421.283ms hit=0.949168 e2e=1358.073ms
[ok] openhands s181 turn16 ttft=517.472ms hit=0.964689 e2e=1223.223ms
[ok] request s273 turn0 ttft=636.236ms hit=0.0 e2e=1343.41ms
[ok] openhands s123 turn2 ttft=640.962ms hit=0.760338 e2e=1347.778ms
[ok] request s217 turn1 ttft=288.369ms hit=0.0 e2e=764.196ms
[ok] request s104 turn0 ttft=196.336ms hit=0.0 e2e=665.474ms
[ok] request s337 turn0 ttft=147.606ms hit=0.0 e2e=1199.165ms
[ok] request s320 turn0 ttft=151.123ms hit=0.0 e2e=171.986ms
[ok] openhands s418 turn23 ttft=385.211ms hit=0.971758 e2e=1318.081ms
[ok] openhands s61 turn20 ttft=444.362ms hit=0.992059 e2e=1327.805ms
[ok] request s261 turn0 ttft=134.177ms hit=0.0 e2e=640.691ms
[ok] request s273 turn1 ttft=232.247ms hit=0.0 e2e=730.754ms
[ok] request s217 turn2 ttft=222.332ms hit=0.0 e2e=729.705ms
[ok] request s158 turn1 ttft=563.681ms hit=0.0 e2e=1197.669ms
[ok] request s198 turn0 ttft=678.922ms hit=0.0 e2e=1312.574ms
[ok] openhands s123 turn3 ttft=683.55ms hit=0.557913 e2e=1318.21ms
[ok] openhands s181 turn17 ttft=672.466ms hit=0.973084 e2e=1190.181ms
[ok] request s98 turn0 ttft=463.877ms hit=0.0 e2e=981.269ms
[ok] request s348 turn0 ttft=908.889ms hit=0.0 e2e=993.125ms
[ok] openhands s123 turn4 ttft=857.607ms hit=0.570302 e2e=2045.591ms
[ok] request s274 turn0 ttft=237.967ms hit=0.0 e2e=658.829ms
[ok] openhands s418 turn24 ttft=419.389ms hit=0.98146 e2e=2162.761ms
[ok] openhands s302 turn0 ttft=1248.21ms hit=0.148609 e2e=1680.364ms
[ok] request s80 turn0 ttft=570.641ms hit=0.0 e2e=1002.451ms
[ok] openhands s181 turn18 ttft=1092.123ms hit=0.975752 e2e=1928.667ms
[ok] request s374 turn0 ttft=827.265ms hit=0.0 e2e=2020.083ms
[ok] openhands s61 turn21 ttft=852.791ms hit=0.990254 e2e=2045.252ms
[ok] request s273 turn2 ttft=1041.612ms hit=0.0 e2e=1456.817ms
[ok] request s98 turn1 ttft=1022.289ms hit=0.0 e2e=1454.19ms
[ok] request s84 turn0 ttft=138.447ms hit=0.0 e2e=572.465ms
[ok] request s348 turn1 ttft=246.101ms hit=0.0 e2e=270.609ms
[ok] openhands s123 turn5 ttft=363.528ms hit=0.90958 e2e=1888.322ms
[ok] request s267 turn0 ttft=144.185ms hit=0.0 e2e=1540.277ms
[ok] openhands s302 turn1 ttft=489.574ms hit=0.906411 e2e=1885.294ms
[ok] request s145 turn0 ttft=464.782ms hit=0.0 e2e=1871.086ms
[ok] openhands s181 turn19 ttft=475.852ms hit=0.971787 e2e=1881.734ms
[ok] request s348 turn2 ttft=944.736ms hit=0.0 e2e=1680.829ms
[ok] request s278 turn0 ttft=474.706ms hit=0.0 e2e=2132.425ms
[ok] request s522 turn0 ttft=910.837ms hit=0.0 e2e=2815.421ms
[ok] openhands s61 turn22 ttft=1056.009ms hit=0.807732 e2e=2960.148ms
[ok] openhands s418 turn25 ttft=1123.776ms hit=0.946802 e2e=2903.157ms
[ok] request s84 turn1 ttft=879.33ms hit=0.0 e2e=2658.415ms
[ok] request s374 turn1 ttft=1002.359ms hit=0.0 e2e=2906.582ms
[ok] request s257 turn0 ttft=697.974ms hit=0.0 e2e=2476.933ms
[ok] request s203 turn0 ttft=142.937ms hit=0.0 e2e=1798.398ms
[ok] request s80 turn1 ttft=1003.967ms hit=0.0 e2e=2908.254ms
[ok] request s273 turn3 ttft=1002.286ms hit=0.0 e2e=2906.295ms
[ok] openhands s123 turn6 ttft=564.727ms hit=0.873899 e2e=4747.869ms
[ok] request s357 turn0 ttft=411.901ms hit=0.0 e2e=4598.542ms
[ok] openhands s302 turn2 ttft=3043.724ms hit=0.975078 e2e=4741.9ms
[ok] request s112 turn0 ttft=1096.928ms hit=0.0 e2e=4642.815ms
[ok] openhands s181 turn20 ttft=1046.923ms hit=0.716065 e2e=4719.128ms
[ok] request s479 turn0 ttft=418.82ms hit=0.0 e2e=3964.609ms
[ok] request s449 turn0 ttft=757.315ms hit=0.0 e2e=4304.321ms
[ok] request s273 turn4 ttft=622.956ms hit=0.749164 e2e=3073.658ms
[ok] openhands s418 turn26 ttft=1211.811ms hit=0.996344 e2e=3668.339ms
[ok] request s278 turn1 ttft=629.633ms hit=0.0 e2e=3085.835ms
[ok] request s224 turn0 ttft=313.997ms hit=0.0 e2e=2768.43ms
[ok] request s80 turn2 ttft=623.746ms hit=0.0 e2e=3079.906ms
[ok] openhands s242 turn0 ttft=1327.144ms hit=0.110207 e2e=3785.807ms
[ok] request s440 turn0 ttft=988.354ms hit=0.0 e2e=3446.609ms
[ok] request s31 turn0 ttft=651.404ms hit=0.0 e2e=3107.24ms
[ok] request s133 turn0 ttft=1469.2ms hit=0.0 e2e=2435.924ms
[ok] openhands s61 turn23 ttft=1709.992ms hit=0.664647 e2e=2675.9ms
[ok] request s69 turn0 ttft=792.472ms hit=0.0 e2e=1758.137ms
[ok] request s292 turn0 ttft=241.902ms hit=0.0 e2e=1080.077ms
[ok] request s434 turn0 ttft=569.322ms hit=0.0 e2e=1419.488ms
[ok] request s169 turn0 ttft=140.137ms hit=0.0 e2e=742.492ms
[ok] request s7 turn0 ttft=1130.093ms hit=0.0 e2e=2097.925ms
[ok] openhands s302 turn3 ttft=323.143ms hit=0.983021 e2e=1343.266ms
[ok] request s296 turn0 ttft=185.696ms hit=0.0 e2e=1201.385ms
[ok] openhands s123 turn7 ttft=312.425ms hit=0.969255 e2e=1327.823ms
[ok] request s344 turn0 ttft=429.776ms hit=0.0 e2e=1362.898ms
[ok] openhands s181 turn21 ttft=532.202ms hit=0.991365 e2e=1465.012ms
[ok] openhands s242 turn1 ttft=993.222ms hit=0.93891 e2e=1281.958ms
[ok] request s31 turn1 ttft=292.402ms hit=0.0 e2e=1095.094ms
[ok] request s292 turn1 ttft=172.376ms hit=0.369942 e2e=855.314ms
[ok] openhands s61 turn24 ttft=522.619ms hit=0.992638 e2e=1452.738ms
[ok] openhands s418 turn27 ttft=559.472ms hit=0.987984 e2e=1369.656ms
[ok] request s273 turn5 ttft=184.284ms hit=0.777066 e2e=867.495ms
[ok] request s238 turn0 ttft=371.343ms hit=0.0 e2e=1181.507ms
[ok] request s278 turn2 ttft=181.633ms hit=0.399376 e2e=864.402ms
[ok] request s112 turn1 ttft=333.585ms hit=0.0 e2e=1023.386ms
[ok] request s401 turn0 ttft=158.071ms hit=0.0 e2e=841.867ms
[ok] request s357 turn1 ttft=472.247ms hit=0.0 e2e=1404.873ms
[ok] openhands s302 turn4 ttft=331.035ms hit=0.977899 e2e=2538.18ms
[ok] request s36 turn0 ttft=183.944ms hit=0.0 e2e=2387.18ms
[ok] openhands s123 turn8 ttft=223.383ms hit=0.98409 e2e=2426.312ms
[ok] request s50 turn0 ttft=1254.692ms hit=0.0 e2e=2216.242ms
[ok] request s32 turn0 ttft=290.249ms hit=0.0 e2e=881.628ms
[ok] request s314 turn0 ttft=624.123ms hit=0.0 e2e=1701.085ms
[ok] request s292 turn2 ttft=987.58ms hit=0.0 e2e=2294.044ms
[ok] openhands s61 turn25 ttft=1425.476ms hit=0.980205 e2e=2891.071ms
[ok] request s323 turn0 ttft=914.236ms hit=0.0 e2e=2384.565ms
[ok] request s112 turn2 ttft=985.567ms hit=0.0 e2e=2297.321ms
[ok] request s31 turn2 ttft=994.426ms hit=0.0 e2e=2305.873ms
[ok] openhands s242 turn2 ttft=1571.461ms hit=0.953023 e2e=3041.438ms
[ok] openhands s120 turn0 ttft=1595.139ms hit=0.100428 e2e=3064.814ms
[ok] request s81 turn0 ttft=736.236ms hit=0.0 e2e=2047.906ms
[ok] request s238 turn1 ttft=988.15ms hit=0.0 e2e=2299.572ms
[ok] openhands s418 turn28 ttft=568.299ms hit=0.869941 e2e=1653.259ms
[ok] openhands s181 turn22 ttft=1043.107ms hit=0.959805 e2e=2513.264ms
[ok] request s344 turn1 ttft=986.643ms hit=0.0 e2e=2456.59ms
[ok] openhands s302 turn5 ttft=353.403ms hit=0.985497 e2e=1636.867ms
[ok] request s150 turn0 ttft=248.011ms hit=0.0 e2e=1652.423ms
[ok] request s335 turn0 ttft=155.975ms hit=0.0 e2e=1315.773ms
[ok] openhands s123 turn9 ttft=388.531ms hit=0.985543 e2e=1556.365ms
[ok] request s205 turn0 ttft=245.566ms hit=0.0 e2e=1694.252ms
[ok] request s50 turn1 ttft=147.523ms hit=0.0 e2e=1589.584ms
[ok] request s473 turn0 ttft=620.399ms hit=0.0 e2e=1579.583ms
[ok] openhands s302 turn6 ttft=616.661ms hit=0.974918 e2e=1326.051ms
[ok] request s81 turn1 ttft=640.275ms hit=0.0 e2e=1350.326ms
[ok] request s314 turn1 ttft=650.506ms hit=0.0 e2e=1360.261ms
[ok] openhands s242 turn3 ttft=602.234ms hit=0.961289 e2e=1936.088ms
[ok] openhands s181 turn23 ttft=835.341ms hit=0.941926 e2e=1753.992ms
[ok] request s112 turn3 ttft=644.796ms hit=0.636816 e2e=1360.542ms
[ok] request s39 turn0 ttft=717.999ms hit=0.0 e2e=1636.519ms
[ok] openhands s61 turn26 ttft=623.122ms hit=0.997614 e2e=1958.792ms
[ok] request s454 turn0 ttft=582.352ms hit=0.0 e2e=1297.94ms
[ok] request s31 turn3 ttft=644.249ms hit=0.0 e2e=1359.536ms
[ok] openhands s123 turn10 ttft=609.655ms hit=0.989609 e2e=1324.657ms
[ok] request s292 turn3 ttft=652.145ms hit=0.888272 e2e=1366.931ms
[ok] request s400 turn0 ttft=245.605ms hit=0.0 e2e=959.849ms
[ok] openhands s120 turn1 ttft=823.461ms hit=0.855688 e2e=1943.482ms
[ok] openhands s418 turn29 ttft=686.966ms hit=0.986903 e2e=1806.62ms
[ok] request s210 turn0 ttft=131.678ms hit=0.0 e2e=1521.948ms
[ok] request s190 turn0 ttft=218.149ms hit=0.0 e2e=1563.942ms
[ok] request s50 turn2 ttft=252.746ms hit=0.0 e2e=1603.21ms
[ok] request s205 turn1 ttft=832.971ms hit=0.0 e2e=1363.299ms
[ok] openhands s302 turn7 ttft=812.557ms hit=0.963872 e2e=1361.559ms
[ok] openhands s123 turn11 ttft=769.037ms hit=0.991112 e2e=1410.241ms
[ok] openhands s120 turn2 ttft=789.539ms hit=0.94164 e2e=1432.679ms
[ok] openhands s181 turn24 ttft=801.365ms hit=0.967722 e2e=1445.298ms
[ok] openhands s242 turn4 ttft=810.11ms hit=0.983487 e2e=1452.628ms
[ok] openhands s418 turn30 ttft=1153.374ms hit=0.990893 e2e=1395.421ms
[ok] request s314 turn2 ttft=500.104ms hit=0.276458 e2e=869.315ms
[ok] openhands s61 turn27 ttft=997.449ms hit=0.9956 e2e=1431.872ms
[ok] request s473 turn1 ttft=890.366ms hit=0.0 e2e=1259.631ms
[ok] request s400 turn1 ttft=494.805ms hit=0.485078 e2e=863.814ms
[ok] request s81 turn2 ttft=503.371ms hit=0.478505 e2e=872.167ms
[ok] request s39 turn1 ttft=496.954ms hit=0.0 e2e=865.56ms
[ok] openhands s302 turn8 ttft=872.043ms hit=0.970376 e2e=1575.801ms
[ok] openhands s418 turn31 ttft=762.877ms hit=0.992773 e2e=1469.272ms
[ok] request s210 turn1 ttft=856.527ms hit=0.0 e2e=1565.392ms
[ok] openhands s120 turn3 ttft=748.363ms hit=0.982641 e2e=1456.305ms
[ok] openhands s181 turn25 ttft=773.335ms hit=0.979419 e2e=1482.074ms
[ok] openhands s242 turn5 ttft=716.201ms hit=0.990858 e2e=1424.101ms
[ok] openhands s123 turn12 ttft=1211.056ms hit=0.984033 e2e=1402.803ms
[ok] request s473 turn2 ttft=578.147ms hit=0.346883 e2e=933.287ms
[ok] request s314 turn3 ttft=580.478ms hit=0.563463 e2e=935.384ms
[ok] request s190 turn1 ttft=633.183ms hit=0.191473 e2e=1116.373ms
[ok] request s81 turn3 ttft=576.047ms hit=0.621736 e2e=930.979ms
[ok] request s205 turn2 ttft=700.404ms hit=0.566372 e2e=1055.078ms
[ok] openhands s61 turn28 ttft=1020.747ms hit=0.977683 e2e=1504.073ms
[ok] request s39 turn2 ttft=575.409ms hit=0.301887 e2e=930.175ms
[ok] request s400 turn2 ttft=579.279ms hit=0.526478 e2e=933.828ms
[ok] openhands s302 turn9 ttft=784.573ms hit=0.977417 e2e=1265.364ms
[ok] openhands s181 turn26 ttft=793.499ms hit=0.990552 e2e=1244.937ms
[ok] request s314 turn4 ttft=301.201ms hit=0.719505 e2e=615.734ms
[ok] openhands s61 turn29 ttft=886.406ms hit=0.997783 e2e=1214.167ms
[ok] request s190 turn2 ttft=299.733ms hit=0.67475 e2e=614.353ms
[ok] openhands s242 turn6 ttft=742.958ms hit=0.991427 e2e=1227.49ms
[ok] openhands s120 turn4 ttft=748.242ms hit=0.991485 e2e=1233.627ms
[ok] openhands s418 turn32 ttft=777.256ms hit=0.985251 e2e=1263.487ms
[ok] openhands s123 turn13 ttft=861.647ms hit=0.982244 e2e=1176.979ms
[ok] request s473 turn3 ttft=304.873ms hit=0.486692 e2e=620.018ms
[ok] openhands s302 turn10 ttft=838.589ms hit=0.97196 e2e=1362.07ms
[ok] openhands s61 turn30 ttft=1011.631ms hit=0.982172 e2e=1321.536ms
[ok] request s314 turn5 ttft=452.351ms hit=0.70169 e2e=766.756ms
[ok] openhands s123 turn14 ttft=811.232ms hit=0.963046 e2e=1307.454ms
[ok] openhands s181 turn27 ttft=833.748ms hit=0.993359 e2e=1359.759ms
[ok] openhands s242 turn7 ttft=806.614ms hit=0.971631 e2e=1333.497ms
[ok] openhands s418 turn33 ttft=819.979ms hit=0.989878 e2e=1347.726ms
[ok] openhands s120 turn5 ttft=922.877ms hit=0.988333 e2e=1283.04ms
[ok] request s190 turn3 ttft=450.247ms hit=0.666915 e2e=765.87ms
[ok] openhands s120 turn6 ttft=1010.584ms hit=0.774516 e2e=1288.194ms
[ok] openhands s181 turn28 ttft=752.529ms hit=0.974995 e2e=1031.165ms
[ok] openhands s418 turn34 ttft=736.021ms hit=0.972448 e2e=1403.097ms
[ok] openhands s123 turn15 ttft=571.953ms hit=0.965247 e2e=1416.058ms
[ok] openhands s242 turn8 ttft=579.619ms hit=0.980719 e2e=1424.591ms
[ok] openhands s302 turn11 ttft=590.543ms hit=0.97828 e2e=1436.297ms
[ok] openhands s120 turn7 ttft=469.503ms hit=0.993698 e2e=938.935ms
[ok] openhands s302 turn12 ttft=645.104ms hit=0.973902 e2e=919.485ms
[ok] openhands s123 turn16 ttft=604.579ms hit=0.992248 e2e=912.173ms
[ok] openhands s418 turn35 ttft=492.088ms hit=0.994008 e2e=934.407ms
[ok] openhands s242 turn9 ttft=624.451ms hit=0.935167 e2e=922.437ms
[ok] openhands s120 turn8 ttft=636.831ms hit=0.918335 e2e=1297.65ms
[ok] openhands s181 turn29 ttft=980.183ms hit=0.929921 e2e=1267.685ms
[ok] openhands s123 turn17 ttft=973.904ms hit=0.980272 e2e=1254.629ms
[ok] openhands s242 turn10 ttft=711.428ms hit=0.942367 e2e=1242.004ms
[ok] openhands s302 turn13 ttft=744.484ms hit=0.969229 e2e=1275.91ms
[ok] openhands s418 turn36 ttft=629.864ms hit=0.99599 e2e=1291.289ms
[ok] openhands s418 turn37 ttft=654.707ms hit=0.981166 e2e=2394.291ms
[ok] openhands s120 turn9 ttft=469.603ms hit=0.992149 e2e=2530.952ms
[ok] openhands s182 turn19 ttft=1664.91ms hit=0.089899 e2e=2059.36ms
[ok] openhands s123 turn18 ttft=759.981ms hit=0.989651 e2e=2502.892ms
[ok] openhands s242 turn11 ttft=585.542ms hit=0.967246 e2e=2512.204ms
[ok] openhands s302 turn14 ttft=471.9ms hit=0.984579 e2e=2520.503ms
[ok] openhands s181 turn30 ttft=1267.784ms hit=0.889174 e2e=1551.462ms
[ok] openhands s182 turn20 ttft=463.257ms hit=0.983685 e2e=1145.035ms
[ok] openhands s302 turn15 ttft=646.312ms hit=0.92992 e2e=1125.843ms
[ok] openhands s418 turn38 ttft=947.525ms hit=0.99306 e2e=1105.306ms
[ok] openhands s123 turn19 ttft=636.728ms hit=0.975513 e2e=1119.071ms
[ok] openhands s242 turn12 ttft=477.453ms hit=0.966344 e2e=1136.906ms
[ok] openhands s181 turn31 ttft=458.847ms hit=0.941817 e2e=1150.423ms
[ok] openhands s418 turn39 ttft=472.888ms hit=0.963208 e2e=1165.533ms
[ok] openhands s123 turn20 ttft=677.826ms hit=0.988992 e2e=1075.589ms
[ok] openhands s182 turn21 ttft=732.712ms hit=0.841459 e2e=1132.738ms
[ok] openhands s242 turn13 ttft=646.983ms hit=0.984769 e2e=1143.066ms
[ok] openhands s302 turn16 ttft=655.399ms hit=0.933764 e2e=1152.298ms
[ok] openhands s181 turn32 ttft=426.35ms hit=0.984273 e2e=709.801ms
[ok] openhands s418 turn40 ttft=696.944ms hit=0.993985 e2e=2018.54ms
[ok] openhands s123 turn21 ttft=700.533ms hit=0.979697 e2e=1992.03ms
[ok] openhands s302 turn17 ttft=685.691ms hit=0.923362 e2e=1979.124ms
[ok] openhands s242 turn14 ttft=647.684ms hit=0.973088 e2e=1970.557ms
[ok] openhands s182 turn22 ttft=681.455ms hit=0.924977 e2e=2005.057ms
[ok] openhands s181 turn33 ttft=1556.964ms hit=0.824272 e2e=2014.891ms
[ok] openhands s120 turn10 ttft=788.244ms hit=0.884712 e2e=1113.407ms
[ok] openhands s418 turn41 ttft=834.537ms hit=0.992602 e2e=1690.894ms
[ok] openhands s181 turn34 ttft=1182.152ms hit=0.994659 e2e=1618.233ms
[ok] openhands s302 turn18 ttft=972.594ms hit=0.864554 e2e=1666.323ms
[ok] openhands s120 turn11 ttft=936.424ms hit=0.969003 e2e=1629.835ms
[ok] openhands s242 turn15 ttft=780.943ms hit=0.964454 e2e=1640.433ms
[ok] openhands s182 turn23 ttft=818.094ms hit=0.909496 e2e=1678.33ms
[ok] openhands s240 turn0 ttft=209.847ms hit=0.464763 e2e=624.77ms
[ok] openhands s123 turn22 ttft=1086.026ms hit=0.984638 e2e=1656.033ms
[ok] request s93 turn0 ttft=134.424ms hit=0.0 e2e=887.384ms
[ok] openhands s418 turn42 ttft=1685.446ms hit=0.962778 e2e=1958.857ms
[ok] request s282 turn0 ttft=134.321ms hit=0.0 e2e=212.814ms
[ok] openhands s302 turn19 ttft=587.861ms hit=0.872812 e2e=1397.626ms
[ok] openhands s240 turn1 ttft=676.509ms hit=0.941327 e2e=1958.475ms
[ok] openhands s182 turn24 ttft=774.634ms hit=0.979767 e2e=1955.383ms
[ok] openhands s123 turn23 ttft=660.538ms hit=0.97203 e2e=1943.427ms
[ok] request s431 turn0 ttft=444.394ms hit=0.0 e2e=1254.354ms
[ok] request s57 turn0 ttft=543.719ms hit=0.0 e2e=1928.225ms
[ok] openhands s120 turn12 ttft=584.375ms hit=0.993271 e2e=1968.539ms
[ok] request s265 turn0 ttft=341.074ms hit=0.0 e2e=915.563ms
[ok] request s93 turn1 ttft=224.614ms hit=0.0 e2e=783.65ms
[ok] request s289 turn0 ttft=660.185ms hit=0.0 e2e=1592.925ms
[ok] openhands s242 turn16 ttft=743.802ms hit=0.891882 e2e=1676.143ms
[ok] request s48 turn0 ttft=142.946ms hit=0.0 e2e=578.123ms
[ok] request s191 turn0 ttft=918.931ms hit=0.0 e2e=3996.788ms
[ok] request s459 turn0 ttft=1543.318ms hit=0.0 e2e=3208.61ms
[ok] request s102 turn0 ttft=781.556ms hit=0.0 e2e=1208.981ms
[ok] openhands s418 turn43 ttft=4348.641ms hit=0.985684 e2e=4755.097ms
[ok] request s57 turn1 ttft=1195.518ms hit=0.0 e2e=4280.348ms
[ok] openhands s121 turn0 ttft=1460.423ms hit=0.086259 e2e=2407.067ms
[ok] openhands s240 turn2 ttft=785.753ms hit=0.64906 e2e=4819.913ms
[ok] request s93 turn2 ttft=1538.613ms hit=0.0 e2e=4285.132ms
[ok] openhands s302 turn20 ttft=826.793ms hit=0.982667 e2e=4860.8ms
[ok] request s151 turn0 ttft=862.638ms hit=0.0 e2e=3091.207ms
[ok] openhands s123 turn24 ttft=800.656ms hit=0.986266 e2e=4836.189ms
[ok] request s354 turn0 ttft=1357.255ms hit=0.0 e2e=4449.012ms
[ok] request s143 turn0 ttft=701.242ms hit=0.0 e2e=2753.942ms
[ok] request s8 turn0 ttft=1882.338ms hit=0.0 e2e=4110.766ms
[ok] request s234 turn0 ttft=1203.294ms hit=0.0 e2e=3432.465ms
[ok] openhands s181 turn35 ttft=1784.663ms hit=0.817851 e2e=4877.887ms
[ok] openhands s120 turn13 ttft=850.091ms hit=0.9936 e2e=4887.727ms
[ok] request s265 turn1 ttft=1540.301ms hit=0.0 e2e=4288.65ms
[ok] openhands s242 turn17 ttft=2057.288ms hit=0.691591 e2e=4285.908ms
[ok] openhands s182 turn25 ttft=981.226ms hit=0.980082 e2e=4851.263ms
[ok] request s439 turn0 ttft=232.193ms hit=0.0 e2e=1066.478ms
[ok] request s155 turn0 ttft=1120.633ms hit=0.0 e2e=2083.262ms
[ok] request s187 turn0 ttft=443.831ms hit=0.0 e2e=1406.248ms
[ok] request s156 turn0 ttft=143.194ms hit=0.0 e2e=728.358ms
[ok] request s157 turn0 ttft=158.901ms hit=0.0 e2e=1380.685ms
[ok] request s191 turn1 ttft=241.007ms hit=0.0 e2e=1469.314ms
[ok] request s46 turn0 ttft=493.027ms hit=0.0 e2e=595.3ms
[ok] openhands s418 turn44 ttft=1149.916ms hit=0.986191 e2e=2632.84ms
[ok] request s24 turn0 ttft=1037.375ms hit=0.0 e2e=2522.589ms
[ok] request s354 turn1 ttft=1408.098ms hit=0.0 e2e=1919.557ms
[ok] openhands s302 turn21 ttft=992.145ms hit=0.99213 e2e=2757.042ms
[ok] request s215 turn0 ttft=1572.511ms hit=0.0 e2e=2476.223ms
[ok] openhands s123 turn25 ttft=918.881ms hit=0.966812 e2e=2689.045ms
[ok] openhands s182 turn26 ttft=933.59ms hit=0.95447 e2e=2704.581ms
[ok] openhands s121 turn1 ttft=954.38ms hit=0.988868 e2e=2726.174ms
[ok] openhands s240 turn3 ttft=1788.911ms hit=0.392521 e2e=2692.579ms
[ok] request s16 turn0 ttft=163.88ms hit=0.0 e2e=782.705ms
[ok] request s83 turn0 ttft=1375.242ms hit=0.0 e2e=2138.28ms
[ok] request s194 turn0 ttft=1036.167ms hit=0.0 e2e=1800.002ms
[ok] openhands s181 turn36 ttft=1848.681ms hit=0.994437 e2e=2753.94ms
[ok] openhands s120 turn14 ttft=942.287ms hit=0.99559 e2e=2716.264ms
[ok] request s432 turn0 ttft=697.442ms hit=0.0 e2e=1461.147ms
[ok] request s57 turn2 ttft=1275.223ms hit=0.547789 e2e=2182.584ms
[ok] request s93 turn3 ttft=1412.091ms hit=0.547761 e2e=2175.934ms
[ok] openhands s242 turn18 ttft=1130.895ms hit=0.976135 e2e=2740.268ms
[ok] request s239 turn0 ttft=132.495ms hit=0.0 e2e=3212.742ms
[ok] request s251 turn0 ttft=664.626ms hit=0.0 e2e=1171.8ms
[ok] request s411 turn0 ttft=1002.34ms hit=0.0 e2e=1544.49ms
[ok] openhands s418 turn45 ttft=1160.392ms hit=0.993289 e2e=3407.823ms
[ok] request s358 turn0 ttft=1990.574ms hit=0.0 e2e=2963.35ms
[ok] openhands s182 turn27 ttft=1198.365ms hit=0.962206 e2e=3189.934ms
[ok] openhands s2 turn0 ttft=1316.642ms hit=0.129561 e2e=3309.627ms
[ok] openhands s121 turn2 ttft=1395.832ms hit=0.989551 e2e=3145.573ms
[ok] openhands s123 turn26 ttft=1167.718ms hit=0.972545 e2e=3161.829ms
[ok] openhands s120 turn15 ttft=1351.668ms hit=0.992027 e2e=3100.234ms
[ok] request s16 turn1 ttft=1877.732ms hit=0.0 e2e=2605.862ms
[ok] request s57 turn3 ttft=1873.668ms hit=0.0 e2e=2602.558ms
[ok] openhands s181 turn37 ttft=2198.572ms hit=0.805567 e2e=3178.447ms
[ok] request s432 turn1 ttft=1875.735ms hit=0.0 e2e=2604.085ms
[ok] openhands s302 turn22 ttft=1210.566ms hit=0.956813 e2e=3204.978ms
[ok] request s354 turn2 ttft=2131.137ms hit=0.0 e2e=2859.544ms
[ok] request s436 turn0 ttft=1905.673ms hit=0.0 e2e=2633.874ms
[ok] openhands s242 turn19 ttft=1384.673ms hit=0.971233 e2e=3136.448ms
[ok] openhands s240 turn4 ttft=1373.558ms hit=0.953543 e2e=3125.134ms
[ok] request s422 turn0 ttft=1681.535ms hit=0.0 e2e=2298.385ms
[ok] request s283 turn0 ttft=1341.995ms hit=0.0 e2e=1960.246ms
[ok] request s194 turn1 ttft=1875.281ms hit=0.0 e2e=2610.491ms
[ok] request s460 turn0 ttft=329.291ms hit=0.0 e2e=944.571ms
[ok] request s494 turn0 ttft=137.209ms hit=0.0 e2e=635.986ms
[ok] request s412 turn0 ttft=153.593ms hit=0.0 e2e=1454.23ms
[ok] request s411 turn1 ttft=1460.58ms hit=0.0 e2e=4376.094ms
[ok] request s91 turn0 ttft=167.219ms hit=0.0 e2e=304.066ms
[ok] openhands s121 turn3 ttft=1188.966ms hit=0.991146 e2e=5188.436ms
[ok] openhands s302 turn23 ttft=1607.946ms hit=0.834974 e2e=4953.092ms
[ok] openhands s123 turn27 ttft=1178.185ms hit=0.987714 e2e=5183.178ms
[ok] openhands s181 turn38 ttft=1463.697ms hit=0.984568 e2e=5146.435ms
[ok] request s239 turn1 ttft=1125.806ms hit=0.0 e2e=5130.675ms
[ok] openhands s240 turn5 ttft=1127.045ms hit=0.944943 e2e=5129.579ms
[ok] request s9 turn0 ttft=3154.01ms hit=0.0 e2e=4106.434ms
[ok] request s58 turn0 ttft=1755.149ms hit=0.0 e2e=4783.719ms
[ok] request s504 turn0 ttft=3492.499ms hit=0.0 e2e=4444.843ms
[ok] request s90 turn0 ttft=1108.66ms hit=0.0 e2e=5114.128ms
[ok] request s494 turn1 ttft=3614.18ms hit=0.0 e2e=4565.974ms
[ok] openhands s2 turn1 ttft=1161.244ms hit=0.69583 e2e=5166.702ms
[ok] openhands s418 turn46 ttft=3652.587ms hit=0.0 e2e=4922.79ms
[ok] openhands s120 turn16 ttft=1469.489ms hit=0.980753 e2e=4823.962ms
[ok] openhands s242 turn20 ttft=1123.301ms hit=0.994318 e2e=5128.591ms
[ok] openhands s182 turn28 ttft=1156.478ms hit=0.983899 e2e=5162.603ms
[ok] request s483 turn0 ttft=839.188ms hit=0.0 e2e=1401.408ms
[ok] openhands s303 turn0 ttft=2874.073ms hit=0.177632 e2e=3436.081ms
[ok] request s272 turn0 ttft=2534.983ms hit=0.0 e2e=3096.773ms
[ok] request s329 turn0 ttft=2816.047ms hit=0.0 e2e=3775.219ms
[ok] request s427 turn0 ttft=1179.896ms hit=0.0 e2e=1741.674ms
[ok] request s409 turn0 ttft=2197.836ms hit=0.0 e2e=2759.482ms
[ok] request s40 turn0 ttft=502.853ms hit=0.0 e2e=1064.358ms
[ok] request s254 turn0 ttft=1859.261ms hit=0.0 e2e=2420.648ms
[ok] request s116 turn0 ttft=1521.27ms hit=0.0 e2e=2082.563ms
[ok] request s131 turn0 ttft=159.005ms hit=0.0 e2e=1675.32ms
[ok] request s26 turn0 ttft=1768.806ms hit=0.0 e2e=1815.582ms
[ok] request s51 turn0 ttft=1429.186ms hit=0.0 e2e=1509.817ms
[ok] request s90 turn1 ttft=2124.851ms hit=0.0 e2e=2217.845ms
[ok] request s387 turn0 ttft=178.439ms hit=0.0 e2e=2601.098ms
[ok] request s411 turn2 ttft=1370.181ms hit=0.663403 e2e=2493.67ms
[ok] request s40 turn1 ttft=1793.811ms hit=0.0 e2e=2060.288ms
[ok] openhands s121 turn4 ttft=1292.333ms hit=0.993818 e2e=2757.383ms
[ok] openhands s302 turn24 ttft=1514.143ms hit=0.989559 e2e=2746.596ms
[ok] request s483 turn1 ttft=1795.912ms hit=0.0 e2e=2162.067ms
[ok] openhands s2 turn2 ttft=1202.322ms hit=0.850892 e2e=2666.865ms
[ok] openhands s418 turn47 ttft=1241.904ms hit=0.99466 e2e=2713.21ms
[ok] request s494 turn2 ttft=1799.799ms hit=0.0 e2e=2171.127ms
[ok] openhands s240 turn6 ttft=1195.823ms hit=0.8841 e2e=2668.433ms
[ok] openhands s182 turn29 ttft=1182.313ms hit=0.970492 e2e=2653.0ms
[ok] request s504 turn1 ttft=1801.534ms hit=0.0 e2e=2173.345ms
[ok] request s239 turn2 ttft=1804.74ms hit=0.0 e2e=2176.341ms
[ok] openhands s120 turn17 ttft=1250.901ms hit=0.996655 e2e=2725.476ms
[ok] request s162 turn0 ttft=2106.824ms hit=0.0 e2e=2478.14ms
[ok] openhands s123 turn28 ttft=1221.531ms hit=0.986671 e2e=2697.389ms
[ok] openhands s242 turn21 ttft=1425.158ms hit=0.976464 e2e=2667.105ms
[ok] openhands s303 turn1 ttft=1207.154ms hit=0.967354 e2e=2681.012ms
[ok] openhands s181 turn39 ttft=2373.61ms hit=0.792372 e2e=2744.105ms
[ok] request s116 turn1 ttft=1797.02ms hit=0.0 e2e=2169.276ms
[ok] request s232 turn0 ttft=1087.987ms hit=0.0 e2e=1464.381ms
[ok] openhands s418 turn48 ttft=1185.773ms hit=0.996687 e2e=1995.087ms
[ok] openhands s121 turn5 ttft=1414.403ms hit=0.989446 e2e=1889.461ms
[ok] openhands s182 turn30 ttft=1260.977ms hit=0.968717 e2e=1983.029ms
[ok] request s40 turn2 ttft=1137.534ms hit=0.0 e2e=1511.895ms
[ok] openhands s120 turn18 ttft=1442.638ms hit=0.994438 e2e=1924.001ms
[ok] openhands s242 turn22 ttft=1189.397ms hit=0.974949 e2e=1913.042ms
[ok] openhands s181 turn40 ttft=1567.159ms hit=0.983471 e2e=1941.288ms
[ok] request s483 turn2 ttft=1041.695ms hit=0.0 e2e=1415.158ms
[ok] request s116 turn2 ttft=1030.536ms hit=0.0 e2e=1403.82ms
[ok] openhands s2 turn3 ttft=1222.851ms hit=0.763749 e2e=1948.348ms
[ok] request s239 turn3 ttft=1033.856ms hit=0.0 e2e=1407.331ms
[ok] openhands s123 turn29 ttft=1147.745ms hit=0.992605 e2e=1966.511ms
[ok] request s26 turn1 ttft=1356.695ms hit=0.0 e2e=1730.406ms
[ok] request s51 turn1 ttft=1324.398ms hit=0.0 e2e=1697.983ms
[ok] openhands s303 turn2 ttft=1488.343ms hit=0.98132 e2e=1972.522ms
[ok] openhands s240 turn7 ttft=1420.227ms hit=0.871956 e2e=1904.299ms
[ok] request s162 turn1 ttft=1030.741ms hit=0.0 e2e=1408.896ms
[ok] request s232 turn1 ttft=1027.131ms hit=0.0 e2e=1406.824ms
[ok] openhands s418 turn49 ttft=1206.123ms hit=0.992064 e2e=1678.202ms
[ok] openhands s303 turn3 ttft=1109.798ms hit=0.938427 e2e=1582.076ms
[ok] openhands s240 turn8 ttft=1104.469ms hit=0.893966 e2e=1577.601ms
[ok] openhands s182 turn31 ttft=1190.908ms hit=0.961348 e2e=1662.175ms
[ok] openhands s2 turn4 ttft=1160.948ms hit=0.99231 e2e=1635.278ms
[ok] openhands s123 turn30 ttft=1136.89ms hit=0.99367 e2e=1613.568ms
[ok] openhands s242 turn23 ttft=1175.736ms hit=0.983875 e2e=1650.097ms
[ok] openhands s120 turn19 ttft=1121.081ms hit=0.99268 e2e=1596.383ms
[ok] openhands s121 turn6 ttft=1019.548ms hit=0.986121 e2e=1334.722ms
[ok] openhands s181 turn41 ttft=1315.732ms hit=0.979731 e2e=1640.778ms
[ok] request s40 turn3 ttft=783.286ms hit=0.0 e2e=1098.717ms
[ok] request s26 turn2 ttft=780.051ms hit=0.0 e2e=1097.017ms
[ok] request s40 turn4 ttft=711.337ms hit=0.697548 e2e=1021.562ms
[ok] openhands s123 turn31 ttft=989.931ms hit=0.991405 e2e=1596.017ms
[ok] openhands s240 turn9 ttft=1003.705ms hit=0.907221 e2e=1551.251ms
[ok] openhands s121 turn7 ttft=970.485ms hit=0.98859 e2e=1580.544ms
[ok] openhands s303 turn4 ttft=753.196ms hit=0.916162 e2e=1066.488ms
[ok] openhands s418 turn50 ttft=938.602ms hit=0.993919 e2e=1549.792ms
[ok] openhands s120 turn20 ttft=999.303ms hit=0.994238 e2e=1611.32ms
[ok] request s26 turn3 ttft=708.656ms hit=0.4803 e2e=1024.422ms
[ok] openhands s182 turn32 ttft=1311.847ms hit=0.965166 e2e=1626.779ms
[ok] openhands s242 turn24 ttft=1166.117ms hit=0.995198 e2e=1568.873ms
[ok] openhands s2 turn5 ttft=1021.625ms hit=0.991185 e2e=1653.98ms
[ok] request s40 turn5 ttft=1042.157ms hit=0.0 e2e=5051.415ms
[ok] openhands s242 turn25 ttft=1269.459ms hit=0.975831 e2e=5604.573ms
[ok] openhands s2 turn6 ttft=1578.172ms hit=0.836225 e2e=5589.384ms
[ok] openhands s182 turn33 ttft=1057.433ms hit=0.976619 e2e=5620.786ms
[ok] openhands s181 turn42 ttft=5088.886ms hit=0.033141 e2e=5409.233ms
[ok] openhands s240 turn10 ttft=1061.978ms hit=0.900145 e2e=5626.297ms
[ok] openhands s303 turn5 ttft=1066.858ms hit=0.96412 e2e=5631.914ms
[ok] openhands s120 turn21 ttft=1482.821ms hit=0.980984 e2e=5494.474ms
[ok] openhands s121 turn8 ttft=1567.107ms hit=0.976672 e2e=5578.43ms
[ok] openhands s123 turn32 ttft=1084.981ms hit=0.987643 e2e=5651.44ms
[ok] openhands s182 turn34 ttft=1121.522ms hit=0.986129 e2e=2149.227ms
[ok] request s40 turn6 ttft=1241.311ms hit=0.0 e2e=1556.395ms
[ok] openhands s123 turn33 ttft=1106.1ms hit=0.98905 e2e=2123.914ms
[ok] openhands s181 turn43 ttft=1769.081ms hit=0.891924 e2e=2087.132ms
[ok] openhands s240 turn11 ttft=1081.499ms hit=0.966434 e2e=2100.285ms
[ok] openhands s120 turn22 ttft=1369.394ms hit=0.970318 e2e=2020.666ms
[ok] openhands s2 turn7 ttft=1063.49ms hit=0.880113 e2e=2094.926ms
[ok] openhands s121 turn9 ttft=1106.762ms hit=0.994694 e2e=2138.925ms
[ok] openhands s242 turn26 ttft=1417.996ms hit=0.922531 e2e=2070.976ms
[ok] openhands s303 turn6 ttft=1454.197ms hit=0.951022 e2e=2106.815ms
[ok] openhands s2 turn8 ttft=1100.63ms hit=0.992218 e2e=1670.649ms
[ok] openhands s123 turn34 ttft=1095.486ms hit=0.993148 e2e=1664.695ms
[ok] openhands s240 turn12 ttft=1016.135ms hit=0.963507 e2e=1586.158ms
[ok] openhands s242 turn27 ttft=1075.876ms hit=0.988115 e2e=1646.665ms
[ok] request s40 turn7 ttft=857.848ms hit=0.65641 e2e=1181.368ms
[ok] openhands s181 turn44 ttft=1305.042ms hit=0.996734 e2e=1635.691ms
[ok] openhands s182 turn35 ttft=1030.028ms hit=0.96878 e2e=1604.476ms
[ok] openhands s120 turn23 ttft=1093.509ms hit=0.991231 e2e=1550.377ms
[ok] openhands s121 turn10 ttft=1046.36ms hit=0.990729 e2e=1619.021ms
[ok] openhands s123 turn35 ttft=1091.117ms hit=0.992839 e2e=10715.3ms
[ok] openhands s242 turn28 ttft=10310.755ms hit=0.993003 e2e=10659.293ms
[ok] openhands s240 turn13 ttft=1038.822ms hit=0.984393 e2e=10665.773ms
[ok] openhands s182 turn36 ttft=1053.767ms hit=0.986015 e2e=10681.481ms
[ok] openhands s361 turn0 ttft=7282.664ms hit=0.206846 e2e=10029.428ms
[ok] request s11 turn0 ttft=6948.4ms hit=0.0 e2e=9701.044ms
[ok] request s229 turn0 ttft=6610.869ms hit=0.0 e2e=9362.829ms
[ok] request s25 turn0 ttft=4916.361ms hit=0.0 e2e=7667.956ms
[ok] request s219 turn0 ttft=4538.147ms hit=0.0 e2e=6989.493ms
[ok] request s77 turn0 ttft=4199.756ms hit=0.0 e2e=6650.796ms
[ok] openhands s2 turn9 ttft=2030.126ms hit=0.78851 e2e=11182.774ms
[ok] openhands s181 turn45 ttft=5879.98ms hit=0.032601 e2e=11237.99ms
[ok] openhands s121 turn11 ttft=6720.942ms hit=0.080674 e2e=10052.388ms
[ok] request s336 turn0 ttft=5931.447ms hit=0.0 e2e=8684.035ms
[ok] request s94 turn0 ttft=4878.437ms hit=0.0 e2e=7330.351ms
[ok] request s186 turn0 ttft=5256.353ms hit=0.0 e2e=8008.985ms
[ok] openhands s303 turn7 ttft=5814.414ms hit=0.130503 e2e=10513.627ms
[ok] openhands s120 turn24 ttft=1951.845ms hit=0.991672 e2e=11105.9ms
[ok] request s527 turn0 ttft=6274.082ms hit=0.0 e2e=9027.166ms
[ok] request s225 turn0 ttft=5596.385ms hit=0.0 e2e=8349.307ms
[ok] request s390 turn0 ttft=3520.606ms hit=0.0 e2e=5983.848ms
[ok] openhands s419 turn0 ttft=3956.37ms hit=0.00981 e2e=4967.512ms
[ok] request s206 turn0 ttft=2257.557ms hit=0.0 e2e=3273.409ms
[ok] request s271 turn0 ttft=563.373ms hit=0.0 e2e=1579.056ms
[ok] request s248 turn0 ttft=229.81ms hit=0.0 e2e=1240.586ms
[ok] request s312 turn0 ttft=1923.446ms hit=0.0 e2e=2935.615ms
[ok] request s310 turn0 ttft=3614.292ms hit=0.0 e2e=4630.619ms
[ok] request s366 turn0 ttft=2598.012ms hit=0.0 e2e=3614.304ms
[ok] request s334 turn0 ttft=904.061ms hit=0.0 e2e=1920.123ms
[ok] request s142 turn0 ttft=1582.637ms hit=0.0 e2e=2598.611ms
[ok] request s70 turn0 ttft=3277.504ms hit=0.0 e2e=4293.441ms
[ok] request s453 turn0 ttft=1243.637ms hit=0.0 e2e=2259.529ms
[ok] request s495 turn0 ttft=3493.68ms hit=0.0 e2e=5311.55ms
[ok] request s501 turn0 ttft=3833.323ms hit=0.0 e2e=5651.168ms
[ok] request s405 turn0 ttft=3861.684ms hit=0.0 e2e=6328.997ms
[ok] request s258 turn0 ttft=2940.624ms hit=0.0 e2e=3956.973ms
[ok] request s68 turn0 ttft=142.97ms hit=0.0 e2e=2348.485ms
[ok] request s226 turn0 ttft=527.425ms hit=0.0 e2e=667.529ms
[ok] request s11 turn1 ttft=619.514ms hit=0.0 e2e=1081.9ms
[ok] request s29 turn0 ttft=529.195ms hit=0.0 e2e=2316.988ms
[ok] openhands s123 turn36 ttft=539.002ms hit=0.990943 e2e=2372.463ms
[ok] openhands s182 turn37 ttft=1165.478ms hit=0.967178 e2e=2320.695ms
[ok] openhands s419 turn1 ttft=663.877ms hit=0.944235 e2e=1818.386ms
[ok] openhands s361 turn1 ttft=668.09ms hit=0.916323 e2e=1826.631ms
[ok] openhands s242 turn29 ttft=1198.197ms hit=0.991836 e2e=2358.801ms
[ok] openhands s240 turn14 ttft=521.848ms hit=0.978522 e2e=2344.735ms
[ok] openhands s121 turn12 ttft=1588.304ms hit=0.990301 e2e=1817.417ms
[ok] openhands s303 turn8 ttft=633.88ms hit=0.984165 e2e=1793.029ms
[ok] request s509 turn0 ttft=895.205ms hit=0.0 e2e=2056.871ms
[ok] openhands s241 turn0 ttft=838.611ms hit=0.366619 e2e=2376.253ms
[ok] request s142 turn1 ttft=671.071ms hit=0.0 e2e=2209.057ms
[ok] openhands s120 turn25 ttft=1026.689ms hit=0.9898 e2e=2321.211ms
[ok] request s225 turn1 ttft=610.665ms hit=0.0 e2e=1904.464ms
[ok] request s527 turn1 ttft=612.621ms hit=0.0 e2e=1906.261ms
[ok] request s453 turn1 ttft=598.993ms hit=0.0 e2e=1894.021ms
[ok] request s206 turn1 ttft=605.883ms hit=0.0 e2e=1899.679ms
[ok] request s136 turn0 ttft=203.944ms hit=0.0 e2e=1367.772ms
[ok] openhands s2 turn10 ttft=688.361ms hit=0.981176 e2e=2469.938ms
[ok] request s186 turn1 ttft=615.482ms hit=0.0 e2e=1909.316ms
[ok] request s94 turn1 ttft=617.501ms hit=0.85097 e2e=1911.207ms
[ok] request s496 turn0 ttft=753.78ms hit=0.0 e2e=2047.392ms
[ok] request s248 turn1 ttft=718.067ms hit=0.0 e2e=1900.636ms
[ok] request s310 turn1 ttft=716.211ms hit=0.0 e2e=1898.646ms
[ok] request s312 turn1 ttft=605.83ms hit=0.0 e2e=1900.169ms
[ok] request s77 turn1 ttft=620.476ms hit=0.0 e2e=1914.726ms
[ok] request s313 turn0 ttft=134.929ms hit=0.0 e2e=2504.084ms
[ok] request s445 turn0 ttft=694.148ms hit=0.0 e2e=2387.991ms
[ok] openhands s419 turn2 ttft=669.512ms hit=0.853119 e2e=2523.828ms
[ok] openhands s120 turn26 ttft=392.175ms hit=0.996178 e2e=1852.963ms
[ok] request s509 turn1 ttft=462.315ms hit=0.0 e2e=1927.095ms
[ok] openhands s240 turn15 ttft=1050.319ms hit=0.992148 e2e=2521.259ms
[ok] openhands s121 turn13 ttft=966.034ms hit=0.957388 e2e=2438.321ms
[ok] request s29 turn1 ttft=542.375ms hit=0.0 e2e=2012.971ms
[ok] openhands s182 turn38 ttft=1041.194ms hit=0.982243 e2e=2514.816ms
[ok] openhands s241 turn1 ttft=391.669ms hit=0.975362 e2e=1862.493ms
[ok] openhands s242 turn30 ttft=1022.918ms hit=0.992715 e2e=2497.891ms
[ok] request s284 turn0 ttft=748.928ms hit=0.0 e2e=2219.996ms
[ok] openhands s361 turn2 ttft=664.052ms hit=0.875818 e2e=2527.711ms
[ok] request s393 turn0 ttft=409.802ms hit=0.0 e2e=1881.142ms
[ok] openhands s303 turn9 ttft=846.815ms hit=0.988193 e2e=2318.053ms
[ok] request s68 turn1 ttft=846.014ms hit=0.0 e2e=2321.233ms
[ok] request s11 turn2 ttft=628.865ms hit=0.0 e2e=2100.472ms
[ok] openhands s2 turn11 ttft=1194.904ms hit=0.908043 e2e=1949.686ms
[ok] request s142 turn2 ttft=1045.36ms hit=0.0 e2e=1800.062ms
[ok] request s496 turn1 ttft=728.609ms hit=0.0 e2e=1367.771ms
[ok] request s312 turn2 ttft=608.144ms hit=0.0 e2e=1363.202ms
[ok] request s136 turn1 ttft=614.835ms hit=0.0 e2e=1369.856ms
[ok] request s527 turn2 ttft=618.457ms hit=0.0 e2e=1373.46ms
[ok] request s279 turn0 ttft=134.972ms hit=0.0 e2e=631.528ms
[ok] request s248 turn2 ttft=613.518ms hit=0.0 e2e=1369.03ms
[ok] request s206 turn2 ttft=617.775ms hit=0.0 e2e=1373.321ms
[ok] request s268 turn0 ttft=894.057ms hit=0.0 e2e=1649.605ms
[ok] request s207 turn0 ttft=332.754ms hit=0.0 e2e=971.472ms
[ok] request s382 turn0 ttft=666.495ms hit=0.0 e2e=1310.733ms
[ok] request s310 turn2 ttft=613.224ms hit=0.461261 e2e=1369.931ms
[ok] request s225 turn2 ttft=622.66ms hit=0.0 e2e=1379.452ms
[ok] request s65 turn0 ttft=137.512ms hit=0.0 e2e=4214.81ms
[ok] openhands s419 turn3 ttft=1032.336ms hit=0.913865 e2e=4493.904ms
[ok] request s142 turn3 ttft=2103.901ms hit=0.0 e2e=4198.086ms
[ok] request s445 turn1 ttft=1978.997ms hit=0.0 e2e=4072.795ms
[ok] request s531 turn0 ttft=1917.78ms hit=0.0 e2e=4011.284ms
[ok] openhands s182 turn39 ttft=1198.649ms hit=0.884297 e2e=4480.891ms
[ok] openhands s121 turn14 ttft=1636.43ms hit=0.974446 e2e=4426.89ms
[ok] openhands s242 turn31 ttft=1000.393ms hit=0.937447 e2e=4468.525ms
[ok] request s307 turn0 ttft=1561.387ms hit=0.0 e2e=4355.712ms
[ok] request s29 turn2 ttft=1811.376ms hit=0.0 e2e=3910.162ms
[ok] openhands s241 turn2 ttft=939.511ms hit=0.738604 e2e=4409.575ms
[ok] request s509 turn2 ttft=1818.936ms hit=0.0 e2e=3916.806ms
[ok] openhands s361 turn3 ttft=1021.64ms hit=0.940379 e2e=4491.751ms
[ok] request s11 turn3 ttft=1807.26ms hit=0.0 e2e=3906.27ms
[ok] request s68 turn2 ttft=1810.397ms hit=0.0 e2e=3908.656ms
[ok] openhands s2 turn12 ttft=2300.746ms hit=0.888719 e2e=4398.77ms
[ok] openhands s120 turn27 ttft=1659.063ms hit=0.99337 e2e=4456.289ms
[ok] request s136 turn2 ttft=1996.004ms hit=0.0 e2e=3811.898ms
[ok] request s527 turn3 ttft=1994.663ms hit=0.0 e2e=3810.358ms
[ok] request s206 turn3 ttft=1990.094ms hit=0.0 e2e=3805.662ms
[ok] request s353 turn0 ttft=1481.548ms hit=0.0 e2e=2671.749ms
[ok] request s310 turn3 ttft=1986.628ms hit=0.0 e2e=3802.472ms
[ok] openhands s303 turn10 ttft=1887.524ms hit=0.12372 e2e=2561.965ms
[ok] request s225 turn3 ttft=2293.539ms hit=0.0 e2e=3801.612ms
[ok] request s146 turn0 ttft=1817.535ms hit=0.0 e2e=3010.527ms
[ok] request s423 turn0 ttft=1317.634ms hit=0.0 e2e=1995.557ms
[ok] request s248 turn3 ttft=1992.844ms hit=0.0 e2e=3810.328ms
[ok] request s37 turn0 ttft=1658.537ms hit=0.0 e2e=2335.726ms
[ok] openhands s1 turn0 ttft=2496.501ms hit=0.0 e2e=3690.668ms
[ok] request s279 turn1 ttft=1994.913ms hit=0.0 e2e=3813.267ms
[ok] request s268 turn1 ttft=1990.339ms hit=0.0 e2e=3808.706ms
[ok] request s382 turn1 ttft=1989.716ms hit=0.0 e2e=3808.092ms
[ok] request s280 turn0 ttft=2159.213ms hit=0.0 e2e=3354.332ms
[ok] request s355 turn0 ttft=640.266ms hit=0.0 e2e=1323.896ms
[ok] request s256 turn0 ttft=979.437ms hit=0.0 e2e=1663.137ms
[ok] request s202 turn0 ttft=307.334ms hit=0.0 e2e=985.889ms
[ok] request s467 turn0 ttft=133.304ms hit=0.0 e2e=647.48ms
[ok] request s106 turn0 ttft=136.128ms hit=0.0 e2e=1329.63ms
[ok] request s142 turn4 ttft=1040.946ms hit=0.554113 e2e=1170.291ms
[ok] openhands s242 turn32 ttft=1024.986ms hit=0.989355 e2e=1633.156ms
[ok] openhands s120 turn28 ttft=1384.078ms hit=0.977216 e2e=1574.059ms
[ok] request s65 turn1 ttft=926.404ms hit=0.0 e2e=1530.593ms
[ok] request s306 turn0 ttft=934.998ms hit=0.0 e2e=1542.05ms
[ok] openhands s419 turn4 ttft=1007.204ms hit=0.989039 e2e=1614.143ms
[ok] openhands s361 turn4 ttft=1011.043ms hit=0.989137 e2e=1619.362ms
[ok] openhands s182 turn40 ttft=997.773ms hit=0.98591 e2e=1606.998ms
[ok] openhands s241 turn3 ttft=952.268ms hit=0.87799 e2e=1562.478ms
[ok] openhands s1 turn1 ttft=971.064ms hit=0.962531 e2e=1578.964ms
[ok] openhands s121 turn15 ttft=952.421ms hit=0.984097 e2e=1560.159ms
[ok] request s202 turn1 ttft=713.56ms hit=0.0 e2e=1827.804ms
[ok] request s225 turn4 ttft=723.954ms hit=0.715884 e2e=1838.101ms
[ok] request s355 turn1 ttft=715.814ms hit=0.0 e2e=1829.783ms
[ok] request s384 turn0 ttft=270.38ms hit=0.0 e2e=1384.209ms
[ok] request s146 turn1 ttft=723.259ms hit=0.0 e2e=1836.965ms
[ok] openhands s2 turn13 ttft=1192.768ms hit=0.998315 e2e=2384.31ms
[ok] request s509 turn3 ttft=737.268ms hit=0.445605 e2e=1851.249ms
[ok] request s279 turn2 ttft=722.741ms hit=0.0 e2e=1836.631ms
[ok] request s527 turn4 ttft=729.214ms hit=0.578749 e2e=1843.001ms
[ok] request s443 turn0 ttft=950.543ms hit=0.0 e2e=2064.258ms
[ok] request s56 turn0 ttft=612.461ms hit=0.0 e2e=1726.096ms
[ok] request s268 turn2 ttft=723.228ms hit=0.462511 e2e=1836.819ms
[ok] request s382 turn2 ttft=722.262ms hit=0.0 e2e=1835.811ms
[ok] request s11 turn4 ttft=738.66ms hit=0.478505 e2e=1852.162ms
[ok] request s106 turn1 ttft=799.245ms hit=0.0 e2e=1969.375ms
[ok] openhands s419 turn5 ttft=1433.934ms hit=0.990385 e2e=1975.308ms
[ok] openhands s121 turn16 ttft=1013.546ms hit=0.879827 e2e=1824.7ms
[ok] request s65 turn2 ttft=686.076ms hit=0.306954 e2e=1498.469ms
[ok] openhands s361 turn5 ttft=757.331ms hit=0.968687 e2e=2052.842ms
[ok] openhands s182 turn41 ttft=981.497ms hit=0.971693 e2e=2054.829ms
[ok] openhands s120 turn29 ttft=788.949ms hit=0.996922 e2e=2092.349ms
[ok] openhands s2 turn14 ttft=483.379ms hit=0.996878 e2e=1287.181ms
[ok] openhands s241 turn4 ttft=732.787ms hit=0.973137 e2e=2037.736ms
[ok] openhands s242 turn33 ttft=771.306ms hit=0.992976 e2e=2077.233ms
[ok] request s142 turn5 ttft=814.843ms hit=0.406995 e2e=1877.229ms
[ok] openhands s1 turn2 ttft=960.002ms hit=0.944649 e2e=2022.291ms
[ok] request s56 turn1 ttft=303.881ms hit=0.0 e2e=1610.588ms
[ok] request s11 turn5 ttft=297.55ms hit=0.372635 e2e=1604.197ms
[ok] request s384 turn1 ttft=310.111ms hit=0.0 e2e=1616.516ms
[ok] request s527 turn5 ttft=309.251ms hit=0.472034 e2e=1615.539ms
[ok] request s443 turn1 ttft=307.405ms hit=0.0 e2e=1613.607ms
[ok] request s268 turn3 ttft=305.487ms hit=0.648101 e2e=1611.627ms
[ok] request s355 turn2 ttft=309.631ms hit=0.0 e2e=1620.064ms
[ok] request s382 turn3 ttft=302.539ms hit=0.70137 e2e=1609.059ms
[ok] openhands s303 turn11 ttft=211.277ms hit=0.943581 e2e=1531.607ms
[ok] openhands s419 turn6 ttft=1023.27ms hit=0.9012 e2e=1416.081ms
[ok] request s65 turn3 ttft=446.244ms hit=0.20813 e2e=751.263ms
[ok] openhands s1 turn3 ttft=819.498ms hit=0.745374 e2e=1253.612ms
[ok] openhands s182 turn42 ttft=892.988ms hit=0.995897 e2e=1326.932ms
[ok] openhands s2 turn15 ttft=958.936ms hit=0.995783 e2e=1266.469ms
[ok] openhands s242 turn34 ttft=983.645ms hit=0.991455 e2e=1305.333ms
[ok] openhands s361 turn6 ttft=853.825ms hit=0.910211 e2e=1291.876ms
[ok] openhands s120 turn30 ttft=905.96ms hit=0.993105 e2e=1344.958ms
[ok] openhands s241 turn5 ttft=875.008ms hit=0.973223 e2e=1312.318ms
[ok] openhands s121 turn17 ttft=850.593ms hit=0.980619 e2e=1287.748ms
[ok] openhands s182 turn43 ttft=2242.359ms hit=0.985973 e2e=2425.686ms
[ok] request s268 turn4 ttft=1546.581ms hit=0.0 e2e=2295.474ms
[ok] request s355 turn3 ttft=1545.119ms hit=0.0 e2e=2295.064ms
[ok] openhands s121 turn18 ttft=1802.333ms hit=0.851129 e2e=2269.459ms
[ok] openhands s361 turn7 ttft=1307.927ms hit=0.928399 e2e=2427.936ms
[ok] openhands s1 turn4 ttft=1277.005ms hit=0.687755 e2e=2402.975ms
[ok] openhands s241 turn6 ttft=1285.339ms hit=0.541178 e2e=2410.491ms
[ok] request s382 turn4 ttft=1543.841ms hit=0.0 e2e=2298.689ms
[ok] request s65 turn4 ttft=1513.094ms hit=0.0 e2e=1868.834ms
[ok] openhands s242 turn35 ttft=863.306ms hit=0.99604 e2e=2427.26ms
[ok] openhands s419 turn7 ttft=1603.733ms hit=0.97585 e2e=2076.292ms
[ok] openhands s2 turn16 ttft=1689.321ms hit=0.969158 e2e=2444.848ms
[ok] openhands s303 turn12 ttft=419.257ms hit=0.954381 e2e=765.844ms
[ok] request s443 turn2 ttft=1550.332ms hit=0.0 e2e=2305.978ms
[ok] request s56 turn2 ttft=1259.112ms hit=0.0 e2e=2387.207ms
[ok] openhands s242 turn36 ttft=904.889ms hit=0.988977 e2e=1318.745ms
[ok] openhands s1 turn5 ttft=846.696ms hit=0.971988 e2e=1263.158ms
[ok] openhands s241 turn7 ttft=837.197ms hit=0.962995 e2e=1253.42ms
[ok] openhands s182 turn44 ttft=872.719ms hit=0.992855 e2e=1290.268ms
[ok] openhands s361 turn8 ttft=888.753ms hit=0.862679 e2e=1307.193ms
[ok] openhands s121 turn19 ttft=788.381ms hit=0.987007 e2e=1204.747ms
[ok] openhands s419 turn8 ttft=901.599ms hit=0.982665 e2e=1701.307ms
[ok] request s65 turn5 ttft=517.076ms hit=0.64 e2e=1319.185ms
[ok] request s443 turn3 ttft=515.055ms hit=0.392638 e2e=1316.948ms
[ok] request s56 turn3 ttft=513.904ms hit=0.411576 e2e=1315.515ms
[ok] request s355 turn4 ttft=524.166ms hit=0.0 e2e=1325.545ms
[ok] openhands s2 turn17 ttft=1044.295ms hit=0.981905 e2e=1895.158ms
[ok] openhands s1 turn6 ttft=591.752ms hit=0.963666 e2e=2673.922ms
[ok] openhands s121 turn20 ttft=1599.771ms hit=0.976652 e2e=2669.418ms
[ok] openhands s241 turn8 ttft=850.807ms hit=0.989318 e2e=2635.832ms
[ok] openhands s361 turn9 ttft=857.918ms hit=0.850353 e2e=2642.658ms
[ok] openhands s182 turn45 ttft=548.092ms hit=0.988563 e2e=2661.777ms
[ok] openhands s2 turn18 ttft=550.89ms hit=0.985541 e2e=2102.707ms
[ok] openhands s419 turn9 ttft=366.963ms hit=0.983844 e2e=1910.22ms
[ok] openhands s242 turn37 ttft=1008.96ms hit=0.993571 e2e=2682.937ms
[ok] request s56 turn4 ttft=273.803ms hit=0.0 e2e=2297.202ms
[ok] request s65 turn6 ttft=283.932ms hit=0.0 e2e=2302.199ms
[ok] request s443 turn4 ttft=276.242ms hit=0.0 e2e=2300.489ms
[ok] openhands s303 turn13 ttft=1066.831ms hit=0.107736 e2e=5537.658ms
[ok] openhands s1 turn7 ttft=818.383ms hit=0.911377 e2e=4719.947ms
[ok] openhands s241 turn9 ttft=737.583ms hit=0.976934 e2e=4639.848ms
[ok] openhands s361 turn10 ttft=768.977ms hit=0.849014 e2e=4671.953ms
[ok] openhands s242 turn38 ttft=785.523ms hit=0.991052 e2e=4689.298ms
[ok] openhands s121 turn21 ttft=812.914ms hit=0.93612 e2e=4717.46ms
[ok] openhands s419 turn10 ttft=1426.554ms hit=0.927757 e2e=1882.769ms
[ok] openhands s2 turn19 ttft=981.556ms hit=0.994888 e2e=4642.113ms
[ok] request s65 turn7 ttft=2849.885ms hit=0.0 e2e=3311.316ms
[ok] request s443 turn5 ttft=2846.253ms hit=0.0 e2e=3308.464ms
[ok] openhands s182 turn46 ttft=3895.46ms hit=0.0412 e2e=4631.906ms
[ok] openhands s303 turn14 ttft=244.555ms hit=0.988904 e2e=1306.708ms
[ok] openhands s419 turn11 ttft=966.936ms hit=0.987692 e2e=1614.701ms
[ok] openhands s2 turn20 ttft=1133.264ms hit=0.988894 e2e=1577.572ms
[ok] openhands s241 turn10 ttft=892.184ms hit=0.967625 e2e=1542.278ms
[ok] openhands s1 turn8 ttft=897.249ms hit=0.873136 e2e=1548.724ms
[ok] openhands s303 turn15 ttft=318.849ms hit=0.955538 e2e=639.853ms
[ok] openhands s182 turn47 ttft=1004.818ms hit=0.988675 e2e=1568.856ms
[ok] openhands s361 turn11 ttft=955.732ms hit=0.941978 e2e=1607.352ms
[ok] openhands s121 turn22 ttft=958.688ms hit=0.99072 e2e=1284.782ms
[ok] openhands s242 turn39 ttft=950.129ms hit=0.94038 e2e=1601.077ms
[ok] request s100 turn0 ttft=449.816ms hit=0.0 e2e=614.158ms
[ok] openhands s241 turn11 ttft=1072.975ms hit=0.980171 e2e=1889.186ms
[ok] openhands s1 turn9 ttft=973.493ms hit=0.969127 e2e=1791.227ms
[ok] openhands s361 turn12 ttft=992.893ms hit=0.940641 e2e=1810.356ms
[ok] openhands s121 turn23 ttft=1023.0ms hit=0.991668 e2e=1841.697ms
[ok] openhands s419 turn12 ttft=1511.978ms hit=0.996038 e2e=1803.676ms
[ok] openhands s303 turn16 ttft=1068.049ms hit=0.985009 e2e=1887.731ms
[ok] openhands s242 turn40 ttft=1042.033ms hit=0.989827 e2e=1859.658ms
[ok] openhands s2 turn21 ttft=1567.758ms hit=0.989807 e2e=2515.075ms
[ok] request s368 turn0 ttft=229.053ms hit=0.0 e2e=1263.543ms
[ok] openhands s182 turn48 ttft=1295.879ms hit=0.993909 e2e=2573.844ms
[ok] openhands s180 turn0 ttft=793.891ms hit=0.330013 e2e=1954.564ms
[ok] request s260 turn0 ttft=134.96ms hit=0.0 e2e=1957.833ms
[ok] openhands s361 turn13 ttft=694.019ms hit=0.993932 e2e=2127.952ms
[ok] request s397 turn0 ttft=675.158ms hit=0.0 e2e=1667.151ms
[ok] openhands s241 turn12 ttft=1067.756ms hit=0.987081 e2e=2065.388ms
[ok] request s532 turn0 ttft=1020.747ms hit=0.0 e2e=2016.945ms
[ok] openhands s1 turn10 ttft=1061.196ms hit=0.91412 e2e=2060.404ms
[ok] openhands s303 turn17 ttft=1114.053ms hit=0.945954 e2e=2112.863ms
[ok] openhands s242 turn41 ttft=1763.285ms hit=0.994206 e2e=2084.301ms
[ok] openhands s180 turn1 ttft=1137.905ms hit=0.968141 e2e=1439.257ms
[ok] openhands s419 turn13 ttft=687.192ms hit=0.987377 e2e=2126.747ms
[ok] openhands s121 turn24 ttft=1106.059ms hit=0.961451 e2e=2104.643ms
[ok] request s325 turn0 ttft=331.888ms hit=0.0 e2e=1329.625ms
[ok] openhands s182 turn49 ttft=1125.585ms hit=0.978953 e2e=1439.984ms
[ok] request s67 turn0 ttft=555.875ms hit=0.0 e2e=1040.575ms
[ok] request s435 turn0 ttft=219.97ms hit=0.0 e2e=696.812ms
[ok] request s368 turn1 ttft=414.695ms hit=0.0 e2e=899.413ms
[ok] openhands s2 turn22 ttft=833.333ms hit=0.945653 e2e=1435.532ms
[ok] request s517 turn0 ttft=136.583ms hit=0.0 e2e=3672.543ms
[ok] openhands s180 turn2 ttft=1060.356ms hit=0.505459 e2e=3830.973ms
[ok] openhands s1 turn11 ttft=1440.203ms hit=0.925807 e2e=3709.918ms
[ok] request s212 turn0 ttft=1170.032ms hit=0.0 e2e=3439.397ms
[ok] request s325 turn1 ttft=1643.971ms hit=0.0 e2e=3238.184ms
[ok] request s368 turn2 ttft=1586.851ms hit=0.0 e2e=3180.699ms
[ok] request s435 turn1 ttft=1588.398ms hit=0.0 e2e=3181.873ms
[ok] openhands s303 turn18 ttft=1561.024ms hit=0.923464 e2e=3835.997ms
[ok] openhands s419 turn14 ttft=1827.892ms hit=0.97579 e2e=3421.295ms
[ok] openhands s182 turn50 ttft=1499.655ms hit=0.986099 e2e=3774.581ms
[ok] request s67 turn1 ttft=1590.514ms hit=0.0 e2e=3183.893ms
[ok] request s328 turn0 ttft=1509.868ms hit=0.0 e2e=3784.109ms
[ok] request s260 turn1 ttft=1462.936ms hit=0.0 e2e=3736.913ms
[ok] openhands s242 turn42 ttft=1134.904ms hit=0.885528 e2e=3804.355ms
[ok] openhands s121 turn25 ttft=1048.427ms hit=0.993249 e2e=3827.906ms
[ok] openhands s2 turn23 ttft=1843.806ms hit=0.922895 e2e=3749.843ms
[ok] openhands s241 turn13 ttft=1481.253ms hit=0.957933 e2e=3755.908ms
[ok] openhands s359 turn0 ttft=1395.459ms hit=0.11145 e2e=2072.521ms
[ok] request s466 turn0 ttft=485.844ms hit=0.0 e2e=1038.807ms
[ok] request s195 turn0 ttft=706.951ms hit=0.0 e2e=1384.152ms
[ok] request s223 turn0 ttft=1480.791ms hit=0.0 e2e=2764.162ms
[ok] request s424 turn0 ttft=1508.685ms hit=0.0 e2e=3108.854ms
[ok] request s286 turn0 ttft=173.724ms hit=0.0 e2e=695.714ms
[ok] request s317 turn0 ttft=1136.403ms hit=0.0 e2e=2420.29ms
[ok] request s30 turn0 ttft=1052.257ms hit=0.0 e2e=1730.703ms
[ok] request s499 turn0 ttft=141.09ms hit=0.0 e2e=14190.345ms
[ok] request s147 turn0 ttft=1423.356ms hit=0.0 e2e=1672.841ms
[ok] request s111 turn0 ttft=1215.07ms hit=0.0 e2e=14246.908ms
[ok] openhands s419 turn15 ttft=1137.712ms hit=0.992316 e2e=14171.893ms
[ok] openhands s303 turn19 ttft=1182.432ms hit=0.949011 e2e=14217.503ms
[ok] request s327 turn0 ttft=8549.443ms hit=0.0 e2e=13776.784ms
[ok] openhands s121 turn26 ttft=3883.246ms hit=0.054413 e2e=14452.669ms
[ok] request s324 turn0 ttft=8576.943ms hit=0.0 e2e=14122.463ms
[ok] request s328 turn1 ttft=8503.37ms hit=0.0 e2e=14054.214ms
[ok] request s195 turn1 ttft=8317.505ms hit=0.0 e2e=13868.191ms
[ok] request s435 turn2 ttft=8325.846ms hit=0.0 e2e=13876.289ms
[ok] openhands s2 turn24 ttft=8583.483ms hit=0.026507 e2e=14424.715ms
[ok] request s67 turn2 ttft=8365.172ms hit=0.0 e2e=13915.735ms
[ok] openhands s359 turn1 ttft=1190.16ms hit=0.982495 e2e=14440.254ms
[ok] openhands s242 turn43 ttft=1159.223ms hit=0.958079 e2e=14410.208ms
[ok] openhands s1 turn12 ttft=1534.934ms hit=0.980407 e2e=14377.09ms
[ok] request s30 turn1 ttft=8628.841ms hit=0.0 e2e=13867.093ms
[ok] request s424 turn1 ttft=8317.896ms hit=0.0 e2e=13869.774ms
[ok] request s317 turn1 ttft=8631.173ms hit=0.0 e2e=13869.087ms
[ok] openhands s180 turn3 ttft=1570.917ms hit=0.630472 e2e=14415.242ms
[ok] openhands s241 turn14 ttft=1217.255ms hit=0.983698 e2e=14469.542ms
[ok] openhands s301 turn0 ttft=9993.298ms hit=0.0 e2e=11389.197ms
[ok] request s19 turn0 ttft=10428.752ms hit=0.0 e2e=12770.0ms
[ok] request s262 turn0 ttft=8959.877ms hit=0.0 e2e=10356.195ms
[ok] request s244 turn0 ttft=7926.286ms hit=0.0 e2e=9322.575ms
[ok] request s428 turn0 ttft=10773.423ms hit=0.0 e2e=13115.563ms
[ok] openhands s182 turn51 ttft=11801.948ms hit=0.0 e2e=14143.989ms
[ok] request s152 turn0 ttft=9740.407ms hit=0.0 e2e=12082.471ms
[ok] request s516 turn0 ttft=9305.337ms hit=0.0 e2e=10703.193ms
[ok] request s47 turn0 ttft=7539.092ms hit=0.0 e2e=8634.794ms
[ok] request s130 turn0 ttft=9395.816ms hit=0.0 e2e=11739.072ms
[ok] request s233 turn0 ttft=10085.881ms hit=0.0 e2e=12429.225ms
[ok] request s139 turn0 ttft=9651.305ms hit=0.0 e2e=11050.599ms
[ok] request s447 turn0 ttft=7886.949ms hit=0.0 e2e=8982.456ms
[ok] request s185 turn0 ttft=8617.297ms hit=0.0 e2e=10017.256ms
[ok] request s43 turn0 ttft=11121.223ms hit=0.0 e2e=13466.51ms
[ok] request s391 turn0 ttft=8272.786ms hit=0.0 e2e=9673.513ms
[ok] request s457 turn0 ttft=2802.26ms hit=0.0 e2e=3467.797ms
[ok] request s376 turn0 ttft=3147.735ms hit=0.0 e2e=3812.758ms
[ok] request s404 turn0 ttft=6848.909ms hit=0.0 e2e=7952.044ms
[ok] request s530 turn0 ttft=6159.716ms hit=0.0 e2e=7262.935ms
[ok] openhands s63 turn0 ttft=5562.615ms hit=0.163265 e2e=6229.258ms
[ok] request s295 turn0 ttft=4873.267ms hit=0.0 e2e=5540.159ms
[ok] request s99 turn0 ttft=6505.473ms hit=0.0 e2e=7609.921ms
[ok] request s474 turn0 ttft=3494.791ms hit=0.0 e2e=4162.203ms
[ok] request s149 turn0 ttft=4185.772ms hit=0.0 e2e=4853.153ms
[ok] request s218 turn0 ttft=4530.291ms hit=0.0 e2e=5197.871ms
[ok] request s375 turn0 ttft=5471.84ms hit=0.0 e2e=6578.936ms
[ok] request s78 turn0 ttft=5221.686ms hit=0.0 e2e=5889.864ms
[ok] request s140 turn0 ttft=5816.406ms hit=0.0 e2e=6924.703ms
[ok] request s13 turn0 ttft=7197.067ms hit=0.0 e2e=8305.657ms
[ok] request s506 turn0 ttft=2463.242ms hit=0.0 e2e=3133.509ms
[ok] request s178 turn0 ttft=3843.163ms hit=0.0 e2e=4513.814ms
[ok] request s188 turn0 ttft=1082.652ms hit=0.0 e2e=1755.685ms
[ok] request s319 turn0 ttft=2115.659ms hit=0.0 e2e=2791.991ms
[ok] request s44 turn0 ttft=1774.978ms hit=0.0 e2e=2447.9ms
[ok] request s228 turn0 ttft=145.952ms hit=0.0 e2e=176.574ms
[ok] request s391 turn1 ttft=17449.739ms hit=0.0 e2e=18482.187ms
[ok] openhands s303 turn20 ttft=1641.248ms hit=0.0 e2e=19481.524ms
[ok] openhands s63 turn1 ttft=5759.552ms hit=0.160685 e2e=19176.533ms
[ok] openhands s182 turn52 ttft=17743.467ms hit=0.039267 e2e=19172.141ms
[ok] request s195 turn2 ttft=17250.871ms hit=0.0 e2e=18684.121ms
[ok] request s262 turn1 ttft=17463.668ms hit=0.0 e2e=18664.751ms
[ok] request s47 turn1 ttft=17459.819ms hit=0.0 e2e=18659.606ms
[ok] openhands s301 turn1 ttft=4122.299ms hit=0.118553 e2e=19210.566ms
[ok] request s317 turn2 ttft=17247.869ms hit=0.0 e2e=18683.866ms
[ok] openhands s2 turn25 ttft=11168.639ms hit=0.025925 e2e=19225.565ms
[ok] request s428 turn1 ttft=17464.258ms hit=0.0 e2e=18665.58ms
[ok] openhands s180 turn4 ttft=3131.167ms hit=0.990437 e2e=19236.472ms
[ok] openhands s241 turn15 ttft=5075.531ms hit=0.108441 e2e=19159.39ms
[ok] openhands s1 turn13 ttft=3141.83ms hit=0.964167 e2e=19247.375ms
[ok] openhands s419 turn16 ttft=3327.422ms hit=0.064229 e2e=19432.936ms
[ok] openhands s242 turn44 ttft=14885.014ms hit=0.033935 e2e=19208.054ms
[ok] openhands s359 turn2 ttft=4475.378ms hit=0.866284 e2e=19235.089ms
[ok] request s375 turn1 ttft=17442.093ms hit=0.0 e2e=18679.922ms
[ok] request s185 turn1 ttft=17452.801ms hit=0.0 e2e=18689.977ms
[ok] request s319 turn1 ttft=17438.351ms hit=0.0 e2e=18675.307ms
[ok] request s447 turn1 ttft=17459.476ms hit=0.0 e2e=18693.501ms
[ok] request s485 turn0 ttft=2241.778ms hit=0.0 e2e=2836.153ms
[ok] request s396 turn0 ttft=840.541ms hit=0.0 e2e=1434.771ms
[ok] request s144 turn0 ttft=2594.993ms hit=0.0 e2e=3189.119ms
[ok] request s188 turn1 ttft=17443.919ms hit=0.0 e2e=18678.958ms
[ok] request s456 turn0 ttft=1190.672ms hit=0.0 e2e=1785.164ms
[ok] request s149 turn1 ttft=17449.76ms hit=0.0 e2e=18685.197ms
[ok] request s516 turn1 ttft=17466.093ms hit=0.0 e2e=18701.494ms
[ok] request s43 turn1 ttft=17456.155ms hit=0.0 e2e=18691.532ms
[ok] request s388 turn0 ttft=1542.464ms hit=0.0 e2e=2138.075ms
[ok] openhands s300 turn0 ttft=2946.911ms hit=0.0 e2e=3542.323ms
[ok] request s247 turn0 ttft=1894.177ms hit=0.0 e2e=2489.607ms
[ok] request s130 turn1 ttft=17463.551ms hit=0.0 e2e=18700.432ms
[ok] request s458 turn0 ttft=487.691ms hit=0.0 e2e=1088.156ms
[ok] request s250 turn0 ttft=143.683ms hit=0.0 e2e=494.041ms
[ok] request s430 turn0 ttft=1259.839ms hit=0.0 e2e=6162.899ms
[ok] request s403 turn0 ttft=1973.87ms hit=0.0 e2e=2088.744ms
[ok] request s228 turn1 ttft=1182.007ms hit=0.0 e2e=6536.58ms
[ok] openhands s182 turn53 ttft=1309.806ms hit=0.986961 e2e=6843.461ms
[ok] openhands s300 turn1 ttft=1209.004ms hit=0.969064 e2e=6741.008ms
[ok] openhands s419 turn17 ttft=1227.761ms hit=0.991417 e2e=6759.478ms
[ok] openhands s241 turn16 ttft=1235.431ms hit=0.982595 e2e=6766.849ms
[ok] openhands s359 turn3 ttft=1259.299ms hit=0.983123 e2e=6797.275ms
[ok] openhands s303 turn21 ttft=1275.541ms hit=0.983418 e2e=6810.149ms
[ok] openhands s2 turn26 ttft=1208.992ms hit=0.99761 e2e=6743.341ms
[ok] openhands s301 turn2 ttft=1281.202ms hit=0.982726 e2e=6821.747ms
[ok] openhands s63 turn2 ttft=1215.063ms hit=0.86174 e2e=6751.624ms
[ok] openhands s1 turn14 ttft=1187.979ms hit=0.910357 e2e=6728.513ms
[ok] openhands s180 turn5 ttft=1276.501ms hit=0.804464 e2e=6815.723ms
[ok] request s130 turn2 ttft=4855.813ms hit=0.0 e2e=6282.207ms
[ok] request s195 turn3 ttft=4900.0ms hit=0.0 e2e=6326.157ms
[ok] request s262 turn2 ttft=5060.68ms hit=0.0 e2e=6486.657ms
[ok] request s184 turn0 ttft=5143.9ms hit=0.0 e2e=6569.697ms
[ok] request s383 turn0 ttft=5077.476ms hit=0.0 e2e=6219.093ms
[ok] request s317 turn3 ttft=4900.309ms hit=0.0 e2e=6325.549ms
[ok] openhands s242 turn45 ttft=5432.124ms hit=0.0 e2e=6856.112ms
[ok] request s447 turn2 ttft=5147.242ms hit=0.0 e2e=6289.393ms
[ok] request s298 turn0 ttft=4727.323ms hit=0.0 e2e=5869.33ms
[ok] request s97 turn0 ttft=3674.361ms hit=0.0 e2e=4816.212ms
[ok] request s167 turn0 ttft=4025.641ms hit=0.0 e2e=5167.373ms
[ok] request s319 turn2 ttft=4864.564ms hit=0.0 e2e=6292.722ms
[ok] request s249 turn0 ttft=2325.131ms hit=0.0 e2e=3064.101ms
[ok] openhands s62 turn0 ttft=2676.646ms hit=0.173935 e2e=3413.993ms
[ok] request s441 turn0 ttft=2622.204ms hit=0.0 e2e=3765.179ms
[ok] request s250 turn1 ttft=5038.401ms hit=0.0 e2e=6181.393ms
[ok] request s396 turn1 ttft=4862.875ms hit=0.0 e2e=6291.8ms
[ok] request s416 turn0 ttft=2974.861ms hit=0.0 e2e=4118.37ms
[ok] request s200 turn0 ttft=4379.968ms hit=0.0 e2e=5523.492ms
[ok] request s166 turn0 ttft=3326.666ms hit=0.0 e2e=4470.226ms
[ok] request s43 turn2 ttft=4861.211ms hit=0.0 e2e=6292.721ms
[ok] request s208 turn0 ttft=227.779ms hit=0.0 e2e=963.388ms
[ok] request s491 turn0 ttft=920.186ms hit=0.0 e2e=1664.918ms
[ok] request s266 turn0 ttft=1622.681ms hit=0.812698 e2e=2366.906ms
[ok] request s356 turn0 ttft=572.792ms hit=0.0 e2e=1316.556ms
[ok] request s246 turn0 ttft=1275.392ms hit=0.0 e2e=2018.739ms
[ok] request s415 turn0 ttft=147.044ms hit=0.0 e2e=671.495ms
[ok] request s426 turn0 ttft=140.774ms hit=0.0 e2e=1606.699ms
[ok] request s75 turn0 ttft=1260.2ms hit=0.0 e2e=1601.863ms
[ok] request s184 turn1 ttft=1223.852ms hit=0.493732 e2e=1821.867ms
[ok] request s228 turn2 ttft=1466.165ms hit=0.0 e2e=2149.253ms
[ok] openhands s182 turn54 ttft=1411.162ms hit=0.994755 e2e=2886.772ms
[ok] openhands s180 turn6 ttft=1312.985ms hit=0.901361 e2e=2785.099ms
[ok] openhands s1 turn15 ttft=1288.099ms hit=0.979465 e2e=2765.759ms
[ok] openhands s359 turn4 ttft=1477.679ms hit=0.89767 e2e=2822.694ms
[ok] request s317 turn4 ttft=1220.103ms hit=0.574635 e2e=2233.44ms
[ok] openhands s303 turn22 ttft=1336.153ms hit=0.967294 e2e=2817.678ms
[ok] request s59 turn0 ttft=1394.728ms hit=0.0 e2e=2740.227ms
[ok] openhands s301 turn3 ttft=1363.799ms hit=0.978384 e2e=2846.596ms
[ok] request s472 turn0 ttft=1377.241ms hit=0.0 e2e=2390.925ms
[ok] openhands s2 turn27 ttft=1794.954ms hit=0.962483 e2e=2808.445ms
[ok] openhands s63 turn3 ttft=1305.122ms hit=0.915711 e2e=2786.743ms
[ok] request s441 turn1 ttft=1216.415ms hit=0.698635 e2e=2229.67ms
[ok] openhands s300 turn2 ttft=1343.779ms hit=0.95607 e2e=2829.709ms
[ok] openhands s62 turn1 ttft=1288.296ms hit=0.967661 e2e=2774.113ms
[ok] openhands s419 turn18 ttft=1392.489ms hit=0.992047 e2e=2876.341ms
[ok] openhands s241 turn17 ttft=1298.774ms hit=0.955434 e2e=2783.793ms
[ok] request s416 turn1 ttft=1442.315ms hit=0.0 e2e=2240.234ms
[ok] request s383 turn1 ttft=1453.929ms hit=0.0 e2e=2251.847ms
[ok] request s491 turn1 ttft=1440.98ms hit=0.0 e2e=2238.883ms
[ok] request s447 turn3 ttft=1451.308ms hit=0.479401 e2e=2249.176ms
[ok] request s444 turn0 ttft=906.265ms hit=0.0 e2e=1704.167ms
[ok] request s246 turn1 ttft=1208.086ms hit=0.0 e2e=2238.175ms
[ok] request s426 turn1 ttft=236.863ms hit=0.0 e2e=902.567ms
[ok] request s319 turn3 ttft=1451.679ms hit=0.471021 e2e=2249.528ms
[ok] request s208 turn1 ttft=1445.389ms hit=0.0 e2e=2243.328ms
[ok] request s364 turn0 ttft=339.83ms hit=0.0 e2e=1006.764ms
[ok] openhands s242 turn46 ttft=1371.279ms hit=0.995859 e2e=2169.843ms
[ok] request s14 turn0 ttft=675.421ms hit=0.0 e2e=1359.073ms
[ok] request s396 turn2 ttft=1449.402ms hit=0.346414 e2e=2248.701ms
[ok] request s92 turn0 ttft=138.132ms hit=0.0 e2e=750.317ms
[ok] request s488 turn0 ttft=140.539ms hit=0.0 e2e=1829.1ms
[ok] request s270 turn0 ttft=1403.403ms hit=0.0 e2e=1419.637ms
[ok] request s275 turn0 ttft=1612.71ms hit=0.0 e2e=1677.934ms
[ok] request s451 turn0 ttft=2315.984ms hit=0.0 e2e=2403.728ms
[ok] request s386 turn0 ttft=214.883ms hit=0.0 e2e=323.533ms
[ok] request s228 turn3 ttft=1427.65ms hit=0.0 e2e=4881.177ms
[ok] openhands s180 turn7 ttft=1534.982ms hit=0.971249 e2e=5162.549ms
[ok] openhands s62 turn2 ttft=1412.337ms hit=0.944542 e2e=5037.93ms
[ok] openhands s63 turn4 ttft=1507.587ms hit=0.985373 e2e=5137.281ms
[ok] request s75 turn1 ttft=1385.183ms hit=0.968322 e2e=5014.077ms
[ok] request s184 turn2 ttft=1366.204ms hit=0.96695 e2e=4993.727ms
[ok] openhands s241 turn18 ttft=1491.31ms hit=0.984044 e2e=5110.717ms
[ok] openhands s301 turn4 ttft=1513.594ms hit=0.975962 e2e=5146.035ms
[ok] openhands s300 turn3 ttft=1440.419ms hit=0.877451 e2e=5069.798ms
[ok] openhands s1 turn16 ttft=1448.732ms hit=0.956607 e2e=5081.214ms
[ok] openhands s359 turn5 ttft=1484.045ms hit=0.896918 e2e=5117.979ms
[ok] openhands s303 turn23 ttft=1526.771ms hit=0.990603 e2e=5158.225ms
[ok] openhands s2 turn28 ttft=4863.082ms hit=0.995977 e2e=5222.193ms
[ok] openhands s182 turn55 ttft=4885.612ms hit=0.995891 e2e=6081.736ms
[ok] request s441 turn2 ttft=1395.958ms hit=0.833876 e2e=12508.674ms
[ok] request s319 turn4 ttft=1379.509ms hit=0.0 e2e=12493.038ms
[ok] request s426 turn2 ttft=1381.789ms hit=0.291572 e2e=12494.965ms
[ok] request s396 turn3 ttft=1371.938ms hit=0.60898 e2e=12490.699ms
[ok] request s109 turn0 ttft=2224.303ms hit=0.0 e2e=12352.731ms
[ok] openhands s242 turn47 ttft=1582.259ms hit=0.975295 e2e=13005.446ms
[ok] request s317 turn5 ttft=1096.699ms hit=0.0 e2e=12521.359ms
[ok] request s364 turn1 ttft=1375.562ms hit=0.0 e2e=12494.779ms
[ok] openhands s3 turn0 ttft=2573.924ms hit=0.114728 e2e=12703.944ms
[ok] request s352 turn0 ttft=3242.77ms hit=0.0 e2e=11650.581ms
[ok] request s14 turn1 ttft=1374.234ms hit=0.525128 e2e=12493.789ms
[ok] request s472 turn1 ttft=1400.376ms hit=0.0 e2e=12519.708ms
[ok] request s276 turn0 ttft=1872.292ms hit=0.0 e2e=12002.366ms
[ok] request s208 turn2 ttft=1378.607ms hit=0.342246 e2e=12498.064ms
[ok] openhands s419 turn19 ttft=3787.239ms hit=0.060996 e2e=12195.918ms
[ok] request s491 turn2 ttft=1386.513ms hit=0.695652 e2e=12506.176ms
[ok] request s89 turn0 ttft=2664.765ms hit=0.0 e2e=10956.022ms
[ok] request s221 turn0 ttft=1261.14ms hit=0.0 e2e=9551.712ms
[ok] request s137 turn0 ttft=559.537ms hit=0.0 e2e=8850.001ms
[ok] request s377 turn0 ttft=911.031ms hit=0.0 e2e=9201.389ms
[ok] request s311 turn0 ttft=1963.869ms hit=0.0 e2e=10254.155ms
[ok] request s290 turn0 ttft=3018.925ms hit=0.0 e2e=11308.67ms
[ok] request s349 turn0 ttft=141.352ms hit=0.0 e2e=19751.569ms
[ok] openhands s62 turn3 ttft=980.409ms hit=0.901315 e2e=19832.564ms
[ok] openhands s359 turn6 ttft=963.163ms hit=0.990491 e2e=19815.173ms
[ok] openhands s301 turn5 ttft=971.36ms hit=0.985592 e2e=19823.18ms
[ok] openhands s180 turn8 ttft=928.2ms hit=0.910603 e2e=19779.842ms
[ok] openhands s241 turn19 ttft=921.012ms hit=0.987099 e2e=19774.936ms
[ok] openhands s303 turn24 ttft=936.463ms hit=0.993188 e2e=19795.67ms
[ok] openhands s1 turn17 ttft=946.285ms hit=0.813694 e2e=19807.281ms
[ok] openhands s63 turn5 ttft=973.847ms hit=0.967694 e2e=19834.575ms
[ok] request s75 turn2 ttft=6841.264ms hit=0.0 e2e=19880.852ms
[ok] request s201 turn0 ttft=6767.248ms hit=0.0 e2e=19984.816ms
[ok] request s209 turn0 ttft=7058.645ms hit=0.0 e2e=19633.737ms
[ok] request s386 turn1 ttft=6894.336ms hit=0.0 e2e=20111.855ms
[ok] openhands s300 turn4 ttft=6986.518ms hit=0.141465 e2e=20205.397ms
[ok] request s160 turn0 ttft=6522.897ms hit=0.0 e2e=20336.219ms
[ok] request s184 turn3 ttft=7101.464ms hit=0.0 e2e=19885.119ms
[ok] openhands s2 turn29 ttft=6581.382ms hit=0.024805 e2e=20394.49ms
[ok] request s420 turn0 ttft=10189.523ms hit=0.0 e2e=23492.468ms
[ok] request s441 turn3 ttft=5902.783ms hit=0.0 e2e=16513.303ms
[ok] request s333 turn0 ttft=10542.115ms hit=0.0 e2e=23850.269ms
[ok] request s89 turn1 ttft=6150.391ms hit=0.0 e2e=16504.994ms
[ok] openhands s242 turn48 ttft=10897.329ms hit=0.0 e2e=16461.435ms
[ok] request s290 turn1 ttft=6390.156ms hit=0.0 e2e=16502.547ms
[ok] openhands s3 turn1 ttft=6469.77ms hit=0.113622 e2e=17086.042ms
[ok] request s472 turn2 ttft=5894.494ms hit=0.0 e2e=16510.477ms
[ok] request s364 turn2 ttft=5896.792ms hit=0.0 e2e=16512.51ms
[ok] request s377 turn1 ttft=6149.721ms hit=0.0 e2e=16505.01ms
[ok] openhands s419 turn20 ttft=5559.66ms hit=0.059819 e2e=17103.562ms
[ok] request s208 turn3 ttft=5893.6ms hit=0.0 e2e=16509.71ms
[ok] openhands s182 turn56 ttft=10429.027ms hit=0.0 e2e=24061.155ms
[ok] request s165 turn0 ttft=1276.452ms hit=0.0 e2e=8275.932ms
[ok] request s264 turn0 ttft=4011.26ms hit=0.0 e2e=4115.747ms
[ok] request s528 turn0 ttft=6661.163ms hit=0.0 e2e=7031.101ms
[ok] openhands s180 turn9 ttft=1523.305ms hit=0.97597 e2e=8454.801ms
[ok] openhands s303 turn25 ttft=3880.168ms hit=0.0 e2e=8424.868ms
[ok] openhands s63 turn6 ttft=1805.761ms hit=0.967864 e2e=8410.896ms
[ok] openhands s301 turn6 ttft=2489.683ms hit=0.1081 e2e=8454.991ms
[ok] request s41 turn0 ttft=1628.691ms hit=0.0 e2e=8907.327ms
[ok] openhands s359 turn7 ttft=1499.094ms hit=0.858355 e2e=8436.056ms
[ok] openhands s1 turn18 ttft=1511.152ms hit=0.991871 e2e=8447.876ms
[ok] openhands s183 turn0 ttft=1974.615ms hit=0.0 e2e=9254.646ms
[ok] openhands s241 turn20 ttft=5118.289ms hit=0.0 e2e=8923.686ms
[ok] request s175 turn0 ttft=5503.466ms hit=0.0 e2e=5503.925ms
[ok] openhands s62 turn4 ttft=6353.879ms hit=0.0 e2e=19483.005ms
[ok] request s209 turn1 ttft=6733.095ms hit=0.0 e2e=18294.778ms
[ok] request s184 turn4 ttft=6407.84ms hit=0.0 e2e=18293.531ms
[ok] request s201 turn1 ttft=6411.052ms hit=0.0 e2e=18296.474ms
[ok] request s349 turn1 ttft=6426.876ms hit=0.0 e2e=19271.785ms
[ok] request s96 turn0 ttft=6382.698ms hit=0.0 e2e=18575.283ms
[ok] request s75 turn3 ttft=6414.117ms hit=0.0 e2e=18301.469ms
[ok] request s492 turn0 ttft=6141.818ms hit=0.0 e2e=19277.586ms
[ok] request s285 turn0 ttft=6081.194ms hit=0.0 e2e=18926.737ms
[ok] openhands s300 turn5 ttft=6692.22ms hit=0.125189 e2e=18885.537ms
[ok] request s179 turn0 ttft=6461.811ms hit=0.0 e2e=26485.947ms
[ok] request s17 turn0 ttft=6117.234ms hit=0.0 e2e=26137.864ms
[ok] request s338 turn0 ttft=5063.886ms hit=0.0 e2e=25084.271ms
[ok] request s163 turn0 ttft=3655.345ms hit=0.0 e2e=23680.777ms
[ok] request s6 turn0 ttft=2954.427ms hit=0.0 e2e=22979.397ms
[ok] request s168 turn0 ttft=3305.481ms hit=0.0 e2e=23329.733ms
[ok] request s369 turn0 ttft=5412.565ms hit=0.0 e2e=25436.381ms
[ok] request s341 turn0 ttft=5762.355ms hit=0.0 e2e=25785.743ms
[ok] request s321 turn0 ttft=4710.948ms hit=0.0 e2e=24733.924ms
[ok] request s402 turn0 ttft=4360.45ms hit=0.0 e2e=24383.032ms
[ok] request s175 turn1 ttft=18409.02ms hit=0.0 e2e=18594.601ms
[ok] request s367 turn0 ttft=12864.007ms hit=0.0 e2e=23213.899ms
[ok] request s333 turn1 ttft=5218.647ms hit=0.0 e2e=24429.518ms
[ok] request s170 turn0 ttft=5473.741ms hit=0.0 e2e=24366.807ms
[ok] request s364 turn3 ttft=5536.779ms hit=0.0 e2e=24430.513ms
[ok] request s472 turn3 ttft=5220.183ms hit=0.0 e2e=24432.912ms
[ok] openhands s242 turn49 ttft=13056.936ms hit=0.031638 e2e=24993.409ms
[ok] request s89 turn2 ttft=5520.79ms hit=0.0 e2e=24737.966ms
[ok] openhands s419 turn21 ttft=5515.489ms hit=0.0 e2e=25033.633ms
[ok] request s441 turn4 ttft=5226.747ms hit=0.0 e2e=24443.652ms
[ok] openhands s182 turn57 ttft=9071.71ms hit=0.037675 e2e=25017.277ms
[ok] openhands s3 turn2 ttft=13939.342ms hit=0.0 e2e=25271.71ms
[ok] request s524 turn0 ttft=13212.987ms hit=0.0 e2e=27428.367ms
[ok] request s519 turn0 ttft=12469.454ms hit=0.0 e2e=26382.933ms
[ok] openhands s360 turn0 ttft=13565.684ms hit=0.0 e2e=27785.863ms
[ok] openhands s63 turn7 ttft=19545.893ms hit=0.0 e2e=25428.848ms
[ok] openhands s180 turn10 ttft=13368.695ms hit=0.0 e2e=25550.72ms
[ok] openhands s303 turn26 ttft=16950.365ms hit=0.0 e2e=25523.838ms
[ok] request s511 turn0 ttft=12818.47ms hit=0.0 e2e=26740.693ms
[ok] request s493 turn0 ttft=19448.006ms hit=0.0 e2e=25338.424ms
[ok] openhands s359 turn8 ttft=18583.472ms hit=0.0 e2e=25537.2ms
[ok] request s231 turn0 ttft=12119.979ms hit=0.0 e2e=26040.883ms
[ok] request s264 turn1 ttft=19294.002ms hit=0.0 e2e=25183.683ms
[ok] request s237 turn0 ttft=11767.88ms hit=0.0 e2e=25688.417ms
[ok] openhands s183 turn1 ttft=15329.628ms hit=0.114147 e2e=25530.574ms
[ok] openhands s301 turn7 ttft=14369.808ms hit=0.106112 e2e=25547.354ms
[ok] request s165 turn1 ttft=19343.071ms hit=0.0 e2e=25235.16ms
[ok] request s148 turn0 ttft=15919.447ms hit=0.0 e2e=16920.11ms
[ok] request s38 turn0 ttft=18950.946ms hit=0.0 e2e=31183.759ms
[ok] request s305 turn0 ttft=18017.537ms hit=0.0 e2e=30131.375ms
[ok] request s189 turn0 ttft=18602.031ms hit=0.0 e2e=30838.219ms
[ok] request s177 turn0 ttft=17321.032ms hit=0.0 e2e=29433.941ms
[ok] request s288 turn0 ttft=20463.502ms hit=0.0 e2e=32943.889ms
[ok] request s437 turn0 ttft=17666.532ms hit=0.0 e2e=29785.469ms
[ok] request s331 turn0 ttft=19302.506ms hit=0.0 e2e=31539.606ms
[ok] request s236 turn0 ttft=19654.82ms hit=0.0 e2e=31890.771ms
[ok] request s407 turn0 ttft=20235.13ms hit=0.0 e2e=32592.364ms
[ok] request s497 turn0 ttft=20006.42ms hit=0.0 e2e=32241.99ms
[ok] request s413 turn0 ttft=18253.203ms hit=0.0 e2e=30488.353ms
[ok] request s520 turn0 ttft=9411.106ms hit=0.0 e2e=14400.738ms
[ok] openhands s241 turn21 ttft=20508.404ms hit=0.0 e2e=39894.02ms
[ok] request s408 turn0 ttft=15644.031ms hit=0.0 e2e=33556.069ms
[ok] request s373 turn0 ttft=17862.062ms hit=0.0 e2e=18324.712ms
[ok] request s498 turn0 ttft=15721.658ms hit=0.0 e2e=34162.464ms
[ok] request s469 turn0 ttft=16774.169ms hit=0.0 e2e=35220.385ms
[ok] request s252 turn0 ttft=15569.397ms hit=0.0 e2e=31713.619ms
[ok] openhands s122 turn0 ttft=16315.196ms hit=0.0 e2e=32459.322ms
[ok] request s245 turn0 ttft=15965.283ms hit=0.0 e2e=32109.141ms
[ok] request s339 turn0 ttft=15264.184ms hit=0.0 e2e=31407.27ms
[ok] request s512 turn0 ttft=16273.737ms hit=0.0 e2e=32416.581ms
[ok] request s502 turn0 ttft=16075.671ms hit=0.0 e2e=34521.566ms
[ok] request s363 turn0 ttft=15615.084ms hit=0.0 e2e=31759.507ms
[ok] request s464 turn0 ttft=17479.086ms hit=0.0 e2e=35926.534ms
[ok] request s362 turn0 ttft=15292.093ms hit=0.0 e2e=33469.331ms
[ok] request s124 turn0 ttft=14591.025ms hit=0.0 e2e=32767.264ms
[ok] openhands s475 turn0 ttft=17827.108ms hit=0.0 e2e=36276.009ms
[ok] request s259 turn0 ttft=16425.925ms hit=0.0 e2e=34873.459ms
[ok] request s421 turn0 ttft=17126.354ms hit=0.0 e2e=35574.931ms
[ok] request s173 turn0 ttft=14942.533ms hit=0.0 e2e=33118.625ms
[ok] request s523 turn0 ttft=13993.827ms hit=0.0 e2e=29976.245ms
[ok] request s192 turn0 ttft=14345.174ms hit=0.0 e2e=30327.467ms
[ok] request s471 turn0 ttft=14866.454ms hit=0.0 e2e=31030.005ms
[ok] request s505 turn0 ttft=14697.055ms hit=0.0 e2e=30679.673ms
[ok] request s281 turn0 ttft=13689.276ms hit=0.0 e2e=29670.844ms
[ok] request s153 turn0 ttft=14039.444ms hit=0.0 e2e=30021.936ms
[ok] request s500 turn0 ttft=14911.692ms hit=0.0 e2e=31075.386ms
[ok] request s193 turn0 ttft=14391.216ms hit=0.0 e2e=30373.662ms
[ok] openhands s62 turn5 ttft=14272.834ms hit=0.141928 e2e=29646.165ms
[ok] request s425 turn0 ttft=15221.782ms hit=0.0 e2e=31383.715ms
[ok] request s174 turn0 ttft=14740.696ms hit=0.0 e2e=30726.194ms
[ok] openhands s300 turn6 ttft=15744.737ms hit=0.0 e2e=29829.911ms
[ok] request s184 turn5 ttft=16054.395ms hit=0.0 e2e=29276.87ms
[ok] request s285 turn1 ttft=15782.864ms hit=0.0 e2e=29272.35ms
[ok] request s461 turn0 ttft=13871.224ms hit=0.0 e2e=27094.308ms
[ok] request s96 turn1 ttft=15784.524ms hit=0.0 e2e=29280.043ms
[ok] request s22 turn0 ttft=13520.905ms hit=0.0 e2e=26750.162ms
[ok] request s526 turn0 ttft=13171.695ms hit=0.0 e2e=26400.631ms
[ok] request s450 turn0 ttft=15979.739ms hit=0.0 e2e=29208.832ms
[ok] request s159 turn0 ttft=15463.296ms hit=0.0 e2e=29559.963ms
[ok] request s209 turn2 ttft=15789.431ms hit=0.0 e2e=29289.499ms
[ok] request s15 turn0 ttft=15277.267ms hit=0.0 e2e=28507.943ms
[ok] request s462 turn0 ttft=14926.74ms hit=0.0 e2e=28157.701ms
[ok] request s410 turn0 ttft=14576.496ms hit=0.0 e2e=27807.533ms
[ok] request s201 turn2 ttft=16056.809ms hit=0.0 e2e=29288.075ms
[ok] request s85 turn0 ttft=14227.892ms hit=0.0 e2e=27459.442ms
[ok] request s114 turn0 ttft=15630.433ms hit=0.0 e2e=28862.313ms
[ok] request s398 turn0 ttft=8361.447ms hit=0.0 e2e=20801.279ms
[ok] request s346 turn0 ttft=10811.314ms hit=0.0 e2e=23257.742ms
[ok] request s318 turn0 ttft=12819.032ms hit=0.0 e2e=26064.956ms
[ok] request s204 turn0 ttft=11713.092ms hit=0.0 e2e=24662.667ms
[ok] request s216 turn0 ttft=11516.32ms hit=0.0 e2e=23963.33ms
[ok] request s222 turn0 ttft=9762.667ms hit=0.0 e2e=22210.131ms
[ok] request s372 turn0 ttft=11165.186ms hit=0.0 e2e=23612.653ms
[ok] request s525 turn0 ttft=10464.325ms hit=0.0 e2e=22912.306ms
[ok] request s308 turn0 ttft=11363.497ms hit=0.0 e2e=24317.391ms
[ok] request s179 turn1 ttft=8246.768ms hit=0.0 e2e=20696.315ms
[ok] openhands s0 turn0 ttft=12767.356ms hit=0.0 e2e=25722.809ms
[ok] request s392 turn0 ttft=12065.836ms hit=0.0 e2e=25021.847ms
[ok] request s316 turn0 ttft=8712.35ms hit=0.0 e2e=21164.582ms
[ok] request s287 turn0 ttft=12418.518ms hit=0.0 e2e=25376.243ms
[ok] request s117 turn0 ttft=9062.902ms hit=0.0 e2e=21516.422ms
[ok] request s332 turn0 ttft=10116.553ms hit=0.0 e2e=22570.787ms
[ok] request s321 turn1 ttft=8414.069ms hit=0.0 e2e=20703.009ms
[ok] request s17 turn1 ttft=8241.201ms hit=0.0 e2e=20709.371ms
[ok] request s135 turn0 ttft=7483.404ms hit=0.0 e2e=19774.071ms
[ok] request s6 turn1 ttft=8239.252ms hit=0.0 e2e=20709.412ms
[ok] request s338 turn1 ttft=8241.204ms hit=0.0 e2e=20712.096ms
[ok] request s168 turn1 ttft=8416.771ms hit=0.0 e2e=20710.786ms
[ok] request s330 turn0 ttft=7132.799ms hit=0.0 e2e=19427.57ms
[ok] request s263 turn0 ttft=7833.873ms hit=0.0 e2e=20129.451ms
[ok] request s171 turn0 ttft=8186.338ms hit=0.0 e2e=20482.767ms
[ok] openhands s182 turn58 ttft=11524.77ms hit=0.0 e2e=30317.756ms
[ok] openhands s242 turn50 ttft=15757.14ms hit=0.0 e2e=30304.903ms
[ok] request s175 turn2 ttft=16695.184ms hit=0.0 e2e=30067.423ms
[ok] openhands s60 turn0 ttft=16828.568ms hit=0.0 e2e=30204.777ms
[ok] request s520 turn1 ttft=17957.508ms hit=0.0 e2e=18013.079ms
[ok] openhands s3 turn3 ttft=17881.691ms hit=0.0 e2e=29909.885ms
[ok] request s5 turn0 ttft=17646.011ms hit=0.0 e2e=29887.918ms
[ok] request s333 turn2 ttft=17902.406ms hit=0.0 e2e=30146.343ms
[ok] request s510 turn0 ttft=17294.589ms hit=0.0 e2e=29539.332ms
[ok] request s148 turn1 ttft=25911.404ms hit=0.0 e2e=27265.725ms
[ok] request s442 turn0 ttft=18369.651ms hit=0.0 e2e=28364.941ms
[ok] request s529 turn0 ttft=25590.417ms hit=0.0 e2e=27047.687ms
[ok] request s309 turn0 ttft=18015.575ms hit=0.0 e2e=28268.224ms
[ok] openhands s359 turn9 ttft=21737.061ms hit=0.062838 e2e=28111.739ms
[ok] request s438 turn0 ttft=18717.089ms hit=0.0 e2e=28972.17ms
[ok] openhands s419 turn22 ttft=20102.436ms hit=0.0 e2e=30664.383ms
[ok] openhands s303 turn27 ttft=26151.402ms hit=0.0 e2e=28133.447ms
[ok] request s399 turn0 ttft=20121.136ms hit=0.0 e2e=30376.983ms
[ok] request s293 turn0 ttft=25938.077ms hit=0.0 e2e=27924.935ms
[ok] openhands s63 turn8 ttft=18573.046ms hit=0.111291 e2e=28154.449ms
[ok] openhands s183 turn2 ttft=22764.594ms hit=0.113052 e2e=28145.738ms
[ok] request s370 turn0 ttft=25587.53ms hit=0.0 e2e=27575.332ms
[ok] request s86 turn0 ttft=19771.603ms hit=0.0 e2e=30032.727ms
[ok] request s220 turn0 ttft=19419.793ms hit=0.0 e2e=29682.021ms
[ok] openhands s301 turn8 ttft=19555.345ms hit=0.104196 e2e=28129.885ms
[ok] openhands s180 turn11 ttft=24811.79ms hit=0.058698 e2e=28112.623ms
[ok] openhands s360 turn1 ttft=21766.909ms hit=0.341375 e2e=28151.794ms
[ok] request s138 turn0 ttft=19069.996ms hit=0.0 e2e=29332.952ms
[ok] request s71 turn0 ttft=24530.46ms hit=0.0 e2e=26182.586ms
[ok] request s524 turn1 ttft=25705.029ms hit=0.0 e2e=27582.061ms
[ok] request s231 turn1 ttft=25913.781ms hit=0.0 e2e=27566.676ms
[ok] request s177 turn1 ttft=17966.837ms hit=0.0 e2e=19613.1ms
[ok] request s463 turn0 ttft=24181.354ms hit=0.0 e2e=25834.517ms
[ok] request s511 turn1 ttft=25691.662ms hit=0.0 e2e=27570.853ms
[ok] request s165 turn2 ttft=25917.034ms hit=0.0 e2e=27568.003ms
[ok] request s493 turn1 ttft=25920.064ms hit=0.0 e2e=27571.154ms
[ok] request s118 turn0 ttft=23830.6ms hit=0.0 e2e=25486.126ms
[ok] request s497 turn1 ttft=17966.344ms hit=0.0 e2e=19615.926ms
[ok] request s486 turn0 ttft=24886.995ms hit=0.0 e2e=26539.866ms
[ok] request s128 turn0 ttft=25238.036ms hit=0.0 e2e=26891.194ms
[ok] openhands s241 turn22 ttft=12936.48ms hit=0.0 e2e=25019.746ms
[ok] request s520 turn2 ttft=14406.86ms hit=0.0 e2e=14438.875ms
[ok] request s339 turn1 ttft=17292.097ms hit=0.0 e2e=25601.29ms
[ok] request s153 turn1 ttft=17268.534ms hit=0.0 e2e=25790.262ms
[ok] openhands s0 turn1 ttft=16327.391ms hit=0.5 e2e=26111.779ms
[ok] request s252 turn1 ttft=17292.645ms hit=0.0 e2e=25816.114ms
[ok] request s373 turn1 ttft=17412.756ms hit=0.0 e2e=25935.929ms
[ok] request s281 turn1 ttft=17494.919ms hit=0.0 e2e=26017.822ms
[ok] openhands s475 turn1 ttft=15946.351ms hit=0.499202 e2e=26388.757ms
[ok] request s512 turn1 ttft=17288.904ms hit=0.0 e2e=25816.822ms
[ok] openhands s300 turn7 ttft=17293.338ms hit=0.090579 e2e=26101.063ms
[ok] request s408 turn1 ttft=17556.641ms hit=0.0 e2e=26084.73ms
[ok] request s505 turn1 ttft=17274.374ms hit=0.0 e2e=25801.791ms
[ok] request s502 turn1 ttft=17289.707ms hit=0.0 e2e=25816.067ms
[ok] request s363 turn1 ttft=17287.09ms hit=0.0 e2e=25814.329ms
[ok] request s421 turn1 ttft=17286.045ms hit=0.0 e2e=25812.62ms
[ok] request s500 turn1 ttft=17272.662ms hit=0.0 e2e=25799.145ms
[ok] openhands s122 turn1 ttft=15638.922ms hit=0.0 e2e=26403.894ms
[ok] openhands s62 turn6 ttft=16596.603ms hit=0.139172 e2e=26389.967ms
[ok] request s398 turn1 ttft=18213.859ms hit=0.0 e2e=25559.821ms
[ok] request s318 turn1 ttft=18213.012ms hit=0.0 e2e=25558.322ms
[ok] request s22 turn1 ttft=17330.051ms hit=0.0 e2e=25573.732ms
[ok] request s461 turn1 ttft=17647.114ms hit=0.0 e2e=25579.798ms
[ok] request s321 turn2 ttft=18195.92ms hit=0.0 e2e=25540.174ms
[ok] request s392 turn1 ttft=18208.327ms hit=0.0 e2e=25552.603ms
[ok] request s316 turn1 ttft=18203.905ms hit=0.0 e2e=25551.223ms
[ok] request s204 turn1 ttft=18212.65ms hit=0.0 e2e=25559.519ms
[ok] request s96 turn2 ttft=17334.582ms hit=0.0 e2e=25580.361ms
[ok] request s209 turn3 ttft=18228.564ms hit=0.0 e2e=25574.51ms
[ok] request s117 turn1 ttft=18202.472ms hit=0.0 e2e=25551.55ms
[ok] request s332 turn1 ttft=18201.634ms hit=0.0 e2e=25550.271ms
[ok] request s525 turn1 ttft=22896.874ms hit=0.0 e2e=25620.009ms
[ok] request s184 turn6 ttft=17341.999ms hit=0.0 e2e=25591.281ms
[ok] request s285 turn2 ttft=17339.466ms hit=0.0 e2e=25588.342ms
[ok] request s462 turn1 ttft=17636.014ms hit=0.0 e2e=25575.132ms
[ok] request s135 turn1 ttft=18190.75ms hit=0.0 e2e=25549.925ms
[ok] request s338 turn2 ttft=18358.173ms hit=0.0 e2e=25547.714ms
[ok] request s168 turn2 ttft=18356.732ms hit=0.0 e2e=25546.43ms
[ok] openhands s242 turn51 ttft=12103.564ms hit=0.0 e2e=15016.01ms
[ok] openhands s60 turn1 ttft=13261.452ms hit=0.0 e2e=15421.081ms
[ok] request s148 turn2 ttft=24259.494ms hit=0.0 e2e=25775.018ms
[ok] request s520 turn3 ttft=12850.584ms hit=0.0 e2e=12888.517ms
[ok] openhands s3 turn4 ttft=14551.722ms hit=0.0 e2e=27624.463ms
[ok] request s293 turn1 ttft=23973.731ms hit=0.0 e2e=26359.156ms
[ok] openhands s360 turn2 ttft=17261.859ms hit=0.176033 e2e=26880.255ms
[ok] openhands s63 turn9 ttft=16599.326ms hit=0.109029 e2e=26875.007ms
[ok] openhands s419 turn23 ttft=19099.487ms hit=0.057328 e2e=26935.109ms
[ok] request s118 turn1 ttft=24077.253ms hit=0.0 e2e=26469.979ms
[ok] request s177 turn2 ttft=24244.07ms hit=0.0 e2e=26352.253ms
[ok] openhands s303 turn28 ttft=22787.681ms hit=0.072776 e2e=26899.555ms
[ok] openhands s359 turn10 ttft=15663.161ms hit=0.0 e2e=26949.954ms
[ok] request s493 turn2 ttft=24239.92ms hit=0.0 e2e=26347.959ms
[ok] openhands s180 turn12 ttft=24514.225ms hit=0.058463 e2e=26907.326ms
[ok] request s71 turn1 ttft=24248.947ms hit=0.0 e2e=26357.091ms
[ok] openhands s301 turn9 ttft=20085.081ms hit=0.101944 e2e=26917.483ms
[ok] request s497 turn2 ttft=24238.987ms hit=0.0 e2e=26346.758ms
[ok] request s438 turn1 ttft=23981.828ms hit=0.0 e2e=26375.755ms
[ok] openhands s183 turn3 ttft=21097.618ms hit=0.10919 e2e=26925.882ms
[ok] request s529 turn1 ttft=24153.53ms hit=0.0 e2e=26547.692ms
[ok] request s463 turn1 ttft=24241.748ms hit=0.0 e2e=26356.918ms
[ok] request s486 turn1 ttft=24235.277ms hit=0.0 e2e=26349.762ms
[ok] request s524 turn2 ttft=24528.715ms hit=0.0 e2e=26361.39ms
[ok] openhands s241 turn23 ttft=14241.623ms hit=0.0 e2e=15143.904ms
[ok] request s165 turn3 ttft=24242.88ms hit=0.0 e2e=26357.207ms
[ok] openhands s0 turn2 ttft=13136.23ms hit=0.0 e2e=25422.849ms
[ok] openhands s475 turn2 ttft=13196.904ms hit=0.0 e2e=25406.707ms
[ok] request s148 turn3 ttft=13767.13ms hit=0.0 e2e=17221.085ms
[ok] request s512 turn2 ttft=23715.912ms hit=0.0 e2e=30193.236ms
[ok] openhands s300 turn8 ttft=23447.525ms hit=0.068024 e2e=30221.896ms
[ok] request s281 turn2 ttft=21017.007ms hit=0.0 e2e=30520.846ms
[ok] openhands s242 turn52 ttft=21249.69ms hit=0.030173 e2e=30753.002ms
[ok] request s153 turn2 ttft=23722.366ms hit=0.0 e2e=30204.114ms
[ok] openhands s62 turn7 ttft=16795.782ms hit=0.135346 e2e=30735.692ms
[ok] openhands s122 turn2 ttft=16176.476ms hit=0.0 e2e=30775.432ms
[ok] request s373 turn2 ttft=23718.812ms hit=0.0 e2e=30205.747ms
[ok] request s204 turn2 ttft=24012.099ms hit=0.0 e2e=30187.369ms
[ok] request s363 turn2 ttft=23708.476ms hit=0.0 e2e=30195.51ms
[ok] request s252 turn2 ttft=23719.492ms hit=0.0 e2e=30208.493ms
[ok] request s461 turn2 ttft=24013.936ms hit=0.0 e2e=30190.671ms
[ok] request s502 turn2 ttft=23711.134ms hit=0.0 e2e=30198.046ms
[ok] request s209 turn4 ttft=24600.894ms hit=0.0 e2e=30186.599ms
[ok] openhands s60 turn2 ttft=22181.308ms hit=0.095103 e2e=30348.92ms
[ok] request s505 turn2 ttft=23713.326ms hit=0.0 e2e=30200.76ms
[ok] request s408 turn2 ttft=24778.093ms hit=0.0 e2e=30205.927ms
[ok] request s332 turn2 ttft=24774.222ms hit=0.0 e2e=30188.317ms
[ok] request s168 turn3 ttft=24750.316ms hit=0.0 e2e=30178.422ms
[ok] request s184 turn7 ttft=24593.613ms hit=0.0 e2e=30185.132ms
[ok] request s338 turn3 ttft=24752.733ms hit=0.0 e2e=30181.147ms
[ok] request s525 turn2 ttft=24772.523ms hit=0.0 e2e=30187.781ms
[ok] openhands s3 turn5 ttft=14309.143ms hit=0.0 e2e=35513.892ms
[ok] openhands s360 turn3 ttft=14629.152ms hit=0.0 e2e=34698.168ms
[ok] openhands s419 turn24 ttft=16874.7ms hit=0.0 e2e=34833.247ms
[ok] request s497 turn3 ttft=27696.13ms hit=0.0 e2e=40024.108ms
[ok] request s71 turn2 ttft=27384.949ms hit=0.0 e2e=40297.355ms
[ok] openhands s180 turn13 ttft=21239.315ms hit=0.058268 e2e=40885.322ms
[ok] request s118 turn2 ttft=27467.251ms hit=0.0 e2e=40380.922ms
[ok] openhands s183 turn4 ttft=23684.105ms hit=0.088956 e2e=40856.615ms
[ok] request s463 turn2 ttft=27690.706ms hit=0.0 e2e=40299.017ms
[ok] openhands s359 turn11 ttft=25796.172ms hit=0.052751 e2e=40835.61ms
[ok] request s486 turn2 ttft=27689.921ms hit=0.0 e2e=40298.152ms
[ok] openhands s301 turn10 ttft=26928.598ms hit=0.100288 e2e=40885.052ms
[ok] openhands s63 turn10 ttft=27899.235ms hit=0.104836 e2e=40818.971ms
[ok] request s524 turn3 ttft=27689.603ms hit=0.0 e2e=40297.638ms
[ok] openhands s303 turn29 ttft=19103.017ms hit=0.0 e2e=40876.531ms
[ok] request s165 turn4 ttft=27688.26ms hit=0.0 e2e=40296.391ms
[ok] request s293 turn2 ttft=27394.526ms hit=0.0 e2e=40314.93ms
[ok] openhands s241 turn24 ttft=22295.257ms hit=0.093907 e2e=40830.103ms
[ok] openhands s0 turn3 ttft=17091.587ms hit=0.1331 e2e=29009.327ms
[ok] request s529 turn2 ttft=27485.009ms hit=0.0 e2e=40405.861ms
[ok] openhands s475 turn3 ttft=17172.259ms hit=0.448622 e2e=28774.1ms
[ok] openhands s300 turn9 ttft=16009.03ms hit=0.0 e2e=23645.456ms
[ok] openhands s122 turn3 ttft=14149.975ms hit=0.05109 e2e=23658.506ms
[ok] openhands s60 turn3 ttft=17372.44ms hit=0.0 e2e=24529.211ms
[ok] openhands s242 turn53 ttft=22074.652ms hit=0.0 e2e=38734.685ms
[ok] request s512 turn3 ttft=22630.9ms hit=0.0 e2e=38429.931ms
[ok] openhands s62 turn8 ttft=23168.459ms hit=0.0 e2e=38967.095ms
[ok] request s153 turn3 ttft=22629.795ms hit=0.0 e2e=38428.164ms
[ok] request s502 turn3 ttft=22737.675ms hit=0.0 e2e=38422.182ms
[ok] request s204 turn3 ttft=22734.694ms hit=0.0 e2e=38424.429ms
[ok] openhands s300 turn10 ttft=9413.371ms hit=0.066109 e2e=19090.186ms
[ok] openhands s419 turn25 ttft=12345.631ms hit=0.055457 e2e=25134.018ms
[ok] openhands s301 turn11 ttft=11541.113ms hit=0.097541 e2e=19117.822ms
[ok] openhands s360 turn4 ttft=10421.175ms hit=0.079241 e2e=25317.088ms
[ok] openhands s63 turn11 ttft=10676.901ms hit=0.099316 e2e=19070.006ms
[ok] openhands s183 turn5 ttft=8047.171ms hit=0.073938 e2e=19127.017ms
[ok] request s525 turn3 ttft=24488.313ms hit=0.0 e2e=42177.623ms
[ok] openhands s3 turn6 ttft=9043.904ms hit=0.0 e2e=25343.259ms
[ok] request s338 turn4 ttft=24490.946ms hit=0.0 e2e=42180.272ms
[ok] openhands s122 turn4 ttft=14036.468ms hit=0.0 e2e=19091.824ms
[ok] request s408 turn3 ttft=23970.928ms hit=0.0 e2e=42184.529ms
[ok] request s505 turn3 ttft=24495.634ms hit=0.0 e2e=42187.465ms
[ok] request s209 turn5 ttft=24499.075ms hit=0.0 e2e=42190.599ms
[ok] request s332 turn3 ttft=23969.588ms hit=0.0 e2e=42183.545ms
[ok] openhands s0 turn4 ttft=15017.335ms hit=0.0 e2e=19936.841ms
[ok] openhands s359 turn12 ttft=17544.143ms hit=0.0 e2e=37847.709ms
[ok] openhands s241 turn25 ttft=18767.069ms hit=0.0 e2e=37816.225ms
[ok] request s293 turn3 ttft=21418.5ms hit=0.0 e2e=42316.185ms
[ok] request s524 turn4 ttft=21423.642ms hit=0.0 e2e=42322.671ms
[ok] request s463 turn3 ttft=21427.673ms hit=0.0 e2e=42326.379ms
[ok] openhands s62 turn9 ttft=13153.999ms hit=0.131576 e2e=27507.376ms
[ok] request s153 turn4 ttft=12608.713ms hit=0.0 e2e=26968.181ms
[ok] openhands s180 turn14 ttft=21678.363ms hit=0.0 e2e=42877.162ms
[ok] request s204 turn4 ttft=12607.563ms hit=0.0 e2e=26966.431ms
[ok] openhands s242 turn54 ttft=12485.729ms hit=0.029171 e2e=27814.746ms
[ok] request s497 turn4 ttft=21411.46ms hit=0.0 e2e=42612.267ms
[ok] openhands s475 turn4 ttft=21521.505ms hit=0.41911 e2e=42721.939ms
[ok] request s529 turn3 ttft=21418.402ms hit=0.0 e2e=42323.832ms
[ok] openhands s60 turn4 ttft=22432.246ms hit=0.093835 e2e=42001.937ms
[ok] request s165 turn5 ttft=21744.602ms hit=0.0 e2e=42328.575ms
[ok] request s486 turn3 ttft=21426.888ms hit=0.0 e2e=42332.675ms
[ok] openhands s300 turn11 ttft=11173.372ms hit=0.065876 e2e=23798.907ms
[ok] request s118 turn3 ttft=21434.629ms hit=0.0 e2e=42340.564ms
[ok] openhands s122 turn5 ttft=13549.348ms hit=0.050163 e2e=23742.961ms
[ok] openhands s419 turn26 ttft=17305.976ms hit=0.0 e2e=23794.972ms
[ok] openhands s183 turn6 ttft=15210.726ms hit=0.0 e2e=23766.218ms
[ok] openhands s63 turn12 ttft=18634.442ms hit=0.0 e2e=24700.368ms
[ok] openhands s3 turn7 ttft=20267.39ms hit=0.0 e2e=43309.142ms
[ok] openhands s301 turn12 ttft=21675.711ms hit=0.0 e2e=43504.702ms
[ok] openhands s360 turn5 ttft=23407.202ms hit=0.0 e2e=44850.584ms
[ok] request s338 turn5 ttft=22899.54ms hit=0.0 e2e=44343.448ms
[ok] request s525 turn4 ttft=22903.489ms hit=0.0 e2e=44347.019ms
[ok] openhands s122 turn6 ttft=9149.823ms hit=0.049818 e2e=24154.796ms
[ok] request s165 turn6 ttft=14429.773ms hit=0.0 e2e=23679.593ms
[ok] openhands s241 turn26 ttft=9859.774ms hit=0.092717 e2e=29172.162ms
[ok] openhands s300 turn12 ttft=14619.386ms hit=0.065502 e2e=24164.422ms
[ok] openhands s183 turn7 ttft=12874.117ms hit=0.064162 e2e=24148.674ms
[ok] request s204 turn5 ttft=14334.343ms hit=0.0 e2e=23587.942ms
[ok] request s463 turn4 ttft=14339.743ms hit=0.0 e2e=23594.663ms
[ok] openhands s62 turn10 ttft=10108.296ms hit=0.128796 e2e=24135.745ms
[ok] openhands s60 turn5 ttft=11165.146ms hit=0.092974 e2e=24175.479ms
[ok] request s486 turn4 ttft=14641.145ms hit=0.0 e2e=23584.205ms
[ok] request s118 turn4 ttft=14638.582ms hit=0.0 e2e=23582.496ms
[ok] request s497 turn5 ttft=14644.038ms hit=0.0 e2e=23587.042ms
[ok] openhands s0 turn5 ttft=24117.802ms hit=0.0 e2e=47151.35ms
[ok] openhands s359 turn13 ttft=8859.143ms hit=0.051302 e2e=29248.721ms
[ok] openhands s180 turn15 ttft=6982.906ms hit=0.055101 e2e=24185.32ms
[ok] openhands s475 turn5 ttft=14885.165ms hit=0.404307 e2e=24141.963ms
[ok] openhands s242 turn55 ttft=18802.916ms hit=0.029108 e2e=23507.282ms
[ok] openhands s63 turn13 ttft=19967.235ms hit=0.0 e2e=40290.26ms
[ok] openhands s3 turn8 ttft=2987.039ms hit=0.0 e2e=21815.538ms
[ok] openhands s301 turn13 ttft=3732.699ms hit=0.0 e2e=21401.982ms
[ok] openhands s359 turn14 ttft=4342.219ms hit=0.051066 e2e=17634.867ms
[ok] openhands s60 turn6 ttft=10862.338ms hit=0.092125 e2e=17644.187ms
[ok] openhands s62 turn11 ttft=7692.034ms hit=0.126261 e2e=17590.741ms
[ok] openhands s183 turn8 ttft=7102.747ms hit=0.059443 e2e=17660.654ms
[ok] openhands s475 turn6 ttft=16451.706ms hit=0.356591 e2e=17214.187ms
[ok] openhands s241 turn27 ttft=16613.34ms hit=0.090095 e2e=17602.283ms
[ok] openhands s0 turn6 ttft=5003.695ms hit=0.127617 e2e=17646.086ms
[ok] openhands s242 turn56 ttft=15674.699ms hit=0.028532 e2e=17626.107ms
[ok] request s165 turn7 ttft=16439.197ms hit=0.0 e2e=17084.972ms
[ok] openhands s360 turn6 ttft=4857.257ms hit=0.0 e2e=20635.997ms
[ok] request s204 turn6 ttft=16432.213ms hit=0.0 e2e=17079.005ms
[ok] openhands s122 turn7 ttft=2228.929ms hit=0.990015 e2e=17675.948ms
[ok] openhands s300 turn13 ttft=9826.195ms hit=0.057534 e2e=17634.966ms
[ok] request s525 turn5 ttft=4341.936ms hit=0.0 e2e=20119.328ms
[ok] request s497 turn6 ttft=16768.339ms hit=0.0 e2e=39402.919ms
[ok] request s463 turn5 ttft=16772.519ms hit=0.0 e2e=39407.921ms
[ok] request s118 turn5 ttft=16768.934ms hit=0.0 e2e=39405.489ms
[ok] request s118 turn6 ttft=2237.337ms hit=0.0 e2e=2406.864ms
[ok] openhands s183 turn9 ttft=17245.355ms hit=0.055608 e2e=25438.747ms
[ok] openhands s300 turn14 ttft=8070.62ms hit=0.057238 e2e=25428.237ms
[ok] openhands s62 turn12 ttft=13165.349ms hit=0.124157 e2e=25447.439ms
[ok] openhands s241 turn28 ttft=11069.241ms hit=0.088576 e2e=25379.062ms
[ok] openhands s360 turn7 ttft=9708.07ms hit=0.071324 e2e=25369.014ms
[ok] openhands s122 turn8 ttft=15249.908ms hit=0.049164 e2e=25425.476ms
[ok] openhands s475 turn7 ttft=8341.343ms hit=0.295271 e2e=25383.769ms
[ok] openhands s242 turn57 ttft=22107.496ms hit=0.0 e2e=25412.022ms
[ok] openhands s301 turn14 ttft=4561.6ms hit=0.08852 e2e=25745.026ms
[ok] openhands s63 turn14 ttft=2103.778ms hit=0.0 e2e=26033.628ms
[ok] openhands s3 turn9 ttft=3670.856ms hit=0.070626 e2e=25874.845ms
[ok] openhands s60 turn7 ttft=5997.639ms hit=0.067418 e2e=25459.461ms
[ok] openhands s0 turn7 ttft=12096.418ms hit=0.092677 e2e=25389.515ms
[ok] request s525 turn6 ttft=21680.422ms hit=0.0 e2e=24886.445ms
[ok] openhands s359 turn15 ttft=24117.872ms hit=0.0 e2e=24730.387ms
[ok] request s497 turn7 ttft=2239.892ms hit=0.0 e2e=2629.554ms
[ok] openhands s300 turn15 ttft=1328.783ms hit=0.970616 e2e=9064.928ms
[ok] openhands s62 turn13 ttft=1266.798ms hit=0.970323 e2e=8999.977ms
[ok] openhands s122 turn9 ttft=1345.149ms hit=0.989342 e2e=9084.723ms
[ok] openhands s360 turn8 ttft=1318.769ms hit=0.982848 e2e=9058.064ms
[ok] openhands s242 turn58 ttft=6489.363ms hit=0.0 e2e=9042.868ms
[ok] openhands s3 turn10 ttft=1270.71ms hit=0.893352 e2e=9012.018ms
[ok] openhands s0 turn8 ttft=1307.814ms hit=0.975333 e2e=9048.754ms
[ok] openhands s60 turn8 ttft=1354.628ms hit=0.985104 e2e=9019.46ms
[ok] openhands s359 turn16 ttft=8481.689ms hit=0.050071 e2e=8682.876ms
[ok] openhands s475 turn8 ttft=1397.756ms hit=0.961624 e2e=9063.63ms
[ok] openhands s183 turn10 ttft=1356.171ms hit=0.959184 e2e=9099.825ms
[ok] openhands s241 turn29 ttft=1257.227ms hit=0.939033 e2e=8997.71ms
[ok] request s525 turn7 ttft=8142.824ms hit=0.0 e2e=8484.491ms
[ok] openhands s300 turn16 ttft=6408.961ms hit=0.991117 e2e=6563.433ms
[ok] openhands s122 turn10 ttft=1342.826ms hit=0.994801 e2e=6586.948ms
[ok] openhands s62 turn14 ttft=1274.909ms hit=0.975486 e2e=6516.886ms
[ok] openhands s3 turn11 ttft=1266.581ms hit=0.886487 e2e=6512.824ms
[ok] openhands s60 turn9 ttft=1329.216ms hit=0.993578 e2e=6576.196ms
[ok] openhands s475 turn9 ttft=6358.276ms hit=0.966518 e2e=6535.829ms
[ok] openhands s360 turn9 ttft=1283.001ms hit=0.979808 e2e=6531.49ms
[ok] openhands s241 turn30 ttft=1312.385ms hit=0.987868 e2e=6560.569ms
[ok] openhands s0 turn9 ttft=6420.413ms hit=0.977006 e2e=6598.082ms
[ok] openhands s183 turn11 ttft=1305.183ms hit=0.981981 e2e=6550.173ms
[ok] openhands s359 turn17 ttft=1324.484ms hit=0.993408 e2e=6571.06ms
[ok] openhands s242 turn59 ttft=5645.963ms hit=0.026607 e2e=5992.98ms
[ok] openhands s475 turn10 ttft=1249.8ms hit=0.956688 e2e=2135.643ms
[ok] openhands s241 turn31 ttft=1232.334ms hit=0.976427 e2e=2117.117ms
[ok] openhands s359 turn18 ttft=1220.651ms hit=0.993473 e2e=2106.287ms
[ok] openhands s60 turn10 ttft=1210.392ms hit=0.923284 e2e=2099.445ms
[ok] openhands s0 turn10 ttft=1958.603ms hit=0.984802 e2e=2135.814ms
[ok] openhands s62 turn15 ttft=1202.959ms hit=0.989081 e2e=2093.017ms
[ok] openhands s360 turn10 ttft=1954.299ms hit=0.986501 e2e=2131.719ms
[ok] openhands s122 turn11 ttft=1264.511ms hit=0.993458 e2e=2156.208ms
[ok] openhands s183 turn12 ttft=1197.406ms hit=0.9909 e2e=2085.822ms
[ok] openhands s3 turn12 ttft=1761.84ms hit=0.855395 e2e=2836.314ms
[ok] openhands s242 turn60 ttft=1579.332ms hit=0.953458 e2e=2960.637ms
[ok] openhands s359 turn19 ttft=869.207ms hit=0.994323 e2e=1816.938ms
[ok] openhands s183 turn13 ttft=1197.076ms hit=0.987908 e2e=1744.14ms
[ok] openhands s122 turn12 ttft=869.142ms hit=0.992977 e2e=1811.223ms
[ok] openhands s62 turn16 ttft=886.877ms hit=0.988581 e2e=1829.777ms
[ok] openhands s241 turn32 ttft=986.307ms hit=0.978912 e2e=1536.449ms
[ok] openhands s360 turn11 ttft=844.377ms hit=0.985392 e2e=1796.677ms
[ok] openhands s3 turn13 ttft=498.172ms hit=0.920863 e2e=952.397ms
[ok] openhands s475 turn11 ttft=999.329ms hit=0.936528 e2e=1550.636ms
[ok] openhands s60 turn11 ttft=888.111ms hit=0.988801 e2e=1842.265ms
[ok] openhands s0 turn11 ttft=1283.018ms hit=0.975028 e2e=1835.983ms
[ok] openhands s242 turn61 ttft=634.784ms hit=0.98368 e2e=949.841ms
[ok] openhands s62 turn17 ttft=1296.918ms hit=0.983971 e2e=5971.524ms
[ok] openhands s360 turn12 ttft=5756.141ms hit=0.984197 e2e=5928.906ms
[ok] openhands s241 turn33 ttft=1215.122ms hit=0.979574 e2e=5891.502ms
[ok] openhands s359 turn20 ttft=1307.808ms hit=0.995899 e2e=5985.586ms
[ok] openhands s122 turn13 ttft=1295.504ms hit=0.967896 e2e=5993.467ms
[ok] openhands s242 turn62 ttft=5638.607ms hit=0.240923 e2e=5946.113ms
[ok] openhands s3 turn14 ttft=1274.502ms hit=0.932199 e2e=5978.154ms
[ok] openhands s0 turn12 ttft=1486.705ms hit=0.963341 e2e=5969.98ms
[ok] openhands s60 turn12 ttft=1266.866ms hit=0.931704 e2e=5965.147ms
[ok] openhands s183 turn14 ttft=1391.726ms hit=0.970492 e2e=5874.754ms
[ok] openhands s475 turn12 ttft=1205.559ms hit=0.853469 e2e=5909.491ms
[ok] openhands s360 turn13 ttft=1251.453ms hit=0.991177 e2e=1818.134ms
[ok] openhands s475 turn13 ttft=1208.0ms hit=0.981995 e2e=1772.668ms
[ok] openhands s183 turn15 ttft=1171.824ms hit=0.9934 e2e=1741.12ms
[ok] openhands s3 turn15 ttft=1192.084ms hit=0.996314 e2e=1762.131ms
[ok] openhands s241 turn34 ttft=1566.587ms hit=0.979725 e2e=1753.906ms
[ok] openhands s60 turn13 ttft=1234.565ms hit=0.974291 e2e=1806.106ms
[ok] openhands s0 turn13 ttft=1211.611ms hit=0.989641 e2e=1782.796ms
[ok] openhands s122 turn14 ttft=1231.093ms hit=0.984372 e2e=1799.436ms
[ok] openhands s359 turn21 ttft=1261.489ms hit=0.993094 e2e=1834.925ms
[ok] openhands s62 turn18 ttft=1203.023ms hit=0.948259 e2e=1772.53ms
[ok] openhands s242 turn63 ttft=842.856ms hit=0.959727 e2e=1185.831ms
[ok] openhands s359 turn22 ttft=1217.889ms hit=0.994468 e2e=1602.353ms
[ok] openhands s122 turn15 ttft=1209.455ms hit=0.991141 e2e=1591.916ms
[ok] openhands s60 turn14 ttft=1227.863ms hit=0.993538 e2e=1614.467ms
[ok] openhands s183 turn16 ttft=1192.113ms hit=0.970364 e2e=1579.476ms
[ok] openhands s360 turn14 ttft=1175.934ms hit=0.990352 e2e=1564.105ms
[ok] openhands s62 turn19 ttft=1366.816ms hit=0.948429 e2e=1552.76ms
[ok] openhands s3 turn16 ttft=1246.734ms hit=0.947528 e2e=1636.609ms
[ok] openhands s241 turn35 ttft=1240.485ms hit=0.988017 e2e=1627.642ms
[ok] openhands s242 turn64 ttft=1351.121ms hit=0.976747 e2e=2365.168ms
[ok] openhands s60 turn15 ttft=822.265ms hit=0.979781 e2e=1448.395ms
[ok] openhands s183 turn17 ttft=814.99ms hit=0.917325 e2e=1581.091ms
[ok] openhands s359 turn23 ttft=1040.618ms hit=0.987464 e2e=1510.868ms
[ok] openhands s360 turn15 ttft=1072.802ms hit=0.985346 e2e=1548.592ms
[ok] openhands s241 turn36 ttft=1060.938ms hit=0.982752 e2e=1536.317ms
[ok] openhands s62 turn20 ttft=794.207ms hit=0.979949 e2e=1559.277ms
[ok] openhands s3 turn17 ttft=1093.594ms hit=0.983872 e2e=1569.806ms
[ok] openhands s242 turn65 ttft=541.474ms hit=0.96885 e2e=2082.883ms
[ok] openhands s60 turn16 ttft=845.987ms hit=0.936184 e2e=1767.353ms
[ok] openhands s183 turn18 ttft=704.162ms hit=0.989595 e2e=1626.285ms
[ok] openhands s241 turn37 ttft=1121.687ms hit=0.786317 e2e=1442.538ms
[ok] openhands s359 turn24 ttft=760.666ms hit=0.99116 e2e=1584.765ms
[ok] openhands s62 turn21 ttft=949.237ms hit=0.958365 e2e=1572.176ms
[ok] openhands s360 turn16 ttft=674.217ms hit=0.990739 e2e=1597.917ms
[ok] openhands s3 turn18 ttft=689.816ms hit=0.99218 e2e=1614.275ms
[ok] openhands s242 turn66 ttft=1238.696ms hit=0.993825 e2e=1385.956ms
[ok] openhands s62 turn22 ttft=717.756ms hit=0.988795 e2e=1362.484ms
[ok] openhands s3 turn19 ttft=883.01ms hit=0.983359 e2e=1340.675ms
[ok] openhands s359 turn25 ttft=777.166ms hit=0.996296 e2e=1354.548ms
[ok] openhands s360 turn17 ttft=686.068ms hit=0.990385 e2e=1332.683ms
[ok] openhands s183 turn19 ttft=732.908ms hit=0.984756 e2e=1380.902ms
[ok] openhands s241 turn38 ttft=718.787ms hit=0.986708 e2e=1173.838ms
[ok] openhands s242 turn67 ttft=2364.045ms hit=0.996603 e2e=2510.794ms
[ok] openhands s183 turn20 ttft=821.019ms hit=0.98795 e2e=2258.301ms
[ok] openhands s359 turn26 ttft=713.672ms hit=0.989188 e2e=2172.883ms
[ok] openhands s360 turn18 ttft=782.042ms hit=0.990396 e2e=2242.16ms
[ok] openhands s62 turn23 ttft=809.352ms hit=0.983029 e2e=2270.265ms
[ok] openhands s241 turn39 ttft=1484.376ms hit=0.829915 e2e=2102.847ms
[ok] openhands s3 turn20 ttft=1845.089ms hit=0.83077 e2e=2124.06ms
[ok] openhands s183 turn21 ttft=1430.256ms hit=0.977724 e2e=1780.096ms
[ok] openhands s241 turn40 ttft=1444.253ms hit=0.992539 e2e=1794.989ms
[ok] openhands s242 turn68 ttft=1500.221ms hit=0.988724 e2e=1854.356ms
[ok] openhands s360 turn19 ttft=1413.078ms hit=0.958865 e2e=1766.153ms
[ok] openhands s359 turn27 ttft=1466.458ms hit=0.98289 e2e=1820.304ms
[ok] openhands s3 turn21 ttft=1584.424ms hit=0.99443 e2e=2344.281ms
[ok] openhands s360 turn20 ttft=525.291ms hit=0.992075 e2e=1118.5ms
[ok] openhands s241 turn41 ttft=628.595ms hit=0.989533 e2e=1094.618ms
[ok] openhands s183 turn22 ttft=526.217ms hit=0.994824 e2e=1137.774ms
[ok] openhands s359 turn28 ttft=536.357ms hit=0.993499 e2e=1003.293ms
[ok] openhands s242 turn69 ttft=496.962ms hit=0.997557 e2e=1472.531ms
[ok] openhands s360 turn21 ttft=647.194ms hit=0.921018 e2e=1262.049ms
[ok] openhands s3 turn22 ttft=1376.293ms hit=0.955973 e2e=1751.237ms
[ok] openhands s359 turn29 ttft=754.103ms hit=0.994643 e2e=1250.279ms
[ok] openhands s241 turn42 ttft=704.194ms hit=0.981896 e2e=1193.099ms
[ok] openhands s183 turn23 ttft=513.45ms hit=0.988036 e2e=1283.961ms
[ok] openhands s242 turn70 ttft=1233.786ms hit=0.976795 e2e=3873.713ms
[ok] openhands s360 turn22 ttft=897.807ms hit=0.988252 e2e=3563.548ms
[ok] openhands s241 turn43 ttft=3357.266ms hit=0.996498 e2e=3513.777ms
[ok] openhands s359 turn30 ttft=938.623ms hit=0.992786 e2e=3606.512ms
[ok] openhands s3 turn23 ttft=3498.009ms hit=0.974098 e2e=3980.513ms
[ok] openhands s60 turn17 ttft=3143.335ms hit=0.047974 e2e=3738.667ms
[ok] openhands s183 turn24 ttft=1115.401ms hit=0.983753 e2e=3999.441ms
[ok] openhands s360 turn23 ttft=385.326ms hit=0.952582 e2e=2681.678ms
[ok] openhands s359 turn31 ttft=403.693ms hit=0.993906 e2e=2700.945ms
[ok] openhands s60 turn18 ttft=799.226ms hit=0.978943 e2e=2315.795ms
[ok] openhands s183 turn25 ttft=1203.076ms hit=0.978189 e2e=2307.178ms
[ok] openhands s3 turn24 ttft=1984.618ms hit=0.73996 e2e=2270.417ms
[ok] openhands s241 turn44 ttft=1154.423ms hit=0.858557 e2e=2670.976ms
[ok] openhands s360 turn24 ttft=724.091ms hit=0.991679 e2e=992.259ms
[ok] openhands s359 turn32 ttft=757.837ms hit=0.993624 e2e=1029.726ms
[ok] openhands s183 turn26 ttft=740.014ms hit=0.987609 e2e=1024.297ms
[ok] openhands s3 turn25 ttft=936.924ms hit=0.98277 e2e=1434.482ms
[ok] openhands s241 turn45 ttft=763.458ms hit=0.994843 e2e=1355.126ms
[ok] openhands s360 turn25 ttft=806.48ms hit=0.948202 e2e=1120.767ms
[ok] openhands s359 turn33 ttft=949.019ms hit=0.993053 e2e=1106.815ms
[ok] openhands s183 turn27 ttft=455.208ms hit=0.995493 e2e=1140.674ms
[ok] openhands s3 turn26 ttft=385.307ms hit=0.994309 e2e=1003.382ms
[ok] openhands s241 turn46 ttft=524.852ms hit=0.991843 e2e=991.111ms
[ok] openhands s360 turn26 ttft=671.926ms hit=0.978778 e2e=1129.088ms
[ok] openhands s183 turn28 ttft=800.048ms hit=0.987019 e2e=1259.998ms
[ok] openhands s241 turn47 ttft=785.273ms hit=0.952179 e2e=1134.154ms
[ok] openhands s3 turn27 ttft=499.458ms hit=0.960679 e2e=1150.707ms
[ok] openhands s359 turn34 ttft=594.194ms hit=0.983995 e2e=933.394ms
[ok] openhands s183 turn29 ttft=2232.407ms hit=0.994838 e2e=2385.66ms
[ok] openhands s359 turn35 ttft=682.648ms hit=0.944216 e2e=2393.936ms
[ok] openhands s360 turn27 ttft=2009.962ms hit=0.988851 e2e=2313.979ms
[ok] openhands s3 turn28 ttft=1958.473ms hit=0.848759 e2e=2344.261ms
[ok] openhands s241 turn48 ttft=1726.327ms hit=0.950159 e2e=2111.632ms
[ok] openhands s183 turn30 ttft=369.157ms hit=0.990861 e2e=847.566ms
[ok] openhands s360 turn28 ttft=498.442ms hit=0.991436 e2e=638.132ms
[ok] openhands s241 turn49 ttft=311.238ms hit=0.996386 e2e=882.487ms
[ok] openhands s183 turn31 ttft=440.939ms hit=0.97554 e2e=948.56ms
[ok] openhands s360 turn29 ttft=772.419ms hit=0.954209 e2e=911.689ms
[ok] openhands s359 turn36 ttft=505.308ms hit=0.996322 e2e=849.888ms
[ok] openhands s241 turn50 ttft=312.824ms hit=0.994498 e2e=983.903ms
[ok] openhands s183 turn32 ttft=977.629ms hit=0.989545 e2e=3636.001ms
[ok] openhands s359 turn37 ttft=443.054ms hit=0.993607 e2e=3641.1ms
[ok] openhands s360 turn30 ttft=3453.587ms hit=0.99402 e2e=3606.057ms
[ok] openhands s241 turn51 ttft=3148.941ms hit=0.975694 e2e=3636.51ms
[ok] openhands s60 turn19 ttft=3007.663ms hit=0.044556 e2e=3607.86ms
[ok] openhands s183 turn33 ttft=6791.41ms hit=0.992361 e2e=6925.839ms
[ok] openhands s359 turn38 ttft=439.465ms hit=0.994733 e2e=6933.1ms
[ok] openhands s360 turn31 ttft=760.712ms hit=0.967839 e2e=6913.363ms
[ok] openhands s241 turn52 ttft=3726.276ms hit=0.038049 e2e=6930.388ms
[ok] openhands s60 turn20 ttft=6223.285ms hit=0.044435 e2e=6913.319ms
[ok] openhands s183 turn34 ttft=460.666ms hit=0.993635 e2e=1065.024ms
[ok] openhands s359 turn39 ttft=415.502ms hit=0.996018 e2e=1027.683ms
[ok] openhands s360 turn32 ttft=876.486ms hit=0.993643 e2e=1044.641ms
[ok] openhands s60 turn21 ttft=528.347ms hit=0.979551 e2e=956.41ms
[ok] openhands s241 turn53 ttft=380.739ms hit=0.996968 e2e=886.462ms
[ok] openhands s183 turn35 ttft=613.234ms hit=0.991942 e2e=803.891ms
[ok] openhands s360 turn33 ttft=557.47ms hit=0.971577 e2e=778.619ms
[ok] openhands s241 turn54 ttft=308.685ms hit=0.998158 e2e=858.425ms
[ok] openhands s183 turn36 ttft=3604.327ms hit=0.989255 e2e=3728.884ms
[ok] openhands s360 turn34 ttft=710.086ms hit=0.936667 e2e=3898.68ms
[ok] openhands s359 turn40 ttft=3418.114ms hit=0.04241 e2e=3835.157ms
[ok] openhands s241 turn55 ttft=3140.654ms hit=0.989395 e2e=3458.238ms
[ok] openhands s183 turn37 ttft=708.143ms hit=0.99414 e2e=831.906ms
[ok] openhands s360 turn35 ttft=328.91ms hit=0.983859 e2e=681.929ms
[ok] openhands s241 turn56 ttft=449.937ms hit=0.997212 e2e=721.644ms
[ok] openhands s183 turn38 ttft=364.394ms hit=0.992712 e2e=689.26ms
[ok] openhands s241 turn57 ttft=401.356ms hit=0.99477 e2e=805.03ms
[ok] openhands s183 turn39 ttft=478.438ms hit=0.97533 e2e=696.122ms
[ok] openhands s241 turn58 ttft=334.922ms hit=0.992314 e2e=656.006ms
[ok] openhands s183 turn40 ttft=427.706ms hit=0.994912 e2e=823.971ms
[ok] openhands s241 turn59 ttft=415.682ms hit=0.953856 e2e=826.266ms
[ok] openhands s183 turn41 ttft=413.778ms hit=0.977138 e2e=708.759ms
[ok] openhands s241 turn60 ttft=331.518ms hit=0.98926 e2e=699.351ms
[ok] openhands s183 turn42 ttft=558.334ms hit=0.992042 e2e=695.88ms
[ok] openhands s241 turn61 ttft=328.885ms hit=0.982938 e2e=750.819ms
[ok] openhands s183 turn43 ttft=407.674ms hit=0.977908 e2e=702.126ms
[ok] openhands s241 turn62 ttft=332.51ms hit=0.996048 e2e=710.652ms
[ok] openhands s183 turn44 ttft=359.596ms hit=0.990454 e2e=698.528ms
[ok] openhands s60 turn22 ttft=3912.714ms hit=0.040894 e2e=7178.938ms
[ok] openhands s183 turn45 ttft=5914.674ms hit=0.035425 e2e=6168.469ms
[ok] openhands s359 turn41 ttft=668.074ms hit=0.903276 e2e=7211.44ms
[ok] openhands s60 turn23 ttft=309.851ms hit=0.988658 e2e=796.689ms
[ok] openhands s359 turn42 ttft=414.446ms hit=0.996407 e2e=775.546ms
[ok] openhands s183 turn46 ttft=519.811ms hit=0.953846 e2e=3656.743ms
[ok] openhands s359 turn43 ttft=3128.818ms hit=0.04198 e2e=3377.842ms
[ok] openhands s60 turn24 ttft=510.192ms hit=0.991782 e2e=3449.816ms
[ok] openhands s60 turn25 ttft=594.905ms hit=0.985722 e2e=789.613ms
[ok] openhands s183 turn47 ttft=553.446ms hit=0.961499 e2e=916.599ms
[ok] openhands s359 turn44 ttft=286.756ms hit=0.997131 e2e=653.631ms
[ok] openhands s183 turn48 ttft=349.525ms hit=0.99701 e2e=712.253ms
[ok] openhands s359 turn45 ttft=281.541ms hit=0.995074 e2e=582.186ms
[ok] openhands s183 turn49 ttft=567.489ms hit=0.997919 e2e=705.581ms
[ok] openhands s359 turn46 ttft=281.947ms hit=0.99124 e2e=706.708ms
[ok] openhands s183 turn50 ttft=573.854ms hit=0.995392 e2e=710.241ms
[ok] openhands s359 turn47 ttft=296.694ms hit=0.99328 e2e=712.785ms
[ok] openhands s183 turn51 ttft=395.987ms hit=0.987256 e2e=708.602ms
[ok] openhands s359 turn48 ttft=290.294ms hit=0.994494 e2e=712.891ms
[ok] openhands s183 turn52 ttft=393.225ms hit=0.976986 e2e=732.671ms
[ok] openhands s359 turn49 ttft=296.48ms hit=0.99608 e2e=539.384ms
[ok] openhands s359 turn50 ttft=551.331ms hit=0.997702 e2e=688.081ms
[ok] openhands s183 turn53 ttft=511.944ms hit=0.979168 e2e=836.946ms
[ok] openhands s359 turn51 ttft=397.74ms hit=0.995675 e2e=648.712ms
[ok] openhands s183 turn54 ttft=365.844ms hit=0.993472 e2e=652.394ms
[ok] openhands s359 turn52 ttft=286.94ms hit=0.986082 e2e=535.399ms
[ok] openhands s359 turn53 ttft=313.073ms hit=0.988052 e2e=656.286ms
[ok] openhands s183 turn55 ttft=364.869ms hit=0.995088 e2e=615.558ms
[ok] openhands s183 turn56 ttft=365.974ms hit=0.987392 e2e=743.425ms
[ok] openhands s359 turn54 ttft=309.366ms hit=0.992542 e2e=600.307ms
[ok] openhands s183 turn57 ttft=645.129ms hit=0.993502 e2e=782.312ms
[ok] openhands s359 turn55 ttft=313.309ms hit=0.995801 e2e=735.293ms
[ok] openhands s183 turn58 ttft=1014.972ms hit=0.996318 e2e=1152.306ms
[ok] openhands s359 turn56 ttft=737.654ms hit=0.888811 e2e=1184.608ms
[ok] openhands s183 turn59 ttft=640.791ms hit=0.972808 e2e=777.317ms
[ok] openhands s359 turn57 ttft=312.758ms hit=0.992976 e2e=566.522ms
[ok] openhands s183 turn60 ttft=764.415ms hit=0.991484 e2e=4029.314ms
[ok] openhands s359 turn58 ttft=3892.229ms hit=0.996294 e2e=4031.451ms
[ok] openhands s60 turn26 ttft=3825.798ms hit=0.037291 e2e=4446.054ms
[ok] openhands s359 turn59 ttft=641.142ms hit=0.995015 e2e=878.396ms
[ok] openhands s183 turn61 ttft=618.704ms hit=0.988407 e2e=1050.945ms
[ok] openhands s60 turn27 ttft=356.527ms hit=0.968686 e2e=626.381ms
[ok] openhands s359 turn60 ttft=641.298ms hit=0.996121 e2e=892.441ms
[ok] openhands s183 turn62 ttft=591.849ms hit=0.995857 e2e=845.589ms
[ok] openhands s60 turn28 ttft=566.682ms hit=0.978369 e2e=816.007ms
[ok] openhands s60 turn29 ttft=591.843ms hit=0.992796 e2e=720.735ms
[ok] openhands s183 turn63 ttft=560.669ms hit=0.99478 e2e=922.802ms
[ok] openhands s359 turn61 ttft=496.097ms hit=0.994607 e2e=685.472ms
[ok] openhands s183 turn64 ttft=384.529ms hit=0.986384 e2e=632.142ms
[ok] openhands s183 turn65 ttft=381.304ms hit=0.995141 e2e=667.464ms
[ok] openhands s359 turn62 ttft=469.481ms hit=0.98115 e2e=705.963ms
[ok] openhands s183 turn66 ttft=409.009ms hit=0.981102 e2e=701.131ms
[ok] openhands s359 turn63 ttft=476.168ms hit=0.973555 e2e=726.361ms
[ok] openhands s183 turn67 ttft=412.421ms hit=0.996917 e2e=724.217ms
[ok] openhands s359 turn64 ttft=327.967ms hit=0.994186 e2e=579.626ms
[done] issued=2000 ok=2000 err=0 wall=613.1s
[done] /share/dai-sys/zhoulongsheng/agentkv/experiments/nn_exp/async_exp/online_runs/20260912_sync_fill_v1/sync_fill/replay/replay.jsonl
[done] /share/dai-sys/zhoulongsheng/agentkv/experiments/nn_exp/async_exp/online_runs/20260912_sync_fill_v1/sync_fill/replay/summary.json
[done] /share/dai-sys/zhoulongsheng/agentkv/experiments/nn_exp/async_exp/online_runs/20260912_sync_fill_v1/sync_fill/replay/report.md
