[warn] no manifest.json, skip hash check
[index] 572 sessions / 1970 turns from /share/dai-sys/zhoulongsheng/agentkv/experiments/evict_position/workload/workload.jsonl
[arrival] {"type": "waves", "horizon_s": 300.0, "n_waves": 9, "wave_width_s": 20.0, "wave_start_s": [0.0, 37.5, 75.0, 112.5, 150.0, 187.5, 225.0, 262.5, 280.0], "wave_class_counts": [{"openhands": 4, "request": 60}, {"openhands": 4, "request": 60}, {"openhands": 4, "request": 60}, {"openhands": 4, "request": 60}, {"openhands": 4, "request": 60}, {"openhands": 4, "request": 60}, {"openhands": 3, "request": 60}, {"openhands": 3, "request": 60}, {"openhands": 3, "request": 59}], "arrival_seed": 42, "classes": ["openhands", "request"]}
[ok] request s309 turn0 ttft=1520.399ms hit=0.0 e2e=7520.267ms
[ok] request s400 turn0 ttft=1816.723ms hit=0.0 e2e=10740.799ms
[ok] openhands s195 turn0 ttft=1113.258ms hit=0.224097 e2e=7250.439ms
[ok] request s206 turn0 ttft=2452.389ms hit=0.0 e2e=11377.456ms
[ok] request s113 turn0 ttft=2154.379ms hit=0.0 e2e=8520.248ms
[ok] request s100 turn0 ttft=865.509ms hit=0.0 e2e=9796.5ms
[ok] request s281 turn0 ttft=1501.319ms hit=0.0 e2e=10432.015ms
[ok] request s191 turn0 ttft=2835.572ms hit=0.0 e2e=11765.935ms
[ok] request s9 turn0 ttft=2189.888ms hit=0.0 e2e=8845.309ms
[ok] openhands s448 turn0 ttft=3403.953ms hit=0.0 e2e=12334.265ms
[ok] request s143 turn0 ttft=1185.9ms hit=0.0 e2e=10115.988ms
[ok] request s124 turn0 ttft=654.61ms hit=0.0 e2e=9481.151ms
[ok] request s144 turn0 ttft=2773.78ms hit=0.0 e2e=11703.852ms
[ok] request s507 turn0 ttft=1836.601ms hit=0.0 e2e=8211.506ms
[ok] request s362 turn0 ttft=1203.205ms hit=0.0 e2e=7577.326ms
[ok] request s565 turn0 ttft=2310.282ms hit=0.0 e2e=9164.249ms
[ok] request s547 turn0 ttft=2138.712ms hit=0.0 e2e=11069.513ms
[ok] request s495 turn0 ttft=4079.619ms hit=0.0 e2e=5045.282ms
[ok] request s182 turn0 ttft=4715.175ms hit=0.0 e2e=5680.622ms
[ok] request s233 turn0 ttft=2493.484ms hit=0.0 e2e=3458.765ms
[ok] request s223 turn0 ttft=3763.432ms hit=0.0 e2e=4728.607ms
[ok] request s522 turn0 ttft=3256.254ms hit=0.0 e2e=6634.084ms
[ok] request s521 turn0 ttft=4935.753ms hit=0.0 e2e=6316.966ms
[ok] request s397 turn0 ttft=2349.292ms hit=0.0 e2e=3141.264ms
[ok] request s80 turn0 ttft=4398.811ms hit=0.0 e2e=5365.089ms
[ok] request s228 turn0 ttft=3446.623ms hit=0.0 e2e=4412.851ms
[ok] request s180 turn0 ttft=3130.276ms hit=0.0 e2e=4096.453ms
[ok] request s160 turn0 ttft=2032.161ms hit=0.0 e2e=2826.943ms
[ok] openhands s512 turn0 ttft=1519.813ms hit=0.225208 e2e=2192.081ms
[ok] request s401 turn0 ttft=795.861ms hit=0.0 e2e=6954.278ms
[ok] request s44 turn0 ttft=5035.089ms hit=0.0 e2e=6002.66ms
[ok] request s288 turn0 ttft=2814.755ms hit=0.0 e2e=3780.892ms
[ok] request s158 turn0 ttft=1715.5ms hit=0.0 e2e=2512.146ms
[ok] request s340 turn0 ttft=1202.054ms hit=0.0 e2e=1882.537ms
[ok] request s326 turn0 ttft=567.774ms hit=0.0 e2e=1247.873ms
[ok] request s222 turn0 ttft=259.467ms hit=0.0 e2e=931.381ms
[ok] request s30 turn0 ttft=884.512ms hit=0.0 e2e=1567.306ms
[ok] request s54 turn0 ttft=143.313ms hit=0.0 e2e=735.499ms
[ok] request s75 turn0 ttft=138.029ms hit=0.0 e2e=7956.894ms
[ok] request s557 turn0 ttft=407.708ms hit=0.0 e2e=7869.602ms
[ok] request s501 turn0 ttft=212.804ms hit=0.0 e2e=7710.52ms
[ok] openhands s512 turn1 ttft=401.647ms hit=0.948954 e2e=8023.949ms
[ok] openhands s448 turn1 ttft=427.898ms hit=0.954386 e2e=8052.937ms
[ok] openhands s195 turn1 ttft=314.987ms hit=0.988028 e2e=8058.294ms
[ok] request s309 turn1 ttft=335.553ms hit=0.0 e2e=7847.506ms
[ok] request s340 turn1 ttft=2281.519ms hit=0.0 e2e=7600.853ms
[ok] request s247 turn0 ttft=2226.409ms hit=0.0 e2e=7547.752ms
[ok] request s223 turn1 ttft=2293.678ms hit=0.0 e2e=7614.791ms
[ok] request s144 turn1 ttft=2303.649ms hit=0.0 e2e=7624.442ms
[ok] request s400 turn1 ttft=274.088ms hit=0.0 e2e=7635.441ms
[ok] request s565 turn1 ttft=2302.154ms hit=0.0 e2e=7622.309ms
[ok] request s44 turn1 ttft=2287.343ms hit=0.0 e2e=7612.807ms
[ok] request s113 turn1 ttft=2314.277ms hit=0.0 e2e=7638.566ms
[ok] request s160 turn1 ttft=2289.539ms hit=0.0 e2e=7614.637ms
[ok] request s54 turn1 ttft=2280.296ms hit=0.0 e2e=7485.118ms
[ok] request s547 turn1 ttft=2302.22ms hit=0.0 e2e=7627.078ms
[ok] request s80 turn1 ttft=2293.499ms hit=0.0 e2e=7618.23ms
[ok] request s180 turn1 ttft=2292.805ms hit=0.0 e2e=7617.381ms
[ok] request s522 turn1 ttft=2297.062ms hit=0.0 e2e=7621.534ms
[ok] request s521 turn1 ttft=2296.304ms hit=0.268625 e2e=7620.683ms
[ok] request s362 turn1 ttft=2307.305ms hit=0.450308 e2e=7631.626ms
[ok] request s491 turn0 ttft=2208.098ms hit=0.0 e2e=7248.766ms
[ok] request s474 turn0 ttft=621.088ms hit=0.0 e2e=5661.725ms
[ok] request s29 turn0 ttft=3216.762ms hit=0.0 e2e=4075.119ms
[ok] request s360 turn0 ttft=1891.582ms hit=0.0 e2e=6932.613ms
[ok] request s550 turn0 ttft=2582.297ms hit=0.0 e2e=3441.044ms
[ok] request s178 turn0 ttft=1753.102ms hit=0.0 e2e=2488.584ms
[ok] openhands s449 turn0 ttft=4354.557ms hit=0.224884 e2e=5346.531ms
[ok] request s135 turn0 ttft=1574.132ms hit=0.0 e2e=6616.634ms
[ok] request s329 turn0 ttft=1256.929ms hit=0.0 e2e=6299.466ms
[ok] request s186 turn0 ttft=4170.623ms hit=0.0 e2e=5031.231ms
[ok] request s37 turn0 ttft=3536.002ms hit=0.0 e2e=4396.615ms
[ok] request s493 turn0 ttft=2266.46ms hit=0.0 e2e=3127.098ms
[ok] request s173 turn0 ttft=2072.941ms hit=0.0 e2e=2810.167ms
[ok] request s318 turn0 ttft=2902.066ms hit=0.0 e2e=3763.362ms
[ok] request s418 turn0 ttft=940.966ms hit=0.0 e2e=5986.175ms
[ok] request s455 turn0 ttft=3855.089ms hit=0.0 e2e=4717.068ms
[ok] request s354 turn0 ttft=1117.73ms hit=0.0 e2e=1859.869ms
[ok] request s91 turn0 ttft=801.955ms hit=0.0 e2e=1543.7ms
[ok] request s89 turn0 ttft=484.716ms hit=0.0 e2e=1226.619ms
[ok] request s413 turn0 ttft=240.975ms hit=0.0 e2e=910.317ms
[ok] request s252 turn0 ttft=1437.654ms hit=0.0 e2e=2180.383ms
[ok] request s102 turn0 ttft=157.593ms hit=0.0 e2e=3607.098ms
[ok] request s354 turn1 ttft=2331.787ms hit=0.469509 e2e=2531.403ms
[ok] request s29 turn1 ttft=2353.399ms hit=0.0 e2e=3011.232ms
[ok] openhands s449 turn1 ttft=2684.427ms hit=0.923146 e2e=3344.024ms
[ok] request s113 turn2 ttft=2105.223ms hit=0.422442 e2e=2764.714ms
[ok] request s340 turn2 ttft=2116.118ms hit=0.0 e2e=2775.575ms
[ok] request s501 turn1 ttft=2269.589ms hit=0.0 e2e=2929.01ms
[ok] openhands s512 turn2 ttft=2849.467ms hit=0.974496 e2e=3513.626ms
[ok] request s547 turn2 ttft=2105.444ms hit=0.596737 e2e=2769.662ms
[ok] openhands s195 turn2 ttft=2581.238ms hit=0.944934 e2e=3526.915ms
[ok] request s309 turn2 ttft=2265.26ms hit=0.0 e2e=2930.076ms
[ok] request s247 turn1 ttft=2116.365ms hit=0.0 e2e=2781.227ms
[ok] openhands s448 turn2 ttft=2861.09ms hit=0.905137 e2e=3526.035ms
[ok] request s44 turn2 ttft=2111.576ms hit=0.348774 e2e=2776.598ms
[ok] request s173 turn1 ttft=2334.66ms hit=0.0 e2e=2754.454ms
[ok] request s413 turn1 ttft=2331.165ms hit=0.0 e2e=2750.539ms
[ok] request s223 turn2 ttft=2116.58ms hit=0.52459 e2e=2782.632ms
[ok] request s455 turn1 ttft=2472.876ms hit=0.0 e2e=3138.997ms
[ok] request s180 turn2 ttft=2373.487ms hit=0.358042 e2e=2777.475ms
[ok] request s329 turn1 ttft=2334.687ms hit=0.0 e2e=2763.958ms
[ok] request s550 turn1 ttft=2339.191ms hit=0.286353 e2e=2768.579ms
[ok] request s400 turn2 ttft=2382.994ms hit=0.0 e2e=2787.987ms
[ok] request s491 turn1 ttft=2342.33ms hit=0.0 e2e=2772.585ms
[ok] request s252 turn1 ttft=2327.828ms hit=0.0 e2e=2758.287ms
[ok] request s178 turn1 ttft=2362.348ms hit=0.0 e2e=2769.928ms
[ok] request s521 turn2 ttft=2350.195ms hit=0.507937 e2e=2780.641ms
[ok] request s362 turn2 ttft=2348.848ms hit=0.288045 e2e=2779.05ms
[ok] openhands s512 turn3 ttft=433.7ms hit=0.940024 e2e=3225.76ms
[ok] openhands s449 turn2 ttft=321.426ms hit=0.983306 e2e=3236.628ms
[ok] openhands s195 turn3 ttft=440.23ms hit=0.971935 e2e=3233.673ms
[ok] request s354 turn2 ttft=199.107ms hit=0.914286 e2e=2869.591ms
[ok] openhands s448 turn3 ttft=552.625ms hit=0.968874 e2e=3243.677ms
[ok] request s113 turn3 ttft=313.727ms hit=0.485999 e2e=2858.652ms
[ok] request s400 turn3 ttft=2304.627ms hit=0.392037 e2e=2830.393ms
[ok] request s44 turn3 ttft=2319.399ms hit=0.363121 e2e=2844.799ms
[ok] request s247 turn2 ttft=2321.685ms hit=0.0 e2e=2846.818ms
[ok] request s501 turn2 ttft=309.383ms hit=0.0 e2e=2854.985ms
[ok] request s491 turn2 ttft=2303.666ms hit=0.350205 e2e=2834.936ms
[ok] request s413 turn2 ttft=2333.841ms hit=0.328838 e2e=2847.702ms
[ok] request s547 turn3 ttft=2327.873ms hit=0.740741 e2e=2859.398ms
[ok] request s521 turn3 ttft=2318.574ms hit=0.587965 e2e=2832.619ms
[ok] request s180 turn3 ttft=2309.467ms hit=0.593968 e2e=2841.159ms
[ok] request s223 turn3 ttft=2315.739ms hit=0.320401 e2e=2847.267ms
[ok] request s178 turn2 ttft=2303.933ms hit=0.0 e2e=2835.293ms
[ok] request s455 turn2 ttft=2314.83ms hit=0.0 e2e=2845.994ms
[ok] request s173 turn2 ttft=2321.455ms hit=0.466586 e2e=2852.542ms
[ok] request s309 turn3 ttft=2341.884ms hit=0.51927 e2e=2859.026ms
[ok] request s340 turn3 ttft=2336.064ms hit=0.0 e2e=2867.396ms
[ok] openhands s195 turn4 ttft=587.898ms hit=0.977171 e2e=3208.927ms
[ok] openhands s449 turn3 ttft=336.465ms hit=0.946495 e2e=3213.67ms
[ok] openhands s448 turn4 ttft=577.6ms hit=0.71081 e2e=3199.805ms
[ok] openhands s512 turn4 ttft=487.136ms hit=0.910372 e2e=3090.566ms
[ok] request s44 turn4 ttft=2116.194ms hit=0.730177 e2e=2439.917ms
[ok] request s413 turn3 ttft=2107.863ms hit=0.619605 e2e=2431.302ms
[ok] request s521 turn4 ttft=2106.437ms hit=0.745541 e2e=2429.551ms
[ok] request s247 turn3 ttft=2115.533ms hit=0.395062 e2e=2438.404ms
[ok] request s173 turn3 ttft=2103.416ms hit=0.659227 e2e=2426.054ms
[ok] request s501 turn3 ttft=2114.769ms hit=0.0 e2e=2437.184ms
[ok] request s178 turn3 ttft=2106.347ms hit=0.776935 e2e=2428.612ms
[ok] request s309 turn4 ttft=2103.261ms hit=0.609524 e2e=2425.173ms
[ok] request s491 turn3 ttft=2113.289ms hit=0.473198 e2e=2434.979ms
[ok] request s354 turn3 ttft=2215.537ms hit=0.823813 e2e=2643.168ms
[ok] openhands s448 turn5 ttft=790.395ms hit=0.98594 e2e=1794.7ms
[ok] openhands s195 turn5 ttft=784.274ms hit=0.984973 e2e=1789.765ms
[ok] openhands s449 turn4 ttft=794.429ms hit=0.485852 e2e=1801.852ms
[ok] openhands s512 turn5 ttft=775.654ms hit=0.984102 e2e=1782.286ms
[ok] request s173 turn4 ttft=617.775ms hit=0.0 e2e=1179.222ms
[ok] request s178 turn4 ttft=867.153ms hit=0.0 e2e=1175.61ms
[ok] request s501 turn4 ttft=616.85ms hit=0.0 e2e=1177.823ms
[ok] request s521 turn5 ttft=877.492ms hit=0.0 e2e=1187.629ms
[ok] request s247 turn4 ttft=872.708ms hit=0.0 e2e=1182.545ms
[ok] request s354 turn4 ttft=867.912ms hit=0.0 e2e=1174.918ms
[ok] request s44 turn5 ttft=629.544ms hit=0.0 e2e=1192.249ms
[ok] openhands s448 turn6 ttft=2154.907ms hit=0.910608 e2e=2563.099ms
[ok] openhands s195 turn6 ttft=1735.362ms hit=0.842367 e2e=1982.7ms
[ok] openhands s449 turn5 ttft=2289.379ms hit=0.992861 e2e=2548.785ms
[ok] openhands s512 turn6 ttft=2297.309ms hit=0.842951 e2e=2556.391ms
[ok] openhands s448 turn7 ttft=355.317ms hit=0.934232 e2e=640.969ms
[ok] openhands s512 turn7 ttft=293.872ms hit=0.942959 e2e=537.826ms
[ok] openhands s449 turn6 ttft=392.317ms hit=0.927715 e2e=636.334ms
[ok] openhands s512 turn8 ttft=327.653ms hit=0.977351 e2e=725.862ms
[ok] openhands s448 turn8 ttft=486.529ms hit=0.949404 e2e=732.819ms
[ok] openhands s449 turn7 ttft=469.133ms hit=0.916477 e2e=721.63ms
[ok] request s82 turn0 ttft=592.049ms hit=0.0 e2e=816.846ms
[ok] request s377 turn0 ttft=282.295ms hit=0.0 e2e=794.712ms
[ok] openhands s66 turn0 ttft=1543.342ms hit=0.0 e2e=2065.093ms
[ok] openhands s449 turn8 ttft=2224.515ms hit=0.978996 e2e=3395.123ms
[ok] request s104 turn0 ttft=908.468ms hit=0.0 e2e=1431.121ms
[ok] openhands s512 turn9 ttft=326.987ms hit=0.97225 e2e=3409.328ms
[ok] request s555 turn0 ttft=1227.39ms hit=0.0 e2e=1750.364ms
[ok] openhands s448 turn9 ttft=2404.727ms hit=0.970196 e2e=3403.921ms
[ok] request s26 turn0 ttft=135.232ms hit=0.0 e2e=738.803ms
[ok] request s98 turn0 ttft=360.236ms hit=0.0 e2e=792.695ms
[ok] request s505 turn0 ttft=137.351ms hit=0.0 e2e=1533.026ms
[ok] openhands s512 turn10 ttft=572.166ms hit=0.936882 e2e=1510.175ms
[ok] request s387 turn0 ttft=289.666ms hit=0.0 e2e=857.461ms
[ok] openhands s66 turn1 ttft=470.183ms hit=0.963311 e2e=1635.589ms
[ok] openhands s195 turn7 ttft=438.592ms hit=0.795423 e2e=1381.495ms
[ok] openhands s448 turn10 ttft=342.001ms hit=0.970425 e2e=1647.202ms
[ok] request s198 turn0 ttft=552.44ms hit=0.0 e2e=1494.761ms
[ok] openhands s449 turn9 ttft=426.177ms hit=0.989757 e2e=1595.787ms
[ok] request s377 turn1 ttft=356.239ms hit=0.0 e2e=1054.073ms
[ok] request s26 turn1 ttft=226.573ms hit=0.0 e2e=791.389ms
[ok] request s96 turn0 ttft=148.639ms hit=0.0 e2e=880.543ms
[ok] request s330 turn0 ttft=150.727ms hit=0.0 e2e=4345.268ms
[ok] request s203 turn0 ttft=1545.693ms hit=0.0 e2e=1805.171ms
[ok] request s387 turn1 ttft=2563.079ms hit=0.0 e2e=3845.178ms
[ok] request s256 turn0 ttft=332.595ms hit=0.0 e2e=4049.387ms
[ok] request s311 turn0 ttft=1860.853ms hit=0.0 e2e=2464.137ms
[ok] request s357 turn0 ttft=2178.29ms hit=0.0 e2e=2781.249ms
[ok] openhands s66 turn2 ttft=592.896ms hit=0.971274 e2e=4440.735ms
[ok] request s198 turn1 ttft=2559.114ms hit=0.0 e2e=3859.78ms
[ok] request s485 turn0 ttft=1227.171ms hit=0.0 e2e=1830.212ms
[ok] openhands s448 turn11 ttft=455.562ms hit=0.972536 e2e=4460.34ms
[ok] request s108 turn0 ttft=521.035ms hit=0.0 e2e=4375.283ms
[ok] openhands s195 turn8 ttft=336.554ms hit=0.985191 e2e=4465.322ms
[ok] request s509 turn0 ttft=2581.352ms hit=0.0 e2e=3423.013ms
[ok] request s450 turn0 ttft=909.868ms hit=0.0 e2e=1518.573ms
[ok] openhands s512 turn11 ttft=599.787ms hit=0.914804 e2e=4453.984ms
[ok] openhands s449 turn10 ttft=667.198ms hit=0.990003 e2e=4393.398ms
[ok] request s562 turn0 ttft=2612.09ms hit=0.0 e2e=3741.533ms
[ok] request s564 turn0 ttft=593.039ms hit=0.0 e2e=1202.361ms
[ok] openhands s260 turn0 ttft=2498.648ms hit=0.0 e2e=3107.251ms
[ok] request s551 turn0 ttft=278.274ms hit=0.0 e2e=884.957ms
[ok] request s349 turn0 ttft=136.374ms hit=0.0 e2e=595.59ms
[ok] request s199 turn0 ttft=140.49ms hit=0.0 e2e=1244.27ms
[ok] request s534 turn0 ttft=816.372ms hit=0.0 e2e=1266.33ms
[ok] request s25 turn0 ttft=195.237ms hit=0.0 e2e=633.008ms
[ok] openhands s195 turn9 ttft=735.169ms hit=0.984426 e2e=1323.781ms
[ok] request s256 turn1 ttft=307.606ms hit=0.0 e2e=745.363ms
[ok] openhands s449 turn11 ttft=475.703ms hit=0.986792 e2e=1323.372ms
[ok] openhands s448 turn12 ttft=878.718ms hit=0.9766 e2e=1335.845ms
[ok] openhands s66 turn3 ttft=386.488ms hit=0.95794 e2e=1339.036ms
[ok] request s562 turn1 ttft=297.965ms hit=0.439108 e2e=740.255ms
[ok] openhands s260 turn1 ttft=723.006ms hit=0.715043 e2e=1317.746ms
[ok] openhands s512 turn12 ttft=719.161ms hit=0.93827 e2e=1313.074ms
[ok] request s544 turn0 ttft=498.379ms hit=0.0 e2e=955.87ms
[ok] request s311 turn1 ttft=306.061ms hit=0.0 e2e=749.026ms
[ok] request s551 turn1 ttft=297.711ms hit=0.0 e2e=740.525ms
[ok] request s161 turn0 ttft=133.139ms hit=0.0 e2e=7125.459ms
[ok] openhands s449 turn12 ttft=749.397ms hit=0.95778 e2e=7110.586ms
[ok] request s266 turn0 ttft=4808.696ms hit=0.0 e2e=6259.618ms
[ok] openhands s194 turn0 ttft=5126.377ms hit=0.0 e2e=6576.897ms
[ok] openhands s512 turn13 ttft=771.749ms hit=0.971969 e2e=7184.069ms
[ok] request s426 turn0 ttft=531.568ms hit=0.0 e2e=6899.623ms
[ok] request s479 turn0 ttft=4174.208ms hit=0.0 e2e=5629.975ms
[ok] openhands s260 turn2 ttft=414.959ms hit=0.986233 e2e=7194.74ms
[ok] openhands s66 turn4 ttft=837.022ms hit=0.909165 e2e=7206.858ms
[ok] request s19 turn0 ttft=398.181ms hit=0.0 e2e=7213.043ms
[ok] request s562 turn2 ttft=416.737ms hit=0.0 e2e=6614.675ms
[ok] openhands s195 turn10 ttft=792.887ms hit=0.832771 e2e=7212.592ms
[ok] openhands s448 turn13 ttft=785.714ms hit=0.956382 e2e=7204.587ms
[ok] request s199 turn1 ttft=590.684ms hit=0.0 e2e=6960.244ms
[ok] request s25 turn1 ttft=422.849ms hit=0.0 e2e=6621.345ms
[ok] request s472 turn0 ttft=4493.291ms hit=0.0 e2e=5949.9ms
[ok] request s544 turn1 ttft=416.282ms hit=0.0 e2e=6614.842ms
[ok] request s394 turn0 ttft=625.767ms hit=0.0 e2e=1829.829ms
[ok] request s39 turn0 ttft=2990.148ms hit=0.0 e2e=4369.897ms
[ok] request s351 turn0 ttft=559.16ms hit=0.0 e2e=1195.615ms
[ok] request s34 turn0 ttft=1575.673ms hit=0.0 e2e=2783.681ms
[ok] request s284 turn0 ttft=2356.62ms hit=0.0 e2e=3736.429ms
[ok] request s36 turn0 ttft=3857.055ms hit=0.0 e2e=5323.49ms
[ok] request s442 turn0 ttft=2674.141ms hit=0.0 e2e=4054.228ms
[ok] request s5 turn0 ttft=1258.266ms hit=0.0 e2e=2467.307ms
[ok] request s73 turn0 ttft=1892.342ms hit=0.0 e2e=3101.312ms
[ok] request s10 turn0 ttft=250.267ms hit=0.0 e2e=880.504ms
[ok] request s53 turn0 ttft=3539.941ms hit=0.0 e2e=5008.0ms
[ok] openhands s513 turn0 ttft=762.067ms hit=0.0 e2e=1516.386ms
[ok] request s374 turn0 ttft=3308.304ms hit=0.0 e2e=4692.007ms
[ok] request s488 turn0 ttft=2213.249ms hit=0.0 e2e=3422.112ms
[ok] request s515 turn0 ttft=944.733ms hit=0.0 e2e=2153.543ms
[ok] request s328 turn0 ttft=144.667ms hit=0.0 e2e=623.098ms
[ok] request s412 turn0 ttft=141.961ms hit=0.0 e2e=2334.866ms
[ok] openhands s448 turn14 ttft=2530.371ms hit=0.912369 e2e=3521.635ms
[ok] request s39 turn1 ttft=2224.486ms hit=0.0 e2e=2967.06ms
[ok] request s394 turn1 ttft=2227.097ms hit=0.0 e2e=2968.812ms
[ok] openhands s260 turn3 ttft=2522.761ms hit=0.922547 e2e=3520.685ms
[ok] request s235 turn0 ttft=2502.837ms hit=0.0 e2e=3500.538ms
[ok] request s488 turn1 ttft=2220.689ms hit=0.0 e2e=2968.105ms
[ok] openhands s513 turn1 ttft=2519.42ms hit=0.988337 e2e=3517.121ms
[ok] openhands s194 turn1 ttft=2564.134ms hit=0.99717 e2e=3561.602ms
[ok] openhands s449 turn13 ttft=2273.186ms hit=0.982528 e2e=3569.729ms
[ok] request s562 turn3 ttft=2235.128ms hit=0.656691 e2e=2982.706ms
[ok] openhands s512 turn14 ttft=2551.149ms hit=0.988894 e2e=3549.055ms
[ok] openhands s66 turn5 ttft=2543.217ms hit=0.980316 e2e=3540.974ms
[ok] openhands s195 turn11 ttft=2790.733ms hit=0.878356 e2e=3537.341ms
[ok] request s147 turn0 ttft=2438.193ms hit=0.0 e2e=3185.719ms
[ok] request s36 turn1 ttft=2227.55ms hit=0.0 e2e=2973.796ms
[ok] request s544 turn2 ttft=2236.573ms hit=0.0 e2e=2982.671ms
[ok] request s497 turn0 ttft=2116.8ms hit=0.0 e2e=2874.2ms
[ok] request s316 turn0 ttft=446.957ms hit=0.0 e2e=970.085ms
[ok] request s202 turn0 ttft=650.121ms hit=0.0 e2e=1288.286ms
[ok] request s373 turn0 ttft=1602.318ms hit=0.0 e2e=2240.343ms
[ok] request s515 turn1 ttft=2221.011ms hit=0.336842 e2e=2977.51ms
[ok] request s438 turn0 ttft=1920.355ms hit=0.0 e2e=2558.693ms
[ok] request s412 turn1 ttft=368.125ms hit=0.0 e2e=893.908ms
[ok] request s372 turn0 ttft=969.367ms hit=0.0 e2e=1608.081ms
[ok] request s5 turn1 ttft=2222.87ms hit=0.0 e2e=2982.119ms
[ok] request s351 turn1 ttft=2228.466ms hit=0.0 e2e=2985.217ms
[ok] request s537 turn0 ttft=1286.362ms hit=0.0 e2e=1925.966ms
[ok] request s139 turn0 ttft=137.602ms hit=0.0 e2e=657.483ms
[ok] request s112 turn0 ttft=141.787ms hit=0.0 e2e=1526.959ms
[ok] openhands s195 turn12 ttft=1142.664ms hit=0.960207 e2e=1150.744ms
[ok] openhands s513 turn2 ttft=1180.037ms hit=0.957009 e2e=1186.353ms
[ok] openhands s448 turn15 ttft=1188.252ms hit=0.985461 e2e=1201.407ms
[ok] openhands s194 turn2 ttft=1172.428ms hit=0.989462 e2e=1184.902ms
[ok] openhands s66 turn6 ttft=1135.446ms hit=0.984093 e2e=1148.876ms
[ok] openhands s449 turn14 ttft=1507.623ms hit=0.993177 e2e=2146.077ms
[ok] request s515 turn2 ttft=966.102ms hit=0.422442 e2e=1579.453ms
[ok] openhands s66 turn7 ttft=289.554ms hit=0.984038 e2e=739.502ms
[ok] request s316 turn1 ttft=968.056ms hit=0.0 e2e=1585.87ms
[ok] openhands s194 turn3 ttft=524.123ms hit=0.973234 e2e=977.988ms
[ok] openhands s260 turn4 ttft=1528.39ms hit=0.905718 e2e=2174.676ms
[ok] request s351 turn2 ttft=964.152ms hit=0.229391 e2e=1582.662ms
[ok] openhands s513 turn3 ttft=503.113ms hit=0.809922 e2e=982.667ms
[ok] openhands s512 turn15 ttft=1527.45ms hit=0.99543 e2e=2146.229ms
[ok] openhands s448 turn16 ttft=509.428ms hit=0.996697 e2e=965.836ms
[ok] request s394 turn2 ttft=986.13ms hit=0.683578 e2e=1605.215ms
[ok] request s372 turn1 ttft=966.906ms hit=0.0 e2e=1585.952ms
[ok] request s537 turn1 ttft=964.626ms hit=0.482109 e2e=1583.613ms
[ok] request s112 turn1 ttft=141.119ms hit=0.0 e2e=454.43ms
[ok] request s394 turn3 ttft=2263.679ms hit=0.448336 e2e=2413.958ms
[ok] request s515 turn3 ttft=2268.885ms hit=0.649746 e2e=2582.783ms
[ok] openhands s66 turn8 ttft=754.128ms hit=0.970371 e2e=3127.138ms
[ok] request s351 turn3 ttft=2263.462ms hit=0.532225 e2e=2577.953ms
[ok] openhands s512 turn16 ttft=596.98ms hit=0.990349 e2e=3152.519ms
[ok] openhands s260 turn5 ttft=779.739ms hit=0.930784 e2e=3157.351ms
[ok] openhands s449 turn15 ttft=623.71ms hit=0.988865 e2e=3180.281ms
[ok] request s112 turn2 ttft=2213.382ms hit=0.0 e2e=2524.073ms
[ok] openhands s448 turn17 ttft=2822.655ms hit=0.976393 e2e=3140.794ms
[ok] openhands s513 turn4 ttft=767.188ms hit=0.978875 e2e=3144.578ms
[ok] openhands s194 turn4 ttft=654.324ms hit=0.989247 e2e=3172.611ms
[ok] request s316 turn2 ttft=2266.685ms hit=0.503937 e2e=2584.871ms
[ok] openhands s66 turn9 ttft=420.615ms hit=0.971507 e2e=1194.992ms
[ok] request s351 turn4 ttft=343.15ms hit=0.704957 e2e=681.538ms
[ok] openhands s260 turn6 ttft=733.353ms hit=0.839566 e2e=1274.242ms
[ok] openhands s194 turn5 ttft=484.718ms hit=0.989601 e2e=1272.725ms
[ok] request s394 turn4 ttft=443.407ms hit=0.0 e2e=849.053ms
[ok] request s515 turn4 ttft=346.236ms hit=0.0 e2e=688.294ms
[ok] openhands s448 turn18 ttft=849.085ms hit=0.969697 e2e=1254.555ms
[ok] openhands s513 turn5 ttft=714.818ms hit=0.948658 e2e=1259.006ms
[ok] request s316 turn3 ttft=340.733ms hit=0.0 e2e=682.988ms
[ok] openhands s66 turn10 ttft=1151.534ms hit=0.86718 e2e=1284.205ms
[ok] openhands s260 turn7 ttft=399.656ms hit=0.850745 e2e=1207.168ms
[ok] openhands s513 turn6 ttft=575.482ms hit=0.924085 e2e=1315.616ms
[ok] openhands s448 turn19 ttft=608.398ms hit=0.96909 e2e=1325.845ms
[ok] openhands s194 turn6 ttft=600.538ms hit=0.988714 e2e=1341.116ms
[ok] request s394 turn5 ttft=360.42ms hit=0.0 e2e=748.159ms
[ok] request s515 turn5 ttft=312.875ms hit=0.0 e2e=745.902ms
[ok] request s316 turn4 ttft=354.797ms hit=0.0 e2e=742.431ms
[ok] openhands s260 turn8 ttft=3380.794ms hit=0.993043 e2e=3810.831ms
[ok] request s515 turn6 ttft=2799.197ms hit=0.0 e2e=3073.094ms
[ok] openhands s66 turn11 ttft=3011.638ms hit=0.980684 e2e=3822.327ms
[ok] openhands s194 turn7 ttft=3316.854ms hit=0.881391 e2e=3590.564ms
[ok] openhands s448 turn20 ttft=3240.318ms hit=0.93027 e2e=3673.626ms
[ok] openhands s513 turn7 ttft=3229.526ms hit=0.947998 e2e=3669.285ms
[ok] openhands s260 turn9 ttft=488.91ms hit=0.938468 e2e=2838.367ms
[ok] openhands s448 turn21 ttft=2593.977ms hit=0.962974 e2e=2916.971ms
[ok] openhands s194 turn8 ttft=2411.696ms hit=0.971612 e2e=2949.688ms
[ok] request s515 turn7 ttft=2030.817ms hit=0.0 e2e=2356.202ms
[ok] openhands s66 turn12 ttft=2504.69ms hit=0.961252 e2e=2829.079ms
[ok] openhands s513 turn8 ttft=2517.373ms hit=0.956201 e2e=2934.57ms
[ok] openhands s260 turn10 ttft=526.688ms hit=0.818811 e2e=1077.36ms
[ok] openhands s448 turn22 ttft=561.214ms hit=0.975215 e2e=936.825ms
[ok] openhands s513 turn9 ttft=668.089ms hit=0.854495 e2e=1053.683ms
[ok] openhands s66 turn13 ttft=674.335ms hit=0.980492 e2e=1059.56ms
[ok] openhands s194 turn9 ttft=690.846ms hit=0.989898 e2e=1075.669ms
[ok] openhands s260 turn11 ttft=738.601ms hit=0.995439 e2e=871.132ms
[ok] openhands s448 turn23 ttft=255.632ms hit=0.975605 e2e=545.079ms
[ok] openhands s66 turn14 ttft=459.441ms hit=0.954334 e2e=758.753ms
[ok] openhands s513 turn10 ttft=566.829ms hit=0.985132 e2e=865.714ms
[ok] openhands s194 turn10 ttft=460.034ms hit=0.98848 e2e=882.724ms
[ok] openhands s513 turn11 ttft=669.071ms hit=0.923027 e2e=1413.304ms
[ok] openhands s66 turn15 ttft=432.746ms hit=0.981366 e2e=1420.462ms
[ok] openhands s133 turn0 ttft=348.598ms hit=0.0 e2e=858.443ms
[ok] openhands s260 turn12 ttft=456.011ms hit=0.914956 e2e=1548.676ms
[ok] openhands s448 turn24 ttft=367.653ms hit=0.972693 e2e=982.556ms
[ok] openhands s194 turn11 ttft=542.595ms hit=0.990901 e2e=1411.721ms
[ok] request s433 turn0 ttft=154.954ms hit=0.0 e2e=542.128ms
[ok] request s126 turn0 ttft=126.056ms hit=0.0 e2e=844.262ms
[ok] openhands s448 turn25 ttft=856.895ms hit=0.993698 e2e=1518.145ms
[ok] openhands s513 turn12 ttft=704.254ms hit=0.991168 e2e=1510.046ms
[ok] openhands s260 turn13 ttft=876.962ms hit=0.993857 e2e=1530.392ms
[ok] openhands s194 turn12 ttft=617.956ms hit=0.988589 e2e=1547.312ms
[ok] request s237 turn0 ttft=169.037ms hit=0.0 e2e=822.365ms
[ok] openhands s133 turn1 ttft=845.665ms hit=0.954545 e2e=1498.634ms
[ok] openhands s66 turn16 ttft=838.976ms hit=0.91707 e2e=1505.424ms
[ok] request s306 turn0 ttft=487.268ms hit=0.0 e2e=1140.1ms
[ok] request s433 turn1 ttft=296.964ms hit=0.0 e2e=949.5ms
[ok] request s441 turn0 ttft=805.595ms hit=0.0 e2e=1457.85ms
[ok] request s126 turn1 ttft=131.594ms hit=0.0 e2e=928.834ms
[ok] request s127 turn0 ttft=134.057ms hit=0.0 e2e=1104.036ms
[ok] request s317 turn0 ttft=131.959ms hit=0.0 e2e=787.279ms
[ok] request s155 turn0 ttft=865.046ms hit=0.0 e2e=1563.927ms
[ok] openhands s66 turn17 ttft=829.234ms hit=0.986709 e2e=1981.465ms
[ok] request s126 turn2 ttft=416.7ms hit=0.0 e2e=1144.319ms
[ok] openhands s133 turn2 ttft=598.24ms hit=0.714902 e2e=1990.361ms
[ok] openhands s260 turn14 ttft=896.736ms hit=0.993893 e2e=1913.911ms
[ok] openhands s194 turn13 ttft=599.011ms hit=0.99172 e2e=2008.766ms
[ok] request s313 turn0 ttft=546.055ms hit=0.0 e2e=1563.099ms
[ok] request s317 turn1 ttft=210.202ms hit=0.0 e2e=809.819ms
[ok] openhands s513 turn13 ttft=965.409ms hit=0.957084 e2e=1982.225ms
[ok] openhands s448 turn26 ttft=814.689ms hit=0.91419 e2e=1974.307ms
[ok] request s433 turn2 ttft=391.845ms hit=0.0 e2e=1408.597ms
[ok] request s237 turn1 ttft=394.42ms hit=0.0 e2e=1410.906ms
[ok] request s306 turn1 ttft=393.824ms hit=0.0 e2e=1410.007ms
[ok] request s128 turn0 ttft=320.262ms hit=0.0 e2e=929.73ms
[ok] request s127 turn1 ttft=211.316ms hit=0.0 e2e=812.992ms
[ok] request s217 turn0 ttft=396.097ms hit=0.0 e2e=1247.482ms
[ok] request s47 turn0 ttft=136.43ms hit=0.0 e2e=621.576ms
[ok] request s126 turn3 ttft=438.726ms hit=0.574635 e2e=998.832ms
[ok] request s241 turn0 ttft=141.115ms hit=0.0 e2e=1887.377ms
[ok] request s165 turn0 ttft=578.823ms hit=0.0 e2e=2031.905ms
[ok] openhands s324 turn0 ttft=839.805ms hit=0.0 e2e=1412.223ms
[ok] openhands s133 turn3 ttft=607.361ms hit=0.909737 e2e=2061.563ms
[ok] openhands s260 turn15 ttft=569.846ms hit=0.994894 e2e=2019.625ms
[ok] openhands s66 turn18 ttft=613.563ms hit=0.992904 e2e=2069.755ms
[ok] openhands s448 turn27 ttft=970.798ms hit=0.933869 e2e=2015.656ms
[ok] openhands s513 turn14 ttft=585.79ms hit=0.944406 e2e=2045.012ms
[ok] openhands s194 turn14 ttft=742.649ms hit=0.980974 e2e=2063.427ms
[ok] request s127 turn2 ttft=429.617ms hit=0.0 e2e=1474.778ms
[ok] request s476 turn0 ttft=689.772ms hit=0.0 e2e=1734.669ms
[ok] request s24 turn0 ttft=521.088ms hit=0.0 e2e=1101.197ms
[ok] request s405 turn0 ttft=214.021ms hit=0.0 e2e=783.984ms
[ok] request s47 turn1 ttft=422.518ms hit=0.0 e2e=1467.154ms
[ok] request s506 turn0 ttft=135.96ms hit=0.0 e2e=1079.055ms
[ok] request s553 turn0 ttft=150.427ms hit=0.0 e2e=1206.022ms
[ok] openhands s133 turn4 ttft=694.157ms hit=0.81961 e2e=1417.19ms
[ok] request s165 turn1 ttft=387.927ms hit=0.0 e2e=837.141ms
[ok] openhands s448 turn28 ttft=582.047ms hit=0.972848 e2e=1396.886ms
[ok] openhands s324 turn1 ttft=695.769ms hit=0.963689 e2e=1421.394ms
[ok] openhands s260 turn16 ttft=613.842ms hit=0.981018 e2e=1433.691ms
[ok] request s126 turn4 ttft=588.351ms hit=0.817021 e2e=1317.417ms
[ok] openhands s513 turn15 ttft=660.57ms hit=0.960137 e2e=1389.318ms
[ok] openhands s194 turn15 ttft=966.566ms hit=0.98164 e2e=1420.03ms
[ok] request s369 turn0 ttft=813.132ms hit=0.0 e2e=1267.416ms
[ok] request s241 turn1 ttft=715.328ms hit=0.0 e2e=1316.34ms
[ok] request s405 turn1 ttft=382.112ms hit=0.0 e2e=835.787ms
[ok] request s299 turn0 ttft=179.793ms hit=0.0 e2e=632.76ms
[ok] request s70 turn0 ttft=497.316ms hit=0.0 e2e=951.052ms
[ok] request s84 turn0 ttft=132.44ms hit=0.0 e2e=931.672ms
[ok] openhands s324 turn2 ttft=604.182ms hit=0.858884 e2e=1260.972ms
[ok] request s405 turn2 ttft=231.703ms hit=0.471889 e2e=674.171ms
[ok] openhands s194 turn16 ttft=793.388ms hit=0.998211 e2e=1259.32ms
[ok] openhands s133 turn5 ttft=633.101ms hit=0.926675 e2e=1233.939ms
[ok] openhands s448 turn29 ttft=616.161ms hit=0.988789 e2e=1280.354ms
[ok] request s261 turn0 ttft=514.865ms hit=0.0 e2e=961.711ms
[ok] openhands s513 turn16 ttft=581.355ms hit=0.968385 e2e=1245.43ms
[ok] request s183 turn0 ttft=583.245ms hit=0.0 e2e=1246.551ms
[ok] request s126 turn5 ttft=236.036ms hit=0.532225 e2e=683.038ms
[ok] request s165 turn2 ttft=241.34ms hit=0.396899 e2e=688.063ms
[ok] request s65 turn0 ttft=198.418ms hit=0.0 e2e=644.887ms
[ok] openhands s260 turn17 ttft=711.744ms hit=0.995047 e2e=1157.951ms
[ok] request s369 turn1 ttft=235.712ms hit=0.0 e2e=681.696ms
[ok] request s142 turn0 ttft=134.672ms hit=0.0 e2e=2160.525ms
[ok] request s341 turn0 ttft=495.061ms hit=0.0 e2e=875.609ms
[ok] openhands s513 turn17 ttft=612.924ms hit=0.954651 e2e=2170.759ms
[ok] request s379 turn0 ttft=363.103ms hit=0.0 e2e=1565.663ms
[ok] openhands s260 turn18 ttft=571.572ms hit=0.984399 e2e=2185.551ms
[ok] request s267 turn0 ttft=437.882ms hit=0.0 e2e=1888.042ms
[ok] openhands s324 turn3 ttft=574.264ms hit=0.955412 e2e=2194.47ms
[ok] request s405 turn3 ttft=290.35ms hit=0.637609 e2e=1600.181ms
[ok] openhands s133 turn6 ttft=562.185ms hit=0.942414 e2e=2182.244ms
[ok] openhands s194 turn17 ttft=655.465ms hit=0.981752 e2e=2105.836ms
[ok] request s165 turn3 ttft=384.977ms hit=0.0 e2e=1593.224ms
[ok] request s126 turn6 ttft=388.004ms hit=0.6639 e2e=1595.941ms
[ok] request s369 turn2 ttft=383.557ms hit=0.0 e2e=1591.106ms
[ok] request s17 turn0 ttft=584.283ms hit=0.0 e2e=2206.631ms
[ok] openhands s448 turn30 ttft=445.51ms hit=0.974064 e2e=1756.378ms
[ok] request s65 turn1 ttft=385.27ms hit=0.0 e2e=1592.931ms
[ok] openhands s259 turn0 ttft=687.731ms hit=0.0 e2e=1891.817ms
[ok] request s381 turn0 ttft=185.299ms hit=0.0 e2e=1257.583ms
[ok] request s105 turn0 ttft=1012.11ms hit=0.0 e2e=1755.433ms
[ok] request s245 turn0 ttft=136.21ms hit=0.0 e2e=2422.431ms
[ok] request s55 turn0 ttft=764.342ms hit=0.0 e2e=2526.566ms
[ok] request s405 turn4 ttft=1069.283ms hit=0.0 e2e=1947.626ms
[ok] request s369 turn3 ttft=737.222ms hit=0.0 e2e=1943.007ms
[ok] request s117 turn0 ttft=1417.051ms hit=0.0 e2e=1898.944ms
[ok] openhands s513 turn18 ttft=778.742ms hit=0.964824 e2e=2542.854ms
[ok] request s142 turn1 ttft=785.899ms hit=0.0 e2e=2312.305ms
[ok] openhands s324 turn4 ttft=782.054ms hit=0.604063 e2e=2552.526ms
[ok] openhands s194 turn18 ttft=1260.262ms hit=0.995818 e2e=2470.792ms
[ok] openhands s259 turn1 ttft=1428.144ms hit=0.0 e2e=1914.947ms
[ok] openhands s448 turn31 ttft=966.079ms hit=0.949359 e2e=2496.577ms
[ok] openhands s133 turn7 ttft=769.833ms hit=0.886929 e2e=2540.204ms
[ok] request s267 turn1 ttft=744.561ms hit=0.0 e2e=1955.549ms
[ok] request s341 turn1 ttft=804.319ms hit=0.0 e2e=2014.568ms
[ok] request s65 turn2 ttft=738.385ms hit=0.0 e2e=1948.411ms
[ok] openhands s260 turn19 ttft=841.728ms hit=0.993314 e2e=2374.144ms
[ok] request s126 turn7 ttft=743.131ms hit=0.0 e2e=1953.227ms
[ok] request s240 turn0 ttft=464.083ms hit=0.0 e2e=956.285ms
[ok] request s454 turn0 ttft=153.867ms hit=0.0 e2e=639.424ms
[ok] request s321 turn0 ttft=783.603ms hit=0.0 e2e=1274.923ms
[ok] request s356 turn0 ttft=1101.746ms hit=0.0 e2e=1592.398ms
[ok] request s72 turn0 ttft=131.072ms hit=0.0 e2e=1106.626ms
[ok] request s341 turn2 ttft=487.741ms hit=0.0 e2e=1555.366ms
[ok] openhands s133 turn8 ttft=772.865ms hit=0.952685 e2e=2190.713ms
[ok] openhands s513 turn19 ttft=742.291ms hit=0.963154 e2e=2166.212ms
[ok] openhands s259 turn2 ttft=1190.546ms hit=0.969938 e2e=2158.66ms
[ok] request s134 turn0 ttft=776.445ms hit=0.0 e2e=2201.428ms
[ok] openhands s324 turn5 ttft=777.724ms hit=0.98712 e2e=2200.584ms
[ok] openhands s448 turn32 ttft=767.163ms hit=0.9918 e2e=2191.322ms
[ok] request s55 turn1 ttft=534.186ms hit=0.0 e2e=1955.519ms
[ok] request s105 turn1 ttft=651.187ms hit=0.0 e2e=2073.244ms
[ok] openhands s260 turn20 ttft=755.216ms hit=0.989576 e2e=2177.984ms
[ok] request s65 turn3 ttft=588.116ms hit=0.833488 e2e=2141.038ms
[ok] request s321 turn1 ttft=586.508ms hit=0.0 e2e=2139.109ms
[ok] openhands s194 turn19 ttft=963.906ms hit=0.991937 e2e=2659.431ms
[ok] request s267 turn2 ttft=590.55ms hit=0.274678 e2e=2143.019ms
[ok] request s439 turn0 ttft=241.461ms hit=0.0 e2e=1792.087ms
[ok] request s405 turn5 ttft=597.56ms hit=0.782875 e2e=2149.863ms
[ok] request s142 turn2 ttft=595.667ms hit=0.499025 e2e=2147.721ms
[ok] request s164 turn0 ttft=559.121ms hit=0.0 e2e=2110.91ms
[ok] request s291 turn0 ttft=731.69ms hit=0.0 e2e=2427.918ms
[ok] request s549 turn0 ttft=522.695ms hit=0.0 e2e=1452.577ms
[ok] request s504 turn0 ttft=497.172ms hit=0.0 e2e=2427.145ms
[ok] request s303 turn0 ttft=187.077ms hit=0.0 e2e=2111.909ms
[ok] openhands s130 turn0 ttft=698.24ms hit=0.0 e2e=2746.907ms
[ok] request s232 turn0 ttft=716.047ms hit=0.0 e2e=2353.599ms
[ok] openhands s260 turn21 ttft=514.872ms hit=0.979836 e2e=2379.32ms
[ok] openhands s513 turn20 ttft=840.899ms hit=0.964669 e2e=2395.338ms
[ok] openhands s133 turn9 ttft=535.952ms hit=0.978931 e2e=2405.684ms
[ok] openhands s448 turn33 ttft=731.839ms hit=0.983467 e2e=2374.087ms
[ok] openhands s259 turn3 ttft=711.088ms hit=0.970408 e2e=2354.144ms
[ok] request s55 turn2 ttft=433.675ms hit=0.0 e2e=1987.318ms
[ok] openhands s324 turn6 ttft=846.268ms hit=0.849692 e2e=2401.23ms
[ok] request s81 turn0 ttft=139.286ms hit=0.0 e2e=1483.475ms
[ok] openhands s194 turn20 ttft=553.787ms hit=0.9946 e2e=1910.752ms
[ok] request s105 turn2 ttft=493.117ms hit=0.0 e2e=1849.822ms
[ok] request s319 turn0 ttft=444.804ms hit=0.0 e2e=1801.214ms
[ok] request s405 turn6 ttft=491.382ms hit=0.0 e2e=2011.363ms
[ok] request s164 turn1 ttft=489.166ms hit=0.0 e2e=2009.726ms
[ok] request s439 turn1 ttft=491.914ms hit=0.0 e2e=2016.422ms
[ok] request s21 turn0 ttft=157.276ms hit=0.0 e2e=1556.074ms
[ok] request s321 turn2 ttft=278.244ms hit=0.0 e2e=2021.354ms
[ok] request s267 turn3 ttft=275.895ms hit=0.0 e2e=2018.671ms
[ok] request s561 turn0 ttft=461.68ms hit=0.0 e2e=1874.438ms
[ok] openhands s130 turn1 ttft=292.403ms hit=0.986671 e2e=1351.656ms
[ok] request s120 turn0 ttft=191.937ms hit=0.0 e2e=1243.172ms
[ok] request s137 turn0 ttft=148.279ms hit=0.0 e2e=1253.099ms
[ok] request s508 turn0 ttft=610.137ms hit=0.0 e2e=1576.218ms
[ok] request s439 turn2 ttft=247.06ms hit=0.620499 e2e=721.002ms
[ok] request s164 turn2 ttft=338.237ms hit=0.0 e2e=538.795ms
[ok] openhands s324 turn7 ttft=737.703ms hit=0.87747 e2e=1876.657ms
[ok] openhands s513 turn21 ttft=705.317ms hit=0.992218 e2e=1842.844ms
[ok] openhands s260 turn22 ttft=752.081ms hit=0.987412 e2e=1892.185ms
[ok] openhands s448 turn34 ttft=730.313ms hit=0.977083 e2e=1866.883ms
[ok] openhands s259 turn4 ttft=707.474ms hit=0.987702 e2e=1847.041ms
[ok] openhands s133 turn10 ttft=735.366ms hit=0.979904 e2e=1873.007ms
[ok] openhands s194 turn21 ttft=939.45ms hit=0.980063 e2e=1843.633ms
[ok] request s456 turn0 ttft=548.15ms hit=0.0 e2e=1440.434ms
[ok] request s55 turn3 ttft=708.123ms hit=0.566372 e2e=1602.268ms
[ok] openhands s130 turn2 ttft=253.542ms hit=0.955075 e2e=1146.966ms
[ok] request s249 turn0 ttft=229.168ms hit=0.0 e2e=1123.423ms
[ok] request s499 turn0 ttft=253.26ms hit=0.0 e2e=1611.492ms
[ok] request s367 turn0 ttft=273.075ms hit=0.0 e2e=1296.1ms
[ok] request s267 turn4 ttft=335.609ms hit=0.0 e2e=1359.886ms
[ok] request s405 turn7 ttft=309.624ms hit=0.0 e2e=1365.664ms
[ok] openhands s513 turn22 ttft=755.426ms hit=0.974068 e2e=1344.64ms
[ok] openhands s260 turn23 ttft=808.317ms hit=0.974915 e2e=1400.417ms
[ok] openhands s259 turn5 ttft=746.018ms hit=0.977332 e2e=1337.853ms
[ok] openhands s324 turn8 ttft=816.014ms hit=0.891559 e2e=1409.255ms
[ok] openhands s130 turn3 ttft=901.372ms hit=0.894292 e2e=1338.255ms
[ok] openhands s133 turn11 ttft=799.752ms hit=0.982904 e2e=1394.863ms
[ok] openhands s194 turn22 ttft=1063.25ms hit=0.98705 e2e=1371.486ms
[ok] request s456 turn1 ttft=498.332ms hit=0.0 e2e=807.549ms
[ok] request s508 turn1 ttft=679.858ms hit=0.0 e2e=988.267ms
[ok] request s439 turn3 ttft=551.425ms hit=0.730101 e2e=859.651ms
[ok] openhands s448 turn35 ttft=799.489ms hit=0.991486 e2e=1390.607ms
[ok] request s249 turn1 ttft=499.096ms hit=0.0 e2e=807.526ms
[ok] request s499 turn1 ttft=623.634ms hit=0.0 e2e=1100.306ms
[ok] openhands s260 turn24 ttft=778.167ms hit=0.990105 e2e=1143.117ms
[ok] openhands s513 turn23 ttft=622.122ms hit=0.967328 e2e=1123.982ms
[ok] openhands s130 turn4 ttft=749.098ms hit=0.974934 e2e=1118.553ms
[ok] openhands s324 turn9 ttft=604.472ms hit=0.909271 e2e=1157.443ms
[ok] openhands s448 turn36 ttft=419.775ms hit=0.974004 e2e=725.032ms
[ok] openhands s259 turn6 ttft=783.18ms hit=0.975553 e2e=1152.019ms
[ok] request s267 turn5 ttft=630.605ms hit=0.0 e2e=1137.936ms
[ok] request s456 turn2 ttft=253.863ms hit=0.0 e2e=559.565ms
[ok] request s249 turn2 ttft=251.847ms hit=0.0 e2e=557.372ms
[ok] openhands s133 turn12 ttft=765.869ms hit=0.980426 e2e=1136.527ms
[ok] openhands s130 turn5 ttft=662.112ms hit=0.973582 e2e=941.329ms
[ok] openhands s259 turn7 ttft=495.904ms hit=0.976647 e2e=932.125ms
[ok] openhands s513 turn24 ttft=683.294ms hit=0.992641 e2e=954.537ms
[ok] openhands s260 turn25 ttft=474.826ms hit=0.98961 e2e=965.891ms
[ok] request s499 turn2 ttft=174.818ms hit=0.0 e2e=446.299ms
[ok] openhands s133 turn13 ttft=647.255ms hit=0.941869 e2e=931.813ms
[ok] openhands s324 turn10 ttft=659.123ms hit=0.957309 e2e=942.949ms
[ok] request s456 turn3 ttft=255.469ms hit=0.0 e2e=527.441ms
[ok] openhands s133 turn14 ttft=533.502ms hit=0.932839 e2e=1102.216ms
[ok] openhands s260 turn26 ttft=463.88ms hit=0.993538 e2e=1133.102ms
[ok] openhands s259 turn8 ttft=854.738ms hit=0.982135 e2e=1140.622ms
[ok] openhands s130 turn6 ttft=471.883ms hit=0.973254 e2e=1144.864ms
[ok] request s499 turn3 ttft=269.782ms hit=0.0 e2e=544.76ms
[ok] openhands s324 turn11 ttft=721.278ms hit=0.926597 e2e=1124.363ms
[ok] openhands s513 turn25 ttft=543.755ms hit=0.990412 e2e=1116.245ms
[ok] request s456 turn4 ttft=518.424ms hit=0.0 e2e=805.256ms
[ok] openhands s260 turn27 ttft=356.238ms hit=0.996573 e2e=861.35ms
[ok] openhands s324 turn12 ttft=419.465ms hit=0.992758 e2e=1047.68ms
[ok] openhands s259 turn9 ttft=338.171ms hit=0.951829 e2e=1057.264ms
[ok] openhands s130 turn7 ttft=541.677ms hit=0.936605 e2e=1053.151ms
[ok] openhands s133 turn15 ttft=242.074ms hit=0.936567 e2e=960.9ms
[ok] request s499 turn4 ttft=261.04ms hit=0.4096 e2e=983.555ms
[ok] openhands s259 turn10 ttft=784.237ms hit=0.833456 e2e=1554.275ms
[ok] openhands s130 turn8 ttft=1114.574ms hit=0.990947 e2e=1533.55ms
[ok] openhands s260 turn28 ttft=578.225ms hit=0.910087 e2e=1577.163ms
[ok] openhands s324 turn13 ttft=1146.465ms hit=0.904769 e2e=1565.318ms
[ok] openhands s133 turn16 ttft=779.162ms hit=0.815806 e2e=1051.786ms
[ok] openhands s448 turn37 ttft=1161.851ms hit=0.908543 e2e=1435.265ms
[ok] openhands s130 turn9 ttft=908.515ms hit=0.976318 e2e=1040.6ms
[ok] openhands s260 turn29 ttft=930.607ms hit=0.991937 e2e=1088.572ms
[ok] openhands s133 turn17 ttft=246.503ms hit=0.807293 e2e=631.731ms
[ok] openhands s324 turn14 ttft=846.443ms hit=0.993724 e2e=1232.442ms
[ok] openhands s259 turn11 ttft=753.352ms hit=0.892132 e2e=1195.534ms
[ok] openhands s448 turn38 ttft=638.554ms hit=0.995505 e2e=1212.816ms
[ok] openhands s130 turn10 ttft=196.769ms hit=0.976567 e2e=931.418ms
[ok] openhands s324 turn15 ttft=798.135ms hit=0.988833 e2e=1042.961ms
[ok] openhands s259 turn12 ttft=678.595ms hit=0.9702 e2e=1183.029ms
[ok] openhands s133 turn18 ttft=409.494ms hit=0.963205 e2e=908.59ms
[ok] openhands s260 turn30 ttft=632.817ms hit=0.993654 e2e=1133.041ms
[ok] openhands s448 turn39 ttft=544.905ms hit=0.982926 e2e=1178.765ms
[ok] openhands s130 turn11 ttft=192.599ms hit=0.986097 e2e=458.474ms
[ok] openhands s133 turn19 ttft=434.52ms hit=0.962251 e2e=882.096ms
[ok] openhands s260 turn31 ttft=724.474ms hit=0.996511 e2e=868.446ms
[ok] openhands s324 turn16 ttft=583.382ms hit=0.989128 e2e=1033.193ms
[ok] openhands s448 turn40 ttft=589.878ms hit=0.983966 e2e=1003.782ms
[ok] openhands s259 turn13 ttft=620.249ms hit=0.984693 e2e=1023.608ms
[ok] openhands s324 turn17 ttft=327.709ms hit=0.990813 e2e=661.069ms
[ok] openhands s448 turn41 ttft=299.565ms hit=0.994572 e2e=781.963ms
[ok] openhands s133 turn20 ttft=520.426ms hit=0.981522 e2e=670.274ms
[ok] openhands s324 turn18 ttft=271.991ms hit=0.990227 e2e=632.017ms
[ok] openhands s448 turn42 ttft=301.288ms hit=0.993998 e2e=664.947ms
[ok] openhands s133 turn21 ttft=194.596ms hit=0.94484 e2e=453.6ms
[ok] openhands s133 turn22 ttft=258.271ms hit=0.940862 e2e=501.285ms
[ok] openhands s448 turn43 ttft=430.151ms hit=0.98409 e2e=684.584ms
[ok] openhands s133 turn23 ttft=190.806ms hit=0.958314 e2e=434.558ms
[ok] openhands s133 turn24 ttft=192.067ms hit=0.980485 e2e=435.73ms
[ok] openhands s133 turn25 ttft=198.228ms hit=0.967842 e2e=441.531ms
[ok] openhands s133 turn26 ttft=190.382ms hit=0.977185 e2e=433.481ms
[ok] openhands s133 turn27 ttft=198.306ms hit=0.99173 e2e=441.311ms
[ok] openhands s133 turn28 ttft=194.438ms hit=0.984105 e2e=438.145ms
[ok] openhands s133 turn29 ttft=203.292ms hit=0.925227 e2e=1158.891ms
[ok] request s489 turn0 ttft=122.627ms hit=0.0 e2e=388.603ms
[ok] request s432 turn0 ttft=435.962ms hit=0.0 e2e=706.054ms
[ok] openhands s257 turn0 ttft=639.024ms hit=0.0 e2e=1024.645ms
[ok] openhands s257 turn1 ttft=239.2ms hit=0.960177 e2e=726.25ms
[ok] openhands s133 turn30 ttft=315.366ms hit=0.963863 e2e=808.668ms
[ok] request s520 turn0 ttft=308.617ms hit=0.0 e2e=796.713ms
[ok] request s569 turn0 ttft=134.14ms hit=0.0 e2e=521.741ms
[ok] request s64 turn0 ttft=137.575ms hit=0.0 e2e=621.284ms
[ok] openhands s257 turn2 ttft=283.711ms hit=0.928786 e2e=652.529ms
[ok] request s189 turn0 ttft=138.622ms hit=0.0 e2e=501.748ms
[ok] request s277 turn0 ttft=136.875ms hit=0.0 e2e=615.204ms
[ok] request s482 turn0 ttft=162.389ms hit=0.0 e2e=772.351ms
[ok] openhands s257 turn3 ttft=290.243ms hit=0.924188 e2e=905.673ms
[ok] request s200 turn0 ttft=227.583ms hit=0.0 e2e=271.182ms
[ok] request s188 turn0 ttft=144.966ms hit=0.0 e2e=1235.22ms
[ok] request s189 turn1 ttft=140.565ms hit=0.0 e2e=1109.522ms
[ok] request s174 turn0 ttft=128.134ms hit=0.0 e2e=1100.566ms
[ok] request s277 turn1 ttft=277.692ms hit=0.0 e2e=905.902ms
[ok] openhands s257 turn4 ttft=287.129ms hit=0.853618 e2e=1030.669ms
[ok] request s422 turn0 ttft=250.852ms hit=0.0 e2e=874.723ms
[ok] request s482 turn1 ttft=161.737ms hit=0.0 e2e=772.577ms
[ok] request s536 turn0 ttft=130.563ms hit=0.0 e2e=853.489ms
[ok] request s421 turn0 ttft=195.804ms hit=0.0 e2e=1270.021ms
[ok] openhands s257 turn5 ttft=288.634ms hit=0.916349 e2e=1368.914ms
[ok] request s189 turn2 ttft=250.002ms hit=0.558038 e2e=2093.471ms
[ok] request s435 turn0 ttft=209.038ms hit=0.0 e2e=2051.737ms
[ok] request s482 turn2 ttft=267.048ms hit=0.0 e2e=1865.073ms
[ok] openhands s131 turn0 ttft=277.726ms hit=0.0 e2e=1771.915ms
[ok] request s516 turn0 ttft=133.228ms hit=0.0 e2e=1744.008ms
[ok] request s536 turn1 ttft=140.496ms hit=0.0 e2e=1629.751ms
[ok] request s16 turn0 ttft=171.036ms hit=0.0 e2e=1511.233ms
[ok] request s552 turn0 ttft=301.316ms hit=0.0 e2e=920.977ms
[ok] openhands s257 turn6 ttft=832.242ms hit=0.456204 e2e=1462.698ms
[ok] request s325 turn0 ttft=608.205ms hit=0.0 e2e=1239.455ms
[ok] request s246 turn0 ttft=127.118ms hit=0.0 e2e=368.553ms
[ok] request s179 turn0 ttft=135.47ms hit=0.0 e2e=687.049ms
[ok] openhands s131 turn1 ttft=256.085ms hit=0.913796 e2e=768.682ms
[ok] request s435 turn1 ttft=198.266ms hit=0.0 e2e=1044.755ms
[ok] request s230 turn0 ttft=310.597ms hit=0.0 e2e=1159.142ms
[ok] openhands s257 turn7 ttft=338.99ms hit=0.95469 e2e=1188.272ms
[ok] openhands s131 turn2 ttft=244.591ms hit=0.896387 e2e=925.641ms
[ok] request s403 turn0 ttft=243.471ms hit=0.0 e2e=932.136ms
[ok] request s516 turn1 ttft=186.729ms hit=0.0 e2e=870.3ms
[ok] request s57 turn0 ttft=247.215ms hit=0.0 e2e=745.99ms
[ok] request s179 turn1 ttft=233.967ms hit=0.0 e2e=729.445ms
[ok] request s170 turn0 ttft=130.115ms hit=0.0 e2e=631.597ms
[ok] openhands s131 turn3 ttft=246.193ms hit=0.930345 e2e=1418.266ms
[ok] openhands s257 turn8 ttft=341.414ms hit=0.966003 e2e=1517.506ms
[ok] request s500 turn0 ttft=235.885ms hit=0.0 e2e=1410.955ms
[ok] request s406 turn0 ttft=178.012ms hit=0.0 e2e=2821.323ms
[ok] request s179 turn2 ttft=167.426ms hit=0.0 e2e=2455.871ms
[ok] request s516 turn2 ttft=278.087ms hit=0.0 e2e=2588.922ms
[ok] request s435 turn2 ttft=253.517ms hit=0.0 e2e=2680.974ms
[ok] request s273 turn0 ttft=246.017ms hit=0.0 e2e=2535.481ms
[ok] request s119 turn0 ttft=206.353ms hit=0.0 e2e=2233.626ms
[ok] request s215 turn0 ttft=178.52ms hit=0.0 e2e=2160.09ms
[ok] request s436 turn0 ttft=503.745ms hit=0.0 e2e=928.42ms
[ok] request s242 turn0 ttft=806.624ms hit=0.0 e2e=1232.001ms
[ok] openhands s257 turn9 ttft=1162.624ms hit=0.702359 e2e=1976.459ms
[ok] openhands s131 turn4 ttft=388.186ms hit=0.852538 e2e=2050.6ms
[ok] openhands s2 turn0 ttft=1339.096ms hit=0.0 e2e=1884.671ms
[ok] request s332 turn0 ttft=1022.266ms hit=0.0 e2e=1567.552ms
[ok] request s32 turn0 ttft=197.475ms hit=0.0 e2e=615.426ms
[ok] request s224 turn0 ttft=134.006ms hit=0.0 e2e=465.0ms
[ok] openhands s2 turn1 ttft=461.335ms hit=0.975393 e2e=858.095ms
[ok] openhands s257 turn10 ttft=349.27ms hit=0.992425 e2e=864.58ms
[ok] request s391 turn0 ttft=447.166ms hit=0.0 e2e=848.188ms
[ok] request s35 turn0 ttft=133.014ms hit=0.0 e2e=530.986ms
[ok] request s179 turn3 ttft=172.006ms hit=0.451499 e2e=569.688ms
[ok] request s435 turn3 ttft=168.735ms hit=0.377025 e2e=568.159ms
[ok] openhands s131 turn5 ttft=444.509ms hit=0.88772 e2e=846.953ms
[ok] request s273 turn1 ttft=167.665ms hit=0.0 e2e=567.021ms
[ok] request s15 turn0 ttft=141.396ms hit=0.0 e2e=1216.269ms
[ok] request s292 turn0 ttft=229.107ms hit=0.0 e2e=280.857ms
[ok] openhands s257 turn11 ttft=365.494ms hit=0.986749 e2e=1252.003ms
[ok] openhands s2 turn2 ttft=355.36ms hit=0.946288 e2e=1255.212ms
[ok] openhands s131 turn6 ttft=354.308ms hit=0.87456 e2e=1243.831ms
[ok] request s409 turn0 ttft=264.15ms hit=0.0 e2e=1154.448ms
[ok] request s35 turn1 ttft=365.07ms hit=0.0 e2e=850.773ms
[ok] request s333 turn0 ttft=432.302ms hit=0.0 e2e=1030.639ms
[ok] request s169 turn0 ttft=127.388ms hit=0.0 e2e=951.973ms
[ok] openhands s2 turn3 ttft=691.246ms hit=0.907423 e2e=1106.865ms
[ok] openhands s257 turn12 ttft=461.163ms hit=0.939349 e2e=1114.084ms
[ok] openhands s131 turn7 ttft=672.519ms hit=0.833725 e2e=1090.147ms
[ok] request s296 turn0 ttft=580.069ms hit=0.0 e2e=1000.142ms
[ok] request s343 turn0 ttft=265.329ms hit=0.0 e2e=683.672ms
[ok] request s292 turn1 ttft=336.315ms hit=0.0 e2e=754.383ms
[ok] request s6 turn0 ttft=130.617ms hit=0.0 e2e=1428.805ms
[ok] request s570 turn0 ttft=137.927ms hit=0.0 e2e=549.814ms
[ok] openhands s257 turn13 ttft=792.907ms hit=0.983515 e2e=1445.381ms
[ok] openhands s2 turn4 ttft=801.027ms hit=0.933273 e2e=1455.379ms
[ok] openhands s131 turn8 ttft=780.714ms hit=0.920094 e2e=1437.372ms
[ok] openhands s384 turn0 ttft=851.367ms hit=0.0 e2e=1507.719ms
[ok] request s169 turn1 ttft=690.771ms hit=0.0 e2e=1224.458ms
[ok] request s292 turn2 ttft=438.219ms hit=0.0 e2e=857.129ms
[ok] request s140 turn0 ttft=453.301ms hit=0.0 e2e=872.972ms
[ok] request s532 turn0 ttft=655.667ms hit=0.0 e2e=1190.633ms
[ok] request s272 turn0 ttft=133.633ms hit=0.0 e2e=238.174ms
[ok] request s292 turn3 ttft=281.414ms hit=0.0 e2e=698.734ms
[ok] request s477 turn0 ttft=169.489ms hit=0.0 e2e=587.914ms
[ok] openhands s384 turn1 ttft=736.88ms hit=0.671413 e2e=1297.903ms
[ok] openhands s2 turn5 ttft=369.941ms hit=0.943605 e2e=1301.709ms
[ok] openhands s131 turn9 ttft=727.547ms hit=0.869976 e2e=1292.707ms
[ok] request s169 turn2 ttft=284.702ms hit=0.0 e2e=705.814ms
[ok] openhands s257 turn14 ttft=841.719ms hit=0.977959 e2e=1277.551ms
[ok] request s140 turn1 ttft=280.8ms hit=0.0 e2e=703.053ms
[ok] request s6 turn1 ttft=666.042ms hit=0.0 e2e=1102.877ms
[ok] request s408 turn0 ttft=660.592ms hit=0.0 e2e=1227.311ms
[ok] request s250 turn0 ttft=487.691ms hit=0.0 e2e=909.237ms
[ok] request s446 turn0 ttft=139.822ms hit=0.0 e2e=526.524ms
[ok] openhands s131 turn10 ttft=484.247ms hit=0.888365 e2e=1127.274ms
[ok] openhands s2 turn6 ttft=520.355ms hit=0.975445 e2e=1163.954ms
[ok] openhands s384 turn2 ttft=382.675ms hit=0.895888 e2e=1166.834ms
[ok] openhands s257 turn15 ttft=490.038ms hit=0.987691 e2e=1137.479ms
[ok] request s305 turn0 ttft=479.022ms hit=0.0 e2e=1126.122ms
[ok] request s399 turn0 ttft=171.585ms hit=0.0 e2e=810.103ms
[ok] request s382 turn0 ttft=188.747ms hit=0.0 e2e=785.599ms
[ok] request s6 turn2 ttft=256.252ms hit=0.0 e2e=864.924ms
[ok] request s49 turn0 ttft=884.958ms hit=0.0 e2e=1009.492ms
[ok] request s348 turn0 ttft=138.767ms hit=0.0 e2e=1661.2ms
[ok] openhands s384 turn3 ttft=480.184ms hit=0.985895 e2e=1712.132ms
[ok] openhands s2 turn7 ttft=302.103ms hit=0.978032 e2e=1716.977ms
[ok] openhands s131 turn11 ttft=1322.824ms hit=0.454406 e2e=1708.267ms
[ok] request s382 turn1 ttft=451.593ms hit=0.0 e2e=834.859ms
[ok] openhands s257 turn16 ttft=1310.958ms hit=0.988305 e2e=1697.478ms
[ok] request s51 turn0 ttft=1200.723ms hit=0.0 e2e=1586.269ms
[ok] request s236 turn0 ttft=566.26ms hit=0.0 e2e=950.773ms
[ok] request s49 turn1 ttft=134.281ms hit=0.0 e2e=953.609ms
[ok] openhands s2 turn8 ttft=508.889ms hit=0.973099 e2e=903.672ms
[ok] openhands s384 turn4 ttft=397.72ms hit=0.980194 e2e=915.677ms
[ok] openhands s257 turn17 ttft=517.202ms hit=0.982616 e2e=900.666ms
[ok] openhands s131 turn12 ttft=507.939ms hit=0.955556 e2e=891.831ms
[ok] request s51 turn1 ttft=137.677ms hit=0.0 e2e=635.431ms
[ok] request s382 turn2 ttft=139.702ms hit=0.0 e2e=637.213ms
[ok] openhands s257 turn18 ttft=450.966ms hit=0.994981 e2e=836.341ms
[ok] openhands s2 turn9 ttft=313.104ms hit=0.981356 e2e=843.039ms
[ok] openhands s131 turn13 ttft=560.319ms hit=0.91072 e2e=829.478ms
[ok] openhands s384 turn5 ttft=555.309ms hit=0.931653 e2e=824.195ms
[ok] request s49 turn2 ttft=504.822ms hit=0.0 e2e=775.026ms
[ok] openhands s257 turn19 ttft=385.983ms hit=0.995911 e2e=1344.375ms
[ok] openhands s2 turn10 ttft=584.206ms hit=0.925035 e2e=1336.642ms
[ok] openhands s131 turn14 ttft=1041.971ms hit=0.749471 e2e=1312.774ms
[ok] request s51 turn2 ttft=1005.761ms hit=0.0 e2e=1277.987ms
[ok] openhands s384 turn6 ttft=579.607ms hit=0.965086 e2e=1332.593ms
[ok] openhands s257 turn20 ttft=367.486ms hit=0.991855 e2e=610.494ms
[ok] openhands s384 turn7 ttft=358.13ms hit=0.950004 e2e=599.526ms
[ok] request s51 turn3 ttft=203.133ms hit=0.691892 e2e=791.561ms
[ok] openhands s257 turn21 ttft=394.077ms hit=0.961609 e2e=797.722ms
[ok] openhands s2 turn11 ttft=345.551ms hit=0.979592 e2e=591.885ms
[ok] openhands s384 turn8 ttft=538.35ms hit=0.879948 e2e=788.273ms
[ok] openhands s2 turn12 ttft=316.994ms hit=0.98074 e2e=817.522ms
[ok] openhands s257 turn22 ttft=424.843ms hit=0.98289 e2e=788.388ms
[ok] openhands s384 turn9 ttft=444.818ms hit=0.910336 e2e=812.962ms
[ok] request s51 turn4 ttft=140.235ms hit=0.704403 e2e=757.108ms
[ok] openhands s2 turn13 ttft=315.385ms hit=0.987953 e2e=702.03ms
[ok] openhands s257 turn23 ttft=434.656ms hit=0.959224 e2e=680.485ms
[ok] openhands s384 turn10 ttft=437.169ms hit=0.989364 e2e=697.042ms
[ok] request s51 turn5 ttft=225.12ms hit=0.0 e2e=474.227ms
[ok] openhands s2 turn14 ttft=329.45ms hit=0.987096 e2e=889.091ms
[ok] openhands s384 turn11 ttft=593.789ms hit=0.98719 e2e=873.09ms
[ok] openhands s257 turn24 ttft=474.666ms hit=0.947226 e2e=883.415ms
[ok] openhands s384 turn12 ttft=339.319ms hit=0.984838 e2e=592.765ms
[ok] openhands s257 turn25 ttft=342.071ms hit=0.990874 e2e=587.816ms
[ok] openhands s257 turn26 ttft=391.011ms hit=0.986763 e2e=634.91ms
[ok] openhands s384 turn13 ttft=383.366ms hit=0.989531 e2e=624.763ms
[ok] openhands s257 turn27 ttft=390.623ms hit=0.980825 e2e=633.683ms
[ok] openhands s384 turn14 ttft=382.216ms hit=0.992725 e2e=623.401ms
[ok] openhands s257 turn28 ttft=265.52ms hit=0.988381 e2e=513.763ms
[ok] openhands s257 turn29 ttft=268.125ms hit=0.986736 e2e=512.966ms
[ok] openhands s257 turn30 ttft=271.875ms hit=0.985144 e2e=516.702ms
[ok] openhands s257 turn31 ttft=418.206ms hit=0.920818 e2e=663.209ms
[ok] openhands s257 turn32 ttft=291.66ms hit=0.985547 e2e=536.345ms
[ok] openhands s447 turn0 ttft=858.498ms hit=0.0 e2e=2114.931ms
[ok] request s285 turn0 ttft=677.775ms hit=0.0 e2e=1804.686ms
[ok] request s286 turn0 ttft=362.185ms hit=0.0 e2e=1487.69ms
[ok] request s429 turn0 ttft=179.539ms hit=0.0 e2e=589.858ms
[ok] request s229 turn0 ttft=692.377ms hit=0.0 e2e=1225.294ms
[ok] request s462 turn0 ttft=488.538ms hit=0.0 e2e=907.162ms
[ok] request s347 turn0 ttft=130.473ms hit=0.0 e2e=611.916ms
[ok] openhands s447 turn1 ttft=296.64ms hit=0.977936 e2e=1127.27ms
[ok] request s300 turn0 ttft=199.937ms hit=0.0 e2e=1029.413ms
[ok] request s451 turn0 ttft=128.18ms hit=0.0 e2e=1229.545ms
[ok] request s13 turn0 ttft=236.18ms hit=0.0 e2e=1103.07ms
[ok] request s462 turn1 ttft=312.584ms hit=0.0 e2e=1181.791ms
[ok] request s286 turn1 ttft=244.161ms hit=0.0 e2e=1237.9ms
[ok] request s558 turn0 ttft=311.034ms hit=0.0 e2e=826.813ms
[ok] openhands s447 turn2 ttft=256.645ms hit=0.836972 e2e=750.217ms
[ok] request s347 turn1 ttft=248.722ms hit=0.357043 e2e=886.124ms
[ok] request s152 turn0 ttft=139.997ms hit=0.0 e2e=578.871ms
[ok] request s114 turn0 ttft=132.134ms hit=0.0 e2e=1095.102ms
[ok] request s566 turn0 ttft=227.616ms hit=0.0 e2e=476.35ms
[ok] openhands s447 turn3 ttft=410.464ms hit=0.796551 e2e=1033.86ms
[ok] request s451 turn1 ttft=298.928ms hit=0.0 e2e=668.91ms
[ok] request s103 turn0 ttft=429.513ms hit=0.0 e2e=913.244ms
[ok] request s244 turn0 ttft=124.406ms hit=0.0 e2e=1278.949ms
[ok] request s524 turn0 ttft=131.108ms hit=0.0 e2e=275.726ms
[ok] openhands s447 turn4 ttft=398.519ms hit=0.882514 e2e=1484.42ms
[ok] openhands s510 turn0 ttft=831.479ms hit=0.0 e2e=1446.02ms
[ok] request s466 turn0 ttft=317.737ms hit=0.0 e2e=811.416ms
[ok] request s114 turn1 ttft=525.411ms hit=0.0 e2e=1022.167ms
[ok] request s503 turn0 ttft=512.999ms hit=0.0 e2e=1130.099ms
[ok] request s538 turn0 ttft=131.493ms hit=0.0 e2e=609.174ms
[ok] openhands s510 turn1 ttft=288.298ms hit=0.923146 e2e=764.727ms
[ok] openhands s447 turn5 ttft=282.13ms hit=0.976605 e2e=755.746ms
[ok] request s168 turn0 ttft=151.469ms hit=0.0 e2e=626.804ms
[ok] request s97 turn0 ttft=127.145ms hit=0.0 e2e=874.789ms
[ok] request s503 turn1 ttft=128.678ms hit=0.0 e2e=980.779ms
[ok] request s466 turn1 ttft=130.245ms hit=0.0 e2e=981.993ms
[ok] request s225 turn0 ttft=213.563ms hit=0.0 e2e=593.616ms
[ok] openhands s510 turn2 ttft=301.212ms hit=0.983306 e2e=919.646ms
[ok] request s538 turn1 ttft=264.421ms hit=0.0 e2e=654.874ms
[ok] request s437 turn0 ttft=293.874ms hit=0.0 e2e=913.2ms
[ok] openhands s447 turn6 ttft=406.28ms hit=0.987921 e2e=910.294ms
[ok] request s74 turn0 ttft=128.952ms hit=0.0 e2e=1422.165ms
[ok] request s427 turn0 ttft=130.997ms hit=0.0 e2e=197.01ms
[ok] request s490 turn0 ttft=446.213ms hit=0.0 e2e=854.067ms
[ok] request s538 turn2 ttft=403.515ms hit=0.0 e2e=930.663ms
[ok] request s225 turn1 ttft=405.421ms hit=0.0 e2e=932.238ms
[ok] openhands s510 turn3 ttft=886.227ms hit=0.472224 e2e=1530.428ms
[ok] request s466 turn2 ttft=507.382ms hit=0.0 e2e=1038.586ms
[ok] openhands s447 turn7 ttft=874.864ms hit=0.989173 e2e=1520.656ms
[ok] request s184 turn0 ttft=646.357ms hit=0.0 e2e=1177.278ms
[ok] request s97 turn1 ttft=643.307ms hit=0.0 e2e=1289.012ms
[ok] request s359 turn0 ttft=848.523ms hit=0.0 e2e=1495.485ms
[ok] request s163 turn0 ttft=134.086ms hit=0.0 e2e=1747.853ms
[ok] openhands s510 turn4 ttft=328.873ms hit=0.970733 e2e=1844.629ms
[ok] request s425 turn0 ttft=358.69ms hit=0.0 e2e=1754.97ms
[ok] openhands s447 turn8 ttft=215.337ms hit=0.987595 e2e=1611.227ms
[ok] request s93 turn0 ttft=606.586ms hit=0.0 e2e=1138.999ms
[ok] request s97 turn2 ttft=610.77ms hit=0.0 e2e=1264.424ms
[ok] request s466 turn3 ttft=612.855ms hit=0.535565 e2e=1266.117ms
[ok] request s225 turn2 ttft=615.093ms hit=0.0 e2e=1267.935ms
[ok] openhands s258 turn0 ttft=805.038ms hit=0.0 e2e=1457.527ms
[ok] request s43 turn0 ttft=298.472ms hit=0.0 e2e=822.534ms
[ok] request s359 turn1 ttft=611.638ms hit=0.0 e2e=1264.004ms
[ok] request s331 turn0 ttft=130.129ms hit=0.0 e2e=688.108ms
[ok] request s445 turn0 ttft=135.903ms hit=0.0 e2e=630.071ms
[ok] openhands s510 turn5 ttft=330.093ms hit=0.991364 e2e=1638.486ms
[ok] openhands s447 turn9 ttft=322.87ms hit=0.988825 e2e=1626.997ms
[ok] request s335 turn0 ttft=195.471ms hit=0.0 e2e=1499.223ms
[ok] openhands s258 turn1 ttft=317.264ms hit=0.978536 e2e=1622.281ms
[ok] request s542 turn0 ttft=132.476ms hit=0.0 e2e=1567.598ms
[ok] request s185 turn0 ttft=452.288ms hit=0.0 e2e=1093.95ms
[ok] request s359 turn2 ttft=435.002ms hit=0.477315 e2e=1574.42ms
[ok] request s43 turn1 ttft=249.02ms hit=0.0 e2e=1575.569ms
[ok] request s97 turn3 ttft=251.196ms hit=0.0 e2e=1578.866ms
[ok] request s355 turn0 ttft=142.388ms hit=0.0 e2e=779.842ms
[ok] request s346 turn0 ttft=657.18ms hit=0.0 e2e=1415.092ms
[ok] openhands s510 turn6 ttft=328.458ms hit=0.976184 e2e=952.135ms
[ok] openhands s447 turn10 ttft=317.317ms hit=0.971112 e2e=932.911ms
[ok] request s444 turn0 ttft=253.526ms hit=0.0 e2e=868.851ms
[ok] openhands s258 turn2 ttft=296.183ms hit=0.978367 e2e=912.728ms
[ok] request s40 turn0 ttft=130.695ms hit=0.0 e2e=808.005ms
[ok] request s468 turn0 ttft=125.404ms hit=0.0 e2e=885.349ms
[ok] request s335 turn1 ttft=244.846ms hit=0.0 e2e=1006.851ms
[ok] request s541 turn0 ttft=129.227ms hit=0.0 e2e=196.638ms
[ok] request s59 turn0 ttft=218.043ms hit=0.0 e2e=542.508ms
[ok] request s359 turn3 ttft=297.748ms hit=0.665223 e2e=839.042ms
[ok] request s185 turn1 ttft=301.498ms hit=0.0 e2e=841.787ms
[ok] request s90 turn0 ttft=406.941ms hit=0.0 e2e=949.437ms
[ok] request s43 turn2 ttft=414.495ms hit=0.561404 e2e=839.411ms
[ok] openhands s447 turn11 ttft=332.815ms hit=0.969011 e2e=1013.788ms
[ok] request s542 turn1 ttft=325.72ms hit=0.0 e2e=1006.404ms
[ok] request s346 turn1 ttft=412.608ms hit=0.830105 e2e=840.302ms
[ok] openhands s258 turn3 ttft=435.58ms hit=0.978136 e2e=981.23ms
[ok] request s355 turn1 ttft=296.754ms hit=0.0 e2e=841.652ms
[ok] openhands s510 turn7 ttft=441.206ms hit=0.985727 e2e=986.804ms
[ok] request s355 turn2 ttft=962.989ms hit=0.0 e2e=1515.67ms
[ok] request s346 turn2 ttft=965.269ms hit=0.0 e2e=1518.808ms
[ok] request s185 turn2 ttft=737.248ms hit=0.0 e2e=1521.669ms
[ok] request s280 turn0 ttft=302.962ms hit=0.0 e2e=854.991ms
[ok] openhands s1 turn0 ttft=868.089ms hit=0.0 e2e=2123.291ms
[ok] request s59 turn1 ttft=539.456ms hit=0.0 e2e=1616.23ms
[ok] openhands s258 turn4 ttft=866.551ms hit=0.980092 e2e=2121.543ms
[ok] request s410 turn0 ttft=731.33ms hit=0.0 e2e=1807.926ms
[ok] request s431 turn0 ttft=614.477ms hit=0.0 e2e=1173.238ms
[ok] request s335 turn2 ttft=832.923ms hit=0.0 e2e=1909.422ms
[ok] request s559 turn0 ttft=932.809ms hit=0.0 e2e=1491.494ms
[ok] openhands s510 turn8 ttft=995.136ms hit=0.988939 e2e=2071.541ms
[ok] openhands s447 turn12 ttft=1024.087ms hit=0.890435 e2e=2100.223ms
[ok] request s146 turn0 ttft=129.141ms hit=0.0 e2e=553.256ms
[ok] request s352 turn0 ttft=137.747ms hit=0.0 e2e=1121.472ms
[ok] request s125 turn0 ttft=129.011ms hit=0.0 e2e=637.801ms
[ok] openhands s1 turn1 ttft=302.26ms hit=0.975935 e2e=1062.597ms
[ok] openhands s510 turn9 ttft=418.973ms hit=0.988094 e2e=1056.718ms
[ok] request s310 turn0 ttft=445.698ms hit=0.0 e2e=969.825ms
[ok] openhands s447 turn13 ttft=515.872ms hit=0.990033 e2e=1040.74ms
[ok] openhands s258 turn5 ttft=422.356ms hit=0.881348 e2e=1062.771ms
[ok] request s248 turn0 ttft=145.827ms hit=0.0 e2e=227.521ms
[ok] request s335 turn3 ttft=281.258ms hit=0.6658 e2e=1341.123ms
[ok] request s185 turn3 ttft=286.547ms hit=0.524053 e2e=1346.56ms
[ok] request s346 turn3 ttft=278.261ms hit=0.88105 e2e=1351.351ms
[ok] request s560 turn0 ttft=152.541ms hit=0.0 e2e=1214.397ms
[ok] request s59 turn2 ttft=283.754ms hit=0.0 e2e=1346.275ms
[ok] request s125 turn1 ttft=177.976ms hit=0.0 e2e=601.604ms
[ok] openhands s1 turn2 ttft=502.201ms hit=0.666348 e2e=1188.122ms
[ok] openhands s510 turn10 ttft=626.725ms hit=0.985443 e2e=1188.567ms
[ok] request s352 turn1 ttft=312.924ms hit=0.0 e2e=755.291ms
[ok] request s293 turn0 ttft=279.272ms hit=0.0 e2e=1209.485ms
[ok] request s148 turn0 ttft=450.01ms hit=0.0 e2e=892.288ms
[ok] request s310 turn1 ttft=163.1ms hit=0.0 e2e=591.228ms
[ok] openhands s447 turn14 ttft=565.544ms hit=0.991783 e2e=1129.085ms
[ok] openhands s258 turn6 ttft=574.984ms hit=0.964709 e2e=1139.344ms
[ok] request s79 turn0 ttft=135.407ms hit=0.0 e2e=1263.165ms
[ok] request s59 turn3 ttft=632.157ms hit=0.0 e2e=936.952ms
[ok] request s560 turn1 ttft=633.948ms hit=0.0 e2e=939.483ms
[ok] request s185 turn4 ttft=636.692ms hit=0.0 e2e=941.89ms
[ok] openhands s1 turn3 ttft=391.181ms hit=0.845994 e2e=1228.373ms
[ok] openhands s258 turn7 ttft=671.419ms hit=0.729665 e2e=1228.094ms
[ok] request s335 turn4 ttft=639.472ms hit=0.0 e2e=947.725ms
[ok] request s148 turn1 ttft=329.13ms hit=0.0 e2e=631.518ms
[ok] request s290 turn0 ttft=864.621ms hit=0.0 e2e=1172.811ms
[ok] request s171 turn0 ttft=547.652ms hit=0.0 e2e=855.589ms
[ok] openhands s510 turn11 ttft=873.269ms hit=0.984426 e2e=1180.95ms
[ok] openhands s447 turn15 ttft=903.185ms hit=0.96595 e2e=1210.628ms
[ok] openhands s1 turn4 ttft=317.111ms hit=0.963375 e2e=930.906ms
[ok] openhands s447 turn16 ttft=422.026ms hit=0.957384 e2e=919.12ms
[ok] openhands s510 turn12 ttft=396.738ms hit=0.990643 e2e=889.062ms
[ok] request s290 turn1 ttft=248.072ms hit=0.0 e2e=875.229ms
[ok] request s335 turn5 ttft=251.05ms hit=0.873294 e2e=878.481ms
[ok] request s59 turn4 ttft=252.037ms hit=0.689408 e2e=885.686ms
[ok] request s560 turn2 ttft=250.294ms hit=0.334641 e2e=883.687ms
[ok] openhands s1 turn5 ttft=582.577ms hit=0.988117 e2e=701.791ms
[ok] openhands s510 turn13 ttft=398.642ms hit=0.97471 e2e=687.577ms
[ok] openhands s447 turn17 ttft=446.622ms hit=0.968055 e2e=749.56ms
[ok] openhands s1 turn6 ttft=305.775ms hit=0.990329 e2e=669.574ms
[ok] openhands s510 turn14 ttft=234.582ms hit=0.975622 e2e=596.306ms
[ok] request s560 turn3 ttft=143.084ms hit=0.448729 e2e=645.851ms
[ok] request s335 turn6 ttft=146.434ms hit=0.789514 e2e=649.5ms
[ok] openhands s1 turn7 ttft=343.856ms hit=0.917453 e2e=589.953ms
[ok] openhands s510 turn15 ttft=343.155ms hit=0.994729 e2e=585.86ms
[ok] openhands s1 turn8 ttft=311.31ms hit=0.992876 e2e=672.085ms
[ok] request s560 turn4 ttft=173.103ms hit=0.770504 e2e=532.833ms
[ok] request s335 turn7 ttft=141.842ms hit=0.816066 e2e=508.257ms
[ok] openhands s1 turn9 ttft=208.617ms hit=0.966335 e2e=450.949ms
[ok] openhands s1 turn10 ttft=199.082ms hit=0.963733 e2e=443.533ms
[ok] openhands s1 turn11 ttft=208.877ms hit=0.945488 e2e=454.79ms
[ok] openhands s1 turn12 ttft=212.789ms hit=0.985659 e2e=454.471ms
[ok] openhands s1 turn13 ttft=213.553ms hit=0.977371 e2e=457.642ms
[ok] openhands s1 turn14 ttft=209.318ms hit=0.9876 e2e=453.688ms
[ok] request s239 turn0 ttft=130.145ms hit=0.0 e2e=223.548ms
[ok] openhands s193 turn0 ttft=890.613ms hit=0.0 e2e=1255.193ms
[ok] request s159 turn0 ttft=580.537ms hit=0.0 e2e=945.607ms
[ok] request s424 turn0 ttft=268.635ms hit=0.0 e2e=628.514ms
[ok] request s392 turn0 ttft=275.904ms hit=0.0 e2e=877.871ms
[ok] openhands s193 turn1 ttft=278.545ms hit=0.96437 e2e=883.694ms
[ok] request s94 turn0 ttft=128.753ms hit=0.0 e2e=615.908ms
[ok] request s265 turn0 ttft=226.438ms hit=0.0 e2e=804.007ms
[ok] request s159 turn1 ttft=248.049ms hit=0.406349 e2e=953.971ms
[ok] openhands s193 turn2 ttft=289.75ms hit=0.927056 e2e=864.3ms
[ok] request s463 turn0 ttft=226.432ms hit=0.0 e2e=793.486ms
[ok] request s253 turn0 ttft=159.24ms hit=0.0 e2e=525.87ms
[ok] request s390 turn0 ttft=134.085ms hit=0.0 e2e=1099.159ms
[ok] request s498 turn0 ttft=140.566ms hit=0.0 e2e=875.945ms
[ok] openhands s193 turn3 ttft=298.859ms hit=0.967582 e2e=1035.456ms
[ok] request s265 turn1 ttft=128.318ms hit=0.0 e2e=750.258ms
[ok] request s539 turn0 ttft=134.522ms hit=0.0 e2e=648.476ms
[ok] request s463 turn1 ttft=155.944ms hit=0.0 e2e=526.494ms
[ok] request s353 turn0 ttft=137.569ms hit=0.0 e2e=2158.243ms
[ok] request s361 turn0 ttft=545.28ms hit=0.0 e2e=1557.004ms
[ok] request s278 turn0 ttft=884.653ms hit=0.0 e2e=2193.172ms
[ok] request s470 turn0 ttft=683.266ms hit=0.0 e2e=1876.974ms
[ok] request s463 turn2 ttft=563.593ms hit=0.0 e2e=1577.115ms
[ok] request s514 turn0 ttft=195.194ms hit=0.0 e2e=605.867ms
[ok] request s378 turn0 ttft=511.379ms hit=0.0 e2e=926.399ms
[ok] request s498 turn1 ttft=475.396ms hit=0.0 e2e=1670.946ms
[ok] openhands s385 turn0 ttft=705.018ms hit=0.0 e2e=1243.167ms
[ok] openhands s193 turn4 ttft=957.814ms hit=0.477461 e2e=2269.929ms
[ok] request s58 turn0 ttft=132.527ms hit=0.0 e2e=644.386ms
[ok] openhands s385 turn1 ttft=336.942ms hit=0.855778 e2e=953.968ms
[ok] request s525 turn0 ttft=320.234ms hit=0.0 e2e=938.308ms
[ok] openhands s193 turn5 ttft=335.765ms hit=0.929782 e2e=960.287ms
[ok] request s85 turn0 ttft=135.733ms hit=0.0 e2e=752.012ms
[ok] request s494 turn0 ttft=135.219ms hit=0.0 e2e=153.628ms
[ok] request s498 turn2 ttft=258.292ms hit=0.0 e2e=874.346ms
[ok] request s470 turn1 ttft=251.343ms hit=0.0 e2e=877.913ms
[ok] request s219 turn0 ttft=197.106ms hit=0.0 e2e=815.371ms
[ok] openhands s193 turn6 ttft=301.585ms hit=0.970778 e2e=909.561ms
[ok] request s370 turn0 ttft=289.978ms hit=0.0 e2e=898.313ms
[ok] openhands s385 turn2 ttft=299.712ms hit=0.989758 e2e=913.852ms
[ok] request s274 turn0 ttft=199.616ms hit=0.0 e2e=872.956ms
[ok] request s525 turn1 ttft=246.131ms hit=0.0 e2e=1008.679ms
[ok] request s494 turn1 ttft=259.77ms hit=0.0 e2e=724.839ms
[ok] openhands s193 turn7 ttft=429.048ms hit=0.947228 e2e=947.585ms
[ok] request s365 turn0 ttft=380.444ms hit=0.0 e2e=899.184ms
[ok] request s282 turn0 ttft=190.458ms hit=0.0 e2e=584.333ms
[ok] request s470 turn2 ttft=349.209ms hit=0.0 e2e=756.08ms
[ok] request s219 turn1 ttft=348.305ms hit=0.539705 e2e=754.827ms
[ok] openhands s385 turn3 ttft=305.772ms hit=0.969761 e2e=953.868ms
[ok] request s458 turn0 ttft=130.829ms hit=0.0 e2e=1220.251ms
[ok] request s494 turn2 ttft=264.51ms hit=0.0 e2e=1573.573ms
[ok] request s337 turn0 ttft=312.463ms hit=0.0 e2e=1812.938ms
[ok] openhands s385 turn4 ttft=435.547ms hit=0.939687 e2e=2167.92ms
[ok] request s368 turn0 ttft=398.716ms hit=0.0 e2e=2130.736ms
[ok] request s470 turn3 ttft=321.819ms hit=0.526388 e2e=1583.043ms
[ok] request s282 turn1 ttft=323.314ms hit=0.0 e2e=1584.233ms
[ok] request s518 turn0 ttft=247.935ms hit=0.0 e2e=1499.461ms
[ok] request s274 turn1 ttft=312.226ms hit=0.0 e2e=1930.316ms
[ok] request s365 turn1 ttft=325.147ms hit=0.0 e2e=1586.155ms
[ok] openhands s193 turn8 ttft=333.834ms hit=0.988357 e2e=2184.684ms
[ok] openhands s323 turn0 ttft=762.392ms hit=0.0 e2e=1409.984ms
[ok] request s420 turn0 ttft=559.57ms hit=0.0 e2e=1093.916ms
[ok] request s458 turn1 ttft=327.334ms hit=0.0 e2e=861.417ms
[ok] request s314 turn0 ttft=250.038ms hit=0.0 e2e=777.394ms
[ok] request s106 turn0 ttft=130.889ms hit=0.0 e2e=1502.366ms
[ok] request s458 turn2 ttft=340.016ms hit=0.361582 e2e=793.151ms
[ok] request s494 turn3 ttft=275.674ms hit=0.0 e2e=1092.615ms
[ok] openhands s385 turn5 ttft=455.512ms hit=0.946596 e2e=1617.026ms
[ok] request s226 turn0 ttft=377.319ms hit=0.0 e2e=1538.485ms
[ok] request s136 turn0 ttft=286.974ms hit=0.0 e2e=1225.874ms
[ok] request s282 turn2 ttft=331.445ms hit=0.446771 e2e=1029.876ms
[ok] request s420 turn1 ttft=340.502ms hit=0.0 e2e=801.259ms
[ok] request s365 turn2 ttft=329.566ms hit=0.375918 e2e=1028.879ms
[ok] request s368 turn1 ttft=335.745ms hit=0.0 e2e=1035.808ms
[ok] request s129 turn0 ttft=334.249ms hit=0.0 e2e=909.788ms
[ok] openhands s323 turn1 ttft=348.518ms hit=0.963614 e2e=1401.927ms
[ok] request s470 turn4 ttft=333.864ms hit=0.623782 e2e=1033.062ms
[ok] openhands s193 turn9 ttft=344.752ms hit=0.969213 e2e=1630.479ms
[ok] request s527 turn0 ttft=150.439ms hit=0.0 e2e=593.448ms
[ok] request s452 turn0 ttft=138.29ms hit=0.0 e2e=799.574ms
[ok] openhands s193 turn10 ttft=343.083ms hit=0.940682 e2e=1113.122ms
[ok] openhands s323 turn2 ttft=330.67ms hit=0.945076 e2e=1102.989ms
[ok] request s533 turn0 ttft=310.263ms hit=0.0 e2e=1083.902ms
[ok] openhands s385 turn6 ttft=311.209ms hit=0.946122 e2e=1119.995ms
[ok] request s480 turn0 ttft=129.58ms hit=0.0 e2e=954.517ms
[ok] request s458 turn3 ttft=271.09ms hit=0.691892 e2e=1190.056ms
[ok] request s527 turn1 ttft=275.525ms hit=0.0 e2e=1180.309ms
[ok] request s129 turn1 ttft=279.428ms hit=0.608076 e2e=1183.925ms
[ok] request s470 turn5 ttft=278.749ms hit=0.770214 e2e=1182.91ms
[ok] request s494 turn4 ttft=268.402ms hit=0.0 e2e=1192.258ms
[ok] request s368 turn2 ttft=281.682ms hit=0.0 e2e=1185.721ms
[ok] request s420 turn2 ttft=283.593ms hit=0.304762 e2e=1187.299ms
[ok] request s268 turn0 ttft=206.21ms hit=0.0 e2e=1109.626ms
[ok] request s430 turn0 ttft=132.151ms hit=0.0 e2e=899.079ms
[ok] openhands s323 turn3 ttft=410.068ms hit=0.970346 e2e=1054.21ms
[ok] openhands s193 turn11 ttft=391.17ms hit=0.989691 e2e=1036.753ms
[ok] request s207 turn0 ttft=241.976ms hit=0.0 e2e=878.234ms
[ok] openhands s385 turn7 ttft=304.277ms hit=0.904928 e2e=1066.98ms
[ok] request s279 turn0 ttft=139.593ms hit=0.0 e2e=839.551ms
[ok] request s295 turn0 ttft=133.012ms hit=0.0 e2e=157.5ms
[ok] request s480 turn1 ttft=244.964ms hit=0.0 e2e=2136.114ms
[ok] request s554 turn0 ttft=215.596ms hit=0.0 e2e=2107.757ms
[ok] request s268 turn1 ttft=1219.828ms hit=0.0 e2e=1931.961ms
[ok] openhands s323 turn4 ttft=490.109ms hit=0.977028 e2e=2119.236ms
[ok] openhands s193 turn12 ttft=499.603ms hit=0.975945 e2e=2128.351ms
[ok] request s294 turn0 ttft=1189.569ms hit=0.0 e2e=1748.49ms
[ok] request s420 turn3 ttft=1218.769ms hit=0.0 e2e=1936.12ms
[ok] request s470 turn6 ttft=1223.998ms hit=0.0 e2e=1945.848ms
[ok] request s546 turn0 ttft=540.39ms hit=0.0 e2e=1117.979ms
[ok] request s279 turn1 ttft=687.86ms hit=0.0 e2e=1265.152ms
[ok] request s527 turn2 ttft=1227.305ms hit=0.0 e2e=1949.341ms
[ok] request s494 turn5 ttft=1222.567ms hit=0.0 e2e=1944.328ms
[ok] openhands s68 turn0 ttft=1090.248ms hit=0.0 e2e=2071.95ms
[ok] request s458 turn4 ttft=1232.034ms hit=0.0 e2e=1953.795ms
[ok] request s78 turn0 ttft=225.98ms hit=0.0 e2e=802.961ms
[ok] openhands s385 turn8 ttft=318.254ms hit=0.954887 e2e=2140.121ms
[ok] request s129 turn2 ttft=1370.967ms hit=0.0 e2e=1949.509ms
[ok] request s255 turn0 ttft=860.106ms hit=0.0 e2e=1438.412ms
[ok] request s481 turn0 ttft=131.089ms hit=0.0 e2e=1269.673ms
[ok] request s255 turn1 ttft=196.841ms hit=0.388467 e2e=743.074ms
[ok] openhands s68 turn1 ttft=412.517ms hit=0.988878 e2e=1337.448ms
[ok] openhands s385 turn9 ttft=410.764ms hit=0.980697 e2e=1340.185ms
[ok] request s116 turn0 ttft=277.535ms hit=0.0 e2e=1206.702ms
[ok] request s470 turn7 ttft=202.47ms hit=0.829211 e2e=757.353ms
[ok] request s78 turn1 ttft=196.271ms hit=0.0 e2e=750.832ms
[ok] request s420 turn4 ttft=208.907ms hit=0.654313 e2e=763.15ms
[ok] request s480 turn2 ttft=341.763ms hit=0.0 e2e=1040.981ms
[ok] request s458 turn5 ttft=199.456ms hit=0.781812 e2e=753.691ms
[ok] openhands s193 turn13 ttft=537.747ms hit=0.954806 e2e=1352.811ms
[ok] request s33 turn0 ttft=307.47ms hit=0.0 e2e=890.677ms
[ok] openhands s323 turn5 ttft=304.848ms hit=0.98576 e2e=1357.146ms
[ok] request s527 turn3 ttft=202.185ms hit=0.528926 e2e=756.481ms
[ok] request s350 turn0 ttft=142.335ms hit=0.0 e2e=578.792ms
[ok] request s95 turn0 ttft=130.259ms hit=0.0 e2e=2106.751ms
[ok] request s375 turn0 ttft=826.788ms hit=0.0 e2e=1143.947ms
[ok] openhands s385 turn10 ttft=1711.554ms hit=0.920991 e2e=2152.923ms
[ok] request s366 turn0 ttft=1657.083ms hit=0.0 e2e=2098.15ms
[ok] openhands s323 turn6 ttft=1711.453ms hit=0.964458 e2e=2038.345ms
[ok] request s480 turn3 ttft=1235.189ms hit=0.0 e2e=1561.791ms
[ok] request s212 turn0 ttft=1141.229ms hit=0.0 e2e=1467.575ms
[ok] request s420 turn5 ttft=1238.602ms hit=0.0 e2e=1564.696ms
[ok] request s154 turn0 ttft=1459.511ms hit=0.0 e2e=1785.384ms
[ok] request s33 turn1 ttft=1235.583ms hit=0.0 e2e=1561.241ms
[ok] openhands s193 turn14 ttft=1750.224ms hit=0.929387 e2e=2075.637ms
[ok] request s255 turn2 ttft=1247.418ms hit=0.0 e2e=1572.62ms
[ok] openhands s68 turn2 ttft=1715.476ms hit=0.343441 e2e=2164.043ms
[ok] request s304 turn0 ttft=509.607ms hit=0.0 e2e=834.421ms
[ok] openhands s193 turn15 ttft=425.516ms hit=0.993175 e2e=1045.929ms
[ok] openhands s68 turn3 ttft=533.862ms hit=0.986603 e2e=1037.003ms
[ok] request s95 turn1 ttft=269.314ms hit=0.0 e2e=770.497ms
[ok] openhands s323 turn7 ttft=550.889ms hit=0.970031 e2e=1052.886ms
[ok] openhands s385 turn11 ttft=335.983ms hit=0.979949 e2e=1058.549ms
[ok] request s366 turn1 ttft=248.697ms hit=0.0 e2e=789.773ms
[ok] request s420 turn6 ttft=247.32ms hit=0.756757 e2e=785.395ms
[ok] openhands s68 turn4 ttft=309.932ms hit=0.992225 e2e=556.674ms
[ok] openhands s323 turn8 ttft=486.43ms hit=0.874093 e2e=741.354ms
[ok] openhands s385 turn12 ttft=474.459ms hit=0.978373 e2e=729.049ms
[ok] openhands s193 turn16 ttft=361.972ms hit=0.982228 e2e=752.07ms
[ok] openhands s68 turn5 ttft=439.713ms hit=0.994118 e2e=813.644ms
[ok] openhands s385 turn13 ttft=401.909ms hit=0.965148 e2e=648.177ms
[ok] openhands s193 turn17 ttft=552.365ms hit=0.995246 e2e=804.457ms
[ok] openhands s323 turn9 ttft=562.911ms hit=0.982313 e2e=810.332ms
[ok] openhands s68 turn6 ttft=457.232ms hit=0.930339 e2e=844.142ms
[ok] openhands s323 turn10 ttft=578.94ms hit=0.850281 e2e=838.811ms
[ok] openhands s385 turn14 ttft=327.98ms hit=0.921608 e2e=572.091ms
[ok] openhands s385 turn15 ttft=378.633ms hit=0.930134 e2e=760.139ms
[ok] openhands s68 turn7 ttft=499.236ms hit=0.993559 e2e=751.738ms
[ok] openhands s323 turn11 ttft=445.729ms hit=0.978721 e2e=693.072ms
[ok] openhands s68 turn8 ttft=377.121ms hit=0.985308 e2e=626.82ms
[ok] openhands s323 turn12 ttft=377.578ms hit=0.971417 e2e=621.195ms
[ok] openhands s385 turn16 ttft=371.484ms hit=0.968877 e2e=615.265ms
[ok] openhands s385 turn17 ttft=321.017ms hit=0.962065 e2e=564.698ms
[ok] openhands s323 turn13 ttft=304.074ms hit=0.969 e2e=545.695ms
[ok] openhands s323 turn14 ttft=213.097ms hit=0.980611 e2e=545.954ms
[ok] openhands s385 turn18 ttft=213.64ms hit=0.934648 e2e=485.152ms
[ok] openhands s323 turn15 ttft=414.281ms hit=0.982772 e2e=546.943ms
[ok] openhands s385 turn19 ttft=220.022ms hit=0.934744 e2e=462.441ms
[ok] openhands s323 turn16 ttft=191.201ms hit=0.96952 e2e=663.439ms
[ok] openhands s385 turn20 ttft=221.888ms hit=0.951362 e2e=467.702ms
[ok] openhands s323 turn17 ttft=472.898ms hit=0.948727 e2e=726.401ms
[ok] openhands s385 turn21 ttft=378.186ms hit=0.960669 e2e=627.28ms
[ok] openhands s68 turn9 ttft=493.199ms hit=0.916131 e2e=871.809ms
[ok] openhands s68 turn10 ttft=751.216ms hit=0.832844 e2e=990.17ms
[ok] openhands s385 turn22 ttft=741.969ms hit=0.967487 e2e=980.994ms
[ok] openhands s68 turn11 ttft=408.261ms hit=0.979302 e2e=656.138ms
[ok] openhands s385 turn23 ttft=319.274ms hit=0.980789 e2e=564.523ms
[ok] openhands s385 turn24 ttft=226.93ms hit=0.979706 e2e=473.013ms
[ok] openhands s385 turn25 ttft=229.668ms hit=0.98365 e2e=475.492ms
[ok] openhands s385 turn26 ttft=230.901ms hit=0.955539 e2e=475.642ms
[ok] openhands s385 turn27 ttft=232.317ms hit=0.965157 e2e=477.612ms
[ok] openhands s68 turn12 ttft=410.163ms hit=0.986202 e2e=658.476ms
[ok] openhands s385 turn28 ttft=327.469ms hit=0.980035 e2e=570.717ms
[ok] openhands s68 turn13 ttft=414.512ms hit=0.979218 e2e=663.849ms
[ok] openhands s385 turn29 ttft=335.042ms hit=0.985439 e2e=580.065ms
[ok] openhands s385 turn30 ttft=239.634ms hit=0.983154 e2e=485.418ms
[ok] openhands s385 turn31 ttft=248.303ms hit=0.987793 e2e=492.547ms
[ok] openhands s385 turn32 ttft=240.442ms hit=0.993447 e2e=485.753ms
[ok] openhands s385 turn33 ttft=247.977ms hit=0.982681 e2e=608.406ms
[ok] openhands s385 turn34 ttft=263.226ms hit=0.964967 e2e=505.935ms
[ok] openhands s68 turn14 ttft=421.032ms hit=0.985157 e2e=675.995ms
[ok] request s404 turn0 ttft=718.362ms hit=0.0 e2e=1236.639ms
[ok] openhands s322 turn0 ttft=1041.647ms hit=0.0 e2e=1560.158ms
[ok] request s11 turn0 ttft=197.55ms hit=0.0 e2e=594.547ms
[ok] request s548 turn0 ttft=518.789ms hit=0.0 e2e=917.533ms
[ok] openhands s68 turn15 ttft=1105.571ms hit=0.830305 e2e=2101.685ms
[ok] openhands s385 turn35 ttft=551.689ms hit=0.989568 e2e=951.964ms
[ok] request s271 turn0 ttft=133.737ms hit=0.0 e2e=664.951ms
[ok] request s345 turn0 ttft=851.525ms hit=0.0 e2e=1137.781ms
[ok] openhands s385 turn36 ttft=1503.8ms hit=0.984744 e2e=1669.65ms
[ok] openhands s322 turn1 ttft=388.001ms hit=0.907801 e2e=1673.795ms
[ok] request s428 turn0 ttft=341.349ms hit=0.0 e2e=1626.787ms
[ok] request s389 turn0 ttft=249.706ms hit=0.0 e2e=635.419ms
[ok] openhands s68 turn16 ttft=1205.532ms hit=0.868385 e2e=2455.665ms
[ok] request s271 turn1 ttft=473.5ms hit=0.0 e2e=1482.877ms
[ok] request s440 turn0 ttft=128.482ms hit=0.0 e2e=1136.023ms
[ok] request s227 turn0 ttft=656.655ms hit=0.0 e2e=1781.682ms
[ok] request s457 turn0 ttft=448.164ms hit=0.0 e2e=1458.602ms
[ok] request s404 turn1 ttft=626.002ms hit=0.0 e2e=1879.25ms
[ok] request s345 turn1 ttft=155.719ms hit=0.497087 e2e=670.512ms
[ok] openhands s385 turn37 ttft=459.518ms hit=0.97833 e2e=1093.784ms
[ok] openhands s322 turn2 ttft=352.285ms hit=0.933625 e2e=1105.002ms
[ok] request s531 turn0 ttft=278.812ms hit=0.0 e2e=798.272ms
[ok] request s122 turn0 ttft=132.963ms hit=0.0 e2e=649.067ms
[ok] request s398 turn0 ttft=336.495ms hit=0.0 e2e=481.661ms
[ok] request s389 turn1 ttft=391.497ms hit=0.0 e2e=545.219ms
[ok] request s187 turn0 ttft=129.149ms hit=0.0 e2e=951.172ms
[ok] request s404 turn2 ttft=329.406ms hit=0.241737 e2e=723.909ms
[ok] openhands s385 turn38 ttft=493.327ms hit=0.954951 e2e=1007.296ms
[ok] request s457 turn1 ttft=330.952ms hit=0.0 e2e=727.514ms
[ok] request s118 turn0 ttft=141.317ms hit=0.0 e2e=531.198ms
[ok] request s227 turn1 ttft=332.669ms hit=0.868868 e2e=729.068ms
[ok] openhands s322 turn3 ttft=365.082ms hit=0.797808 e2e=1021.888ms
[ok] request s389 turn2 ttft=313.342ms hit=0.0 e2e=706.034ms
[ok] request s121 turn0 ttft=132.777ms hit=0.0 e2e=1238.689ms
[ok] request s118 turn1 ttft=303.252ms hit=0.0 e2e=702.079ms
[ok] openhands s385 turn39 ttft=425.235ms hit=0.971527 e2e=1288.706ms
[ok] request s166 turn0 ttft=353.23ms hit=0.0 e2e=867.946ms
[ok] request s31 turn0 ttft=156.728ms hit=0.0 e2e=546.194ms
[ok] request s187 turn1 ttft=297.199ms hit=0.0 e2e=929.761ms
[ok] openhands s322 turn4 ttft=308.281ms hit=0.976996 e2e=1303.402ms
[ok] request s28 turn0 ttft=324.949ms hit=0.0 e2e=1192.141ms
[ok] request s411 turn0 ttft=210.231ms hit=0.0 e2e=220.369ms
[ok] request s389 turn3 ttft=912.096ms hit=0.0 e2e=1082.781ms
[ok] request s151 turn0 ttft=130.866ms hit=0.0 e2e=1593.41ms
[ok] request s118 turn2 ttft=553.17ms hit=0.0 e2e=1085.728ms
[ok] openhands s67 turn0 ttft=896.91ms hit=0.0 e2e=1585.055ms
[ok] request s7 turn0 ttft=522.162ms hit=0.0 e2e=943.341ms
[ok] request s289 turn0 ttft=730.995ms hit=0.0 e2e=1266.156ms
[ok] request s187 turn2 ttft=551.743ms hit=0.0 e2e=1086.394ms
[ok] request s121 turn1 ttft=828.471ms hit=0.0 e2e=1362.782ms
[ok] openhands s322 turn5 ttft=368.136ms hit=0.939048 e2e=1685.006ms
[ok] openhands s385 turn40 ttft=986.773ms hit=0.948829 e2e=1520.415ms
[ok] request s145 turn0 ttft=129.742ms hit=0.0 e2e=1037.54ms
[ok] request s389 turn4 ttft=354.671ms hit=0.0 e2e=503.018ms
[ok] openhands s322 turn6 ttft=408.633ms hit=0.91217 e2e=1251.134ms
[ok] request s563 turn0 ttft=246.968ms hit=0.0 e2e=919.136ms
[ok] request s464 turn0 ttft=560.243ms hit=0.0 e2e=1233.096ms
[ok] openhands s67 turn1 ttft=295.91ms hit=0.988878 e2e=1265.534ms
[ok] openhands s385 turn41 ttft=573.754ms hit=0.946905 e2e=1247.446ms
[ok] request s121 turn2 ttft=277.277ms hit=0.342475 e2e=855.376ms
[ok] request s118 turn3 ttft=272.142ms hit=0.422442 e2e=862.106ms
[ok] request s187 turn3 ttft=279.271ms hit=0.48855 e2e=857.23ms
[ok] request s234 turn0 ttft=211.076ms hit=0.0 e2e=788.674ms
[ok] request s289 turn1 ttft=267.457ms hit=0.0 e2e=859.12ms
[ok] request s20 turn0 ttft=134.254ms hit=0.0 e2e=792.761ms
[ok] request s389 turn5 ttft=440.549ms hit=0.0 e2e=444.36ms
[ok] request s519 turn0 ttft=1458.275ms hit=0.0 e2e=1774.982ms
[ok] request s20 turn1 ttft=1353.048ms hit=0.0 e2e=1694.077ms
[ok] request s145 turn1 ttft=481.506ms hit=0.0 e2e=2813.324ms
[ok] openhands s67 turn2 ttft=193.646ms hit=0.888463 e2e=2878.317ms
[ok] openhands s385 turn42 ttft=662.897ms hit=0.966223 e2e=2989.908ms
[ok] request s87 turn0 ttft=467.216ms hit=0.0 e2e=2959.064ms
[ok] request s52 turn0 ttft=1554.229ms hit=0.0 e2e=4721.367ms
[ok] request s187 turn4 ttft=1675.546ms hit=0.0 e2e=4620.275ms
[ok] request s380 turn0 ttft=1877.072ms hit=0.0 e2e=5049.22ms
[ok] request s289 turn2 ttft=1673.195ms hit=0.0 e2e=4622.318ms
[ok] request s556 turn0 ttft=1133.093ms hit=0.0 e2e=4081.874ms
[ok] request s234 turn1 ttft=1675.331ms hit=0.0 e2e=4623.814ms
[ok] openhands s68 turn17 ttft=2029.417ms hit=0.717148 e2e=5201.777ms
[ok] openhands s322 turn7 ttft=1815.634ms hit=0.824804 e2e=4987.728ms
[ok] request s262 turn0 ttft=602.284ms hit=0.0 e2e=3437.249ms
[ok] request s283 turn0 ttft=289.902ms hit=0.0 e2e=3115.394ms
[ok] request s121 turn3 ttft=1679.704ms hit=0.0 e2e=4628.346ms
[ok] request s376 turn0 ttft=812.327ms hit=0.0 e2e=3760.675ms
[ok] request s8 turn0 ttft=138.517ms hit=0.0 e2e=3039.532ms
[ok] request s145 turn2 ttft=1539.279ms hit=0.0 e2e=2234.028ms
[ok] request s48 turn0 ttft=1134.737ms hit=0.0 e2e=1574.076ms
[ok] request s459 turn0 ttft=491.095ms hit=0.0 e2e=930.22ms
[ok] request s14 turn0 ttft=812.602ms hit=0.0 e2e=1256.739ms
[ok] openhands s385 turn43 ttft=1653.979ms hit=0.90796 e2e=2801.822ms
[ok] openhands s3 turn0 ttft=1459.327ms hit=0.0 e2e=1903.135ms
[ok] request s92 turn0 ttft=1390.835ms hit=0.0 e2e=2225.63ms
[ok] request s87 turn1 ttft=1379.706ms hit=0.0 e2e=2213.77ms
[ok] request s469 turn0 ttft=1713.693ms hit=0.0 e2e=2547.592ms
[ok] openhands s67 turn3 ttft=1791.512ms hit=0.38474 e2e=2941.661ms
[ok] request s99 turn0 ttft=175.8ms hit=0.0 e2e=614.277ms
[ok] request s123 turn0 ttft=1723.405ms hit=0.0 e2e=2873.143ms
[ok] openhands s68 turn18 ttft=368.116ms hit=0.988103 e2e=1554.135ms
[ok] request s238 turn0 ttft=272.436ms hit=0.0 e2e=1460.934ms
[ok] request s556 turn1 ttft=392.802ms hit=0.0 e2e=1217.041ms
[ok] openhands s3 turn1 ttft=986.433ms hit=0.984159 e2e=1415.17ms
[ok] request s145 turn3 ttft=400.291ms hit=0.0 e2e=955.933ms
[ok] request s187 turn5 ttft=399.347ms hit=0.650572 e2e=1229.719ms
[ok] openhands s385 turn44 ttft=456.766ms hit=0.971342 e2e=1419.173ms
[ok] request s121 turn4 ttft=392.736ms hit=0.800313 e2e=1223.265ms
[ok] request s453 turn0 ttft=358.096ms hit=0.0 e2e=1069.976ms
[ok] request s123 turn1 ttft=272.769ms hit=0.0 e2e=822.935ms
[ok] request s52 turn1 ttft=401.864ms hit=0.0 e2e=1232.866ms
[ok] openhands s322 turn8 ttft=387.721ms hit=0.896116 e2e=951.907ms
[ok] openhands s67 turn4 ttft=575.221ms hit=0.986196 e2e=1405.362ms
[ok] request s380 turn1 ttft=396.104ms hit=0.471455 e2e=1227.625ms
[ok] request s529 turn0 ttft=563.592ms hit=0.0 e2e=1394.95ms
[ok] request s344 turn0 ttft=196.62ms hit=0.0 e2e=749.372ms
[ok] request s530 turn0 ttft=139.574ms hit=0.0 e2e=1279.608ms
[ok] request s145 turn4 ttft=240.462ms hit=0.0 e2e=1839.017ms
[ok] request s556 turn2 ttft=242.992ms hit=0.0 e2e=1852.271ms
[ok] openhands s68 turn19 ttft=497.242ms hit=0.996887 e2e=2897.681ms
[ok] request s123 turn2 ttft=233.949ms hit=0.222609 e2e=2047.791ms
[ok] request s38 turn0 ttft=276.932ms hit=0.0 e2e=2105.626ms
[ok] openhands s322 turn9 ttft=451.758ms hit=0.967491 e2e=2634.849ms
[ok] request s380 turn2 ttft=232.687ms hit=0.880734 e2e=2046.304ms
[ok] request s238 turn1 ttft=352.039ms hit=0.0 e2e=2303.556ms
[ok] request s307 turn0 ttft=345.847ms hit=0.0 e2e=2752.233ms
[ok] request s218 turn0 ttft=361.492ms hit=0.0 e2e=2428.517ms
[ok] openhands s3 turn2 ttft=343.359ms hit=0.975558 e2e=2647.809ms
[ok] request s529 turn1 ttft=232.258ms hit=0.0 e2e=2046.237ms
[ok] openhands s67 turn5 ttft=476.522ms hit=0.991208 e2e=2544.976ms
[ok] request s423 turn0 ttft=133.188ms hit=0.0 e2e=2253.853ms
[ok] openhands s385 turn45 ttft=783.452ms hit=0.992385 e2e=1674.623ms
[ok] openhands s258 turn8 ttft=1213.034ms hit=0.0 e2e=2108.539ms
[ok] request s540 turn0 ttft=721.355ms hit=0.0 e2e=1616.126ms
[ok] request s210 turn0 ttft=195.667ms hit=0.0 e2e=970.918ms
[ok] request s502 turn0 ttft=1041.797ms hit=0.0 e2e=1938.879ms
[ok] request s115 turn0 ttft=511.597ms hit=0.0 e2e=1294.274ms
[ok] request s396 turn0 ttft=136.879ms hit=0.0 e2e=650.735ms
[ok] openhands s3 turn3 ttft=703.211ms hit=0.955768 e2e=1202.399ms
[ok] request s371 turn0 ttft=240.498ms hit=0.0 e2e=738.783ms
[ok] request s556 turn3 ttft=323.039ms hit=0.0 e2e=821.037ms
[ok] request s393 turn0 ttft=569.114ms hit=0.0 e2e=1066.878ms
[ok] openhands s68 turn20 ttft=481.924ms hit=0.985025 e2e=1215.286ms
[ok] openhands s322 turn10 ttft=676.802ms hit=0.935627 e2e=1174.661ms
[ok] openhands s67 turn6 ttft=700.976ms hit=0.992271 e2e=1201.143ms
[ok] openhands s258 turn9 ttft=404.901ms hit=0.972029 e2e=719.145ms
[ok] request s529 turn2 ttft=321.877ms hit=0.333116 e2e=638.546ms
[ok] openhands s385 turn46 ttft=433.316ms hit=0.986237 e2e=754.264ms
[ok] request s380 turn3 ttft=325.133ms hit=0.731777 e2e=641.469ms
[ok] openhands s3 turn4 ttft=875.038ms hit=0.964427 e2e=1026.085ms
[ok] openhands s67 turn7 ttft=689.403ms hit=0.993278 e2e=1047.748ms
[ok] openhands s258 turn10 ttft=847.074ms hit=0.982111 e2e=999.225ms
[ok] openhands s68 turn21 ttft=686.498ms hit=0.989171 e2e=1244.533ms
[ok] openhands s322 turn11 ttft=611.559ms hit=0.938794 e2e=1237.331ms
[ok] request s529 turn3 ttft=268.594ms hit=0.818327 e2e=894.216ms
[ok] request s393 turn1 ttft=291.899ms hit=0.610008 e2e=917.359ms
[ok] openhands s385 turn47 ttft=716.31ms hit=0.97294 e2e=1363.804ms
[ok] openhands s67 turn8 ttft=856.639ms hit=0.959508 e2e=2092.459ms
[ok] openhands s3 turn5 ttft=452.192ms hit=0.9815 e2e=2097.992ms
[ok] openhands s68 turn22 ttft=651.9ms hit=0.971192 e2e=2590.554ms
[ok] openhands s385 turn48 ttft=322.248ms hit=0.968064 e2e=2127.9ms
[ok] request s529 turn4 ttft=986.76ms hit=0.0 e2e=1761.819ms
[ok] request s393 turn2 ttft=985.575ms hit=0.0 e2e=1759.757ms
[ok] openhands s258 turn11 ttft=818.667ms hit=0.985675 e2e=1593.629ms
[ok] openhands s322 turn12 ttft=1118.166ms hit=0.683837 e2e=1939.073ms
[ok] openhands s3 turn6 ttft=1351.921ms hit=0.579698 e2e=1777.177ms
[ok] request s529 turn5 ttft=302.218ms hit=0.0 e2e=582.492ms
[ok] openhands s67 turn9 ttft=1083.338ms hit=0.935882 e2e=1892.399ms
[ok] openhands s385 turn49 ttft=869.484ms hit=0.982387 e2e=1168.229ms
[ok] openhands s68 turn23 ttft=771.233ms hit=0.997552 e2e=1199.292ms
[ok] openhands s258 turn12 ttft=774.966ms hit=0.989311 e2e=1166.79ms
[ok] openhands s3 turn7 ttft=811.578ms hit=0.979308 e2e=1203.419ms
[ok] request s529 turn6 ttft=362.824ms hit=0.0 e2e=633.568ms
[ok] openhands s67 turn10 ttft=818.07ms hit=0.841298 e2e=1211.696ms
[ok] openhands s385 turn50 ttft=779.819ms hit=0.973184 e2e=1052.33ms
[ok] openhands s3 turn8 ttft=299.333ms hit=0.941022 e2e=595.178ms
[ok] openhands s385 turn51 ttft=338.466ms hit=0.991547 e2e=679.744ms
[ok] request s529 turn7 ttft=472.286ms hit=0.833101 e2e=705.165ms
[ok] openhands s3 turn9 ttft=477.061ms hit=0.944562 e2e=711.57ms
[ok] openhands s258 turn13 ttft=421.813ms hit=0.992613 e2e=654.061ms
[ok] openhands s385 turn52 ttft=437.433ms hit=0.990896 e2e=636.104ms
[ok] openhands s3 turn10 ttft=788.318ms hit=0.737583 e2e=1171.599ms
[ok] openhands s258 turn14 ttft=368.963ms hit=0.985573 e2e=622.422ms
[ok] openhands s385 turn53 ttft=685.873ms hit=0.979298 e2e=946.585ms
[ok] openhands s67 turn11 ttft=661.281ms hit=0.995922 e2e=922.75ms
[ok] openhands s385 turn54 ttft=409.757ms hit=0.992665 e2e=659.239ms
[ok] openhands s3 turn11 ttft=354.791ms hit=0.98317 e2e=734.423ms
[ok] openhands s258 turn15 ttft=418.162ms hit=0.989571 e2e=675.716ms
[ok] openhands s385 turn55 ttft=416.36ms hit=0.984424 e2e=1306.758ms
[ok] openhands s3 turn12 ttft=368.056ms hit=0.968545 e2e=1389.665ms
[ok] openhands s258 turn16 ttft=484.121ms hit=0.969924 e2e=1383.666ms
[ok] openhands s67 turn12 ttft=824.778ms hit=0.825526 e2e=1682.57ms
[ok] openhands s385 turn56 ttft=736.536ms hit=0.97379 e2e=984.903ms
[ok] openhands s3 turn13 ttft=448.388ms hit=0.970964 e2e=1000.31ms
[ok] openhands s258 turn17 ttft=729.916ms hit=0.765985 e2e=994.058ms
[ok] openhands s258 turn18 ttft=224.014ms hit=0.987098 e2e=577.896ms
[ok] openhands s3 turn14 ttft=245.265ms hit=0.984012 e2e=488.12ms
[ok] openhands s3 turn15 ttft=658.498ms hit=0.984738 e2e=903.869ms
[ok] openhands s258 turn19 ttft=672.462ms hit=0.834229 e2e=975.997ms
[ok] openhands s385 turn57 ttft=677.912ms hit=0.972618 e2e=924.039ms
[ok] openhands s3 turn16 ttft=470.112ms hit=0.990852 e2e=874.467ms
[ok] openhands s258 turn20 ttft=558.656ms hit=0.979815 e2e=833.034ms
[ok] openhands s385 turn58 ttft=417.001ms hit=0.960004 e2e=1458.633ms
[ok] openhands s3 turn17 ttft=783.048ms hit=0.99278 e2e=1175.644ms
[ok] openhands s258 turn21 ttft=777.251ms hit=0.973847 e2e=1153.386ms
[ok] openhands s67 turn13 ttft=965.787ms hit=0.823023 e2e=1358.128ms
[ok] openhands s385 turn59 ttft=463.483ms hit=0.975565 e2e=996.91ms
[ok] openhands s258 turn22 ttft=379.994ms hit=0.982588 e2e=778.048ms
[ok] openhands s3 turn18 ttft=473.545ms hit=0.917058 e2e=769.336ms
[ok] openhands s67 turn14 ttft=856.237ms hit=0.997117 e2e=3358.0ms
[ok] openhands s258 turn23 ttft=649.881ms hit=0.973983 e2e=3189.065ms
[ok] openhands s3 turn19 ttft=678.362ms hit=0.968735 e2e=3222.801ms
[ok] openhands s385 turn60 ttft=2901.713ms hit=0.974107 e2e=3796.238ms
[ok] openhands s196 turn0 ttft=2595.838ms hit=0.571886 e2e=3955.11ms
[ok] request s473 turn0 ttft=2110.531ms hit=0.0 e2e=3309.621ms
[ok] request s363 turn0 ttft=1466.433ms hit=0.0 e2e=2665.145ms
[ok] request s209 turn0 ttft=193.79ms hit=0.0 e2e=1374.587ms
[ok] request s190 turn0 ttft=1144.208ms hit=0.0 e2e=2342.738ms
[ok] request s176 turn0 ttft=516.502ms hit=0.0 e2e=1698.155ms
[ok] request s83 turn0 ttft=2273.821ms hit=0.0 e2e=3633.691ms
[ok] request s214 turn0 ttft=822.796ms hit=0.0 e2e=2021.367ms
[ok] request s336 turn0 ttft=1790.546ms hit=0.0 e2e=2988.838ms
[ok] openhands s3 turn20 ttft=394.373ms hit=0.99332 e2e=1058.05ms
[ok] openhands s258 turn24 ttft=375.494ms hit=0.986968 e2e=1038.925ms
[ok] request s56 turn0 ttft=394.887ms hit=0.0 e2e=1059.676ms
[ok] request s402 turn0 ttft=324.541ms hit=0.0 e2e=888.274ms
[ok] openhands s67 turn15 ttft=596.237ms hit=0.994879 e2e=1169.018ms
[ok] request s231 turn0 ttft=137.496ms hit=0.0 e2e=565.895ms
[ok] request s27 turn0 ttft=232.684ms hit=0.0 e2e=845.87ms
[ok] openhands s385 turn61 ttft=378.467ms hit=0.995172 e2e=994.277ms
[ok] request s486 turn0 ttft=825.382ms hit=0.0 e2e=1122.244ms
[ok] request s56 turn1 ttft=455.532ms hit=0.547945 e2e=1057.016ms
[ok] request s42 turn0 ttft=190.236ms hit=0.0 e2e=841.095ms
[ok] openhands s67 turn16 ttft=889.408ms hit=0.994341 e2e=1553.703ms
[ok] openhands s3 turn21 ttft=751.757ms hit=0.971269 e2e=1689.566ms
[ok] request s465 turn0 ttft=500.407ms hit=0.0 e2e=1168.129ms
[ok] request s83 turn1 ttft=459.907ms hit=0.0 e2e=1127.357ms
[ok] request s214 turn1 ttft=459.404ms hit=0.651192 e2e=1126.603ms
[ok] openhands s196 turn1 ttft=757.228ms hit=0.972115 e2e=1722.654ms
[ok] request s363 turn1 ttft=463.367ms hit=0.0 e2e=1129.589ms
[ok] openhands s258 turn25 ttft=764.525ms hit=0.973919 e2e=1581.993ms
[ok] request s46 turn0 ttft=132.602ms hit=0.0 e2e=1397.909ms
[ok] request s27 turn1 ttft=129.187ms hit=0.0 e2e=1243.866ms
[ok] request s18 turn0 ttft=137.811ms hit=0.0 e2e=1078.293ms
[ok] openhands s258 turn26 ttft=824.04ms hit=0.986631 e2e=1908.67ms
[ok] openhands s196 turn2 ttft=1007.843ms hit=0.992643 e2e=1940.722ms
[ok] request s192 turn0 ttft=771.029ms hit=0.0 e2e=1847.479ms
[ok] openhands s385 turn62 ttft=805.849ms hit=0.993244 e2e=1701.244ms
[ok] request s465 turn1 ttft=473.087ms hit=0.0 e2e=1368.176ms
[ok] request s83 turn2 ttft=472.458ms hit=0.0 e2e=1367.21ms
[ok] request s214 turn2 ttft=471.712ms hit=0.65071 e2e=1366.176ms
[ok] openhands s67 turn17 ttft=876.225ms hit=0.929843 e2e=1968.468ms
[ok] request s216 turn0 ttft=586.557ms hit=0.0 e2e=1526.368ms
[ok] request s528 turn0 ttft=309.42ms hit=0.0 e2e=1204.047ms
[ok] openhands s3 turn22 ttft=882.043ms hit=0.991581 e2e=1959.641ms
[ok] openhands s386 turn0 ttft=253.685ms hit=0.0 e2e=1645.021ms
[ok] request s141 turn0 ttft=248.426ms hit=0.0 e2e=1327.257ms
[ok] request s23 turn0 ttft=134.069ms hit=0.0 e2e=1003.92ms
[ok] request s18 turn1 ttft=194.209ms hit=0.0 e2e=1261.52ms
[ok] request s46 turn1 ttft=195.961ms hit=0.0 e2e=1262.927ms
[ok] openhands s67 turn18 ttft=767.325ms hit=0.99194 e2e=1293.706ms
[ok] openhands s3 turn23 ttft=698.16ms hit=0.986962 e2e=1416.27ms
[ok] request s338 turn0 ttft=684.706ms hit=0.0 e2e=1407.37ms
[ok] openhands s385 turn63 ttft=1219.523ms hit=0.991743 e2e=1476.218ms
[ok] request s156 turn0 ttft=653.945ms hit=0.0 e2e=1094.785ms
[ok] openhands s386 turn1 ttft=227.761ms hit=0.933625 e2e=667.237ms
[ok] request s465 turn2 ttft=463.405ms hit=0.307508 e2e=904.104ms
[ok] openhands s196 turn3 ttft=828.866ms hit=0.988657 e2e=1343.188ms
[ok] request s214 turn3 ttft=462.576ms hit=0.699666 e2e=903.277ms
[ok] request s22 turn0 ttft=132.332ms hit=0.0 e2e=451.611ms
[ok] request s71 turn0 ttft=333.65ms hit=0.0 e2e=773.747ms
[ok] request s192 turn1 ttft=466.668ms hit=0.0 e2e=906.504ms
[ok] request s269 turn0 ttft=352.673ms hit=0.0 e2e=633.04ms
[ok] request s251 turn0 ttft=793.681ms hit=0.0 e2e=1522.862ms
[ok] request s18 turn2 ttft=799.731ms hit=0.0 e2e=1532.435ms
[ok] openhands s67 turn19 ttft=871.346ms hit=0.997034 e2e=1604.817ms
[ok] request s46 turn2 ttft=799.7ms hit=0.0 e2e=1531.396ms
[ok] openhands s385 turn64 ttft=1137.995ms hit=0.996669 e2e=1426.654ms
[ok] openhands s196 turn4 ttft=844.707ms hit=0.996189 e2e=1780.233ms
[ok] openhands s386 turn2 ttft=801.889ms hit=0.954037 e2e=1784.162ms
[ok] request s71 turn1 ttft=265.723ms hit=0.0 e2e=1204.547ms
[ok] request s192 turn2 ttft=265.253ms hit=0.0 e2e=1203.899ms
[ok] request s414 turn0 ttft=154.534ms hit=0.0 e2e=970.274ms
[ok] request s517 turn0 ttft=629.766ms hit=0.0 e2e=1615.385ms
[ok] request s465 turn3 ttft=270.854ms hit=0.609524 e2e=1209.623ms
[ok] request s214 turn4 ttft=269.445ms hit=0.862069 e2e=1207.949ms
[ok] openhands s3 turn24 ttft=618.536ms hit=0.957913 e2e=1756.049ms
[ok] request s12 turn0 ttft=148.648ms hit=0.0 e2e=650.782ms
[ok] request s60 turn0 ttft=450.418ms hit=0.0 e2e=1470.059ms
[ok] openhands s385 turn65 ttft=818.919ms hit=0.988913 e2e=1839.249ms
[ok] openhands s386 turn3 ttft=467.482ms hit=0.970532 e2e=1459.103ms
[ok] request s18 turn3 ttft=294.234ms hit=0.0 e2e=1290.709ms
[ok] request s535 turn0 ttft=425.085ms hit=0.0 e2e=1159.678ms
[ok] request s315 turn0 ttft=258.619ms hit=0.0 e2e=837.438ms
[ok] request s342 turn0 ttft=777.232ms hit=0.0 e2e=1804.843ms
[ok] request s192 turn3 ttft=274.356ms hit=0.0 e2e=879.545ms
[ok] request s465 turn4 ttft=297.029ms hit=0.731196 e2e=876.973ms
[ok] openhands s196 turn5 ttft=728.412ms hit=0.991414 e2e=1463.339ms
[ok] request s517 turn1 ttft=299.589ms hit=0.0 e2e=878.419ms
[ok] openhands s67 turn20 ttft=846.633ms hit=0.961988 e2e=1875.888ms
[ok] request s46 turn3 ttft=458.833ms hit=0.659794 e2e=1290.765ms
[ok] request s214 turn5 ttft=296.148ms hit=0.903823 e2e=876.211ms
[ok] openhands s3 turn25 ttft=479.673ms hit=0.979138 e2e=1478.058ms
[ok] request s483 turn0 ttft=129.776ms hit=0.0 e2e=599.17ms
[ok] request s467 turn0 ttft=149.039ms hit=0.0 e2e=1091.038ms
[ok] request s416 turn0 ttft=171.062ms hit=0.0 e2e=217.565ms
[ok] openhands s385 turn66 ttft=2692.591ms hit=0.997117 e2e=2995.272ms
[ok] request s45 turn0 ttft=1024.537ms hit=0.0 e2e=1609.549ms
[ok] openhands s386 turn4 ttft=819.291ms hit=0.941649 e2e=3157.523ms
[ok] openhands s3 turn26 ttft=873.8ms hit=0.991022 e2e=3213.861ms
[ok] openhands s67 turn21 ttft=1131.053ms hit=0.925166 e2e=3171.688ms
[ok] request s568 turn0 ttft=941.112ms hit=0.0 e2e=2793.129ms
[ok] request s270 turn0 ttft=700.919ms hit=0.0 e2e=1503.396ms
[ok] request s465 turn5 ttft=793.058ms hit=0.832746 e2e=2644.867ms
[ok] request s301 turn0 ttft=1272.298ms hit=0.0 e2e=2471.895ms
[ok] request s517 turn2 ttft=791.308ms hit=0.524805 e2e=2643.074ms
[ok] request s483 turn1 ttft=1362.406ms hit=0.0 e2e=2562.965ms
[ok] request s478 turn0 ttft=1070.094ms hit=0.0 e2e=3118.017ms
[ok] request s109 turn0 ttft=491.564ms hit=0.0 e2e=1182.793ms
[ok] request s214 turn6 ttft=1442.457ms hit=0.0 e2e=2642.625ms
[ok] openhands s258 turn27 ttft=1237.819ms hit=0.934011 e2e=2041.468ms
[ok] request s18 turn4 ttft=796.307ms hit=0.613174 e2e=2648.956ms
[ok] openhands s511 turn0 ttft=1226.686ms hit=0.0 e2e=2151.495ms
[ok] openhands s196 turn6 ttft=1359.053ms hit=0.996636 e2e=3211.654ms
[ok] request s162 turn0 ttft=133.686ms hit=0.0 e2e=551.611ms
[ok] openhands s386 turn5 ttft=829.73ms hit=0.948454 e2e=1472.5ms
[ok] openhands s3 turn27 ttft=843.556ms hit=0.990094 e2e=1485.792ms
[ok] request s63 turn0 ttft=692.924ms hit=0.0 e2e=1705.832ms
[ok] request s211 turn0 ttft=373.284ms hit=0.0 e2e=1383.914ms
[ok] openhands s385 turn67 ttft=723.156ms hit=0.979046 e2e=1736.991ms
[ok] openhands s511 turn1 ttft=828.854ms hit=0.988028 e2e=1474.769ms
[ok] request s149 turn0 ttft=527.61ms hit=0.0 e2e=1274.835ms
[ok] openhands s196 turn7 ttft=820.962ms hit=0.99343 e2e=3000.841ms
[ok] request s45 turn1 ttft=460.105ms hit=0.0 e2e=2637.999ms
[ok] request s86 turn0 ttft=413.122ms hit=0.0 e2e=2593.721ms
[ok] request s287 turn0 ttft=448.492ms hit=0.0 e2e=567.537ms
[ok] request s201 turn0 ttft=408.864ms hit=0.0 e2e=2567.038ms
[ok] request s483 turn2 ttft=547.587ms hit=0.368876 e2e=2705.495ms
[ok] request s301 turn1 ttft=468.212ms hit=0.0 e2e=2708.381ms
[ok] request s18 turn5 ttft=545.563ms hit=0.495484 e2e=2703.332ms
[ok] request s407 turn0 ttft=271.482ms hit=0.0 e2e=2245.115ms
[ok] request s517 turn3 ttft=550.233ms hit=0.640534 e2e=2707.985ms
[ok] openhands s67 turn22 ttft=481.669ms hit=0.996292 e2e=2722.137ms
[ok] request s109 turn1 ttft=547.794ms hit=0.451765 e2e=2705.513ms
[ok] request s568 turn1 ttft=554.032ms hit=0.0 e2e=2711.508ms
[ok] request s150 turn0 ttft=540.553ms hit=0.0 e2e=956.201ms
[ok] openhands s258 turn28 ttft=755.885ms hit=0.965014 e2e=2413.555ms
[ok] request s275 turn0 ttft=575.407ms hit=0.0 e2e=2232.88ms
[ok] openhands s385 turn68 ttft=740.481ms hit=0.994618 e2e=2285.305ms
[ok] openhands s511 turn2 ttft=559.372ms hit=0.9433 e2e=2288.851ms
[ok] request s172 turn0 ttft=662.25ms hit=0.0 e2e=1668.034ms
[ok] openhands s132 turn0 ttft=990.846ms hit=0.0 e2e=1996.327ms
[ok] request s523 turn0 ttft=133.018ms hit=0.0 e2e=1012.34ms
[ok] request s419 turn0 ttft=749.256ms hit=0.0 e2e=1754.499ms
[ok] openhands s3 turn28 ttft=485.335ms hit=0.993731 e2e=2306.016ms
[ok] openhands s386 turn6 ttft=503.123ms hit=0.906061 e2e=2238.227ms
[ok] request s334 turn0 ttft=230.039ms hit=0.0 e2e=1109.998ms
[ok] request s197 turn0 ttft=279.929ms hit=0.0 e2e=1699.307ms
[ok] request s150 turn1 ttft=638.869ms hit=0.0 e2e=1268.742ms
[ok] openhands s196 turn8 ttft=597.274ms hit=0.990217 e2e=2200.724ms
[ok] request s471 turn0 ttft=509.711ms hit=0.0 e2e=2114.914ms
[ok] request s111 turn0 ttft=289.511ms hit=0.0 e2e=1897.311ms
[ok] request s150 turn2 ttft=200.325ms hit=0.0 e2e=420.283ms
[ok] request s434 turn0 ttft=266.172ms hit=0.0 e2e=1415.462ms
[ok] openhands s3 turn29 ttft=556.804ms hit=0.993773 e2e=1712.69ms
[ok] request s461 turn0 ttft=294.138ms hit=0.0 e2e=1216.122ms
[ok] request s523 turn1 ttft=210.56ms hit=0.0 e2e=1118.757ms
[ok] request s172 turn1 ttft=212.347ms hit=0.0 e2e=1120.299ms
[ok] request s76 turn0 ttft=186.126ms hit=0.0 e2e=1093.766ms
[ok] openhands s132 turn1 ttft=488.984ms hit=0.831013 e2e=1721.83ms
[ok] request s297 turn0 ttft=371.386ms hit=0.0 e2e=1755.764ms
[ok] openhands s67 turn23 ttft=673.249ms hit=0.996531 e2e=2118.969ms
[ok] request s86 turn1 ttft=449.854ms hit=0.0 e2e=1895.113ms
[ok] request s484 turn0 ttft=638.851ms hit=0.0 e2e=2083.866ms
[ok] request s45 turn2 ttft=456.88ms hit=0.0 e2e=1901.609ms
[ok] openhands s386 turn7 ttft=532.001ms hit=0.957147 e2e=1693.676ms
[ok] request s18 turn6 ttft=440.217ms hit=0.586932 e2e=1604.219ms
[ok] request s568 turn2 ttft=435.434ms hit=0.447813 e2e=1599.221ms
[ok] request s517 turn4 ttft=438.563ms hit=0.753099 e2e=1601.627ms
[ok] openhands s258 turn29 ttft=483.377ms hit=0.95351 e2e=1869.673ms
[ok] request s320 turn0 ttft=425.465ms hit=0.0 e2e=1871.038ms
[ok] openhands s511 turn3 ttft=341.932ms hit=0.971862 e2e=1728.392ms
[ok] request s107 turn0 ttft=385.1ms hit=0.0 e2e=1548.51ms
[ok] request s571 turn0 ttft=249.371ms hit=0.0 e2e=777.084ms
[ok] request s243 turn0 ttft=131.72ms hit=0.0 e2e=449.734ms
[ok] request s150 turn3 ttft=860.789ms hit=0.0 e2e=1599.747ms
[ok] request s302 turn0 ttft=932.602ms hit=0.0 e2e=1267.424ms
[ok] request s175 turn0 ttft=603.86ms hit=0.0 e2e=1157.383ms
[ok] openhands s132 turn2 ttft=631.206ms hit=0.978485 e2e=1735.133ms
[ok] openhands s196 turn9 ttft=940.565ms hit=0.994272 e2e=2047.489ms
[ok] openhands s511 turn4 ttft=616.885ms hit=0.968145 e2e=1727.068ms
[ok] request s172 turn2 ttft=572.222ms hit=0.793552 e2e=1164.752ms
[ok] openhands s386 turn8 ttft=646.636ms hit=0.917806 e2e=1666.315ms
[ok] request s461 turn1 ttft=554.142ms hit=0.0 e2e=1167.903ms
[ok] request s471 turn1 ttft=840.601ms hit=0.0 e2e=1457.543ms
[ok] request s523 turn2 ttft=550.595ms hit=0.555917 e2e=1167.286ms
[ok] openhands s258 turn30 ttft=703.698ms hit=0.958676 e2e=1723.579ms
[ok] request s76 turn1 ttft=548.656ms hit=0.0 e2e=1164.914ms
[ok] request s45 turn3 ttft=845.68ms hit=0.0 e2e=1461.739ms
[ok] request s86 turn2 ttft=546.648ms hit=0.272051 e2e=1162.476ms
[ok] openhands s3 turn30 ttft=643.931ms hit=0.993975 e2e=1757.774ms
[ok] request s475 turn0 ttft=765.277ms hit=0.0 e2e=1880.014ms
[ok] request s434 turn1 ttft=560.063ms hit=0.0 e2e=1175.853ms
[ok] openhands s67 turn24 ttft=883.889ms hit=0.99686 e2e=1742.744ms
[ok] request s517 turn5 ttft=550.465ms hit=0.767361 e2e=1161.111ms
[ok] request s50 turn0 ttft=288.585ms hit=0.0 e2e=900.168ms
[ok] request s18 turn7 ttft=542.481ms hit=0.778116 e2e=1164.821ms
[ok] request s484 turn1 ttft=546.516ms hit=0.379935 e2e=1166.348ms
[ok] request s327 turn0 ttft=136.005ms hit=0.0 e2e=644.223ms
[ok] request s167 turn0 ttft=140.505ms hit=0.0 e2e=1146.983ms
[ok] openhands s67 turn25 ttft=1058.269ms hit=0.983675 e2e=2615.883ms
[ok] openhands s511 turn5 ttft=836.451ms hit=0.976326 e2e=2599.54ms
[ok] openhands s132 turn3 ttft=838.944ms hit=0.978107 e2e=2608.475ms
[ok] request s153 turn0 ttft=608.989ms hit=0.0 e2e=1933.999ms
[ok] request s302 turn1 ttft=796.957ms hit=0.0 e2e=2361.388ms
[ok] request s76 turn2 ttft=752.39ms hit=0.281938 e2e=2075.822ms
[ok] request s172 turn3 ttft=754.681ms hit=0.625153 e2e=2079.859ms
[ok] request s471 turn2 ttft=795.342ms hit=0.497087 e2e=2359.494ms
[ok] openhands s258 turn31 ttft=900.252ms hit=0.961311 e2e=2225.432ms
[ok] request s517 turn6 ttft=749.699ms hit=0.810796 e2e=2074.643ms
[ok] openhands s386 turn9 ttft=878.618ms hit=0.922695 e2e=2642.249ms
[ok] request s77 turn0 ttft=698.836ms hit=0.0 e2e=2264.639ms
[ok] openhands s196 turn10 ttft=901.733ms hit=0.994709 e2e=2674.567ms
[ok] request s388 turn0 ttft=828.216ms hit=0.0 e2e=2593.339ms
[ok] request s523 turn3 ttft=754.571ms hit=0.710453 e2e=2080.151ms
[ok] openhands s3 turn31 ttft=867.345ms hit=0.994207 e2e=2639.565ms
[ok] request s545 turn0 ttft=298.169ms hit=0.0 e2e=1612.154ms
[ok] openhands s0 turn0 ttft=741.567ms hit=0.0 e2e=2163.071ms
[ok] request s208 turn0 ttft=215.613ms hit=0.0 e2e=1508.798ms
[ok] request s167 turn1 ttft=633.129ms hit=0.0 e2e=2057.052ms
[ok] request s417 turn0 ttft=533.371ms hit=0.0 e2e=1837.681ms
[ok] request s364 turn0 ttft=146.547ms hit=0.0 e2e=1182.829ms
[ok] openhands s67 turn26 ttft=882.704ms hit=0.990114 e2e=2011.65ms
[ok] request s264 turn0 ttft=850.172ms hit=0.0 e2e=2226.617ms
[ok] openhands s386 turn10 ttft=1768.731ms hit=0.919583 e2e=2170.663ms
[ok] openhands s3 turn32 ttft=866.571ms hit=0.994437 e2e=2242.565ms
[ok] openhands s132 turn4 ttft=871.104ms hit=0.981607 e2e=2246.435ms
[ok] openhands s511 turn6 ttft=660.674ms hit=0.848046 e2e=1815.699ms
[ok] openhands s196 turn11 ttft=756.38ms hit=0.994899 e2e=2101.466ms
[ok] request s157 turn0 ttft=575.801ms hit=0.0 e2e=1921.768ms
[ok] openhands s258 turn32 ttft=918.101ms hit=0.965043 e2e=1806.104ms
[ok] request s302 turn2 ttft=794.293ms hit=0.372635 e2e=1681.989ms
[ok] openhands s0 turn1 ttft=619.887ms hit=0.899993 e2e=1392.319ms
[ok] request s76 turn3 ttft=793.185ms hit=0.554513 e2e=1680.842ms
[ok] request s388 turn1 ttft=786.216ms hit=0.0 e2e=1673.637ms
[ok] request s298 turn0 ttft=708.762ms hit=0.0 e2e=1595.977ms
[ok] request s517 turn7 ttft=791.154ms hit=0.831651 e2e=1678.183ms
[ok] request s471 turn3 ttft=793.487ms hit=0.743106 e2e=1680.313ms
[ok] request s545 turn1 ttft=787.116ms hit=0.0 e2e=1673.767ms
[ok] request s204 turn0 ttft=290.681ms hit=0.0 e2e=941.001ms
[ok] request s167 turn2 ttft=162.13ms hit=0.0 e2e=799.087ms
[ok] request s443 turn0 ttft=495.088ms hit=0.0 e2e=1269.588ms
[ok] request s308 turn0 ttft=167.687ms hit=0.0 e2e=2101.888ms
[ok] request s339 turn0 ttft=814.911ms hit=0.0 e2e=1539.125ms
[ok] request s496 turn0 ttft=255.368ms hit=0.0 e2e=1955.988ms
[ok] openhands s67 turn27 ttft=716.338ms hit=0.968732 e2e=2190.129ms
[ok] openhands s3 turn33 ttft=517.95ms hit=0.993779 e2e=1956.079ms
[ok] openhands s132 turn5 ttft=465.409ms hit=0.901262 e2e=1960.003ms
[ok] openhands s258 turn33 ttft=835.761ms hit=0.910872 e2e=1940.114ms
[ok] openhands s386 turn11 ttft=761.051ms hit=0.958258 e2e=1866.785ms
[ok] request s101 turn0 ttft=485.566ms hit=0.0 e2e=1590.926ms
[ok] openhands s0 turn2 ttft=812.647ms hit=0.976239 e2e=1943.359ms
[ok] request s383 turn0 ttft=654.514ms hit=0.0 e2e=1268.119ms
[ok] openhands s196 turn12 ttft=799.386ms hit=0.98971 e2e=1441.38ms
[ok] request s545 turn2 ttft=721.601ms hit=0.0 e2e=1363.251ms
[ok] request s264 turn1 ttft=745.771ms hit=0.0 e2e=1387.149ms
[ok] request s471 turn4 ttft=724.616ms hit=0.0 e2e=1365.783ms
[ok] request s443 turn1 ttft=747.291ms hit=0.0 e2e=1361.227ms
[ok] request s567 turn0 ttft=328.284ms hit=0.0 e2e=942.016ms
[ok] request s302 turn3 ttft=728.263ms hit=0.0 e2e=1369.775ms
[ok] request s167 turn3 ttft=748.358ms hit=0.0 e2e=1363.65ms
[ok] request s388 turn2 ttft=727.049ms hit=0.0 e2e=1368.674ms
[ok] request s312 turn0 ttft=136.175ms hit=0.0 e2e=1169.823ms
[ok] request s181 turn0 ttft=159.668ms hit=0.0 e2e=845.593ms
[ok] request s110 turn0 ttft=254.709ms hit=0.0 e2e=271.786ms
[ok] openhands s386 turn12 ttft=772.822ms hit=0.971103 e2e=1397.769ms
[ok] openhands s132 turn6 ttft=777.129ms hit=0.987517 e2e=1401.893ms
[ok] openhands s0 turn3 ttft=956.725ms hit=0.984401 e2e=1393.446ms
[ok] openhands s67 turn28 ttft=585.356ms hit=0.997377 e2e=1429.477ms
[ok] request s487 turn0 ttft=515.02ms hit=0.0 e2e=1357.531ms
[ok] request s545 turn3 ttft=340.042ms hit=0.332468 e2e=2269.554ms
[ok] openhands s196 turn13 ttft=792.631ms hit=0.996243 e2e=2917.983ms
[ok] request s496 turn1 ttft=625.937ms hit=0.0 e2e=2630.84ms
[ok] request s443 turn2 ttft=337.871ms hit=0.332036 e2e=2322.167ms
[ok] request s69 turn0 ttft=560.761ms hit=0.0 e2e=2566.588ms
[ok] request s101 turn1 ttft=336.785ms hit=0.0 e2e=2341.759ms
[ok] openhands s3 turn34 ttft=355.062ms hit=0.992782 e2e=2338.388ms
[ok] request s388 turn3 ttft=337.673ms hit=0.583144 e2e=2320.713ms
[ok] request s339 turn1 ttft=591.667ms hit=0.0 e2e=2721.803ms
[ok] request s567 turn1 ttft=339.145ms hit=0.0 e2e=2322.123ms
[ok] request s263 turn0 ttft=151.061ms hit=0.0 e2e=2403.257ms
[ok] request s181 turn1 ttft=150.412ms hit=0.0 e2e=2270.265ms
[ok] openhands s132 turn7 ttft=717.382ms hit=0.987529 e2e=1998.277ms
[ok] openhands s67 turn29 ttft=747.559ms hit=0.997857 e2e=2025.921ms
[ok] request s492 turn0 ttft=475.806ms hit=0.0 e2e=1755.076ms
[ok] openhands s4 turn0 ttft=805.146ms hit=0.0 e2e=2085.188ms
[ok] openhands s386 turn13 ttft=750.563ms hit=0.982133 e2e=2031.933ms
[ok] openhands s0 turn4 ttft=732.319ms hit=0.90387 e2e=2013.404ms
[ok] request s276 turn0 ttft=180.623ms hit=0.0 e2e=777.292ms
[ok] openhands s511 turn7 ttft=517.447ms hit=0.664711 e2e=1247.314ms
[ok] openhands s258 turn34 ttft=465.526ms hit=0.986809 e2e=1445.331ms
[ok] request s526 turn0 ttft=497.804ms hit=0.0 e2e=1105.373ms
[ok] request s177 turn0 ttft=452.969ms hit=0.0 e2e=1432.845ms
[ok] request s339 turn2 ttft=2322.726ms hit=0.0 e2e=2719.603ms
[ok] openhands s196 turn14 ttft=1011.858ms hit=0.990795 e2e=3677.582ms
[ok] openhands s511 turn8 ttft=687.751ms hit=0.989596 e2e=3162.665ms
[ok] openhands s4 turn1 ttft=2157.952ms hit=0.0 e2e=3170.994ms
[ok] openhands s0 turn5 ttft=2403.898ms hit=0.79559 e2e=3164.412ms
[ok] request s388 turn4 ttft=2438.152ms hit=0.0 e2e=3081.687ms
[ok] request s395 turn0 ttft=632.58ms hit=0.0 e2e=3303.536ms
[ok] request s101 turn2 ttft=2325.446ms hit=0.0 e2e=3083.399ms
[ok] request s443 turn3 ttft=2325.53ms hit=0.0 e2e=3086.224ms
[ok] openhands s386 turn14 ttft=2417.701ms hit=0.962613 e2e=3177.598ms
[ok] request s496 turn2 ttft=2327.481ms hit=0.0 e2e=3088.176ms
[ok] request s567 turn2 ttft=2319.905ms hit=0.0 e2e=3079.813ms
[ok] openhands s3 turn35 ttft=979.831ms hit=0.986899 e2e=3653.706ms
[ok] request s545 turn4 ttft=2384.325ms hit=0.0 e2e=3144.271ms
[ok] openhands s132 turn8 ttft=509.534ms hit=0.973333 e2e=3183.412ms
[ok] request s62 turn0 ttft=960.016ms hit=0.0 e2e=3633.687ms
[ok] openhands s258 turn35 ttft=1855.391ms hit=0.787045 e2e=3162.491ms
[ok] request s543 turn0 ttft=163.211ms hit=0.0 e2e=687.937ms
[ok] request s358 turn0 ttft=1018.96ms hit=0.0 e2e=1670.437ms
[ok] request s460 turn0 ttft=477.465ms hit=0.0 e2e=1017.02ms
[ok] request s138 turn0 ttft=1349.232ms hit=0.0 e2e=2000.276ms
[ok] request s213 turn0 ttft=2333.133ms hit=0.0 e2e=2984.035ms
[ok] request s220 turn0 ttft=1677.985ms hit=0.0 e2e=2328.734ms
[ok] request s61 turn0 ttft=2007.396ms hit=0.0 e2e=2657.75ms
[ok] request s221 turn0 ttft=695.252ms hit=0.0 e2e=1345.456ms
[ok] request s526 turn1 ttft=1940.947ms hit=0.0 e2e=2591.026ms
[ok] request s41 turn0 ttft=149.594ms hit=0.0 e2e=1210.654ms
[ok] request s339 turn3 ttft=990.11ms hit=0.0 e2e=1044.533ms
[ok] request s205 turn0 ttft=875.752ms hit=0.0 e2e=1390.546ms
[ok] openhands s386 turn15 ttft=801.594ms hit=0.968474 e2e=1420.486ms
[ok] openhands s0 turn6 ttft=767.974ms hit=0.941124 e2e=1387.21ms
[ok] openhands s258 turn36 ttft=782.234ms hit=0.994403 e2e=1404.676ms
[ok] openhands s4 turn2 ttft=1245.613ms hit=0.985776 e2e=1428.08ms
[ok] openhands s3 turn36 ttft=1216.16ms hit=0.996794 e2e=1420.143ms
[ok] openhands s511 turn9 ttft=842.025ms hit=0.827784 e2e=1467.189ms
[ok] request s61 turn1 ttft=615.691ms hit=0.0 e2e=1422.468ms
[ok] request s254 turn0 ttft=923.681ms hit=0.0 e2e=1730.331ms
[ok] request s395 turn1 ttft=622.003ms hit=0.0 e2e=1428.381ms
[ok] request s138 turn1 ttft=759.234ms hit=0.0 e2e=1565.395ms
[ok] request s388 turn5 ttft=627.728ms hit=0.709469 e2e=1436.538ms
[ok] request s101 turn3 ttft=622.375ms hit=0.666667 e2e=1431.026ms
[ok] request s88 turn0 ttft=599.316ms hit=0.0 e2e=1407.778ms
[ok] request s221 turn1 ttft=680.35ms hit=0.0 e2e=1488.641ms
[ok] request s220 turn1 ttft=621.158ms hit=0.0 e2e=1429.323ms
[ok] request s415 turn0 ttft=279.105ms hit=0.0 e2e=1080.472ms
[ok] openhands s196 turn15 ttft=1074.614ms hit=0.986086 e2e=2026.57ms
[ok] openhands s511 turn10 ttft=553.536ms hit=0.964387 e2e=1146.842ms
[ok] openhands s4 turn3 ttft=557.214ms hit=0.696695 e2e=1151.14ms
[ok] openhands s0 turn7 ttft=562.572ms hit=0.909045 e2e=1158.738ms
[ok] openhands s386 turn16 ttft=954.299ms hit=0.965152 e2e=1126.53ms
[ok] openhands s258 turn37 ttft=832.092ms hit=0.995751 e2e=1171.434ms
[ok] openhands s3 turn37 ttft=983.627ms hit=0.992433 e2e=1157.733ms
[ok] openhands s196 turn16 ttft=422.788ms hit=0.994794 e2e=1351.493ms
[ok] openhands s4 turn4 ttft=486.183ms hit=0.971274 e2e=1053.489ms
[ok] request s88 turn1 ttft=474.86ms hit=0.0 e2e=1042.04ms
[ok] openhands s511 turn11 ttft=632.005ms hit=0.97535 e2e=1060.086ms
[ok] request s221 turn2 ttft=684.757ms hit=0.0 e2e=1041.547ms
[ok] openhands s0 turn8 ttft=482.056ms hit=0.885216 e2e=1051.435ms
[ok] openhands s3 turn38 ttft=675.486ms hit=0.997656 e2e=1030.825ms
[ok] request s388 turn6 ttft=690.31ms hit=0.0 e2e=1047.609ms
[ok] openhands s386 turn17 ttft=586.631ms hit=0.935205 e2e=943.766ms
[ok] request s415 turn1 ttft=471.026ms hit=0.0 e2e=1040.281ms
[ok] request s220 turn2 ttft=684.742ms hit=0.0 e2e=1042.133ms
[ok] request s138 turn2 ttft=384.447ms hit=0.0 e2e=1064.957ms
[ok] openhands s196 turn17 ttft=699.333ms hit=0.997477 e2e=1866.696ms
[ok] openhands s511 turn12 ttft=1414.099ms hit=0.980843 e2e=1571.715ms
[ok] openhands s4 turn5 ttft=668.918ms hit=0.977929 e2e=1646.414ms
[ok] openhands s3 turn39 ttft=485.708ms hit=0.979035 e2e=1662.78ms
[ok] openhands s0 turn9 ttft=690.869ms hit=0.975454 e2e=1668.349ms
[ok] request s88 turn2 ttft=681.576ms hit=0.0 e2e=1077.352ms
[ok] request s220 turn3 ttft=675.509ms hit=0.0 e2e=1070.917ms
[ok] request s138 turn3 ttft=674.336ms hit=0.0 e2e=1069.455ms
[ok] openhands s386 turn18 ttft=1186.924ms hit=0.547242 e2e=1581.762ms
[ok] request s221 turn3 ttft=688.196ms hit=0.0 e2e=1076.496ms
[ok] request s388 turn7 ttft=679.972ms hit=0.0 e2e=1074.855ms
[ok] openhands s511 turn13 ttft=649.392ms hit=0.985709 e2e=1101.312ms
[ok] openhands s386 turn19 ttft=578.069ms hit=0.963547 e2e=1156.435ms
[ok] openhands s0 turn10 ttft=584.204ms hit=0.844125 e2e=1162.842ms
[ok] openhands s196 turn18 ttft=588.489ms hit=0.99766 e2e=1204.734ms
[ok] openhands s3 turn40 ttft=856.733ms hit=0.98626 e2e=1161.684ms
[ok] request s88 turn3 ttft=282.382ms hit=0.566685 e2e=575.408ms
[ok] request s220 turn4 ttft=281.453ms hit=0.649417 e2e=573.74ms
[ok] openhands s4 turn6 ttft=841.278ms hit=0.895276 e2e=1146.541ms
[ok] request s221 turn4 ttft=278.839ms hit=0.640801 e2e=572.237ms
[ok] openhands s0 turn11 ttft=530.401ms hit=0.986878 e2e=900.012ms
[ok] openhands s4 turn7 ttft=548.027ms hit=0.984055 e2e=921.872ms
[ok] openhands s386 turn20 ttft=560.429ms hit=0.951437 e2e=936.274ms
[ok] openhands s3 turn41 ttft=544.216ms hit=0.992753 e2e=1046.31ms
[ok] openhands s196 turn19 ttft=783.606ms hit=0.992294 e2e=1423.491ms
[ok] request s221 turn5 ttft=214.339ms hit=0.702011 e2e=852.583ms
[ok] openhands s3 turn42 ttft=321.942ms hit=0.991479 e2e=709.441ms
[ok] openhands s4 turn8 ttft=325.337ms hit=0.970055 e2e=851.344ms
[ok] openhands s386 turn21 ttft=441.451ms hit=0.973384 e2e=846.829ms
[ok] openhands s3 turn43 ttft=659.966ms hit=0.99416 e2e=937.908ms
[ok] openhands s386 turn22 ttft=609.052ms hit=0.940658 e2e=946.008ms
[ok] request s221 turn6 ttft=399.86ms hit=0.718093 e2e=677.846ms
[ok] openhands s4 turn9 ttft=363.52ms hit=0.984706 e2e=952.103ms
[ok] openhands s196 turn20 ttft=588.878ms hit=0.991702 e2e=1233.254ms
[ok] openhands s4 turn10 ttft=878.752ms hit=0.954428 e2e=1032.061ms
[ok] openhands s3 turn44 ttft=542.41ms hit=0.969697 e2e=1050.913ms
[ok] openhands s386 turn23 ttft=550.105ms hit=0.992882 e2e=1060.331ms
[ok] request s221 turn7 ttft=208.987ms hit=0.0 e2e=498.264ms
[ok] openhands s196 turn21 ttft=678.698ms hit=0.990442 e2e=970.137ms
[ok] openhands s386 turn24 ttft=562.779ms hit=0.986848 e2e=869.435ms
[ok] openhands s4 turn11 ttft=752.07ms hit=0.989576 e2e=892.193ms
[ok] openhands s3 turn45 ttft=554.916ms hit=0.996481 e2e=910.878ms
[ok] openhands s196 turn22 ttft=663.608ms hit=0.995549 e2e=913.144ms
[ok] openhands s3 turn46 ttft=475.629ms hit=0.996979 e2e=884.319ms
[ok] openhands s4 turn12 ttft=403.486ms hit=0.964824 e2e=810.149ms
[ok] openhands s196 turn23 ttft=681.032ms hit=0.993588 e2e=1525.559ms
[ok] openhands s3 turn47 ttft=853.957ms hit=0.994061 e2e=1163.329ms
[ok] openhands s0 turn12 ttft=754.362ms hit=0.719082 e2e=1034.494ms
[ok] openhands s4 turn13 ttft=561.771ms hit=0.971121 e2e=1173.453ms
[ok] openhands s132 turn9 ttft=471.339ms hit=0.983254 e2e=1308.425ms
[ok] openhands s4 turn14 ttft=690.679ms hit=0.982745 e2e=1076.967ms
[ok] openhands s0 turn13 ttft=732.496ms hit=0.98092 e2e=1120.177ms
[ok] openhands s3 turn48 ttft=686.207ms hit=0.993843 e2e=1071.674ms
[ok] openhands s132 turn10 ttft=341.729ms hit=0.988417 e2e=859.648ms
[ok] openhands s196 turn24 ttft=966.167ms hit=0.983471 e2e=1487.369ms
[ok] openhands s0 turn14 ttft=371.772ms hit=0.942558 e2e=1018.497ms
[ok] openhands s3 turn49 ttft=724.198ms hit=0.986041 e2e=1054.268ms
[ok] openhands s4 turn15 ttft=707.702ms hit=0.984418 e2e=1036.106ms
[ok] openhands s132 turn11 ttft=477.262ms hit=0.980151 e2e=880.053ms
[ok] openhands s196 turn25 ttft=547.857ms hit=0.994438 e2e=953.967ms
[ok] openhands s4 turn16 ttft=569.928ms hit=0.981075 e2e=1001.476ms
[ok] openhands s3 turn50 ttft=589.246ms hit=0.992679 e2e=1022.628ms
[ok] openhands s132 turn12 ttft=604.758ms hit=0.969125 e2e=746.122ms
[ok] openhands s196 turn26 ttft=500.07ms hit=0.979061 e2e=817.345ms
[ok] openhands s4 turn17 ttft=208.032ms hit=0.984461 e2e=579.285ms
[ok] openhands s3 turn51 ttft=327.946ms hit=0.98284 e2e=702.722ms
[ok] openhands s4 turn18 ttft=329.612ms hit=0.988725 e2e=700.241ms
[ok] openhands s196 turn27 ttft=664.129ms hit=0.993529 e2e=906.095ms
[ok] openhands s3 turn52 ttft=339.247ms hit=0.991501 e2e=915.056ms
[ok] openhands s4 turn19 ttft=208.876ms hit=0.978518 e2e=536.193ms
[ok] openhands s196 turn28 ttft=569.834ms hit=0.998025 e2e=939.025ms
[ok] openhands s4 turn20 ttft=251.787ms hit=0.942808 e2e=621.311ms
[ok] openhands s3 turn53 ttft=405.857ms hit=0.991951 e2e=653.137ms
[ok] openhands s4 turn21 ttft=253.956ms hit=0.938875 e2e=593.089ms
[ok] openhands s3 turn54 ttft=388.344ms hit=0.990295 e2e=677.722ms
[ok] openhands s4 turn22 ttft=445.632ms hit=0.978171 e2e=580.262ms
[ok] openhands s3 turn55 ttft=321.104ms hit=0.995345 e2e=685.93ms
[ok] openhands s0 turn15 ttft=495.388ms hit=0.986476 e2e=634.927ms
[ok] openhands s4 turn23 ttft=394.017ms hit=0.977195 e2e=709.212ms
[ok] openhands s3 turn56 ttft=338.701ms hit=0.99197 e2e=707.751ms
[ok] openhands s0 turn16 ttft=594.493ms hit=0.977733 e2e=734.264ms
[ok] openhands s4 turn24 ttft=400.652ms hit=0.988128 e2e=744.331ms
[ok] openhands s3 turn57 ttft=350.325ms hit=0.984758 e2e=640.4ms
[ok] openhands s4 turn25 ttft=399.126ms hit=0.976447 e2e=596.136ms
[ok] openhands s3 turn58 ttft=349.401ms hit=0.976923 e2e=738.966ms
[ok] openhands s4 turn26 ttft=224.12ms hit=0.9844 e2e=668.129ms
[ok] openhands s132 turn13 ttft=223.575ms hit=0.979655 e2e=695.269ms
[ok] openhands s4 turn27 ttft=261.754ms hit=0.980542 e2e=633.676ms
[ok] openhands s3 turn59 ttft=468.415ms hit=0.982875 e2e=844.548ms
[ok] openhands s132 turn14 ttft=211.837ms hit=0.911762 e2e=615.677ms
[ok] openhands s4 turn28 ttft=487.009ms hit=0.977187 e2e=621.986ms
[ok] openhands s3 turn60 ttft=426.57ms hit=0.987908 e2e=726.015ms
[ok] openhands s4 turn29 ttft=506.268ms hit=0.984528 e2e=626.168ms
[ok] openhands s3 turn61 ttft=383.868ms hit=0.971573 e2e=627.036ms
[ok] openhands s4 turn30 ttft=486.118ms hit=0.981897 e2e=620.798ms
[ok] openhands s3 turn62 ttft=367.066ms hit=0.996303 e2e=1083.156ms
[ok] openhands s4 turn31 ttft=786.113ms hit=0.98118 e2e=1382.664ms
[ok] openhands s132 turn15 ttft=549.453ms hit=0.845477 e2e=689.565ms
[ok] openhands s3 turn63 ttft=546.476ms hit=0.995952 e2e=917.335ms
[ok] openhands s0 turn17 ttft=255.685ms hit=0.983261 e2e=707.751ms
[ok] openhands s4 turn32 ttft=339.984ms hit=0.978445 e2e=727.036ms
[ok] openhands s0 turn18 ttft=258.855ms hit=0.958429 e2e=507.862ms
[ok] openhands s3 turn64 ttft=468.501ms hit=0.990932 e2e=721.732ms
[ok] openhands s4 turn33 ttft=443.558ms hit=0.985297 e2e=751.785ms
[ok] openhands s0 turn19 ttft=487.433ms hit=0.941662 e2e=849.978ms
[ok] openhands s3 turn65 ttft=483.938ms hit=0.992307 e2e=874.896ms
[ok] openhands s4 turn34 ttft=243.856ms hit=0.994435 e2e=995.325ms
[ok] openhands s3 turn66 ttft=525.299ms hit=0.988862 e2e=1146.664ms
[ok] openhands s0 turn20 ttft=640.872ms hit=0.885339 e2e=1282.355ms
[ok] openhands s4 turn35 ttft=384.531ms hit=0.976967 e2e=944.811ms
[ok] openhands s132 turn16 ttft=469.094ms hit=0.794291 e2e=916.657ms
[ok] openhands s0 turn21 ttft=413.486ms hit=0.991833 e2e=878.591ms
[ok] openhands s3 turn67 ttft=469.767ms hit=0.985756 e2e=972.04ms
[ok] openhands s132 turn17 ttft=369.303ms hit=0.975424 e2e=752.609ms
[ok] openhands s4 turn36 ttft=364.845ms hit=0.983407 e2e=742.486ms
[ok] openhands s0 turn22 ttft=330.25ms hit=0.948319 e2e=941.535ms
[ok] openhands s132 turn18 ttft=591.355ms hit=0.911955 e2e=1002.556ms
[ok] openhands s3 turn68 ttft=504.085ms hit=0.988749 e2e=1043.129ms
[ok] openhands s4 turn37 ttft=610.343ms hit=0.981281 e2e=1018.308ms
[ok] openhands s4 turn38 ttft=905.42ms hit=0.986564 e2e=1327.333ms
[ok] openhands s3 turn69 ttft=1208.368ms hit=0.983763 e2e=1353.782ms
[ok] openhands s0 turn23 ttft=1113.305ms hit=0.811053 e2e=1536.165ms
[ok] openhands s132 turn19 ttft=307.72ms hit=0.854842 e2e=788.501ms
[ok] openhands s132 turn20 ttft=298.692ms hit=0.973322 e2e=549.247ms
[ok] openhands s0 turn24 ttft=480.038ms hit=0.953993 e2e=873.651ms
[ok] openhands s4 turn39 ttft=538.0ms hit=0.988264 e2e=793.232ms
[ok] openhands s4 turn40 ttft=629.383ms hit=0.986979 e2e=876.213ms
[ok] openhands s132 turn21 ttft=512.201ms hit=0.853473 e2e=895.865ms
[ok] openhands s0 turn25 ttft=640.491ms hit=0.982916 e2e=888.008ms
[ok] openhands s4 turn41 ttft=580.92ms hit=0.996388 e2e=793.471ms
[ok] openhands s132 turn22 ttft=375.767ms hit=0.943359 e2e=814.082ms
[ok] openhands s0 turn26 ttft=507.709ms hit=0.991962 e2e=832.693ms
[ok] openhands s4 turn42 ttft=395.726ms hit=0.960377 e2e=747.132ms
[ok] openhands s132 turn23 ttft=403.883ms hit=0.9552 e2e=756.737ms
[ok] openhands s0 turn27 ttft=527.993ms hit=0.970202 e2e=972.888ms
[ok] openhands s4 turn43 ttft=442.803ms hit=0.990148 e2e=736.344ms
[ok] openhands s132 turn24 ttft=451.7ms hit=0.996256 e2e=746.501ms
[ok] openhands s0 turn28 ttft=322.11ms hit=0.985771 e2e=715.911ms
[ok] openhands s132 turn25 ttft=779.47ms hit=0.96477 e2e=903.309ms
[ok] openhands s4 turn44 ttft=429.22ms hit=0.971998 e2e=919.543ms
[ok] openhands s0 turn29 ttft=507.392ms hit=0.938275 e2e=817.142ms
[ok] openhands s4 turn45 ttft=658.556ms hit=0.982013 e2e=797.503ms
[ok] openhands s132 turn26 ttft=439.37ms hit=0.983108 e2e=686.515ms
[ok] openhands s0 turn30 ttft=516.513ms hit=0.963544 e2e=767.992ms
[ok] openhands s0 turn31 ttft=531.677ms hit=0.987181 e2e=781.466ms
[ok] openhands s132 turn27 ttft=418.367ms hit=0.982394 e2e=809.24ms
[ok] openhands s4 turn46 ttft=541.374ms hit=0.983777 e2e=799.172ms
[ok] openhands s4 turn47 ttft=549.316ms hit=0.981377 e2e=685.603ms
[ok] openhands s0 turn32 ttft=513.888ms hit=0.96552 e2e=810.797ms
[ok] openhands s4 turn48 ttft=362.212ms hit=0.987065 e2e=685.878ms
[ok] openhands s0 turn33 ttft=425.718ms hit=0.966774 e2e=684.982ms
[ok] openhands s4 turn49 ttft=357.828ms hit=0.992115 e2e=701.36ms
[ok] openhands s0 turn34 ttft=446.096ms hit=0.99464 e2e=700.574ms
[ok] openhands s4 turn50 ttft=355.983ms hit=0.983643 e2e=719.953ms
[ok] openhands s0 turn35 ttft=461.458ms hit=0.963398 e2e=737.392ms
[ok] openhands s4 turn51 ttft=382.555ms hit=0.979031 e2e=633.174ms
[ok] openhands s0 turn36 ttft=366.683ms hit=0.988199 e2e=620.977ms
[ok] openhands s4 turn52 ttft=364.519ms hit=0.989219 e2e=694.03ms
[ok] openhands s0 turn37 ttft=442.979ms hit=0.968649 e2e=707.055ms
[ok] openhands s4 turn53 ttft=392.403ms hit=0.988646 e2e=619.751ms
[ok] openhands s0 turn38 ttft=370.694ms hit=0.993223 e2e=732.342ms
[ok] openhands s4 turn54 ttft=272.733ms hit=0.986133 e2e=536.382ms
[ok] openhands s4 turn55 ttft=377.324ms hit=0.990196 e2e=621.678ms
[ok] openhands s0 turn39 ttft=635.881ms hit=0.961055 e2e=886.214ms
[ok] openhands s0 turn40 ttft=521.479ms hit=0.988369 e2e=910.408ms
[ok] openhands s4 turn56 ttft=494.924ms hit=0.979366 e2e=754.039ms
[ok] openhands s132 turn28 ttft=258.919ms hit=0.986988 e2e=514.807ms
[ok] openhands s132 turn29 ttft=470.343ms hit=0.994129 e2e=749.526ms
[ok] openhands s4 turn57 ttft=597.395ms hit=0.985385 e2e=739.548ms
[ok] openhands s0 turn41 ttft=501.497ms hit=0.98736 e2e=890.153ms
[ok] openhands s4 turn58 ttft=505.75ms hit=0.986944 e2e=802.697ms
[ok] openhands s132 turn30 ttft=635.889ms hit=0.981173 e2e=764.384ms
[ok] openhands s0 turn42 ttft=417.127ms hit=0.982472 e2e=799.577ms
[ok] openhands s4 turn59 ttft=525.456ms hit=0.989001 e2e=828.176ms
[ok] openhands s132 turn31 ttft=485.757ms hit=0.987584 e2e=787.538ms
[ok] openhands s0 turn43 ttft=452.311ms hit=0.9764 e2e=813.023ms
[ok] openhands s4 turn60 ttft=525.963ms hit=0.988938 e2e=901.002ms
[ok] openhands s132 turn32 ttft=485.874ms hit=0.988873 e2e=859.749ms
[ok] openhands s0 turn44 ttft=542.148ms hit=0.963214 e2e=901.588ms
[ok] openhands s132 turn33 ttft=531.926ms hit=0.995739 e2e=771.286ms
[ok] openhands s4 turn61 ttft=521.129ms hit=0.992883 e2e=759.684ms
[ok] openhands s0 turn45 ttft=403.364ms hit=0.988521 e2e=756.537ms
[ok] openhands s4 turn62 ttft=422.721ms hit=0.989272 e2e=728.522ms
[ok] openhands s0 turn46 ttft=493.473ms hit=0.973748 e2e=854.461ms
[ok] openhands s4 turn63 ttft=297.317ms hit=0.991169 e2e=558.766ms
[ok] openhands s0 turn47 ttft=648.502ms hit=0.988259 e2e=770.812ms
[ok] openhands s4 turn64 ttft=278.758ms hit=0.992852 e2e=767.603ms
[ok] openhands s0 turn48 ttft=494.288ms hit=0.978282 e2e=864.585ms
[ok] openhands s4 turn65 ttft=337.422ms hit=0.992098 e2e=579.482ms
[ok] openhands s4 turn66 ttft=425.592ms hit=0.986162 e2e=655.983ms
[ok] openhands s0 turn49 ttft=533.695ms hit=0.992207 e2e=779.101ms
[ok] openhands s4 turn67 ttft=415.869ms hit=0.981331 e2e=663.004ms
[ok] openhands s0 turn50 ttft=484.047ms hit=0.989242 e2e=742.939ms
[ok] openhands s4 turn68 ttft=442.085ms hit=0.993974 e2e=642.351ms
[ok] openhands s0 turn51 ttft=417.663ms hit=0.997244 e2e=778.271ms
[ok] openhands s4 turn69 ttft=285.719ms hit=0.984936 e2e=597.99ms
[ok] openhands s0 turn52 ttft=538.034ms hit=0.974781 e2e=922.826ms
[ok] openhands s4 turn70 ttft=382.921ms hit=0.990276 e2e=624.786ms
[ok] openhands s0 turn53 ttft=576.078ms hit=0.984485 e2e=841.119ms
[ok] openhands s4 turn71 ttft=517.361ms hit=0.991649 e2e=763.808ms
[ok] openhands s0 turn54 ttft=582.342ms hit=0.996039 e2e=849.185ms
[ok] openhands s4 turn72 ttft=579.926ms hit=0.991388 e2e=829.999ms
[ok] openhands s4 turn73 ttft=283.477ms hit=0.988851 e2e=527.352ms
[ok] openhands s4 turn74 ttft=281.991ms hit=0.994679 e2e=527.08ms
[ok] openhands s4 turn75 ttft=296.882ms hit=0.993768 e2e=541.737ms
[ok] openhands s4 turn76 ttft=421.456ms hit=0.928603 e2e=665.558ms
[ok] openhands s4 turn77 ttft=296.324ms hit=0.995434 e2e=540.569ms
[ok] openhands s4 turn78 ttft=321.871ms hit=0.992534 e2e=566.672ms
[ok] openhands s4 turn79 ttft=300.238ms hit=0.989722 e2e=544.032ms
[ok] openhands s4 turn80 ttft=297.764ms hit=0.991934 e2e=541.915ms
[ok] openhands s4 turn81 ttft=403.106ms hit=0.994699 e2e=652.076ms
[ok] openhands s4 turn82 ttft=303.615ms hit=0.995125 e2e=547.036ms
[ok] openhands s4 turn83 ttft=299.834ms hit=0.994881 e2e=543.697ms
[ok] openhands s4 turn84 ttft=304.557ms hit=0.99311 e2e=547.711ms
[ok] openhands s4 turn85 ttft=308.565ms hit=0.994259 e2e=552.271ms
[ok] openhands s4 turn86 ttft=304.219ms hit=0.990374 e2e=548.115ms
[ok] openhands s4 turn87 ttft=305.868ms hit=0.992793 e2e=550.174ms
[ok] openhands s4 turn88 ttft=308.879ms hit=0.986565 e2e=554.52ms
[ok] openhands s4 turn89 ttft=311.03ms hit=0.992949 e2e=555.542ms
[ok] openhands s4 turn90 ttft=313.612ms hit=0.992114 e2e=559.373ms
[ok] openhands s4 turn91 ttft=372.037ms hit=0.989793 e2e=619.086ms
[ok] openhands s4 turn92 ttft=443.039ms hit=0.989143 e2e=688.389ms
[ok] openhands s4 turn93 ttft=324.74ms hit=0.995847 e2e=570.527ms
[ok] openhands s4 turn94 ttft=449.514ms hit=0.994269 e2e=701.007ms
[ok] openhands s4 turn95 ttft=374.124ms hit=0.991689 e2e=625.282ms
[ok] openhands s4 turn96 ttft=321.235ms hit=0.997331 e2e=567.227ms
[ok] openhands s4 turn97 ttft=335.669ms hit=0.991479 e2e=581.707ms
[ok] openhands s4 turn98 ttft=326.153ms hit=0.991386 e2e=572.498ms
[ok] openhands s4 turn99 ttft=349.679ms hit=0.990189 e2e=597.147ms
[ok] openhands s4 turn100 ttft=354.607ms hit=0.991566 e2e=600.947ms
[ok] openhands s4 turn101 ttft=331.569ms hit=0.99258 e2e=586.541ms
[ok] openhands s4 turn102 ttft=333.555ms hit=0.995805 e2e=580.388ms
[ok] openhands s4 turn103 ttft=341.244ms hit=0.991674 e2e=643.041ms
[ok] openhands s4 turn104 ttft=399.1ms hit=0.986734 e2e=644.924ms
[ok] openhands s4 turn105 ttft=350.848ms hit=0.9899 e2e=601.33ms
[ok] openhands s4 turn106 ttft=349.165ms hit=0.990515 e2e=594.801ms
[ok] openhands s4 turn107 ttft=358.142ms hit=0.995615 e2e=604.901ms
[ok] openhands s4 turn108 ttft=346.444ms hit=0.997096 e2e=593.86ms
[ok] openhands s4 turn109 ttft=362.698ms hit=0.992975 e2e=610.377ms
[ok] openhands s4 turn110 ttft=350.549ms hit=0.997195 e2e=596.675ms
[ok] openhands s4 turn111 ttft=361.745ms hit=0.994208 e2e=608.414ms
[ok] openhands s4 turn112 ttft=370.065ms hit=0.994135 e2e=621.228ms
[done] issued=1970 ok=1970 err=0 wall=383.5s
[done] /share/dai-sys/zhoulongsheng/agentkv/experiments/evict_position/online_runs/20260913_110634_formal_rep3/on_demand/replay/replay.jsonl
[done] /share/dai-sys/zhoulongsheng/agentkv/experiments/evict_position/online_runs/20260913_110634_formal_rep3/on_demand/replay/summary.json
[done] /share/dai-sys/zhoulongsheng/agentkv/experiments/evict_position/online_runs/20260913_110634_formal_rep3/on_demand/replay/report.md
