[warn] no manifest.json, skip hash check
[index] 533 sessions / 2000 turns from /share/dai-sys/zhoulongsheng/agentkv/experiments/nn_exp/cold_predictor_exp/workloads/agent050_decode32/workload.jsonl
[arrival] {"type": "waves", "horizon_s": 300.0, "n_waves": 9, "wave_width_s": 20.0, "wave_start_s": [0.0, 37.5, 75.0, 112.5, 150.0, 187.5, 225.0, 262.5, 280.0], "wave_class_counts": [{"openhands": 4, "request": 56}, {"openhands": 4, "request": 56}, {"openhands": 4, "request": 56}, {"openhands": 4, "request": 56}, {"openhands": 4, "request": 56}, {"openhands": 4, "request": 55}, {"openhands": 3, "request": 55}, {"openhands": 3, "request": 55}, {"openhands": 3, "request": 55}], "arrival_seed": 42, "classes": ["openhands", "request"]}
[ok] request s470 turn0 ttft=2462.405ms hit=0.0 e2e=2465.642ms
[ok] request s108 turn0 ttft=4408.55ms hit=0.0 e2e=9483.614ms
[ok] request s489 turn0 ttft=1901.443ms hit=0.0 e2e=2010.552ms
[ok] request s103 turn0 ttft=2450.446ms hit=0.0 e2e=4723.13ms
[ok] request s45 turn0 ttft=4386.171ms hit=0.0 e2e=14233.104ms
[ok] request s132 turn0 ttft=410.547ms hit=0.0 e2e=10166.5ms
[ok] request s381 turn0 ttft=2106.461ms hit=0.0 e2e=11862.058ms
[ok] request s446 turn0 ttft=4047.858ms hit=0.0 e2e=13901.592ms
[ok] request s395 turn0 ttft=3709.2ms hit=0.0 e2e=13562.614ms
[ok] request s269 turn0 ttft=1428.21ms hit=0.0 e2e=11189.719ms
[ok] openhands s417 turn0 ttft=4921.342ms hit=0.0 e2e=14916.946ms
[ok] request s101 turn0 ttft=1767.723ms hit=0.0 e2e=11529.22ms
[ok] request s76 turn0 ttft=2354.2ms hit=0.0 e2e=12208.03ms
[ok] request s176 turn0 ttft=3032.258ms hit=0.0 e2e=12885.587ms
[ok] request s350 turn0 ttft=2694.673ms hit=0.0 e2e=12547.76ms
[ok] request s119 turn0 ttft=3372.512ms hit=0.0 e2e=13225.347ms
[ok] request s10 turn0 ttft=751.541ms hit=0.0 e2e=10513.997ms
[ok] request s452 turn0 ttft=1090.835ms hit=0.0 e2e=10853.126ms
[ok] request s230 turn0 ttft=545.287ms hit=0.0 e2e=5444.062ms
[ok] request s141 turn0 ttft=3817.973ms hit=0.0 e2e=8835.367ms
[ok] request s315 turn0 ttft=4016.423ms hit=0.0 e2e=9174.742ms
[ok] request s304 turn0 ttft=1563.059ms hit=0.0 e2e=6467.028ms
[ok] request s196 turn0 ttft=2801.644ms hit=0.0 e2e=7823.911ms
[ok] openhands s182 turn0 ttft=2789.99ms hit=0.14624 e2e=9858.112ms
[ok] request s347 turn0 ttft=885.78ms hit=0.0 e2e=5790.514ms
[ok] request s125 turn0 ttft=218.211ms hit=0.0 e2e=5113.417ms
[ok] request s297 turn0 ttft=1225.056ms hit=0.0 e2e=6130.152ms
[ok] request s74 turn0 ttft=3143.079ms hit=0.0 e2e=8164.931ms
[ok] request s172 turn0 ttft=3482.751ms hit=0.0 e2e=8504.521ms
[ok] request s518 turn0 ttft=2126.685ms hit=0.0 e2e=7148.391ms
[ok] request s52 turn0 ttft=3590.62ms hit=0.0 e2e=3761.451ms
[ok] request s503 turn0 ttft=919.043ms hit=0.0 e2e=8819.508ms
[ok] request s342 turn0 ttft=4134.736ms hit=0.0 e2e=12221.972ms
[ok] request s33 turn0 ttft=1595.692ms hit=0.0 e2e=9713.466ms
[ok] request s481 turn0 ttft=578.761ms hit=0.0 e2e=8698.527ms
[ok] request s489 turn1 ttft=3894.758ms hit=0.0 e2e=12188.115ms
[ok] request s110 turn0 ttft=2274.68ms hit=0.0 e2e=10394.38ms
[ok] request s73 turn0 ttft=1936.124ms hit=0.0 e2e=10055.569ms
[ok] request s103 turn1 ttft=3894.833ms hit=0.0 e2e=12187.809ms
[ok] request s127 turn0 ttft=2614.436ms hit=0.0 e2e=10737.012ms
[ok] request s35 turn0 ttft=3930.926ms hit=0.0 e2e=12094.14ms
[ok] request s487 turn0 ttft=242.487ms hit=0.0 e2e=8365.175ms
[ok] request s343 turn0 ttft=3251.978ms hit=0.0 e2e=11416.827ms
[ok] request s34 turn0 ttft=2955.347ms hit=0.0 e2e=11078.15ms
[ok] openhands s476 turn0 ttft=4474.88ms hit=0.066741 e2e=12772.902ms
[ok] request s4 turn0 ttft=1259.982ms hit=0.0 e2e=9382.977ms
[ok] request s108 turn1 ttft=4420.527ms hit=0.0 e2e=12718.729ms
[ok] openhands s182 turn1 ttft=2694.901ms hit=0.986284 e2e=8216.095ms
[ok] request s322 turn0 ttft=4780.692ms hit=0.0 e2e=7232.312ms
[ok] request s269 turn1 ttft=5194.233ms hit=0.0 e2e=7645.64ms
[ok] request s514 turn0 ttft=4105.07ms hit=0.0 e2e=6555.878ms
[ok] openhands s417 turn1 ttft=2690.428ms hit=0.94751 e2e=8212.716ms
[ok] request s196 turn1 ttft=2808.969ms hit=0.239029 e2e=8003.435ms
[ok] request s119 turn1 ttft=5193.195ms hit=0.646057 e2e=7644.711ms
[ok] request s211 turn0 ttft=2533.536ms hit=0.0 e2e=8241.729ms
[ok] request s79 turn0 ttft=4444.724ms hit=0.0 e2e=6896.689ms
[ok] request s350 turn1 ttft=5195.434ms hit=0.190902 e2e=7647.348ms
[ok] openhands s418 turn0 ttft=2995.67ms hit=0.155778 e2e=7914.868ms
[ok] request s381 turn1 ttft=5202.424ms hit=0.308806 e2e=7654.813ms
[ok] request s101 turn1 ttft=5237.324ms hit=0.829016 e2e=7689.733ms
[ok] request s132 turn1 ttft=5204.755ms hit=0.22031 e2e=7657.197ms
[ok] request s64 turn0 ttft=5126.563ms hit=0.0 e2e=7577.876ms
[ok] request s141 turn1 ttft=5181.569ms hit=0.0 e2e=7632.934ms
[ok] request s199 turn0 ttft=3002.268ms hit=0.0 e2e=3515.767ms
[ok] request s20 turn0 ttft=3764.965ms hit=0.0 e2e=6227.65ms
[ok] request s365 turn0 ttft=4019.135ms hit=0.0 e2e=4533.329ms
[ok] request s115 turn0 ttft=4685.693ms hit=0.0 e2e=5212.075ms
[ok] request s87 turn0 ttft=2663.694ms hit=0.0 e2e=3178.597ms
[ok] request s294 turn0 ttft=3342.126ms hit=0.0 e2e=3857.144ms
[ok] request s340 turn0 ttft=3682.166ms hit=0.0 e2e=4197.264ms
[ok] request s95 turn0 ttft=3092.057ms hit=0.0 e2e=5554.237ms
[ok] request s379 turn0 ttft=3431.102ms hit=0.0 e2e=5893.421ms
[ok] request s521 turn0 ttft=4360.747ms hit=0.0 e2e=4877.263ms
[ok] request s381 turn2 ttft=673.176ms hit=0.723164 e2e=941.03ms
[ok] request s489 turn2 ttft=834.077ms hit=0.0 e2e=1244.366ms
[ok] openhands s418 turn1 ttft=691.701ms hit=0.9787 e2e=1608.962ms
[ok] request s34 turn1 ttft=822.423ms hit=0.0 e2e=1253.33ms
[ok] request s487 turn1 ttft=825.799ms hit=0.0 e2e=1256.55ms
[ok] request s342 turn1 ttft=667.927ms hit=0.0 e2e=1588.396ms
[ok] openhands s417 turn2 ttft=578.531ms hit=0.899893 e2e=1498.985ms
[ok] request s110 turn1 ttft=831.392ms hit=0.0 e2e=1262.737ms
[ok] openhands s182 turn2 ttft=698.842ms hit=0.953492 e2e=1624.268ms
[ok] request s269 turn2 ttft=678.687ms hit=0.0 e2e=1040.709ms
[ok] request s103 turn2 ttft=829.172ms hit=0.0 e2e=1266.075ms
[ok] request s4 turn1 ttft=868.408ms hit=0.0 e2e=1304.797ms
[ok] request s33 turn1 ttft=838.051ms hit=0.0 e2e=1274.497ms
[ok] request s196 turn2 ttft=902.774ms hit=0.7469 e2e=1342.289ms
[ok] request s73 turn1 ttft=832.556ms hit=0.0 e2e=1269.673ms
[ok] openhands s476 turn1 ttft=862.456ms hit=0.797402 e2e=1791.364ms
[ok] request s79 turn1 ttft=678.294ms hit=0.0 e2e=1042.204ms
[ok] request s343 turn1 ttft=828.438ms hit=0.0 e2e=1266.985ms
[ok] request s141 turn2 ttft=667.195ms hit=0.25422 e2e=1039.286ms
[ok] request s350 turn2 ttft=672.807ms hit=0.543294 e2e=1045.034ms
[ok] request s365 turn1 ttft=663.907ms hit=0.0 e2e=1036.303ms
[ok] request s379 turn1 ttft=661.744ms hit=0.0 e2e=1034.311ms
[ok] request s199 turn1 ttft=667.642ms hit=0.0 e2e=1039.417ms
[ok] request s101 turn2 ttft=672.836ms hit=0.867307 e2e=1044.529ms
[ok] request s4 turn2 ttft=390.114ms hit=0.621359 e2e=544.931ms
[ok] openhands s417 turn3 ttft=514.325ms hit=0.923788 e2e=1279.734ms
[ok] request s73 turn2 ttft=386.976ms hit=0.461261 e2e=701.763ms
[ok] openhands s476 turn2 ttft=950.578ms hit=0.844613 e2e=1279.076ms
[ok] request s110 turn2 ttft=685.644ms hit=0.0 e2e=1014.198ms
[ok] request s101 turn3 ttft=380.846ms hit=0.75442 e2e=700.409ms
[ok] openhands s182 turn3 ttft=320.34ms hit=0.982034 e2e=1302.741ms
[ok] request s103 turn3 ttft=391.733ms hit=0.361582 e2e=712.072ms
[ok] request s487 turn2 ttft=400.909ms hit=0.292571 e2e=720.9ms
[ok] request s269 turn3 ttft=395.207ms hit=0.7793 e2e=715.35ms
[ok] request s196 turn3 ttft=478.392ms hit=0.719101 e2e=813.689ms
[ok] openhands s418 turn2 ttft=523.27ms hit=0.914286 e2e=1299.318ms
[ok] request s343 turn2 ttft=387.704ms hit=0.571854 e2e=709.396ms
[ok] request s4 turn3 ttft=2780.658ms hit=0.0 e2e=3087.565ms
[ok] openhands s182 turn4 ttft=756.003ms hit=0.982348 e2e=3491.961ms
[ok] request s196 turn4 ttft=2607.354ms hit=0.0 e2e=2938.837ms
[ok] openhands s476 turn3 ttft=2965.748ms hit=0.882834 e2e=3296.864ms
[ok] request s487 turn3 ttft=2614.094ms hit=0.0 e2e=2947.718ms
[ok] openhands s417 turn4 ttft=805.463ms hit=0.40466 e2e=3548.447ms
[ok] request s343 turn3 ttft=2607.714ms hit=0.590951 e2e=2941.532ms
[ok] request s103 turn4 ttft=2617.373ms hit=0.489016 e2e=2951.069ms
[ok] request s110 turn3 ttft=2622.716ms hit=0.0 e2e=2956.227ms
[ok] request s101 turn4 ttft=2620.869ms hit=0.753891 e2e=2954.233ms
[ok] request s73 turn3 ttft=2623.061ms hit=0.0 e2e=2959.281ms
[ok] openhands s418 turn3 ttft=799.931ms hit=0.904926 e2e=3544.451ms
[ok] request s269 turn4 ttft=2614.683ms hit=0.0 e2e=2948.657ms
[ok] openhands s418 turn4 ttft=2272.886ms hit=0.983547 e2e=2945.699ms
[ok] request s343 turn4 ttft=1981.949ms hit=0.892375 e2e=2357.396ms
[ok] request s110 turn4 ttft=2123.724ms hit=0.0 e2e=2498.755ms
[ok] request s487 turn4 ttft=1985.223ms hit=0.608799 e2e=2359.913ms
[ok] openhands s417 turn5 ttft=2081.034ms hit=0.950121 e2e=2961.315ms
[ok] request s73 turn4 ttft=1977.506ms hit=0.540084 e2e=2354.661ms
[ok] request s101 turn5 ttft=1980.219ms hit=0.852702 e2e=2357.071ms
[ok] openhands s476 turn4 ttft=2047.116ms hit=0.894523 e2e=2350.618ms
[ok] request s269 turn5 ttft=1976.7ms hit=0.691892 e2e=2353.473ms
[ok] request s103 turn5 ttft=1981.366ms hit=0.70137 e2e=2359.925ms
[ok] openhands s182 turn5 ttft=2279.739ms hit=0.979361 e2e=2958.743ms
[ok] openhands s182 turn6 ttft=2909.688ms hit=0.973745 e2e=3178.757ms
[ok] request s343 turn5 ttft=2418.203ms hit=0.788906 e2e=2687.002ms
[ok] openhands s476 turn5 ttft=2998.356ms hit=0.996857 e2e=3270.724ms
[ok] openhands s418 turn5 ttft=2940.672ms hit=0.986866 e2e=3286.182ms
[ok] request s103 turn6 ttft=2411.466ms hit=0.664245 e2e=2682.626ms
[ok] request s110 turn5 ttft=2416.81ms hit=0.0 e2e=2687.532ms
[ok] request s269 turn6 ttft=2415.116ms hit=0.846281 e2e=2685.419ms
[ok] openhands s417 turn6 ttft=3006.185ms hit=0.933023 e2e=3276.128ms
[ok] openhands s476 turn6 ttft=2922.533ms hit=0.880625 e2e=3745.094ms
[ok] request s253 turn0 ttft=646.102ms hit=0.0 e2e=1179.468ms
[ok] openhands s182 turn7 ttft=2550.314ms hit=0.976123 e2e=3719.175ms
[ok] request s269 turn7 ttft=2345.16ms hit=0.775758 e2e=3172.233ms
[ok] openhands s417 turn7 ttft=2205.955ms hit=0.946851 e2e=3772.354ms
[ok] request s378 turn0 ttft=1324.522ms hit=0.0 e2e=1861.057ms
[ok] request s277 turn0 ttft=986.409ms hit=0.0 e2e=1522.592ms
[ok] openhands s61 turn0 ttft=1663.087ms hit=0.163749 e2e=2200.5ms
[ok] request s12 turn0 ttft=309.607ms hit=0.0 e2e=845.666ms
[ok] openhands s418 turn6 ttft=2595.564ms hit=0.990131 e2e=3768.654ms
[ok] request s42 turn0 ttft=138.299ms hit=0.0 e2e=939.248ms
[ok] request s406 turn0 ttft=135.964ms hit=0.0 e2e=2428.742ms
[ok] request s82 turn0 ttft=3455.212ms hit=0.0 e2e=9821.383ms
[ok] openhands s418 turn7 ttft=2688.302ms hit=0.9808 e2e=11249.484ms
[ok] request s277 turn1 ttft=4042.799ms hit=0.0 e2e=10673.451ms
[ok] request s389 turn0 ttft=2775.926ms hit=0.0 e2e=9406.186ms
[ok] openhands s417 turn8 ttft=2694.199ms hit=0.984468 e2e=11256.875ms
[ok] openhands s243 turn0 ttft=4362.509ms hit=0.161385 e2e=8394.973ms
[ok] openhands s182 turn8 ttft=2650.518ms hit=0.948148 e2e=11218.172ms
[ok] request s42 turn1 ttft=3610.634ms hit=0.0 e2e=10245.675ms
[ok] openhands s476 turn7 ttft=2443.203ms hit=0.99516 e2e=11279.308ms
[ok] request s113 turn0 ttft=3117.586ms hit=0.0 e2e=9752.627ms
[ok] request s513 turn0 ttft=4134.822ms hit=0.0 e2e=10769.613ms
[ok] request s253 turn1 ttft=4049.737ms hit=0.0 e2e=10684.292ms
[ok] request s484 turn0 ttft=2539.039ms hit=0.0 e2e=11107.784ms
[ok] request s371 turn0 ttft=2268.793ms hit=0.0 e2e=8736.275ms
[ok] request s49 turn0 ttft=3797.028ms hit=0.0 e2e=10431.99ms
[ok] openhands s61 turn1 ttft=2700.085ms hit=0.848605 e2e=11269.257ms
[ok] request s227 turn0 ttft=2440.842ms hit=0.0 e2e=9075.979ms
[ok] request s478 turn0 ttft=3682.457ms hit=0.0 e2e=7726.812ms
[ok] request s107 turn0 ttft=1336.139ms hit=0.0 e2e=4676.773ms
[ok] request s468 turn0 ttft=977.961ms hit=0.0 e2e=4338.343ms
[ok] request s214 turn0 ttft=2505.904ms hit=0.0 e2e=6371.027ms
[ok] request s507 turn0 ttft=2846.452ms hit=0.0 e2e=6711.441ms
[ok] request s429 turn0 ttft=1652.721ms hit=0.0 e2e=5015.888ms
[ok] request s448 turn0 ttft=3005.404ms hit=0.0 e2e=7051.078ms
[ok] request s23 turn0 ttft=301.556ms hit=0.0 e2e=3661.923ms
[ok] request s455 turn0 ttft=637.467ms hit=0.0 e2e=4001.39ms
[ok] request s508 turn0 ttft=4023.095ms hit=0.0 e2e=8069.599ms
[ok] request s161 turn0 ttft=2332.929ms hit=0.0 e2e=5697.264ms
[ok] request s326 turn0 ttft=3343.766ms hit=0.0 e2e=7392.234ms
[ok] request s18 turn0 ttft=1994.861ms hit=0.0 e2e=5359.134ms
[ok] request s21 turn0 ttft=2445.443ms hit=0.0 e2e=6037.588ms
[ok] request s433 turn0 ttft=544.838ms hit=0.0 e2e=963.636ms
[ok] request s54 turn0 ttft=2240.31ms hit=0.0 e2e=3159.749ms
[ok] request s126 turn0 ttft=2463.399ms hit=0.0 e2e=3503.08ms
[ok] request s482 turn0 ttft=1560.462ms hit=0.0 e2e=2486.677ms
[ok] request s465 turn0 ttft=1220.921ms hit=0.0 e2e=2148.16ms
[ok] request s490 turn0 ttft=883.105ms hit=0.0 e2e=1809.8ms
[ok] request s105 turn0 ttft=1900.567ms hit=0.0 e2e=2827.288ms
[ok] openhands s181 turn0 ttft=2800.297ms hit=0.136706 e2e=3843.079ms
[ok] request s72 turn0 ttft=208.577ms hit=0.0 e2e=1133.484ms
[ok] request s134 turn0 ttft=139.149ms hit=0.0 e2e=4198.482ms
[ok] request s455 turn1 ttft=2594.638ms hit=0.0 e2e=3491.209ms
[ok] openhands s417 turn9 ttft=483.949ms hit=0.982774 e2e=4354.487ms
[ok] openhands s181 turn1 ttft=686.435ms hit=0.769433 e2e=3871.226ms
[ok] request s49 turn1 ttft=2598.571ms hit=0.0 e2e=3801.894ms
[ok] openhands s61 turn2 ttft=721.671ms hit=0.814761 e2e=4367.884ms
[ok] request s214 turn1 ttft=2597.104ms hit=0.259109 e2e=3801.992ms
[ok] openhands s243 turn1 ttft=705.024ms hit=0.935059 e2e=4351.316ms
[ok] request s389 turn1 ttft=2610.096ms hit=0.0 e2e=3818.059ms
[ok] openhands s418 turn8 ttft=516.08ms hit=0.983111 e2e=4395.821ms
[ok] request s253 turn2 ttft=2603.241ms hit=0.387879 e2e=3810.852ms
[ok] request s291 turn0 ttft=689.344ms hit=0.0 e2e=4336.398ms
[ok] request s164 turn0 ttft=535.06ms hit=0.0 e2e=3996.996ms
[ok] openhands s476 turn8 ttft=920.476ms hit=0.996622 e2e=4382.185ms
[ok] request s42 turn2 ttft=2607.286ms hit=0.239252 e2e=3815.289ms
[ok] request s277 turn2 ttft=628.815ms hit=0.49174 e2e=3822.464ms
[ok] openhands s182 turn9 ttft=509.676ms hit=0.980092 e2e=4390.816ms
[ok] request s113 turn1 ttft=2606.76ms hit=0.0 e2e=3814.804ms
[ok] request s508 turn1 ttft=2588.932ms hit=0.0 e2e=3806.768ms
[ok] request s235 turn0 ttft=1308.402ms hit=0.0 e2e=1969.971ms
[ok] request s490 turn1 ttft=2289.909ms hit=0.604486 e2e=3288.386ms
[ok] request s213 turn0 ttft=2205.2ms hit=0.0 e2e=2987.509ms
[ok] request s88 turn0 ttft=2447.571ms hit=0.0 e2e=3666.169ms
[ok] request s433 turn1 ttft=2578.915ms hit=0.0 e2e=3797.387ms
[ok] request s465 turn1 ttft=2292.688ms hit=0.0 e2e=3291.637ms
[ok] request s161 turn1 ttft=2590.888ms hit=0.884177 e2e=3808.873ms
[ok] request s28 turn0 ttft=1646.481ms hit=0.0 e2e=2321.466ms
[ok] request s515 turn0 ttft=970.968ms hit=0.0 e2e=1644.873ms
[ok] openhands s477 turn0 ttft=1866.941ms hit=0.524004 e2e=2661.786ms
[ok] request s66 turn0 ttft=2328.79ms hit=0.0 e2e=3339.466ms
[ok] request s18 turn1 ttft=2588.07ms hit=0.77628 e2e=3819.352ms
[ok] request s394 turn0 ttft=630.553ms hit=0.0 e2e=1307.213ms
[ok] request s126 turn1 ttft=2295.053ms hit=0.0 e2e=3306.921ms
[ok] request s54 turn1 ttft=2419.516ms hit=0.0 e2e=3431.498ms
[ok] request s129 turn0 ttft=297.17ms hit=0.0 e2e=970.428ms
[ok] request s351 turn0 ttft=137.885ms hit=0.0 e2e=673.12ms
[ok] request s480 turn0 ttft=144.247ms hit=0.0 e2e=1060.938ms
[ok] request s455 turn2 ttft=889.957ms hit=0.0 e2e=1445.8ms
[ok] request s197 turn0 ttft=718.443ms hit=0.0 e2e=2456.728ms
[ok] openhands s243 turn2 ttft=812.627ms hit=0.912385 e2e=2469.788ms
[ok] request s433 turn2 ttft=588.413ms hit=0.0 e2e=1949.871ms
[ok] openhands s417 turn10 ttft=762.957ms hit=0.984951 e2e=2508.139ms
[ok] request s214 turn2 ttft=584.829ms hit=0.391437 e2e=1941.337ms
[ok] openhands s418 turn9 ttft=738.715ms hit=0.982959 e2e=2483.397ms
[ok] openhands s181 turn2 ttft=779.445ms hit=0.991989 e2e=2526.721ms
[ok] request s394 turn1 ttft=738.28ms hit=0.679045 e2e=2098.161ms
[ok] request s253 turn3 ttft=578.749ms hit=0.504433 e2e=1938.488ms
[ok] openhands s476 turn9 ttft=1144.927ms hit=0.997054 e2e=2504.475ms
[ok] openhands s182 turn10 ttft=1133.412ms hit=0.977058 e2e=2492.797ms
[ok] openhands s477 turn1 ttft=729.292ms hit=0.802005 e2e=2475.453ms
[ok] request s55 turn0 ttft=773.781ms hit=0.0 e2e=2133.416ms
[ok] request s134 turn1 ttft=755.351ms hit=0.0 e2e=2415.829ms
[ok] openhands s61 turn3 ttft=770.91ms hit=0.851111 e2e=2519.228ms
[ok] request s49 turn2 ttft=591.331ms hit=0.302243 e2e=1951.168ms
[ok] request s490 turn2 ttft=566.462ms hit=0.65529 e2e=1939.426ms
[ok] request s480 turn1 ttft=161.332ms hit=0.0 e2e=1157.567ms
[ok] request s255 turn0 ttft=127.986ms hit=0.0 e2e=1125.167ms
[ok] request s465 turn2 ttft=564.46ms hit=0.0 e2e=1937.666ms
[ok] request s515 turn1 ttft=557.622ms hit=0.0 e2e=1930.804ms
[ok] request s27 turn0 ttft=799.925ms hit=0.0 e2e=1804.235ms
[ok] request s42 turn3 ttft=575.311ms hit=0.676354 e2e=1948.029ms
[ok] request s277 turn3 ttft=825.335ms hit=0.781441 e2e=1946.691ms
[ok] request s345 turn0 ttft=462.109ms hit=0.0 e2e=1467.407ms
[ok] request s161 turn2 ttft=562.928ms hit=0.967483 e2e=1938.173ms
[ok] request s508 turn2 ttft=938.568ms hit=0.0 e2e=1945.961ms
[ok] request s213 turn1 ttft=820.539ms hit=0.398232 e2e=1943.369ms
[ok] request s53 turn0 ttft=133.899ms hit=0.0 e2e=1562.579ms
[ok] request s154 turn0 ttft=445.922ms hit=0.0 e2e=7395.618ms
[ok] openhands s417 turn11 ttft=724.155ms hit=0.985705 e2e=7129.696ms
[ok] request s433 turn3 ttft=4850.388ms hit=0.0 e2e=6595.773ms
[ok] request s255 turn1 ttft=5126.115ms hit=0.0 e2e=6582.947ms
[ok] openhands s182 turn11 ttft=768.468ms hit=0.983314 e2e=7175.606ms
[ok] request s161 turn3 ttft=5763.487ms hit=0.0 e2e=6584.166ms
[ok] openhands s477 turn2 ttft=737.803ms hit=0.741771 e2e=7149.971ms
[ok] request s214 turn3 ttft=5137.395ms hit=0.0 e2e=6599.68ms
[ok] openhands s243 turn3 ttft=772.352ms hit=0.975572 e2e=7186.583ms
[ok] request s490 turn3 ttft=5127.665ms hit=0.0 e2e=6591.41ms
[ok] openhands s418 turn10 ttft=1209.521ms hit=0.975775 e2e=7147.657ms
[ok] openhands s181 turn3 ttft=1169.116ms hit=0.983742 e2e=7106.898ms
[ok] openhands s61 turn4 ttft=1235.967ms hit=0.717229 e2e=7173.491ms
[ok] request s49 turn3 ttft=4846.319ms hit=0.0 e2e=6597.756ms
[ok] request s55 turn1 ttft=6241.225ms hit=0.0 e2e=6599.302ms
[ok] openhands s476 turn10 ttft=5412.764ms hit=0.031307 e2e=7165.237ms
[ok] request s345 turn1 ttft=5122.036ms hit=0.0 e2e=6588.222ms
[ok] request s515 turn2 ttft=5765.939ms hit=0.0 e2e=6597.176ms
[ok] request s213 turn2 ttft=6213.167ms hit=0.0 e2e=6592.456ms
[ok] openhands s418 turn11 ttft=1134.439ms hit=0.9885 e2e=1138.522ms
[ok] openhands s477 turn3 ttft=1160.765ms hit=0.89672 e2e=1165.498ms
[ok] openhands s417 turn12 ttft=1165.133ms hit=0.989691 e2e=1172.991ms
[ok] openhands s181 turn4 ttft=1132.517ms hit=0.986313 e2e=1793.519ms
[ok] openhands s182 turn12 ttft=1122.017ms hit=0.980004 e2e=1782.706ms
[ok] openhands s243 turn4 ttft=1128.342ms hit=0.925838 e2e=1789.815ms
[ok] openhands s61 turn5 ttft=1152.511ms hit=0.988271 e2e=1813.549ms
[ok] request s161 turn4 ttft=903.357ms hit=0.954037 e2e=1579.771ms
[ok] openhands s417 turn13 ttft=403.485ms hit=0.969969 e2e=990.657ms
[ok] openhands s476 turn11 ttft=1365.511ms hit=0.995987 e2e=2171.2ms
[ok] openhands s418 turn12 ttft=327.135ms hit=0.989732 e2e=1005.92ms
[ok] request s515 turn3 ttft=897.241ms hit=0.447944 e2e=1575.773ms
[ok] request s345 turn2 ttft=901.12ms hit=0.0 e2e=1580.97ms
[ok] openhands s477 turn4 ttft=408.766ms hit=0.695023 e2e=998.937ms
[ok] openhands s417 turn14 ttft=414.347ms hit=0.98457 e2e=681.846ms
[ok] openhands s61 turn6 ttft=365.356ms hit=0.97847 e2e=1040.922ms
[ok] openhands s243 turn5 ttft=477.629ms hit=0.925131 e2e=1008.518ms
[ok] openhands s418 turn13 ttft=421.684ms hit=0.978768 e2e=698.705ms
[ok] openhands s181 turn5 ttft=566.006ms hit=0.990148 e2e=1003.948ms
[ok] openhands s182 turn13 ttft=552.649ms hit=0.963359 e2e=990.316ms
[ok] openhands s477 turn5 ttft=414.258ms hit=0.820719 e2e=691.73ms
[ok] openhands s243 turn6 ttft=601.957ms hit=0.969294 e2e=973.941ms
[ok] openhands s477 turn6 ttft=596.651ms hit=0.961415 e2e=969.517ms
[ok] openhands s417 turn15 ttft=591.288ms hit=0.989509 e2e=963.958ms
[ok] openhands s61 turn7 ttft=492.973ms hit=0.98131 e2e=1005.289ms
[ok] openhands s182 turn14 ttft=676.279ms hit=0.972215 e2e=946.825ms
[ok] openhands s181 turn6 ttft=717.654ms hit=0.869311 e2e=987.941ms
[ok] openhands s418 turn14 ttft=486.812ms hit=0.993411 e2e=996.189ms
[ok] openhands s477 turn7 ttft=562.044ms hit=0.937193 e2e=960.312ms
[ok] openhands s181 turn7 ttft=556.149ms hit=0.994159 e2e=954.191ms
[ok] openhands s182 turn15 ttft=698.608ms hit=0.977995 e2e=972.615ms
[ok] openhands s243 turn7 ttft=510.177ms hit=0.958763 e2e=997.769ms
[ok] openhands s418 turn15 ttft=712.122ms hit=0.975548 e2e=981.72ms
[ok] openhands s417 turn16 ttft=676.803ms hit=0.922386 e2e=951.181ms
[ok] openhands s61 turn8 ttft=504.659ms hit=0.990352 e2e=992.529ms
[ok] openhands s418 turn16 ttft=712.639ms hit=0.987678 e2e=989.566ms
[ok] openhands s182 turn16 ttft=728.796ms hit=0.979923 e2e=1001.362ms
[ok] openhands s243 turn8 ttft=587.518ms hit=0.987866 e2e=1007.899ms
[ok] openhands s417 turn17 ttft=693.717ms hit=0.951327 e2e=966.207ms
[ok] openhands s181 turn8 ttft=685.993ms hit=0.984277 e2e=958.232ms
[ok] openhands s61 turn9 ttft=571.296ms hit=0.988764 e2e=984.293ms
[ok] openhands s477 turn8 ttft=692.586ms hit=0.966199 e2e=997.764ms
[ok] openhands s61 turn10 ttft=565.148ms hit=0.989153 e2e=961.325ms
[ok] openhands s243 turn9 ttft=554.405ms hit=0.978013 e2e=950.667ms
[ok] openhands s477 turn9 ttft=667.946ms hit=0.967133 e2e=946.228ms
[ok] openhands s418 turn17 ttft=509.979ms hit=0.983011 e2e=988.839ms
[ok] openhands s182 turn17 ttft=664.484ms hit=0.985855 e2e=936.198ms
[ok] openhands s181 turn9 ttft=693.977ms hit=0.979118 e2e=972.433ms
[ok] openhands s417 turn18 ttft=501.276ms hit=0.971691 e2e=980.184ms
[ok] openhands s243 turn10 ttft=660.942ms hit=0.936254 e2e=1019.512ms
[ok] openhands s181 turn10 ttft=774.646ms hit=0.982726 e2e=1044.294ms
[ok] openhands s61 turn11 ttft=543.013ms hit=0.991558 e2e=1076.849ms
[ok] openhands s182 turn18 ttft=785.109ms hit=0.899689 e2e=1056.305ms
[ok] openhands s417 turn19 ttft=759.874ms hit=0.972931 e2e=1030.716ms
[ok] openhands s418 turn18 ttft=536.565ms hit=0.887164 e2e=1066.13ms
[ok] openhands s477 turn10 ttft=677.096ms hit=0.914513 e2e=1046.407ms
[ok] openhands s417 turn20 ttft=551.045ms hit=0.975052 e2e=867.621ms
[ok] openhands s477 turn11 ttft=543.205ms hit=0.948058 e2e=860.68ms
[ok] openhands s61 turn12 ttft=568.399ms hit=0.970222 e2e=880.725ms
[ok] openhands s243 turn11 ttft=405.802ms hit=0.96942 e2e=898.1ms
[ok] openhands s418 turn19 ttft=449.449ms hit=0.986479 e2e=891.353ms
[ok] openhands s243 turn12 ttft=542.337ms hit=0.959923 e2e=822.301ms
[ok] openhands s418 turn20 ttft=220.28ms hit=0.989533 e2e=495.578ms
[ok] openhands s477 turn12 ttft=342.916ms hit=0.974378 e2e=866.005ms
[ok] openhands s181 turn11 ttft=361.61ms hit=0.959503 e2e=972.784ms
[ok] openhands s61 turn13 ttft=455.937ms hit=0.991515 e2e=857.313ms
[ok] openhands s181 turn12 ttft=593.388ms hit=0.980786 e2e=1027.363ms
[ok] openhands s123 turn0 ttft=573.564ms hit=0.0 e2e=1007.986ms
[ok] request s414 turn0 ttft=237.878ms hit=0.0 e2e=669.213ms
[ok] openhands s243 turn13 ttft=328.615ms hit=0.987506 e2e=1134.7ms
[ok] openhands s61 turn14 ttft=463.795ms hit=0.960808 e2e=1126.919ms
[ok] request s385 turn0 ttft=130.905ms hit=0.0 e2e=950.134ms
[ok] request s299 turn0 ttft=132.862ms hit=0.0 e2e=253.288ms
[ok] openhands s61 turn15 ttft=546.007ms hit=0.981591 e2e=939.241ms
[ok] request s380 turn0 ttft=534.389ms hit=0.0 e2e=928.245ms
[ok] openhands s181 turn13 ttft=464.551ms hit=0.979481 e2e=848.646ms
[ok] openhands s123 turn1 ttft=437.59ms hit=0.758743 e2e=952.724ms
[ok] openhands s418 turn21 ttft=415.734ms hit=0.992046 e2e=1054.219ms
[ok] request s217 turn0 ttft=220.605ms hit=0.0 e2e=607.535ms
[ok] openhands s243 turn14 ttft=436.062ms hit=0.917563 e2e=951.248ms
[ok] request s158 turn0 ttft=418.395ms hit=0.0 e2e=608.259ms
[ok] request s299 turn1 ttft=582.241ms hit=0.0 e2e=1026.523ms
[ok] openhands s418 turn22 ttft=557.653ms hit=0.919167 e2e=1339.018ms
[ok] openhands s243 turn15 ttft=664.388ms hit=0.945099 e2e=1327.759ms
[ok] request s273 turn0 ttft=640.03ms hit=0.0 e2e=1305.749ms
[ok] openhands s61 turn16 ttft=407.682ms hit=0.982562 e2e=1375.947ms
[ok] request s217 turn1 ttft=339.239ms hit=0.0 e2e=774.763ms
[ok] openhands s181 turn14 ttft=726.267ms hit=0.968652 e2e=1274.29ms
[ok] openhands s123 turn2 ttft=578.525ms hit=0.760338 e2e=1363.788ms
[ok] request s104 turn0 ttft=201.763ms hit=0.0 e2e=628.59ms
[ok] request s337 turn0 ttft=146.772ms hit=0.0 e2e=656.745ms
[ok] request s320 turn0 ttft=131.402ms hit=0.0 e2e=151.836ms
[ok] openhands s123 turn3 ttft=754.444ms hit=0.557913 e2e=1339.969ms
[ok] request s217 turn2 ttft=299.943ms hit=0.0 e2e=761.754ms
[ok] request s98 turn0 ttft=508.139ms hit=0.0 e2e=974.754ms
[ok] request s158 turn1 ttft=715.767ms hit=0.0 e2e=1182.012ms
[ok] request s273 turn1 ttft=311.609ms hit=0.0 e2e=763.274ms
[ok] openhands s61 turn17 ttft=514.936ms hit=0.971665 e2e=1353.561ms
[ok] request s261 turn0 ttft=173.28ms hit=0.0 e2e=636.592ms
[ok] request s198 turn0 ttft=728.474ms hit=0.0 e2e=1314.684ms
[ok] openhands s181 turn15 ttft=831.517ms hit=0.979672 e2e=1299.729ms
[ok] openhands s243 turn16 ttft=367.322ms hit=0.989759 e2e=1363.491ms
[ok] request s348 turn0 ttft=1093.867ms hit=0.0 e2e=1300.674ms
[ok] openhands s418 turn23 ttft=494.17ms hit=0.971758 e2e=2416.156ms
[ok] openhands s123 turn4 ttft=1230.144ms hit=0.570302 e2e=2403.412ms
[ok] request s84 turn0 ttft=200.108ms hit=0.0 e2e=692.254ms
[ok] request s374 turn0 ttft=1213.109ms hit=0.0 e2e=2387.202ms
[ok] openhands s181 turn16 ttft=1117.453ms hit=0.964689 e2e=2295.281ms
[ok] openhands s61 turn18 ttft=435.021ms hit=0.990928 e2e=2431.859ms
[ok] request s98 turn1 ttft=1213.552ms hit=0.0 e2e=1833.058ms
[ok] openhands s302 turn0 ttft=1434.258ms hit=0.148609 e2e=2053.409ms
[ok] request s273 turn2 ttft=1213.399ms hit=0.0 e2e=1832.265ms
[ok] openhands s243 turn17 ttft=566.304ms hit=0.967365 e2e=2419.132ms
[ok] request s80 turn0 ttft=756.564ms hit=0.0 e2e=1375.411ms
[ok] request s274 turn0 ttft=532.489ms hit=0.0 e2e=1036.05ms
[ok] request s348 turn1 ttft=2703.098ms hit=0.0 e2e=2928.515ms
[ok] request s145 turn0 ttft=134.892ms hit=0.0 e2e=3486.033ms
[ok] request s348 turn2 ttft=834.046ms hit=0.0 e2e=1278.939ms
[ok] openhands s61 turn19 ttft=2876.118ms hit=0.054098 e2e=4669.816ms
[ok] request s257 turn0 ttft=2229.254ms hit=0.0 e2e=4023.539ms
[ok] request s203 turn0 ttft=1551.91ms hit=0.0 e2e=3345.847ms
[ok] openhands s418 turn24 ttft=487.958ms hit=0.98146 e2e=4802.456ms
[ok] request s357 turn0 ttft=1213.512ms hit=0.0 e2e=3012.75ms
[ok] openhands s181 turn17 ttft=2743.666ms hit=0.973084 e2e=4542.598ms
[ok] openhands s123 turn5 ttft=382.782ms hit=0.90958 e2e=4687.99ms
[ok] request s267 turn0 ttft=392.522ms hit=0.0 e2e=4708.543ms
[ok] request s84 turn1 ttft=2294.784ms hit=0.0 e2e=4093.439ms
[ok] request s278 turn0 ttft=1893.275ms hit=0.0 e2e=3691.637ms
[ok] request s522 turn0 ttft=2572.061ms hit=0.0 e2e=4370.159ms
[ok] request s112 turn0 ttft=877.707ms hit=0.0 e2e=2675.573ms
[ok] request s374 turn1 ttft=2295.615ms hit=0.0 e2e=4093.259ms
[ok] openhands s302 turn1 ttft=553.926ms hit=0.906411 e2e=4682.755ms
[ok] request s273 turn3 ttft=2292.445ms hit=0.0 e2e=4090.19ms
[ok] request s80 turn1 ttft=2291.336ms hit=0.0 e2e=4088.894ms
[ok] request s479 turn0 ttft=314.553ms hit=0.0 e2e=2001.438ms
[ok] request s449 turn0 ttft=647.586ms hit=0.0 e2e=2340.744ms
[ok] openhands s242 turn0 ttft=1177.365ms hit=0.110207 e2e=2054.102ms
[ok] request s440 turn0 ttft=841.057ms hit=0.0 e2e=1717.064ms
[ok] request s31 turn0 ttft=617.693ms hit=0.0 e2e=1378.034ms
[ok] request s224 turn0 ttft=287.455ms hit=0.0 e2e=1039.441ms
[ok] request s133 turn0 ttft=128.291ms hit=0.0 e2e=701.91ms
[ok] request s31 turn1 ttft=235.158ms hit=0.0 e2e=646.58ms
[ok] openhands s123 turn6 ttft=779.535ms hit=0.873899 e2e=1523.048ms
[ok] request s112 turn1 ttft=388.724ms hit=0.0 e2e=946.223ms
[ok] request s80 turn2 ttft=385.898ms hit=0.0 e2e=943.095ms
[ok] request s7 turn0 ttft=767.562ms hit=0.0 e2e=1517.126ms
[ok] openhands s242 turn1 ttft=518.693ms hit=0.93891 e2e=1143.572ms
[ok] openhands s61 turn20 ttft=399.637ms hit=0.992059 e2e=1549.674ms
[ok] request s434 turn0 ttft=277.431ms hit=0.0 e2e=839.707ms
[ok] request s278 turn1 ttft=391.471ms hit=0.0 e2e=953.539ms
[ok] request s69 turn0 ttft=428.403ms hit=0.0 e2e=1178.97ms
[ok] openhands s181 turn18 ttft=679.06ms hit=0.975752 e2e=1429.372ms
[ok] request s357 turn1 ttft=393.88ms hit=0.0 e2e=955.912ms
[ok] openhands s302 turn2 ttft=538.749ms hit=0.975078 e2e=1536.149ms
[ok] request s273 turn4 ttft=390.632ms hit=0.749164 e2e=952.602ms
[ok] openhands s418 turn25 ttft=387.694ms hit=0.984674 e2e=949.469ms
[ok] request s292 turn0 ttft=142.561ms hit=0.0 e2e=565.165ms
[ok] request s169 turn0 ttft=132.725ms hit=0.0 e2e=1483.076ms
[ok] openhands s302 turn3 ttft=619.457ms hit=0.983021 e2e=1533.628ms
[ok] openhands s242 turn2 ttft=594.66ms hit=0.953023 e2e=1577.563ms
[ok] request s292 turn1 ttft=435.424ms hit=0.369942 e2e=947.008ms
[ok] request s278 turn2 ttft=387.247ms hit=0.399376 e2e=1011.725ms
[ok] openhands s181 turn19 ttft=753.335ms hit=0.971787 e2e=1608.993ms
[ok] openhands s418 turn26 ttft=948.697ms hit=0.996344 e2e=1577.374ms
[ok] request s238 turn0 ttft=251.237ms hit=0.0 e2e=763.053ms
[ok] request s344 turn0 ttft=473.418ms hit=0.0 e2e=1102.201ms
[ok] request s296 turn0 ttft=813.411ms hit=0.0 e2e=1441.967ms
[ok] openhands s123 turn7 ttft=938.396ms hit=0.969255 e2e=1566.736ms
[ok] request s31 turn2 ttft=539.8ms hit=0.823151 e2e=1167.97ms
[ok] openhands s61 turn21 ttft=604.166ms hit=0.990254 e2e=1600.31ms
[ok] request s112 turn2 ttft=397.211ms hit=0.389058 e2e=1025.538ms
[ok] request s273 turn5 ttft=389.142ms hit=0.777066 e2e=1017.307ms
[ok] request s50 turn0 ttft=4603.488ms hit=0.0 e2e=5153.257ms
[ok] request s401 turn0 ttft=131.71ms hit=0.0 e2e=6182.443ms
[ok] request s32 turn0 ttft=3698.905ms hit=0.0 e2e=3822.719ms
[ok] openhands s418 turn27 ttft=650.908ms hit=0.987984 e2e=5937.761ms
[ok] request s36 turn0 ttft=425.257ms hit=0.0 e2e=6119.383ms
[ok] request s31 turn3 ttft=5043.053ms hit=0.0 e2e=5431.011ms
[ok] request s81 turn0 ttft=4375.889ms hit=0.0 e2e=4763.487ms
[ok] openhands s123 turn8 ttft=628.946ms hit=0.98409 e2e=5922.789ms
[ok] openhands s120 turn0 ttft=1735.489ms hit=0.100428 e2e=5785.876ms
[ok] openhands s302 turn4 ttft=419.372ms hit=0.977899 e2e=6119.357ms
[ok] request s323 turn0 ttft=4718.17ms hit=0.0 e2e=5108.365ms
[ok] request s292 turn2 ttft=4601.692ms hit=0.0 e2e=5445.846ms
[ok] openhands s61 turn22 ttft=4648.609ms hit=0.043131 e2e=5492.446ms
[ok] openhands s181 turn20 ttft=2268.876ms hit=0.716065 e2e=5625.956ms
[ok] request s314 turn0 ttft=4041.388ms hit=0.0 e2e=4432.22ms
[ok] request s344 turn1 ttft=5049.487ms hit=0.0 e2e=5440.128ms
[ok] openhands s242 turn3 ttft=391.948ms hit=0.961289 e2e=6034.97ms
[ok] request s238 turn1 ttft=5051.064ms hit=0.0 e2e=5441.843ms
[ok] request s112 turn3 ttft=5047.641ms hit=0.0 e2e=5438.272ms
[ok] request s150 turn0 ttft=3359.196ms hit=0.0 e2e=3759.029ms
[ok] request s473 turn0 ttft=2344.263ms hit=0.0 e2e=2742.9ms
[ok] request s454 turn0 ttft=1666.689ms hit=0.0 e2e=2064.732ms
[ok] request s335 turn0 ttft=3021.24ms hit=0.0 e2e=3421.209ms
[ok] request s190 turn0 ttft=654.31ms hit=0.0 e2e=1048.815ms
[ok] request s210 turn0 ttft=992.591ms hit=0.0 e2e=1387.972ms
[ok] request s205 turn0 ttft=2683.649ms hit=0.0 e2e=3083.705ms
[ok] request s400 turn0 ttft=1332.641ms hit=0.0 e2e=1727.868ms
[ok] request s39 turn0 ttft=2009.698ms hit=0.0 e2e=2406.869ms
[ok] request s50 turn1 ttft=500.606ms hit=0.0 e2e=3651.085ms
[ok] openhands s181 turn21 ttft=697.02ms hit=0.991365 e2e=3633.21ms
[ok] request s473 turn1 ttft=371.263ms hit=0.0 e2e=3052.101ms
[ok] openhands s242 turn4 ttft=686.796ms hit=0.983487 e2e=3628.809ms
[ok] openhands s123 turn9 ttft=634.702ms hit=0.985543 e2e=3576.544ms
[ok] openhands s120 turn1 ttft=457.617ms hit=0.855688 e2e=3650.514ms
[ok] request s39 turn1 ttft=366.298ms hit=0.0 e2e=3047.988ms
[ok] request s292 turn3 ttft=378.998ms hit=0.888272 e2e=3060.493ms
[ok] request s81 turn1 ttft=384.349ms hit=0.0 e2e=3065.682ms
[ok] request s400 turn1 ttft=369.424ms hit=0.485078 e2e=3050.613ms
[ok] request s210 turn1 ttft=368.955ms hit=0.0 e2e=3173.307ms
[ok] request s205 turn1 ttft=371.109ms hit=0.0 e2e=3052.507ms
[ok] openhands s302 turn5 ttft=588.253ms hit=0.985497 e2e=3647.914ms
[ok] request s314 turn1 ttft=378.266ms hit=0.0 e2e=3059.99ms
[ok] request s190 turn1 ttft=373.51ms hit=0.191473 e2e=3055.161ms
[ok] openhands s418 turn28 ttft=2340.774ms hit=0.0 e2e=3150.986ms
[ok] openhands s61 turn23 ttft=1205.16ms hit=0.830809 e2e=3378.692ms
[ok] openhands s242 turn5 ttft=432.053ms hit=0.990858 e2e=3169.777ms
[ok] request s50 turn2 ttft=237.587ms hit=0.0 e2e=2975.144ms
[ok] openhands s120 turn2 ttft=364.202ms hit=0.94164 e2e=3229.211ms
[ok] openhands s302 turn6 ttft=475.73ms hit=0.974918 e2e=3223.887ms
[ok] openhands s123 turn10 ttft=478.299ms hit=0.989609 e2e=3217.771ms
[ok] request s190 turn2 ttft=2537.235ms hit=0.67475 e2e=3223.832ms
[ok] request s81 turn2 ttft=2426.479ms hit=0.478505 e2e=3235.679ms
[ok] openhands s61 turn24 ttft=2412.422ms hit=0.992638 e2e=3103.423ms
[ok] request s400 turn2 ttft=2425.355ms hit=0.526478 e2e=3234.377ms
[ok] request s473 turn2 ttft=2430.965ms hit=0.346883 e2e=3239.649ms
[ok] openhands s418 turn29 ttft=2267.699ms hit=0.986903 e2e=2952.186ms
[ok] openhands s181 turn22 ttft=491.37ms hit=0.968452 e2e=3302.848ms
[ok] request s39 turn2 ttft=2429.663ms hit=0.301887 e2e=3238.544ms
[ok] request s205 turn2 ttft=2424.867ms hit=0.566372 e2e=3233.418ms
[ok] request s314 turn2 ttft=2423.788ms hit=0.276458 e2e=3232.084ms
[ok] openhands s302 turn7 ttft=320.909ms hit=0.963872 e2e=1051.631ms
[ok] openhands s120 turn3 ttft=429.957ms hit=0.982641 e2e=1034.38ms
[ok] openhands s242 turn6 ttft=428.934ms hit=0.991427 e2e=1042.908ms
[ok] openhands s123 turn11 ttft=423.866ms hit=0.991112 e2e=1030.135ms
[ok] openhands s242 turn7 ttft=538.564ms hit=0.971631 e2e=836.513ms
[ok] request s314 turn3 ttft=403.094ms hit=0.563463 e2e=701.883ms
[ok] openhands s123 turn12 ttft=471.269ms hit=0.984033 e2e=769.789ms
[ok] openhands s61 turn25 ttft=453.945ms hit=0.986611 e2e=1306.108ms
[ok] openhands s302 turn8 ttft=467.857ms hit=0.970376 e2e=859.44ms
[ok] request s81 turn3 ttft=407.519ms hit=0.621736 e2e=709.747ms
[ok] openhands s181 turn23 ttft=579.806ms hit=0.941926 e2e=1104.552ms
[ok] openhands s418 turn30 ttft=719.632ms hit=0.990893 e2e=1245.28ms
[ok] request s190 turn3 ttft=413.096ms hit=0.666915 e2e=715.646ms
[ok] openhands s120 turn4 ttft=547.169ms hit=0.991485 e2e=849.46ms
[ok] request s473 turn3 ttft=407.287ms hit=0.486692 e2e=709.346ms
[ok] openhands s418 turn31 ttft=1067.898ms hit=0.992773 e2e=1219.613ms
[ok] openhands s302 turn9 ttft=809.036ms hit=0.977417 e2e=1244.036ms
[ok] openhands s181 turn24 ttft=773.548ms hit=0.967722 e2e=1232.171ms
[ok] openhands s242 turn8 ttft=762.402ms hit=0.980719 e2e=1220.782ms
[ok] openhands s123 turn13 ttft=722.117ms hit=0.982244 e2e=1180.242ms
[ok] openhands s120 turn5 ttft=1026.174ms hit=0.988333 e2e=1186.617ms
[ok] request s314 turn4 ttft=451.98ms hit=0.719505 e2e=1261.381ms
[ok] openhands s61 turn26 ttft=1034.17ms hit=0.997614 e2e=1851.112ms
[ok] openhands s302 turn10 ttft=599.133ms hit=0.97196 e2e=6609.298ms
[ok] openhands s181 turn25 ttft=587.533ms hit=0.979419 e2e=6598.011ms
[ok] openhands s123 turn14 ttft=821.667ms hit=0.963046 e2e=6589.057ms
[ok] openhands s418 turn32 ttft=613.133ms hit=0.985251 e2e=6627.909ms
[ok] openhands s182 turn19 ttft=3142.101ms hit=0.0 e2e=3605.627ms
[ok] openhands s120 turn6 ttft=1459.849ms hit=0.774516 e2e=6458.454ms
[ok] openhands s242 turn9 ttft=886.999ms hit=0.935167 e2e=6577.941ms
[ok] request s314 turn5 ttft=4132.845ms hit=0.0 e2e=5415.726ms
[ok] openhands s61 turn27 ttft=4409.16ms hit=0.035101 e2e=6013.358ms
[ok] openhands s240 turn0 ttft=183.924ms hit=0.464763 e2e=1538.007ms
[ok] openhands s242 turn10 ttft=901.151ms hit=0.942367 e2e=1742.652ms
[ok] openhands s123 turn15 ttft=931.08ms hit=0.965247 e2e=1773.032ms
[ok] openhands s418 turn33 ttft=956.176ms hit=0.989878 e2e=1800.461ms
[ok] openhands s302 turn11 ttft=980.162ms hit=0.97828 e2e=1826.957ms
[ok] request s93 turn0 ttft=870.743ms hit=0.0 e2e=1714.925ms
[ok] openhands s181 turn26 ttft=976.42ms hit=0.990552 e2e=1820.234ms
[ok] openhands s120 turn7 ttft=961.408ms hit=0.993698 e2e=1808.235ms
[ok] request s289 turn0 ttft=468.106ms hit=0.0 e2e=1687.877ms
[ok] request s57 turn0 ttft=806.492ms hit=0.0 e2e=2028.625ms
[ok] openhands s61 turn28 ttft=1080.622ms hit=0.977683 e2e=2417.719ms
[ok] openhands s182 turn20 ttft=1217.201ms hit=0.983685 e2e=2440.23ms
[ok] request s431 turn0 ttft=135.469ms hit=0.0 e2e=1350.76ms
[ok] request s282 turn0 ttft=632.209ms hit=0.0 e2e=930.663ms
[ok] openhands s240 turn1 ttft=152.679ms hit=0.941327 e2e=1776.457ms
[ok] request s265 turn0 ttft=137.652ms hit=0.0 e2e=1747.306ms
[ok] request s191 turn0 ttft=435.607ms hit=0.0 e2e=713.803ms
[ok] openhands s242 turn11 ttft=645.976ms hit=0.967246 e2e=1978.255ms
[ok] request s93 turn1 ttft=351.175ms hit=0.179712 e2e=1407.17ms
[ok] openhands s123 turn16 ttft=912.359ms hit=0.992248 e2e=1973.985ms
[ok] openhands s418 turn34 ttft=900.758ms hit=0.972448 e2e=1962.007ms
[ok] openhands s302 turn12 ttft=653.282ms hit=0.973902 e2e=2010.912ms
[ok] openhands s181 turn27 ttft=1572.691ms hit=0.993359 e2e=1996.591ms
[ok] request s48 turn0 ttft=674.403ms hit=0.0 e2e=2033.012ms
[ok] openhands s120 turn8 ttft=646.44ms hit=0.918335 e2e=2004.126ms
[ok] request s459 turn0 ttft=238.644ms hit=0.0 e2e=1256.071ms
[ok] request s354 turn0 ttft=237.18ms hit=0.0 e2e=1946.917ms
[ok] openhands s182 turn21 ttft=540.532ms hit=0.975148 e2e=2259.792ms
[ok] openhands s61 turn29 ttft=454.36ms hit=0.997783 e2e=2290.519ms
[ok] request s57 turn1 ttft=251.157ms hit=0.0 e2e=1734.002ms
[ok] request s8 turn0 ttft=211.163ms hit=0.0 e2e=1651.374ms
[ok] openhands s240 turn2 ttft=269.928ms hit=0.64906 e2e=1710.843ms
[ok] request s191 turn1 ttft=209.575ms hit=0.0 e2e=3859.179ms
[ok] openhands s120 turn9 ttft=652.958ms hit=0.992149 e2e=3650.16ms
[ok] request s143 turn0 ttft=209.32ms hit=0.0 e2e=2987.873ms
[ok] openhands s181 turn28 ttft=484.826ms hit=0.978745 e2e=3268.457ms
[ok] openhands s123 turn17 ttft=665.699ms hit=0.980272 e2e=3632.012ms
[ok] openhands s242 turn12 ttft=683.694ms hit=0.966344 e2e=3649.625ms
[ok] request s234 turn0 ttft=667.448ms hit=0.0 e2e=3672.88ms
[ok] request s93 turn2 ttft=292.411ms hit=0.749734 e2e=3077.992ms
[ok] openhands s302 turn13 ttft=799.775ms hit=0.969229 e2e=3640.737ms
[ok] request s151 turn0 ttft=491.57ms hit=0.0 e2e=3333.372ms
[ok] openhands s418 turn35 ttft=666.919ms hit=0.994008 e2e=3672.717ms
[ok] request s265 turn1 ttft=691.488ms hit=0.256342 e2e=3698.651ms
[ok] request s102 turn0 ttft=1703.829ms hit=0.0 e2e=2359.358ms
[ok] request s354 turn1 ttft=1868.956ms hit=0.0 e2e=2527.222ms
[ok] request s57 turn2 ttft=1825.309ms hit=0.0 e2e=2861.379ms
[ok] request s156 turn0 ttft=801.391ms hit=0.0 e2e=1728.595ms
[ok] request s157 turn0 ttft=462.613ms hit=0.0 e2e=1389.569ms
[ok] openhands s121 turn0 ttft=2383.259ms hit=0.086259 e2e=3423.159ms
[ok] openhands s240 turn3 ttft=1097.871ms hit=0.392521 e2e=3445.459ms
[ok] request s439 turn0 ttft=1028.552ms hit=0.0 e2e=2068.479ms
[ok] openhands s182 turn22 ttft=455.501ms hit=0.924977 e2e=3503.792ms
[ok] request s24 turn0 ttft=128.409ms hit=0.0 e2e=1051.887ms
[ok] openhands s61 turn30 ttft=1141.919ms hit=0.982172 e2e=3491.239ms
[ok] request s187 turn0 ttft=1368.119ms hit=0.0 e2e=2408.736ms
[ok] request s155 turn0 ttft=2046.068ms hit=0.0 e2e=3086.483ms
[ok] request s46 turn0 ttft=217.437ms hit=0.0 e2e=302.28ms
[ok] openhands s242 turn13 ttft=591.015ms hit=0.984769 e2e=2018.613ms
[ok] openhands s123 turn18 ttft=581.698ms hit=0.989651 e2e=2013.126ms
[ok] request s215 turn0 ttft=568.455ms hit=0.0 e2e=1999.75ms
[ok] openhands s418 turn36 ttft=388.321ms hit=0.99599 e2e=2052.463ms
[ok] request s83 turn0 ttft=229.722ms hit=0.0 e2e=1661.093ms
[ok] openhands s302 turn14 ttft=477.994ms hit=0.984579 e2e=2034.502ms
[ok] request s432 turn0 ttft=552.078ms hit=0.0 e2e=1013.453ms
[ok] request s194 turn0 ttft=452.174ms hit=0.0 e2e=1352.593ms
[ok] request s57 turn3 ttft=266.13ms hit=0.604059 e2e=723.763ms
[ok] request s93 turn3 ttft=584.618ms hit=0.547761 e2e=1486.271ms
[ok] openhands s181 turn29 ttft=661.663ms hit=0.95138 e2e=1123.772ms
[ok] openhands s240 turn4 ttft=624.492ms hit=0.953543 e2e=1293.088ms
[ok] openhands s182 turn23 ttft=415.317ms hit=0.909496 e2e=1316.898ms
[ok] openhands s121 turn1 ttft=510.812ms hit=0.988868 e2e=1305.563ms
[ok] request s354 turn2 ttft=638.465ms hit=0.0 e2e=1101.57ms
[ok] request s16 turn0 ttft=139.948ms hit=0.0 e2e=997.042ms
[ok] request s91 turn0 ttft=393.252ms hit=0.0 e2e=650.688ms
[ok] request s251 turn0 ttft=5480.08ms hit=0.0 e2e=6697.439ms
[ok] request s411 turn0 ttft=5818.456ms hit=0.0 e2e=7078.02ms
[ok] openhands s123 turn19 ttft=660.539ms hit=0.975513 e2e=9171.949ms
[ok] openhands s181 turn30 ttft=4505.734ms hit=0.037619 e2e=8192.887ms
[ok] request s16 turn1 ttft=6313.708ms hit=0.0 e2e=7913.946ms
[ok] request s436 turn0 ttft=4468.121ms hit=0.0 e2e=8162.152ms
[ok] request s239 turn0 ttft=647.266ms hit=0.0 e2e=9165.895ms
[ok] openhands s120 turn10 ttft=6377.72ms hit=0.0 e2e=7985.062ms
[ok] openhands s240 turn5 ttft=621.894ms hit=0.944943 e2e=9140.48ms
[ok] request s358 turn0 ttft=1217.114ms hit=0.0 e2e=8502.689ms
[ok] openhands s242 turn14 ttft=685.775ms hit=0.973088 e2e=9207.095ms
[ok] request s432 turn1 ttft=1298.644ms hit=0.0 e2e=8584.177ms
[ok] openhands s2 turn0 ttft=1556.78ms hit=0.129561 e2e=8842.106ms
[ok] openhands s121 turn2 ttft=880.881ms hit=0.989551 e2e=9154.403ms
[ok] openhands s182 turn24 ttft=707.49ms hit=0.979767 e2e=9167.058ms
[ok] openhands s418 turn37 ttft=805.938ms hit=0.981166 e2e=9080.699ms
[ok] openhands s302 turn15 ttft=672.243ms hit=0.92992 e2e=9194.838ms
[ok] request s194 turn1 ttft=1298.154ms hit=0.0 e2e=8584.613ms
[ok] request s116 turn0 ttft=1748.716ms hit=0.0 e2e=2411.853ms
[ok] request s90 turn0 ttft=4122.701ms hit=0.0 e2e=5462.968ms
[ok] request s272 turn0 ttft=2768.449ms hit=0.0 e2e=3428.774ms
[ok] request s58 turn0 ttft=4088.837ms hit=0.0 e2e=5124.722ms
[ok] request s504 turn0 ttft=3748.198ms hit=0.0 e2e=4786.058ms
[ok] request s9 turn0 ttft=3410.258ms hit=0.0 e2e=4447.457ms
[ok] openhands s303 turn0 ttft=3105.795ms hit=0.0 e2e=3769.753ms
[ok] request s409 turn0 ttft=2427.999ms hit=0.0 e2e=3091.874ms
[ok] request s283 turn0 ttft=6159.382ms hit=0.0 e2e=7499.344ms
[ok] request s494 turn0 ttft=4803.611ms hit=0.0 e2e=6143.493ms
[ok] request s329 turn0 ttft=3070.714ms hit=0.0 e2e=4110.717ms
[ok] request s254 turn0 ttft=2089.881ms hit=0.0 e2e=2754.648ms
[ok] request s412 turn0 ttft=5262.684ms hit=0.0 e2e=5806.348ms
[ok] request s460 turn0 ttft=5143.258ms hit=0.0 e2e=6484.187ms
[ok] request s422 turn0 ttft=6500.958ms hit=0.0 e2e=7841.933ms
[ok] request s427 turn0 ttft=1413.754ms hit=0.0 e2e=2079.6ms
[ok] request s40 turn0 ttft=732.303ms hit=0.0 e2e=1402.219ms
[ok] request s483 turn0 ttft=1073.282ms hit=0.0 e2e=1741.661ms
[ok] request s131 turn0 ttft=179.598ms hit=0.0 e2e=824.692ms
[ok] request s387 turn0 ttft=149.707ms hit=0.0 e2e=1511.22ms
[ok] request s26 turn0 ttft=1190.144ms hit=0.0 e2e=4684.617ms
[ok] request s51 turn0 ttft=4303.839ms hit=0.0 e2e=4377.791ms
[ok] request s411 turn1 ttft=1107.623ms hit=0.429891 e2e=4645.332ms
[ok] request s90 turn1 ttft=1210.718ms hit=0.0 e2e=4748.474ms
[ok] request s162 turn0 ttft=1169.002ms hit=0.0 e2e=5110.727ms
[ok] request s40 turn1 ttft=4331.406ms hit=0.0 e2e=4590.026ms
[ok] openhands s123 turn20 ttft=1042.863ms hit=0.988992 e2e=5194.848ms
[ok] request s116 turn1 ttft=4340.94ms hit=0.0 e2e=4687.478ms
[ok] request s239 turn1 ttft=1040.151ms hit=0.0 e2e=4838.767ms
[ok] openhands s303 turn1 ttft=1083.964ms hit=0.967354 e2e=5242.909ms
[ok] openhands s181 turn31 ttft=4482.781ms hit=0.035479 e2e=4833.233ms
[ok] openhands s121 turn3 ttft=1119.371ms hit=0.991146 e2e=5277.839ms
[ok] request s483 turn1 ttft=4335.581ms hit=0.0 e2e=4686.107ms
[ok] openhands s120 turn11 ttft=1125.974ms hit=0.969003 e2e=5287.222ms
[ok] openhands s242 turn15 ttft=1425.76ms hit=0.964454 e2e=5230.674ms
[ok] openhands s182 turn25 ttft=1456.605ms hit=0.980082 e2e=5261.3ms
[ok] request s494 turn1 ttft=4337.765ms hit=0.0 e2e=4691.298ms
[ok] openhands s302 turn16 ttft=1185.037ms hit=0.933764 e2e=5240.661ms
[ok] openhands s240 turn6 ttft=1194.215ms hit=0.8841 e2e=5249.667ms
[ok] openhands s418 turn38 ttft=1164.361ms hit=0.99306 e2e=5221.223ms
[ok] openhands s2 turn1 ttft=1106.392ms hit=0.687644 e2e=5268.323ms
[ok] request s504 turn1 ttft=4342.989ms hit=0.0 e2e=4695.903ms
[ok] request s232 turn0 ttft=3963.085ms hit=0.0 e2e=4319.923ms
[ok] request s411 turn2 ttft=1324.433ms hit=0.663403 e2e=3258.772ms
[ok] openhands s181 turn32 ttft=1624.005ms hit=0.984273 e2e=3661.112ms
[ok] request s51 turn1 ttft=1336.831ms hit=0.0 e2e=3370.111ms
[ok] request s40 turn2 ttft=1152.465ms hit=0.0 e2e=3189.363ms
[ok] openhands s2 turn2 ttft=1152.486ms hit=0.850892 e2e=3614.109ms
[ok] request s162 turn1 ttft=1281.056ms hit=0.0 e2e=3322.044ms
[ok] openhands s120 turn12 ttft=1228.387ms hit=0.993271 e2e=3689.912ms
[ok] openhands s303 turn2 ttft=1231.85ms hit=0.98132 e2e=3695.423ms
[ok] openhands s240 turn7 ttft=1263.79ms hit=0.871956 e2e=3597.01ms
[ok] openhands s418 turn39 ttft=1180.241ms hit=0.963208 e2e=3640.375ms
[ok] request s239 turn2 ttft=1061.532ms hit=0.0 e2e=3104.275ms
[ok] openhands s182 turn26 ttft=1148.663ms hit=0.95447 e2e=3610.454ms
[ok] openhands s302 turn17 ttft=1163.924ms hit=0.988732 e2e=3625.479ms
[ok] openhands s121 turn4 ttft=1220.203ms hit=0.993818 e2e=3683.109ms
[ok] openhands s123 turn21 ttft=1191.321ms hit=0.979697 e2e=3656.187ms
[ok] request s116 turn2 ttft=1064.503ms hit=0.540084 e2e=3107.286ms
[ok] request s26 turn1 ttft=1365.261ms hit=0.0 e2e=3410.31ms
[ok] request s483 turn2 ttft=1053.976ms hit=0.495644 e2e=3103.307ms
[ok] request s494 turn2 ttft=1053.096ms hit=0.89332 e2e=3102.199ms
[ok] openhands s242 turn16 ttft=3020.002ms hit=0.0 e2e=3394.159ms
[ok] request s232 turn1 ttft=1054.372ms hit=0.0 e2e=3101.232ms
[ok] openhands s182 turn27 ttft=1301.06ms hit=0.962206 e2e=13638.316ms
[ok] request s26 turn2 ttft=10166.773ms hit=0.0 e2e=13198.23ms
[ok] openhands s242 turn17 ttft=11892.48ms hit=0.06447 e2e=13191.635ms
[ok] openhands s240 turn8 ttft=1577.912ms hit=0.893966 e2e=13595.746ms
[ok] openhands s123 turn22 ttft=3344.539ms hit=0.0 e2e=13610.341ms
[ok] request s239 turn3 ttft=10167.029ms hit=0.0 e2e=13206.374ms
[ok] openhands s361 turn0 ttft=3554.883ms hit=0.206846 e2e=4324.786ms
[ok] openhands s181 turn33 ttft=1331.614ms hit=0.998638 e2e=13802.517ms
[ok] openhands s121 turn5 ttft=10551.522ms hit=0.083722 e2e=13590.919ms
[ok] openhands s418 turn40 ttft=9402.444ms hit=0.063201 e2e=13779.135ms
[ok] request s11 turn0 ttft=3216.19ms hit=0.0 e2e=3986.087ms
[ok] openhands s120 turn13 ttft=7022.035ms hit=0.052546 e2e=13788.848ms
[ok] openhands s302 turn18 ttft=4734.513ms hit=0.077952 e2e=13634.469ms
[ok] openhands s303 turn3 ttft=7499.464ms hit=0.161292 e2e=13617.7ms
[ok] openhands s2 turn3 ttft=1277.291ms hit=0.763749 e2e=13623.807ms
[ok] request s40 turn3 ttft=10175.639ms hit=0.0 e2e=13216.455ms
[ok] request s186 turn0 ttft=1519.014ms hit=0.0 e2e=2297.536ms
[ok] request s229 turn0 ttft=2875.557ms hit=0.0 e2e=3653.897ms
[ok] request s77 turn0 ttft=304.912ms hit=0.0 e2e=942.68ms
[ok] request s94 turn0 ttft=977.119ms hit=0.0 e2e=1620.766ms
[ok] request s336 turn0 ttft=2199.411ms hit=0.0 e2e=2977.625ms
[ok] request s219 turn0 ttft=638.418ms hit=0.0 e2e=1283.497ms
[ok] request s225 turn0 ttft=1860.565ms hit=0.0 e2e=2638.52ms
[ok] request s527 turn0 ttft=2539.328ms hit=0.0 e2e=3317.209ms
[ok] request s25 turn0 ttft=1183.814ms hit=0.0 e2e=1961.596ms
[ok] request s405 turn0 ttft=139.156ms hit=0.0 e2e=673.213ms
[ok] request s390 turn0 ttft=133.963ms hit=0.0 e2e=1660.122ms
[ok] request s11 turn1 ttft=14336.604ms hit=0.0 e2e=16227.394ms
[ok] request s501 turn0 ttft=1294.302ms hit=0.0 e2e=16897.985ms
[ok] openhands s303 turn4 ttft=12725.475ms hit=0.148203 e2e=16437.63ms
[ok] request s40 turn4 ttft=14333.404ms hit=0.0 e2e=16407.165ms
[ok] openhands s302 turn19 ttft=14348.768ms hit=0.068092 e2e=16422.206ms
[ok] openhands s182 turn28 ttft=1341.954ms hit=0.983899 e2e=16948.043ms
[ok] openhands s181 turn34 ttft=11239.836ms hit=0.034734 e2e=16967.846ms
[ok] request s495 turn0 ttft=12224.678ms hit=0.0 e2e=16595.266ms
[ok] request s26 turn3 ttft=14337.673ms hit=0.0 e2e=16416.515ms
[ok] openhands s242 turn18 ttft=1393.491ms hit=0.976135 e2e=17007.341ms
[ok] openhands s120 turn14 ttft=7774.5ms hit=0.052399 e2e=16924.09ms
[ok] openhands s361 turn1 ttft=5376.708ms hit=0.19018 e2e=16995.607ms
[ok] openhands s2 turn4 ttft=3300.918ms hit=0.0 e2e=16976.021ms
[ok] openhands s418 turn41 ttft=1379.601ms hit=0.992602 e2e=16992.62ms
[ok] openhands s240 turn9 ttft=4972.545ms hit=0.069302 e2e=16916.405ms
[ok] openhands s123 turn23 ttft=1326.965ms hit=0.97203 e2e=16942.499ms
[ok] openhands s121 turn6 ttft=12275.87ms hit=0.082804 e2e=16649.258ms
[ok] request s527 turn1 ttft=14324.156ms hit=0.0 e2e=16412.921ms
[ok] request s77 turn1 ttft=14329.986ms hit=0.0 e2e=16417.061ms
[ok] request s225 turn1 ttft=14328.36ms hit=0.0 e2e=16414.956ms
[ok] request s186 turn1 ttft=14332.683ms hit=0.0 e2e=16419.266ms
[ok] request s94 turn1 ttft=14581.528ms hit=0.0 e2e=16417.5ms
[ok] request s366 turn0 ttft=14376.533ms hit=0.0 e2e=16037.799ms
[ok] request s70 turn0 ttft=15055.207ms hit=0.0 e2e=16718.608ms
[ok] request s312 turn0 ttft=13700.042ms hit=0.0 e2e=15363.277ms
[ok] request s509 turn0 ttft=11108.23ms hit=0.0 e2e=12651.878ms
[ok] request s334 turn0 ttft=12795.379ms hit=0.0 e2e=14347.031ms
[ok] request s258 turn0 ttft=14717.72ms hit=0.0 e2e=16381.514ms
[ok] request s29 turn0 ttft=11445.709ms hit=0.0 e2e=12995.678ms
[ok] request s310 turn0 ttft=15395.787ms hit=0.0 e2e=17063.885ms
[ok] request s453 turn0 ttft=13133.255ms hit=0.0 e2e=14691.568ms
[ok] request s248 turn0 ttft=12123.415ms hit=0.0 e2e=13675.254ms
[ok] request s206 turn0 ttft=14040.569ms hit=0.0 e2e=15709.512ms
[ok] request s142 turn0 ttft=13363.007ms hit=0.0 e2e=15031.908ms
[ok] request s68 turn0 ttft=11785.777ms hit=0.0 e2e=13337.71ms
[ok] request s271 turn0 ttft=12456.177ms hit=0.0 e2e=14016.258ms
[ok] openhands s419 turn0 ttft=15736.297ms hit=0.0 e2e=17406.177ms
[ok] request s226 turn0 ttft=11648.395ms hit=0.0 e2e=27975.267ms
[ok] request s467 turn0 ttft=4195.403ms hit=0.0 e2e=20794.613ms
[ok] request s531 turn0 ttft=7576.242ms hit=0.0 e2e=24230.775ms
[ok] request s268 turn0 ttft=9611.271ms hit=0.0 e2e=26268.389ms
[ok] request s496 turn0 ttft=11984.192ms hit=0.0 e2e=28641.048ms
[ok] request s445 turn0 ttft=10628.299ms hit=0.0 e2e=27284.927ms
[ok] openhands s1 turn0 ttft=7247.461ms hit=0.0 e2e=23895.622ms
[ok] request s65 turn0 ttft=8259.779ms hit=0.0 e2e=24912.446ms
[ok] request s393 turn0 ttft=9951.514ms hit=0.0 e2e=26608.406ms
[ok] request s280 turn0 ttft=6907.99ms hit=0.0 e2e=23557.433ms
[ok] request s307 turn0 ttft=7918.07ms hit=0.0 e2e=24578.659ms
[ok] request s284 turn0 ttft=10291.527ms hit=0.0 e2e=26951.961ms
[ok] request s382 turn0 ttft=9275.057ms hit=0.0 e2e=25935.372ms
[ok] request s313 turn0 ttft=10969.736ms hit=0.0 e2e=27629.933ms
[ok] openhands s241 turn0 ttft=12329.706ms hit=0.0 e2e=28987.298ms
[ok] request s279 turn0 ttft=8600.46ms hit=0.0 e2e=25257.941ms
[ok] request s136 turn0 ttft=11309.583ms hit=0.0 e2e=27969.967ms
[ok] request s207 turn0 ttft=8940.214ms hit=0.0 e2e=25598.002ms
[ok] openhands s242 turn19 ttft=2913.226ms hit=0.062845 e2e=17739.022ms
[ok] request s146 turn0 ttft=6568.228ms hit=0.0 e2e=23232.486ms
[ok] openhands s120 turn15 ttft=2879.165ms hit=0.996774 e2e=17706.552ms
[ok] request s202 turn0 ttft=4531.355ms hit=0.0 e2e=21200.299ms
[ok] request s256 turn0 ttft=5214.368ms hit=0.0 e2e=21878.563ms
[ok] openhands s302 turn20 ttft=4675.549ms hit=0.067139 e2e=17767.829ms
[ok] request s37 turn0 ttft=5892.781ms hit=0.0 e2e=22557.559ms
[ok] request s106 turn0 ttft=3859.225ms hit=0.0 e2e=20524.1ms
[ok] openhands s361 turn2 ttft=1226.592ms hit=0.875818 e2e=17816.505ms
[ok] request s423 turn0 ttft=5554.906ms hit=0.0 e2e=22220.42ms
[ok] request s353 turn0 ttft=6233.304ms hit=0.0 e2e=22898.91ms
[ok] request s355 turn0 ttft=4871.676ms hit=0.0 e2e=21544.016ms
[ok] request s56 turn0 ttft=2918.005ms hit=0.0 e2e=19509.644ms
[ok] request s306 turn0 ttft=3521.432ms hit=0.0 e2e=20188.355ms
[ok] request s443 turn0 ttft=3257.983ms hit=0.0 e2e=19850.145ms
[ok] request s384 turn0 ttft=2580.373ms hit=0.0 e2e=19172.669ms
[ok] request s40 turn5 ttft=15346.85ms hit=0.0 e2e=17246.121ms
[ok] request s527 turn2 ttft=15500.578ms hit=0.0 e2e=17232.781ms
[ok] openhands s121 turn7 ttft=6054.878ms hit=0.082383 e2e=17798.141ms
[ok] request s11 turn2 ttft=15526.243ms hit=0.0 e2e=17428.974ms
[ok] request s225 turn2 ttft=15499.549ms hit=0.0 e2e=17233.442ms
[ok] openhands s123 turn24 ttft=14155.109ms hit=0.061293 e2e=17749.286ms
[ok] openhands s2 turn5 ttft=12343.038ms hit=0.057995 e2e=17830.475ms
[ok] openhands s419 turn1 ttft=15950.925ms hit=0.0 e2e=16682.953ms
[ok] openhands s303 turn5 ttft=8471.522ms hit=0.143315 e2e=17808.586ms
[ok] openhands s182 turn29 ttft=7776.712ms hit=0.062429 e2e=17777.929ms
[ok] openhands s240 turn10 ttft=10142.333ms hit=0.062668 e2e=17737.965ms
[ok] openhands s418 turn42 ttft=15919.465ms hit=0.060517 e2e=17827.942ms
[ok] request s453 turn1 ttft=15606.176ms hit=0.0 e2e=16238.792ms
[ok] request s142 turn1 ttft=15927.633ms hit=0.0 e2e=16560.534ms
[ok] request s68 turn1 ttft=15614.93ms hit=0.0 e2e=16236.652ms
[ok] request s310 turn1 ttft=15608.684ms hit=0.0 e2e=16242.765ms
[ok] request s509 turn1 ttft=15614.859ms hit=0.0 e2e=16249.29ms
[ok] request s206 turn1 ttft=15615.651ms hit=0.0 e2e=16240.532ms
[ok] request s29 turn1 ttft=15611.082ms hit=0.0 e2e=16246.834ms
[ok] request s312 turn1 ttft=15617.445ms hit=0.0 e2e=16253.621ms
[ok] request s248 turn1 ttft=15607.912ms hit=0.0 e2e=16244.542ms
[ok] request s100 turn0 ttft=5511.796ms hit=0.0 e2e=20472.865ms
[ok] openhands s303 turn6 ttft=6810.689ms hit=0.137648 e2e=20951.882ms
[ok] openhands s180 turn0 ttft=5856.523ms hit=0.330013 e2e=22717.9ms
[ok] openhands s242 turn20 ttft=8611.3ms hit=0.0625 e2e=21005.342ms
[ok] openhands s182 turn30 ttft=13261.751ms hit=0.060545 e2e=20986.73ms
[ok] openhands s123 turn25 ttft=10659.693ms hit=0.059413 e2e=20941.608ms
[ok] openhands s181 turn35 ttft=19713.516ms hit=0.0 e2e=36882.609ms
[ok] openhands s361 turn3 ttft=11199.356ms hit=0.159141 e2e=21017.195ms
[ok] openhands s1 turn1 ttft=4493.068ms hit=0.365098 e2e=21044.914ms
[ok] openhands s419 turn2 ttft=16384.987ms hit=0.088531 e2e=20999.704ms
[ok] openhands s418 turn43 ttft=15403.44ms hit=0.059903 e2e=20979.354ms
[ok] request s368 turn0 ttft=5166.66ms hit=0.0 e2e=22034.962ms
[ok] request s397 turn0 ttft=11435.674ms hit=0.0 e2e=20933.101ms
[ok] request s260 turn0 ttft=4823.883ms hit=0.0 e2e=21692.581ms
[ok] request s532 turn0 ttft=4474.255ms hit=0.0 e2e=21342.943ms
[ok] openhands s302 turn21 ttft=6214.182ms hit=0.066954 e2e=21033.571ms
[ok] openhands s241 turn1 ttft=16702.361ms hit=0.0 e2e=21036.897ms
[ok] openhands s2 turn6 ttft=18966.637ms hit=0.030971 e2e=20934.737ms
[ok] openhands s121 turn8 ttft=20618.627ms hit=0.0 e2e=29176.698ms
[ok] request s147 turn0 ttft=11248.308ms hit=0.0 e2e=11612.624ms
[ok] request s65 turn1 ttft=22677.08ms hit=0.0 e2e=29154.185ms
[ok] request s325 turn0 ttft=22864.073ms hit=0.0 e2e=29341.817ms
[ok] request s136 turn1 ttft=22952.785ms hit=0.0 e2e=29149.376ms
[ok] openhands s240 turn11 ttft=23163.547ms hit=0.0 e2e=29646.942ms
[ok] request s202 turn1 ttft=22949.714ms hit=0.0 e2e=29147.631ms
[ok] request s11 turn3 ttft=22923.253ms hit=0.0 e2e=29125.887ms
[ok] request s106 turn1 ttft=22943.706ms hit=0.0 e2e=29146.162ms
[ok] request s142 turn2 ttft=22922.498ms hit=0.0 e2e=29406.764ms
[ok] request s445 turn1 ttft=22680.858ms hit=0.0 e2e=29164.99ms
[ok] request s355 turn1 ttft=22941.945ms hit=0.0 e2e=29144.994ms
[ok] request s382 turn1 ttft=22677.331ms hit=0.0 e2e=29161.808ms
[ok] request s40 turn6 ttft=22933.452ms hit=0.0 e2e=29135.479ms
[ok] request s268 turn1 ttft=22685.618ms hit=0.0 e2e=29170.473ms
[ok] request s56 turn1 ttft=22941.543ms hit=0.0 e2e=29144.013ms
[ok] request s443 turn1 ttft=22940.562ms hit=0.0 e2e=29143.054ms
[ok] request s496 turn1 ttft=22964.936ms hit=0.0 e2e=29169.999ms
[ok] request s29 turn2 ttft=23360.031ms hit=0.0 e2e=29007.224ms
[ok] request s206 turn2 ttft=23040.0ms hit=0.0 e2e=29009.367ms
[ok] request s279 turn1 ttft=23217.632ms hit=0.0 e2e=29187.02ms
[ok] request s248 turn2 ttft=23036.049ms hit=0.0 e2e=29005.531ms
[ok] request s509 turn2 ttft=23364.887ms hit=0.0 e2e=29012.996ms
[ok] request s68 turn2 ttft=23046.899ms hit=0.0 e2e=29017.159ms
[ok] request s225 turn3 ttft=23185.398ms hit=0.0 e2e=29155.786ms
[ok] request s435 turn0 ttft=23040.656ms hit=0.0 e2e=28691.805ms
[ok] request s310 turn2 ttft=23046.014ms hit=0.0 e2e=29017.338ms
[ok] request s146 turn1 ttft=22949.382ms hit=0.0 e2e=29183.711ms
[ok] request s384 turn1 ttft=23200.415ms hit=0.0 e2e=29172.718ms
[ok] openhands s120 turn16 ttft=25866.985ms hit=0.051619 e2e=29406.17ms
[ok] request s517 turn0 ttft=24811.317ms hit=0.0 e2e=28350.805ms
[ok] request s312 turn2 ttft=23359.614ms hit=0.0 e2e=29014.864ms
[ok] request s67 turn0 ttft=23067.391ms hit=0.0 e2e=29042.44ms
[ok] request s527 turn3 ttft=23192.749ms hit=0.0 e2e=29168.143ms
[ok] request s111 turn0 ttft=22203.103ms hit=0.0 e2e=24216.453ms
[ok] request s327 turn0 ttft=21518.432ms hit=0.0 e2e=23527.851ms
[ok] request s424 turn0 ttft=23775.147ms hit=0.0 e2e=27321.592ms
[ok] request s328 turn0 ttft=24464.505ms hit=0.0 e2e=28011.183ms
[ok] request s317 turn0 ttft=23396.768ms hit=0.0 e2e=26632.951ms
[ok] request s43 turn0 ttft=21169.328ms hit=0.0 e2e=23185.784ms
[ok] request s324 turn0 ttft=21860.196ms hit=0.0 e2e=23877.164ms
[ok] request s286 turn0 ttft=22895.65ms hit=0.0 e2e=24912.652ms
[ok] request s499 turn0 ttft=22549.913ms hit=0.0 e2e=24568.442ms
[ok] request s428 turn0 ttft=20827.342ms hit=0.0 e2e=22845.694ms
[ok] openhands s359 turn0 ttft=23993.9ms hit=0.0 e2e=26294.393ms
[ok] request s212 turn0 ttft=24121.302ms hit=0.0 e2e=27674.641ms
[ok] request s195 turn0 ttft=23303.525ms hit=0.0 e2e=25607.852ms
[ok] request s30 turn0 ttft=23648.236ms hit=0.0 e2e=25953.096ms
[ok] request s466 turn0 ttft=22959.45ms hit=0.0 e2e=25264.962ms
[ok] request s223 turn0 ttft=23742.067ms hit=0.0 e2e=26989.54ms
[ok] request s152 turn0 ttft=19788.189ms hit=0.0 e2e=21818.815ms
[ok] request s47 turn0 ttft=17251.811ms hit=0.0 e2e=18371.754ms
[ok] request s244 turn0 ttft=17942.087ms hit=0.0 e2e=19062.727ms
[ok] openhands s301 turn0 ttft=20011.234ms hit=0.120858 e2e=21132.6ms
[ok] request s19 turn0 ttft=20479.077ms hit=0.0 e2e=22513.618ms
[ok] request s139 turn0 ttft=19665.213ms hit=0.0 e2e=20788.144ms
[ok] request s130 turn0 ttft=19444.845ms hit=0.0 e2e=21481.46ms
[ok] request s262 turn0 ttft=18978.538ms hit=0.0 e2e=20103.639ms
[ok] request s404 turn0 ttft=16563.768ms hit=0.0 e2e=17691.266ms
[ok] request s391 turn0 ttft=18290.04ms hit=0.0 e2e=19416.902ms
[ok] request s516 turn0 ttft=19325.277ms hit=0.0 e2e=20453.049ms
[ok] request s185 turn0 ttft=18635.705ms hit=0.0 e2e=19763.916ms
[ok] request s447 turn0 ttft=17601.759ms hit=0.0 e2e=18730.926ms
[ok] request s13 turn0 ttft=16913.312ms hit=0.0 e2e=18043.481ms
[ok] request s99 turn0 ttft=16223.634ms hit=0.0 e2e=17354.813ms
[ok] request s233 turn0 ttft=20137.956ms hit=0.0 e2e=22184.178ms
[ok] request s530 turn0 ttft=15871.368ms hit=0.0 e2e=17012.751ms
[ok] request s140 turn0 ttft=15531.014ms hit=0.0 e2e=16670.21ms
[ok] request s375 turn0 ttft=15187.313ms hit=0.0 e2e=16326.543ms
[ok] openhands s63 turn0 ttft=15203.7ms hit=0.163265 e2e=15982.881ms
[ok] request s44 turn0 ttft=11588.286ms hit=0.0 e2e=12683.347ms
[ok] request s376 turn0 ttft=12969.116ms hit=0.0 e2e=14066.156ms
[ok] request s78 turn0 ttft=15038.526ms hit=0.0 e2e=16136.589ms
[ok] request s178 turn0 ttft=13659.264ms hit=0.0 e2e=14762.079ms
[ok] request s506 turn0 ttft=12280.376ms hit=0.0 e2e=13384.249ms
[ok] request s188 turn0 ttft=10901.617ms hit=0.0 e2e=12006.541ms
[ok] request s149 turn0 ttft=14005.497ms hit=0.0 e2e=15111.517ms
[ok] request s474 turn0 ttft=13316.244ms hit=0.0 e2e=14423.411ms
[ok] request s218 turn0 ttft=14352.326ms hit=0.0 e2e=15460.179ms
[ok] request s295 turn0 ttft=14697.127ms hit=0.0 e2e=15806.1ms
[ok] request s457 turn0 ttft=12629.351ms hit=0.0 e2e=13739.468ms
[ok] request s319 turn0 ttft=11939.286ms hit=0.0 e2e=13050.584ms
[ok] openhands s241 turn2 ttft=11469.327ms hit=0.270821 e2e=34218.795ms
[ok] openhands s121 turn9 ttft=21960.396ms hit=0.081654 e2e=26074.459ms
[ok] openhands s2 turn7 ttft=22071.488ms hit=0.042837 e2e=34235.619ms
[ok] openhands s303 turn7 ttft=26460.399ms hit=0.0 e2e=31930.053ms
[ok] openhands s418 turn44 ttft=13388.19ms hit=0.059279 e2e=34298.488ms
[ok] openhands s361 turn4 ttft=14069.252ms hit=0.157688 e2e=34326.825ms
[ok] openhands s182 turn31 ttft=24274.004ms hit=0.058424 e2e=34341.314ms
[ok] request s260 turn1 ttft=27405.06ms hit=0.0 e2e=33865.276ms
[ok] openhands s180 turn1 ttft=9511.312ms hit=0.0 e2e=34343.976ms
[ok] openhands s1 turn2 ttft=19168.953ms hit=0.346371 e2e=34227.079ms
[ok] openhands s242 turn21 ttft=19209.721ms hit=0.061029 e2e=34267.28ms
[ok] openhands s419 turn3 ttft=17172.816ms hit=0.081069 e2e=34306.781ms
[ok] openhands s123 turn26 ttft=15762.264ms hit=0.057827 e2e=34255.315ms
[ok] openhands s181 turn36 ttft=27860.855ms hit=0.034507 e2e=34322.693ms
[ok] openhands s302 turn22 ttft=11193.509ms hit=0.064176 e2e=34281.578ms
[ok] request s368 turn1 ttft=27286.416ms hit=0.0 e2e=33747.876ms
[ok] openhands s240 turn12 ttft=23485.468ms hit=0.0 e2e=25573.403ms
[ok] openhands s301 turn1 ttft=25180.96ms hit=0.0 e2e=25548.829ms
[ok] openhands s63 turn1 ttft=24073.457ms hit=0.0 e2e=25540.968ms
[ok] request s142 turn3 ttft=25088.602ms hit=0.0 e2e=25456.414ms
[ok] request s228 turn0 ttft=22013.508ms hit=0.0 e2e=22687.627ms
[ok] request s430 turn0 ttft=21312.975ms hit=0.0 e2e=22004.226ms
[ok] request s75 turn0 ttft=14229.824ms hit=0.0 e2e=14345.907ms
[ok] request s403 turn0 ttft=17548.398ms hit=0.0 e2e=17873.201ms
[ok] request s270 turn0 ttft=12119.531ms hit=0.0 e2e=12307.581ms
[ok] request s426 turn0 ttft=15281.971ms hit=0.0 e2e=15579.865ms
[ok] request s391 turn1 ttft=29072.384ms hit=0.0 e2e=31176.21ms
[ok] request s40 turn7 ttft=28737.898ms hit=0.0 e2e=31543.908ms
[ok] openhands s120 turn17 ttft=28208.798ms hit=0.0 e2e=31962.124ms
[ok] request s355 turn2 ttft=28886.912ms hit=0.0 e2e=31442.351ms
[ok] request s268 turn2 ttft=28882.053ms hit=0.0 e2e=31436.975ms
[ok] request s509 turn3 ttft=28851.301ms hit=0.0 e2e=31405.757ms
[ok] request s65 turn2 ttft=28645.483ms hit=0.0 e2e=31454.255ms
[ok] request s424 turn1 ttft=28833.823ms hit=0.0 e2e=31387.289ms
[ok] request s328 turn1 ttft=28779.722ms hit=0.0 e2e=31590.389ms
[ok] request s375 turn1 ttft=28793.329ms hit=0.0 e2e=31346.733ms
[ok] openhands s359 turn1 ttft=29141.839ms hit=0.11028 e2e=31952.444ms
[ok] request s443 turn2 ttft=28882.752ms hit=0.0 e2e=31435.838ms
[ok] request s428 turn1 ttft=28825.155ms hit=0.0 e2e=31377.974ms
[ok] request s56 turn2 ttft=28718.034ms hit=0.0 e2e=31531.222ms
[ok] request s136 turn2 ttft=28894.853ms hit=0.0 e2e=31458.078ms
[ok] request s262 turn1 ttft=28807.555ms hit=0.0 e2e=31370.321ms
[ok] request s11 turn4 ttft=28635.494ms hit=0.0 e2e=31455.426ms
[ok] request s47 turn1 ttft=29077.495ms hit=0.0 e2e=31378.787ms
[ok] request s248 turn3 ttft=29119.737ms hit=0.0 e2e=31420.801ms
[ok] request s185 turn1 ttft=29356.458ms hit=0.0 e2e=31364.364ms
[ok] request s195 turn1 ttft=29083.423ms hit=0.0 e2e=31384.752ms
[ok] request s447 turn1 ttft=29061.638ms hit=0.0 e2e=31362.805ms
[ok] request s516 turn1 ttft=29359.59ms hit=0.0 e2e=31368.155ms
[ok] request s435 turn1 ttft=29110.321ms hit=0.0 e2e=31411.916ms
[ok] request s279 turn2 ttft=29124.564ms hit=0.0 e2e=31426.149ms
[ok] request s527 turn4 ttft=29393.821ms hit=0.0 e2e=31403.307ms
[ok] request s310 turn3 ttft=29108.894ms hit=0.0 e2e=31410.994ms
[ok] request s130 turn1 ttft=29075.71ms hit=0.0 e2e=31377.856ms
[ok] request s206 turn3 ttft=29420.856ms hit=0.0 e2e=31431.491ms
[ok] request s325 turn1 ttft=29164.164ms hit=0.0 e2e=31466.996ms
[ok] request s225 turn4 ttft=29408.541ms hit=0.0 e2e=31418.994ms
[ok] request s317 turn1 ttft=29097.531ms hit=0.0 e2e=31401.094ms
[ok] request s67 turn1 ttft=29399.219ms hit=0.0 e2e=31409.859ms
[ok] request s247 turn0 ttft=23494.328ms hit=0.0 e2e=24950.828ms
[ok] openhands s300 turn0 ttft=24548.912ms hit=0.186874 e2e=26005.313ms
[ok] request s396 turn0 ttft=22715.431ms hit=0.0 e2e=23899.947ms
[ok] request s456 turn0 ttft=22795.577ms hit=0.0 e2e=24251.989ms
[ok] request s485 turn0 ttft=23847.34ms hit=0.0 e2e=25305.008ms
[ok] request s388 turn0 ttft=23146.734ms hit=0.0 e2e=24605.686ms
[ok] request s250 turn0 ttft=21663.711ms hit=0.0 e2e=22850.272ms
[ok] request s458 turn0 ttft=22371.065ms hit=0.0 e2e=23554.551ms
[ok] request s184 turn0 ttft=20967.176ms hit=0.0 e2e=22150.499ms
[ok] request s149 turn1 ttft=29164.604ms hit=0.0 e2e=30902.17ms
[ok] request s319 turn1 ttft=29156.688ms hit=0.0 e2e=30895.701ms
[ok] request s43 turn1 ttft=29385.523ms hit=0.0 e2e=31423.422ms
[ok] request s144 turn0 ttft=24200.592ms hit=0.0 e2e=25664.103ms
[ok] request s382 turn2 ttft=29742.485ms hit=0.0 e2e=31484.851ms
[ok] request s30 turn1 ttft=29377.634ms hit=0.0 e2e=31417.235ms
[ok] request s188 turn1 ttft=29167.66ms hit=0.0 e2e=30910.299ms
[ok] request s200 turn0 ttft=19907.646ms hit=0.0 e2e=21105.522ms
[ok] request s415 turn0 ttft=15556.628ms hit=0.0 e2e=16195.482ms
[ok] request s491 turn0 ttft=16493.891ms hit=0.0 e2e=17247.95ms
[ok] request s356 turn0 ttft=16255.878ms hit=0.0 e2e=16897.992ms
[ok] request s208 turn0 ttft=15905.491ms hit=0.0 e2e=16548.112ms
[ok] request s441 turn0 ttft=18156.103ms hit=0.0 e2e=19356.693ms
[ok] request s246 turn0 ttft=16846.908ms hit=0.0 e2e=17603.555ms
[ok] openhands s62 turn0 ttft=18251.942ms hit=0.173935 e2e=19007.97ms
[ok] request s249 turn0 ttft=17900.595ms hit=0.0 e2e=18658.684ms
[ok] request s166 turn0 ttft=18858.552ms hit=0.0 e2e=20062.816ms
[ok] request s383 turn0 ttft=20616.117ms hit=0.0 e2e=21818.705ms
[ok] request s298 turn0 ttft=20263.911ms hit=0.0 e2e=21470.094ms
[ok] request s167 turn0 ttft=19561.384ms hit=0.0 e2e=20768.013ms
[ok] request s416 turn0 ttft=18510.172ms hit=0.0 e2e=19717.537ms
[ok] request s97 turn0 ttft=19209.323ms hit=0.0 e2e=20420.348ms
[ok] request s266 turn0 ttft=17199.639ms hit=0.812698 e2e=17964.708ms
[ok] request s472 turn0 ttft=14574.054ms hit=0.0 e2e=15159.376ms
[ok] request s59 turn0 ttft=14926.075ms hit=0.0 e2e=15511.644ms
[ok] request s364 turn0 ttft=13175.201ms hit=0.0 e2e=13759.045ms
[ok] request s444 turn0 ttft=13877.406ms hit=0.0 e2e=14462.056ms
[ok] request s14 turn0 ttft=13526.762ms hit=0.0 e2e=14112.309ms
[ok] request s488 turn0 ttft=12475.195ms hit=0.0 e2e=13061.203ms
[ok] request s92 turn0 ttft=12827.209ms hit=0.0 e2e=13413.682ms
[ok] request s275 turn0 ttft=10869.049ms hit=0.0 e2e=25996.503ms
[ok] request s451 turn0 ttft=11571.758ms hit=0.0 e2e=26722.715ms
[ok] request s386 turn0 ttft=9467.925ms hit=0.0 e2e=26238.592ms
[ok] request s349 turn0 ttft=9118.286ms hit=0.0 e2e=26095.916ms
[ok] request s201 turn0 ttft=8718.247ms hit=0.0 e2e=26343.943ms
[ok] request s352 turn0 ttft=12620.353ms hit=0.0 e2e=30555.351ms
[ok] openhands s182 turn32 ttft=11916.582ms hit=0.056472 e2e=25694.872ms
[ok] request s290 turn0 ttft=12269.631ms hit=0.0 e2e=30210.344ms
[ok] request s109 turn0 ttft=13324.542ms hit=0.0 e2e=31265.032ms
[ok] request s276 turn0 ttft=12974.292ms hit=0.0 e2e=30914.492ms
[ok] request s311 turn0 ttft=11218.717ms hit=0.0 e2e=29158.766ms
[ok] request s160 turn0 ttft=9070.052ms hit=0.0 e2e=26703.205ms
[ok] request s137 turn0 ttft=9818.863ms hit=0.0 e2e=27757.644ms
[ok] request s377 turn0 ttft=10168.151ms hit=0.0 e2e=28107.775ms
[ok] request s209 turn0 ttft=8691.922ms hit=0.0 e2e=26003.805ms
[ok] openhands s303 turn8 ttft=12490.999ms hit=0.128879 e2e=25609.012ms
[ok] request s221 turn0 ttft=10520.048ms hit=0.0 e2e=28459.965ms
[ok] openhands s3 turn0 ttft=13403.149ms hit=0.0 e2e=31617.791ms
[ok] request s89 turn0 ttft=11924.788ms hit=0.0 e2e=29864.197ms
[ok] openhands s121 turn10 ttft=9839.593ms hit=0.081329 e2e=25728.962ms
[ok] openhands s123 turn27 ttft=19000.702ms hit=0.057183 e2e=25681.923ms
[ok] openhands s242 turn22 ttft=20580.072ms hit=0.05958 e2e=25637.335ms
[ok] openhands s1 turn3 ttft=12800.767ms hit=0.264488 e2e=25604.517ms
[ok] openhands s181 turn37 ttft=16606.428ms hit=0.034082 e2e=25666.967ms
[ok] openhands s241 turn3 ttft=16886.666ms hit=0.241447 e2e=25626.638ms
[ok] request s333 turn0 ttft=16867.759ms hit=0.0 e2e=25607.226ms
[ok] openhands s240 turn13 ttft=22763.201ms hit=0.0 e2e=26441.848ms
[ok] openhands s419 turn4 ttft=24454.481ms hit=0.0 e2e=40021.547ms
[ok] request s142 turn4 ttft=34670.698ms hit=0.0 e2e=40108.085ms
[ok] openhands s63 turn2 ttft=25519.56ms hit=0.0 e2e=40455.833ms
[ok] request s228 turn1 ttft=31080.225ms hit=0.0 e2e=34335.293ms
[ok] openhands s361 turn5 ttft=32102.255ms hit=0.154428 e2e=40818.663ms
[ok] openhands s418 turn45 ttft=28508.448ms hit=0.05906 e2e=40772.517ms
[ok] openhands s180 turn2 ttft=26851.158ms hit=0.0 e2e=40882.022ms
[ok] request s368 turn2 ttft=34682.634ms hit=0.0 e2e=40315.741ms
[ok] openhands s62 turn1 ttft=31108.867ms hit=0.168957 e2e=34422.147ms
[ok] openhands s302 turn23 ttft=34730.951ms hit=0.053712 e2e=40675.995ms
[ok] request s426 turn1 ttft=32877.965ms hit=0.0 e2e=34133.786ms
[ok] request s262 turn2 ttft=32815.53ms hit=0.0 e2e=34070.76ms
[ok] request s67 turn2 ttft=32688.548ms hit=0.0 e2e=33942.752ms
[ok] openhands s300 turn1 ttft=30465.347ms hit=0.183788 e2e=34426.886ms
[ok] openhands s359 turn2 ttft=29821.421ms hit=0.0 e2e=34445.216ms
[ok] openhands s120 turn18 ttft=33183.867ms hit=0.051356 e2e=34438.862ms
[ok] openhands s2 turn8 ttft=31511.766ms hit=0.042634 e2e=40898.268ms
[ok] request s75 turn1 ttft=33062.082ms hit=0.0 e2e=34316.251ms
[ok] request s420 turn0 ttft=34858.32ms hit=0.0 e2e=40491.96ms
[ok] openhands s301 turn2 ttft=32811.992ms hit=0.1175 e2e=40872.819ms
[ok] request s319 turn2 ttft=32976.741ms hit=0.0 e2e=33867.768ms
[ok] request s11 turn5 ttft=32781.896ms hit=0.0 e2e=33905.078ms
[ok] request s396 turn1 ttft=32989.185ms hit=0.0 e2e=33879.856ms
[ok] request s317 turn2 ttft=32762.478ms hit=0.0 e2e=33886.421ms
[ok] request s43 turn2 ttft=32985.64ms hit=0.0 e2e=33865.783ms
[ok] request s355 turn3 ttft=32663.144ms hit=0.0 e2e=33922.342ms
[ok] request s14 turn1 ttft=32942.03ms hit=0.0 e2e=33832.491ms
[ok] request s443 turn3 ttft=32790.552ms hit=0.0 e2e=33913.704ms
[ok] request s250 turn1 ttft=32988.018ms hit=0.0 e2e=33878.117ms
[ok] request s441 turn1 ttft=32961.286ms hit=0.0 e2e=33850.966ms
[ok] request s447 turn2 ttft=33018.838ms hit=0.0 e2e=33900.229ms
[ok] request s175 turn0 ttft=18571.5ms hit=0.0 e2e=18575.913ms
[ok] request s130 turn2 ttft=33324.4ms hit=0.0 e2e=40768.196ms
[ok] request s195 turn2 ttft=33341.302ms hit=0.0 e2e=40778.795ms
[ok] request s184 turn1 ttft=34846.307ms hit=0.0 e2e=40787.749ms
[ok] request s165 turn0 ttft=23904.945ms hit=0.0 e2e=29210.907ms
[ok] request s264 turn0 ttft=19977.406ms hit=0.0 e2e=25000.394ms
[ok] request s96 turn0 ttft=22849.838ms hit=0.0 e2e=32212.9ms
[ok] request s528 turn0 ttft=22497.495ms hit=0.0 e2e=31964.036ms
[ok] request s367 turn0 ttft=17494.454ms hit=0.0 e2e=26351.85ms
[ok] request s65 turn3 ttft=33816.887ms hit=0.0 e2e=45033.089ms
[ok] request s416 turn1 ttft=33741.987ms hit=0.0 e2e=44957.745ms
[ok] request s268 turn3 ttft=33825.45ms hit=0.0 e2e=45036.333ms
[ok] request s41 turn0 ttft=24258.6ms hit=0.0 e2e=36070.353ms
[ok] request s17 turn0 ttft=21796.462ms hit=0.0 e2e=33620.354ms
[ok] request s364 turn1 ttft=34800.617ms hit=0.0 e2e=47270.026ms
[ok] request s383 turn1 ttft=34810.649ms hit=0.0 e2e=47281.761ms
[ok] request s246 turn1 ttft=34822.192ms hit=0.0 e2e=47283.841ms
[ok] request s382 turn3 ttft=34828.23ms hit=0.0 e2e=47298.989ms
[ok] request s492 turn0 ttft=23550.58ms hit=0.0 e2e=35375.536ms
[ok] request s285 turn0 ttft=23203.247ms hit=0.0 e2e=35026.504ms
[ok] openhands s183 turn0 ttft=24606.365ms hit=0.0 e2e=36429.028ms
[ok] request s435 turn2 ttft=34862.601ms hit=0.0 e2e=47333.225ms
[ok] request s491 turn1 ttft=34823.067ms hit=0.0 e2e=47293.276ms
[ok] request s179 turn0 ttft=22150.552ms hit=0.0 e2e=33972.461ms
[ok] request s527 turn5 ttft=34869.217ms hit=0.0 e2e=47331.066ms
[ok] request s56 turn3 ttft=34877.035ms hit=0.0 e2e=47346.991ms
[ok] request s208 turn1 ttft=34822.246ms hit=0.0 e2e=47291.536ms
[ok] request s472 turn1 ttft=34806.44ms hit=0.0 e2e=47275.278ms
[ok] request s321 turn0 ttft=20391.588ms hit=0.0 e2e=32227.921ms
[ok] request s386 turn1 ttft=17652.235ms hit=0.0 e2e=29204.708ms
[ok] openhands s182 turn33 ttft=21369.754ms hit=0.055375 e2e=28615.783ms
[ok] request s338 turn0 ttft=20745.595ms hit=0.0 e2e=32579.945ms
[ok] request s349 turn1 ttft=17810.7ms hit=0.0 e2e=29037.934ms
[ok] request s524 turn0 ttft=17519.722ms hit=0.0 e2e=29072.034ms
[ok] openhands s241 turn4 ttft=21630.852ms hit=0.237878 e2e=28562.196ms
[ok] openhands s242 turn23 ttft=19163.559ms hit=0.058819 e2e=28629.363ms
[ok] request s163 turn0 ttft=19626.559ms hit=0.0 e2e=31177.778ms
[ok] request s6 turn0 ttft=18924.846ms hit=0.0 e2e=30475.686ms
[ok] openhands s360 turn0 ttft=17872.078ms hit=0.516602 e2e=29421.708ms
[ok] request s170 turn0 ttft=18225.373ms hit=0.0 e2e=29774.566ms
[ok] request s369 turn0 ttft=21098.264ms hit=0.0 e2e=32930.741ms
[ok] request s402 turn0 ttft=20330.076ms hit=0.0 e2e=31878.914ms
[ok] request s168 turn0 ttft=19277.195ms hit=0.0 e2e=30825.614ms
[ok] request s341 turn0 ttft=21451.245ms hit=0.0 e2e=33282.981ms
[ok] openhands s1 turn4 ttft=21909.828ms hit=0.244042 e2e=28559.639ms
[ok] request s148 turn0 ttft=27647.451ms hit=0.0 e2e=27795.802ms
[ok] openhands s181 turn38 ttft=26049.601ms hit=0.0 e2e=37938.18ms
[ok] request s408 turn0 ttft=27356.235ms hit=0.0 e2e=29980.738ms
[ok] openhands s123 turn28 ttft=28502.648ms hit=0.0 e2e=38294.818ms
[ok] openhands s240 turn14 ttft=32953.643ms hit=0.056951 e2e=39051.371ms
[ok] request s493 turn0 ttft=33468.712ms hit=0.0 e2e=38247.544ms
[ok] request s288 turn0 ttft=33118.404ms hit=0.0 e2e=37896.986ms
[ok] request s511 turn0 ttft=29862.028ms hit=0.0 e2e=39652.923ms
[ok] request s201 turn1 ttft=30179.812ms hit=0.0 e2e=39329.272ms
[ok] openhands s3 turn1 ttft=30091.514ms hit=0.0 e2e=39883.288ms
[ok] openhands s303 turn9 ttft=30553.407ms hit=0.127884 e2e=39728.12ms
[ok] request s377 turn1 ttft=30496.978ms hit=0.0 e2e=39347.177ms
[ok] request s519 turn0 ttft=31104.24ms hit=0.0 e2e=39327.783ms
[ok] request s333 turn1 ttft=31113.303ms hit=0.0 e2e=39337.477ms
[ok] request s89 turn1 ttft=31119.423ms hit=0.0 e2e=39344.311ms
[ok] request s231 turn0 ttft=32842.997ms hit=0.0 e2e=38976.332ms
[ok] request s209 turn1 ttft=30810.13ms hit=0.0 e2e=39346.506ms
[ok] openhands s121 turn11 ttft=33933.093ms hit=0.0 e2e=38736.856ms
[ok] request s237 turn0 ttft=33823.55ms hit=0.0 e2e=38626.988ms
[ok] request s290 turn1 ttft=30498.294ms hit=0.0 e2e=39350.236ms
[ok] request s407 turn0 ttft=32765.714ms hit=0.0 e2e=37603.246ms
[ok] request s38 turn0 ttft=31364.347ms hit=0.0 e2e=36199.679ms
[ok] request s413 turn0 ttft=30927.957ms hit=0.0 e2e=35497.747ms
[ok] request s464 turn0 ttft=29460.766ms hit=0.0 e2e=33743.707ms
[ok] request s437 turn0 ttft=30227.148ms hit=0.0 e2e=34796.15ms
[ok] request s177 turn0 ttft=29876.682ms hit=0.0 e2e=34446.348ms
[ok] request s305 turn0 ttft=30578.528ms hit=0.0 e2e=35147.343ms
[ok] request s502 turn0 ttft=28058.004ms hit=0.0 e2e=32340.961ms
[ok] request s331 turn0 ttft=31716.155ms hit=0.0 e2e=36551.934ms
[ok] request s189 turn0 ttft=31281.088ms hit=0.0 e2e=35849.769ms
[ok] request s421 turn0 ttft=29113.519ms hit=0.0 e2e=33394.84ms
[ok] request s236 turn0 ttft=32067.891ms hit=0.0 e2e=36903.545ms
[ok] request s469 turn0 ttft=28761.964ms hit=0.0 e2e=33043.079ms
[ok] request s259 turn0 ttft=28411.628ms hit=0.0 e2e=32693.842ms
[ok] openhands s475 turn0 ttft=29816.557ms hit=0.0 e2e=34096.943ms
[ok] request s497 turn0 ttft=32419.765ms hit=0.0 e2e=37254.43ms
[ok] request s173 turn0 ttft=26652.219ms hit=0.0 e2e=30938.558ms
[ok] request s471 turn0 ttft=26708.622ms hit=0.0 e2e=28834.96ms
[ok] request s339 turn0 ttft=26985.404ms hit=0.0 e2e=29229.873ms
[ok] request s174 turn0 ttft=26400.39ms hit=0.0 e2e=28527.793ms
[ok] request s363 turn0 ttft=27336.064ms hit=0.0 e2e=29580.163ms
[ok] request s362 turn0 ttft=27005.092ms hit=0.0 e2e=31291.47ms
[ok] request s505 turn0 ttft=26355.936ms hit=0.0 e2e=28484.237ms
[ok] request s500 turn0 ttft=26634.803ms hit=0.0 e2e=28878.771ms
[ok] request s193 turn0 ttft=26050.971ms hit=0.0 e2e=28177.646ms
[ok] request s512 turn0 ttft=27995.166ms hit=0.0 e2e=30238.9ms
[ok] request s245 turn0 ttft=27688.366ms hit=0.0 e2e=29931.737ms
[ok] openhands s122 turn0 ttft=28040.395ms hit=0.052779 e2e=30283.368ms
[ok] request s498 turn0 ttft=27707.959ms hit=0.0 e2e=31992.595ms
[ok] request s425 turn0 ttft=26944.723ms hit=0.0 e2e=29187.463ms
[ok] request s252 turn0 ttft=27295.294ms hit=0.0 e2e=29537.637ms
[ok] request s124 turn0 ttft=26307.618ms hit=0.0 e2e=30590.653ms
[ok] request s462 turn0 ttft=23604.347ms hit=0.0 e2e=25724.653ms
[ok] request s523 turn0 ttft=25666.512ms hit=0.0 e2e=27786.456ms
[ok] request s153 turn0 ttft=25710.638ms hit=0.0 e2e=27830.214ms
[ok] request s159 turn0 ttft=25007.863ms hit=0.0 e2e=27127.068ms
[ok] request s450 turn0 ttft=24658.317ms hit=0.0 e2e=26777.149ms
[ok] request s281 turn0 ttft=25360.697ms hit=0.0 e2e=27479.175ms
[ok] request s192 turn0 ttft=26019.94ms hit=0.0 e2e=28138.111ms
[ok] request s114 turn0 ttft=24308.789ms hit=0.0 e2e=26426.596ms
[ok] request s15 turn0 ttft=23958.398ms hit=0.0 e2e=26075.837ms
[ok] request s228 turn2 ttft=40440.415ms hit=0.0 e2e=41217.84ms
[ok] request s410 turn0 ttft=25210.824ms hit=0.0 e2e=42389.359ms
[ok] openhands s419 turn5 ttft=25433.228ms hit=0.0 e2e=42612.502ms
[ok] openhands s361 turn6 ttft=27884.784ms hit=0.141019 e2e=42224.455ms
[ok] request s426 turn2 ttft=40380.564ms hit=0.0 e2e=41633.308ms
[ok] request s75 turn2 ttft=40522.066ms hit=0.0 e2e=41631.776ms
[ok] request s142 turn5 ttft=25951.068ms hit=0.0 e2e=42321.955ms
[ok] request s355 turn4 ttft=40637.425ms hit=0.0 e2e=41511.448ms
[ok] openhands s63 turn3 ttft=26154.496ms hit=0.0 e2e=42526.09ms
[ok] request s461 turn0 ttft=38858.036ms hit=0.0 e2e=42114.119ms
[ok] openhands s62 turn2 ttft=29911.583ms hit=0.159846 e2e=42175.774ms
[ok] request s319 turn3 ttft=40642.913ms hit=0.0 e2e=41516.698ms
[ok] request s443 turn4 ttft=40636.741ms hit=0.0 e2e=41510.062ms
[ok] request s317 turn3 ttft=40640.641ms hit=0.0 e2e=41513.531ms
[ok] openhands s300 turn2 ttft=28175.531ms hit=0.17825 e2e=42201.702ms
[ok] request s396 turn2 ttft=40642.551ms hit=0.0 e2e=41515.108ms
[ok] request s85 turn0 ttft=26092.029ms hit=0.0 e2e=42464.934ms
[ok] request s22 turn0 ttft=40508.936ms hit=0.0 e2e=41763.464ms
[ok] request s441 turn2 ttft=40651.626ms hit=0.0 e2e=41508.566ms
[ok] openhands s120 turn19 ttft=35191.519ms hit=0.051026 e2e=42204.071ms
[ok] openhands s180 turn3 ttft=29163.555ms hit=0.10351 e2e=42193.741ms
[ok] request s175 turn1 ttft=39967.735ms hit=0.0 e2e=40040.138ms
[ok] openhands s302 turn24 ttft=32079.514ms hit=0.053359 e2e=42233.99ms
[ok] openhands s359 turn3 ttft=27206.216ms hit=0.094863 e2e=42220.686ms
[ok] openhands s301 turn3 ttft=33053.058ms hit=0.115723 e2e=42215.204ms
[ok] openhands s418 turn46 ttft=40701.012ms hit=0.0 e2e=41961.0ms
[ok] request s520 turn0 ttft=37615.659ms hit=0.0 e2e=45429.701ms
[ok] request s526 turn0 ttft=40821.796ms hit=0.0 e2e=50117.347ms
[ok] request s318 turn0 ttft=40469.43ms hit=0.0 e2e=49771.903ms
[ok] request s447 turn3 ttft=40915.481ms hit=0.0 e2e=50217.562ms
[ok] request s442 turn0 ttft=32806.648ms hit=0.0 e2e=39601.869ms
[ok] request s373 turn0 ttft=35616.02ms hit=0.0 e2e=42594.614ms
[ok] request s529 turn0 ttft=31700.376ms hit=0.0 e2e=38412.271ms
[ok] openhands s0 turn0 ttft=40513.668ms hit=0.0 e2e=49739.827ms
[ok] request s287 turn0 ttft=40290.92ms hit=0.0 e2e=49515.516ms
[ok] request s392 turn0 ttft=39941.525ms hit=0.0 e2e=49171.43ms
[ok] request s308 turn0 ttft=39239.032ms hit=0.0 e2e=48468.606ms
[ok] request s204 turn0 ttft=39590.161ms hit=0.0 e2e=48818.944ms
[ok] request s222 turn0 ttft=37961.838ms hit=0.0 e2e=46573.012ms
[ok] request s372 turn0 ttft=39369.847ms hit=0.0 e2e=47978.588ms
[ok] request s216 turn0 ttft=39721.834ms hit=0.0 e2e=48330.474ms
[ok] request s264 turn1 ttft=35723.116ms hit=0.0 e2e=44087.907ms
[ok] request s525 turn0 ttft=38669.022ms hit=0.0 e2e=47277.989ms
[ok] request s184 turn2 ttft=35728.651ms hit=0.0 e2e=44093.757ms
[ok] request s316 turn0 ttft=36912.492ms hit=0.0 e2e=45522.008ms
[ok] request s263 turn0 ttft=35859.115ms hit=0.0 e2e=44474.704ms
[ok] request s332 turn0 ttft=38314.114ms hit=0.0 e2e=46929.299ms
[ok] request s171 turn0 ttft=36215.563ms hit=0.0 e2e=44825.361ms
[ok] request s117 turn0 ttft=37261.602ms hit=0.0 e2e=45876.562ms
[ok] request s195 turn3 ttft=35520.43ms hit=0.0 e2e=44134.998ms
[ok] request s135 turn0 ttft=35509.993ms hit=0.0 e2e=44124.231ms
[ok] request s165 turn1 ttft=35723.773ms hit=0.0 e2e=44092.482ms
[ok] request s398 turn0 ttft=36563.116ms hit=0.0 e2e=45177.131ms
[ok] request s346 turn0 ttft=39018.225ms hit=0.0 e2e=47631.877ms
[ok] openhands s60 turn0 ttft=35963.784ms hit=0.0 e2e=43449.069ms
[ok] request s370 turn0 ttft=32048.517ms hit=0.0 e2e=39238.893ms
[ok] request s293 turn0 ttft=32401.307ms hit=0.0 e2e=39591.755ms
[ok] request s220 turn0 ttft=33858.753ms hit=0.0 e2e=41345.573ms
[ok] request s399 turn0 ttft=34561.002ms hit=0.0 e2e=42048.005ms
[ok] request s438 turn0 ttft=33157.87ms hit=0.0 e2e=40645.129ms
[ok] request s309 turn0 ttft=32458.279ms hit=0.0 e2e=39945.778ms
[ok] request s268 turn4 ttft=32733.004ms hit=0.0 e2e=39925.874ms
[ok] request s128 turn0 ttft=31347.515ms hit=0.0 e2e=38541.997ms
[ok] request s330 turn0 ttft=35406.456ms hit=0.0 e2e=43807.265ms
[ok] request s65 turn4 ttft=32735.551ms hit=0.0 e2e=39930.58ms
[ok] request s86 turn0 ttft=34211.667ms hit=0.0 e2e=41702.582ms
[ok] request s510 turn0 ttft=34913.98ms hit=0.0 e2e=42405.369ms
[ok] request s138 turn0 ttft=33511.033ms hit=0.0 e2e=41002.933ms
[ok] request s96 turn1 ttft=32583.885ms hit=0.0 e2e=40076.306ms
[ok] request s5 turn0 ttft=35266.964ms hit=0.0 e2e=42759.964ms
[ok] request s382 turn4 ttft=36615.95ms hit=0.0 e2e=37616.885ms
[ok] request s491 turn2 ttft=36613.411ms hit=0.0 e2e=37614.912ms
[ok] openhands s360 turn1 ttft=32608.526ms hit=0.341375 e2e=38182.846ms
[ok] request s285 turn1 ttft=36615.033ms hit=0.0 e2e=37618.447ms
[ok] openhands s241 turn5 ttft=31650.245ms hit=0.232727 e2e=38204.256ms
[ok] request s17 turn1 ttft=36621.139ms hit=0.0 e2e=37626.639ms
[ok] request s56 turn4 ttft=36621.473ms hit=0.0 e2e=37618.801ms
[ok] openhands s1 turn5 ttft=37143.492ms hit=0.0 e2e=38151.217ms
[ok] request s179 turn1 ttft=36621.651ms hit=0.0 e2e=37622.75ms
[ok] request s208 turn2 ttft=36619.104ms hit=0.0 e2e=37621.114ms
[ok] openhands s182 turn34 ttft=34694.879ms hit=0.054785 e2e=38208.974ms
[ok] request s486 turn0 ttft=32605.135ms hit=0.0 e2e=38192.46ms
[ok] request s364 turn2 ttft=36620.412ms hit=0.0 e2e=37634.955ms
[ok] openhands s242 turn24 ttft=36676.136ms hit=0.058541 e2e=38194.32ms
[ok] request s71 turn0 ttft=36851.02ms hit=0.0 e2e=37868.296ms
[ok] openhands s183 turn1 ttft=32317.1ms hit=0.114147 e2e=38226.45ms
[ok] request s472 turn2 ttft=36753.187ms hit=0.0 e2e=38184.824ms
[ok] request s148 turn1 ttft=34680.363ms hit=0.0 e2e=49728.807ms
[ok] request s338 turn1 ttft=37021.766ms hit=0.0 e2e=58997.564ms
[ok] request s321 turn1 ttft=37023.434ms hit=0.0 e2e=59001.32ms
[ok] request s118 turn0 ttft=37005.397ms hit=0.0 e2e=58604.841ms
[ok] request s339 turn1 ttft=40102.589ms hit=0.0 e2e=47725.953ms
[ok] openhands s2 turn9 ttft=38927.614ms hit=0.033619 e2e=73120.851ms
[ok] request s524 turn1 ttft=37450.864ms hit=0.0 e2e=61361.763ms
[ok] request s6 turn1 ttft=37448.748ms hit=0.0 e2e=61363.022ms
[ok] request s168 turn1 ttft=37459.065ms hit=0.0 e2e=61361.98ms
[ok] request s463 turn0 ttft=37358.357ms hit=0.0 e2e=61259.655ms
[ok] request s201 turn2 ttft=39556.817ms hit=0.0 e2e=52041.642ms
[ok] request s231 turn1 ttft=39530.727ms hit=0.0 e2e=52016.989ms
[ok] request s333 turn2 ttft=39533.325ms hit=0.0 e2e=52024.677ms
[ok] request s89 turn2 ttft=39523.393ms hit=0.0 e2e=52325.049ms
[ok] openhands s475 turn1 ttft=35239.038ms hit=0.499202 e2e=52529.669ms
[ok] request s493 turn1 ttft=39252.761ms hit=0.0 e2e=52051.934ms
[ok] openhands s240 turn15 ttft=34983.498ms hit=0.056547 e2e=52610.07ms
[ok] request s281 turn1 ttft=39406.62ms hit=0.0 e2e=52208.144ms
[ok] request s511 turn1 ttft=39250.469ms hit=0.0 e2e=52051.842ms
[ok] request s209 turn2 ttft=40135.106ms hit=0.0 e2e=52024.389ms
[ok] request s408 turn1 ttft=34247.118ms hit=0.0 e2e=53653.366ms
[ok] openhands s3 turn2 ttft=39615.82ms hit=0.111243 e2e=52417.92ms
[ok] openhands s121 turn12 ttft=36660.729ms hit=0.080098 e2e=52590.713ms
[ok] openhands s181 turn39 ttft=33053.311ms hit=0.0 e2e=54573.588ms
[ok] openhands s123 turn29 ttft=34830.22ms hit=0.056282 e2e=54237.243ms
[ok] openhands s122 turn1 ttft=38776.392ms hit=0.051742 e2e=52561.065ms
[ok] request s500 turn1 ttft=40401.15ms hit=0.0 e2e=51997.858ms
[ok] request s462 turn1 ttft=40397.838ms hit=0.0 e2e=51994.546ms
[ok] request s153 turn1 ttft=40397.239ms hit=0.0 e2e=51994.004ms
[ok] request s505 turn1 ttft=40404.489ms hit=0.0 e2e=52000.805ms
[ok] request s363 turn1 ttft=40099.918ms hit=0.0 e2e=52002.448ms
[ok] request s421 turn1 ttft=40103.995ms hit=0.0 e2e=52006.561ms
[ok] request s252 turn1 ttft=40401.973ms hit=0.0 e2e=51999.66ms
[ok] request s512 turn1 ttft=40403.468ms hit=0.0 e2e=52001.276ms
[ok] request s497 turn1 ttft=40104.386ms hit=0.0 e2e=52007.418ms
[ok] request s177 turn1 ttft=40108.503ms hit=0.0 e2e=52011.74ms
[ok] request s502 turn1 ttft=40107.631ms hit=0.0 e2e=52011.063ms
[ok] openhands s303 turn10 ttft=40025.123ms hit=0.0 e2e=50687.422ms
[ok] openhands s419 turn6 ttft=30308.898ms hit=0.0 e2e=36316.493ms
[ok] openhands s62 turn3 ttft=30689.122ms hit=0.0 e2e=47584.658ms
[ok] request s520 turn1 ttft=33645.357ms hit=0.0 e2e=41997.11ms
[ok] request s228 turn3 ttft=41776.588ms hit=0.0 e2e=51310.254ms
[ok] openhands s180 turn4 ttft=32268.373ms hit=0.0 e2e=51491.081ms
[ok] openhands s300 turn3 ttft=33074.497ms hit=0.0 e2e=51560.862ms
[ok] openhands s63 turn4 ttft=34136.242ms hit=0.0 e2e=51804.954ms
[ok] openhands s361 turn7 ttft=35057.858ms hit=0.0 e2e=52059.702ms
[ok] request s318 turn1 ttft=33503.949ms hit=0.0 e2e=42946.609ms
[ok] request s22 turn1 ttft=41893.463ms hit=0.0 e2e=51660.128ms
[ok] request s75 turn3 ttft=41592.571ms hit=0.0 e2e=51671.779ms
[ok] request s443 turn5 ttft=41587.773ms hit=0.0 e2e=51672.29ms
[ok] request s317 turn4 ttft=41585.858ms hit=0.0 e2e=51670.159ms
[ok] request s319 turn4 ttft=41590.663ms hit=0.0 e2e=51674.743ms
[ok] request s396 turn3 ttft=41896.224ms hit=0.0 e2e=51668.868ms
[ok] openhands s360 turn2 ttft=35368.988ms hit=0.176033 e2e=42831.651ms
[ok] request s441 turn3 ttft=41893.041ms hit=0.0 e2e=51666.878ms
[ok] openhands s0 turn1 ttft=33784.65ms hit=0.5 e2e=43236.166ms
[ok] request s175 turn2 ttft=41891.516ms hit=0.0 e2e=51665.126ms
[ok] request s461 turn1 ttft=41592.325ms hit=0.0 e2e=51678.029ms
[ok] openhands s183 turn2 ttft=37937.576ms hit=0.0 e2e=42821.68ms
[ok] openhands s1 turn6 ttft=34703.775ms hit=0.230442 e2e=42828.33ms
[ok] request s373 turn1 ttft=34326.34ms hit=0.0 e2e=42777.005ms
[ok] request s529 turn1 ttft=37006.198ms hit=0.0 e2e=42750.18ms
[ok] openhands s242 turn25 ttft=37053.233ms hit=0.057097 e2e=42803.386ms
[ok] openhands s301 turn4 ttft=36631.608ms hit=0.0 e2e=52262.114ms
[ok] openhands s120 turn20 ttft=38770.612ms hit=0.050868 e2e=52255.318ms
[ok] openhands s418 turn47 ttft=40853.269ms hit=0.058509 e2e=52244.884ms
[ok] openhands s60 turn1 ttft=34388.511ms hit=0.100242 e2e=42848.129ms
[ok] openhands s359 turn4 ttft=41832.989ms hit=0.085864 e2e=52223.69ms
[ok] openhands s241 turn6 ttft=38834.152ms hit=0.0 e2e=43608.724ms
[ok] request s204 turn1 ttft=41251.846ms hit=0.0 e2e=54645.966ms
[ok] request s525 turn1 ttft=41261.224ms hit=0.0 e2e=54498.691ms
[ok] request s392 turn1 ttft=41136.417ms hit=0.0 e2e=54651.85ms
[ok] request s165 turn2 ttft=41170.08ms hit=0.0 e2e=54428.139ms
[ok] openhands s182 turn35 ttft=41435.701ms hit=0.0 e2e=54950.958ms
[ok] request s148 turn2 ttft=25698.878ms hit=0.0 e2e=33026.002ms
[ok] request s184 turn3 ttft=41172.585ms hit=0.0 e2e=54441.144ms
[ok] request s117 turn1 ttft=41316.323ms hit=0.0 e2e=59400.617ms
[ok] request s293 turn1 ttft=42043.909ms hit=0.0 e2e=59649.791ms
[ok] request s438 turn1 ttft=42050.081ms hit=0.0 e2e=59650.785ms
[ok] request s135 turn1 ttft=42067.169ms hit=0.0 e2e=59674.951ms
[ok] request s398 turn1 ttft=42063.135ms hit=0.0 e2e=59671.689ms
[ok] request s316 turn1 ttft=41979.557ms hit=0.0 e2e=59680.433ms
[ok] request s65 turn5 ttft=42193.264ms hit=0.0 e2e=59669.573ms
[ok] request s486 turn1 ttft=43072.891ms hit=0.0 e2e=59719.707ms
[ok] request s338 turn2 ttft=25678.981ms hit=0.0 e2e=38340.689ms
[ok] request s285 turn2 ttft=43083.756ms hit=0.0 e2e=59734.441ms
[ok] openhands s2 turn10 ttft=26141.742ms hit=0.0 e2e=38807.363ms
[ok] request s524 turn2 ttft=23618.953ms hit=0.0 e2e=35980.158ms
[ok] request s472 turn3 ttft=42511.759ms hit=0.0 e2e=59161.017ms
[ok] request s118 turn1 ttft=25734.587ms hit=0.0 e2e=38400.371ms
[ok] request s168 turn2 ttft=23615.597ms hit=0.0 e2e=35979.154ms
[ok] openhands s3 turn3 ttft=23573.923ms hit=0.0 e2e=34598.463ms
[ok] request s208 turn3 ttft=43075.106ms hit=0.0 e2e=59732.933ms
[ok] request s364 turn3 ttft=43072.442ms hit=0.0 e2e=59728.728ms
[ok] request s71 turn1 ttft=43069.501ms hit=0.0 e2e=59725.761ms
[ok] request s463 turn1 ttft=23614.556ms hit=0.0 e2e=35983.671ms
[ok] openhands s475 turn2 ttft=23538.581ms hit=0.482522 e2e=34566.332ms
[ok] request s321 turn2 ttft=25982.269ms hit=0.0 e2e=38351.385ms
[ok] request s96 turn2 ttft=43089.778ms hit=0.0 e2e=59749.189ms
[ok] openhands s122 turn2 ttft=29058.445ms hit=0.051551 e2e=34601.039ms
[ok] openhands s121 turn13 ttft=26901.277ms hit=0.076871 e2e=34527.258ms
[ok] openhands s123 turn30 ttft=25636.436ms hit=0.056053 e2e=34569.979ms
[ok] request s252 turn2 ttft=33592.934ms hit=0.0 e2e=34702.91ms
[ok] request s512 turn2 ttft=33591.688ms hit=0.0 e2e=34702.545ms
[ok] request s408 turn2 ttft=33339.204ms hit=0.0 e2e=34717.373ms
[ok] request s493 turn2 ttft=32683.664ms hit=0.0 e2e=34727.085ms
[ok] request s153 turn2 ttft=33330.913ms hit=0.0 e2e=34715.381ms
[ok] request s177 turn2 ttft=33462.173ms hit=0.0 e2e=34704.575ms
[ok] request s502 turn2 ttft=33586.411ms hit=0.0 e2e=34703.336ms
[ok] request s209 turn3 ttft=33340.133ms hit=0.0 e2e=34726.679ms
[ok] request s497 turn2 ttft=33591.094ms hit=0.0 e2e=34708.541ms
[ok] request s505 turn2 ttft=33598.591ms hit=0.0 e2e=34716.038ms
[ok] openhands s181 turn40 ttft=33249.357ms hit=0.0 e2e=35295.52ms
[ok] request s363 turn2 ttft=33327.799ms hit=0.0 e2e=34715.28ms
[ok] request s281 turn2 ttft=33004.624ms hit=0.0 e2e=35051.34ms
[ok] request s520 turn2 ttft=21913.038ms hit=0.0 e2e=35860.301ms
[ok] request s332 turn1 ttft=41679.727ms hit=0.0 e2e=80392.678ms
[ok] openhands s242 turn26 ttft=28110.491ms hit=0.054267 e2e=38053.043ms
[ok] openhands s60 turn2 ttft=32580.575ms hit=0.095103 e2e=38086.189ms
[ok] openhands s361 turn8 ttft=24913.865ms hit=0.11297 e2e=38320.596ms
[ok] openhands s63 turn5 ttft=23849.748ms hit=0.123775 e2e=38594.518ms
[ok] openhands s1 turn7 ttft=32788.322ms hit=0.213301 e2e=38114.033ms
[ok] openhands s303 turn11 ttft=34211.653ms hit=0.117948 e2e=51968.606ms
[ok] openhands s183 turn3 ttft=33577.017ms hit=0.10919 e2e=38121.507ms
[ok] openhands s418 turn48 ttft=31291.396ms hit=0.058317 e2e=38089.49ms
[ok] openhands s62 turn4 ttft=25668.894ms hit=0.143886 e2e=42770.401ms
[ok] openhands s300 turn4 ttft=24429.385ms hit=0.141465 e2e=38511.423ms
[ok] openhands s301 turn5 ttft=26023.341ms hit=0.111768 e2e=38102.358ms
[ok] openhands s0 turn2 ttft=25039.112ms hit=0.411035 e2e=38125.554ms
[ok] openhands s180 turn5 ttft=23149.015ms hit=0.082702 e2e=38900.896ms
[ok] openhands s359 turn5 ttft=29502.172ms hit=0.077079 e2e=38072.644ms
[ok] openhands s419 turn7 ttft=35323.211ms hit=0.0 e2e=54079.088ms
[ok] openhands s360 turn3 ttft=34774.76ms hit=0.0 e2e=39259.493ms
[ok] openhands s120 turn21 ttft=37439.908ms hit=0.0 e2e=53492.329ms
[ok] request s317 turn5 ttft=37008.865ms hit=0.0 e2e=53061.065ms
[ok] request s529 turn2 ttft=37102.995ms hit=0.0 e2e=53156.616ms
[ok] request s441 turn4 ttft=37204.466ms hit=0.0 e2e=53176.186ms
[ok] request s461 turn2 ttft=37202.834ms hit=0.0 e2e=53177.575ms
[ok] request s373 turn2 ttft=37201.571ms hit=0.0 e2e=53176.048ms
[ok] request s148 turn3 ttft=28969.74ms hit=0.0 e2e=41072.463ms
[ok] request s293 turn2 ttft=35391.0ms hit=0.0 e2e=36148.551ms
[ok] openhands s475 turn3 ttft=35635.979ms hit=0.448622 e2e=36394.229ms
[ok] openhands s123 turn31 ttft=28807.681ms hit=0.05564 e2e=36621.869ms
[ok] request s525 turn2 ttft=28975.052ms hit=0.0 e2e=41399.129ms
[ok] openhands s122 turn3 ttft=26720.947ms hit=0.05109 e2e=36640.515ms
[ok] openhands s3 turn4 ttft=29797.982ms hit=0.091446 e2e=36600.014ms
[ok] openhands s121 turn14 ttft=35824.175ms hit=0.074957 e2e=36588.445ms
[ok] request s118 turn2 ttft=35370.716ms hit=0.0 e2e=36135.889ms
[ok] request s486 turn2 ttft=35438.778ms hit=0.0 e2e=36060.057ms
[ok] openhands s2 turn11 ttft=34217.047ms hit=0.029995 e2e=36611.387ms
[ok] request s165 turn3 ttft=28973.969ms hit=0.0 e2e=41400.089ms
[ok] request s204 turn2 ttft=28979.334ms hit=0.0 e2e=41405.327ms
[ok] request s65 turn6 ttft=35366.664ms hit=0.0 e2e=36132.785ms
[ok] request s184 turn4 ttft=28969.514ms hit=0.0 e2e=41395.867ms
[ok] openhands s182 turn36 ttft=29259.16ms hit=0.052651 e2e=41988.987ms
[ok] openhands s241 turn7 ttft=38391.473ms hit=0.0 e2e=53240.273ms
[ok] request s168 turn3 ttft=35548.464ms hit=0.0 e2e=36058.914ms
[ok] request s524 turn3 ttft=35434.44ms hit=0.0 e2e=36062.056ms
[ok] request s338 turn3 ttft=35561.827ms hit=0.0 e2e=36064.694ms
[ok] request s71 turn2 ttft=35699.477ms hit=0.0 e2e=50806.821ms
[ok] request s463 turn2 ttft=35697.254ms hit=0.0 e2e=50805.556ms
[ok] request s520 turn3 ttft=24238.921ms hit=0.0 e2e=35993.157ms
[ok] request s497 turn3 ttft=40554.361ms hit=0.0 e2e=58070.958ms
[ok] request s408 turn3 ttft=40564.9ms hit=0.0 e2e=58364.111ms
[ok] openhands s1 turn8 ttft=28311.016ms hit=0.188323 e2e=38934.866ms
[ok] openhands s300 turn5 ttft=30512.189ms hit=0.125189 e2e=38962.237ms
[ok] request s512 turn3 ttft=39621.923ms hit=0.0 e2e=58368.68ms
[ok] openhands s181 turn41 ttft=40212.385ms hit=0.0 e2e=58963.606ms
[ok] openhands s0 turn3 ttft=27679.662ms hit=0.1331 e2e=38963.424ms
[ok] openhands s62 turn5 ttft=29040.471ms hit=0.141928 e2e=39007.035ms
[ok] request s153 turn3 ttft=39615.725ms hit=0.0 e2e=58369.868ms
[ok] openhands s361 turn9 ttft=29997.916ms hit=0.096432 e2e=38958.044ms
[ok] openhands s60 turn3 ttft=27012.945ms hit=0.094376 e2e=38962.096ms
[ok] openhands s359 turn6 ttft=24996.705ms hit=0.076728 e2e=38975.448ms
[ok] openhands s242 turn27 ttft=23678.505ms hit=0.0 e2e=39029.695ms
[ok] request s502 turn3 ttft=39613.842ms hit=0.0 e2e=58368.653ms
[ok] openhands s301 turn6 ttft=26035.279ms hit=0.1081 e2e=39004.091ms
[ok] request s505 turn3 ttft=40551.231ms hit=0.0 e2e=58362.403ms
[ok] request s209 turn4 ttft=40247.234ms hit=0.0 e2e=58367.515ms
[ok] openhands s183 turn4 ttft=31780.081ms hit=0.088956 e2e=39734.526ms
[ok] openhands s63 turn6 ttft=32712.116ms hit=0.0 e2e=55768.73ms
[ok] openhands s180 turn6 ttft=34428.848ms hit=0.0 e2e=58052.573ms
[ok] openhands s418 turn49 ttft=36759.475ms hit=0.0 e2e=58105.389ms
[ok] openhands s419 turn8 ttft=38374.944ms hit=0.0 e2e=58148.939ms
[ok] request s332 turn2 ttft=38164.163ms hit=0.0 e2e=57826.321ms
[ok] request s524 turn4 ttft=33673.428ms hit=0.0 e2e=45700.828ms
[ok] request s165 turn4 ttft=33682.162ms hit=0.0 e2e=45713.592ms
[ok] openhands s475 turn4 ttft=33789.6ms hit=0.0 e2e=46118.721ms
[ok] request s293 turn3 ttft=33396.283ms hit=0.0 e2e=45726.242ms
[ok] openhands s123 turn32 ttft=30175.841ms hit=0.055148 e2e=46312.204ms
[ok] request s118 turn3 ttft=33686.522ms hit=0.0 e2e=45718.309ms
[ok] openhands s120 turn22 ttft=28410.938ms hit=0.05011 e2e=46659.958ms
[ok] openhands s360 turn4 ttft=39752.075ms hit=0.0 e2e=61157.844ms
[ok] request s184 turn5 ttft=33987.146ms hit=0.0 e2e=45712.303ms
[ok] request s204 turn3 ttft=33992.329ms hit=0.0 e2e=45717.248ms
[ok] request s525 turn3 ttft=33391.007ms hit=0.0 e2e=45725.527ms
[ok] request s65 turn7 ttft=33991.035ms hit=0.0 e2e=45716.074ms
[ok] openhands s303 turn12 ttft=39926.685ms hit=0.112884 e2e=60334.7ms
[ok] request s529 turn3 ttft=33563.801ms hit=0.0 e2e=46199.966ms
[ok] openhands s122 turn4 ttft=33664.427ms hit=0.05049 e2e=46300.267ms
[ok] openhands s3 turn5 ttft=31500.588ms hit=0.082327 e2e=46278.361ms
[ok] request s486 turn3 ttft=34317.85ms hit=0.0 e2e=45726.483ms
[ok] openhands s2 turn12 ttft=39634.515ms hit=0.029896 e2e=46291.689ms
[ok] openhands s241 turn8 ttft=35466.881ms hit=0.122275 e2e=46258.531ms
[ok] request s338 turn4 ttft=33981.451ms hit=0.0 e2e=45713.765ms
[ok] openhands s182 turn37 ttft=42035.603ms hit=0.0 e2e=47158.464ms
[ok] request s463 turn3 ttft=28524.074ms hit=0.0 e2e=47242.829ms
[ok] openhands s121 turn15 ttft=43827.604ms hit=0.0 e2e=62547.343ms
[ok] openhands s0 turn4 ttft=21846.265ms hit=0.0 e2e=39576.166ms
[ok] openhands s301 turn7 ttft=22962.175ms hit=0.0 e2e=39649.624ms
[ok] openhands s359 turn7 ttft=29341.381ms hit=0.066027 e2e=41534.641ms
[ok] request s497 turn4 ttft=32063.343ms hit=0.0 e2e=41250.295ms
[ok] request s209 turn5 ttft=32423.582ms hit=0.0 e2e=40956.978ms
[ok] openhands s361 turn10 ttft=31380.387ms hit=0.081922 e2e=41529.883ms
[ok] openhands s1 turn9 ttft=29972.224ms hit=0.1838 e2e=41512.777ms
[ok] openhands s62 turn6 ttft=27644.115ms hit=0.139172 e2e=41560.082ms
[ok] openhands s300 turn6 ttft=32313.741ms hit=0.104358 e2e=41506.412ms
[ok] openhands s183 turn5 ttft=33970.675ms hit=0.073938 e2e=40844.699ms
[ok] openhands s63 turn7 ttft=22582.184ms hit=0.0 e2e=24628.921ms
[ok] openhands s242 turn28 ttft=26951.468ms hit=0.053544 e2e=41528.108ms
[ok] openhands s60 turn4 ttft=24781.962ms hit=0.0 e2e=41546.726ms
[ok] openhands s181 turn42 ttft=36595.867ms hit=0.033141 e2e=39698.912ms
[ok] request s153 turn4 ttft=31772.875ms hit=0.0 e2e=40966.083ms
[ok] openhands s180 turn7 ttft=22196.208ms hit=0.0 e2e=41982.958ms
[ok] request s525 turn4 ttft=37118.218ms hit=0.0 e2e=37484.522ms
[ok] request s118 turn4 ttft=37041.21ms hit=0.0 e2e=37493.578ms
[ok] openhands s418 turn50 ttft=24682.839ms hit=0.0 e2e=42239.5ms
[ok] openhands s419 turn9 ttft=26011.708ms hit=0.068932 e2e=41843.029ms
[ok] openhands s123 turn33 ttft=24686.929ms hit=0.054671 e2e=38086.203ms
[ok] request s332 turn3 ttft=25917.063ms hit=0.0 e2e=41433.15ms
[ok] openhands s241 turn9 ttft=25627.141ms hit=0.119403 e2e=38037.865ms
[ok] openhands s122 turn5 ttft=29159.981ms hit=0.050163 e2e=38066.769ms
[ok] openhands s120 turn23 ttft=31565.142ms hit=0.049788 e2e=37973.894ms
[ok] request s165 turn5 ttft=36805.227ms hit=0.0 e2e=37502.541ms
[ok] request s184 turn6 ttft=37039.493ms hit=0.0 e2e=37497.715ms
[ok] request s486 turn4 ttft=37032.824ms hit=0.0 e2e=37490.809ms
[ok] openhands s3 turn6 ttft=26690.742ms hit=0.081894 e2e=38073.676ms
[ok] openhands s360 turn5 ttft=37305.121ms hit=0.073111 e2e=38004.235ms
[ok] openhands s2 turn13 ttft=36011.862ms hit=0.029841 e2e=38051.821ms
[ok] openhands s475 turn5 ttft=24649.379ms hit=0.404307 e2e=38055.343ms
[ok] request s338 turn5 ttft=37113.047ms hit=0.0 e2e=37491.361ms
[ok] request s204 turn4 ttft=37120.837ms hit=0.0 e2e=37498.364ms
[ok] openhands s121 turn16 ttft=27938.489ms hit=0.624202 e2e=38597.647ms
[ok] openhands s303 turn13 ttft=38901.906ms hit=0.107736 e2e=52286.561ms
[ok] openhands s242 turn29 ttft=34798.914ms hit=0.05322 e2e=36848.768ms
[ok] openhands s361 turn11 ttft=31032.618ms hit=0.077327 e2e=36834.26ms
[ok] openhands s1 turn10 ttft=35291.148ms hit=0.170429 e2e=36803.574ms
[ok] openhands s182 turn38 ttft=39838.434ms hit=0.0 e2e=54225.229ms
[ok] openhands s301 turn8 ttft=27437.903ms hit=0.104196 e2e=38781.239ms
[ok] openhands s0 turn5 ttft=26464.082ms hit=0.129323 e2e=38863.538ms
[ok] request s463 turn4 ttft=27609.245ms hit=0.0 e2e=38274.552ms
[ok] openhands s183 turn6 ttft=29359.465ms hit=0.067081 e2e=36870.128ms
[ok] openhands s359 turn8 ttft=27963.48ms hit=0.064013 e2e=36877.596ms
[ok] openhands s300 turn7 ttft=32674.572ms hit=0.090579 e2e=36797.067ms
[ok] openhands s63 turn8 ttft=36524.432ms hit=0.0 e2e=36862.08ms
[ok] openhands s62 turn7 ttft=31668.182ms hit=0.135346 e2e=36819.996ms
[ok] request s497 turn5 ttft=41941.673ms hit=0.0 e2e=59549.686ms
[ok] request s184 turn7 ttft=39346.886ms hit=0.0 e2e=39721.378ms
[ok] openhands s475 turn6 ttft=39221.776ms hit=0.356591 e2e=39858.656ms
[ok] openhands s360 turn6 ttft=32384.929ms hit=0.072135 e2e=40236.894ms
[ok] openhands s123 turn34 ttft=26225.985ms hit=0.054351 e2e=40319.047ms
[ok] openhands s180 turn8 ttft=24391.276ms hit=0.066335 e2e=40599.717ms
[ok] openhands s241 turn10 ttft=29655.326ms hit=0.115694 e2e=40275.965ms
[ok] openhands s181 turn43 ttft=41145.762ms hit=0.0 e2e=60103.373ms
[ok] request s165 turn6 ttft=39183.956ms hit=0.0 e2e=39827.827ms
[ok] request s118 turn5 ttft=39353.256ms hit=0.0 e2e=39733.964ms
[ok] request s525 turn5 ttft=39093.847ms hit=0.0 e2e=39737.057ms
[ok] openhands s3 turn7 ttft=31054.148ms hit=0.076953 e2e=40293.836ms
[ok] openhands s120 turn24 ttft=34806.646ms hit=0.049584 e2e=40173.857ms
[ok] openhands s60 turn5 ttft=42189.482ms hit=0.092974 e2e=60131.128ms
[ok] openhands s2 turn14 ttft=39410.575ms hit=0.029798 e2e=40288.007ms
[ok] openhands s122 turn6 ttft=28699.079ms hit=0.049818 e2e=40308.041ms
[ok] request s204 turn5 ttft=39351.062ms hit=0.0 e2e=39727.21ms
[ok] openhands s361 turn12 ttft=32139.567ms hit=0.072867 e2e=48719.05ms
[ok] openhands s419 turn10 ttft=39769.563ms hit=0.0 e2e=63015.422ms
[ok] openhands s0 turn6 ttft=34900.485ms hit=0.127617 e2e=48759.666ms
[ok] openhands s182 turn39 ttft=38459.045ms hit=0.044621 e2e=48753.043ms
[ok] openhands s1 turn11 ttft=41113.651ms hit=0.159123 e2e=48649.786ms
[ok] openhands s123 turn35 ttft=21604.526ms hit=0.0 e2e=25498.1ms
[ok] openhands s359 turn9 ttft=30745.105ms hit=0.062838 e2e=48719.108ms
[ok] openhands s300 turn8 ttft=42327.393ms hit=0.068024 e2e=48201.419ms
[ok] openhands s183 turn7 ttft=33880.622ms hit=0.064162 e2e=48736.757ms
[ok] openhands s301 turn9 ttft=27696.062ms hit=0.101944 e2e=48763.494ms
[ok] openhands s303 turn14 ttft=26673.793ms hit=0.106646 e2e=48775.674ms
[ok] openhands s242 turn30 ttft=40525.874ms hit=0.053009 e2e=48696.77ms
[ok] openhands s62 turn8 ttft=28960.09ms hit=0.132699 e2e=48675.343ms
[ok] openhands s121 turn17 ttft=28345.439ms hit=0.618724 e2e=48713.649ms
[ok] openhands s63 turn9 ttft=35828.94ms hit=0.109029 e2e=48683.267ms
[ok] request s463 turn5 ttft=42302.52ms hit=0.0 e2e=48178.226ms
[ok] openhands s3 turn8 ttft=23141.008ms hit=0.0 e2e=26887.533ms
[ok] openhands s180 turn9 ttft=25129.119ms hit=0.0 e2e=44757.37ms
[ok] request s118 turn6 ttft=42557.01ms hit=0.0 e2e=47859.989ms
[ok] request s165 turn7 ttft=42559.421ms hit=0.0 e2e=48060.752ms
[ok] request s204 turn6 ttft=42837.075ms hit=0.0 e2e=48054.437ms
[ok] request s497 turn6 ttft=42259.133ms hit=0.0 e2e=48069.816ms
[ok] openhands s360 turn7 ttft=29335.343ms hit=0.071324 e2e=48582.558ms
[ok] openhands s475 turn7 ttft=29664.005ms hit=0.295271 e2e=48597.671ms
[ok] openhands s2 turn15 ttft=40294.049ms hit=0.029685 e2e=48577.138ms
[ok] openhands s120 turn25 ttft=42664.079ms hit=0.049266 e2e=48479.19ms
[ok] openhands s361 turn13 ttft=19261.008ms hit=0.0 e2e=23163.205ms
[ok] openhands s122 turn7 ttft=32154.628ms hit=0.049501 e2e=48611.962ms
[ok] openhands s60 turn6 ttft=27069.089ms hit=0.0 e2e=48635.741ms
[ok] openhands s241 turn11 ttft=28010.81ms hit=0.113493 e2e=48641.401ms
[ok] request s525 turn6 ttft=42553.401ms hit=0.0 e2e=48063.581ms
[ok] openhands s181 turn44 ttft=36127.48ms hit=0.032729 e2e=48630.695ms
[ok] openhands s242 turn31 ttft=21776.151ms hit=0.0 e2e=40942.37ms
[ok] openhands s62 turn9 ttft=22727.349ms hit=0.0 e2e=41038.452ms
[ok] openhands s183 turn8 ttft=31333.366ms hit=0.059443 e2e=46826.419ms
[ok] openhands s419 turn11 ttft=33761.461ms hit=0.066654 e2e=46857.341ms
[ok] openhands s301 turn10 ttft=35403.753ms hit=0.100288 e2e=46837.991ms
[ok] openhands s182 turn40 ttft=38238.493ms hit=0.044085 e2e=46777.042ms
[ok] openhands s63 turn10 ttft=40168.249ms hit=0.104836 e2e=46751.124ms
[ok] openhands s359 turn10 ttft=29280.715ms hit=0.059643 e2e=46849.973ms
[ok] openhands s121 turn18 ttft=40791.553ms hit=0.626845 e2e=46684.678ms
[ok] openhands s303 turn15 ttft=32270.217ms hit=0.103048 e2e=46760.485ms
[ok] openhands s0 turn7 ttft=39247.809ms hit=0.092677 e2e=46788.18ms
[ok] openhands s123 turn36 ttft=27471.063ms hit=0.053696 e2e=46807.561ms
[ok] openhands s300 turn9 ttft=25313.307ms hit=0.0 e2e=46784.936ms
[ok] openhands s1 turn12 ttft=34291.159ms hit=0.156297 e2e=46739.322ms
[ok] openhands s3 turn9 ttft=41211.914ms hit=0.0 e2e=67474.101ms
[ok] openhands s180 turn10 ttft=25400.038ms hit=0.0 e2e=50688.532ms
[ok] openhands s60 turn7 ttft=23406.127ms hit=0.0 e2e=46975.307ms
[ok] request s525 turn7 ttft=40006.178ms hit=0.0 e2e=52464.647ms
[ok] openhands s120 turn26 ttft=29387.559ms hit=0.049139 e2e=53046.238ms
[ok] openhands s241 turn12 ttft=26518.384ms hit=0.111937 e2e=52989.397ms
[ok] openhands s122 turn8 ttft=31562.941ms hit=0.049164 e2e=53064.749ms
[ok] request s497 turn7 ttft=39695.719ms hit=0.0 e2e=52477.569ms
[ok] openhands s2 turn16 ttft=40221.969ms hit=0.028969 e2e=53004.662ms
[ok] openhands s62 turn10 ttft=25691.468ms hit=0.128796 e2e=35028.044ms
[ok] openhands s360 turn8 ttft=25545.899ms hit=0.0 e2e=53020.573ms
[ok] openhands s475 turn8 ttft=26851.549ms hit=0.285888 e2e=53010.458ms
[ok] openhands s242 turn32 ttft=25255.674ms hit=0.0 e2e=35244.182ms
[ok] openhands s183 turn9 ttft=21920.56ms hit=0.0 e2e=29366.129ms
[ok] openhands s181 turn45 ttft=35654.971ms hit=0.032601 e2e=53039.531ms
[ok] openhands s303 turn16 ttft=23058.003ms hit=0.0 e2e=30370.772ms
[ok] openhands s63 turn11 ttft=24316.387ms hit=0.0 e2e=49364.957ms
[ok] openhands s359 turn11 ttft=26913.179ms hit=0.0 e2e=49580.233ms
[ok] openhands s419 turn12 ttft=29003.028ms hit=0.0 e2e=51938.442ms
[ok] openhands s1 turn13 ttft=30481.316ms hit=0.0 e2e=52249.267ms
[ok] openhands s300 turn10 ttft=34273.132ms hit=0.066109 e2e=52257.028ms
[ok] openhands s301 turn11 ttft=32569.596ms hit=0.097541 e2e=52276.482ms
[ok] openhands s121 turn19 ttft=37895.169ms hit=0.638987 e2e=52166.309ms
[ok] openhands s60 turn8 ttft=19963.598ms hit=0.066479 e2e=29000.862ms
[ok] openhands s3 turn10 ttft=17618.647ms hit=0.063399 e2e=30147.71ms
[ok] openhands s183 turn10 ttft=18274.183ms hit=0.053559 e2e=22911.61ms
[ok] openhands s122 turn9 ttft=16316.065ms hit=0.048802 e2e=22925.873ms
[ok] openhands s182 turn41 ttft=37272.387ms hit=0.042926 e2e=52234.825ms
[ok] openhands s0 turn8 ttft=31506.409ms hit=0.090921 e2e=52239.154ms
[ok] openhands s180 turn11 ttft=18733.464ms hit=0.058698 e2e=29166.931ms
[ok] openhands s360 turn9 ttft=20001.724ms hit=0.0 e2e=24082.553ms
[ok] openhands s120 turn27 ttft=22616.947ms hit=0.0 e2e=47680.583ms
[ok] openhands s359 turn12 ttft=16440.787ms hit=0.052039 e2e=31759.54ms
[ok] openhands s62 turn11 ttft=27498.522ms hit=0.126261 e2e=51943.867ms
[ok] openhands s241 turn13 ttft=24338.276ms hit=0.0 e2e=51937.189ms
[ok] openhands s475 turn9 ttft=27863.57ms hit=0.279781 e2e=51989.743ms
[ok] openhands s300 turn11 ttft=17241.118ms hit=0.065876 e2e=29102.77ms
[ok] openhands s63 turn12 ttft=14434.915ms hit=0.096475 e2e=31939.556ms
[ok] openhands s3 turn11 ttft=20213.861ms hit=0.056366 e2e=29006.562ms
[ok] openhands s419 turn13 ttft=15776.861ms hit=0.065825 e2e=29379.08ms
[ok] openhands s242 turn33 ttft=26537.273ms hit=0.049202 e2e=51976.052ms
[ok] openhands s0 turn9 ttft=18244.97ms hit=0.089559 e2e=29080.816ms
[ok] openhands s303 turn17 ttft=32479.882ms hit=0.097248 e2e=50992.752ms
[ok] openhands s121 turn20 ttft=22098.945ms hit=0.0 e2e=29056.506ms
[ok] openhands s2 turn17 ttft=32137.489ms hit=0.028499 e2e=51987.67ms
[ok] openhands s122 turn10 ttft=24732.19ms hit=0.0 e2e=30415.082ms
[ok] openhands s180 turn12 ttft=26856.31ms hit=0.0 e2e=47412.489ms
[ok] openhands s60 turn9 ttft=28791.359ms hit=0.0 e2e=47599.844ms
[ok] openhands s1 turn14 ttft=30346.506ms hit=0.0 e2e=49949.13ms
[ok] openhands s183 turn11 ttft=32430.819ms hit=0.052692 e2e=49973.651ms
[ok] openhands s359 turn13 ttft=13720.325ms hit=0.051302 e2e=20952.288ms
[ok] openhands s182 turn42 ttft=36345.239ms hit=0.042792 e2e=49992.252ms
[ok] openhands s120 turn28 ttft=15886.121ms hit=0.047988 e2e=25263.255ms
[ok] openhands s63 turn13 ttft=17162.564ms hit=0.092516 e2e=20859.798ms
[ok] openhands s242 turn34 ttft=16260.118ms hit=0.048906 e2e=20923.92ms
[ok] openhands s301 turn12 ttft=33518.945ms hit=0.095332 e2e=50053.225ms
[ok] openhands s360 turn10 ttft=36890.018ms hit=0.068248 e2e=48819.899ms
[ok] openhands s121 turn21 ttft=18259.311ms hit=0.601418 e2e=20901.815ms
[ok] openhands s475 turn10 ttft=17465.888ms hit=0.269835 e2e=20883.517ms
[ok] openhands s303 turn18 ttft=19525.04ms hit=0.0 e2e=47205.667ms
[ok] openhands s241 turn14 ttft=20665.422ms hit=0.0 e2e=47411.274ms
[ok] openhands s300 turn12 ttft=23206.294ms hit=0.0 e2e=51068.492ms
[ok] openhands s3 turn12 ttft=32228.963ms hit=0.048253 e2e=50876.506ms
[ok] openhands s2 turn18 ttft=30192.725ms hit=0.028158 e2e=51009.879ms
[ok] openhands s419 turn14 ttft=33748.808ms hit=0.065053 e2e=50676.098ms
[ok] openhands s180 turn13 ttft=20442.297ms hit=0.058268 e2e=32757.348ms
[ok] openhands s359 turn14 ttft=21687.155ms hit=0.051066 e2e=30139.695ms
[ok] openhands s182 turn43 ttft=26240.259ms hit=0.0 e2e=30105.037ms
[ok] openhands s62 turn12 ttft=23886.067ms hit=0.124157 e2e=51088.342ms
[ok] openhands s0 turn10 ttft=25179.029ms hit=0.088794 e2e=51020.063ms
[ok] openhands s360 turn11 ttft=23369.321ms hit=0.067325 e2e=30086.776ms
[ok] openhands s60 turn10 ttft=21982.119ms hit=0.061181 e2e=32570.198ms
[ok] openhands s122 turn11 ttft=35300.197ms hit=0.048354 e2e=49739.151ms
[ok] openhands s183 turn12 ttft=28813.143ms hit=0.0 e2e=55269.156ms
[ok] openhands s63 turn14 ttft=29825.199ms hit=0.0917 e2e=55341.402ms
[ok] openhands s360 turn12 ttft=17972.603ms hit=0.066418 e2e=30592.821ms
[ok] openhands s120 turn29 ttft=36311.31ms hit=0.047887 e2e=60765.975ms
[ok] openhands s475 turn11 ttft=36356.28ms hit=0.257545 e2e=60491.875ms
[ok] openhands s3 turn13 ttft=13181.291ms hit=0.044428 e2e=30648.358ms
[ok] openhands s301 turn13 ttft=37993.862ms hit=0.993598 e2e=60346.141ms
[ok] openhands s122 turn12 ttft=21334.882ms hit=0.0 e2e=30621.243ms
[ok] openhands s241 turn15 ttft=14238.736ms hit=0.108441 e2e=34246.023ms
[ok] openhands s419 turn15 ttft=23015.141ms hit=0.0 e2e=30587.527ms
[ok] openhands s242 turn35 ttft=33745.626ms hit=0.048695 e2e=60725.642ms
[ok] openhands s300 turn13 ttft=16277.7ms hit=0.057534 e2e=30629.918ms
[ok] openhands s0 turn11 ttft=14525.957ms hit=0.086494 e2e=30641.726ms
[ok] openhands s121 turn22 ttft=38094.767ms hit=0.057057 e2e=60449.321ms
[ok] openhands s303 turn19 ttft=13468.116ms hit=0.091571 e2e=34485.219ms
[ok] openhands s1 turn15 ttft=31441.381ms hit=0.0 e2e=60695.724ms
[ok] openhands s62 turn13 ttft=18878.849ms hit=0.12129 e2e=30564.368ms
[ok] openhands s60 turn11 ttft=25180.022ms hit=0.0 e2e=32159.486ms
[ok] openhands s180 turn14 ttft=27785.855ms hit=0.0 e2e=55790.873ms
[ok] openhands s182 turn44 ttft=30222.355ms hit=0.042005 e2e=55741.084ms
[ok] openhands s300 turn14 ttft=20913.776ms hit=0.057238 e2e=30956.042ms
[ok] openhands s120 turn30 ttft=11973.74ms hit=0.047704 e2e=31010.244ms
[ok] openhands s62 turn14 ttft=18765.591ms hit=0.119226 e2e=30873.1ms
[ok] openhands s475 turn12 ttft=13578.613ms hit=0.223528 e2e=30864.625ms
[ok] openhands s360 turn13 ttft=15470.886ms hit=0.066078 e2e=30912.999ms
[ok] openhands s359 turn15 ttft=37148.857ms hit=0.050434 e2e=60838.542ms
[ok] openhands s0 turn12 ttft=13277.748ms hit=0.085458 e2e=30954.274ms
[ok] openhands s242 turn36 ttft=17887.228ms hit=0.04835 e2e=30949.203ms
[ok] openhands s183 turn13 ttft=15106.937ms hit=0.051748 e2e=36358.912ms
[ok] openhands s2 turn19 ttft=35718.985ms hit=0.0 e2e=61588.851ms
[ok] openhands s301 turn14 ttft=21785.32ms hit=0.0 e2e=30989.615ms
[ok] openhands s3 turn14 ttft=24988.322ms hit=0.0 e2e=31957.113ms
[ok] openhands s122 turn13 ttft=28487.415ms hit=0.04711 e2e=47260.021ms
[ok] openhands s1 turn16 ttft=25999.952ms hit=0.0 e2e=47174.945ms
[ok] openhands s303 turn20 ttft=29769.45ms hit=0.0 e2e=49763.332ms
[ok] openhands s121 turn23 ttft=30640.84ms hit=0.640452 e2e=54998.226ms
[ok] openhands s60 turn12 ttft=34517.562ms hit=0.057256 e2e=58937.858ms
[ok] openhands s182 turn45 ttft=15851.444ms hit=0.041664 e2e=35264.455ms
[ok] openhands s0 turn13 ttft=11383.625ms hit=0.085047 e2e=29450.777ms
[ok] openhands s241 turn16 ttft=34141.398ms hit=0.107015 e2e=60335.805ms
[ok] openhands s475 turn13 ttft=13811.046ms hit=0.220448 e2e=29436.849ms
[ok] openhands s180 turn15 ttft=12970.157ms hit=0.055101 e2e=35281.632ms
[ok] openhands s300 turn15 ttft=13496.503ms hit=0.055608 e2e=29445.782ms
[ok] openhands s419 turn16 ttft=33105.875ms hit=0.0 e2e=60315.944ms
[ok] openhands s360 turn14 ttft=15449.341ms hit=0.065626 e2e=29401.906ms
[ok] openhands s62 turn15 ttft=16038.481ms hit=0.11826 e2e=29390.329ms
[ok] openhands s242 turn37 ttft=18663.76ms hit=0.0 e2e=30145.827ms
[ok] openhands s2 turn20 ttft=24013.105ms hit=0.0 e2e=48868.081ms
[ok] openhands s183 turn14 ttft=26423.017ms hit=0.0 e2e=51964.722ms
[ok] openhands s359 turn16 ttft=28842.408ms hit=0.0 e2e=54404.665ms
[ok] openhands s241 turn17 ttft=19361.484ms hit=0.103037 e2e=30987.49ms
[ok] openhands s303 turn21 ttft=18560.019ms hit=0.090147 e2e=41648.723ms
[ok] openhands s121 turn24 ttft=15475.396ms hit=0.054798 e2e=36444.937ms
[ok] openhands s122 turn14 ttft=19134.496ms hit=0.046472 e2e=44239.676ms
[ok] openhands s60 turn13 ttft=12199.63ms hit=0.055819 e2e=31072.316ms
[ok] openhands s1 turn17 ttft=20120.964ms hit=0.107839 e2e=44228.082ms
[ok] openhands s3 turn15 ttft=31892.972ms hit=0.0 e2e=59535.051ms
[ok] openhands s360 turn15 ttft=16037.98ms hit=0.065294 e2e=31048.83ms
[ok] openhands s300 turn16 ttft=14374.694ms hit=0.055342 e2e=31065.826ms
[ok] openhands s419 turn17 ttft=17776.347ms hit=0.063775 e2e=31035.89ms
[ok] openhands s62 turn16 ttft=18785.151ms hit=0.116929 e2e=31058.018ms
[ok] openhands s182 turn46 ttft=22414.187ms hit=0.0412 e2e=50922.749ms
[ok] openhands s242 turn38 ttft=24559.273ms hit=0.0 e2e=50462.032ms
[ok] openhands s2 turn21 ttft=11323.595ms hit=0.0 e2e=37249.561ms
[ok] openhands s3 turn16 ttft=19866.213ms hit=0.0 e2e=28803.433ms
[ok] openhands s183 turn15 ttft=11009.471ms hit=0.0 e2e=37201.013ms
[ok] openhands s419 turn18 ttft=15522.284ms hit=0.063445 e2e=28780.205ms
[ok] openhands s241 turn18 ttft=6134.28ms hit=0.102118 e2e=28840.547ms
[ok] openhands s303 turn22 ttft=16755.534ms hit=0.087215 e2e=28746.579ms
[ok] openhands s1 turn18 ttft=13825.187ms hit=0.106966 e2e=28800.627ms
[ok] openhands s360 turn16 ttft=9885.059ms hit=0.06487 e2e=28736.61ms
[ok] openhands s60 turn14 ttft=8223.909ms hit=0.055477 e2e=28818.155ms
[ok] openhands s62 turn17 ttft=10605.999ms hit=0.115146 e2e=28789.977ms
[ok] openhands s121 turn25 ttft=12688.186ms hit=0.054629 e2e=28767.68ms
[ok] openhands s359 turn17 ttft=10914.549ms hit=0.049897 e2e=34634.075ms
[ok] openhands s122 turn15 ttft=22870.596ms hit=0.0 e2e=47837.171ms
[ok] openhands s182 turn47 ttft=5700.109ms hit=0.040885 e2e=27923.256ms
[ok] openhands s242 turn39 ttft=8438.986ms hit=0.0 e2e=29661.489ms
[ok] openhands s360 turn17 ttft=13967.685ms hit=0.064463 e2e=21287.088ms
[ok] openhands s241 turn19 ttft=18901.4ms hit=0.101477 e2e=21278.809ms
[ok] openhands s3 turn17 ttft=5279.938ms hit=0.983872 e2e=21365.605ms
[ok] openhands s2 turn22 ttft=8411.798ms hit=0.0 e2e=24496.975ms
[ok] openhands s60 turn15 ttft=18270.217ms hit=0.054432 e2e=21345.735ms
[ok] openhands s359 turn18 ttft=8756.442ms hit=0.049674 e2e=21302.275ms
[ok] openhands s303 turn23 ttft=6644.415ms hit=0.086481 e2e=21356.766ms
[ok] openhands s183 turn16 ttft=11253.015ms hit=0.049647 e2e=21317.637ms
[ok] openhands s62 turn18 ttft=12206.563ms hit=0.109798 e2e=21272.7ms
[ok] openhands s121 turn26 ttft=16129.55ms hit=0.054413 e2e=21338.533ms
[ok] openhands s182 turn48 ttft=1915.359ms hit=0.993909 e2e=2441.978ms
[ok] openhands s419 turn19 ttft=20001.86ms hit=0.060996 e2e=20527.285ms
[ok] openhands s242 turn40 ttft=322.848ms hit=0.989827 e2e=1833.559ms
[ok] openhands s3 turn18 ttft=10919.989ms hit=0.99218 e2e=11085.961ms
[ok] openhands s2 turn23 ttft=8388.983ms hit=0.026786 e2e=11208.498ms
[ok] openhands s359 turn19 ttft=1408.723ms hit=0.994323 e2e=11231.842ms
[ok] openhands s62 turn19 ttft=1323.382ms hit=0.948429 e2e=11175.681ms
[ok] openhands s360 turn18 ttft=3467.408ms hit=0.064084 e2e=11198.192ms
[ok] openhands s303 turn24 ttft=1398.991ms hit=0.993188 e2e=11222.168ms
[ok] openhands s241 turn20 ttft=1329.58ms hit=0.98346 e2e=11186.497ms
[ok] openhands s183 turn17 ttft=1392.622ms hit=0.917325 e2e=11250.32ms
[ok] openhands s242 turn41 ttft=9375.43ms hit=0.044456 e2e=9845.501ms
[ok] openhands s182 turn49 ttft=3435.838ms hit=0.993675 e2e=11169.335ms
[ok] openhands s60 turn16 ttft=1403.587ms hit=0.936184 e2e=11260.294ms
[ok] openhands s419 turn20 ttft=1176.744ms hit=0.978864 e2e=11034.221ms
[ok] openhands s3 turn19 ttft=1528.129ms hit=0.983359 e2e=18840.939ms
[ok] openhands s62 turn20 ttft=4979.919ms hit=0.102661 e2e=18740.494ms
[ok] openhands s303 turn25 ttft=8106.726ms hit=0.081496 e2e=18731.966ms
[ok] openhands s183 turn18 ttft=4027.667ms hit=0.0 e2e=18789.229ms
[ok] openhands s60 turn17 ttft=10306.956ms hit=0.047974 e2e=10617.896ms
[ok] openhands s360 turn19 ttft=6731.873ms hit=0.061681 e2e=18724.87ms
[ok] openhands s241 turn21 ttft=1337.525ms hit=0.979328 e2e=18797.952ms
[ok] openhands s359 turn20 ttft=1347.861ms hit=0.995899 e2e=18809.063ms
[ok] openhands s419 turn21 ttft=1315.214ms hit=0.991471 e2e=18774.917ms
[ok] openhands s242 turn42 ttft=1251.666ms hit=0.885528 e2e=18712.128ms
[ok] openhands s2 turn24 ttft=13261.865ms hit=0.026507 e2e=18758.947ms
[ok] openhands s182 turn50 ttft=16215.335ms hit=0.040026 e2e=18694.41ms
[ok] openhands s242 turn43 ttft=9040.327ms hit=0.03791 e2e=23104.13ms
[ok] openhands s182 turn51 ttft=20895.374ms hit=0.039715 e2e=22813.021ms
[ok] openhands s3 turn20 ttft=1576.463ms hit=0.848321 e2e=23170.774ms
[ok] openhands s360 turn20 ttft=5731.984ms hit=0.061308 e2e=23092.575ms
[ok] openhands s419 turn22 ttft=21586.361ms hit=0.057614 e2e=21909.323ms
[ok] openhands s241 turn22 ttft=12872.629ms hit=0.096953 e2e=23068.03ms
[ok] openhands s2 turn25 ttft=18173.126ms hit=0.025925 e2e=23124.477ms
[ok] openhands s60 turn18 ttft=1565.263ms hit=0.978943 e2e=23161.292ms
[ok] openhands s359 turn21 ttft=4032.019ms hit=0.0 e2e=23137.365ms
[ok] openhands s62 turn21 ttft=1464.747ms hit=0.958365 e2e=23059.981ms
[ok] openhands s303 turn26 ttft=1485.507ms hit=0.903742 e2e=23080.406ms
[ok] openhands s183 turn19 ttft=11618.88ms hit=0.044762 e2e=23153.53ms
[ok] openhands s3 turn21 ttft=2032.745ms hit=0.99443 e2e=7903.979ms
[ok] openhands s359 turn22 ttft=1999.678ms hit=0.994468 e2e=7887.125ms
[ok] openhands s62 turn22 ttft=1992.541ms hit=0.988795 e2e=7878.673ms
[ok] openhands s360 turn21 ttft=1909.897ms hit=0.964107 e2e=7802.254ms
[ok] openhands s419 turn23 ttft=2015.684ms hit=0.990208 e2e=7910.933ms
[ok] openhands s303 turn27 ttft=1976.376ms hit=0.990522 e2e=7871.244ms
[ok] openhands s241 turn23 ttft=1881.329ms hit=0.979846 e2e=7775.84ms
[ok] openhands s242 turn44 ttft=1929.886ms hit=0.894652 e2e=7823.399ms
[ok] openhands s2 turn26 ttft=7789.824ms hit=0.99761 e2e=9070.667ms
[ok] openhands s182 turn52 ttft=7735.045ms hit=0.039267 e2e=11965.202ms
[ok] openhands s183 turn20 ttft=4867.511ms hit=0.0 e2e=11981.922ms
[ok] openhands s360 turn22 ttft=1039.926ms hit=0.988252 e2e=9702.074ms
[ok] openhands s3 turn22 ttft=1131.374ms hit=0.955973 e2e=9656.438ms
[ok] openhands s62 turn23 ttft=1108.918ms hit=0.983029 e2e=9777.294ms
[ok] openhands s303 turn28 ttft=1072.33ms hit=0.992402 e2e=9738.053ms
[ok] openhands s419 turn24 ttft=1089.021ms hit=0.986622 e2e=9756.613ms
[ok] openhands s241 turn24 ttft=1098.408ms hit=0.981759 e2e=9766.809ms
[ok] openhands s242 turn45 ttft=1085.547ms hit=0.997199 e2e=9726.315ms
[ok] openhands s359 turn23 ttft=1024.618ms hit=0.991872 e2e=9692.212ms
[ok] openhands s60 turn19 ttft=3893.082ms hit=0.0 e2e=28176.39ms
[ok] openhands s2 turn27 ttft=8240.087ms hit=0.024911 e2e=27255.702ms
[ok] openhands s182 turn53 ttft=5414.824ms hit=0.986961 e2e=24429.443ms
[ok] openhands s3 turn23 ttft=15144.733ms hit=0.02993 e2e=19166.103ms
[ok] openhands s303 turn29 ttft=3051.416ms hit=0.992044 e2e=19214.221ms
[ok] openhands s242 turn46 ttft=17898.48ms hit=0.033706 e2e=18533.104ms
[ok] openhands s360 turn23 ttft=7241.867ms hit=0.056034 e2e=19184.153ms
[ok] openhands s419 turn25 ttft=5142.407ms hit=0.055457 e2e=19204.889ms
[ok] openhands s359 turn24 ttft=9700.549ms hit=0.048242 e2e=19158.7ms
[ok] openhands s241 turn25 ttft=10707.776ms hit=0.093233 e2e=19147.593ms
[ok] openhands s183 turn21 ttft=8687.883ms hit=0.043898 e2e=24853.906ms
[ok] openhands s60 turn20 ttft=604.704ms hit=0.993736 e2e=1632.083ms
[ok] openhands s2 turn28 ttft=1473.115ms hit=0.995977 e2e=1883.342ms
[ok] openhands s182 turn54 ttft=1455.576ms hit=0.994755 e2e=2122.22ms
[ok] openhands s241 turn26 ttft=935.448ms hit=0.9946 e2e=1603.31ms
[ok] openhands s419 turn26 ttft=1026.902ms hit=0.994136 e2e=1697.235ms
[ok] openhands s183 turn22 ttft=998.743ms hit=0.994824 e2e=1668.346ms
[ok] openhands s359 turn25 ttft=1009.051ms hit=0.996296 e2e=1680.626ms
[ok] openhands s360 turn24 ttft=961.28ms hit=0.991679 e2e=1632.459ms
[ok] openhands s3 turn24 ttft=1101.532ms hit=0.956216 e2e=1619.965ms
[ok] openhands s60 turn21 ttft=346.113ms hit=0.979551 e2e=672.461ms
[ok] openhands s242 turn47 ttft=1323.139ms hit=0.975295 e2e=1655.408ms
[ok] openhands s2 turn29 ttft=1310.292ms hit=0.996714 e2e=1515.369ms
[ok] openhands s183 turn23 ttft=1044.419ms hit=0.991988 e2e=1365.629ms
[ok] openhands s359 turn26 ttft=952.288ms hit=0.989188 e2e=1272.066ms
[ok] openhands s360 turn25 ttft=1005.199ms hit=0.948202 e2e=1326.306ms
[ok] openhands s182 turn55 ttft=1197.073ms hit=0.995891 e2e=1349.486ms
[ok] openhands s241 turn27 ttft=978.877ms hit=0.96647 e2e=1300.8ms
[ok] openhands s3 turn25 ttft=1186.395ms hit=0.98277 e2e=1368.028ms
[ok] openhands s242 turn48 ttft=528.785ms hit=0.994915 e2e=1613.528ms
[ok] openhands s183 turn24 ttft=894.705ms hit=0.995558 e2e=1410.841ms
[ok] openhands s182 turn56 ttft=1099.636ms hit=0.992464 e2e=1382.553ms
[ok] openhands s359 turn27 ttft=877.385ms hit=0.98289 e2e=1395.508ms
[ok] openhands s360 turn26 ttft=762.483ms hit=0.978778 e2e=1279.727ms
[ok] openhands s241 turn28 ttft=840.503ms hit=0.982386 e2e=1358.53ms
[ok] openhands s3 turn26 ttft=1063.346ms hit=0.994309 e2e=2036.25ms
[ok] openhands s242 turn49 ttft=424.209ms hit=0.96352 e2e=1191.768ms
[ok] openhands s183 turn25 ttft=1349.414ms hit=0.99384 e2e=1496.442ms
[ok] openhands s241 turn29 ttft=1008.008ms hit=0.939033 e2e=1585.537ms
[ok] openhands s182 turn57 ttft=685.362ms hit=0.982982 e2e=1671.749ms
[ok] openhands s360 turn27 ttft=1126.22ms hit=0.988851 e2e=1411.448ms
[ok] openhands s359 turn28 ttft=967.899ms hit=0.993499 e2e=1545.472ms
[ok] openhands s3 turn27 ttft=529.734ms hit=0.960679 e2e=1002.141ms
[ok] openhands s242 turn50 ttft=659.629ms hit=0.980215 e2e=988.63ms
[ok] openhands s183 turn26 ttft=1130.507ms hit=0.987609 e2e=1934.694ms
[ok] openhands s360 turn28 ttft=872.786ms hit=0.991436 e2e=1865.313ms
[ok] openhands s241 turn30 ttft=937.2ms hit=0.987868 e2e=1936.661ms
[ok] openhands s359 turn29 ttft=882.041ms hit=0.994643 e2e=1880.946ms
[ok] openhands s182 turn58 ttft=932.261ms hit=0.998237 e2e=1928.187ms
[ok] openhands s242 turn51 ttft=906.778ms hit=0.992966 e2e=1905.067ms
[ok] openhands s3 turn28 ttft=1630.675ms hit=0.888033 e2e=2398.389ms
[ok] openhands s183 turn27 ttft=738.771ms hit=0.995493 e2e=1119.775ms
[ok] openhands s241 turn31 ttft=531.548ms hit=0.976427 e2e=1097.782ms
[ok] openhands s359 turn30 ttft=544.291ms hit=0.992786 e2e=1113.061ms
[ok] openhands s360 turn29 ttft=502.37ms hit=0.954209 e2e=1066.458ms
[ok] openhands s242 turn52 ttft=681.722ms hit=0.976513 e2e=1088.505ms
[ok] openhands s183 turn28 ttft=765.934ms hit=0.987019 e2e=1064.514ms
[ok] openhands s359 turn31 ttft=795.684ms hit=0.993906 e2e=1063.437ms
[ok] openhands s242 turn53 ttft=616.912ms hit=0.980214 e2e=1052.509ms
[ok] openhands s360 turn30 ttft=687.86ms hit=0.99402 e2e=1004.849ms
[ok] openhands s241 turn32 ttft=455.406ms hit=0.978912 e2e=774.427ms
[ok] openhands s183 turn29 ttft=900.266ms hit=0.994838 e2e=1052.902ms
[ok] openhands s359 turn32 ttft=747.816ms hit=0.993624 e2e=1054.902ms
[ok] openhands s360 turn31 ttft=511.66ms hit=0.967839 e2e=1016.562ms
[ok] openhands s241 turn33 ttft=472.731ms hit=0.979574 e2e=977.634ms
[ok] openhands s242 turn54 ttft=665.147ms hit=0.983861 e2e=1041.249ms
[ok] openhands s183 turn30 ttft=581.083ms hit=0.990861 e2e=1260.666ms
[ok] openhands s359 turn33 ttft=511.442ms hit=0.993053 e2e=1035.229ms
[ok] openhands s360 turn32 ttft=407.045ms hit=0.993643 e2e=1053.093ms
[ok] openhands s241 turn34 ttft=483.389ms hit=0.979725 e2e=1002.536ms
[ok] openhands s242 turn55 ttft=392.695ms hit=0.997602 e2e=10489.864ms
[ok] openhands s183 turn31 ttft=3462.631ms hit=0.97554 e2e=10348.641ms
[ok] openhands s360 turn33 ttft=7316.268ms hit=0.045868 e2e=10317.915ms
[ok] openhands s241 turn35 ttft=4812.044ms hit=0.076001 e2e=10331.167ms
[ok] openhands s60 turn22 ttft=3717.738ms hit=0.0 e2e=10605.441ms
[ok] openhands s359 turn34 ttft=9342.79ms hit=0.045479 e2e=9827.689ms
[ok] openhands s242 turn56 ttft=4289.709ms hit=0.977871 e2e=4443.274ms
[ok] openhands s359 turn35 ttft=4111.413ms hit=0.944216 e2e=4453.058ms
[ok] openhands s60 turn23 ttft=682.335ms hit=0.988658 e2e=4400.119ms
[ok] openhands s183 turn32 ttft=3984.619ms hit=0.0 e2e=4440.13ms
[ok] openhands s360 turn34 ttft=1133.628ms hit=0.936667 e2e=4420.438ms
[ok] openhands s241 turn36 ttft=698.667ms hit=0.982752 e2e=4391.732ms
[ok] openhands s242 turn57 ttft=6832.244ms hit=0.996441 e2e=6986.141ms
[ok] openhands s60 turn24 ttft=610.241ms hit=0.991782 e2e=7172.809ms
[ok] openhands s360 turn35 ttft=4223.469ms hit=0.0 e2e=7145.159ms
[ok] openhands s183 turn33 ttft=1012.903ms hit=0.992361 e2e=7165.424ms
[ok] openhands s359 turn36 ttft=5815.881ms hit=0.042979 e2e=6412.911ms
[ok] openhands s241 turn37 ttft=837.66ms hit=0.786317 e2e=6989.914ms
[ok] openhands s60 turn25 ttft=3915.755ms hit=0.039573 e2e=8932.674ms
[ok] openhands s183 turn34 ttft=7157.406ms hit=0.0 e2e=8906.061ms
[ok] openhands s359 turn37 ttft=3903.736ms hit=0.993607 e2e=8921.837ms
[ok] openhands s241 turn38 ttft=8445.976ms hit=0.058669 e2e=8727.158ms
[ok] openhands s242 turn58 ttft=1044.203ms hit=0.935448 e2e=9342.47ms
[ok] openhands s359 turn38 ttft=5990.218ms hit=0.994733 e2e=6130.162ms
[ok] openhands s241 turn39 ttft=1030.974ms hit=0.829915 e2e=6149.365ms
[ok] openhands s183 turn35 ttft=692.456ms hit=0.991942 e2e=6298.227ms
[ok] openhands s242 turn59 ttft=5255.745ms hit=0.026607 e2e=5632.694ms
[ok] openhands s359 turn39 ttft=728.916ms hit=0.996018 e2e=1082.942ms
[ok] openhands s241 turn40 ttft=567.855ms hit=0.992539 e2e=977.667ms
[ok] openhands s183 turn36 ttft=888.752ms hit=0.989255 e2e=1011.298ms
[ok] openhands s242 turn60 ttft=855.793ms hit=0.953458 e2e=1337.866ms
[ok] openhands s241 turn41 ttft=615.355ms hit=0.989533 e2e=795.832ms
[ok] openhands s183 turn37 ttft=602.402ms hit=0.99414 e2e=1078.653ms
[ok] openhands s242 turn61 ttft=415.004ms hit=0.98368 e2e=6987.495ms
[ok] openhands s60 turn26 ttft=4210.944ms hit=0.037291 e2e=4556.842ms
[ok] openhands s183 turn38 ttft=3195.512ms hit=0.992712 e2e=6452.117ms
[ok] openhands s359 turn40 ttft=3576.324ms hit=0.0 e2e=6832.432ms
[ok] openhands s241 turn42 ttft=3500.226ms hit=0.994988 e2e=6755.946ms
[ok] openhands s242 turn62 ttft=810.788ms hit=0.990712 e2e=1042.735ms
[ok] openhands s60 turn27 ttft=732.851ms hit=0.968686 e2e=870.501ms
[ok] openhands s183 turn39 ttft=513.251ms hit=0.97533 e2e=886.445ms
[ok] openhands s241 turn43 ttft=572.644ms hit=0.996498 e2e=1180.842ms
[ok] openhands s60 turn28 ttft=376.457ms hit=0.978369 e2e=9996.392ms
[ok] openhands s183 turn40 ttft=832.368ms hit=0.994912 e2e=10171.564ms
[ok] openhands s241 turn44 ttft=891.576ms hit=0.858557 e2e=9771.801ms
[ok] openhands s359 turn41 ttft=4798.016ms hit=0.0 e2e=5065.817ms
[ok] openhands s242 turn63 ttft=6525.44ms hit=0.0 e2e=9640.885ms
[ok] openhands s60 turn29 ttft=981.086ms hit=0.992796 e2e=7324.925ms
[ok] openhands s241 turn45 ttft=3939.569ms hit=0.0 e2e=7221.256ms
[ok] openhands s242 turn64 ttft=762.722ms hit=0.976747 e2e=7320.07ms
[ok] openhands s359 turn42 ttft=736.562ms hit=0.996407 e2e=7272.07ms
[ok] openhands s183 turn41 ttft=7064.956ms hit=0.03681 e2e=7295.409ms
[ok] openhands s241 turn46 ttft=809.751ms hit=0.995572 e2e=4089.63ms
[ok] openhands s183 turn42 ttft=795.117ms hit=0.992042 e2e=4272.454ms
[ok] openhands s242 turn65 ttft=1062.204ms hit=0.96885 e2e=4250.191ms
[ok] openhands s359 turn43 ttft=3962.638ms hit=0.0 e2e=4220.741ms
[ok] openhands s241 turn47 ttft=651.844ms hit=0.959338 e2e=982.911ms
[ok] openhands s242 turn66 ttft=464.751ms hit=0.993825 e2e=947.736ms
[ok] openhands s183 turn43 ttft=538.721ms hit=0.977908 e2e=929.455ms
[ok] openhands s359 turn44 ttft=287.699ms hit=0.997131 e2e=943.749ms
[ok] openhands s242 turn67 ttft=802.994ms hit=0.996603 e2e=1014.131ms
[ok] openhands s241 turn48 ttft=672.343ms hit=0.996595 e2e=1182.72ms
[ok] openhands s183 turn44 ttft=954.053ms hit=0.990454 e2e=1282.832ms
[ok] openhands s359 turn45 ttft=283.294ms hit=0.995074 e2e=668.641ms
[ok] openhands s242 turn68 ttft=489.214ms hit=0.988724 e2e=1148.967ms
[ok] openhands s359 turn46 ttft=380.127ms hit=0.99124 e2e=867.783ms
[ok] openhands s241 turn49 ttft=310.9ms hit=0.996386 e2e=835.149ms
[ok] openhands s241 turn50 ttft=754.466ms hit=0.994498 e2e=758.927ms
[ok] openhands s359 turn47 ttft=541.065ms hit=0.99328 e2e=927.852ms
[ok] openhands s183 turn45 ttft=589.762ms hit=0.995119 e2e=596.705ms
[ok] openhands s242 turn69 ttft=631.234ms hit=0.997557 e2e=919.712ms
[ok] openhands s241 turn51 ttft=342.526ms hit=0.979167 e2e=1073.712ms
[ok] openhands s359 turn48 ttft=452.791ms hit=0.994494 e2e=1056.849ms
[ok] openhands s183 turn46 ttft=470.668ms hit=0.995597 e2e=1024.941ms
[ok] openhands s242 turn70 ttft=769.429ms hit=0.976795 e2e=1235.996ms
[ok] openhands s359 turn49 ttft=444.889ms hit=0.99608 e2e=788.492ms
[ok] openhands s241 turn52 ttft=339.6ms hit=0.99619 e2e=806.912ms
[ok] openhands s183 turn47 ttft=554.2ms hit=0.961499 e2e=921.137ms
[ok] openhands s241 turn53 ttft=373.06ms hit=0.996968 e2e=645.878ms
[ok] openhands s359 turn50 ttft=437.802ms hit=0.997702 e2e=718.699ms
[ok] openhands s183 turn48 ttft=685.08ms hit=0.99701 e2e=824.584ms
[ok] openhands s359 turn51 ttft=676.324ms hit=0.995675 e2e=814.185ms
[ok] openhands s241 turn54 ttft=525.39ms hit=0.998158 e2e=774.528ms
[ok] openhands s183 turn49 ttft=733.775ms hit=0.997919 e2e=872.899ms
[ok] openhands s359 turn52 ttft=514.546ms hit=0.986082 e2e=878.625ms
[ok] openhands s241 turn55 ttft=612.78ms hit=0.992819 e2e=1049.765ms
[ok] openhands s183 turn50 ttft=578.625ms hit=0.995392 e2e=834.386ms
[ok] openhands s241 turn56 ttft=542.84ms hit=0.997212 e2e=809.152ms
[ok] openhands s359 turn53 ttft=417.857ms hit=0.988052 e2e=780.422ms
[ok] openhands s183 turn51 ttft=485.29ms hit=0.987256 e2e=717.382ms
[ok] openhands s241 turn57 ttft=314.018ms hit=0.99477 e2e=797.024ms
[ok] openhands s183 turn52 ttft=370.117ms hit=0.976986 e2e=856.395ms
[ok] openhands s359 turn54 ttft=458.084ms hit=0.992542 e2e=684.913ms
[ok] openhands s241 turn58 ttft=334.793ms hit=0.995712 e2e=814.304ms
[ok] openhands s359 turn55 ttft=571.437ms hit=0.995801 e2e=882.676ms
[ok] openhands s183 turn53 ttft=547.292ms hit=0.979168 e2e=1080.145ms
[ok] openhands s241 turn59 ttft=419.024ms hit=0.953856 e2e=729.699ms
[ok] openhands s241 turn60 ttft=641.845ms hit=0.98926 e2e=892.826ms
[ok] openhands s183 turn54 ttft=669.629ms hit=0.993472 e2e=921.875ms
[ok] openhands s359 turn56 ttft=855.659ms hit=0.888811 e2e=1122.373ms
[ok] openhands s241 turn61 ttft=621.457ms hit=0.982938 e2e=741.529ms
[ok] openhands s359 turn57 ttft=501.746ms hit=0.992976 e2e=1117.124ms
[ok] openhands s241 turn62 ttft=800.09ms hit=0.996048 e2e=931.743ms
[ok] openhands s183 turn55 ttft=455.24ms hit=0.995088 e2e=848.914ms
[ok] openhands s359 turn58 ttft=364.908ms hit=0.996294 e2e=629.199ms
[ok] openhands s183 turn56 ttft=401.285ms hit=0.987392 e2e=725.267ms
[ok] openhands s359 turn59 ttft=498.557ms hit=0.995015 e2e=935.407ms
[ok] openhands s183 turn57 ttft=593.335ms hit=0.993502 e2e=729.965ms
[ok] openhands s359 turn60 ttft=321.959ms hit=0.996121 e2e=743.013ms
[ok] openhands s183 turn58 ttft=367.929ms hit=0.996318 e2e=615.599ms
[ok] openhands s183 turn59 ttft=416.92ms hit=0.972808 e2e=666.751ms
[ok] openhands s359 turn61 ttft=438.319ms hit=0.994607 e2e=682.359ms
[ok] openhands s183 turn60 ttft=378.056ms hit=0.991484 e2e=623.147ms
[ok] openhands s183 turn61 ttft=375.831ms hit=0.988407 e2e=672.709ms
[ok] openhands s359 turn62 ttft=455.231ms hit=0.98115 e2e=685.996ms
[ok] openhands s183 turn62 ttft=383.208ms hit=0.995857 e2e=682.891ms
[ok] openhands s359 turn63 ttft=597.599ms hit=0.973555 e2e=719.597ms
[ok] openhands s183 turn63 ttft=387.871ms hit=0.99478 e2e=718.114ms
[ok] openhands s359 turn64 ttft=508.843ms hit=0.994186 e2e=693.357ms
[ok] openhands s183 turn64 ttft=390.621ms hit=0.986384 e2e=637.418ms
[ok] openhands s183 turn65 ttft=487.251ms hit=0.995141 e2e=735.398ms
[ok] openhands s183 turn66 ttft=406.515ms hit=0.981102 e2e=653.444ms
[ok] openhands s183 turn67 ttft=394.477ms hit=0.996917 e2e=643.383ms
[done] issued=2000 ok=2000 err=0 wall=1130.4s
[done] /share/dai-sys/zhoulongsheng/agentkv/experiments/nn_exp/async_exp/online_runs/20260912_three_arm_v1/lru/replay/replay.jsonl
[done] /share/dai-sys/zhoulongsheng/agentkv/experiments/nn_exp/async_exp/online_runs/20260912_three_arm_v1/lru/replay/summary.json
[done] /share/dai-sys/zhoulongsheng/agentkv/experiments/nn_exp/async_exp/online_runs/20260912_three_arm_v1/lru/replay/report.md
