[warn] no manifest.json, skip hash check
[index] 533 sessions / 2000 turns from /share/dai-sys/zhoulongsheng/agentkv/experiments/nn_exp/cold_predictor_exp/workloads/agent050_decode32/workload.jsonl
[arrival] {"type": "waves", "horizon_s": 300.0, "n_waves": 9, "wave_width_s": 20.0, "wave_start_s": [0.0, 37.5, 75.0, 112.5, 150.0, 187.5, 225.0, 262.5, 280.0], "wave_class_counts": [{"openhands": 4, "request": 56}, {"openhands": 4, "request": 56}, {"openhands": 4, "request": 56}, {"openhands": 4, "request": 56}, {"openhands": 4, "request": 56}, {"openhands": 4, "request": 55}, {"openhands": 3, "request": 55}, {"openhands": 3, "request": 55}, {"openhands": 3, "request": 55}], "arrival_seed": 42, "classes": ["openhands", "request"]}
[ok] request s470 turn0 ttft=2545.886ms hit=0.0 e2e=2547.377ms
[ok] request s103 turn0 ttft=2508.549ms hit=0.0 e2e=4705.06ms
[ok] request s489 turn0 ttft=1902.33ms hit=0.0 e2e=1993.806ms
[ok] request s108 turn0 ttft=4452.169ms hit=0.0 e2e=9428.228ms
[ok] request s101 turn0 ttft=1774.982ms hit=0.0 e2e=11539.088ms
[ok] request s452 turn0 ttft=1098.342ms hit=0.0 e2e=10863.219ms
[ok] request s10 turn0 ttft=759.154ms hit=0.0 e2e=10524.783ms
[ok] request s119 turn0 ttft=3463.136ms hit=0.0 e2e=13236.127ms
[ok] request s76 turn0 ttft=2446.833ms hit=0.0 e2e=12224.199ms
[ok] request s132 turn0 ttft=420.439ms hit=0.0 e2e=10190.457ms
[ok] request s350 turn0 ttft=2786.773ms hit=0.0 e2e=12564.061ms
[ok] request s45 turn0 ttft=4453.726ms hit=0.0 e2e=14230.735ms
[ok] request s269 turn0 ttft=1438.087ms hit=0.0 e2e=11208.37ms
[ok] request s381 turn0 ttft=2116.689ms hit=0.0 e2e=11886.604ms
[ok] openhands s417 turn0 ttft=4970.936ms hit=0.0 e2e=14935.304ms
[ok] request s446 turn0 ttft=4143.953ms hit=0.0 e2e=13921.612ms
[ok] request s176 turn0 ttft=3127.581ms hit=0.0 e2e=12904.986ms
[ok] request s395 turn0 ttft=3805.592ms hit=0.0 e2e=13582.846ms
[ok] request s74 turn0 ttft=3221.262ms hit=0.0 e2e=8283.076ms
[ok] request s196 turn0 ttft=2882.647ms hit=0.0 e2e=7948.473ms
[ok] request s304 turn0 ttft=1562.798ms hit=0.0 e2e=6593.495ms
[ok] request s141 turn0 ttft=3900.023ms hit=0.0 e2e=8966.254ms
[ok] request s297 turn0 ttft=1222.859ms hit=0.0 e2e=6255.352ms
[ok] request s347 turn0 ttft=883.428ms hit=0.0 e2e=5916.88ms
[ok] openhands s182 turn0 ttft=2846.735ms hit=0.14624 e2e=9984.798ms
[ok] request s230 turn0 ttft=545.507ms hit=0.0 e2e=5578.745ms
[ok] request s172 turn0 ttft=3562.299ms hit=0.0 e2e=8630.044ms
[ok] request s518 turn0 ttft=2206.464ms hit=0.0 e2e=7278.348ms
[ok] request s315 turn0 ttft=4093.39ms hit=0.0 e2e=9313.045ms
[ok] request s125 turn0 ttft=208.092ms hit=0.0 e2e=5246.049ms
[ok] request s52 turn0 ttft=3629.567ms hit=0.0 e2e=9679.473ms
[ok] request s503 turn0 ttft=948.177ms hit=0.0 e2e=7027.581ms
[ok] request s342 turn0 ttft=4176.651ms hit=0.0 e2e=10433.627ms
[ok] openhands s476 turn0 ttft=4509.608ms hit=0.066741 e2e=10975.057ms
[ok] request s110 turn0 ttft=2304.958ms hit=0.0 e2e=8605.953ms
[ok] request s489 turn1 ttft=3951.545ms hit=0.0 e2e=10422.843ms
[ok] request s4 turn0 ttft=1288.398ms hit=0.0 e2e=7594.608ms
[ok] request s127 turn0 ttft=2645.47ms hit=0.0 e2e=8951.773ms
[ok] request s108 turn1 ttft=4468.624ms hit=0.0 e2e=10940.497ms
[ok] request s487 turn0 ttft=272.981ms hit=0.0 e2e=6579.214ms
[ok] request s35 turn0 ttft=3969.822ms hit=0.0 e2e=10308.695ms
[ok] request s103 turn1 ttft=3954.264ms hit=0.0 e2e=10426.58ms
[ok] request s33 turn0 ttft=1629.734ms hit=0.0 e2e=7935.987ms
[ok] request s73 turn0 ttft=1969.59ms hit=0.0 e2e=8275.629ms
[ok] request s481 turn0 ttft=612.819ms hit=0.0 e2e=6920.251ms
[ok] request s343 turn0 ttft=3291.369ms hit=0.0 e2e=9632.414ms
[ok] request s34 turn0 ttft=2950.811ms hit=0.0 e2e=9293.334ms
[ok] request s269 turn1 ttft=5165.031ms hit=0.0 e2e=5698.038ms
[ok] request s141 turn1 ttft=5037.096ms hit=0.0 e2e=5575.967ms
[ok] request s322 turn0 ttft=4773.887ms hit=0.0 e2e=5312.462ms
[ok] request s101 turn1 ttft=5216.781ms hit=0.829016 e2e=5755.193ms
[ok] request s381 turn1 ttft=5170.903ms hit=0.308806 e2e=5704.549ms
[ok] request s79 turn0 ttft=4436.232ms hit=0.0 e2e=4974.996ms
[ok] request s132 turn1 ttft=5171.244ms hit=0.22031 e2e=5709.429ms
[ok] openhands s182 turn1 ttft=3302.334ms hit=0.986284 e2e=6171.027ms
[ok] request s64 turn0 ttft=5116.088ms hit=0.0 e2e=5654.747ms
[ok] request s514 turn0 ttft=4100.093ms hit=0.0 e2e=4638.134ms
[ok] request s350 turn1 ttft=5172.003ms hit=0.190902 e2e=5710.026ms
[ok] openhands s417 turn1 ttft=3077.349ms hit=0.94751 e2e=6278.678ms
[ok] request s211 turn0 ttft=2950.582ms hit=0.0 e2e=6332.105ms
[ok] openhands s418 turn0 ttft=3406.305ms hit=0.155778 e2e=5996.386ms
[ok] request s119 turn1 ttft=5177.54ms hit=0.646057 e2e=5718.746ms
[ok] request s196 turn1 ttft=5424.518ms hit=0.239029 e2e=5963.877ms
[ok] request s115 turn0 ttft=2861.038ms hit=0.0 e2e=3394.697ms
[ok] request s521 turn0 ttft=2521.804ms hit=0.0 e2e=3059.463ms
[ok] request s340 turn0 ttft=1853.703ms hit=0.0 e2e=2382.754ms
[ok] request s379 turn0 ttft=3419.592ms hit=0.0 e2e=4077.638ms
[ok] request s294 turn0 ttft=1513.329ms hit=0.0 e2e=2045.182ms
[ok] request s199 turn0 ttft=1174.254ms hit=0.0 e2e=1706.189ms
[ok] request s87 turn0 ttft=836.187ms hit=0.0 e2e=1368.257ms
[ok] request s95 turn0 ttft=3084.455ms hit=0.0 e2e=3741.866ms
[ok] request s365 turn0 ttft=2183.872ms hit=0.0 e2e=2725.21ms
[ok] request s20 turn0 ttft=3762.518ms hit=0.0 e2e=4420.719ms
[ok] request s381 turn2 ttft=523.226ms hit=0.723164 e2e=789.302ms
[ok] request s489 turn2 ttft=610.02ms hit=0.0 e2e=951.015ms
[ok] openhands s476 turn1 ttft=893.621ms hit=0.797402 e2e=1499.398ms
[ok] request s33 turn1 ttft=596.623ms hit=0.0 e2e=964.218ms
[ok] request s103 turn2 ttft=599.27ms hit=0.0 e2e=966.658ms
[ok] request s343 turn1 ttft=595.035ms hit=0.0 e2e=962.382ms
[ok] request s196 turn2 ttft=806.922ms hit=0.7469 e2e=1177.567ms
[ok] request s34 turn1 ttft=596.6ms hit=0.0 e2e=967.119ms
[ok] request s110 turn1 ttft=611.814ms hit=0.0 e2e=982.325ms
[ok] openhands s418 turn1 ttft=858.469ms hit=0.9787 e2e=1473.681ms
[ok] request s73 turn1 ttft=600.39ms hit=0.0 e2e=971.784ms
[ok] request s269 turn2 ttft=523.054ms hit=0.0 e2e=894.057ms
[ok] request s487 turn1 ttft=606.769ms hit=0.0 e2e=977.88ms
[ok] openhands s182 turn2 ttft=865.377ms hit=0.953492 e2e=1482.785ms
[ok] request s141 turn2 ttft=518.906ms hit=0.25422 e2e=890.79ms
[ok] openhands s417 turn2 ttft=733.046ms hit=0.899893 e2e=1351.207ms
[ok] request s4 turn1 ttft=646.797ms hit=0.0 e2e=1021.44ms
[ok] request s342 turn1 ttft=696.535ms hit=0.0 e2e=1315.446ms
[ok] request s79 turn1 ttft=519.981ms hit=0.0 e2e=891.165ms
[ok] request s379 turn1 ttft=403.305ms hit=0.0 e2e=774.553ms
[ok] request s350 turn2 ttft=519.448ms hit=0.543294 e2e=890.82ms
[ok] request s365 turn1 ttft=401.828ms hit=0.0 e2e=772.904ms
[ok] request s199 turn1 ttft=403.857ms hit=0.0 e2e=775.126ms
[ok] request s101 turn2 ttft=518.061ms hit=0.867307 e2e=897.847ms
[ok] request s4 turn2 ttft=477.647ms hit=0.0 e2e=643.438ms
[ok] openhands s182 turn3 ttft=1174.248ms hit=0.982034 e2e=1345.572ms
[ok] openhands s476 turn2 ttft=1047.694ms hit=0.844613 e2e=1380.981ms
[ok] request s101 turn3 ttft=472.627ms hit=0.75442 e2e=789.217ms
[ok] request s196 turn3 ttft=567.838ms hit=0.719101 e2e=903.561ms
[ok] request s73 turn2 ttft=484.556ms hit=0.461261 e2e=805.448ms
[ok] request s343 turn2 ttft=490.968ms hit=0.571854 e2e=812.021ms
[ok] openhands s418 turn2 ttft=1038.792ms hit=0.914286 e2e=1379.375ms
[ok] request s487 turn2 ttft=481.697ms hit=0.292571 e2e=803.56ms
[ok] request s269 turn3 ttft=484.166ms hit=0.7793 e2e=806.197ms
[ok] openhands s417 turn3 ttft=1031.18ms hit=0.923788 e2e=1373.215ms
[ok] request s103 turn3 ttft=494.745ms hit=0.0 e2e=817.659ms
[ok] request s110 turn2 ttft=768.165ms hit=0.0 e2e=1111.031ms
[ok] request s4 turn3 ttft=2944.066ms hit=0.0 e2e=3249.435ms
[ok] openhands s418 turn3 ttft=655.651ms hit=0.904926 e2e=3704.017ms
[ok] request s487 turn3 ttft=2780.79ms hit=0.0 e2e=3109.562ms
[ok] request s343 turn3 ttft=2784.544ms hit=0.0 e2e=3112.523ms
[ok] request s101 turn4 ttft=2789.18ms hit=0.646193 e2e=3125.976ms
[ok] request s269 turn4 ttft=2774.695ms hit=0.0 e2e=3111.082ms
[ok] request s73 turn3 ttft=2783.513ms hit=0.0 e2e=3119.579ms
[ok] openhands s417 turn4 ttft=928.798ms hit=0.40466 e2e=3704.618ms
[ok] request s110 turn3 ttft=2771.846ms hit=0.0 e2e=3105.232ms
[ok] request s103 turn4 ttft=2771.701ms hit=0.0 e2e=3107.907ms
[ok] openhands s182 turn4 ttft=462.769ms hit=0.982348 e2e=3717.3ms
[ok] openhands s476 turn3 ttft=3138.069ms hit=0.882834 e2e=3474.196ms
[ok] request s196 turn4 ttft=2788.415ms hit=0.0 e2e=3125.493ms
[ok] openhands s182 turn5 ttft=350.711ms hit=0.979361 e2e=3522.005ms
[ok] openhands s417 turn5 ttft=355.167ms hit=0.950121 e2e=3528.918ms
[ok] openhands s418 turn4 ttft=352.173ms hit=0.983547 e2e=3536.294ms
[ok] request s110 turn4 ttft=360.013ms hit=0.0 e2e=3483.081ms
[ok] openhands s476 turn4 ttft=2781.716ms hit=0.894523 e2e=3346.615ms
[ok] request s343 turn4 ttft=2772.534ms hit=0.892375 e2e=3370.593ms
[ok] request s73 turn4 ttft=2766.69ms hit=0.540084 e2e=3363.786ms
[ok] request s103 turn5 ttft=2765.615ms hit=0.70137 e2e=3362.009ms
[ok] request s269 turn5 ttft=2770.775ms hit=0.691892 e2e=3366.489ms
[ok] request s101 turn5 ttft=2773.883ms hit=0.852702 e2e=3368.952ms
[ok] request s487 turn4 ttft=2463.662ms hit=0.608799 e2e=3373.799ms
[ok] openhands s417 turn6 ttft=353.826ms hit=0.933023 e2e=610.246ms
[ok] openhands s182 turn6 ttft=265.034ms hit=0.973745 e2e=521.78ms
[ok] openhands s418 turn5 ttft=358.906ms hit=0.986866 e2e=620.747ms
[ok] request s343 turn5 ttft=1798.855ms hit=0.788906 e2e=2074.141ms
[ok] openhands s418 turn6 ttft=2198.982ms hit=0.990131 e2e=2477.558ms
[ok] request s269 turn6 ttft=1794.281ms hit=0.846281 e2e=2071.987ms
[ok] openhands s182 turn7 ttft=2150.995ms hit=0.976123 e2e=2428.358ms
[ok] openhands s417 turn7 ttft=2198.359ms hit=0.946851 e2e=2482.971ms
[ok] openhands s476 turn5 ttft=2251.406ms hit=0.996857 e2e=2667.317ms
[ok] request s103 turn6 ttft=1797.858ms hit=0.664245 e2e=2075.357ms
[ok] request s110 turn5 ttft=1823.427ms hit=0.0 e2e=2100.633ms
[ok] openhands s418 turn7 ttft=2483.769ms hit=0.9808 e2e=6234.633ms
[ok] openhands s476 turn6 ttft=2909.914ms hit=0.880625 e2e=6232.522ms
[ok] openhands s417 turn8 ttft=2250.696ms hit=0.984468 e2e=6246.618ms
[ok] openhands s182 turn8 ttft=2769.824ms hit=0.948148 e2e=6192.804ms
[ok] request s269 turn7 ttft=2335.519ms hit=0.775758 e2e=5658.109ms
[ok] request s12 turn0 ttft=1599.25ms hit=0.0 e2e=5063.866ms
[ok] request s253 turn0 ttft=1936.767ms hit=0.0 e2e=5404.004ms
[ok] openhands s61 turn0 ttft=787.688ms hit=0.163749 e2e=6426.154ms
[ok] request s42 turn0 ttft=1259.144ms hit=0.0 e2e=4730.882ms
[ok] request s277 turn0 ttft=2149.246ms hit=0.0 e2e=5747.737ms
[ok] request s406 turn0 ttft=920.758ms hit=0.0 e2e=4392.398ms
[ok] request s513 turn0 ttft=273.391ms hit=0.0 e2e=3715.213ms
[ok] request s378 turn0 ttft=2369.47ms hit=0.0 e2e=6088.066ms
[ok] request s484 turn0 ttft=583.093ms hit=0.0 e2e=4054.323ms
[ok] request s49 turn0 ttft=132.677ms hit=0.0 e2e=3456.644ms
[ok] request s82 turn0 ttft=2608.137ms hit=0.0 e2e=3366.658ms
[ok] request s326 turn0 ttft=291.61ms hit=0.0 e2e=1230.531ms
[ok] openhands s182 turn9 ttft=2398.975ms hit=0.980092 e2e=4060.519ms
[ok] request s508 turn0 ttft=969.355ms hit=0.0 e2e=1912.027ms
[ok] openhands s417 turn9 ttft=2377.394ms hit=0.982774 e2e=4038.735ms
[ok] request s371 turn0 ttft=1249.849ms hit=0.0 e2e=2590.376ms
[ok] request s227 turn0 ttft=1588.468ms hit=0.0 e2e=2933.455ms
[ok] request s478 turn0 ttft=630.759ms hit=0.0 e2e=1578.684ms
[ok] openhands s418 turn8 ttft=2150.48ms hit=0.983111 e2e=4072.692ms
[ok] request s113 turn0 ttft=2267.008ms hit=0.0 e2e=3612.321ms
[ok] request s389 turn0 ttft=1928.54ms hit=0.0 e2e=3273.568ms
[ok] openhands s243 turn0 ttft=1306.778ms hit=0.161385 e2e=2256.871ms
[ok] openhands s476 turn7 ttft=2715.702ms hit=0.99516 e2e=4060.745ms
[ok] openhands s61 turn1 ttft=232.245ms hit=0.848605 e2e=1352.312ms
[ok] request s448 turn0 ttft=220.783ms hit=0.0 e2e=1341.874ms
[ok] request s507 turn0 ttft=207.945ms hit=0.0 e2e=6974.121ms
[ok] request s42 turn1 ttft=277.912ms hit=0.0 e2e=6788.94ms
[ok] request s49 turn1 ttft=194.377ms hit=0.0 e2e=6708.079ms
[ok] request s214 turn0 ttft=183.966ms hit=0.0 e2e=6696.835ms
[ok] request s253 turn1 ttft=275.546ms hit=0.0 e2e=6797.025ms
[ok] request s277 turn1 ttft=275.847ms hit=0.193353 e2e=6791.718ms
[ok] request s433 turn0 ttft=1157.594ms hit=0.0 e2e=1535.964ms
[ok] openhands s476 turn8 ttft=2589.369ms hit=0.996622 e2e=6806.956ms
[ok] openhands s61 turn2 ttft=2157.701ms hit=0.814761 e2e=6375.941ms
[ok] request s468 turn0 ttft=1222.322ms hit=0.0 e2e=5008.063ms
[ok] openhands s418 turn9 ttft=2578.537ms hit=0.982959 e2e=6802.185ms
[ok] request s429 turn0 ttft=1900.959ms hit=0.0 e2e=5692.196ms
[ok] request s18 turn0 ttft=2240.0ms hit=0.0 e2e=6031.043ms
[ok] request s21 turn0 ttft=2484.724ms hit=0.0 e2e=6708.817ms
[ok] request s455 turn0 ttft=884.016ms hit=0.0 e2e=4675.171ms
[ok] openhands s182 turn10 ttft=2265.275ms hit=0.977058 e2e=6824.854ms
[ok] request s113 turn1 ttft=2434.166ms hit=0.0 e2e=6225.439ms
[ok] request s389 turn1 ttft=2433.368ms hit=0.0 e2e=6224.473ms
[ok] request s107 turn0 ttft=1563.925ms hit=0.0 e2e=5354.874ms
[ok] request s508 turn1 ttft=2442.063ms hit=0.0 e2e=6232.902ms
[ok] openhands s243 turn1 ttft=2563.038ms hit=0.935059 e2e=6788.876ms
[ok] request s161 turn0 ttft=2582.181ms hit=0.0 e2e=6373.269ms
[ok] openhands s417 turn10 ttft=2573.947ms hit=0.984951 e2e=6800.005ms
[ok] request s54 turn0 ttft=324.669ms hit=0.0 e2e=3327.095ms
[ok] request s23 turn0 ttft=543.654ms hit=0.0 e2e=4344.448ms
[ok] request s126 turn0 ttft=665.173ms hit=0.0 e2e=3667.463ms
[ok] openhands s181 turn0 ttft=1003.137ms hit=0.136706 e2e=4026.241ms
[ok] request s72 turn0 ttft=821.794ms hit=0.0 e2e=1327.96ms
[ok] request s465 turn0 ttft=1836.107ms hit=0.0 e2e=2345.257ms
[ok] request s490 turn0 ttft=1497.52ms hit=0.0 e2e=2006.611ms
[ok] request s134 turn0 ttft=481.493ms hit=0.0 e2e=990.588ms
[ok] request s291 turn0 ttft=143.048ms hit=0.0 e2e=652.122ms
[ok] request s482 turn0 ttft=2177.111ms hit=0.0 e2e=2686.212ms
[ok] request s105 turn0 ttft=2507.001ms hit=0.0 e2e=3025.855ms
[ok] request s164 turn0 ttft=142.49ms hit=0.0 e2e=978.161ms
[ok] request s455 turn1 ttft=939.9ms hit=0.0 e2e=1502.945ms
[ok] openhands s418 turn10 ttft=666.672ms hit=0.975775 e2e=2358.942ms
[ok] request s42 turn2 ttft=1018.701ms hit=0.239252 e2e=2156.514ms
[ok] openhands s181 turn1 ttft=921.949ms hit=0.769433 e2e=2352.661ms
[ok] request s88 turn0 ttft=1197.178ms hit=0.0 e2e=2340.571ms
[ok] request s49 turn2 ttft=1017.825ms hit=0.302243 e2e=2161.008ms
[ok] request s253 turn2 ttft=1015.027ms hit=0.387879 e2e=2157.965ms
[ok] openhands s243 turn2 ttft=653.79ms hit=0.912385 e2e=2353.924ms
[ok] openhands s61 turn3 ttft=1519.995ms hit=0.851111 e2e=2392.05ms
[ok] request s214 turn1 ttft=1017.084ms hit=0.259109 e2e=2160.438ms
[ok] openhands s476 turn9 ttft=702.498ms hit=0.997054 e2e=2404.727ms
[ok] request s54 turn1 ttft=1055.053ms hit=0.0 e2e=1926.07ms
[ok] request s433 turn1 ttft=1030.898ms hit=0.0 e2e=1901.768ms
[ok] request s66 turn0 ttft=1135.436ms hit=0.0 e2e=2005.704ms
[ok] openhands s182 turn11 ttft=940.66ms hit=0.983314 e2e=2381.076ms
[ok] openhands s417 turn11 ttft=1206.344ms hit=0.985705 e2e=2351.308ms
[ok] request s277 turn2 ttft=1014.92ms hit=0.49174 e2e=2160.8ms
[ok] openhands s477 turn0 ttft=688.406ms hit=0.524004 e2e=1335.869ms
[ok] request s161 turn1 ttft=935.881ms hit=0.884177 e2e=1819.334ms
[ok] request s235 turn0 ttft=129.882ms hit=0.0 e2e=659.545ms
[ok] request s18 turn1 ttft=941.841ms hit=0.77628 e2e=1824.574ms
[ok] request s126 turn1 ttft=933.498ms hit=0.0 e2e=1816.195ms
[ok] request s465 turn1 ttft=895.833ms hit=0.0 e2e=1782.142ms
[ok] request s508 turn2 ttft=941.008ms hit=0.0 e2e=1823.173ms
[ok] request s213 turn0 ttft=1028.708ms hit=0.0 e2e=1678.958ms
[ok] request s134 turn1 ttft=899.122ms hit=0.0 e2e=1781.346ms
[ok] request s490 turn1 ttft=900.805ms hit=0.604486 e2e=1783.026ms
[ok] request s28 turn0 ttft=465.454ms hit=0.0 e2e=1001.947ms
[ok] request s515 turn0 ttft=139.286ms hit=0.0 e2e=1067.931ms
[ok] request s455 turn2 ttft=1093.261ms hit=0.0 e2e=1732.48ms
[ok] openhands s477 turn1 ttft=712.131ms hit=0.802005 e2e=2306.08ms
[ok] openhands s476 turn10 ttft=1330.934ms hit=0.996131 e2e=2304.531ms
[ok] openhands s243 turn3 ttft=1359.11ms hit=0.975572 e2e=2340.558ms
[ok] request s129 turn0 ttft=1012.921ms hit=0.0 e2e=1994.179ms
[ok] openhands s418 turn11 ttft=1062.299ms hit=0.9885 e2e=2327.156ms
[ok] openhands s182 turn12 ttft=694.985ms hit=0.980004 e2e=2295.993ms
[ok] request s433 turn2 ttft=799.727ms hit=0.0 e2e=1781.441ms
[ok] request s49 turn3 ttft=784.623ms hit=0.602826 e2e=1764.571ms
[ok] openhands s181 turn2 ttft=745.306ms hit=0.991989 e2e=2348.926ms
[ok] request s277 turn3 ttft=779.51ms hit=0.781441 e2e=1759.656ms
[ok] request s214 turn2 ttft=781.817ms hit=0.391437 e2e=1761.812ms
[ok] request s253 turn3 ttft=784.646ms hit=0.504433 e2e=1764.033ms
[ok] request s394 turn0 ttft=696.368ms hit=0.0 e2e=2300.31ms
[ok] openhands s61 turn4 ttft=1071.985ms hit=0.717229 e2e=2339.41ms
[ok] openhands s417 turn12 ttft=825.832ms hit=0.989691 e2e=2323.586ms
[ok] request s42 turn3 ttft=792.718ms hit=0.676354 e2e=1772.712ms
[ok] request s490 turn2 ttft=765.628ms hit=0.65529 e2e=1753.951ms
[ok] request s480 turn0 ttft=557.544ms hit=0.0 e2e=1324.801ms
[ok] request s161 turn2 ttft=771.455ms hit=0.967483 e2e=1760.218ms
[ok] request s213 turn1 ttft=988.548ms hit=0.398232 e2e=1757.265ms
[ok] request s351 turn0 ttft=897.015ms hit=0.0 e2e=1665.187ms
[ok] request s465 turn2 ttft=771.412ms hit=0.0 e2e=1759.673ms
[ok] request s515 turn1 ttft=360.842ms hit=0.0 e2e=1013.158ms
[ok] request s197 turn0 ttft=339.668ms hit=0.0 e2e=987.755ms
[ok] request s55 turn0 ttft=142.207ms hit=0.0 e2e=675.033ms
[ok] request s27 turn0 ttft=139.553ms hit=0.0 e2e=1969.023ms
[ok] openhands s417 turn13 ttft=1810.127ms hit=0.969969 e2e=2592.663ms
[ok] openhands s61 turn5 ttft=1633.966ms hit=0.988271 e2e=2608.099ms
[ok] openhands s181 turn3 ttft=2037.998ms hit=0.983742 e2e=2549.079ms
[ok] request s255 turn0 ttft=1755.64ms hit=0.0 e2e=2266.389ms
[ok] openhands s243 turn4 ttft=1799.308ms hit=0.925838 e2e=2589.909ms
[ok] request s345 turn0 ttft=1616.625ms hit=0.0 e2e=2591.284ms
[ok] request s394 turn1 ttft=1712.201ms hit=0.679045 e2e=2223.19ms
[ok] request s214 turn3 ttft=1534.066ms hit=0.563168 e2e=2043.762ms
[ok] openhands s476 turn11 ttft=1658.769ms hit=0.995987 e2e=2635.37ms
[ok] request s480 turn1 ttft=1527.275ms hit=0.0 e2e=2037.037ms
[ok] request s515 turn2 ttft=1522.318ms hit=0.357542 e2e=2031.894ms
[ok] request s490 turn3 ttft=1530.516ms hit=0.530021 e2e=2039.503ms
[ok] openhands s182 turn13 ttft=1609.74ms hit=0.963359 e2e=2585.877ms
[ok] openhands s477 turn2 ttft=1822.825ms hit=0.741771 e2e=2615.428ms
[ok] openhands s418 turn12 ttft=1646.882ms hit=0.989732 e2e=2623.188ms
[ok] request s433 turn3 ttft=1538.356ms hit=0.0 e2e=2048.186ms
[ok] request s53 turn0 ttft=1418.453ms hit=0.0 e2e=1934.351ms
[ok] request s213 turn2 ttft=1660.958ms hit=0.622774 e2e=2038.887ms
[ok] request s161 turn3 ttft=1525.151ms hit=0.959095 e2e=2041.28ms
[ok] request s154 turn0 ttft=1216.579ms hit=0.0 e2e=1595.836ms
[ok] request s55 turn1 ttft=1648.271ms hit=0.0 e2e=2015.482ms
[ok] request s345 turn1 ttft=1778.059ms hit=0.0 e2e=2072.315ms
[ok] openhands s477 turn3 ttft=2350.066ms hit=0.89672 e2e=2648.126ms
[ok] request s515 turn3 ttft=1778.044ms hit=0.447944 e2e=2075.656ms
[ok] request s161 turn4 ttft=1775.986ms hit=0.954037 e2e=2073.259ms
[ok] request s255 turn1 ttft=1782.288ms hit=0.0 e2e=2079.246ms
[ok] openhands s417 turn14 ttft=2359.092ms hit=0.98457 e2e=2655.72ms
[ok] openhands s61 turn6 ttft=2232.792ms hit=0.97847 e2e=2673.531ms
[ok] openhands s243 turn5 ttft=2346.675ms hit=0.925131 e2e=2643.506ms
[ok] openhands s182 turn14 ttft=2324.584ms hit=0.972215 e2e=2621.129ms
[ok] openhands s181 turn4 ttft=2341.874ms hit=0.986313 e2e=2638.264ms
[ok] openhands s418 turn13 ttft=2363.055ms hit=0.978768 e2e=2665.035ms
[ok] openhands s61 turn7 ttft=503.345ms hit=0.98131 e2e=1026.764ms
[ok] openhands s417 turn15 ttft=715.95ms hit=0.989509 e2e=995.124ms
[ok] request s345 turn2 ttft=164.46ms hit=0.0 e2e=439.971ms
[ok] openhands s243 turn6 ttft=603.633ms hit=0.969294 e2e=1003.259ms
[ok] openhands s477 turn4 ttft=471.44ms hit=0.695023 e2e=1036.011ms
[ok] openhands s181 turn5 ttft=590.017ms hit=0.990148 e2e=990.937ms
[ok] openhands s418 turn14 ttft=738.423ms hit=0.993411 e2e=1021.801ms
[ok] openhands s182 turn15 ttft=613.768ms hit=0.977995 e2e=1014.262ms
[ok] openhands s477 turn5 ttft=596.168ms hit=0.820719 e2e=1122.271ms
[ok] openhands s243 turn7 ttft=860.026ms hit=0.958763 e2e=1129.325ms
[ok] openhands s417 turn16 ttft=566.815ms hit=0.922386 e2e=1095.975ms
[ok] openhands s61 turn8 ttft=504.761ms hit=0.990352 e2e=1143.053ms
[ok] openhands s182 turn16 ttft=720.191ms hit=0.979923 e2e=1106.622ms
[ok] openhands s181 turn6 ttft=839.561ms hit=0.869311 e2e=1113.219ms
[ok] openhands s418 turn15 ttft=735.733ms hit=0.975548 e2e=1122.259ms
[ok] openhands s418 turn16 ttft=688.475ms hit=0.987678 e2e=963.736ms
[ok] openhands s477 turn6 ttft=557.726ms hit=0.961415 e2e=957.025ms
[ok] openhands s243 turn8 ttft=505.298ms hit=0.987866 e2e=983.617ms
[ok] openhands s181 turn7 ttft=550.88ms hit=0.994159 e2e=951.24ms
[ok] openhands s182 turn17 ttft=656.428ms hit=0.985855 e2e=931.467ms
[ok] openhands s417 turn17 ttft=665.998ms hit=0.951327 e2e=945.151ms
[ok] openhands s61 turn9 ttft=499.339ms hit=0.988764 e2e=1018.735ms
[ok] openhands s417 turn18 ttft=506.961ms hit=0.971691 e2e=1029.754ms
[ok] openhands s61 turn10 ttft=709.651ms hit=0.989153 e2e=986.137ms
[ok] openhands s477 turn7 ttft=489.787ms hit=0.937193 e2e=1015.412ms
[ok] openhands s418 turn17 ttft=515.591ms hit=0.983011 e2e=1042.666ms
[ok] openhands s243 turn9 ttft=609.332ms hit=0.978013 e2e=1008.613ms
[ok] openhands s181 turn8 ttft=703.712ms hit=0.984277 e2e=978.648ms
[ok] openhands s182 turn18 ttft=627.376ms hit=0.899689 e2e=1026.522ms
[ok] openhands s181 turn9 ttft=689.64ms hit=0.987015 e2e=965.176ms
[ok] openhands s477 turn8 ttft=553.203ms hit=0.966199 e2e=959.666ms
[ok] openhands s61 turn11 ttft=455.669ms hit=0.991558 e2e=988.379ms
[ok] openhands s417 turn19 ttft=671.536ms hit=0.972931 e2e=952.275ms
[ok] openhands s243 turn10 ttft=663.714ms hit=0.936254 e2e=944.064ms
[ok] openhands s418 turn18 ttft=569.47ms hit=0.887164 e2e=977.318ms
[ok] openhands s477 turn9 ttft=2939.935ms hit=0.967133 e2e=3241.075ms
[ok] openhands s418 turn19 ttft=3005.53ms hit=0.986479 e2e=3269.927ms
[ok] openhands s181 turn10 ttft=2983.412ms hit=0.982726 e2e=3250.733ms
[ok] openhands s243 turn11 ttft=2721.258ms hit=0.96942 e2e=3279.181ms
[ok] openhands s61 turn12 ttft=2994.162ms hit=0.970222 e2e=3262.466ms
[ok] openhands s417 turn20 ttft=2968.847ms hit=0.975052 e2e=3236.155ms
[ok] openhands s477 turn10 ttft=445.091ms hit=0.914513 e2e=883.049ms
[ok] openhands s243 turn12 ttft=416.692ms hit=0.959923 e2e=855.362ms
[ok] openhands s61 turn13 ttft=456.547ms hit=0.991515 e2e=896.567ms
[ok] openhands s418 turn20 ttft=256.96ms hit=0.989533 e2e=532.17ms
[ok] openhands s477 turn11 ttft=463.914ms hit=0.948058 e2e=715.891ms
[ok] openhands s61 turn14 ttft=480.598ms hit=0.960808 e2e=729.42ms
[ok] openhands s243 turn13 ttft=361.89ms hit=0.987506 e2e=737.403ms
[ok] openhands s181 turn11 ttft=361.818ms hit=0.959503 e2e=842.659ms
[ok] openhands s243 turn14 ttft=459.935ms hit=0.917563 e2e=2628.704ms
[ok] openhands s61 turn15 ttft=2343.905ms hit=0.981591 e2e=2621.279ms
[ok] openhands s477 turn12 ttft=462.804ms hit=0.974378 e2e=2640.517ms
[ok] openhands s181 turn12 ttft=2263.643ms hit=0.980786 e2e=2536.387ms
[ok] openhands s418 turn21 ttft=2072.643ms hit=0.992046 e2e=2344.964ms
[ok] openhands s418 turn22 ttft=519.239ms hit=0.919167 e2e=1060.522ms
[ok] openhands s243 turn15 ttft=650.332ms hit=0.945099 e2e=1051.468ms
[ok] openhands s61 turn16 ttft=416.765ms hit=0.982562 e2e=1095.765ms
[ok] openhands s181 turn13 ttft=589.579ms hit=0.979481 e2e=991.66ms
[ok] openhands s123 turn0 ttft=230.82ms hit=0.529722 e2e=629.979ms
[ok] request s414 turn0 ttft=140.853ms hit=0.0 e2e=638.925ms
[ok] openhands s243 turn16 ttft=506.703ms hit=0.989759 e2e=900.714ms
[ok] openhands s123 turn1 ttft=498.908ms hit=0.758743 e2e=894.343ms
[ok] openhands s61 turn17 ttft=399.899ms hit=0.971665 e2e=919.536ms
[ok] request s385 turn0 ttft=476.097ms hit=0.0 e2e=872.436ms
[ok] openhands s181 turn14 ttft=423.001ms hit=0.968652 e2e=817.036ms
[ok] request s380 turn0 ttft=140.626ms hit=0.0 e2e=534.315ms
[ok] request s217 turn0 ttft=134.127ms hit=0.0 e2e=911.835ms
[ok] request s299 turn0 ttft=509.201ms hit=0.0 e2e=632.866ms
[ok] request s158 turn0 ttft=128.861ms hit=0.0 e2e=190.515ms
[ok] openhands s61 turn18 ttft=503.983ms hit=0.990928 e2e=1034.014ms
[ok] request s273 turn0 ttft=174.196ms hit=0.0 e2e=563.114ms
[ok] openhands s123 turn2 ttft=626.494ms hit=0.760338 e2e=1019.483ms
[ok] openhands s243 turn17 ttft=437.593ms hit=0.967365 e2e=1046.533ms
[ok] openhands s181 turn15 ttft=587.827ms hit=0.979672 e2e=983.06ms
[ok] openhands s418 turn23 ttft=322.704ms hit=0.971758 e2e=713.17ms
[ok] request s299 turn1 ttft=409.363ms hit=0.0 e2e=1317.796ms
[ok] openhands s418 turn24 ttft=871.418ms hit=0.98146 e2e=1611.087ms
[ok] request s198 turn0 ttft=286.75ms hit=0.0 e2e=842.912ms
[ok] request s337 turn0 ttft=624.167ms hit=0.0 e2e=1182.866ms
[ok] request s217 turn1 ttft=804.974ms hit=0.0 e2e=1365.816ms
[ok] openhands s123 turn3 ttft=876.774ms hit=0.557913 e2e=1619.421ms
[ok] request s273 turn1 ttft=489.315ms hit=0.0 e2e=1036.925ms
[ok] openhands s61 turn19 ttft=613.451ms hit=0.949168 e2e=1633.559ms
[ok] request s158 turn1 ttft=569.333ms hit=0.0 e2e=1129.476ms
[ok] request s104 turn0 ttft=779.572ms hit=0.0 e2e=1524.507ms
[ok] openhands s181 turn16 ttft=936.971ms hit=0.964689 e2e=1499.449ms
[ok] request s98 turn0 ttft=138.546ms hit=0.0 e2e=810.601ms
[ok] request s320 turn0 ttft=804.723ms hit=0.0 e2e=1879.867ms
[ok] request s348 turn0 ttft=721.104ms hit=0.0 e2e=922.821ms
[ok] request s261 turn0 ttft=168.632ms hit=0.0 e2e=2288.602ms
[ok] openhands s123 turn4 ttft=958.91ms hit=0.570302 e2e=2435.714ms
[ok] request s98 turn1 ttft=1003.297ms hit=0.0 e2e=1547.641ms
[ok] openhands s418 turn25 ttft=583.694ms hit=0.946802 e2e=1852.405ms
[ok] request s217 turn2 ttft=584.076ms hit=0.0 e2e=1857.538ms
[ok] openhands s181 turn17 ttft=829.287ms hit=0.973084 e2e=2310.251ms
[ok] openhands s302 turn0 ttft=946.316ms hit=0.148609 e2e=1608.729ms
[ok] openhands s61 turn20 ttft=464.585ms hit=0.992059 e2e=2456.229ms
[ok] request s80 turn0 ttft=498.759ms hit=0.0 e2e=931.329ms
[ok] request s273 turn2 ttft=1426.96ms hit=0.0 e2e=1846.071ms
[ok] request s274 turn0 ttft=163.177ms hit=0.0 e2e=593.088ms
[ok] request s374 turn0 ttft=674.818ms hit=0.0 e2e=1948.398ms
[ok] request s348 turn1 ttft=391.524ms hit=0.0 e2e=668.224ms
[ok] request s84 turn0 ttft=134.46ms hit=0.0 e2e=1187.231ms
[ok] openhands s418 turn26 ttft=490.368ms hit=0.996344 e2e=1441.411ms
[ok] request s374 turn1 ttft=284.458ms hit=0.0 e2e=850.979ms
[ok] openhands s181 turn18 ttft=645.79ms hit=0.975752 e2e=1333.161ms
[ok] openhands s61 turn21 ttft=621.429ms hit=0.990254 e2e=1434.018ms
[ok] request s80 turn1 ttft=288.379ms hit=0.0 e2e=858.237ms
[ok] openhands s123 turn5 ttft=468.163ms hit=0.90958 e2e=1457.914ms
[ok] request s522 turn0 ttft=127.219ms hit=0.0 e2e=695.106ms
[ok] request s273 turn3 ttft=286.682ms hit=0.0 e2e=857.592ms
[ok] request s267 turn0 ttft=346.745ms hit=0.0 e2e=1034.742ms
[ok] openhands s302 turn1 ttft=639.277ms hit=0.906411 e2e=1451.759ms
[ok] request s145 turn0 ttft=561.804ms hit=0.0 e2e=1373.974ms
[ok] request s348 turn2 ttft=189.222ms hit=0.0 e2e=2140.043ms
[ok] request s257 turn0 ttft=269.877ms hit=0.0 e2e=2356.026ms
[ok] request s278 turn0 ttft=367.845ms hit=0.0 e2e=2128.795ms
[ok] openhands s302 turn2 ttft=552.857ms hit=0.975078 e2e=2101.204ms
[ok] request s203 turn0 ttft=420.427ms hit=0.0 e2e=1796.677ms
[ok] openhands s123 turn6 ttft=726.785ms hit=0.873899 e2e=2102.619ms
[ok] openhands s181 turn19 ttft=392.286ms hit=0.971787 e2e=2116.717ms
[ok] request s84 turn1 ttft=667.25ms hit=0.0 e2e=2042.876ms
[ok] openhands s418 turn27 ttft=1836.045ms hit=0.987984 e2e=2030.259ms
[ok] request s273 turn4 ttft=996.438ms hit=0.0 e2e=8202.894ms
[ok] request s449 turn0 ttft=497.793ms hit=0.0 e2e=7470.319ms
[ok] request s479 turn0 ttft=163.485ms hit=0.0 e2e=7131.696ms
[ok] request s80 turn2 ttft=998.956ms hit=0.0 e2e=8209.012ms
[ok] request s112 turn0 ttft=713.174ms hit=0.0 e2e=7809.547ms
[ok] request s357 turn0 ttft=938.41ms hit=0.0 e2e=8149.378ms
[ok] openhands s61 turn22 ttft=1051.032ms hit=0.807732 e2e=8263.339ms
[ok] request s50 turn0 ttft=1297.745ms hit=0.0 e2e=1512.414ms
[ok] request s32 turn0 ttft=131.33ms hit=0.0 e2e=253.755ms
[ok] openhands s123 turn7 ttft=1496.164ms hit=0.852653 e2e=7549.988ms
[ok] request s169 turn0 ttft=2599.345ms hit=0.0 e2e=4626.63ms
[ok] request s224 turn0 ttft=3086.428ms hit=0.0 e2e=6660.625ms
[ok] request s69 turn0 ttft=3617.216ms hit=0.0 e2e=5649.468ms
[ok] request s278 turn1 ttft=3406.576ms hit=0.0 e2e=6987.456ms
[ok] request s440 turn0 ttft=1284.057ms hit=0.0 e2e=7345.311ms
[ok] request s296 turn0 ttft=2261.515ms hit=0.0 e2e=4294.043ms
[ok] request s434 turn0 ttft=3279.56ms hit=0.0 e2e=5311.362ms
[ok] request s133 turn0 ttft=4289.946ms hit=0.0 e2e=6321.567ms
[ok] openhands s302 turn3 ttft=1191.005ms hit=0.983021 e2e=7582.692ms
[ok] openhands s242 turn0 ttft=1293.056ms hit=0.110207 e2e=7685.676ms
[ok] request s7 turn0 ttft=3960.025ms hit=0.0 e2e=5989.809ms
[ok] openhands s418 turn28 ttft=4304.281ms hit=0.0 e2e=6335.408ms
[ok] request s292 turn0 ttft=2943.996ms hit=0.0 e2e=4974.941ms
[ok] openhands s181 turn20 ttft=3585.682ms hit=0.049539 e2e=7168.396ms
[ok] request s31 turn0 ttft=3426.662ms hit=0.0 e2e=7009.273ms
[ok] request s323 turn0 ttft=961.392ms hit=0.0 e2e=1930.622ms
[ok] request s36 turn0 ttft=904.579ms hit=0.0 e2e=2947.129ms
[ok] request s401 turn0 ttft=1245.298ms hit=0.0 e2e=3286.661ms
[ok] request s314 turn0 ttft=284.06ms hit=0.0 e2e=1253.678ms
[ok] request s238 turn0 ttft=1585.994ms hit=0.0 e2e=3626.537ms
[ok] request s344 turn0 ttft=1925.801ms hit=0.0 e2e=3966.245ms
[ok] openhands s120 turn0 ttft=1637.983ms hit=0.100428 e2e=2610.749ms
[ok] request s81 turn0 ttft=620.892ms hit=0.0 e2e=1593.582ms
[ok] request s50 turn1 ttft=173.869ms hit=0.0 e2e=2469.189ms
[ok] request s150 turn0 ttft=251.251ms hit=0.0 e2e=2548.856ms
[ok] request s273 turn5 ttft=261.167ms hit=0.777066 e2e=2321.807ms
[ok] request s335 turn0 ttft=195.006ms hit=0.0 e2e=2254.369ms
[ok] request s357 turn1 ttft=255.831ms hit=0.0 e2e=2320.299ms
[ok] request s112 turn1 ttft=257.47ms hit=0.0 e2e=2321.738ms
[ok] request s31 turn1 ttft=418.761ms hit=0.0 e2e=2076.851ms
[ok] openhands s120 turn1 ttft=748.985ms hit=0.855688 e2e=2436.012ms
[ok] openhands s418 turn29 ttft=1880.262ms hit=0.986903 e2e=2314.851ms
[ok] openhands s242 turn1 ttft=744.676ms hit=0.93891 e2e=2436.747ms
[ok] openhands s302 turn4 ttft=765.892ms hit=0.977899 e2e=2459.914ms
[ok] openhands s181 turn21 ttft=2018.937ms hit=0.991365 e2e=2455.513ms
[ok] openhands s123 turn8 ttft=1930.612ms hit=0.98409 e2e=2366.862ms
[ok] request s205 turn0 ttft=664.705ms hit=0.0 e2e=2357.478ms
[ok] request s344 turn1 ttft=1213.478ms hit=0.0 e2e=2292.997ms
[ok] request s314 turn1 ttft=1080.131ms hit=0.0 e2e=2295.873ms
[ok] openhands s61 turn23 ttft=1569.144ms hit=0.830809 e2e=2784.597ms
[ok] request s473 turn0 ttft=1240.231ms hit=0.0 e2e=2455.529ms
[ok] request s39 turn0 ttft=1034.742ms hit=0.0 e2e=2116.783ms
[ok] request s210 turn0 ttft=136.071ms hit=0.0 e2e=1100.345ms
[ok] request s238 turn1 ttft=1080.39ms hit=0.0 e2e=2296.321ms
[ok] request s278 turn2 ttft=1091.708ms hit=0.399376 e2e=2307.504ms
[ok] request s400 turn0 ttft=470.427ms hit=0.0 e2e=1440.605ms
[ok] request s454 turn0 ttft=695.504ms hit=0.0 e2e=1778.867ms
[ok] request s81 turn1 ttft=1212.585ms hit=0.0 e2e=2295.379ms
[ok] request s292 turn1 ttft=1090.378ms hit=0.369942 e2e=2307.274ms
[ok] request s190 turn0 ttft=145.314ms hit=0.0 e2e=1756.627ms
[ok] request s50 turn2 ttft=133.358ms hit=0.0 e2e=1630.319ms
[ok] openhands s302 turn5 ttft=768.532ms hit=0.985497 e2e=1648.895ms
[ok] openhands s242 turn2 ttft=763.835ms hit=0.953023 e2e=1648.456ms
[ok] openhands s120 turn2 ttft=434.137ms hit=0.94164 e2e=1662.189ms
[ok] openhands s418 turn30 ttft=718.442ms hit=0.990893 e2e=1603.313ms
[ok] openhands s123 turn9 ttft=1377.173ms hit=0.985543 e2e=1582.22ms
[ok] request s112 turn2 ttft=623.416ms hit=0.389058 e2e=1508.158ms
[ok] request s31 turn2 ttft=575.509ms hit=0.823151 e2e=1545.976ms
[ok] request s81 turn2 ttft=322.483ms hit=0.478505 e2e=1076.608ms
[ok] openhands s61 turn24 ttft=461.328ms hit=0.992638 e2e=1677.303ms
[ok] request s39 turn1 ttft=325.511ms hit=0.0 e2e=1083.382ms
[ok] request s292 turn2 ttft=321.459ms hit=0.395672 e2e=1079.242ms
[ok] request s473 turn1 ttft=327.889ms hit=0.0 e2e=1085.54ms
[ok] request s210 turn1 ttft=358.406ms hit=0.0 e2e=1205.99ms
[ok] request s205 turn1 ttft=542.835ms hit=0.0 e2e=1520.068ms
[ok] request s314 turn2 ttft=330.046ms hit=0.276458 e2e=1088.334ms
[ok] request s400 turn1 ttft=326.414ms hit=0.485078 e2e=1084.613ms
[ok] openhands s181 turn22 ttft=477.963ms hit=0.968452 e2e=1578.297ms
[ok] openhands s418 turn31 ttft=447.42ms hit=0.992773 e2e=1785.426ms
[ok] openhands s120 turn3 ttft=805.918ms hit=0.982641 e2e=1774.07ms
[ok] openhands s302 turn6 ttft=454.482ms hit=0.974918 e2e=1798.057ms
[ok] openhands s123 turn10 ttft=1566.443ms hit=0.989609 e2e=1769.005ms
[ok] openhands s242 turn3 ttft=1556.418ms hit=0.961289 e2e=1758.921ms
[ok] request s190 turn1 ttft=470.025ms hit=0.191473 e2e=1437.891ms
[ok] request s31 turn3 ttft=378.735ms hit=0.749634 e2e=1227.367ms
[ok] openhands s61 turn25 ttft=485.181ms hit=0.986611 e2e=1818.139ms
[ok] request s473 turn2 ttft=508.146ms hit=0.346883 e2e=1218.712ms
[ok] request s400 turn2 ttft=504.054ms hit=0.526478 e2e=1214.359ms
[ok] request s81 turn3 ttft=377.554ms hit=0.310868 e2e=1226.318ms
[ok] request s314 turn3 ttft=507.254ms hit=0.0 e2e=1216.617ms
[ok] request s112 turn3 ttft=505.31ms hit=0.636816 e2e=1676.224ms
[ok] request s292 turn3 ttft=510.926ms hit=0.888272 e2e=1222.006ms
[ok] request s205 turn2 ttft=508.194ms hit=0.0 e2e=1219.061ms
[ok] request s39 turn2 ttft=373.24ms hit=0.301887 e2e=1224.175ms
[ok] openhands s181 turn23 ttft=604.398ms hit=0.941926 e2e=1617.819ms
[ok] openhands s302 turn7 ttft=491.121ms hit=0.963872 e2e=1396.269ms
[ok] openhands s242 turn4 ttft=829.355ms hit=0.983487 e2e=1393.556ms
[ok] openhands s418 turn32 ttft=476.371ms hit=0.985251 e2e=1415.145ms
[ok] openhands s120 turn4 ttft=821.646ms hit=0.991485 e2e=1387.246ms
[ok] openhands s123 turn11 ttft=984.029ms hit=0.991112 e2e=1381.895ms
[ok] openhands s61 turn26 ttft=862.25ms hit=0.997614 e2e=1384.049ms
[ok] openhands s181 turn24 ttft=516.936ms hit=0.967722 e2e=1369.125ms
[ok] request s190 turn2 ttft=412.185ms hit=0.67475 e2e=1264.212ms
[ok] request s314 turn4 ttft=253.288ms hit=0.719505 e2e=1170.768ms
[ok] request s473 turn3 ttft=251.159ms hit=0.486692 e2e=1175.782ms
[ok] openhands s418 turn33 ttft=460.02ms hit=0.989878 e2e=1212.378ms
[ok] openhands s242 turn5 ttft=764.293ms hit=0.990858 e2e=1158.699ms
[ok] openhands s302 turn8 ttft=445.874ms hit=0.970376 e2e=1222.638ms
[ok] openhands s120 turn5 ttft=749.267ms hit=0.988333 e2e=1138.946ms
[ok] openhands s123 turn12 ttft=743.384ms hit=0.984033 e2e=1132.952ms
[ok] openhands s61 turn27 ttft=384.296ms hit=0.9956 e2e=1226.43ms
[ok] openhands s181 turn25 ttft=490.307ms hit=0.979419 e2e=3097.322ms
[ok] request s190 turn3 ttft=139.365ms hit=0.666915 e2e=2700.815ms
[ok] openhands s242 turn6 ttft=443.598ms hit=0.991427 e2e=2731.821ms
[ok] openhands s418 turn34 ttft=738.252ms hit=0.972448 e2e=2724.863ms
[ok] openhands s182 turn19 ttft=1766.2ms hit=0.089899 e2e=2191.582ms
[ok] openhands s302 turn9 ttft=451.331ms hit=0.977417 e2e=2743.786ms
[ok] request s314 turn5 ttft=991.122ms hit=0.584742 e2e=2536.927ms
[ok] openhands s123 turn13 ttft=851.633ms hit=0.982244 e2e=2649.982ms
[ok] openhands s120 turn6 ttft=1054.729ms hit=0.774516 e2e=2600.458ms
[ok] openhands s61 turn28 ttft=1072.627ms hit=0.977683 e2e=2280.798ms
[ok] openhands s181 turn26 ttft=302.25ms hit=0.990552 e2e=1195.942ms
[ok] openhands s120 turn7 ttft=776.817ms hit=0.993698 e2e=1300.958ms
[ok] openhands s182 turn20 ttft=921.298ms hit=0.983685 e2e=1270.763ms
[ok] openhands s302 turn10 ttft=770.474ms hit=0.97196 e2e=1295.362ms
[ok] openhands s418 turn35 ttft=791.117ms hit=0.994008 e2e=1319.146ms
[ok] openhands s242 turn7 ttft=736.26ms hit=0.971631 e2e=1262.587ms
[ok] openhands s61 turn29 ttft=1128.921ms hit=0.997783 e2e=1290.815ms
[ok] openhands s123 turn14 ttft=728.835ms hit=0.963046 e2e=1255.044ms
[ok] openhands s181 turn27 ttft=308.063ms hit=0.993359 e2e=603.769ms
[ok] openhands s418 turn36 ttft=981.496ms hit=0.99599 e2e=1305.869ms
[ok] openhands s182 turn21 ttft=927.958ms hit=0.975148 e2e=1252.068ms
[ok] openhands s120 turn8 ttft=995.493ms hit=0.918335 e2e=1323.087ms
[ok] openhands s123 turn15 ttft=941.149ms hit=0.965247 e2e=1267.721ms
[ok] openhands s242 turn8 ttft=968.679ms hit=0.980719 e2e=1294.318ms
[ok] openhands s302 turn11 ttft=991.123ms hit=0.97828 e2e=1316.321ms
[ok] openhands s61 turn30 ttft=1176.201ms hit=0.982172 e2e=1862.933ms
[ok] openhands s181 turn28 ttft=641.668ms hit=0.978745 e2e=1415.596ms
[ok] openhands s302 turn12 ttft=569.889ms hit=0.973902 e2e=5995.07ms
[ok] openhands s181 turn29 ttft=3943.689ms hit=0.039343 e2e=4461.71ms
[ok] openhands s123 turn16 ttft=631.318ms hit=0.992248 e2e=5978.559ms
[ok] openhands s120 turn9 ttft=577.48ms hit=0.992149 e2e=6006.461ms
[ok] openhands s242 turn9 ttft=618.358ms hit=0.935167 e2e=5966.571ms
[ok] openhands s182 turn22 ttft=828.592ms hit=0.924977 e2e=5991.411ms
[ok] openhands s418 turn37 ttft=2450.78ms hit=0.066214 e2e=5876.18ms
[ok] openhands s240 turn0 ttft=279.656ms hit=0.0 e2e=1229.521ms
[ok] request s93 turn0 ttft=438.296ms hit=0.0 e2e=1532.841ms
[ok] request s57 turn0 ttft=472.806ms hit=0.0 e2e=1205.82ms
[ok] openhands s123 turn17 ttft=542.841ms hit=0.980272 e2e=1528.327ms
[ok] openhands s182 turn23 ttft=450.823ms hit=0.909496 e2e=1548.995ms
[ok] openhands s242 turn10 ttft=659.471ms hit=0.942367 e2e=1515.599ms
[ok] request s289 turn0 ttft=135.667ms hit=0.0 e2e=870.911ms
[ok] openhands s418 turn38 ttft=651.515ms hit=0.99306 e2e=1507.408ms
[ok] openhands s302 turn13 ttft=800.307ms hit=0.969229 e2e=1537.052ms
[ok] openhands s240 turn1 ttft=402.648ms hit=0.941327 e2e=1150.303ms
[ok] openhands s181 turn30 ttft=396.061ms hit=0.954152 e2e=1620.009ms
[ok] request s431 turn0 ttft=355.374ms hit=0.0 e2e=1579.007ms
[ok] request s265 turn0 ttft=141.757ms hit=0.0 e2e=1246.64ms
[ok] request s191 turn0 ttft=187.484ms hit=0.0 e2e=231.602ms
[ok] request s282 turn0 ttft=394.487ms hit=0.0 e2e=596.381ms
[ok] openhands s182 turn24 ttft=518.028ms hit=0.979767 e2e=1715.762ms
[ok] openhands s123 turn18 ttft=620.697ms hit=0.989651 e2e=1696.012ms
[ok] openhands s240 turn2 ttft=372.329ms hit=0.64906 e2e=1241.214ms
[ok] openhands s418 turn39 ttft=490.769ms hit=0.963208 e2e=1744.635ms
[ok] request s57 turn1 ttft=411.857ms hit=0.0 e2e=1152.804ms
[ok] openhands s302 turn14 ttft=639.591ms hit=0.984579 e2e=1716.318ms
[ok] request s93 turn1 ttft=412.446ms hit=0.179712 e2e=1154.309ms
[ok] openhands s242 turn11 ttft=839.059ms hit=0.967246 e2e=1708.38ms
[ok] request s48 turn0 ttft=735.585ms hit=0.0 e2e=1604.594ms
[ok] request s354 turn0 ttft=139.086ms hit=0.0 e2e=13238.98ms
[ok] request s46 turn0 ttft=5956.561ms hit=0.0 e2e=7142.82ms
[ok] request s459 turn0 ttft=8067.166ms hit=0.0 e2e=12645.051ms
[ok] request s102 turn0 ttft=9341.751ms hit=0.0 e2e=10653.702ms
[ok] request s191 turn1 ttft=356.987ms hit=0.0 e2e=13163.0ms
[ok] request s8 turn0 ttft=231.937ms hit=0.0 e2e=13037.653ms
[ok] request s251 turn0 ttft=3988.475ms hit=0.0 e2e=4317.913ms
[ok] request s411 turn0 ttft=4326.54ms hit=0.0 e2e=4697.653ms
[ok] request s151 turn0 ttft=9100.617ms hit=0.0 e2e=12205.5ms
[ok] openhands s120 turn10 ttft=2687.783ms hit=0.054673 e2e=12984.885ms
[ok] request s143 turn0 ttft=9083.355ms hit=0.0 e2e=11868.534ms
[ok] openhands s181 turn31 ttft=918.943ms hit=0.941817 e2e=13200.51ms
[ok] request s57 turn2 ttft=9266.615ms hit=0.0 e2e=12381.202ms
[ok] openhands s242 turn12 ttft=4368.404ms hit=0.074334 e2e=12951.255ms
[ok] request s155 turn0 ttft=9679.09ms hit=0.0 e2e=11196.249ms
[ok] request s265 turn1 ttft=790.821ms hit=0.256342 e2e=13078.201ms
[ok] request s93 turn2 ttft=9265.628ms hit=0.0 e2e=12381.155ms
[ok] openhands s123 turn19 ttft=9817.699ms hit=0.066239 e2e=12933.056ms
[ok] openhands s182 turn25 ttft=3006.497ms hit=0.980082 e2e=12981.649ms
[ok] request s234 turn0 ttft=9438.255ms hit=0.0 e2e=12554.017ms
[ok] openhands s302 turn15 ttft=5385.904ms hit=0.096501 e2e=12944.955ms
[ok] openhands s121 turn0 ttft=10024.955ms hit=0.0 e2e=11538.657ms
[ok] openhands s418 turn40 ttft=7145.386ms hit=0.063201 e2e=12971.348ms
[ok] openhands s240 turn3 ttft=8110.677ms hit=0.119937 e2e=12938.496ms
[ok] request s194 turn0 ttft=6627.226ms hit=0.0 e2e=8182.666ms
[ok] request s16 turn0 ttft=5611.059ms hit=0.0 e2e=7166.434ms
[ok] openhands s2 turn0 ttft=5617.621ms hit=0.0 e2e=6488.791ms
[ok] request s358 turn0 ttft=5277.73ms hit=0.0 e2e=6150.561ms
[ok] request s24 turn0 ttft=7644.637ms hit=0.0 e2e=9201.145ms
[ok] request s239 turn0 ttft=5273.631ms hit=0.0 e2e=6829.653ms
[ok] request s157 turn0 ttft=7985.804ms hit=0.0 e2e=9541.198ms
[ok] request s156 turn0 ttft=8326.287ms hit=0.0 e2e=9881.753ms
[ok] request s215 turn0 ttft=7309.542ms hit=0.0 e2e=8865.107ms
[ok] request s187 turn0 ttft=9006.252ms hit=0.0 e2e=10560.256ms
[ok] request s436 turn0 ttft=4939.288ms hit=0.0 e2e=5815.543ms
[ok] request s83 turn0 ttft=6973.795ms hit=0.0 e2e=8527.93ms
[ok] request s432 turn0 ttft=6296.806ms hit=0.0 e2e=7850.556ms
[ok] request s439 turn0 ttft=8669.726ms hit=0.0 e2e=10223.643ms
[ok] request s494 turn0 ttft=3307.489ms hit=0.0 e2e=4884.455ms
[ok] request s90 turn0 ttft=2634.587ms hit=0.0 e2e=4207.824ms
[ok] request s283 turn0 ttft=4664.658ms hit=0.0 e2e=6243.405ms
[ok] request s460 turn0 ttft=3648.015ms hit=0.0 e2e=5226.736ms
[ok] request s412 turn0 ttft=2995.002ms hit=0.0 e2e=4550.511ms
[ok] request s422 turn0 ttft=5005.721ms hit=0.0 e2e=6584.937ms
[ok] request s26 turn0 ttft=11286.388ms hit=0.0 e2e=11353.749ms
[ok] request s51 turn0 ttft=10943.428ms hit=0.0 e2e=11050.206ms
[ok] request s411 turn1 ttft=13066.31ms hit=0.0 e2e=13703.673ms
[ok] request s90 turn1 ttft=12555.63ms hit=0.0 e2e=12678.493ms
[ok] request s91 turn0 ttft=12635.765ms hit=0.0 e2e=12785.229ms
[ok] request s354 turn1 ttft=13196.31ms hit=0.0 e2e=14005.608ms
[ok] request s40 turn0 ttft=12977.879ms hit=0.0 e2e=13295.165ms
[ok] openhands s418 turn41 ttft=1108.932ms hit=0.992602 e2e=14356.632ms
[ok] request s9 turn0 ttft=3195.193ms hit=0.0 e2e=16446.713ms
[ok] request s116 turn0 ttft=1164.439ms hit=0.0 e2e=14413.645ms
[ok] openhands s302 turn16 ttft=5900.838ms hit=0.090897 e2e=14342.489ms
[ok] openhands s2 turn1 ttft=1686.245ms hit=0.69583 e2e=14299.346ms
[ok] request s272 turn0 ttft=2181.684ms hit=0.0 e2e=15436.905ms
[ok] openhands s303 turn0 ttft=2520.401ms hit=0.0 e2e=15775.456ms
[ok] request s409 turn0 ttft=1843.666ms hit=0.0 e2e=15098.594ms
[ok] request s504 turn0 ttft=3535.994ms hit=0.0 e2e=16793.896ms
[ok] openhands s120 turn11 ttft=1144.784ms hit=0.969003 e2e=14399.925ms
[ok] openhands s242 turn13 ttft=7243.43ms hit=0.073192 e2e=14315.957ms
[ok] request s254 turn0 ttft=1505.682ms hit=0.0 e2e=14761.157ms
[ok] openhands s182 turn26 ttft=3173.144ms hit=0.067302 e2e=14329.867ms
[ok] request s58 turn0 ttft=3874.079ms hit=0.0 e2e=17134.993ms
[ok] openhands s121 turn1 ttft=4541.508ms hit=0.08565 e2e=14342.942ms
[ok] request s329 turn0 ttft=2857.7ms hit=0.0 e2e=16118.986ms
[ok] request s93 turn3 ttft=13383.08ms hit=0.0 e2e=13818.439ms
[ok] request s194 turn1 ttft=13343.737ms hit=0.0 e2e=13784.47ms
[ok] request s239 turn1 ttft=12968.146ms hit=0.0 e2e=13921.912ms
[ok] request s494 turn1 ttft=12235.724ms hit=0.0 e2e=12676.24ms
[ok] openhands s181 turn32 ttft=13448.86ms hit=0.034926 e2e=14403.09ms
[ok] request s432 turn1 ttft=13338.283ms hit=0.0 e2e=13779.291ms
[ok] openhands s240 turn4 ttft=8240.419ms hit=0.115263 e2e=14318.66ms
[ok] request s483 turn0 ttft=13316.179ms hit=0.0 e2e=13757.786ms
[ok] request s16 turn1 ttft=13346.531ms hit=0.0 e2e=13786.675ms
[ok] request s131 turn0 ttft=12299.176ms hit=0.0 e2e=12741.37ms
[ok] request s427 turn0 ttft=13141.564ms hit=0.0 e2e=14098.105ms
[ok] request s387 turn0 ttft=11965.348ms hit=0.0 e2e=12403.451ms
[ok] request s162 turn0 ttft=11626.385ms hit=0.0 e2e=12064.559ms
[ok] openhands s123 turn20 ttft=9998.725ms hit=0.065536 e2e=14312.813ms
[ok] request s232 turn0 ttft=10610.067ms hit=0.0 e2e=11049.033ms
[ok] request s57 turn3 ttft=13140.365ms hit=0.0 e2e=13829.287ms
[ok] request s411 turn2 ttft=1156.168ms hit=0.663403 e2e=1407.079ms
[ok] request s40 turn1 ttft=963.802ms hit=0.0 e2e=1222.83ms
[ok] request s116 turn1 ttft=856.492ms hit=0.0 e2e=1214.375ms
[ok] openhands s2 turn2 ttft=1134.421ms hit=0.850892 e2e=1735.57ms
[ok] request s504 turn1 ttft=849.92ms hit=0.0 e2e=1209.821ms
[ok] openhands s120 turn12 ttft=1169.151ms hit=0.993271 e2e=1769.634ms
[ok] request s26 turn1 ttft=1122.975ms hit=0.0 e2e=1570.239ms
[ok] request s354 turn2 ttft=985.979ms hit=0.0 e2e=1351.673ms
[ok] openhands s302 turn17 ttft=1159.113ms hit=0.988732 e2e=1767.065ms
[ok] openhands s303 turn1 ttft=1200.698ms hit=0.967354 e2e=1781.873ms
[ok] openhands s123 turn21 ttft=1251.388ms hit=0.979697 e2e=1699.994ms
[ok] openhands s242 turn14 ttft=1130.53ms hit=0.973088 e2e=1738.973ms
[ok] openhands s418 turn42 ttft=1189.343ms hit=0.962778 e2e=1801.11ms
[ok] request s51 turn1 ttft=1169.929ms hit=0.0 e2e=1536.814ms
[ok] openhands s121 turn2 ttft=1103.035ms hit=0.989551 e2e=1714.702ms
[ok] openhands s240 turn5 ttft=1103.193ms hit=0.944943 e2e=1686.936ms
[ok] openhands s181 turn33 ttft=1364.221ms hit=0.998638 e2e=1731.258ms
[ok] openhands s182 turn27 ttft=1151.072ms hit=0.962206 e2e=1762.331ms
[ok] request s483 turn1 ttft=836.676ms hit=0.375918 e2e=1210.193ms
[ok] request s494 turn2 ttft=839.32ms hit=0.89332 e2e=1212.529ms
[ok] request s232 turn1 ttft=835.009ms hit=0.0 e2e=1207.868ms
[ok] request s239 turn2 ttft=842.311ms hit=0.0 e2e=1215.3ms
[ok] request s162 turn1 ttft=833.423ms hit=0.0 e2e=1210.567ms
[ok] openhands s181 turn34 ttft=12180.305ms hit=0.034734 e2e=15575.77ms
[ok] openhands s121 turn3 ttft=3309.846ms hit=0.991146 e2e=15590.945ms
[ok] request s40 turn2 ttft=11756.545ms hit=0.0 e2e=15154.726ms
[ok] request s483 turn2 ttft=11956.421ms hit=0.0 e2e=15050.39ms
[ok] openhands s2 turn3 ttft=1233.086ms hit=0.763749 e2e=15621.748ms
[ok] openhands s302 turn18 ttft=8191.4ms hit=0.077952 e2e=15633.639ms
[ok] openhands s303 turn2 ttft=8851.659ms hit=0.171342 e2e=15638.922ms
[ok] request s26 turn2 ttft=11965.255ms hit=0.0 e2e=15059.536ms
[ok] request s239 turn3 ttft=11955.888ms hit=0.0 e2e=15049.917ms
[ok] openhands s123 turn22 ttft=5036.655ms hit=0.063712 e2e=15570.23ms
[ok] openhands s120 turn13 ttft=1258.402ms hit=0.9936 e2e=15649.981ms
[ok] request s116 turn2 ttft=11665.148ms hit=0.0 e2e=15070.155ms
[ok] openhands s182 turn28 ttft=1160.735ms hit=0.983899 e2e=15552.277ms
[ok] openhands s242 turn15 ttft=6729.13ms hit=0.06889 e2e=15538.363ms
[ok] openhands s240 turn6 ttft=1165.821ms hit=0.8841 e2e=15557.022ms
[ok] openhands s418 turn43 ttft=3328.165ms hit=0.0 e2e=15618.674ms
[ok] openhands s361 turn0 ttft=8455.767ms hit=0.0 e2e=11015.483ms
[ok] request s11 turn0 ttft=8119.492ms hit=0.0 e2e=10679.053ms
[ok] request s390 turn0 ttft=4393.939ms hit=0.0 e2e=6950.353ms
[ok] request s186 turn0 ttft=6424.907ms hit=0.0 e2e=8984.777ms
[ok] request s336 turn0 ttft=7103.746ms hit=0.0 e2e=9663.547ms
[ok] request s229 turn0 ttft=7782.193ms hit=0.0 e2e=10341.979ms
[ok] request s77 turn0 ttft=5074.528ms hit=0.0 e2e=7630.236ms
[ok] request s225 turn0 ttft=6765.731ms hit=0.0 e2e=9325.927ms
[ok] request s94 turn0 ttft=5754.465ms hit=0.0 e2e=8309.629ms
[ok] request s219 turn0 ttft=5418.033ms hit=0.0 e2e=7970.852ms
[ok] request s25 turn0 ttft=6088.594ms hit=0.0 e2e=8649.724ms
[ok] request s405 turn0 ttft=4741.44ms hit=0.0 e2e=7294.672ms
[ok] request s527 turn0 ttft=7444.81ms hit=0.0 e2e=10006.523ms
[ok] request s501 turn0 ttft=4678.637ms hit=0.0 e2e=7698.887ms
[ok] request s495 turn0 ttft=4339.41ms hit=0.0 e2e=7362.707ms
[ok] request s248 turn0 ttft=1768.31ms hit=0.0 e2e=16283.254ms
[ok] request s312 turn0 ttft=3464.18ms hit=0.0 e2e=17979.932ms
[ok] request s68 turn0 ttft=1431.767ms hit=0.0 e2e=15946.946ms
[ok] request s509 turn0 ttft=756.675ms hit=0.0 e2e=15274.33ms
[ok] openhands s419 turn0 ttft=5265.231ms hit=0.0 e2e=20020.169ms
[ok] request s366 turn0 ttft=4024.929ms hit=0.0 e2e=18663.775ms
[ok] request s29 turn0 ttft=1095.774ms hit=0.0 e2e=15613.762ms
[ok] request s142 turn0 ttft=3126.321ms hit=0.0 e2e=17647.669ms
[ok] request s258 turn0 ttft=4364.81ms hit=0.0 e2e=19003.976ms
[ok] request s70 turn0 ttft=4587.781ms hit=0.0 e2e=19343.58ms
[ok] request s334 turn0 ttft=2449.419ms hit=0.0 e2e=16971.198ms
[ok] request s206 turn0 ttft=3805.67ms hit=0.0 e2e=18327.298ms
[ok] request s453 turn0 ttft=2789.482ms hit=0.0 e2e=17310.975ms
[ok] request s271 turn0 ttft=2111.448ms hit=0.0 e2e=16632.783ms
[ok] request s310 turn0 ttft=4926.802ms hit=0.0 e2e=19683.919ms
[ok] request s226 turn0 ttft=1262.163ms hit=0.0 e2e=18856.88ms
[ok] request s11 turn1 ttft=11300.769ms hit=0.0 e2e=18328.36ms
[ok] request s467 turn0 ttft=11172.569ms hit=0.0 e2e=11970.051ms
[ok] request s186 turn1 ttft=11294.33ms hit=0.0 e2e=18675.022ms
[ok] openhands s361 turn1 ttft=1047.553ms hit=0.916323 e2e=19232.937ms
[ok] request s77 turn1 ttft=11294.51ms hit=0.0 e2e=18675.182ms
[ok] request s284 turn0 ttft=12711.64ms hit=0.0 e2e=18099.646ms
[ok] openhands s241 turn0 ttft=1940.393ms hit=0.0 e2e=20133.746ms
[ok] request s527 turn1 ttft=11291.056ms hit=0.0 e2e=18677.659ms
[ok] request s313 turn0 ttft=11392.116ms hit=0.0 e2e=18778.539ms
[ok] request s26 turn3 ttft=11308.11ms hit=0.0 e2e=18694.36ms
[ok] request s94 turn1 ttft=11600.662ms hit=0.0 e2e=18680.36ms
[ok] request s496 turn0 ttft=1602.956ms hit=0.0 e2e=19796.947ms
[ok] request s136 turn0 ttft=10048.128ms hit=0.0 e2e=19118.826ms
[ok] request s445 turn0 ttft=11360.019ms hit=0.0 e2e=18441.356ms
[ok] request s40 turn3 ttft=11311.281ms hit=0.0 e2e=18698.342ms
[ok] request s268 turn0 ttft=12034.584ms hit=0.0 e2e=17425.111ms
[ok] request s393 turn0 ttft=12371.317ms hit=0.0 e2e=17764.015ms
[ok] request s225 turn1 ttft=11296.444ms hit=0.0 e2e=18684.295ms
[ok] openhands s120 turn14 ttft=6709.765ms hit=0.052399 e2e=19246.726ms
[ok] openhands s303 turn3 ttft=1044.8ms hit=0.938427 e2e=19252.379ms
[ok] openhands s242 turn16 ttft=11597.52ms hit=0.065405 e2e=18999.698ms
[ok] openhands s2 turn4 ttft=8843.303ms hit=0.058371 e2e=19281.987ms
[ok] openhands s121 turn4 ttft=1086.814ms hit=0.993818 e2e=19295.475ms
[ok] openhands s302 turn19 ttft=13319.521ms hit=0.0 e2e=18726.36ms
[ok] openhands s182 turn29 ttft=1014.403ms hit=0.970492 e2e=19225.244ms
[ok] openhands s240 turn7 ttft=10123.409ms hit=0.084881 e2e=19211.687ms
[ok] openhands s418 turn44 ttft=2841.635ms hit=0.059279 e2e=19278.239ms
[ok] openhands s123 turn23 ttft=4561.012ms hit=0.062165 e2e=19242.073ms
[ok] request s256 turn0 ttft=12076.297ms hit=0.0 e2e=14081.789ms
[ok] request s423 turn0 ttft=12414.901ms hit=0.0 e2e=14421.27ms
[ok] request s65 turn0 ttft=14741.511ms hit=0.0 e2e=17134.268ms
[ok] request s279 turn0 ttft=15079.571ms hit=0.0 e2e=17478.882ms
[ok] request s37 turn0 ttft=12754.706ms hit=0.0 e2e=14767.317ms
[ok] request s382 turn0 ttft=15602.59ms hit=0.0 e2e=18157.29ms
[ok] request s443 turn0 ttft=10273.876ms hit=0.0 e2e=12056.852ms
[ok] request s146 turn0 ttft=13432.781ms hit=0.0 e2e=15446.185ms
[ok] request s353 turn0 ttft=13095.365ms hit=0.0 e2e=15108.713ms
[ok] request s106 turn0 ttft=10834.864ms hit=0.0 e2e=12736.022ms
[ok] request s307 turn0 ttft=14402.583ms hit=0.0 e2e=16803.855ms
[ok] request s531 turn0 ttft=14332.262ms hit=0.0 e2e=16465.815ms
[ok] request s202 turn0 ttft=11512.251ms hit=0.0 e2e=13415.571ms
[ok] request s280 turn0 ttft=13774.238ms hit=0.0 e2e=15788.939ms
[ok] request s207 turn0 ttft=15264.464ms hit=0.0 e2e=17822.818ms
[ok] request s355 turn0 ttft=11739.956ms hit=0.0 e2e=13755.189ms
[ok] openhands s1 turn0 ttft=14112.429ms hit=0.0 e2e=16130.321ms
[ok] request s306 turn0 ttft=10609.569ms hit=0.0 e2e=12402.277ms
[ok] openhands s181 turn35 ttft=15824.259ms hit=0.0 e2e=39983.27ms
[ok] request s56 turn0 ttft=10175.859ms hit=0.0 e2e=34249.71ms
[ok] request s384 turn0 ttft=10216.94ms hit=0.0 e2e=34126.547ms
[ok] request s136 turn1 ttft=19977.438ms hit=0.0 e2e=23312.876ms
[ok] request s268 turn1 ttft=20135.584ms hit=0.0 e2e=23310.704ms
[ok] request s29 turn1 ttft=6043.091ms hit=0.0 e2e=28516.285ms
[ok] request s225 turn2 ttft=20402.371ms hit=0.0 e2e=23310.107ms
[ok] request s445 turn1 ttft=19977.1ms hit=0.0 e2e=23314.855ms
[ok] request s68 turn1 ttft=6049.194ms hit=0.0 e2e=28522.165ms
[ok] request s11 turn2 ttft=19641.989ms hit=0.0 e2e=23679.846ms
[ok] request s206 turn1 ttft=6043.356ms hit=0.0 e2e=28520.899ms
[ok] request s40 turn4 ttft=19977.41ms hit=0.0 e2e=23319.4ms
[ok] request s312 turn1 ttft=6051.381ms hit=0.0 e2e=28529.245ms
[ok] request s248 turn1 ttft=6053.462ms hit=0.0 e2e=28531.25ms
[ok] request s453 turn1 ttft=6043.69ms hit=0.0 e2e=28521.443ms
[ok] request s527 turn2 ttft=19982.835ms hit=0.0 e2e=23327.103ms
[ok] request s509 turn1 ttft=6048.111ms hit=0.0 e2e=28526.276ms
[ok] request s310 turn1 ttft=6043.345ms hit=0.0 e2e=28521.493ms
[ok] request s142 turn1 ttft=6366.62ms hit=0.0 e2e=28844.776ms
[ok] openhands s361 turn2 ttft=5171.598ms hit=0.875818 e2e=23924.111ms
[ok] openhands s303 turn4 ttft=19993.168ms hit=0.0 e2e=23347.757ms
[ok] openhands s419 turn1 ttft=6637.91ms hit=0.0 e2e=29128.071ms
[ok] openhands s123 turn24 ttft=14175.918ms hit=0.061293 e2e=23879.484ms
[ok] openhands s182 turn30 ttft=12156.142ms hit=0.060545 e2e=23907.347ms
[ok] openhands s2 turn5 ttft=7586.156ms hit=0.057995 e2e=23914.783ms
[ok] openhands s120 turn15 ttft=19760.881ms hit=0.052212 e2e=23813.703ms
[ok] request s496 turn1 ttft=19980.471ms hit=0.0 e2e=23337.801ms
[ok] openhands s240 turn8 ttft=15538.834ms hit=0.07623 e2e=23867.06ms
[ok] openhands s241 turn1 ttft=5478.64ms hit=0.357633 e2e=23920.157ms
[ok] openhands s302 turn20 ttft=8989.114ms hit=0.067139 e2e=23896.395ms
[ok] openhands s418 turn45 ttft=17264.457ms hit=0.05906 e2e=23835.389ms
[ok] openhands s121 turn5 ttft=10316.493ms hit=0.083722 e2e=23864.337ms
[ok] openhands s242 turn17 ttft=21962.319ms hit=0.0 e2e=23322.323ms
[ok] request s100 turn0 ttft=18212.477ms hit=0.0 e2e=28820.379ms
[ok] request s355 turn1 ttft=21791.37ms hit=0.0 e2e=34705.409ms
[ok] request s279 turn1 ttft=21677.075ms hit=0.0 e2e=34719.06ms
[ok] request s382 turn1 ttft=21672.555ms hit=0.0 e2e=34717.937ms
[ok] request s65 turn1 ttft=21558.385ms hit=0.0 e2e=34725.63ms
[ok] request s202 turn1 ttft=21669.481ms hit=0.0 e2e=34711.834ms
[ok] request s443 turn1 ttft=21673.647ms hit=0.0 e2e=34717.353ms
[ok] request s106 turn1 ttft=21791.657ms hit=0.0 e2e=34714.668ms
[ok] openhands s1 turn1 ttft=22025.124ms hit=0.0 e2e=37247.524ms
[ok] request s146 turn1 ttft=22118.054ms hit=0.0 e2e=40334.26ms
[ok] request s368 turn0 ttft=17864.449ms hit=0.0 e2e=34263.821ms
[ok] request s223 turn0 ttft=14075.274ms hit=0.0 e2e=30471.683ms
[ok] openhands s359 turn0 ttft=13546.697ms hit=0.11145 e2e=29782.699ms
[ok] request s435 turn0 ttft=15796.65ms hit=0.0 e2e=32202.659ms
[ok] request s30 turn0 ttft=13202.328ms hit=0.0 e2e=29443.863ms
[ok] request s424 turn0 ttft=14422.104ms hit=0.0 e2e=30823.702ms
[ok] request s517 turn0 ttft=15451.973ms hit=0.0 e2e=31858.464ms
[ok] request s67 turn0 ttft=16148.433ms hit=0.0 e2e=32548.554ms
[ok] request s532 turn0 ttft=17178.493ms hit=0.0 e2e=33583.694ms
[ok] openhands s180 turn0 ttft=18555.316ms hit=0.0 e2e=34961.899ms
[ok] request s328 turn0 ttft=15107.426ms hit=0.0 e2e=31514.954ms
[ok] request s260 turn0 ttft=17523.474ms hit=0.0 e2e=33929.423ms
[ok] request s212 turn0 ttft=14766.872ms hit=0.0 e2e=31171.751ms
[ok] request s317 turn0 ttft=13731.571ms hit=0.0 e2e=30137.396ms
[ok] request s397 turn0 ttft=16838.542ms hit=0.0 e2e=33241.081ms
[ok] request s325 turn0 ttft=16494.728ms hit=0.0 e2e=32897.267ms
[ok] request s130 turn0 ttft=9000.219ms hit=0.0 e2e=24986.168ms
[ok] request s111 turn0 ttft=11759.73ms hit=0.0 e2e=27745.757ms
[ok] request s19 turn0 ttft=10036.593ms hit=0.0 e2e=26022.66ms
[ok] request s327 turn0 ttft=11071.219ms hit=0.0 e2e=27057.387ms
[ok] request s286 turn0 ttft=12167.263ms hit=0.0 e2e=28437.761ms
[ok] request s152 turn0 ttft=9347.765ms hit=0.0 e2e=25334.675ms
[ok] openhands s301 turn0 ttft=9569.454ms hit=0.120858 e2e=24645.761ms
[ok] request s499 turn0 ttft=12106.408ms hit=0.0 e2e=28094.191ms
[ok] request s428 turn0 ttft=10383.676ms hit=0.0 e2e=26371.69ms
[ok] request s233 turn0 ttft=9693.591ms hit=0.0 e2e=25681.834ms
[ok] request s516 turn0 ttft=8876.542ms hit=0.0 e2e=23959.295ms
[ok] request s466 turn0 ttft=12513.231ms hit=0.0 e2e=28787.032ms
[ok] request s43 turn0 ttft=10728.439ms hit=0.0 e2e=26718.475ms
[ok] request s324 turn0 ttft=11419.447ms hit=0.0 e2e=27409.813ms
[ok] request s195 turn0 ttft=12858.989ms hit=0.0 e2e=29134.656ms
[ok] request s139 turn0 ttft=9224.707ms hit=0.0 e2e=24307.432ms
[ok] request s530 turn0 ttft=5424.919ms hit=0.0 e2e=20515.533ms
[ok] request s78 turn0 ttft=8415.626ms hit=0.0 e2e=19137.531ms
[ok] request s391 turn0 ttft=7839.088ms hit=0.0 e2e=22930.795ms
[ok] request s185 turn0 ttft=8184.635ms hit=0.0 e2e=23276.757ms
[ok] openhands s181 turn36 ttft=8160.227ms hit=0.034507 e2e=19516.48ms
[ok] request s140 turn0 ttft=5081.771ms hit=0.0 e2e=20175.338ms
[ok] request s295 turn0 ttft=8069.917ms hit=0.0 e2e=18797.616ms
[ok] request s404 turn0 ttft=6117.165ms hit=0.0 e2e=21212.219ms
[ok] openhands s63 turn0 ttft=8759.348ms hit=0.163265 e2e=19488.5ms
[ok] request s13 turn0 ttft=6462.899ms hit=0.0 e2e=21558.668ms
[ok] request s244 turn0 ttft=7497.555ms hit=0.0 e2e=22593.879ms
[ok] request s262 turn0 ttft=8533.106ms hit=0.0 e2e=23630.003ms
[ok] request s47 turn0 ttft=6808.752ms hit=0.0 e2e=21906.272ms
[ok] request s447 turn0 ttft=7154.519ms hit=0.0 e2e=22252.677ms
[ok] request s375 turn0 ttft=4741.29ms hit=0.0 e2e=19840.099ms
[ok] request s99 turn0 ttft=5777.449ms hit=0.0 e2e=20875.89ms
[ok] openhands s242 turn18 ttft=9734.283ms hit=0.063162 e2e=18226.066ms
[ok] openhands s361 turn3 ttft=8137.088ms hit=0.159141 e2e=18266.722ms
[ok] request s218 turn0 ttft=7724.537ms hit=0.0 e2e=18466.155ms
[ok] openhands s241 turn2 ttft=10142.395ms hit=0.0 e2e=18745.446ms
[ok] openhands s123 turn25 ttft=12308.068ms hit=0.0 e2e=29583.541ms
[ok] openhands s240 turn9 ttft=14192.807ms hit=0.0 e2e=34566.992ms
[ok] openhands s303 turn5 ttft=15222.351ms hit=0.0 e2e=40748.611ms
[ok] openhands s2 turn6 ttft=17937.497ms hit=0.0 e2e=40747.241ms
[ok] request s147 turn0 ttft=26574.342ms hit=0.0 e2e=38197.227ms
[ok] request s178 turn0 ttft=22973.311ms hit=0.0 e2e=40762.812ms
[ok] request s11 turn3 ttft=22886.642ms hit=0.0 e2e=40681.364ms
[ok] request s268 turn2 ttft=22898.135ms hit=0.0 e2e=40688.603ms
[ok] request s136 turn2 ttft=22896.039ms hit=0.0 e2e=40692.338ms
[ok] request s142 turn2 ttft=23304.794ms hit=0.0 e2e=41100.675ms
[ok] request s29 turn2 ttft=22893.367ms hit=0.0 e2e=40688.832ms
[ok] request s310 turn2 ttft=23174.027ms hit=0.0 e2e=40670.054ms
[ok] openhands s419 turn2 ttft=23464.438ms hit=0.088531 e2e=41259.601ms
[ok] request s149 turn0 ttft=23322.931ms hit=0.0 e2e=41117.68ms
[ok] openhands s302 turn21 ttft=20416.019ms hit=0.0 e2e=41238.146ms
[ok] request s248 turn2 ttft=22880.893ms hit=0.0 e2e=40675.055ms
[ok] request s56 turn1 ttft=23209.558ms hit=0.0 e2e=41003.258ms
[ok] request s225 turn3 ttft=23192.428ms hit=0.0 e2e=40687.96ms
[ok] request s509 turn2 ttft=23177.478ms hit=0.0 e2e=40672.15ms
[ok] openhands s182 turn31 ttft=22193.832ms hit=0.058424 e2e=41253.751ms
[ok] request s384 turn1 ttft=22994.761ms hit=0.0 e2e=40787.829ms
[ok] openhands s418 turn46 ttft=25559.296ms hit=0.058779 e2e=40991.586ms
[ok] request s527 turn3 ttft=23178.71ms hit=0.0 e2e=40687.225ms
[ok] request s68 turn2 ttft=23192.079ms hit=0.0 e2e=40699.863ms
[ok] request s457 turn0 ttft=27747.625ms hit=0.0 e2e=39751.813ms
[ok] openhands s120 turn16 ttft=28893.596ms hit=0.051619 e2e=40897.527ms
[ok] request s279 turn2 ttft=16429.075ms hit=0.0 e2e=28230.607ms
[ok] openhands s1 turn2 ttft=15156.645ms hit=0.0 e2e=26810.973ms
[ok] request s382 turn2 ttft=16428.996ms hit=0.0 e2e=28229.721ms
[ok] request s443 turn2 ttft=16423.952ms hit=0.0 e2e=28227.066ms
[ok] request s65 turn2 ttft=16428.889ms hit=0.0 e2e=28228.869ms
[ok] request s188 turn0 ttft=26226.828ms hit=0.0 e2e=38031.014ms
[ok] request s312 turn2 ttft=23180.133ms hit=0.0 e2e=40693.458ms
[ok] request s40 turn5 ttft=23503.126ms hit=0.0 e2e=40696.338ms
[ok] request s474 turn0 ttft=28435.792ms hit=0.0 e2e=40444.181ms
[ok] request s376 turn0 ttft=28091.12ms hit=0.0 e2e=40099.049ms
[ok] openhands s121 turn6 ttft=26838.176ms hit=0.082804 e2e=40913.251ms
[ok] request s506 turn0 ttft=27402.923ms hit=0.0 e2e=39410.313ms
[ok] request s319 turn0 ttft=27263.032ms hit=0.0 e2e=39065.739ms
[ok] request s44 turn0 ttft=26916.843ms hit=0.0 e2e=38720.115ms
[ok] request s355 turn2 ttft=16434.29ms hit=0.0 e2e=28236.157ms
[ok] request s206 turn2 ttft=23185.661ms hit=0.0 e2e=40698.672ms
[ok] openhands s359 turn1 ttft=12648.797ms hit=0.0 e2e=28165.015ms
[ok] openhands s180 turn1 ttft=13113.132ms hit=0.0 e2e=28149.158ms
[ok] request s228 turn0 ttft=19054.589ms hit=0.0 e2e=22868.472ms
[ok] openhands s301 turn1 ttft=14204.755ms hit=0.0 e2e=28275.059ms
[ok] request s430 turn0 ttft=18346.649ms hit=0.0 e2e=22307.054ms
[ok] openhands s242 turn19 ttft=16284.446ms hit=0.0 e2e=28271.024ms
[ok] openhands s361 turn4 ttft=17074.987ms hit=0.0 e2e=30528.366ms
[ok] request s75 turn0 ttft=13472.886ms hit=0.0 e2e=16859.498ms
[ok] openhands s63 turn1 ttft=17927.715ms hit=0.0 e2e=30661.771ms
[ok] request s317 turn1 ttft=21869.174ms hit=0.0 e2e=30195.629ms
[ok] request s325 turn1 ttft=21872.591ms hit=0.0 e2e=30194.863ms
[ok] request s30 turn1 ttft=21874.666ms hit=0.0 e2e=30202.874ms
[ok] request s260 turn1 ttft=21761.236ms hit=0.0 e2e=30321.901ms
[ok] openhands s181 turn37 ttft=22178.115ms hit=0.0 e2e=30738.24ms
[ok] request s328 turn1 ttft=21822.09ms hit=0.0 e2e=30381.785ms
[ok] request s368 turn1 ttft=21767.093ms hit=0.0 e2e=30211.747ms
[ok] request s435 turn1 ttft=21877.879ms hit=0.0 e2e=30205.494ms
[ok] request s275 turn0 ttft=11549.489ms hit=0.0 e2e=12014.226ms
[ok] request s451 turn0 ttft=12251.607ms hit=0.0 e2e=13135.77ms
[ok] request s270 turn0 ttft=11611.178ms hit=0.0 e2e=15591.66ms
[ok] request s386 turn0 ttft=10148.782ms hit=0.0 e2e=11059.38ms
[ok] request s130 turn1 ttft=22226.913ms hit=0.0 e2e=30942.647ms
[ok] request s424 turn1 ttft=22241.72ms hit=0.0 e2e=30965.236ms
[ok] request s67 turn1 ttft=22240.369ms hit=0.0 e2e=30963.451ms
[ok] request s391 turn1 ttft=23193.556ms hit=0.0 e2e=32025.271ms
[ok] request s403 turn0 ttft=15044.19ms hit=0.0 e2e=25442.802ms
[ok] request s426 turn0 ttft=14525.405ms hit=0.0 e2e=23003.357ms
[ok] openhands s241 turn3 ttft=23193.412ms hit=0.0 e2e=35192.803ms
[ok] request s247 turn0 ttft=20803.089ms hit=0.0 e2e=32263.655ms
[ok] openhands s300 turn0 ttft=21856.128ms hit=0.186874 e2e=33316.341ms
[ok] request s47 turn1 ttft=23181.336ms hit=0.0 e2e=35205.161ms
[ok] request s456 turn0 ttft=20102.0ms hit=0.0 e2e=31562.18ms
[ok] request s375 turn1 ttft=23178.455ms hit=0.0 e2e=35202.207ms
[ok] request s447 turn1 ttft=23197.313ms hit=0.0 e2e=35204.28ms
[ok] request s195 turn1 ttft=23196.154ms hit=0.0 e2e=35219.895ms
[ok] request s485 turn0 ttft=21152.718ms hit=0.0 e2e=32613.483ms
[ok] request s388 turn0 ttft=20453.671ms hit=0.0 e2e=31913.739ms
[ok] request s262 turn1 ttft=23185.282ms hit=0.0 e2e=35208.975ms
[ok] request s516 turn1 ttft=23201.613ms hit=0.0 e2e=35225.18ms
[ok] request s144 turn0 ttft=21507.405ms hit=0.0 e2e=32967.43ms
[ok] request s43 turn1 ttft=23200.091ms hit=0.0 e2e=35223.959ms
[ok] request s185 turn1 ttft=23193.808ms hit=0.0 e2e=35217.62ms
[ok] request s428 turn1 ttft=23205.032ms hit=0.0 e2e=35228.776ms
[ok] request s166 turn0 ttft=16177.402ms hit=0.0 e2e=27370.568ms
[ok] request s184 turn0 ttft=18283.827ms hit=0.0 e2e=29476.828ms
[ok] request s97 turn0 ttft=16529.646ms hit=0.0 e2e=27722.549ms
[ok] request s249 turn0 ttft=15396.805ms hit=0.0 e2e=25969.78ms
[ok] request s416 turn0 ttft=15828.507ms hit=0.0 e2e=27021.862ms
[ok] request s250 turn0 ttft=18701.687ms hit=0.0 e2e=30182.103ms
[ok] request s298 turn0 ttft=17584.168ms hit=0.0 e2e=28777.951ms
[ok] openhands s62 turn0 ttft=15747.581ms hit=0.173935 e2e=26321.905ms
[ok] request s246 turn0 ttft=14343.662ms hit=0.0 e2e=24919.176ms
[ok] request s167 turn0 ttft=16884.122ms hit=0.0 e2e=28078.661ms
[ok] request s441 turn0 ttft=15481.444ms hit=0.0 e2e=26675.939ms
[ok] request s396 turn0 ttft=19754.086ms hit=0.0 e2e=31237.447ms
[ok] request s458 turn0 ttft=19403.827ms hit=0.0 e2e=30887.289ms
[ok] request s266 turn0 ttft=14696.425ms hit=0.812698 e2e=25273.552ms
[ok] request s200 turn0 ttft=17235.871ms hit=0.0 e2e=28432.708ms
[ok] request s383 turn0 ttft=17937.993ms hit=0.0 e2e=29135.103ms
[ok] request s14 turn0 ttft=12769.209ms hit=0.0 e2e=21417.467ms
[ok] request s208 turn0 ttft=15224.701ms hit=0.0 e2e=23873.179ms
[ok] request s472 turn0 ttft=13822.936ms hit=0.0 e2e=22471.728ms
[ok] request s488 turn0 ttft=11961.953ms hit=0.0 e2e=20366.065ms
[ok] request s356 turn0 ttft=15578.445ms hit=0.0 e2e=24228.057ms
[ok] request s364 turn0 ttft=12419.641ms hit=0.0 e2e=21069.711ms
[ok] request s444 turn0 ttft=13122.351ms hit=0.0 e2e=21772.364ms
[ok] request s92 turn0 ttft=12313.592ms hit=0.0 e2e=20720.935ms
[ok] openhands s3 turn0 ttft=11941.067ms hit=0.0 e2e=19669.362ms
[ok] request s415 turn0 ttft=14877.224ms hit=0.0 e2e=23529.668ms
[ok] request s491 turn0 ttft=13995.55ms hit=0.0 e2e=24585.193ms
[ok] openhands s123 turn26 ttft=15575.235ms hit=0.057827 e2e=24447.859ms
[ok] request s59 turn0 ttft=14177.699ms hit=0.0 e2e=22832.902ms
[ok] request s349 turn0 ttft=9992.92ms hit=0.0 e2e=28210.835ms
[ok] request s109 turn0 ttft=13884.147ms hit=0.0 e2e=32464.872ms
[ok] request s221 turn0 ttft=11197.4ms hit=0.0 e2e=29661.118ms
[ok] openhands s240 turn10 ttft=14029.548ms hit=0.0 e2e=32614.176ms
[ok] request s377 turn0 ttft=10848.274ms hit=0.0 e2e=29310.636ms
[ok] request s290 turn0 ttft=12943.105ms hit=0.0 e2e=31417.956ms
[ok] request s276 turn0 ttft=13534.368ms hit=0.0 e2e=32119.47ms
[ok] request s89 turn0 ttft=12605.391ms hit=0.0 e2e=31066.331ms
[ok] request s311 turn0 ttft=11904.182ms hit=0.0 e2e=30364.892ms
[ok] request s352 turn0 ttft=13183.087ms hit=0.0 e2e=31773.666ms
[ok] request s137 turn0 ttft=10497.811ms hit=0.0 e2e=28965.745ms
[ok] request s201 turn0 ttft=9289.644ms hit=0.0 e2e=29536.363ms
[ok] request s160 turn0 ttft=9641.303ms hit=0.0 e2e=29891.022ms
[ok] request s209 turn0 ttft=9597.862ms hit=0.0 e2e=32259.137ms
[ok] request s333 turn0 ttft=9247.013ms hit=0.0 e2e=31907.897ms
[ok] request s420 turn0 ttft=8897.918ms hit=0.0 e2e=31558.37ms
[ok] openhands s303 turn6 ttft=9875.753ms hit=0.0 e2e=36694.606ms
[ok] openhands s2 turn7 ttft=13037.26ms hit=0.0 e2e=36785.084ms
[ok] openhands s120 turn17 ttft=24102.062ms hit=0.05147 e2e=36514.214ms
[ok] openhands s302 turn22 ttft=21987.511ms hit=0.064176 e2e=36563.132ms
[ok] openhands s182 turn32 ttft=20232.261ms hit=0.056472 e2e=36550.376ms
[ok] openhands s121 turn7 ttft=15980.893ms hit=0.082383 e2e=36503.776ms
[ok] openhands s359 turn2 ttft=20779.916ms hit=0.0 e2e=31444.652ms
[ok] openhands s418 turn47 ttft=18098.932ms hit=0.058509 e2e=36533.262ms
[ok] request s149 turn1 ttft=23851.248ms hit=0.0 e2e=35987.732ms
[ok] request s310 turn3 ttft=23853.454ms hit=0.0 e2e=35989.475ms
[ok] request s248 turn3 ttft=23851.385ms hit=0.0 e2e=35986.932ms
[ok] request s225 turn4 ttft=23850.355ms hit=0.0 e2e=35985.476ms
[ok] request s509 turn3 ttft=23848.875ms hit=0.0 e2e=35983.562ms
[ok] request s56 turn2 ttft=23655.44ms hit=0.0 e2e=36070.306ms
[ok] request s268 turn3 ttft=24150.095ms hit=0.0 e2e=35991.723ms
[ok] request s142 turn3 ttft=23976.541ms hit=0.0 e2e=36392.139ms
[ok] request s11 turn4 ttft=23579.604ms hit=0.0 e2e=35994.228ms
[ok] request s527 turn4 ttft=24132.521ms hit=0.0 e2e=35977.539ms
[ok] request s188 turn1 ttft=24125.849ms hit=0.0 e2e=35970.389ms
[ok] request s443 turn3 ttft=24129.556ms hit=0.0 e2e=35973.667ms
[ok] request s382 turn3 ttft=24131.932ms hit=0.0 e2e=35975.559ms
[ok] request s355 turn3 ttft=24122.26ms hit=0.0 e2e=35965.466ms
[ok] request s319 turn1 ttft=24123.862ms hit=0.0 e2e=35966.665ms
[ok] openhands s1 turn3 ttft=16289.417ms hit=0.264488 e2e=36492.079ms
[ok] openhands s419 turn3 ttft=14676.159ms hit=0.0 e2e=36575.455ms
[ok] request s206 turn3 ttft=24400.821ms hit=0.0 e2e=35964.261ms
[ok] request s40 turn6 ttft=24127.927ms hit=0.0 e2e=35970.099ms
[ok] request s65 turn3 ttft=24131.002ms hit=0.0 e2e=35972.778ms
[ok] request s175 turn0 ttft=19763.992ms hit=0.0 e2e=19764.57ms
[ok] request s228 turn1 ttft=24232.039ms hit=0.0 e2e=37349.977ms
[ok] openhands s180 turn2 ttft=21610.186ms hit=0.0 e2e=38080.512ms
[ok] openhands s301 turn2 ttft=22495.919ms hit=0.0 e2e=37966.9ms
[ok] openhands s242 turn20 ttft=24658.542ms hit=0.0 e2e=37949.445ms
[ok] openhands s361 turn5 ttft=23283.224ms hit=0.0 e2e=35976.333ms
[ok] openhands s63 turn2 ttft=23966.471ms hit=0.0 e2e=35826.973ms
[ok] openhands s181 turn38 ttft=27995.817ms hit=0.0 e2e=35924.117ms
[ok] request s184 turn1 ttft=27962.003ms hit=0.0 e2e=30267.187ms
[ok] request s165 turn0 ttft=24917.086ms hit=0.0 e2e=26006.364ms
[ok] request s264 turn0 ttft=21050.144ms hit=0.0 e2e=21795.674ms
[ok] request s368 turn2 ttft=27675.844ms hit=0.0 e2e=35546.66ms
[ok] request s75 turn1 ttft=27853.887ms hit=0.0 e2e=35726.028ms
[ok] request s317 turn2 ttft=27676.966ms hit=0.0 e2e=35548.643ms
[ok] request s386 turn1 ttft=27104.386ms hit=0.0 e2e=34859.94ms
[ok] request s435 turn2 ttft=27786.239ms hit=0.0 e2e=35544.708ms
[ok] request s67 turn2 ttft=27302.675ms hit=0.0 e2e=37568.195ms
[ok] request s130 turn2 ttft=27262.948ms hit=0.0 e2e=37534.571ms
[ok] request s528 turn0 ttft=23744.473ms hit=0.0 e2e=27841.265ms
[ok] request s367 turn0 ttft=18976.628ms hit=0.0 e2e=22319.846ms
[ok] request s321 turn0 ttft=21638.009ms hit=0.0 e2e=26117.826ms
[ok] request s6 turn0 ttft=20110.075ms hit=0.0 e2e=24368.414ms
[ok] request s472 turn1 ttft=28236.909ms hit=0.0 e2e=33879.162ms
[ok] request s447 turn2 ttft=27978.212ms hit=0.0 e2e=33917.051ms
[ok] request s369 turn0 ttft=22342.783ms hit=0.0 e2e=26826.727ms
[ok] request s43 turn2 ttft=27974.968ms hit=0.0 e2e=33912.983ms
[ok] request s341 turn0 ttft=22692.339ms hit=0.0 e2e=27184.526ms
[ok] request s402 turn0 ttft=21289.645ms hit=0.0 e2e=25781.473ms
[ok] request s208 turn1 ttft=28237.577ms hit=0.0 e2e=33889.938ms
[ok] request s416 turn1 ttft=27957.773ms hit=0.0 e2e=33904.21ms
[ok] request s96 turn0 ttft=24096.826ms hit=0.0 e2e=28588.459ms
[ok] request s246 turn1 ttft=27954.654ms hit=0.0 e2e=33900.76ms
[ok] request s491 turn1 ttft=28228.725ms hit=0.0 e2e=33883.005ms
[ok] request s426 turn1 ttft=28120.283ms hit=0.0 e2e=34065.905ms
[ok] request s338 turn0 ttft=21992.587ms hit=0.0 e2e=26483.677ms
[ok] request s492 turn0 ttft=24566.456ms hit=0.0 e2e=29290.626ms
[ok] request s41 turn0 ttft=25270.289ms hit=0.0 e2e=30002.022ms
[ok] request s179 turn0 ttft=23393.525ms hit=0.0 e2e=27896.289ms
[ok] request s396 turn1 ttft=27947.764ms hit=0.0 e2e=33905.213ms
[ok] request s364 turn1 ttft=28229.787ms hit=0.0 e2e=33893.292ms
[ok] request s383 turn1 ttft=27946.964ms hit=0.0 e2e=33903.474ms
[ok] request s163 turn0 ttft=20699.982ms hit=0.0 e2e=25089.542ms
[ok] request s168 turn0 ttft=20348.868ms hit=0.0 e2e=24738.01ms
[ok] request s285 turn0 ttft=24330.28ms hit=0.0 e2e=28949.952ms
[ok] request s14 turn1 ttft=28238.439ms hit=0.0 e2e=33901.273ms
[ok] openhands s241 turn4 ttft=25617.506ms hit=0.237878 e2e=34485.944ms
[ok] request s17 turn0 ttft=23045.006ms hit=0.0 e2e=27545.677ms
[ok] request s250 turn1 ttft=28249.603ms hit=0.0 e2e=33912.223ms
[ok] request s195 turn2 ttft=27980.341ms hit=0.0 e2e=33933.818ms
[ok] request s262 turn2 ttft=28140.1ms hit=0.0 e2e=34093.181ms
[ok] request s441 turn1 ttft=28246.936ms hit=0.0 e2e=33908.838ms
[ok] openhands s300 turn1 ttft=24570.742ms hit=0.0 e2e=34495.463ms
[ok] openhands s183 turn0 ttft=25619.217ms hit=0.0 e2e=30354.187ms
[ok] openhands s123 turn27 ttft=27600.842ms hit=0.057183 e2e=34482.032ms
[ok] openhands s3 turn1 ttft=28505.798ms hit=0.113622 e2e=34461.422ms
[ok] openhands s62 turn1 ttft=25186.311ms hit=0.168957 e2e=34492.255ms
[ok] request s148 turn0 ttft=15936.818ms hit=0.0 e2e=22121.165ms
[ok] request s170 turn0 ttft=19591.89ms hit=0.0 e2e=35636.325ms
[ok] request s524 turn0 ttft=19326.712ms hit=0.0 e2e=34997.435ms
[ok] request s519 turn0 ttft=18273.826ms hit=0.0 e2e=33947.364ms
[ok] request s231 turn0 ttft=17923.656ms hit=0.0 e2e=33596.85ms
[ok] request s511 turn0 ttft=18626.855ms hit=0.0 e2e=34299.677ms
[ok] openhands s360 turn0 ttft=19675.478ms hit=0.0 e2e=35351.508ms
[ok] request s288 turn0 ttft=19599.133ms hit=0.0 e2e=35162.864ms
[ok] request s407 turn0 ttft=19361.399ms hit=0.0 e2e=34816.574ms
[ok] request s38 turn0 ttft=17960.716ms hit=0.0 e2e=33411.935ms
[ok] request s331 turn0 ttft=18311.944ms hit=0.0 e2e=33762.744ms
[ok] request s89 turn1 ttft=19815.863ms hit=0.0 e2e=35384.205ms
[ok] request s290 turn1 ttft=19702.216ms hit=0.0 e2e=35385.414ms
[ok] request s377 turn1 ttft=19703.979ms hit=0.0 e2e=35393.186ms
[ok] request s497 turn0 ttft=19010.255ms hit=0.0 e2e=34471.558ms
[ok] request s237 turn0 ttft=19758.438ms hit=0.0 e2e=35876.015ms
[ok] openhands s240 turn11 ttft=19860.33ms hit=0.0 e2e=35978.531ms
[ok] request s493 turn0 ttft=19406.042ms hit=0.0 e2e=35524.932ms
[ok] request s236 turn0 ttft=18660.057ms hit=0.0 e2e=34122.318ms
[ok] request s349 turn1 ttft=19791.351ms hit=0.0 e2e=35480.486ms
[ok] request s408 turn0 ttft=15249.576ms hit=0.0 e2e=34826.974ms
[ok] request s189 turn0 ttft=17974.492ms hit=0.0 e2e=39064.633ms
[ok] request s413 turn0 ttft=17624.998ms hit=0.0 e2e=38715.111ms
[ok] request s437 turn0 ttft=17282.719ms hit=0.0 e2e=38142.396ms
[ok] request s177 turn0 ttft=16935.613ms hit=0.0 e2e=37792.182ms
[ok] request s305 turn0 ttft=17634.493ms hit=0.0 e2e=38499.688ms
[ok] request s425 turn0 ttft=15230.639ms hit=0.0 e2e=32597.978ms
[ok] request s464 turn0 ttft=16763.14ms hit=0.0 e2e=37162.777ms
[ok] request s505 turn0 ttft=14530.032ms hit=0.0 e2e=31900.76ms
[ok] request s173 turn0 ttft=14543.836ms hit=0.0 e2e=34355.279ms
[ok] request s471 turn0 ttft=14882.126ms hit=0.0 e2e=32251.066ms
[ok] request s500 turn0 ttft=14925.654ms hit=0.0 e2e=32295.626ms
[ok] request s259 turn0 ttft=16301.245ms hit=0.0 e2e=36111.415ms
[ok] request s502 turn0 ttft=15948.401ms hit=0.0 e2e=35759.169ms
[ok] request s193 turn0 ttft=18436.26ms hit=0.0 e2e=31586.465ms
[ok] request s339 turn0 ttft=15277.32ms hit=0.0 e2e=32656.032ms
[ok] request s245 turn0 ttft=15979.945ms hit=0.0 e2e=33358.313ms
[ok] request s512 turn0 ttft=16287.177ms hit=0.0 e2e=33665.166ms
[ok] request s124 turn0 ttft=14192.238ms hit=0.0 e2e=34014.973ms
[ok] request s362 turn0 ttft=14897.498ms hit=0.0 e2e=34717.194ms
[ok] request s421 turn0 ttft=16412.149ms hit=0.0 e2e=36823.456ms
[ok] request s469 turn0 ttft=16655.055ms hit=0.0 e2e=36473.196ms
[ok] request s174 turn0 ttft=14567.288ms hit=0.0 e2e=31952.658ms
[ok] openhands s2 turn8 ttft=17319.025ms hit=0.0 e2e=31825.928ms
[ok] request s252 turn0 ttft=15581.338ms hit=0.0 e2e=32965.646ms
[ok] openhands s418 turn48 ttft=20212.853ms hit=0.0 e2e=31598.145ms
[ok] openhands s475 turn0 ttft=17113.993ms hit=0.0 e2e=37526.505ms
[ok] openhands s122 turn0 ttft=16327.76ms hit=0.052779 e2e=33711.268ms
[ok] request s333 turn1 ttft=16726.811ms hit=0.0 e2e=36551.083ms
[ok] request s363 turn0 ttft=15627.281ms hit=0.0 e2e=33010.042ms
[ok] request s192 turn0 ttft=18381.221ms hit=0.0 e2e=31545.63ms
[ok] openhands s359 turn3 ttft=18441.031ms hit=0.094863 e2e=31604.922ms
[ok] request s498 turn0 ttft=15598.133ms hit=0.0 e2e=35421.255ms
[ok] request s209 turn1 ttft=16731.68ms hit=0.0 e2e=36553.155ms
[ok] openhands s120 turn18 ttft=22635.965ms hit=0.0 e2e=32147.548ms
[ok] request s175 turn1 ttft=30306.685ms hit=0.0 e2e=31036.477ms
[ok] openhands s182 turn33 ttft=25155.275ms hit=0.0 e2e=38774.606ms
[ok] request s40 turn7 ttft=30277.93ms hit=0.0 e2e=38339.29ms
[ok] request s443 turn4 ttft=30400.514ms hit=0.0 e2e=38232.442ms
[ok] request s523 turn0 ttft=30254.891ms hit=0.0 e2e=38447.228ms
[ok] request s56 turn3 ttft=30409.263ms hit=0.0 e2e=38240.855ms
[ok] request s355 turn4 ttft=30514.718ms hit=0.0 e2e=38228.263ms
[ok] openhands s1 turn4 ttft=27323.405ms hit=0.244042 e2e=38776.717ms
[ok] openhands s419 turn4 ttft=27015.71ms hit=0.0 e2e=38789.456ms
[ok] openhands s121 turn8 ttft=28629.715ms hit=0.082011 e2e=38771.031ms
[ok] request s268 turn4 ttft=30407.91ms hit=0.0 e2e=38239.533ms
[ok] request s11 turn5 ttft=30406.464ms hit=0.0 e2e=38237.692ms
[ok] request s153 turn0 ttft=30299.178ms hit=0.0 e2e=38491.826ms
[ok] request s527 turn5 ttft=30404.68ms hit=0.0 e2e=38235.591ms
[ok] request s382 turn4 ttft=30514.029ms hit=0.0 e2e=38231.667ms
[ok] request s142 turn4 ttft=30348.035ms hit=0.0 e2e=38541.944ms
[ok] request s520 turn0 ttft=34464.493ms hit=0.0 e2e=34827.242ms
[ok] request s450 turn0 ttft=29910.643ms hit=0.0 e2e=42204.241ms
[ok] request s65 turn4 ttft=30698.799ms hit=0.0 e2e=42995.338ms
[ok] request s281 turn0 ttft=30614.579ms hit=0.0 e2e=42910.767ms
[ok] request s319 turn2 ttft=30701.069ms hit=0.0 e2e=43001.998ms
[ok] request s114 turn0 ttft=29562.966ms hit=0.0 e2e=41863.529ms
[ok] request s159 turn0 ttft=30265.805ms hit=0.0 e2e=42565.508ms
[ok] request s228 turn2 ttft=35874.916ms hit=0.0 e2e=39189.734ms
[ok] request s216 turn0 ttft=26637.088ms hit=0.0 e2e=39718.758ms
[ok] request s287 turn0 ttft=27731.425ms hit=0.0 e2e=41133.313ms
[ok] openhands s0 turn0 ttft=28086.334ms hit=0.520037 e2e=41485.285ms
[ok] request s308 turn0 ttft=26679.235ms hit=0.0 e2e=40080.831ms
[ok] openhands s180 turn3 ttft=27637.275ms hit=0.10351 e2e=39716.007ms
[ok] request s318 turn0 ttft=28434.223ms hit=0.0 e2e=41842.131ms
[ok] request s410 turn0 ttft=29884.259ms hit=0.0 e2e=43596.264ms
[ok] openhands s303 turn7 ttft=30615.119ms hit=0.0 e2e=44326.551ms
[ok] request s462 turn0 ttft=30236.671ms hit=0.0 e2e=43947.675ms
[ok] request s85 turn0 ttft=29534.97ms hit=0.0 e2e=43245.594ms
[ok] request s392 turn0 ttft=27381.802ms hit=0.0 e2e=40789.759ms
[ok] request s22 turn0 ttft=28833.647ms hit=0.0 e2e=42543.951ms
[ok] request s461 turn0 ttft=29185.033ms hit=0.0 e2e=42894.941ms
[ok] request s204 turn0 ttft=27031.176ms hit=0.0 e2e=40438.896ms
[ok] request s15 turn0 ttft=30590.588ms hit=0.0 e2e=44300.148ms
[ok] request s526 turn0 ttft=28485.979ms hit=0.0 e2e=42195.14ms
[ok] openhands s301 turn3 ttft=28657.367ms hit=0.115723 e2e=39731.361ms
[ok] openhands s361 turn6 ttft=30774.747ms hit=0.0 e2e=39429.473ms
[ok] request s372 turn0 ttft=30733.132ms hit=0.0 e2e=39388.557ms
[ok] openhands s242 turn21 ttft=30377.208ms hit=0.061029 e2e=39698.748ms
[ok] request s201 turn1 ttft=18319.292ms hit=0.0 e2e=54852.153ms
[ok] openhands s63 turn3 ttft=31756.473ms hit=0.0 e2e=44805.352ms
[ok] request s525 turn0 ttft=35273.448ms hit=0.0 e2e=44401.697ms
[ok] request s75 turn2 ttft=35323.581ms hit=0.0 e2e=44215.621ms
[ok] request s117 turn0 ttft=34110.994ms hit=0.0 e2e=43002.609ms
[ok] openhands s241 turn5 ttft=32814.939ms hit=0.0 e2e=41378.29ms
[ok] request s346 turn0 ttft=35624.833ms hit=0.0 e2e=44764.699ms
[ok] request s222 turn0 ttft=34813.454ms hit=0.0 e2e=43710.733ms
[ok] request s317 turn3 ttft=35323.688ms hit=0.0 e2e=44220.557ms
[ok] request s316 turn0 ttft=33763.449ms hit=0.0 e2e=42659.977ms
[ok] request s264 turn1 ttft=35287.77ms hit=0.0 e2e=44427.555ms
[ok] openhands s181 turn39 ttft=35890.395ms hit=0.0 e2e=45029.617ms
[ok] request s171 turn0 ttft=33061.674ms hit=0.0 e2e=41958.008ms
[ok] request s263 turn0 ttft=32712.047ms hit=0.0 e2e=41607.436ms
[ok] request s165 turn1 ttft=35290.099ms hit=0.0 e2e=44429.093ms
[ok] request s184 turn2 ttft=35294.003ms hit=0.0 e2e=44432.571ms
[ok] request s332 turn0 ttft=35168.321ms hit=0.0 e2e=44063.48ms
[ok] request s398 turn0 ttft=33414.811ms hit=0.0 e2e=42309.561ms
[ok] request s442 turn0 ttft=37008.85ms hit=0.0 e2e=40250.315ms
[ok] openhands s123 turn28 ttft=35398.063ms hit=0.0 e2e=44241.334ms
[ok] request s148 turn1 ttft=31051.417ms hit=0.0 e2e=34024.519ms
[ok] request s373 turn0 ttft=39583.548ms hit=0.0 e2e=43236.465ms
[ok] request s529 turn0 ttft=35606.008ms hit=0.0 e2e=39042.443ms
[ok] request s179 turn1 ttft=38751.478ms hit=0.0 e2e=43923.001ms
[ok] request s330 turn0 ttft=38585.609ms hit=0.0 e2e=44049.028ms
[ok] request s338 turn1 ttft=38755.27ms hit=0.0 e2e=43932.247ms
[ok] request s426 turn2 ttft=38758.669ms hit=0.0 e2e=43934.163ms
[ok] request s472 turn2 ttft=38483.908ms hit=0.0 e2e=43946.622ms
[ok] request s208 turn2 ttft=38476.104ms hit=0.0 e2e=43938.573ms
[ok] request s491 turn2 ttft=38474.026ms hit=0.0 e2e=43936.237ms
[ok] request s96 turn1 ttft=38475.696ms hit=0.0 e2e=43937.675ms
[ok] request s321 turn1 ttft=38492.54ms hit=0.0 e2e=43954.32ms
[ok] openhands s62 turn2 ttft=38067.654ms hit=0.159846 e2e=44473.626ms
[ok] openhands s3 turn2 ttft=38827.49ms hit=0.111243 e2e=44292.503ms
[ok] request s135 turn0 ttft=37997.574ms hit=0.0 e2e=44403.628ms
[ok] request s447 turn3 ttft=38485.156ms hit=0.0 e2e=43947.853ms
[ok] request s6 turn1 ttft=38484.01ms hit=0.0 e2e=43950.545ms
[ok] openhands s183 turn1 ttft=37442.428ms hit=0.114147 e2e=44501.326ms
[ok] openhands s300 turn2 ttft=36444.276ms hit=0.0 e2e=44505.015ms
[ok] request s438 turn0 ttft=37359.816ms hit=0.0 e2e=40905.755ms
[ok] request s510 turn0 ttft=38880.707ms hit=0.0 e2e=42659.216ms
[ok] request s195 turn3 ttft=39033.565ms hit=0.0 e2e=43936.52ms
[ok] request s86 turn0 ttft=38293.937ms hit=0.0 e2e=41958.735ms
[ok] request s396 turn2 ttft=38751.414ms hit=0.0 e2e=43943.996ms
[ok] request s168 turn1 ttft=38749.378ms hit=0.0 e2e=43941.452ms
[ok] request s399 turn0 ttft=38644.777ms hit=0.0 e2e=42310.633ms
[ok] request s138 turn0 ttft=37709.44ms hit=0.0 e2e=41258.319ms
[ok] request s285 turn1 ttft=39035.212ms hit=0.0 e2e=43941.887ms
[ok] request s441 turn2 ttft=39030.37ms hit=0.0 e2e=43938.811ms
[ok] request s17 turn1 ttft=39033.574ms hit=0.0 e2e=43942.004ms
[ok] request s364 turn2 ttft=38751.846ms hit=0.0 e2e=43946.33ms
[ok] request s220 turn0 ttft=38062.318ms hit=0.0 e2e=41612.715ms
[ok] request s5 turn0 ttft=39232.89ms hit=0.0 e2e=43017.202ms
[ok] request s309 turn0 ttft=36659.863ms hit=0.0 e2e=40210.257ms
[ok] openhands s60 turn0 ttft=39933.503ms hit=0.0 e2e=43720.898ms
[ok] request s128 turn0 ttft=35270.923ms hit=0.0 e2e=38809.251ms
[ok] request s293 turn0 ttft=36308.308ms hit=0.0 e2e=39861.496ms
[ok] request s370 turn0 ttft=35959.358ms hit=0.0 e2e=39512.312ms
[ok] request s486 turn0 ttft=35219.085ms hit=0.0 e2e=57064.959ms
[ok] request s71 turn0 ttft=34870.56ms hit=0.0 e2e=56715.728ms
[ok] request s118 turn0 ttft=34167.593ms hit=0.0 e2e=56012.473ms
[ok] request s463 turn0 ttft=34517.006ms hit=0.0 e2e=56366.162ms
[ok] request s89 turn2 ttft=29148.391ms hit=0.0 e2e=48271.985ms
[ok] request s511 turn1 ttft=29510.361ms hit=0.0 e2e=50592.677ms
[ok] request s524 turn1 ttft=29514.127ms hit=0.0 e2e=50597.884ms
[ok] openhands s240 turn12 ttft=29427.113ms hit=0.058556 e2e=48552.328ms
[ok] request s231 turn1 ttft=29511.119ms hit=0.0 e2e=50594.97ms
[ok] openhands s360 turn1 ttft=30108.348ms hit=0.0 e2e=51191.502ms
[ok] request s493 turn1 ttft=28974.744ms hit=0.0 e2e=48134.711ms
[ok] request s497 turn1 ttft=28976.82ms hit=0.0 e2e=48138.915ms
[ok] request s520 turn1 ttft=32042.736ms hit=0.0 e2e=33218.407ms
[ok] request s339 turn1 ttft=37440.323ms hit=0.0 e2e=45266.609ms
[ok] openhands s302 turn23 ttft=30410.649ms hit=0.053712 e2e=77386.019ms
[ok] openhands s359 turn4 ttft=31840.498ms hit=0.085864 e2e=46138.267ms
[ok] openhands s475 turn1 ttft=30494.363ms hit=0.499202 e2e=46142.532ms
[ok] request s408 turn1 ttft=35261.474ms hit=0.0 e2e=45820.636ms
[ok] request s177 turn1 ttft=35103.413ms hit=0.0 e2e=45662.404ms
[ok] openhands s418 turn49 ttft=30514.625ms hit=0.058046 e2e=46163.232ms
[ok] request s421 turn1 ttft=37438.309ms hit=0.0 e2e=45582.832ms
[ok] request s363 turn1 ttft=37434.552ms hit=0.0 e2e=45578.967ms
[ok] request s252 turn1 ttft=37438.237ms hit=0.0 e2e=45582.575ms
[ok] request s502 turn1 ttft=37443.933ms hit=0.0 e2e=45588.253ms
[ok] openhands s2 turn9 ttft=35575.883ms hit=0.033619 e2e=46143.51ms
[ok] request s505 turn1 ttft=37447.008ms hit=0.0 e2e=45591.769ms
[ok] request s512 turn1 ttft=37442.441ms hit=0.0 e2e=45587.173ms
[ok] request s333 turn2 ttft=37438.98ms hit=0.0 e2e=45583.713ms
[ok] openhands s120 turn19 ttft=37459.681ms hit=0.0 e2e=45604.4ms
[ok] openhands s122 turn1 ttft=28442.781ms hit=0.051742 e2e=46184.973ms
[ok] request s500 turn1 ttft=37447.543ms hit=0.0 e2e=45592.939ms
[ok] openhands s419 turn5 ttft=35009.076ms hit=0.080105 e2e=38953.853ms
[ok] openhands s182 turn34 ttft=33882.336ms hit=0.0 e2e=38983.979ms
[ok] request s175 turn2 ttft=31874.394ms hit=0.0 e2e=39384.734ms
[ok] request s209 turn2 ttft=38077.724ms hit=0.0 e2e=45588.105ms
[ok] request s443 turn5 ttft=36573.603ms hit=0.0 e2e=52654.801ms
[ok] openhands s1 turn5 ttft=37111.51ms hit=0.237597 e2e=53192.549ms
[ok] request s56 turn4 ttft=36798.157ms hit=0.0 e2e=52653.032ms
[ok] request s142 turn5 ttft=36752.451ms hit=0.0 e2e=52835.205ms
[ok] request s65 turn5 ttft=32030.835ms hit=0.0 e2e=47886.781ms
[ok] request s153 turn1 ttft=36796.81ms hit=0.0 e2e=52652.033ms
[ok] openhands s121 turn9 ttft=36933.778ms hit=0.0 e2e=53247.26ms
[ok] request s319 turn3 ttft=32026.663ms hit=0.0 e2e=47881.535ms
[ok] openhands s180 turn4 ttft=30739.391ms hit=0.102781 e2e=45694.655ms
[ok] request s281 turn1 ttft=32249.159ms hit=0.0 e2e=48135.733ms
[ok] openhands s0 turn1 ttft=30971.857ms hit=0.0 e2e=45954.825ms
[ok] request s148 turn2 ttft=39899.773ms hit=0.0 e2e=40180.671ms
[ok] request s228 turn3 ttft=35638.884ms hit=0.0 e2e=48956.659ms
[ok] request s318 turn1 ttft=35544.615ms hit=0.0 e2e=49096.391ms
[ok] openhands s242 turn22 ttft=34528.638ms hit=0.05958 e2e=49684.678ms
[ok] request s462 turn1 ttft=35544.035ms hit=0.0 e2e=49098.299ms
[ok] openhands s361 turn7 ttft=35170.062ms hit=0.130928 e2e=49672.324ms
[ok] request s22 turn1 ttft=35542.677ms hit=0.0 e2e=49096.577ms
[ok] openhands s301 turn4 ttft=32778.361ms hit=0.0 e2e=49695.519ms
[ok] request s392 turn1 ttft=35544.598ms hit=0.0 e2e=49103.135ms
[ok] openhands s303 turn8 ttft=36113.357ms hit=0.128879 e2e=49671.798ms
[ok] request s461 turn1 ttft=35543.166ms hit=0.0 e2e=49101.546ms
[ok] request s204 turn1 ttft=35542.329ms hit=0.0 e2e=49100.698ms
[ok] openhands s63 turn4 ttft=31706.838ms hit=0.127519 e2e=44278.905ms
[ok] request s525 turn1 ttft=35401.813ms hit=0.0 e2e=43451.229ms
[ok] request s201 turn2 ttft=35120.326ms hit=0.0 e2e=48679.654ms
[ok] openhands s241 turn6 ttft=35903.154ms hit=0.126659 e2e=43952.964ms
[ok] request s75 turn3 ttft=35633.535ms hit=0.0 e2e=43386.634ms
[ok] openhands s181 turn40 ttft=35293.979ms hit=0.033389 e2e=43976.965ms
[ok] request s165 turn2 ttft=35621.689ms hit=0.0 e2e=43384.068ms
[ok] request s332 turn1 ttft=35618.842ms hit=0.0 e2e=43381.237ms
[ok] request s184 turn3 ttft=35621.112ms hit=0.0 e2e=43383.636ms
[ok] request s316 turn1 ttft=35624.41ms hit=0.0 e2e=43387.08ms
[ok] request s317 turn4 ttft=35626.86ms hit=0.0 e2e=43389.706ms
[ok] request s117 turn1 ttft=35632.183ms hit=0.0 e2e=43394.615ms
[ok] openhands s123 turn29 ttft=35278.221ms hit=0.056282 e2e=41121.68ms
[ok] request s398 turn1 ttft=35620.946ms hit=0.0 e2e=43384.31ms
[ok] openhands s62 turn3 ttft=35869.44ms hit=0.0 e2e=41610.536ms
[ok] openhands s300 turn3 ttft=36688.208ms hit=0.0 e2e=48200.32ms
[ok] request s520 turn2 ttft=24319.524ms hit=0.0 e2e=28376.494ms
[ok] request s96 turn2 ttft=39916.394ms hit=0.0 e2e=50218.569ms
[ok] request s396 turn3 ttft=39903.132ms hit=0.0 e2e=50205.017ms
[ok] openhands s60 turn1 ttft=38290.292ms hit=0.0 e2e=50778.139ms
[ok] request s293 turn1 ttft=39891.923ms hit=0.0 e2e=50193.778ms
[ok] request s208 turn3 ttft=39920.053ms hit=0.0 e2e=50221.663ms
[ok] openhands s183 turn2 ttft=40222.447ms hit=0.113052 e2e=50789.739ms
[ok] request s373 turn1 ttft=39789.808ms hit=0.0 e2e=50356.747ms
[ok] request s338 turn2 ttft=39795.62ms hit=0.0 e2e=50226.941ms
[ok] request s472 turn3 ttft=39923.063ms hit=0.0 e2e=50225.359ms
[ok] request s529 turn1 ttft=39754.631ms hit=0.0 e2e=50321.583ms
[ok] openhands s3 turn3 ttft=39310.951ms hit=0.092824 e2e=50796.518ms
[ok] request s497 turn2 ttft=25165.091ms hit=0.0 e2e=39831.342ms
[ok] request s438 turn1 ttft=41021.445ms hit=0.0 e2e=58672.721ms
[ok] request s285 turn2 ttft=41011.054ms hit=0.0 e2e=58663.163ms
[ok] request s321 turn2 ttft=41029.983ms hit=0.0 e2e=58680.236ms
[ok] openhands s360 turn2 ttft=23567.704ms hit=0.0 e2e=40605.292ms
[ok] request s493 turn2 ttft=24858.027ms hit=0.0 e2e=39840.957ms
[ok] request s168 turn2 ttft=41014.365ms hit=0.0 e2e=58671.049ms
[ok] request s441 turn3 ttft=41008.786ms hit=0.0 e2e=58667.94ms
[ok] openhands s240 turn13 ttft=25606.753ms hit=0.057905 e2e=40590.104ms
[ok] request s71 turn1 ttft=25078.921ms hit=0.0 e2e=40062.136ms
[ok] request s135 turn1 ttft=41027.217ms hit=0.0 e2e=58685.87ms
[ok] request s364 turn3 ttft=41009.856ms hit=0.0 e2e=58667.358ms
[ok] request s486 turn1 ttft=25084.098ms hit=0.0 e2e=40064.826ms
[ok] request s524 turn2 ttft=25033.465ms hit=0.0 e2e=40013.988ms
[ok] request s463 turn1 ttft=25082.367ms hit=0.0 e2e=40062.805ms
[ok] openhands s302 turn24 ttft=24342.446ms hit=0.0 e2e=36951.645ms
[ok] openhands s359 turn5 ttft=25536.96ms hit=0.0 e2e=36777.468ms
[ok] request s118 turn1 ttft=25199.788ms hit=0.0 e2e=40189.377ms
[ok] openhands s120 turn20 ttft=28189.615ms hit=0.0 e2e=37013.369ms
[ok] openhands s419 turn6 ttft=36467.659ms hit=0.072359 e2e=45266.982ms
[ok] openhands s475 turn2 ttft=35095.649ms hit=0.482522 e2e=45294.805ms
[ok] openhands s418 turn50 ttft=35030.465ms hit=0.057847 e2e=45230.493ms
[ok] openhands s182 turn35 ttft=30877.628ms hit=0.0 e2e=45246.964ms
[ok] openhands s122 turn2 ttft=33052.9ms hit=0.051551 e2e=45293.634ms
[ok] openhands s2 turn10 ttft=40969.593ms hit=0.0 e2e=52670.359ms
[ok] request s153 turn2 ttft=30297.839ms hit=0.0 e2e=37809.708ms
[ok] openhands s0 turn2 ttft=30628.259ms hit=0.411035 e2e=38139.763ms
[ok] request s408 turn2 ttft=40430.188ms hit=0.0 e2e=52135.638ms
[ok] openhands s180 turn5 ttft=29667.094ms hit=0.082702 e2e=38410.836ms
[ok] openhands s121 turn10 ttft=30651.967ms hit=0.081329 e2e=38407.131ms
[ok] request s252 turn2 ttft=40726.817ms hit=0.0 e2e=52128.831ms
[ok] request s502 turn2 ttft=41370.561ms hit=0.0 e2e=52127.424ms
[ok] request s281 turn2 ttft=30594.625ms hit=0.0 e2e=38112.384ms
[ok] request s512 turn2 ttft=40722.784ms hit=0.0 e2e=52124.51ms
[ok] openhands s1 turn6 ttft=28317.938ms hit=0.0 e2e=38418.432ms
[ok] request s65 turn6 ttft=30303.89ms hit=0.0 e2e=37822.108ms
[ok] request s363 turn2 ttft=40423.662ms hit=0.0 e2e=52132.435ms
[ok] request s209 turn3 ttft=41364.169ms hit=0.0 e2e=52122.387ms
[ok] request s177 turn2 ttft=40426.85ms hit=0.0 e2e=52136.947ms
[ok] request s505 turn2 ttft=40724.05ms hit=0.0 e2e=52128.466ms
[ok] request s319 turn4 ttft=30297.529ms hit=0.0 e2e=37819.268ms
[ok] request s148 turn3 ttft=39950.423ms hit=0.0 e2e=44059.242ms
[ok] openhands s123 turn30 ttft=33027.112ms hit=0.0 e2e=44360.585ms
[ok] openhands s301 turn5 ttft=31075.114ms hit=0.111768 e2e=44404.979ms
[ok] openhands s63 turn5 ttft=30166.762ms hit=0.123775 e2e=44396.989ms
[ok] openhands s242 turn23 ttft=29241.236ms hit=0.0 e2e=44418.847ms
[ok] openhands s361 turn8 ttft=34090.196ms hit=0.0 e2e=45221.377ms
[ok] request s520 turn3 ttft=35731.488ms hit=0.0 e2e=38665.654ms
[ok] request s204 turn2 ttft=39654.658ms hit=0.0 e2e=50337.203ms
[ok] request s525 turn2 ttft=39653.525ms hit=0.0 e2e=50335.851ms
[ok] openhands s303 turn9 ttft=40041.438ms hit=0.127884 e2e=50723.433ms
[ok] request s461 turn2 ttft=39658.577ms hit=0.0 e2e=50340.292ms
[ok] openhands s181 turn41 ttft=39281.761ms hit=0.033262 e2e=50900.394ms
[ok] request s184 turn4 ttft=39950.816ms hit=0.0 e2e=50327.854ms
[ok] request s165 turn3 ttft=39650.19ms hit=0.0 e2e=50336.381ms
[ok] openhands s60 turn2 ttft=33113.714ms hit=0.0 e2e=40949.784ms
[ok] request s317 turn5 ttft=39947.943ms hit=0.0 e2e=50330.713ms
[ok] request s332 turn2 ttft=39953.308ms hit=0.0 e2e=50335.33ms
[ok] openhands s241 turn7 ttft=35479.319ms hit=0.0 e2e=50859.456ms
[ok] openhands s62 turn4 ttft=40358.07ms hit=0.143886 e2e=50093.949ms
[ok] openhands s300 turn4 ttft=34123.234ms hit=0.141465 e2e=43257.808ms
[ok] openhands s183 turn3 ttft=34343.735ms hit=0.0 e2e=41200.909ms
[ok] request s373 turn2 ttft=35190.146ms hit=0.0 e2e=55677.409ms
[ok] openhands s3 turn4 ttft=35747.134ms hit=0.0 e2e=56235.567ms
[ok] request s529 turn2 ttft=35291.349ms hit=0.0 e2e=55778.936ms
[ok] request s293 turn2 ttft=35194.441ms hit=0.0 e2e=55681.401ms
[ok] request s338 turn3 ttft=35188.158ms hit=0.0 e2e=55679.456ms
[ok] openhands s360 turn3 ttft=28416.147ms hit=0.0 e2e=47981.634ms
[ok] openhands s359 turn6 ttft=30068.128ms hit=0.0 e2e=49528.863ms
[ok] request s497 turn3 ttft=34877.462ms hit=0.0 e2e=48949.241ms
[ok] openhands s240 turn14 ttft=32216.733ms hit=0.0 e2e=49626.876ms
[ok] openhands s475 turn3 ttft=31691.922ms hit=0.448622 e2e=41972.229ms
[ok] openhands s1 turn7 ttft=26558.316ms hit=0.213301 e2e=34797.07ms
[ok] request s524 turn3 ttft=35181.83ms hit=0.0 e2e=50148.018ms
[ok] openhands s122 turn3 ttft=29822.31ms hit=0.0 e2e=42223.668ms
[ok] request s168 turn3 ttft=34871.272ms hit=0.0 e2e=50155.785ms
[ok] openhands s0 turn3 ttft=27238.781ms hit=0.1331 e2e=34797.417ms
[ok] request s486 turn2 ttft=34864.983ms hit=0.0 e2e=50150.588ms
[ok] openhands s419 turn7 ttft=33241.952ms hit=0.070621 e2e=41786.043ms
[ok] request s441 turn4 ttft=35186.57ms hit=0.0 e2e=50155.047ms
[ok] openhands s120 turn21 ttft=34750.362ms hit=0.0 e2e=50338.251ms
[ok] request s71 turn2 ttft=34867.572ms hit=0.0 e2e=50153.309ms
[ok] request s118 turn2 ttft=34645.097ms hit=0.0 e2e=50233.018ms
[ok] request s463 turn2 ttft=35180.529ms hit=0.0 e2e=50149.202ms
[ok] openhands s182 turn36 ttft=31924.524ms hit=0.052651 e2e=42214.217ms
[ok] openhands s2 turn11 ttft=31765.654ms hit=0.0 e2e=35404.539ms
[ok] openhands s180 turn6 ttft=33432.012ms hit=0.0 e2e=44084.578ms
[ok] request s502 turn3 ttft=33105.797ms hit=0.0 e2e=43691.635ms
[ok] request s408 turn3 ttft=33109.075ms hit=0.0 e2e=43694.032ms
[ok] request s153 turn3 ttft=33114.545ms hit=0.0 e2e=43700.218ms
[ok] request s209 turn4 ttft=33838.023ms hit=0.0 e2e=47137.9ms
[ok] request s512 turn3 ttft=33977.113ms hit=0.0 e2e=47586.918ms
[ok] openhands s63 turn6 ttft=31514.854ms hit=0.120983 e2e=38347.531ms
[ok] openhands s361 turn9 ttft=31645.126ms hit=0.096432 e2e=37526.017ms
[ok] request s65 turn7 ttft=34813.209ms hit=0.0 e2e=47812.482ms
[ok] openhands s121 turn11 ttft=35480.03ms hit=0.0 e2e=47210.24ms
[ok] openhands s242 turn24 ttft=30857.976ms hit=0.058541 e2e=38367.233ms
[ok] openhands s123 turn31 ttft=28768.11ms hit=0.05564 e2e=38386.059ms
[ok] openhands s62 turn5 ttft=26531.38ms hit=0.141928 e2e=31879.343ms
[ok] openhands s301 turn6 ttft=26664.337ms hit=0.992553 e2e=38395.119ms
[ok] openhands s300 turn5 ttft=27489.73ms hit=0.0 e2e=32459.511ms
[ok] openhands s60 turn3 ttft=29025.102ms hit=0.0 e2e=46306.468ms
[ok] openhands s241 turn8 ttft=29617.97ms hit=0.122275 e2e=46276.334ms
[ok] openhands s183 turn4 ttft=30825.936ms hit=0.0 e2e=46248.249ms
[ok] request s525 turn3 ttft=31040.752ms hit=0.0 e2e=47500.549ms
[ok] request s165 turn4 ttft=31030.726ms hit=0.0 e2e=47496.545ms
[ok] request s332 turn3 ttft=31034.391ms hit=0.0 e2e=47497.882ms
[ok] request s184 turn5 ttft=31034.156ms hit=0.0 e2e=47503.099ms
[ok] request s204 turn3 ttft=30778.941ms hit=0.0 e2e=47507.837ms
[ok] request s505 turn3 ttft=33970.149ms hit=0.0 e2e=69116.19ms
[ok] openhands s181 turn42 ttft=34293.174ms hit=0.0 e2e=53615.405ms
[ok] openhands s359 turn7 ttft=24167.196ms hit=0.066027 e2e=38416.197ms
[ok] openhands s303 turn10 ttft=34875.299ms hit=0.12372 e2e=53535.913ms
[ok] request s293 turn3 ttft=23607.968ms hit=0.0 e2e=39556.903ms
[ok] openhands s3 turn5 ttft=22831.829ms hit=0.082327 e2e=40134.93ms
[ok] openhands s360 turn4 ttft=24019.931ms hit=0.079241 e2e=39970.524ms
[ok] openhands s240 turn15 ttft=25888.469ms hit=0.056547 e2e=38310.446ms
[ok] request s529 turn3 ttft=23610.456ms hit=0.0 e2e=39559.893ms
[ok] request s338 turn4 ttft=23605.667ms hit=0.0 e2e=39556.449ms
[ok] request s497 turn4 ttft=25829.962ms hit=0.0 e2e=38287.011ms
[ok] openhands s122 turn4 ttft=27971.078ms hit=0.0 e2e=37671.329ms
[ok] openhands s1 turn8 ttft=29594.252ms hit=0.188323 e2e=49520.761ms
[ok] openhands s0 turn4 ttft=29166.887ms hit=0.0 e2e=49543.888ms
[ok] openhands s475 turn4 ttft=29612.419ms hit=0.0 e2e=49361.549ms
[ok] openhands s182 turn37 ttft=32188.612ms hit=0.0 e2e=53243.139ms
[ok] openhands s120 turn22 ttft=34700.01ms hit=0.0 e2e=54142.764ms
[ok] openhands s419 turn8 ttft=36509.657ms hit=0.0 e2e=55459.573ms
[ok] request s118 turn3 ttft=36472.562ms hit=0.0 e2e=55251.123ms
[ok] request s486 turn3 ttft=36474.853ms hit=0.0 e2e=55255.457ms
[ok] request s463 turn3 ttft=36472.905ms hit=0.0 e2e=55252.276ms
[ok] openhands s2 turn12 ttft=41389.32ms hit=0.0 e2e=58079.916ms
[ok] openhands s361 turn10 ttft=33501.482ms hit=0.081922 e2e=45048.272ms
[ok] request s209 turn5 ttft=30810.417ms hit=0.0 e2e=45157.09ms
[ok] openhands s180 turn7 ttft=34101.445ms hit=0.072678 e2e=49387.105ms
[ok] openhands s301 turn7 ttft=32340.909ms hit=0.106112 e2e=45079.488ms
[ok] request s153 turn4 ttft=33606.664ms hit=0.0 e2e=48611.151ms
[ok] openhands s62 turn6 ttft=31390.756ms hit=0.0 e2e=45085.672ms
[ok] openhands s242 turn25 ttft=35806.081ms hit=0.0 e2e=45567.522ms
[ok] openhands s121 turn12 ttft=38717.106ms hit=0.750007 e2e=54324.468ms
[ok] openhands s123 turn32 ttft=38578.075ms hit=0.0 e2e=54350.548ms
[ok] openhands s63 turn7 ttft=39399.607ms hit=0.112726 e2e=54255.138ms
[ok] openhands s300 turn6 ttft=40015.753ms hit=0.0 e2e=54043.171ms
[ok] openhands s60 turn4 ttft=27522.545ms hit=0.0 e2e=44734.014ms
[ok] openhands s241 turn9 ttft=28579.261ms hit=0.0 e2e=48181.197ms
[ok] openhands s183 turn5 ttft=30223.362ms hit=0.0 e2e=48234.472ms
[ok] request s525 turn4 ttft=28162.954ms hit=0.0 e2e=48368.462ms
[ok] request s524 turn4 ttft=36476.597ms hit=0.0 e2e=80409.983ms
[ok] request s204 turn4 ttft=28800.459ms hit=0.0 e2e=50615.632ms
[ok] request s165 turn5 ttft=29054.063ms hit=0.0 e2e=50624.457ms
[ok] request s184 turn6 ttft=28803.549ms hit=0.0 e2e=50622.292ms
[ok] openhands s359 turn8 ttft=25364.378ms hit=0.064013 e2e=43831.593ms
[ok] openhands s3 turn6 ttft=23645.056ms hit=0.0 e2e=43837.389ms
[ok] openhands s181 turn43 ttft=28927.989ms hit=0.032813 e2e=43822.431ms
[ok] openhands s360 turn5 ttft=30581.609ms hit=0.0 e2e=44141.574ms
[ok] request s338 turn5 ttft=32768.713ms hit=0.0 e2e=55945.032ms
[ok] openhands s122 turn5 ttft=32911.65ms hit=0.0 e2e=56087.611ms
[ok] request s497 turn5 ttft=32478.366ms hit=0.0 e2e=55489.246ms
[ok] openhands s303 turn11 ttft=31132.661ms hit=0.0 e2e=53269.075ms
[ok] openhands s0 turn5 ttft=23060.816ms hit=0.0 e2e=44385.168ms
[ok] openhands s1 turn9 ttft=23994.221ms hit=0.0 e2e=47022.017ms
[ok] openhands s475 turn5 ttft=23543.416ms hit=0.0 e2e=47042.754ms
[ok] openhands s182 turn38 ttft=22892.329ms hit=0.0 e2e=45845.278ms
[ok] openhands s120 turn23 ttft=24373.157ms hit=0.0 e2e=47616.597ms
[ok] request s486 turn4 ttft=24471.957ms hit=0.0 e2e=47360.936ms
[ok] openhands s419 turn9 ttft=24931.454ms hit=0.0 e2e=47937.261ms
[ok] request s118 turn4 ttft=24358.499ms hit=0.0 e2e=47363.89ms
[ok] request s463 turn4 ttft=24477.076ms hit=0.0 e2e=47359.657ms
[ok] openhands s180 turn8 ttft=26951.331ms hit=0.066335 e2e=46952.293ms
[ok] openhands s63 turn8 ttft=25685.956ms hit=0.0 e2e=37703.771ms
[ok] openhands s242 turn26 ttft=33358.859ms hit=0.054267 e2e=46417.732ms
[ok] openhands s62 turn7 ttft=27590.558ms hit=0.135346 e2e=46934.669ms
[ok] openhands s2 turn13 ttft=31827.715ms hit=0.029841 e2e=46977.092ms
[ok] openhands s301 turn8 ttft=23873.108ms hit=0.0 e2e=46986.373ms
[ok] openhands s361 turn11 ttft=25225.29ms hit=0.077327 e2e=46967.665ms
[ok] openhands s123 turn33 ttft=28365.361ms hit=0.0 e2e=47209.873ms
[ok] openhands s121 turn13 ttft=28361.417ms hit=0.733765 e2e=47124.133ms
[ok] openhands s60 turn5 ttft=26175.462ms hit=0.092974 e2e=42628.59ms
[ok] openhands s300 turn7 ttft=29543.404ms hit=0.0 e2e=47070.626ms
[ok] openhands s241 turn10 ttft=23732.63ms hit=0.0 e2e=43752.244ms
[ok] request s525 turn5 ttft=22544.075ms hit=0.0 e2e=43354.83ms
[ok] openhands s183 turn6 ttft=25468.348ms hit=0.0 e2e=46278.76ms
[ok] openhands s3 turn7 ttft=22582.004ms hit=0.0 e2e=43641.557ms
[ok] openhands s359 turn9 ttft=24489.606ms hit=0.0 e2e=43797.84ms
[ok] request s165 turn6 ttft=30144.653ms hit=0.0 e2e=48176.575ms
[ok] request s184 turn7 ttft=30408.946ms hit=0.0 e2e=48078.364ms
[ok] request s204 turn5 ttft=30049.239ms hit=0.0 e2e=48082.265ms
[ok] openhands s122 turn6 ttft=20325.869ms hit=0.0 e2e=35969.763ms
[ok] openhands s181 turn44 ttft=28940.467ms hit=0.0 e2e=48673.499ms
[ok] openhands s360 turn6 ttft=29855.337ms hit=0.072135 e2e=48198.178ms
[ok] openhands s0 turn6 ttft=21164.061ms hit=0.0 e2e=36260.683ms
[ok] request s497 turn6 ttft=20747.892ms hit=0.0 e2e=35843.733ms
[ok] openhands s303 turn12 ttft=20979.933ms hit=0.0 e2e=49194.99ms
[ok] openhands s475 turn6 ttft=20500.041ms hit=0.0 e2e=47875.667ms
[ok] openhands s1 turn10 ttft=20615.446ms hit=0.170429 e2e=48274.495ms
[ok] openhands s182 turn39 ttft=20744.219ms hit=0.044621 e2e=45786.059ms
[ok] request s118 turn5 ttft=18312.968ms hit=0.0 e2e=40802.204ms
[ok] openhands s120 turn24 ttft=20553.84ms hit=0.0 e2e=43042.742ms
[ok] request s463 turn5 ttft=18311.567ms hit=0.0 e2e=40800.141ms
[ok] openhands s180 turn9 ttft=18926.763ms hit=0.0 e2e=42924.11ms
[ok] openhands s242 turn27 ttft=21579.295ms hit=0.0 e2e=51927.775ms
[ok] openhands s361 turn12 ttft=22794.207ms hit=0.072867 e2e=51903.207ms
[ok] openhands s63 turn9 ttft=23874.109ms hit=0.0 e2e=52124.511ms
[ok] openhands s2 turn14 ttft=30641.272ms hit=0.029798 e2e=55113.872ms
[ok] openhands s123 turn34 ttft=24833.573ms hit=0.054351 e2e=45642.837ms
[ok] openhands s301 turn9 ttft=26216.185ms hit=0.101944 e2e=55135.9ms
[ok] openhands s62 turn8 ttft=25168.287ms hit=0.0 e2e=55100.576ms
[ok] openhands s419 turn10 ttft=31399.576ms hit=0.06714 e2e=54209.108ms
[ok] openhands s121 turn14 ttft=25263.899ms hit=0.729131 e2e=46221.16ms
[ok] openhands s60 turn6 ttft=26506.331ms hit=0.0 e2e=49664.829ms
[ok] openhands s300 turn8 ttft=27802.612ms hit=0.0 e2e=49267.95ms
[ok] openhands s241 turn11 ttft=24806.198ms hit=0.0 e2e=47774.916ms
[ok] request s525 turn6 ttft=23794.836ms hit=0.0 e2e=45827.911ms
[ok] openhands s3 turn8 ttft=23846.704ms hit=0.0 e2e=44438.456ms
[ok] openhands s183 turn7 ttft=24393.355ms hit=0.0 e2e=46426.129ms
[ok] openhands s359 turn10 ttft=25804.506ms hit=0.0 e2e=46269.342ms
[ok] openhands s122 turn7 ttft=23544.221ms hit=0.0 e2e=41429.413ms
[ok] openhands s181 turn45 ttft=27806.866ms hit=0.0 e2e=41674.678ms
[ok] request s118 turn6 ttft=22214.561ms hit=0.0 e2e=30751.944ms
[ok] openhands s0 turn7 ttft=30237.992ms hit=0.092677 e2e=47593.252ms
[ok] openhands s360 turn7 ttft=29657.101ms hit=0.0 e2e=48017.987ms
[ok] request s204 turn6 ttft=30377.895ms hit=0.0 e2e=47707.04ms
[ok] request s165 turn7 ttft=30380.479ms hit=0.0 e2e=47711.39ms
[ok] request s497 turn7 ttft=30665.247ms hit=0.0 e2e=59221.117ms
[ok] openhands s1 turn11 ttft=20007.987ms hit=0.159123 e2e=44953.344ms
[ok] openhands s475 turn7 ttft=19487.14ms hit=0.295271 e2e=45036.645ms
[ok] openhands s182 turn40 ttft=19343.167ms hit=0.0 e2e=45065.16ms
[ok] openhands s120 turn25 ttft=22330.75ms hit=0.0 e2e=51244.71ms
[ok] openhands s303 turn13 ttft=21309.941ms hit=0.0 e2e=51362.703ms
[ok] openhands s180 turn10 ttft=22514.979ms hit=0.0 e2e=53305.567ms
[ok] openhands s361 turn13 ttft=15312.417ms hit=0.0 e2e=45632.644ms
[ok] openhands s242 turn28 ttft=17752.666ms hit=0.0 e2e=45786.988ms
[ok] openhands s63 turn10 ttft=18660.988ms hit=0.0 e2e=47106.351ms
[ok] openhands s301 turn10 ttft=16948.352ms hit=0.0 e2e=44631.375ms
[ok] openhands s123 turn35 ttft=19585.651ms hit=0.0 e2e=48479.123ms
[ok] openhands s2 turn15 ttft=26521.542ms hit=0.0 e2e=48444.703ms
[ok] openhands s419 turn11 ttft=21551.252ms hit=0.066654 e2e=48495.001ms
[ok] openhands s62 turn9 ttft=22146.05ms hit=0.131576 e2e=48451.386ms
[ok] openhands s121 turn15 ttft=26510.165ms hit=0.734702 e2e=48334.308ms
[ok] openhands s60 turn7 ttft=24820.876ms hit=0.0 e2e=49926.252ms
[ok] openhands s300 turn9 ttft=26963.551ms hit=0.0 e2e=53475.532ms
[ok] openhands s241 turn12 ttft=25316.825ms hit=0.111937 e2e=50869.041ms
[ok] openhands s183 turn8 ttft=25727.839ms hit=0.0 e2e=49584.827ms
[ok] openhands s3 turn9 ttft=27310.812ms hit=0.0 e2e=49550.738ms
[ok] openhands s359 turn11 ttft=27999.009ms hit=0.0 e2e=48025.819ms
[ok] request s525 turn7 ttft=27040.401ms hit=0.0 e2e=49404.842ms
[ok] openhands s122 turn8 ttft=30690.762ms hit=0.0 e2e=58500.765ms
[ok] openhands s0 turn8 ttft=25388.94ms hit=0.0 e2e=52396.197ms
[ok] openhands s360 turn8 ttft=27161.084ms hit=0.0 e2e=54253.506ms
[ok] openhands s475 turn8 ttft=15415.837ms hit=0.0 e2e=44121.436ms
[ok] openhands s182 turn41 ttft=18423.682ms hit=0.0 e2e=48260.573ms
[ok] openhands s1 turn12 ttft=19229.95ms hit=0.0 e2e=48399.55ms
[ok] openhands s120 turn26 ttft=15364.527ms hit=0.0 e2e=45336.643ms
[ok] openhands s303 turn14 ttft=13789.879ms hit=0.106646 e2e=42826.191ms
[ok] openhands s180 turn11 ttft=13064.475ms hit=0.058698 e2e=40048.05ms
[ok] openhands s242 turn29 ttft=14014.402ms hit=0.0 e2e=44381.049ms
[ok] openhands s63 turn11 ttft=13614.32ms hit=0.0 e2e=42771.379ms
[ok] openhands s301 turn11 ttft=14810.032ms hit=0.0 e2e=46273.056ms
[ok] openhands s419 turn12 ttft=14831.469ms hit=0.066403 e2e=42370.703ms
[ok] openhands s123 turn36 ttft=13175.053ms hit=0.053696 e2e=42402.198ms
[ok] openhands s62 turn10 ttft=15415.51ms hit=0.0 e2e=42358.171ms
[ok] openhands s2 turn16 ttft=20101.392ms hit=0.0 e2e=42664.229ms
[ok] openhands s121 turn16 ttft=20038.135ms hit=0.665815 e2e=47253.377ms
[ok] openhands s60 turn8 ttft=17003.414ms hit=0.0 e2e=42494.704ms
[ok] openhands s300 turn10 ttft=15220.672ms hit=0.0 e2e=42506.273ms
[ok] openhands s183 turn9 ttft=17509.39ms hit=0.0 e2e=42511.08ms
[ok] openhands s3 turn10 ttft=19476.549ms hit=0.0 e2e=42700.772ms
[ok] openhands s241 turn13 ttft=20604.629ms hit=0.0 e2e=43742.91ms
[ok] openhands s359 turn12 ttft=22793.765ms hit=0.0 e2e=43409.092ms
[ok] openhands s475 turn9 ttft=13621.67ms hit=0.279781 e2e=30347.425ms
[ok] openhands s360 turn9 ttft=15552.007ms hit=0.0 e2e=32406.996ms
[ok] openhands s0 turn9 ttft=15788.404ms hit=0.089559 e2e=34300.931ms
[ok] openhands s122 turn9 ttft=15322.17ms hit=0.0 e2e=34850.445ms
[ok] openhands s182 turn42 ttft=12565.731ms hit=0.0 e2e=32492.88ms
[ok] openhands s1 turn13 ttft=13165.772ms hit=0.0 e2e=32330.589ms
[ok] openhands s120 turn27 ttft=14453.491ms hit=0.049 e2e=30744.04ms
[ok] openhands s303 turn15 ttft=15339.263ms hit=0.0 e2e=30731.271ms
[ok] openhands s180 turn12 ttft=12024.877ms hit=0.0 e2e=30753.646ms
[ok] openhands s63 turn12 ttft=10850.69ms hit=0.0 e2e=38707.823ms
[ok] openhands s242 turn30 ttft=13404.82ms hit=0.0 e2e=38862.461ms
[ok] openhands s301 turn12 ttft=10815.672ms hit=0.0 e2e=41889.432ms
[ok] openhands s419 turn13 ttft=12744.157ms hit=0.0 e2e=41913.775ms
[ok] openhands s2 turn17 ttft=17984.694ms hit=0.028499 e2e=41654.893ms
[ok] openhands s62 turn11 ttft=13828.816ms hit=0.0 e2e=41897.206ms
[ok] openhands s121 turn17 ttft=13381.563ms hit=0.671257 e2e=36591.873ms
[ok] openhands s60 turn9 ttft=15132.175ms hit=0.0 e2e=45244.486ms
[ok] openhands s183 turn10 ttft=15844.085ms hit=0.053559 e2e=41653.348ms
[ok] openhands s122 turn10 ttft=20073.742ms hit=0.048635 e2e=38414.992ms
[ok] openhands s241 turn14 ttft=17609.66ms hit=0.1093 e2e=40357.153ms
[ok] openhands s300 turn11 ttft=13726.356ms hit=0.0 e2e=41668.788ms
[ok] openhands s359 turn13 ttft=19730.478ms hit=0.0 e2e=40347.086ms
[ok] openhands s3 turn11 ttft=17646.372ms hit=0.056366 e2e=41379.356ms
[ok] openhands s475 turn10 ttft=20509.862ms hit=0.0 e2e=39134.4ms
[ok] openhands s0 turn10 ttft=21920.67ms hit=0.0 e2e=51066.083ms
[ok] openhands s360 turn10 ttft=23922.507ms hit=0.0 e2e=52897.853ms
[ok] openhands s182 turn43 ttft=20703.415ms hit=0.0 e2e=46822.13ms
[ok] openhands s1 turn14 ttft=21461.908ms hit=0.0 e2e=51525.163ms
[ok] openhands s303 turn16 ttft=20862.919ms hit=0.0 e2e=50654.206ms
[ok] openhands s62 turn12 ttft=9064.657ms hit=0.0 e2e=29813.25ms
[ok] openhands s120 turn28 ttft=23993.199ms hit=0.0 e2e=50745.48ms
[ok] openhands s180 turn13 ttft=25771.377ms hit=0.058268 e2e=50754.032ms
[ok] openhands s63 turn13 ttft=13313.552ms hit=0.092516 e2e=36939.334ms
[ok] openhands s242 turn31 ttft=15373.981ms hit=0.049816 e2e=36808.579ms
[ok] openhands s301 turn13 ttft=14957.452ms hit=0.093415 e2e=40149.417ms
[ok] openhands s121 turn18 ttft=16987.735ms hit=0.672852 e2e=40050.699ms
[ok] openhands s183 turn11 ttft=12493.313ms hit=0.052692 e2e=31296.086ms
[ok] openhands s419 turn14 ttft=16733.762ms hit=0.065053 e2e=40139.888ms
[ok] openhands s2 turn18 ttft=13983.359ms hit=0.028158 e2e=40526.813ms
[ok] openhands s60 turn10 ttft=10551.988ms hit=0.0 e2e=31434.885ms
[ok] openhands s300 turn12 ttft=14419.544ms hit=0.0 e2e=32041.845ms
[ok] openhands s122 turn11 ttft=19277.378ms hit=0.048354 e2e=45529.778ms
[ok] openhands s359 turn14 ttft=17074.365ms hit=0.051066 e2e=45540.319ms
[ok] openhands s241 turn15 ttft=20379.277ms hit=0.0 e2e=45669.884ms
[ok] openhands s360 turn11 ttft=12036.916ms hit=0.067325 e2e=33552.448ms
[ok] openhands s0 turn11 ttft=12227.071ms hit=0.086494 e2e=35410.574ms
[ok] openhands s1 turn15 ttft=10375.559ms hit=0.0 e2e=28506.09ms
[ok] openhands s475 turn11 ttft=22520.727ms hit=0.257545 e2e=47052.959ms
[ok] openhands s3 turn12 ttft=23016.99ms hit=0.048253 e2e=47868.134ms
[ok] openhands s182 turn44 ttft=14639.602ms hit=0.042005 e2e=33342.589ms
[ok] openhands s303 turn17 ttft=10691.783ms hit=0.0 e2e=28193.566ms
[ok] openhands s62 turn13 ttft=20063.882ms hit=0.12129 e2e=42507.745ms
[ok] openhands s63 turn14 ttft=16859.55ms hit=0.0917 e2e=42547.575ms
[ok] openhands s242 turn32 ttft=19383.373ms hit=0.049468 e2e=42542.549ms
[ok] openhands s301 turn14 ttft=10702.956ms hit=0.08852 e2e=31846.662ms
[ok] openhands s120 turn29 ttft=13731.903ms hit=0.0 e2e=42565.183ms
[ok] openhands s419 turn15 ttft=14124.635ms hit=0.0 e2e=31803.98ms
[ok] openhands s60 turn11 ttft=12354.946ms hit=0.060764 e2e=31836.164ms
[ok] openhands s180 turn14 ttft=15814.967ms hit=0.055362 e2e=42527.954ms
[ok] openhands s183 turn12 ttft=16619.919ms hit=0.0 e2e=44802.994ms
[ok] openhands s121 turn19 ttft=17553.261ms hit=0.70745 e2e=44979.008ms
[ok] openhands s241 turn16 ttft=13344.666ms hit=0.107015 e2e=30628.58ms
[ok] openhands s359 turn15 ttft=15138.203ms hit=0.0 e2e=30018.019ms
[ok] openhands s2 turn19 ttft=22328.576ms hit=0.0 e2e=45037.926ms
[ok] openhands s122 turn12 ttft=12663.681ms hit=0.048118 e2e=30833.224ms
[ok] openhands s300 turn13 ttft=23710.661ms hit=0.057534 e2e=44334.742ms
[ok] openhands s0 turn12 ttft=14940.43ms hit=0.0 e2e=28375.098ms
[ok] openhands s360 turn12 ttft=20482.822ms hit=0.066418 e2e=37776.056ms
[ok] openhands s1 turn16 ttft=19135.996ms hit=0.131533 e2e=37808.373ms
[ok] openhands s3 turn13 ttft=18147.4ms hit=0.0 e2e=37818.14ms
[ok] openhands s182 turn45 ttft=23416.562ms hit=0.041664 e2e=37799.005ms
[ok] openhands s475 turn12 ttft=24128.825ms hit=0.0 e2e=38233.704ms
[ok] openhands s303 turn18 ttft=24547.973ms hit=0.095831 e2e=37719.488ms
[ok] openhands s120 turn30 ttft=12947.738ms hit=0.0 e2e=33020.622ms
[ok] openhands s60 turn12 ttft=20571.316ms hit=0.057256 e2e=34320.716ms
[ok] openhands s242 turn33 ttft=15777.57ms hit=0.0 e2e=34315.539ms
[ok] openhands s180 turn15 ttft=17900.759ms hit=0.055101 e2e=34330.732ms
[ok] openhands s62 turn14 ttft=18808.709ms hit=0.119226 e2e=34299.42ms
[ok] openhands s419 turn16 ttft=22587.217ms hit=0.0 e2e=34608.224ms
[ok] openhands s121 turn20 ttft=13900.083ms hit=0.06139 e2e=37362.831ms
[ok] openhands s183 turn13 ttft=12315.544ms hit=0.0 e2e=37518.996ms
[ok] openhands s122 turn13 ttft=18398.629ms hit=0.04711 e2e=37339.013ms
[ok] openhands s0 turn13 ttft=19691.175ms hit=0.0 e2e=37306.653ms
[ok] openhands s300 turn14 ttft=15960.286ms hit=0.057238 e2e=37347.107ms
[ok] openhands s241 turn17 ttft=20852.413ms hit=0.0 e2e=44474.092ms
[ok] openhands s1 turn17 ttft=24422.169ms hit=0.0 e2e=41878.821ms
[ok] openhands s360 turn13 ttft=23472.372ms hit=0.066078 e2e=41892.813ms
[ok] openhands s3 turn14 ttft=21808.411ms hit=0.041515 e2e=41903.034ms
[ok] openhands s359 turn16 ttft=28072.203ms hit=0.050071 e2e=51079.894ms
[ok] openhands s2 turn20 ttft=26211.499ms hit=0.0 e2e=51367.314ms
[ok] openhands s182 turn46 ttft=27691.403ms hit=0.0 e2e=42575.358ms
[ok] openhands s60 turn13 ttft=20221.367ms hit=0.055819 e2e=40057.578ms
[ok] openhands s303 turn19 ttft=29200.987ms hit=0.091571 e2e=51140.734ms
[ok] openhands s242 turn34 ttft=22661.272ms hit=0.048906 e2e=40052.466ms
[ok] openhands s62 turn15 ttft=23387.489ms hit=0.0 e2e=40007.32ms
[ok] openhands s475 turn13 ttft=28192.691ms hit=0.0 e2e=51148.342ms
[ok] openhands s419 turn17 ttft=25151.555ms hit=0.0 e2e=55149.079ms
[ok] openhands s121 turn21 ttft=11512.128ms hit=0.0 e2e=39412.817ms
[ok] openhands s300 turn15 ttft=13840.498ms hit=0.0 e2e=43033.208ms
[ok] openhands s359 turn17 ttft=9605.086ms hit=0.0 e2e=31086.456ms
[ok] openhands s122 turn14 ttft=17119.62ms hit=0.0 e2e=45122.92ms
[ok] openhands s1 turn18 ttft=7273.477ms hit=0.106966 e2e=31100.499ms
[ok] openhands s241 turn18 ttft=13115.939ms hit=0.102118 e2e=37969.524ms
[ok] openhands s183 turn14 ttft=19141.045ms hit=0.051324 e2e=45000.132ms
[ok] openhands s3 turn15 ttft=13127.591ms hit=0.0 e2e=41234.801ms
[ok] openhands s2 turn21 ttft=19553.174ms hit=0.027495 e2e=41256.99ms
[ok] openhands s360 turn14 ttft=14854.397ms hit=0.065626 e2e=41224.069ms
[ok] openhands s60 turn14 ttft=14841.518ms hit=0.055477 e2e=31544.067ms
[ok] openhands s182 turn47 ttft=21741.16ms hit=0.040885 e2e=40531.802ms
[ok] openhands s62 turn16 ttft=15436.764ms hit=0.116929 e2e=31536.859ms
[ok] openhands s303 turn20 ttft=16927.244ms hit=0.0 e2e=41893.89ms
[ok] openhands s242 turn35 ttft=19241.137ms hit=0.048695 e2e=41877.612ms
[ok] openhands s419 turn18 ttft=5741.519ms hit=0.0 e2e=31603.288ms
[ok] openhands s121 turn22 ttft=7666.319ms hit=0.057057 e2e=33816.193ms
[ok] openhands s122 turn15 ttft=6913.923ms hit=0.046197 e2e=28427.385ms
[ok] openhands s359 turn18 ttft=9389.877ms hit=0.049674 e2e=28412.925ms
[ok] openhands s241 turn19 ttft=10019.633ms hit=0.101477 e2e=28399.792ms
[ok] openhands s300 turn16 ttft=6461.177ms hit=0.055342 e2e=30504.696ms
[ok] openhands s62 turn17 ttft=7415.368ms hit=0.115146 e2e=26034.396ms
[ok] openhands s360 turn15 ttft=6450.44ms hit=0.065294 e2e=26005.713ms
[ok] openhands s183 turn15 ttft=12810.805ms hit=0.051063 e2e=36178.495ms
[ok] openhands s3 turn16 ttft=2683.585ms hit=0.947528 e2e=26052.117ms
[ok] openhands s182 turn48 ttft=10329.113ms hit=0.0 e2e=26026.61ms
[ok] openhands s60 turn15 ttft=4774.775ms hit=0.054432 e2e=26043.269ms
[ok] openhands s2 turn22 ttft=15443.177ms hit=0.0 e2e=35830.044ms
[ok] openhands s242 turn36 ttft=7716.766ms hit=0.0 e2e=33480.756ms
[ok] openhands s121 turn23 ttft=5489.045ms hit=0.056814 e2e=25796.643ms
[ok] openhands s359 turn19 ttft=7657.623ms hit=0.0 e2e=25776.67ms
[ok] openhands s303 turn21 ttft=9382.805ms hit=0.0 e2e=33662.705ms
[ok] openhands s419 turn19 ttft=5350.202ms hit=0.060996 e2e=27607.65ms
[ok] openhands s183 turn16 ttft=6627.583ms hit=0.049647 e2e=18634.871ms
[ok] openhands s62 turn18 ttft=4183.061ms hit=0.109798 e2e=18607.83ms
[ok] openhands s360 turn16 ttft=3242.987ms hit=0.06487 e2e=18623.004ms
[ok] openhands s241 turn20 ttft=9289.28ms hit=0.0 e2e=26425.398ms
[ok] openhands s60 turn16 ttft=1540.619ms hit=0.936184 e2e=18676.262ms
[ok] openhands s3 turn17 ttft=9653.604ms hit=0.0 e2e=18668.295ms
[ok] openhands s2 turn23 ttft=7920.331ms hit=0.026786 e2e=8856.01ms
[ok] openhands s182 turn49 ttft=13038.844ms hit=0.0 e2e=18693.902ms
[ok] openhands s242 turn37 ttft=1825.647ms hit=0.993571 e2e=1831.675ms
[ok] openhands s419 turn20 ttft=499.522ms hit=0.978864 e2e=1658.298ms
[ok] openhands s121 turn24 ttft=615.232ms hit=0.961451 e2e=1642.378ms
[ok] openhands s359 turn20 ttft=452.345ms hit=0.995899 e2e=1669.323ms
[ok] openhands s303 turn22 ttft=598.536ms hit=0.967294 e2e=1622.984ms
[ok] openhands s62 turn19 ttft=926.799ms hit=0.948429 e2e=2068.279ms
[ok] openhands s3 turn18 ttft=964.595ms hit=0.99218 e2e=2106.753ms
[ok] openhands s241 turn21 ttft=949.45ms hit=0.979328 e2e=2116.527ms
[ok] openhands s183 turn17 ttft=965.592ms hit=0.917325 e2e=2133.435ms
[ok] openhands s360 turn17 ttft=954.137ms hit=0.990385 e2e=2097.999ms
[ok] openhands s2 turn24 ttft=2077.023ms hit=0.987998 e2e=2097.35ms
[ok] openhands s242 turn38 ttft=1155.208ms hit=0.991052 e2e=1177.952ms
[ok] openhands s182 turn50 ttft=2021.585ms hit=0.986099 e2e=2073.521ms
[ok] openhands s359 turn21 ttft=1132.029ms hit=0.993094 e2e=1180.442ms
[ok] openhands s121 turn25 ttft=1102.822ms hit=0.993249 e2e=1141.789ms
[ok] openhands s419 turn21 ttft=2518.056ms hit=0.991471 e2e=2720.709ms
[ok] openhands s303 turn23 ttft=2527.16ms hit=0.990603 e2e=2733.361ms
[ok] openhands s3 turn19 ttft=1398.233ms hit=0.983359 e2e=1861.943ms
[ok] openhands s62 turn20 ttft=1571.641ms hit=0.979949 e2e=1859.483ms
[ok] openhands s121 turn26 ttft=1402.446ms hit=0.99428 e2e=1685.469ms
[ok] openhands s242 turn39 ttft=1236.18ms hit=0.94038 e2e=1725.434ms
[ok] openhands s360 turn18 ttft=1360.89ms hit=0.990396 e2e=1852.266ms
[ok] openhands s241 turn22 ttft=1217.824ms hit=0.978344 e2e=1708.281ms
[ok] openhands s359 turn22 ttft=1208.039ms hit=0.994468 e2e=1699.277ms
[ok] openhands s183 turn18 ttft=1385.69ms hit=0.989595 e2e=1878.42ms
[ok] openhands s2 turn25 ttft=1353.688ms hit=0.97808 e2e=1892.407ms
[ok] openhands s182 turn51 ttft=1136.84ms hit=0.989267 e2e=1553.082ms
[ok] openhands s303 turn24 ttft=234.428ms hit=0.993188 e2e=1741.497ms
[ok] openhands s242 turn40 ttft=1463.285ms hit=0.989827 e2e=8131.405ms
[ok] openhands s360 turn19 ttft=1429.205ms hit=0.958865 e2e=8097.089ms
[ok] openhands s359 turn23 ttft=1371.23ms hit=0.991872 e2e=8087.161ms
[ok] openhands s241 turn23 ttft=1379.312ms hit=0.979846 e2e=8095.998ms
[ok] openhands s183 turn19 ttft=1446.58ms hit=0.984756 e2e=8164.484ms
[ok] openhands s182 turn52 ttft=1401.84ms hit=0.985233 e2e=8117.752ms
[ok] openhands s62 turn21 ttft=1413.439ms hit=0.958365 e2e=8131.176ms
[ok] openhands s2 turn26 ttft=7933.481ms hit=0.99761 e2e=8961.621ms
[ok] openhands s303 turn25 ttft=4387.265ms hit=0.081496 e2e=7594.517ms
[ok] openhands s60 turn17 ttft=3954.314ms hit=0.047974 e2e=4908.324ms
[ok] openhands s419 turn22 ttft=3504.68ms hit=0.0 e2e=8105.151ms
[ok] openhands s3 turn20 ttft=2247.039ms hit=0.848321 e2e=8952.676ms
[ok] openhands s183 turn20 ttft=1823.34ms hit=0.98795 e2e=11181.378ms
[ok] openhands s182 turn53 ttft=1844.55ms hit=0.986961 e2e=11204.45ms
[ok] openhands s242 turn41 ttft=926.945ms hit=0.994206 e2e=11261.606ms
[ok] openhands s241 turn24 ttft=890.228ms hit=0.981759 e2e=11226.054ms
[ok] openhands s359 turn24 ttft=871.41ms hit=0.99116 e2e=11169.107ms
[ok] openhands s62 turn22 ttft=881.644ms hit=0.988795 e2e=11217.392ms
[ok] openhands s360 turn20 ttft=905.885ms hit=0.992075 e2e=11242.907ms
[ok] openhands s60 turn18 ttft=10243.501ms hit=0.978943 e2e=10440.182ms
[ok] openhands s419 turn23 ttft=960.627ms hit=0.990208 e2e=11327.765ms
[ok] openhands s303 turn26 ttft=927.86ms hit=0.903742 e2e=11296.745ms
[ok] openhands s2 turn27 ttft=6442.115ms hit=0.0 e2e=11311.453ms
[ok] openhands s3 turn21 ttft=10188.464ms hit=0.032078 e2e=11341.193ms
[ok] openhands s182 turn54 ttft=1014.445ms hit=0.994755 e2e=7404.64ms
[ok] openhands s360 turn21 ttft=935.084ms hit=0.964107 e2e=7363.575ms
[ok] openhands s359 turn25 ttft=992.217ms hit=0.996296 e2e=7421.461ms
[ok] openhands s183 turn21 ttft=1698.222ms hit=0.985705 e2e=7804.325ms
[ok] openhands s419 turn24 ttft=701.77ms hit=0.986622 e2e=6809.187ms
[ok] openhands s62 turn23 ttft=1707.306ms hit=0.983029 e2e=7817.172ms
[ok] openhands s241 turn25 ttft=1648.191ms hit=0.991657 e2e=7757.699ms
[ok] openhands s242 turn42 ttft=1680.355ms hit=0.885528 e2e=7791.243ms
[ok] openhands s303 turn27 ttft=727.356ms hit=0.990522 e2e=6836.118ms
[ok] openhands s2 turn28 ttft=6169.08ms hit=0.0 e2e=6826.192ms
[ok] openhands s3 turn22 ttft=6094.104ms hit=0.955973 e2e=6700.245ms
[ok] openhands s182 turn55 ttft=453.837ms hit=0.995891 e2e=1812.576ms
[ok] openhands s359 turn26 ttft=1682.13ms hit=0.989188 e2e=1691.122ms
[ok] openhands s360 turn22 ttft=1745.114ms hit=0.988252 e2e=1755.286ms
[ok] openhands s2 turn29 ttft=1377.841ms hit=0.996714 e2e=9398.32ms
[ok] openhands s419 turn25 ttft=1385.744ms hit=0.97302 e2e=9476.358ms
[ok] openhands s241 turn26 ttft=1324.952ms hit=0.9946 e2e=9417.648ms
[ok] openhands s242 turn43 ttft=1314.056ms hit=0.958079 e2e=9448.403ms
[ok] openhands s303 turn28 ttft=1326.464ms hit=0.992402 e2e=9460.443ms
[ok] openhands s183 turn22 ttft=1401.211ms hit=0.994824 e2e=10006.819ms
[ok] openhands s60 turn19 ttft=4054.991ms hit=0.044556 e2e=9658.487ms
[ok] openhands s359 turn27 ttft=3063.651ms hit=0.98289 e2e=8668.011ms
[ok] openhands s182 turn56 ttft=7978.392ms hit=0.038306 e2e=8655.706ms
[ok] openhands s3 turn23 ttft=1337.58ms hit=0.974098 e2e=9965.51ms
[ok] openhands s360 turn23 ttft=5125.616ms hit=0.056034 e2e=8627.976ms
[ok] openhands s182 turn57 ttft=14359.743ms hit=0.037675 e2e=18694.478ms
[ok] openhands s359 turn28 ttft=10903.445ms hit=0.046703 e2e=18560.64ms
[ok] openhands s241 turn27 ttft=1426.891ms hit=0.96647 e2e=19190.216ms
[ok] openhands s303 turn29 ttft=512.457ms hit=0.992044 e2e=19223.242ms
[ok] openhands s60 turn20 ttft=6422.392ms hit=0.044435 e2e=18708.474ms
[ok] openhands s3 turn24 ttft=18347.11ms hit=0.02866 e2e=18660.808ms
[ok] openhands s360 turn24 ttft=8434.68ms hit=0.055655 e2e=18675.829ms
[ok] openhands s183 turn23 ttft=3842.605ms hit=0.0 e2e=18731.87ms
[ok] openhands s419 turn26 ttft=534.304ms hit=0.994136 e2e=19246.685ms
[ok] openhands s242 turn44 ttft=1446.915ms hit=0.894652 e2e=19211.005ms
[ok] openhands s182 turn58 ttft=1428.944ms hit=0.998237 e2e=1572.571ms
[ok] openhands s60 turn21 ttft=1255.108ms hit=0.979551 e2e=1590.439ms
[ok] openhands s242 turn45 ttft=1363.656ms hit=0.997199 e2e=1524.132ms
[ok] openhands s241 turn28 ttft=1167.17ms hit=0.982386 e2e=1505.476ms
[ok] openhands s183 turn24 ttft=1247.316ms hit=0.995558 e2e=1584.189ms
[ok] openhands s360 turn25 ttft=1215.742ms hit=0.948202 e2e=1553.914ms
[ok] openhands s359 turn29 ttft=1229.378ms hit=0.994643 e2e=1567.213ms
[ok] openhands s3 turn25 ttft=1343.806ms hit=0.98277 e2e=2093.254ms
[ok] openhands s183 turn25 ttft=982.949ms hit=0.99384 e2e=1219.871ms
[ok] openhands s241 turn29 ttft=877.734ms hit=0.939033 e2e=1308.09ms
[ok] openhands s360 turn26 ttft=849.525ms hit=0.978778 e2e=1277.855ms
[ok] openhands s359 turn30 ttft=961.213ms hit=0.992786 e2e=1394.095ms
[ok] openhands s3 turn26 ttft=427.251ms hit=0.994309 e2e=857.959ms
[ok] openhands s242 turn46 ttft=438.919ms hit=0.995859 e2e=730.426ms
[ok] openhands s183 turn26 ttft=967.15ms hit=0.987609 e2e=1322.742ms
[ok] openhands s359 turn31 ttft=768.809ms hit=0.993906 e2e=1144.494ms
[ok] openhands s241 turn30 ttft=777.191ms hit=0.987868 e2e=1156.79ms
[ok] openhands s242 turn47 ttft=1030.832ms hit=0.975295 e2e=1525.565ms
[ok] openhands s360 turn27 ttft=758.122ms hit=0.988851 e2e=1287.994ms
[ok] openhands s3 turn27 ttft=999.612ms hit=0.960679 e2e=1541.353ms
[ok] openhands s241 turn31 ttft=812.188ms hit=0.976427 e2e=5698.645ms
[ok] openhands s359 turn32 ttft=822.576ms hit=0.993624 e2e=5712.661ms
[ok] openhands s183 turn27 ttft=480.165ms hit=0.995493 e2e=5736.671ms
[ok] openhands s360 turn28 ttft=386.991ms hit=0.991436 e2e=5297.057ms
[ok] openhands s242 turn48 ttft=4529.563ms hit=0.0 e2e=5213.049ms
[ok] openhands s3 turn28 ttft=1330.903ms hit=0.888033 e2e=5805.718ms
[ok] openhands s183 turn28 ttft=552.854ms hit=0.987019 e2e=1179.09ms
[ok] openhands s360 turn29 ttft=741.305ms hit=0.954209 e2e=1158.33ms
[ok] openhands s241 turn32 ttft=739.552ms hit=0.978912 e2e=897.352ms
[ok] openhands s359 turn33 ttft=764.507ms hit=0.993053 e2e=1183.643ms
[ok] openhands s242 turn49 ttft=421.05ms hit=0.96352 e2e=1017.915ms
[ok] openhands s183 turn29 ttft=439.33ms hit=0.994838 e2e=4323.965ms
[ok] openhands s360 turn30 ttft=707.608ms hit=0.99402 e2e=4228.37ms
[ok] openhands s359 turn34 ttft=365.082ms hit=0.992264 e2e=3756.675ms
[ok] openhands s242 turn50 ttft=513.134ms hit=0.980215 e2e=3909.835ms
[ok] openhands s241 turn33 ttft=712.467ms hit=0.979574 e2e=4242.063ms
[ok] openhands s60 turn22 ttft=3316.254ms hit=0.0 e2e=4086.92ms
[ok] openhands s183 turn30 ttft=761.444ms hit=0.990861 e2e=6695.268ms
[ok] openhands s360 turn31 ttft=890.118ms hit=0.967839 e2e=6662.377ms
[ok] openhands s241 turn34 ttft=2500.738ms hit=0.0 e2e=6645.218ms
[ok] openhands s359 turn35 ttft=6532.912ms hit=0.944216 e2e=6700.847ms
[ok] openhands s60 turn23 ttft=5659.584ms hit=0.988658 e2e=5936.353ms
[ok] openhands s242 turn51 ttft=6409.354ms hit=0.030855 e2e=6685.625ms
[ok] openhands s183 turn31 ttft=1002.359ms hit=0.97554 e2e=1285.28ms
[ok] openhands s241 turn35 ttft=1103.439ms hit=0.988017 e2e=1261.566ms
[ok] openhands s60 turn24 ttft=1101.18ms hit=0.991782 e2e=1253.71ms
[ok] openhands s360 turn32 ttft=1085.802ms hit=0.993643 e2e=1255.802ms
[ok] openhands s242 turn52 ttft=962.001ms hit=0.976513 e2e=1843.215ms
[ok] openhands s359 turn36 ttft=341.987ms hit=0.996322 e2e=1102.063ms
[ok] openhands s60 turn25 ttft=599.633ms hit=0.985722 e2e=1221.899ms
[ok] openhands s360 turn33 ttft=533.76ms hit=0.971577 e2e=1155.851ms
[ok] openhands s241 turn36 ttft=563.032ms hit=0.982752 e2e=1186.369ms
[ok] openhands s183 turn32 ttft=990.158ms hit=0.989545 e2e=1246.553ms
[ok] openhands s359 turn37 ttft=569.184ms hit=0.993607 e2e=1080.555ms
[ok] openhands s242 turn53 ttft=521.47ms hit=0.980214 e2e=1066.802ms
[ok] openhands s360 turn34 ttft=447.015ms hit=0.936667 e2e=1424.131ms
[ok] openhands s241 turn37 ttft=980.336ms hit=0.786317 e2e=1277.836ms
[ok] openhands s242 turn54 ttft=692.752ms hit=0.983861 e2e=985.54ms
[ok] openhands s359 turn38 ttft=705.086ms hit=0.994733 e2e=1002.357ms
[ok] openhands s183 turn33 ttft=803.067ms hit=0.992361 e2e=1427.299ms
[ok] openhands s360 turn35 ttft=586.9ms hit=0.983859 e2e=944.946ms
[ok] openhands s359 turn39 ttft=886.834ms hit=0.996018 e2e=891.951ms
[ok] openhands s241 turn38 ttft=501.75ms hit=0.986708 e2e=865.831ms
[ok] openhands s183 turn34 ttft=696.816ms hit=0.993635 e2e=1062.275ms
[ok] openhands s242 turn55 ttft=361.958ms hit=0.997602 e2e=739.373ms
[ok] openhands s183 turn35 ttft=331.162ms hit=0.991942 e2e=1353.826ms
[ok] openhands s242 turn56 ttft=758.59ms hit=0.977871 e2e=1039.538ms
[ok] openhands s359 turn40 ttft=351.98ms hit=0.990843 e2e=627.465ms
[ok] openhands s241 turn39 ttft=817.245ms hit=0.829915 e2e=1240.536ms
[ok] openhands s183 turn36 ttft=681.751ms hit=0.989255 e2e=805.977ms
[ok] openhands s241 turn40 ttft=644.084ms hit=0.992539 e2e=786.78ms
[ok] openhands s242 turn57 ttft=637.471ms hit=0.996441 e2e=1130.744ms
[ok] openhands s183 turn37 ttft=639.327ms hit=0.99414 e2e=1104.44ms
[ok] openhands s241 turn41 ttft=585.271ms hit=0.989533 e2e=1073.343ms
[ok] openhands s242 turn58 ttft=670.353ms hit=0.935448 e2e=1174.988ms
[ok] openhands s241 turn42 ttft=500.68ms hit=0.994988 e2e=636.722ms
[ok] openhands s183 turn38 ttft=480.128ms hit=0.992712 e2e=722.725ms
[ok] openhands s241 turn43 ttft=567.832ms hit=0.996498 e2e=783.222ms
[ok] openhands s183 turn39 ttft=589.679ms hit=0.97533 e2e=876.862ms
[ok] openhands s242 turn59 ttft=434.578ms hit=0.996542 e2e=918.153ms
[ok] openhands s183 turn40 ttft=947.094ms hit=0.964141 e2e=1344.983ms
[ok] openhands s242 turn60 ttft=757.218ms hit=0.953458 e2e=1010.204ms
[ok] openhands s241 turn44 ttft=978.6ms hit=0.858557 e2e=1377.005ms
[ok] openhands s242 turn61 ttft=790.07ms hit=0.98368 e2e=931.851ms
[ok] openhands s183 turn41 ttft=612.044ms hit=0.977138 e2e=1348.625ms
[ok] openhands s241 turn45 ttft=668.189ms hit=0.994843 e2e=1277.047ms
[ok] openhands s242 turn62 ttft=10530.347ms hit=0.990712 e2e=10684.791ms
[ok] openhands s183 turn42 ttft=7176.387ms hit=0.036619 e2e=10275.692ms
[ok] openhands s359 turn41 ttft=3457.145ms hit=0.042281 e2e=10627.218ms
[ok] openhands s60 turn26 ttft=9891.061ms hit=0.037291 e2e=10169.179ms
[ok] openhands s241 turn46 ttft=3822.624ms hit=0.85388 e2e=10293.667ms
[ok] openhands s60 turn27 ttft=12840.441ms hit=0.968686 e2e=12992.403ms
[ok] openhands s359 turn42 ttft=4006.272ms hit=0.0 e2e=12992.907ms
[ok] openhands s183 turn43 ttft=7412.536ms hit=0.035857 e2e=12976.093ms
[ok] openhands s242 turn63 ttft=12082.178ms hit=0.024724 e2e=12372.409ms
[ok] openhands s241 turn47 ttft=902.102ms hit=0.959338 e2e=13010.221ms
[ok] openhands s60 turn28 ttft=954.667ms hit=0.978369 e2e=1165.693ms
[ok] openhands s359 turn43 ttft=870.234ms hit=0.996079 e2e=4180.058ms
[ok] openhands s183 turn44 ttft=940.065ms hit=0.990454 e2e=4338.036ms
[ok] openhands s242 turn64 ttft=950.051ms hit=0.976747 e2e=4443.395ms
[ok] openhands s60 turn29 ttft=3076.882ms hit=0.992796 e2e=3327.735ms
[ok] openhands s241 turn48 ttft=3941.811ms hit=0.0 e2e=4192.662ms
[ok] openhands s242 turn65 ttft=579.062ms hit=0.96885 e2e=1017.186ms
[ok] openhands s359 turn44 ttft=373.298ms hit=0.997131 e2e=647.212ms
[ok] openhands s241 turn49 ttft=571.462ms hit=0.996386 e2e=849.665ms
[ok] openhands s242 turn66 ttft=782.103ms hit=0.993825 e2e=1042.822ms
[ok] openhands s359 turn45 ttft=892.666ms hit=0.995074 e2e=1254.656ms
[ok] openhands s241 turn50 ttft=925.659ms hit=0.994498 e2e=1296.817ms
[ok] openhands s183 turn45 ttft=879.264ms hit=0.995119 e2e=1280.743ms
[ok] openhands s242 turn67 ttft=759.831ms hit=0.996603 e2e=915.375ms
[ok] openhands s359 turn46 ttft=345.032ms hit=0.99124 e2e=1085.172ms
[ok] openhands s241 turn51 ttft=463.064ms hit=0.979167 e2e=1068.514ms
[ok] openhands s183 turn46 ttft=483.809ms hit=0.995597 e2e=3756.112ms
[ok] openhands s242 turn68 ttft=3725.56ms hit=0.988724 e2e=3962.26ms
[ok] openhands s241 turn52 ttft=3234.844ms hit=0.99619 e2e=3503.237ms
[ok] openhands s359 turn47 ttft=3251.012ms hit=0.04123 e2e=3521.907ms
[ok] openhands s359 turn48 ttft=520.988ms hit=0.994494 e2e=665.993ms
[ok] openhands s183 turn47 ttft=564.902ms hit=0.961499 e2e=907.471ms
[ok] openhands s241 turn53 ttft=390.702ms hit=0.996968 e2e=1202.81ms
[ok] openhands s242 turn69 ttft=627.822ms hit=0.997557 e2e=914.202ms
[ok] openhands s359 turn49 ttft=877.758ms hit=0.99608 e2e=1194.75ms
[ok] openhands s183 turn48 ttft=860.45ms hit=0.99701 e2e=1177.696ms
[ok] openhands s241 turn54 ttft=507.693ms hit=0.998158 e2e=881.507ms
[ok] openhands s242 turn70 ttft=667.436ms hit=0.976795 e2e=1119.318ms
[ok] openhands s359 turn50 ttft=566.753ms hit=0.997702 e2e=824.315ms
[ok] openhands s183 turn49 ttft=708.056ms hit=0.997919 e2e=968.885ms
[ok] openhands s241 turn55 ttft=327.299ms hit=0.992819 e2e=619.954ms
[ok] openhands s359 turn51 ttft=582.578ms hit=0.995675 e2e=772.214ms
[ok] openhands s183 turn50 ttft=605.597ms hit=0.995392 e2e=779.244ms
[ok] openhands s241 turn56 ttft=507.201ms hit=0.997212 e2e=975.765ms
[ok] openhands s359 turn52 ttft=401.527ms hit=0.986082 e2e=670.505ms
[ok] openhands s183 turn51 ttft=493.008ms hit=0.987256 e2e=729.884ms
[ok] openhands s241 turn57 ttft=335.093ms hit=0.99477 e2e=830.883ms
[ok] openhands s359 turn53 ttft=361.379ms hit=0.988052 e2e=784.138ms
[ok] openhands s183 turn52 ttft=649.908ms hit=0.976986 e2e=890.744ms
[ok] openhands s241 turn58 ttft=316.5ms hit=0.995712 e2e=716.592ms
[ok] openhands s183 turn53 ttft=436.695ms hit=0.979168 e2e=933.701ms
[ok] openhands s241 turn59 ttft=632.285ms hit=0.953856 e2e=925.719ms
[ok] openhands s359 turn54 ttft=295.158ms hit=0.992542 e2e=618.991ms
[ok] openhands s183 turn54 ttft=605.014ms hit=0.993472 e2e=831.069ms
[ok] openhands s359 turn55 ttft=522.986ms hit=0.995801 e2e=659.861ms
[ok] openhands s241 turn60 ttft=489.641ms hit=0.98926 e2e=894.542ms
[ok] openhands s359 turn56 ttft=782.911ms hit=0.888811 e2e=1031.046ms
[ok] openhands s241 turn61 ttft=590.493ms hit=0.982938 e2e=838.833ms
[ok] openhands s183 turn55 ttft=637.232ms hit=0.969129 e2e=890.898ms
[ok] openhands s359 turn57 ttft=576.036ms hit=0.992976 e2e=905.282ms
[ok] openhands s241 turn62 ttft=501.281ms hit=0.996048 e2e=884.862ms
[ok] openhands s183 turn56 ttft=443.654ms hit=0.987392 e2e=771.094ms
[ok] openhands s359 turn58 ttft=368.745ms hit=0.996294 e2e=788.165ms
[ok] openhands s183 turn57 ttft=617.492ms hit=0.993502 e2e=754.728ms
[ok] openhands s359 turn59 ttft=326.542ms hit=0.995015 e2e=734.042ms
[ok] openhands s183 turn58 ttft=589.654ms hit=0.996318 e2e=727.231ms
[ok] openhands s359 turn60 ttft=320.548ms hit=0.996121 e2e=570.997ms
[ok] openhands s183 turn59 ttft=419.506ms hit=0.972808 e2e=667.785ms
[ok] openhands s183 turn60 ttft=607.02ms hit=0.991484 e2e=739.974ms
[ok] openhands s359 turn61 ttft=328.278ms hit=0.994607 e2e=780.224ms
[ok] openhands s183 turn61 ttft=377.298ms hit=0.988407 e2e=626.278ms
[ok] openhands s183 turn62 ttft=614.101ms hit=0.995857 e2e=752.055ms
[ok] openhands s359 turn62 ttft=325.963ms hit=0.98115 e2e=726.899ms
[ok] openhands s183 turn63 ttft=456.068ms hit=0.99478 e2e=759.496ms
[ok] openhands s359 turn63 ttft=358.57ms hit=0.973555 e2e=815.48ms
[ok] openhands s183 turn64 ttft=452.5ms hit=0.986384 e2e=739.858ms
[ok] openhands s359 turn64 ttft=327.517ms hit=0.994186 e2e=746.78ms
[ok] openhands s183 turn65 ttft=383.006ms hit=0.995141 e2e=631.173ms
[ok] openhands s183 turn66 ttft=435.04ms hit=0.981102 e2e=683.552ms
[ok] openhands s183 turn67 ttft=387.581ms hit=0.996917 e2e=637.056ms
[done] issued=2000 ok=2000 err=0 wall=1111.7s
[done] /share/dai-sys/zhoulongsheng/agentkv/experiments/nn_exp/async_exp/online_runs/20260912_three_arm_v1/async/replay/replay.jsonl
[done] /share/dai-sys/zhoulongsheng/agentkv/experiments/nn_exp/async_exp/online_runs/20260912_three_arm_v1/async/replay/summary.json
[done] /share/dai-sys/zhoulongsheng/agentkv/experiments/nn_exp/async_exp/online_runs/20260912_three_arm_v1/async/replay/report.md
