[warn] no manifest.json, skip hash check
[index] 572 sessions / 1970 turns from /share/dai-sys/zhoulongsheng/agentkv/experiments/evict_position/workload/workload.jsonl
[arrival] {"type": "waves", "horizon_s": 300.0, "n_waves": 9, "wave_width_s": 20.0, "wave_start_s": [0.0, 37.5, 75.0, 112.5, 150.0, 187.5, 225.0, 262.5, 280.0], "wave_class_counts": [{"openhands": 4, "request": 60}, {"openhands": 4, "request": 60}, {"openhands": 4, "request": 60}, {"openhands": 4, "request": 60}, {"openhands": 4, "request": 60}, {"openhands": 4, "request": 60}, {"openhands": 3, "request": 60}, {"openhands": 3, "request": 60}, {"openhands": 3, "request": 59}], "arrival_seed": 42, "classes": ["openhands", "request"]}
[ok] request s309 turn0 ttft=1442.205ms hit=0.0 e2e=7238.604ms
[ok] request s281 turn0 ttft=1582.594ms hit=0.0 e2e=10102.925ms
[ok] request s143 turn0 ttft=1266.539ms hit=0.0 e2e=9788.844ms
[ok] request s565 turn0 ttft=318.643ms hit=0.0 e2e=8836.206ms
[ok] openhands s448 turn0 ttft=3485.875ms hit=0.0 e2e=12008.001ms
[ok] request s124 turn0 ttft=632.601ms hit=0.0 e2e=9158.009ms
[ok] request s206 turn0 ttft=2538.13ms hit=0.0 e2e=11063.248ms
[ok] request s400 turn0 ttft=1903.726ms hit=0.0 e2e=10428.541ms
[ok] request s191 turn0 ttft=2831.819ms hit=0.0 e2e=11356.317ms
[ok] request s100 turn0 ttft=951.914ms hit=0.0 e2e=9476.088ms
[ok] request s144 turn0 ttft=2832.06ms hit=0.0 e2e=11355.964ms
[ok] request s547 turn0 ttft=2222.482ms hit=0.0 e2e=10746.108ms
[ok] request s44 turn0 ttft=4776.001ms hit=0.0 e2e=5722.375ms
[ok] request s507 turn0 ttft=1761.34ms hit=0.0 e2e=7948.878ms
[ok] request s228 turn0 ttft=3190.364ms hit=0.0 e2e=4139.105ms
[ok] request s9 turn0 ttft=2114.138ms hit=0.0 e2e=8582.816ms
[ok] request s521 turn0 ttft=4928.169ms hit=0.0 e2e=6043.713ms
[ok] request s113 turn0 ttft=2078.005ms hit=0.0 e2e=8267.327ms
[ok] request s522 turn0 ttft=3165.1ms hit=0.0 e2e=6367.615ms
[ok] request s362 turn0 ttft=1126.92ms hit=0.0 e2e=7320.109ms
[ok] request s182 turn0 ttft=4461.53ms hit=0.0 e2e=5415.431ms
[ok] request s223 turn0 ttft=3509.047ms hit=0.0 e2e=4463.843ms
[ok] request s288 turn0 ttft=2559.793ms hit=0.0 e2e=3511.862ms
[ok] request s495 turn0 ttft=3829.679ms hit=0.0 e2e=4781.484ms
[ok] request s80 turn0 ttft=4148.481ms hit=0.0 e2e=5099.759ms
[ok] request s401 turn0 ttft=716.684ms hit=0.0 e2e=6687.46ms
[ok] openhands s195 turn0 ttft=1032.869ms hit=0.224097 e2e=7004.607ms
[ok] request s180 turn0 ttft=2879.071ms hit=0.0 e2e=3830.99ms
[ok] request s222 turn0 ttft=152.901ms hit=0.0 e2e=657.879ms
[ok] request s160 turn0 ttft=1872.052ms hit=0.0 e2e=2566.139ms
[ok] request s233 turn0 ttft=2508.406ms hit=0.0 e2e=3201.932ms
[ok] request s30 turn0 ttft=623.885ms hit=0.0 e2e=1297.539ms
[ok] openhands s512 turn0 ttft=1258.787ms hit=0.225208 e2e=1933.436ms
[ok] request s326 turn0 ttft=305.495ms hit=0.0 e2e=981.184ms
[ok] request s340 turn0 ttft=942.526ms hit=0.0 e2e=1617.243ms
[ok] request s397 turn0 ttft=2191.894ms hit=0.0 e2e=2887.443ms
[ok] request s158 turn0 ttft=1555.514ms hit=0.0 e2e=2252.621ms
[ok] request s54 turn0 ttft=138.708ms hit=0.0 e2e=8474.208ms
[ok] request s557 turn0 ttft=4285.932ms hit=0.0 e2e=7851.562ms
[ok] request s565 turn1 ttft=4049.453ms hit=0.0 e2e=7836.657ms
[ok] request s400 turn1 ttft=4046.041ms hit=0.0 e2e=7835.225ms
[ok] request s44 turn1 ttft=3988.014ms hit=0.0 e2e=7776.922ms
[ok] request s522 turn1 ttft=3981.252ms hit=0.0 e2e=7769.884ms
[ok] request s80 turn1 ttft=3977.614ms hit=0.0 e2e=7765.966ms
[ok] openhands s448 turn1 ttft=2619.627ms hit=0.954386 e2e=8432.096ms
[ok] request s521 turn1 ttft=3986.899ms hit=0.268625 e2e=7779.636ms
[ok] request s113 turn1 ttft=3986.081ms hit=0.0 e2e=7778.656ms
[ok] request s547 turn1 ttft=4045.951ms hit=0.0 e2e=7838.357ms
[ok] request s362 turn1 ttft=3982.401ms hit=0.450308 e2e=7774.631ms
[ok] openhands s512 turn1 ttft=4539.839ms hit=0.948954 e2e=8331.881ms
[ok] request s75 turn0 ttft=2574.648ms hit=0.0 e2e=8394.021ms
[ok] request s180 turn1 ttft=4158.173ms hit=0.0 e2e=7771.648ms
[ok] request s144 turn1 ttft=4049.309ms hit=0.0 e2e=7841.326ms
[ok] openhands s195 turn1 ttft=4573.449ms hit=0.988028 e2e=8365.307ms
[ok] request s309 turn1 ttft=4383.567ms hit=0.0 e2e=8175.343ms
[ok] request s340 turn1 ttft=4146.564ms hit=0.0 e2e=7776.097ms
[ok] request s135 turn0 ttft=2873.202ms hit=0.0 e2e=6502.594ms
[ok] request s474 turn0 ttft=2191.772ms hit=0.0 e2e=5549.986ms
[ok] request s186 turn0 ttft=1565.885ms hit=0.0 e2e=4915.576ms
[ok] request s160 turn1 ttft=4150.21ms hit=0.0 e2e=7780.392ms
[ok] request s37 turn0 ttft=932.857ms hit=0.0 e2e=4282.417ms
[ok] request s223 turn1 ttft=4157.914ms hit=0.0 e2e=7788.493ms
[ok] request s501 turn0 ttft=4144.323ms hit=0.0 e2e=7774.872ms
[ok] request s360 turn0 ttft=3192.929ms hit=0.0 e2e=6823.467ms
[ok] openhands s449 turn0 ttft=1886.036ms hit=0.224884 e2e=5236.243ms
[ok] request s418 turn0 ttft=2240.926ms hit=0.0 e2e=5872.011ms
[ok] request s491 turn0 ttft=3510.654ms hit=0.0 e2e=7141.773ms
[ok] request s247 turn0 ttft=3828.804ms hit=0.0 e2e=7460.004ms
[ok] request s29 turn0 ttft=616.261ms hit=0.0 e2e=3968.116ms
[ok] request s329 turn0 ttft=2560.227ms hit=0.0 e2e=6191.53ms
[ok] request s455 turn0 ttft=1250.105ms hit=0.0 e2e=4604.16ms
[ok] request s318 turn0 ttft=296.982ms hit=0.0 e2e=3652.903ms
[ok] request s252 turn0 ttft=1550.727ms hit=0.0 e2e=2090.502ms
[ok] request s354 turn0 ttft=1234.463ms hit=0.0 e2e=1774.493ms
[ok] request s173 turn0 ttft=2186.904ms hit=0.0 e2e=2727.104ms
[ok] request s413 turn0 ttft=283.09ms hit=0.0 e2e=823.451ms
[ok] request s550 turn0 ttft=2801.34ms hit=0.0 e2e=3364.053ms
[ok] request s91 turn0 ttft=918.184ms hit=0.0 e2e=1459.475ms
[ok] request s178 turn0 ttft=1871.212ms hit=0.0 e2e=2412.719ms
[ok] request s493 turn0 ttft=2505.995ms hit=0.0 e2e=3047.707ms
[ok] request s89 turn0 ttft=601.832ms hit=0.0 e2e=1143.819ms
[ok] request s102 turn0 ttft=150.808ms hit=0.0 e2e=668.929ms
[ok] request s354 turn1 ttft=2055.888ms hit=0.469509 e2e=2226.501ms
[ok] request s54 turn1 ttft=2092.333ms hit=0.0 e2e=2720.776ms
[ok] request s400 turn2 ttft=1861.854ms hit=0.0 e2e=2491.998ms
[ok] request s547 turn2 ttft=1852.137ms hit=0.596737 e2e=2482.237ms
[ok] request s223 turn2 ttft=2083.159ms hit=0.52459 e2e=2469.123ms
[ok] openhands s448 turn2 ttft=2166.077ms hit=0.905137 e2e=3066.788ms
[ok] request s362 turn2 ttft=2095.523ms hit=0.288045 e2e=2486.905ms
[ok] request s340 turn2 ttft=2088.44ms hit=0.0 e2e=2479.332ms
[ok] request s521 turn2 ttft=1856.987ms hit=0.507937 e2e=2494.106ms
[ok] request s180 turn2 ttft=2095.786ms hit=0.358042 e2e=2486.711ms
[ok] openhands s195 turn2 ttft=2430.336ms hit=0.944934 e2e=3068.005ms
[ok] request s29 turn1 ttft=2098.183ms hit=0.0 e2e=2735.88ms
[ok] openhands s512 turn2 ttft=2428.327ms hit=0.974496 e2e=3066.027ms
[ok] request s491 turn1 ttft=2082.935ms hit=0.0 e2e=2474.667ms
[ok] request s44 turn2 ttft=1863.142ms hit=0.348774 e2e=2501.506ms
[ok] openhands s449 turn1 ttft=2426.234ms hit=0.923146 e2e=3064.67ms
[ok] request s455 turn1 ttft=2219.262ms hit=0.0 e2e=2857.788ms
[ok] request s329 turn1 ttft=2075.069ms hit=0.0 e2e=2478.69ms
[ok] request s413 turn1 ttft=2056.014ms hit=0.0 e2e=2452.865ms
[ok] request s501 turn1 ttft=2082.53ms hit=0.0 e2e=2485.565ms
[ok] request s113 turn2 ttft=2100.82ms hit=0.422442 e2e=2503.527ms
[ok] request s252 turn1 ttft=2056.756ms hit=0.0 e2e=2459.117ms
[ok] request s178 turn1 ttft=2050.739ms hit=0.0 e2e=2452.307ms
[ok] request s173 turn1 ttft=2055.864ms hit=0.0 e2e=2457.674ms
[ok] request s247 turn1 ttft=2082.959ms hit=0.0 e2e=2485.015ms
[ok] request s309 turn2 ttft=2097.409ms hit=0.0 e2e=2499.742ms
[ok] request s550 turn1 ttft=2055.148ms hit=0.286353 e2e=2457.269ms
[ok] request s180 turn3 ttft=1815.932ms hit=0.593968 e2e=2256.189ms
[ok] request s547 turn3 ttft=1826.998ms hit=0.740741 e2e=2267.082ms
[ok] request s491 turn2 ttft=1897.483ms hit=0.350205 e2e=2254.599ms
[ok] openhands s448 turn3 ttft=2149.124ms hit=0.968874 e2e=2847.595ms
[ok] request s223 turn3 ttft=1825.626ms hit=0.320401 e2e=2270.461ms
[ok] request s173 turn2 ttft=1884.202ms hit=0.466586 e2e=2245.891ms
[ok] request s309 turn3 ttft=1795.469ms hit=0.51927 e2e=2240.432ms
[ok] request s521 turn3 ttft=1905.894ms hit=0.587965 e2e=2267.214ms
[ok] openhands s449 turn2 ttft=2401.104ms hit=0.983306 e2e=2846.173ms
[ok] request s400 turn3 ttft=1831.52ms hit=0.392037 e2e=2276.392ms
[ok] openhands s512 turn3 ttft=2398.696ms hit=0.940024 e2e=2843.388ms
[ok] request s501 turn2 ttft=1891.118ms hit=0.0 e2e=2253.3ms
[ok] request s413 turn2 ttft=1810.572ms hit=0.328838 e2e=2255.489ms
[ok] openhands s195 turn3 ttft=2406.709ms hit=0.971935 e2e=2851.491ms
[ok] request s354 turn2 ttft=2045.409ms hit=0.914286 e2e=2490.084ms
[ok] request s113 turn3 ttft=1886.364ms hit=0.485999 e2e=2255.373ms
[ok] request s247 turn2 ttft=1880.447ms hit=0.0 e2e=2248.862ms
[ok] request s455 turn2 ttft=1895.236ms hit=0.0 e2e=2263.05ms
[ok] request s44 turn3 ttft=1898.703ms hit=0.363121 e2e=2265.51ms
[ok] request s178 turn2 ttft=1888.329ms hit=0.0 e2e=2255.082ms
[ok] request s340 turn3 ttft=1821.61ms hit=0.0 e2e=2290.714ms
[ok] openhands s512 turn4 ttft=381.643ms hit=0.910372 e2e=2875.233ms
[ok] openhands s449 turn3 ttft=496.519ms hit=0.928636 e2e=2989.837ms
[ok] openhands s195 turn4 ttft=493.87ms hit=0.977171 e2e=2986.903ms
[ok] openhands s448 turn4 ttft=476.615ms hit=0.71081 e2e=2995.841ms
[ok] request s501 turn3 ttft=2206.549ms hit=0.0 e2e=3192.555ms
[ok] request s44 turn4 ttft=2198.735ms hit=0.730177 e2e=3185.037ms
[ok] request s413 turn3 ttft=2205.974ms hit=0.619605 e2e=3195.748ms
[ok] request s309 turn4 ttft=2212.656ms hit=0.609524 e2e=3202.147ms
[ok] request s178 turn3 ttft=2198.403ms hit=0.776935 e2e=3187.648ms
[ok] request s521 turn4 ttft=2211.548ms hit=0.745541 e2e=3200.559ms
[ok] request s354 turn3 ttft=2205.973ms hit=0.823813 e2e=3194.816ms
[ok] request s173 turn3 ttft=2216.537ms hit=0.659227 e2e=3205.15ms
[ok] request s247 turn3 ttft=2205.12ms hit=0.395062 e2e=3193.521ms
[ok] request s491 turn3 ttft=2118.885ms hit=0.473198 e2e=3211.17ms
[ok] openhands s195 turn5 ttft=775.129ms hit=0.984973 e2e=1019.184ms
[ok] openhands s512 turn5 ttft=770.064ms hit=0.984102 e2e=1014.634ms
[ok] openhands s448 turn5 ttft=781.238ms hit=0.98594 e2e=1026.332ms
[ok] openhands s449 turn4 ttft=788.535ms hit=0.485852 e2e=1033.496ms
[ok] request s354 turn4 ttft=337.84ms hit=0.843956 e2e=762.784ms
[ok] openhands s512 turn6 ttft=352.78ms hit=0.842951 e2e=1137.446ms
[ok] request s247 turn4 ttft=334.391ms hit=0.634449 e2e=762.835ms
[ok] request s501 turn4 ttft=348.82ms hit=0.421053 e2e=776.925ms
[ok] request s178 turn4 ttft=344.151ms hit=0.483475 e2e=771.971ms
[ok] openhands s448 turn6 ttft=464.493ms hit=0.910608 e2e=1132.887ms
[ok] request s173 turn4 ttft=337.862ms hit=0.757396 e2e=765.697ms
[ok] openhands s449 turn5 ttft=620.805ms hit=0.992861 e2e=1127.304ms
[ok] request s44 turn5 ttft=347.862ms hit=0.734577 e2e=775.684ms
[ok] openhands s195 turn6 ttft=263.545ms hit=0.842367 e2e=560.794ms
[ok] request s521 turn5 ttft=339.462ms hit=0.497377 e2e=778.013ms
[ok] openhands s449 turn6 ttft=2288.37ms hit=0.927715 e2e=2535.716ms
[ok] openhands s448 turn7 ttft=336.651ms hit=0.934232 e2e=2543.139ms
[ok] openhands s512 turn7 ttft=2195.659ms hit=0.942959 e2e=2442.342ms
[ok] request s82 turn0 ttft=639.821ms hit=0.0 e2e=858.265ms
[ok] request s98 turn0 ttft=1881.593ms hit=0.0 e2e=2057.961ms
[ok] openhands s66 turn0 ttft=1591.154ms hit=0.225208 e2e=4636.842ms
[ok] openhands s448 turn8 ttft=2255.739ms hit=0.949404 e2e=7992.076ms
[ok] request s555 turn0 ttft=1272.744ms hit=0.0 e2e=4319.711ms
[ok] openhands s512 turn8 ttft=4206.63ms hit=0.977351 e2e=7979.84ms
[ok] request s377 turn0 ttft=325.088ms hit=0.0 e2e=3368.649ms
[ok] openhands s195 turn7 ttft=2205.437ms hit=0.795423 e2e=5482.636ms
[ok] openhands s449 turn7 ttft=4422.082ms hit=0.916477 e2e=7986.509ms
[ok] request s104 turn0 ttft=957.024ms hit=0.0 e2e=4003.496ms
[ok] request s26 turn0 ttft=130.109ms hit=0.0 e2e=3076.886ms
[ok] request s330 turn0 ttft=928.032ms hit=0.0 e2e=4129.911ms
[ok] request s387 turn0 ttft=1563.335ms hit=0.0 e2e=4765.813ms
[ok] request s96 turn0 ttft=1246.049ms hit=0.0 e2e=4448.149ms
[ok] request s108 turn0 ttft=612.21ms hit=0.0 e2e=3815.952ms
[ok] request s505 turn0 ttft=2507.749ms hit=0.0 e2e=5721.154ms
[ok] request s256 turn0 ttft=295.387ms hit=0.0 e2e=3499.038ms
[ok] request s198 turn0 ttft=2201.087ms hit=0.0 e2e=5404.523ms
[ok] request s203 turn0 ttft=1363.202ms hit=0.0 e2e=1724.428ms
[ok] request s562 turn0 ttft=139.933ms hit=0.0 e2e=3337.971ms
[ok] openhands s449 turn8 ttft=2496.084ms hit=0.978996 e2e=3414.719ms
[ok] openhands s448 turn9 ttft=2220.718ms hit=0.970196 e2e=3436.74ms
[ok] request s26 turn1 ttft=2128.727ms hit=0.0 e2e=2811.597ms
[ok] request s357 turn0 ttft=1997.223ms hit=0.0 e2e=2679.385ms
[ok] request s509 turn0 ttft=2393.166ms hit=0.0 e2e=3315.193ms
[ok] request s485 turn0 ttft=1046.043ms hit=0.0 e2e=1727.703ms
[ok] request s450 turn0 ttft=729.623ms hit=0.0 e2e=1411.072ms
[ok] openhands s512 turn9 ttft=2507.425ms hit=0.97225 e2e=3433.216ms
[ok] request s564 turn0 ttft=522.365ms hit=0.0 e2e=1097.279ms
[ok] request s377 turn1 ttft=2157.824ms hit=0.0 e2e=2842.694ms
[ok] request s311 turn0 ttft=1681.84ms hit=0.0 e2e=2367.552ms
[ok] request s551 turn0 ttft=208.392ms hit=0.0 e2e=780.858ms
[ok] openhands s195 turn8 ttft=2502.23ms hit=0.985191 e2e=3429.195ms
[ok] openhands s66 turn1 ttft=2490.092ms hit=0.963311 e2e=3416.909ms
[ok] openhands s260 turn0 ttft=2318.063ms hit=0.221036 e2e=3004.192ms
[ok] request s349 turn0 ttft=139.903ms hit=0.0 e2e=863.214ms
[ok] request s199 turn0 ttft=146.674ms hit=0.0 e2e=5976.874ms
[ok] request s387 turn1 ttft=2473.173ms hit=0.0 e2e=5971.512ms
[ok] request s551 turn1 ttft=2316.533ms hit=0.0 e2e=5528.703ms
[ok] request s544 turn0 ttft=2429.884ms hit=0.0 e2e=5643.813ms
[ok] openhands s449 turn9 ttft=2566.74ms hit=0.989757 e2e=6086.96ms
[ok] request s311 turn1 ttft=2318.992ms hit=0.0 e2e=5532.798ms
[ok] openhands s448 turn10 ttft=2261.323ms hit=0.970425 e2e=6131.417ms
[ok] request s19 turn0 ttft=1478.743ms hit=0.0 e2e=4692.437ms
[ok] request s198 turn1 ttft=2467.879ms hit=0.0 e2e=5992.89ms
[ok] request s562 turn1 ttft=2313.337ms hit=0.439108 e2e=5838.086ms
[ok] openhands s512 turn10 ttft=2786.232ms hit=0.936882 e2e=6004.599ms
[ok] request s161 turn0 ttft=1797.471ms hit=0.0 e2e=5014.641ms
[ok] openhands s195 turn9 ttft=2311.683ms hit=0.984426 e2e=6129.62ms
[ok] request s25 turn0 ttft=2114.202ms hit=0.0 e2e=5332.888ms
[ok] request s256 turn1 ttft=2470.156ms hit=0.0 e2e=5995.77ms
[ok] openhands s260 turn1 ttft=2597.51ms hit=0.715043 e2e=6125.603ms
[ok] openhands s66 turn2 ttft=2304.007ms hit=0.971274 e2e=6122.566ms
[ok] request s534 turn0 ttft=2444.35ms hit=0.0 e2e=5969.908ms
[ok] request s53 turn0 ttft=1845.532ms hit=0.0 e2e=2483.586ms
[ok] request s284 turn0 ttft=575.633ms hit=0.0 e2e=1212.563ms
[ok] request s266 turn0 ttft=3001.434ms hit=0.0 e2e=3753.503ms
[ok] request s472 turn0 ttft=2684.646ms hit=0.0 e2e=3436.527ms
[ok] openhands s194 turn0 ttft=3319.876ms hit=0.044889 e2e=4071.616ms
[ok] request s479 turn0 ttft=2369.105ms hit=0.0 e2e=3120.762ms
[ok] request s426 turn0 ttft=1162.408ms hit=0.0 e2e=4390.276ms
[ok] request s36 turn0 ttft=2051.984ms hit=0.0 e2e=2803.945ms
[ok] request s442 turn0 ttft=893.368ms hit=0.0 e2e=1534.108ms
[ok] request s488 turn0 ttft=262.674ms hit=0.0 e2e=900.069ms
[ok] request s374 turn0 ttft=1529.016ms hit=0.0 e2e=2170.152ms
[ok] request s39 turn0 ttft=1212.804ms hit=0.0 e2e=1853.368ms
[ok] request s73 turn0 ttft=142.253ms hit=0.0 e2e=628.878ms
[ok] request s34 turn0 ttft=153.231ms hit=0.0 e2e=2082.434ms
[ok] request s36 turn1 ttft=451.31ms hit=0.0 e2e=1651.097ms
[ok] request s562 turn2 ttft=463.168ms hit=0.590883 e2e=1663.779ms
[ok] openhands s512 turn11 ttft=860.584ms hit=0.914804 e2e=2215.772ms
[ok] request s25 turn1 ttft=462.006ms hit=0.0 e2e=1668.337ms
[ok] openhands s448 turn11 ttft=556.911ms hit=0.972536 e2e=2257.804ms
[ok] request s199 turn1 ttft=770.048ms hit=0.0 e2e=1976.544ms
[ok] request s544 turn1 ttft=470.55ms hit=0.0 e2e=1676.85ms
[ok] openhands s195 turn10 ttft=886.763ms hit=0.832771 e2e=2249.835ms
[ok] request s39 turn1 ttft=452.493ms hit=0.0 e2e=1657.999ms
[ok] openhands s194 turn1 ttft=536.712ms hit=0.99717 e2e=2238.818ms
[ok] request s488 turn1 ttft=452.621ms hit=0.0 e2e=1659.915ms
[ok] openhands s449 turn10 ttft=998.082ms hit=0.990003 e2e=2205.231ms
[ok] openhands s260 turn2 ttft=631.027ms hit=0.986233 e2e=2246.318ms
[ok] openhands s66 turn3 ttft=628.633ms hit=0.95794 e2e=2243.77ms
[ok] request s5 turn0 ttft=845.159ms hit=0.0 e2e=2209.927ms
[ok] request s515 turn0 ttft=685.369ms hit=0.0 e2e=1893.233ms
[ok] request s394 turn0 ttft=368.457ms hit=0.0 e2e=1577.812ms
[ok] openhands s513 turn0 ttft=683.931ms hit=0.0 e2e=1300.69ms
[ok] request s351 turn0 ttft=477.278ms hit=0.0 e2e=983.588ms
[ok] request s10 turn0 ttft=163.735ms hit=0.0 e2e=666.396ms
[ok] request s328 turn0 ttft=137.59ms hit=0.0 e2e=1446.846ms
[ok] request s394 turn1 ttft=542.51ms hit=0.0 e2e=923.447ms
[ok] request s544 turn2 ttft=549.578ms hit=0.0 e2e=932.092ms
[ok] openhands s66 turn4 ttft=1105.942ms hit=0.909165 e2e=1490.433ms
[ok] request s5 turn1 ttft=546.187ms hit=0.0 e2e=928.914ms
[ok] openhands s448 turn12 ttft=1138.417ms hit=0.9766 e2e=1526.29ms
[ok] openhands s512 turn12 ttft=1098.195ms hit=0.93827 e2e=1486.097ms
[ok] request s562 turn3 ttft=557.656ms hit=0.656691 e2e=945.445ms
[ok] request s412 turn0 ttft=1096.137ms hit=0.0 e2e=1487.934ms
[ok] openhands s260 turn3 ttft=1097.79ms hit=0.922547 e2e=1491.601ms
[ok] request s515 turn1 ttft=546.466ms hit=0.336842 e2e=934.945ms
[ok] openhands s449 turn11 ttft=1113.949ms hit=0.986792 e2e=1505.847ms
[ok] openhands s195 turn11 ttft=1132.499ms hit=0.878356 e2e=1526.402ms
[ok] openhands s513 turn1 ttft=1085.307ms hit=0.988337 e2e=1480.183ms
[ok] openhands s194 turn2 ttft=1131.667ms hit=0.989462 e2e=1521.246ms
[ok] request s235 turn0 ttft=820.026ms hit=0.0 e2e=1209.583ms
[ok] request s147 turn0 ttft=633.927ms hit=0.0 e2e=1859.598ms
[ok] request s497 turn0 ttft=316.922ms hit=0.0 e2e=1545.115ms
[ok] request s351 turn1 ttft=636.003ms hit=0.0 e2e=1865.537ms
[ok] request s438 turn0 ttft=135.158ms hit=0.0 e2e=1245.429ms
[ok] openhands s66 turn5 ttft=1180.832ms hit=0.980316 e2e=1486.836ms
[ok] request s372 turn0 ttft=262.215ms hit=0.0 e2e=872.741ms
[ok] request s412 turn1 ttft=359.488ms hit=0.0 e2e=969.707ms
[ok] openhands s512 turn13 ttft=721.063ms hit=0.971969 e2e=1524.665ms
[ok] request s515 turn2 ttft=358.611ms hit=0.422442 e2e=968.821ms
[ok] openhands s449 turn12 ttft=863.54ms hit=0.95778 e2e=1473.435ms
[ok] request s394 turn2 ttft=368.605ms hit=0.683578 e2e=978.236ms
[ok] openhands s448 turn13 ttft=899.913ms hit=0.956382 e2e=1563.16ms
[ok] openhands s194 turn3 ttft=659.637ms hit=0.973234 e2e=1540.837ms
[ok] request s373 turn0 ttft=844.466ms hit=0.0 e2e=1508.879ms
[ok] openhands s260 turn4 ttft=750.114ms hit=0.905718 e2e=1556.112ms
[ok] openhands s195 turn12 ttft=671.285ms hit=0.960207 e2e=1552.773ms
[ok] openhands s513 turn2 ttft=882.763ms hit=0.957009 e2e=1546.89ms
[ok] request s537 turn0 ttft=581.692ms hit=0.0 e2e=1192.748ms
[ok] request s202 turn0 ttft=138.404ms hit=0.0 e2e=1121.255ms
[ok] request s394 turn3 ttft=360.147ms hit=0.448336 e2e=512.946ms
[ok] request s316 turn0 ttft=147.978ms hit=0.0 e2e=1395.627ms
[ok] openhands s66 turn6 ttft=1149.583ms hit=0.984093 e2e=1328.849ms
[ok] request s537 turn1 ttft=357.601ms hit=0.482109 e2e=682.096ms
[ok] openhands s194 turn4 ttft=624.548ms hit=0.989247 e2e=1271.186ms
[ok] request s139 turn0 ttft=884.013ms hit=0.0 e2e=1210.931ms
[ok] request s515 turn3 ttft=362.834ms hit=0.649746 e2e=689.505ms
[ok] openhands s513 turn3 ttft=794.812ms hit=0.809922 e2e=1244.011ms
[ok] openhands s512 turn14 ttft=563.102ms hit=0.988894 e2e=1287.921ms
[ok] request s372 turn1 ttft=364.797ms hit=0.0 e2e=691.846ms
[ok] openhands s448 turn14 ttft=931.655ms hit=0.912369 e2e=1260.85ms
[ok] request s351 turn2 ttft=525.412ms hit=0.229391 e2e=1252.993ms
[ok] openhands s449 turn13 ttft=556.432ms hit=0.982528 e2e=1283.786ms
[ok] openhands s260 turn5 ttft=799.183ms hit=0.930784 e2e=1252.093ms
[ok] request s112 turn0 ttft=568.025ms hit=0.0 e2e=898.059ms
[ok] openhands s449 turn14 ttft=941.578ms hit=0.993177 e2e=1249.554ms
[ok] openhands s194 turn5 ttft=602.893ms hit=0.989601 e2e=1289.944ms
[ok] request s515 turn4 ttft=388.508ms hit=0.871242 e2e=694.103ms
[ok] request s351 turn3 ttft=385.398ms hit=0.532225 e2e=690.627ms
[ok] openhands s513 turn4 ttft=933.113ms hit=0.978875 e2e=1246.567ms
[ok] openhands s448 turn15 ttft=580.384ms hit=0.985461 e2e=1271.028ms
[ok] request s394 turn4 ttft=564.917ms hit=0.86927 e2e=873.58ms
[ok] request s316 turn1 ttft=524.016ms hit=0.0 e2e=832.432ms
[ok] openhands s512 turn15 ttft=764.821ms hit=0.99543 e2e=1280.083ms
[ok] openhands s260 turn6 ttft=748.603ms hit=0.839566 e2e=1263.56ms
[ok] openhands s66 turn7 ttft=783.819ms hit=0.984038 e2e=1092.568ms
[ok] request s112 turn1 ttft=383.829ms hit=0.0 e2e=692.359ms
[ok] openhands s260 turn7 ttft=1109.96ms hit=0.850745 e2e=1430.423ms
[ok] openhands s449 turn15 ttft=611.103ms hit=0.988865 e2e=1473.693ms
[ok] request s316 turn2 ttft=564.994ms hit=0.503937 e2e=869.217ms
[ok] request s351 turn4 ttft=572.539ms hit=0.704957 e2e=880.357ms
[ok] openhands s194 turn6 ttft=1141.87ms hit=0.988714 e2e=1470.47ms
[ok] openhands s448 turn16 ttft=731.05ms hit=0.996697 e2e=1455.492ms
[ok] request s515 turn5 ttft=576.976ms hit=0.793388 e2e=885.082ms
[ok] request s394 turn5 ttft=570.168ms hit=0.763609 e2e=878.074ms
[ok] openhands s66 turn8 ttft=1099.877ms hit=0.970371 e2e=1430.31ms
[ok] openhands s512 turn16 ttft=722.748ms hit=0.990349 e2e=1447.669ms
[ok] openhands s513 turn5 ttft=1126.338ms hit=0.948658 e2e=1434.575ms
[ok] request s112 turn2 ttft=565.72ms hit=0.265285 e2e=873.784ms
[ok] openhands s194 turn7 ttft=979.799ms hit=0.881391 e2e=1253.29ms
[ok] openhands s260 turn8 ttft=469.264ms hit=0.993043 e2e=1336.583ms
[ok] request s316 turn3 ttft=467.695ms hit=0.606923 e2e=742.476ms
[ok] openhands s66 turn9 ttft=472.961ms hit=0.971507 e2e=1332.66ms
[ok] openhands s513 turn6 ttft=709.04ms hit=0.924085 e2e=1318.155ms
[ok] openhands s448 turn17 ttft=719.019ms hit=0.976393 e2e=1327.818ms
[ok] request s515 turn6 ttft=464.211ms hit=0.839738 e2e=740.597ms
[ok] openhands s194 turn8 ttft=500.549ms hit=0.971612 e2e=1166.449ms
[ok] request s316 turn4 ttft=285.412ms hit=0.78921 e2e=568.949ms
[ok] openhands s66 turn10 ttft=596.967ms hit=0.86718 e2e=1144.645ms
[ok] openhands s513 turn7 ttft=723.798ms hit=0.947998 e2e=1141.019ms
[ok] openhands s448 turn18 ttft=718.787ms hit=0.969697 e2e=1135.703ms
[ok] request s515 turn7 ttft=287.503ms hit=0.860866 e2e=568.961ms
[ok] openhands s260 turn9 ttft=867.398ms hit=0.938468 e2e=1152.887ms
[ok] openhands s66 turn11 ttft=1001.038ms hit=0.980684 e2e=1271.413ms
[ok] openhands s194 turn9 ttft=720.189ms hit=0.989898 e2e=1288.564ms
[ok] openhands s260 turn10 ttft=985.32ms hit=0.818811 e2e=1268.219ms
[ok] openhands s513 turn8 ttft=977.791ms hit=0.956201 e2e=1251.962ms
[ok] openhands s448 turn19 ttft=988.337ms hit=0.96909 e2e=1262.164ms
[ok] openhands s194 turn10 ttft=2302.772ms hit=0.98848 e2e=2720.723ms
[ok] openhands s260 turn11 ttft=2435.213ms hit=0.995439 e2e=2704.245ms
[ok] openhands s513 turn9 ttft=2417.598ms hit=0.854495 e2e=2687.407ms
[ok] openhands s448 turn20 ttft=2429.487ms hit=0.93027 e2e=2697.8ms
[ok] openhands s66 turn12 ttft=2328.343ms hit=0.961252 e2e=2597.416ms
[ok] openhands s194 turn11 ttft=538.093ms hit=0.990901 e2e=1069.605ms
[ok] openhands s260 turn12 ttft=638.013ms hit=0.914956 e2e=1052.583ms
[ok] openhands s448 turn21 ttft=758.633ms hit=0.962974 e2e=1033.923ms
[ok] openhands s513 turn10 ttft=761.738ms hit=0.985132 e2e=1045.831ms
[ok] openhands s66 turn13 ttft=765.912ms hit=0.980492 e2e=1040.913ms
[ok] openhands s448 turn22 ttft=607.738ms hit=0.975215 e2e=881.164ms
[ok] openhands s194 turn12 ttft=582.721ms hit=0.988589 e2e=1020.537ms
[ok] openhands s513 turn11 ttft=595.862ms hit=0.923027 e2e=1003.278ms
[ok] openhands s66 turn14 ttft=617.118ms hit=0.954334 e2e=898.131ms
[ok] openhands s260 turn13 ttft=718.338ms hit=0.993857 e2e=998.906ms
[ok] openhands s448 turn23 ttft=380.977ms hit=0.975605 e2e=654.561ms
[ok] openhands s194 turn13 ttft=548.103ms hit=0.99172 e2e=992.168ms
[ok] openhands s66 turn15 ttft=573.34ms hit=0.981366 e2e=974.848ms
[ok] openhands s260 turn14 ttft=617.012ms hit=0.993893 e2e=898.486ms
[ok] openhands s513 turn12 ttft=688.49ms hit=0.991168 e2e=969.601ms
[ok] openhands s448 turn24 ttft=279.052ms hit=0.972693 e2e=555.737ms
[ok] openhands s194 turn14 ttft=559.648ms hit=0.980974 e2e=999.086ms
[ok] openhands s66 turn16 ttft=576.705ms hit=0.91707 e2e=981.453ms
[ok] openhands s260 turn15 ttft=663.716ms hit=0.994894 e2e=947.019ms
[ok] openhands s513 turn13 ttft=692.622ms hit=0.957084 e2e=975.546ms
[ok] openhands s66 turn17 ttft=740.187ms hit=0.986709 e2e=884.829ms
[ok] openhands s513 turn14 ttft=524.877ms hit=0.944406 e2e=869.346ms
[ok] openhands s260 turn16 ttft=724.039ms hit=0.981018 e2e=878.998ms
[ok] openhands s448 turn25 ttft=570.532ms hit=0.993698 e2e=916.895ms
[ok] openhands s194 turn15 ttft=700.521ms hit=0.98164 e2e=1272.724ms
[ok] openhands s260 turn17 ttft=628.231ms hit=0.995047 e2e=907.064ms
[ok] openhands s66 turn18 ttft=367.631ms hit=0.992904 e2e=1032.804ms
[ok] openhands s194 turn16 ttft=390.168ms hit=0.998211 e2e=664.304ms
[ok] openhands s448 turn26 ttft=598.897ms hit=0.91419 e2e=997.345ms
[ok] openhands s513 turn15 ttft=565.572ms hit=0.960137 e2e=1023.652ms
[ok] openhands s513 turn16 ttft=487.038ms hit=0.968385 e2e=904.525ms
[ok] openhands s260 turn18 ttft=498.792ms hit=0.984399 e2e=918.102ms
[ok] openhands s448 turn27 ttft=494.53ms hit=0.933869 e2e=861.495ms
[ok] openhands s194 turn17 ttft=579.819ms hit=0.981752 e2e=847.183ms
[ok] openhands s513 turn17 ttft=574.17ms hit=0.954651 e2e=1121.336ms
[ok] openhands s448 turn28 ttft=586.894ms hit=0.972848 e2e=1135.661ms
[ok] openhands s133 turn0 ttft=492.522ms hit=0.520037 e2e=1035.007ms
[ok] request s433 turn0 ttft=174.022ms hit=0.0 e2e=718.998ms
[ok] openhands s260 turn19 ttft=632.593ms hit=0.993314 e2e=1187.957ms
[ok] openhands s194 turn18 ttft=589.486ms hit=0.995818 e2e=1266.083ms
[ok] request s126 turn0 ttft=127.627ms hit=0.0 e2e=756.741ms
[ok] openhands s448 turn29 ttft=581.852ms hit=0.988789 e2e=1394.948ms
[ok] openhands s513 turn18 ttft=568.135ms hit=0.964824 e2e=1383.7ms
[ok] openhands s133 turn1 ttft=524.163ms hit=0.954545 e2e=1153.261ms
[ok] openhands s260 turn20 ttft=348.642ms hit=0.989576 e2e=1163.032ms
[ok] request s441 turn0 ttft=434.676ms hit=0.0 e2e=1250.324ms
[ok] openhands s194 turn19 ttft=401.039ms hit=0.991937 e2e=1329.691ms
[ok] request s306 turn0 ttft=254.124ms hit=0.0 e2e=1183.672ms
[ok] request s237 turn0 ttft=247.103ms hit=0.0 e2e=4275.877ms
[ok] request s433 turn1 ttft=199.285ms hit=0.0 e2e=4225.34ms
[ok] request s127 turn0 ttft=249.397ms hit=0.0 e2e=4058.731ms
[ok] request s126 turn1 ttft=163.847ms hit=0.0 e2e=3971.548ms
[ok] request s155 turn0 ttft=441.105ms hit=0.0 e2e=3445.632ms
[ok] openhands s133 turn2 ttft=593.145ms hit=0.714902 e2e=4008.912ms
[ok] openhands s513 turn19 ttft=580.311ms hit=0.963154 e2e=3997.899ms
[ok] openhands s260 turn21 ttft=592.399ms hit=0.979836 e2e=4009.134ms
[ok] request s317 turn0 ttft=571.509ms hit=0.0 e2e=3989.041ms
[ok] request s306 turn1 ttft=2204.373ms hit=0.0 e2e=3424.493ms
[ok] openhands s194 turn20 ttft=526.026ms hit=0.9946 e2e=4024.701ms
[ok] request s313 turn0 ttft=2401.888ms hit=0.0 e2e=3627.37ms
[ok] request s476 turn0 ttft=667.993ms hit=0.0 e2e=1723.482ms
[ok] openhands s324 turn0 ttft=625.603ms hit=0.225424 e2e=1406.461ms
[ok] request s24 turn0 ttft=308.768ms hit=0.0 e2e=1089.229ms
[ok] request s47 turn0 ttft=1450.799ms hit=0.0 e2e=2676.462ms
[ok] request s165 turn0 ttft=816.03ms hit=0.0 e2e=2041.321ms
[ok] request s217 turn0 ttft=2085.857ms hit=0.0 e2e=3310.697ms
[ok] request s128 turn0 ttft=1770.575ms hit=0.0 e2e=2995.106ms
[ok] request s241 turn0 ttft=1135.25ms hit=0.0 e2e=2359.518ms
[ok] openhands s448 turn30 ttft=2621.951ms hit=0.051762 e2e=3845.839ms
[ok] request s405 turn0 ttft=134.686ms hit=0.0 e2e=1172.71ms
[ok] request s506 turn0 ttft=132.888ms hit=0.0 e2e=1810.406ms
[ok] openhands s133 turn3 ttft=663.992ms hit=0.909737 e2e=1865.798ms
[ok] request s553 turn0 ttft=533.655ms hit=0.0 e2e=1733.032ms
[ok] request s433 turn2 ttft=418.077ms hit=0.0 e2e=1618.624ms
[ok] openhands s513 turn20 ttft=661.491ms hit=0.964669 e2e=1865.745ms
[ok] openhands s260 turn22 ttft=654.917ms hit=0.987412 e2e=1857.807ms
[ok] request s126 turn2 ttft=639.936ms hit=0.428094 e2e=1844.118ms
[ok] request s237 turn1 ttft=420.741ms hit=0.0 e2e=1623.098ms
[ok] request s70 turn0 ttft=396.02ms hit=0.0 e2e=1356.529ms
[ok] request s369 turn0 ttft=418.302ms hit=0.0 e2e=1877.628ms
[ok] openhands s194 turn21 ttft=475.597ms hit=0.980063 e2e=2057.313ms
[ok] request s127 turn1 ttft=521.434ms hit=0.0 e2e=1985.757ms
[ok] request s299 turn0 ttft=307.394ms hit=0.0 e2e=1248.702ms
[ok] request s405 turn1 ttft=123.745ms hit=0.0 e2e=1061.549ms
[ok] request s47 turn1 ttft=407.595ms hit=0.0 e2e=1463.341ms
[ok] openhands s448 turn31 ttft=722.021ms hit=0.949359 e2e=2006.182ms
[ok] request s165 turn1 ttft=406.968ms hit=0.0 e2e=1462.75ms
[ok] request s317 turn1 ttft=449.225ms hit=0.0 e2e=1733.379ms
[ok] request s241 turn1 ttft=406.333ms hit=0.0 e2e=1462.137ms
[ok] openhands s324 turn1 ttft=577.499ms hit=0.963689 e2e=2043.38ms
[ok] request s84 turn0 ttft=129.501ms hit=0.0 e2e=957.163ms
[ok] request s183 turn0 ttft=129.677ms hit=0.0 e2e=1042.09ms
[ok] openhands s513 turn21 ttft=400.897ms hit=0.992218 e2e=874.804ms
[ok] request s261 turn0 ttft=253.002ms hit=0.0 e2e=727.796ms
[ok] openhands s260 turn23 ttft=405.899ms hit=0.974915 e2e=888.134ms
[ok] openhands s133 turn4 ttft=291.507ms hit=0.81961 e2e=894.069ms
[ok] request s126 turn3 ttft=555.109ms hit=0.574635 e2e=983.425ms
[ok] request s405 turn2 ttft=326.381ms hit=0.471889 e2e=879.241ms
[ok] openhands s194 turn22 ttft=689.806ms hit=0.98705 e2e=1480.781ms
[ok] request s165 turn2 ttft=325.397ms hit=0.396899 e2e=879.803ms
[ok] openhands s260 turn24 ttft=439.285ms hit=0.990105 e2e=1049.316ms
[ok] openhands s448 turn32 ttft=726.019ms hit=0.9918 e2e=1462.01ms
[ok] openhands s513 turn22 ttft=484.248ms hit=0.974068 e2e=1043.206ms
[ok] request s142 turn0 ttft=412.741ms hit=0.0 e2e=1149.901ms
[ok] request s127 turn2 ttft=329.351ms hit=0.0 e2e=888.387ms
[ok] request s17 turn0 ttft=274.508ms hit=0.0 e2e=833.394ms
[ok] request s369 turn1 ttft=336.162ms hit=0.0 e2e=894.839ms
[ok] openhands s133 turn5 ttft=475.916ms hit=0.926675 e2e=1034.392ms
[ok] openhands s324 turn2 ttft=652.707ms hit=0.858884 e2e=1449.751ms
[ok] request s65 turn0 ttft=650.142ms hit=0.0 e2e=1447.005ms
[ok] request s267 turn0 ttft=134.423ms hit=0.0 e2e=565.043ms
[ok] request s379 turn0 ttft=140.212ms hit=0.0 e2e=1731.737ms
[ok] request s105 turn0 ttft=136.635ms hit=0.0 e2e=151.178ms
[ok] request s341 turn0 ttft=845.662ms hit=0.0 e2e=1432.644ms
[ok] request s369 turn2 ttft=678.108ms hit=0.340879 e2e=1367.4ms
[ok] openhands s133 turn6 ttft=986.604ms hit=0.942414 e2e=1928.071ms
[ok] request s142 turn1 ttft=680.216ms hit=0.0 e2e=1370.723ms
[ok] openhands s260 turn25 ttft=490.848ms hit=0.98961 e2e=1969.415ms
[ok] request s126 turn4 ttft=1048.775ms hit=0.0 e2e=1744.041ms
[ok] request s267 turn1 ttft=743.46ms hit=0.0 e2e=1327.17ms
[ok] openhands s324 turn3 ttft=518.301ms hit=0.955412 e2e=1962.437ms
[ok] request s165 turn3 ttft=686.632ms hit=0.524053 e2e=1382.169ms
[ok] request s381 turn0 ttft=639.044ms hit=0.0 e2e=1222.985ms
[ok] openhands s259 turn0 ttft=1162.508ms hit=0.226076 e2e=1858.042ms
[ok] request s65 turn1 ttft=791.032ms hit=0.520678 e2e=1374.989ms
[ok] request s55 turn0 ttft=118.613ms hit=0.0 e2e=588.987ms
[ok] openhands s513 turn23 ttft=995.283ms hit=0.967328 e2e=1945.366ms
[ok] openhands s448 turn33 ttft=696.265ms hit=0.983467 e2e=1960.898ms
[ok] request s245 turn0 ttft=430.901ms hit=0.0 e2e=906.984ms
[ok] request s405 turn3 ttft=690.188ms hit=0.637609 e2e=1386.622ms
[ok] request s341 turn1 ttft=909.2ms hit=0.0 e2e=1668.742ms
[ok] request s142 turn2 ttft=806.743ms hit=0.0 e2e=1607.233ms
[ok] openhands s513 turn24 ttft=814.858ms hit=0.992641 e2e=2182.296ms
[ok] request s369 turn3 ttft=809.244ms hit=0.628993 e2e=1611.141ms
[ok] openhands s260 turn26 ttft=527.648ms hit=0.993538 e2e=2201.147ms
[ok] openhands s448 turn34 ttft=1120.665ms hit=0.977083 e2e=2178.004ms
[ok] request s65 turn2 ttft=1015.382ms hit=0.0 e2e=1604.967ms
[ok] request s105 turn1 ttft=920.252ms hit=0.0 e2e=1727.313ms
[ok] openhands s259 turn1 ttft=622.125ms hit=0.776935 e2e=2190.987ms
[ok] request s405 turn4 ttft=1012.063ms hit=0.0 e2e=1604.352ms
[ok] openhands s324 turn4 ttft=1389.13ms hit=0.604063 e2e=2195.918ms
[ok] request s126 turn5 ttft=1018.8ms hit=0.0 e2e=1610.103ms
[ok] openhands s133 turn7 ttft=594.356ms hit=0.886929 e2e=2164.848ms
[ok] request s117 turn0 ttft=589.922ms hit=0.0 e2e=2159.567ms
[ok] request s267 turn2 ttft=1017.573ms hit=0.0 e2e=1608.67ms
[ok] request s55 turn1 ttft=1140.953ms hit=0.0 e2e=1948.601ms
[ok] request s356 turn0 ttft=1039.62ms hit=0.0 e2e=1847.04ms
[ok] request s240 turn0 ttft=617.722ms hit=0.0 e2e=1214.841ms
[ok] request s454 turn0 ttft=303.784ms hit=0.0 e2e=897.629ms
[ok] request s321 turn0 ttft=936.087ms hit=0.0 e2e=1532.357ms
[ok] request s72 turn0 ttft=129.978ms hit=0.0 e2e=622.205ms
[ok] request s134 turn0 ttft=139.181ms hit=0.0 e2e=833.382ms
[ok] request s341 turn2 ttft=441.135ms hit=0.0 e2e=1281.449ms
[ok] request s267 turn3 ttft=343.964ms hit=0.637874 e2e=1494.155ms
[ok] openhands s133 turn8 ttft=657.761ms hit=0.952685 e2e=2078.035ms
[ok] request s126 turn6 ttft=347.137ms hit=0.6639 e2e=1498.655ms
[ok] openhands s448 turn35 ttft=570.892ms hit=0.991486 e2e=2099.102ms
[ok] openhands s260 turn27 ttft=761.588ms hit=0.996573 e2e=1918.368ms
[ok] request s321 turn1 ttft=346.083ms hit=0.0 e2e=1500.617ms
[ok] openhands s513 turn25 ttft=544.448ms hit=0.990412 e2e=2078.242ms
[ok] request s65 turn3 ttft=354.808ms hit=0.833488 e2e=1510.872ms
[ok] request s105 turn2 ttft=352.517ms hit=0.0 e2e=1509.338ms
[ok] request s291 turn0 ttft=741.581ms hit=0.0 e2e=2051.161ms
[ok] request s405 turn5 ttft=352.206ms hit=0.782875 e2e=1508.472ms
[ok] openhands s324 turn5 ttft=661.352ms hit=0.98712 e2e=2090.656ms
[ok] openhands s259 turn2 ttft=640.114ms hit=0.969938 e2e=2069.16ms
[ok] request s439 turn0 ttft=263.484ms hit=0.0 e2e=1418.641ms
[ok] request s164 turn0 ttft=579.36ms hit=0.0 e2e=1735.833ms
[ok] request s55 turn2 ttft=535.082ms hit=0.0 e2e=1691.371ms
[ok] openhands s130 turn0 ttft=622.325ms hit=0.228999 e2e=1426.362ms
[ok] request s504 turn0 ttft=309.881ms hit=0.0 e2e=1108.721ms
[ok] request s303 turn0 ttft=132.749ms hit=0.0 e2e=1474.474ms
[ok] request s549 turn0 ttft=641.03ms hit=0.0 e2e=926.81ms
[ok] request s232 turn0 ttft=149.083ms hit=0.0 e2e=1470.754ms
[ok] openhands s133 turn9 ttft=324.874ms hit=0.978931 e2e=1436.767ms
[ok] request s321 turn2 ttft=397.532ms hit=0.0 e2e=891.786ms
[ok] request s126 turn7 ttft=404.313ms hit=0.788385 e2e=899.502ms
[ok] openhands s130 turn1 ttft=613.893ms hit=0.986671 e2e=1164.781ms
[ok] request s164 turn1 ttft=394.678ms hit=0.424544 e2e=892.606ms
[ok] openhands s260 turn28 ttft=572.993ms hit=0.910087 e2e=1490.012ms
[ok] request s267 turn4 ttft=407.597ms hit=0.471021 e2e=907.124ms
[ok] request s439 turn1 ttft=394.557ms hit=0.3819 e2e=894.831ms
[ok] request s55 turn3 ttft=510.044ms hit=0.566372 e2e=1196.99ms
[ok] request s405 turn6 ttft=398.105ms hit=0.83442 e2e=897.888ms
[ok] openhands s324 turn6 ttft=790.1ms hit=0.849692 e2e=1479.206ms
[ok] openhands s259 turn3 ttft=783.642ms hit=0.970408 e2e=1472.497ms
[ok] request s81 turn0 ttft=194.891ms hit=0.0 e2e=694.591ms
[ok] openhands s448 turn36 ttft=516.853ms hit=0.974004 e2e=1074.241ms
[ok] request s319 turn0 ttft=513.723ms hit=0.0 e2e=1013.551ms
[ok] request s561 turn0 ttft=132.165ms hit=0.0 e2e=2973.069ms
[ok] request s439 turn2 ttft=2067.015ms hit=0.620499 e2e=2263.343ms
[ok] request s164 turn2 ttft=1865.701ms hit=0.517172 e2e=2054.455ms
[ok] request s508 turn0 ttft=1571.745ms hit=0.0 e2e=1759.795ms
[ok] request s267 turn5 ttft=1862.619ms hit=0.794723 e2e=2202.279ms
[ok] request s405 turn7 ttft=1860.828ms hit=0.787913 e2e=2201.978ms
[ok] request s21 turn0 ttft=2049.359ms hit=0.0 e2e=2864.07ms
[ok] request s120 turn0 ttft=2186.735ms hit=0.0 e2e=2547.811ms
[ok] request s456 turn0 ttft=1255.696ms hit=0.0 e2e=1595.036ms
[ok] openhands s133 turn10 ttft=2232.685ms hit=0.979904 e2e=2867.974ms
[ok] openhands s130 turn2 ttft=2174.374ms hit=0.955075 e2e=2809.418ms
[ok] request s249 turn0 ttft=936.429ms hit=0.0 e2e=1282.87ms
[ok] request s367 turn0 ttft=302.515ms hit=0.0 e2e=648.269ms
[ok] openhands s324 turn7 ttft=2428.474ms hit=0.87747 e2e=2794.88ms
[ok] openhands s259 turn4 ttft=2423.029ms hit=0.987702 e2e=2789.197ms
[ok] openhands s260 turn29 ttft=2442.077ms hit=0.991937 e2e=2808.008ms
[ok] request s499 turn0 ttft=621.201ms hit=0.0 e2e=966.77ms
[ok] request s137 turn0 ttft=1892.505ms hit=0.0 e2e=2237.907ms
[ok] openhands s260 turn30 ttft=534.91ms hit=0.993654 e2e=1242.837ms
[ok] openhands s133 turn11 ttft=365.199ms hit=0.982904 e2e=1441.765ms
[ok] request s508 turn1 ttft=517.071ms hit=0.0 e2e=1002.825ms
[ok] request s456 turn1 ttft=544.86ms hit=0.0 e2e=852.373ms
[ok] openhands s259 turn5 ttft=400.241ms hit=0.977332 e2e=1433.84ms
[ok] request s249 turn1 ttft=541.039ms hit=0.0 e2e=848.58ms
[ok] request s439 turn3 ttft=528.983ms hit=0.730101 e2e=1016.435ms
[ok] openhands s324 turn8 ttft=666.358ms hit=0.891559 e2e=1440.917ms
[ok] openhands s130 turn3 ttft=396.941ms hit=0.894292 e2e=1431.147ms
[ok] openhands s448 turn37 ttft=634.888ms hit=0.908543 e2e=943.022ms
[ok] request s499 turn1 ttft=558.985ms hit=0.0 e2e=866.939ms
[ok] openhands s133 turn12 ttft=552.433ms hit=0.980426 e2e=1065.255ms
[ok] openhands s324 turn9 ttft=894.005ms hit=0.909271 e2e=1042.627ms
[ok] openhands s260 turn31 ttft=761.794ms hit=0.996511 e2e=1077.774ms
[ok] request s456 turn2 ttft=179.44ms hit=0.0 e2e=486.299ms
[ok] openhands s130 turn4 ttft=729.303ms hit=0.974934 e2e=1036.945ms
[ok] openhands s259 turn6 ttft=625.39ms hit=0.975553 e2e=1064.896ms
[ok] openhands s448 turn38 ttft=615.073ms hit=0.995505 e2e=1054.246ms
[ok] request s249 turn2 ttft=178.188ms hit=0.479625 e2e=485.624ms
[ok] request s499 turn2 ttft=176.412ms hit=0.0 e2e=483.62ms
[ok] openhands s448 turn39 ttft=620.696ms hit=0.982926 e2e=1020.527ms
[ok] openhands s133 turn13 ttft=387.701ms hit=0.941869 e2e=1055.029ms
[ok] request s499 turn3 ttft=161.506ms hit=0.0 e2e=435.631ms
[ok] openhands s324 turn10 ttft=409.324ms hit=0.957309 e2e=1048.814ms
[ok] request s456 turn3 ttft=315.834ms hit=0.0 e2e=598.829ms
[ok] openhands s259 turn7 ttft=515.143ms hit=0.976647 e2e=1034.647ms
[ok] openhands s130 turn5 ttft=519.558ms hit=0.973582 e2e=1038.811ms
[ok] openhands s259 turn8 ttft=595.078ms hit=0.982135 e2e=985.588ms
[ok] openhands s324 turn11 ttft=446.292ms hit=0.926597 e2e=998.475ms
[ok] openhands s130 turn6 ttft=560.932ms hit=0.973254 e2e=992.423ms
[ok] request s456 turn4 ttft=267.888ms hit=0.0 e2e=660.887ms
[ok] openhands s133 turn14 ttft=569.609ms hit=0.932839 e2e=964.873ms
[ok] openhands s448 turn40 ttft=589.142ms hit=0.983966 e2e=984.167ms
[ok] request s499 turn4 ttft=137.643ms hit=0.4096 e2e=421.694ms
[ok] openhands s259 turn9 ttft=686.99ms hit=0.951829 e2e=955.418ms
[ok] openhands s130 turn7 ttft=602.615ms hit=0.936605 e2e=1051.785ms
[ok] openhands s448 turn41 ttft=472.818ms hit=0.994572 e2e=1048.146ms
[ok] openhands s324 turn12 ttft=605.91ms hit=0.992758 e2e=1061.774ms
[ok] openhands s133 turn15 ttft=188.308ms hit=0.936567 e2e=863.556ms
[ok] openhands s259 turn10 ttft=523.167ms hit=0.833456 e2e=910.402ms
[ok] openhands s130 turn8 ttft=573.671ms hit=0.990947 e2e=853.376ms
[ok] openhands s324 turn13 ttft=484.302ms hit=0.904769 e2e=894.561ms
[ok] openhands s133 turn16 ttft=191.787ms hit=0.978967 e2e=472.063ms
[ok] openhands s448 turn42 ttft=606.299ms hit=0.993998 e2e=887.356ms
[ok] openhands s448 turn43 ttft=497.398ms hit=0.98409 e2e=877.116ms
[ok] openhands s130 turn9 ttft=376.148ms hit=0.976318 e2e=893.118ms
[ok] openhands s259 turn11 ttft=406.007ms hit=0.892132 e2e=967.763ms
[ok] openhands s324 turn14 ttft=496.725ms hit=0.993724 e2e=888.576ms
[ok] openhands s133 turn17 ttft=188.356ms hit=0.98343 e2e=803.886ms
[ok] openhands s259 turn12 ttft=435.018ms hit=0.9702 e2e=689.449ms
[ok] openhands s130 turn10 ttft=322.697ms hit=0.976567 e2e=697.116ms
[ok] openhands s324 turn15 ttft=437.08ms hit=0.988833 e2e=684.603ms
[ok] openhands s259 turn13 ttft=570.696ms hit=0.984693 e2e=699.814ms
[ok] openhands s133 turn18 ttft=368.526ms hit=0.963205 e2e=614.484ms
[ok] openhands s324 turn16 ttft=454.005ms hit=0.989128 e2e=705.782ms
[ok] openhands s130 turn11 ttft=464.8ms hit=0.986097 e2e=711.522ms
[ok] openhands s133 turn19 ttft=415.607ms hit=0.962251 e2e=548.903ms
[ok] openhands s324 turn17 ttft=339.838ms hit=0.990813 e2e=579.504ms
[ok] openhands s324 turn18 ttft=276.961ms hit=0.990227 e2e=522.229ms
[ok] openhands s133 turn20 ttft=185.776ms hit=0.981522 e2e=431.729ms
[ok] openhands s133 turn21 ttft=190.892ms hit=0.94484 e2e=434.984ms
[ok] openhands s133 turn22 ttft=192.099ms hit=0.940862 e2e=435.856ms
[ok] openhands s133 turn23 ttft=265.154ms hit=0.958314 e2e=508.698ms
[ok] openhands s133 turn24 ttft=193.129ms hit=0.980485 e2e=436.549ms
[ok] openhands s133 turn25 ttft=191.297ms hit=0.967842 e2e=435.831ms
[ok] openhands s133 turn26 ttft=195.386ms hit=0.977185 e2e=439.695ms
[ok] openhands s133 turn27 ttft=193.596ms hit=0.99173 e2e=437.657ms
[ok] openhands s133 turn28 ttft=195.71ms hit=0.984105 e2e=439.786ms
[ok] openhands s133 turn29 ttft=195.641ms hit=0.925227 e2e=439.874ms
[ok] openhands s133 turn30 ttft=198.694ms hit=0.963863 e2e=443.652ms
[ok] openhands s257 turn0 ttft=295.413ms hit=0.315943 e2e=764.367ms
[ok] request s432 turn0 ttft=144.139ms hit=0.0 e2e=624.673ms
[ok] request s489 turn0 ttft=169.809ms hit=0.0 e2e=620.707ms
[ok] openhands s257 turn1 ttft=167.001ms hit=0.960177 e2e=646.358ms
[ok] request s520 turn0 ttft=129.704ms hit=0.0 e2e=500.923ms
[ok] request s569 turn0 ttft=134.053ms hit=0.0 e2e=607.785ms
[ok] openhands s257 turn2 ttft=168.681ms hit=0.928786 e2e=641.9ms
[ok] request s64 turn0 ttft=133.381ms hit=0.0 e2e=509.694ms
[ok] request s189 turn0 ttft=134.005ms hit=0.0 e2e=611.213ms
[ok] openhands s257 turn3 ttft=170.769ms hit=0.924188 e2e=646.542ms
[ok] request s277 turn0 ttft=128.341ms hit=0.0 e2e=526.728ms
[ok] request s482 turn0 ttft=131.727ms hit=0.0 e2e=1105.02ms
[ok] request s200 turn0 ttft=159.531ms hit=0.0 e2e=202.29ms
[ok] openhands s257 turn4 ttft=290.862ms hit=0.853618 e2e=1050.928ms
[ok] request s188 turn0 ttft=145.885ms hit=0.0 e2e=898.547ms
[ok] request s174 turn0 ttft=309.796ms hit=0.0 e2e=963.287ms
[ok] request s277 turn1 ttft=138.336ms hit=0.0 e2e=786.737ms
[ok] request s189 turn1 ttft=250.285ms hit=0.417278 e2e=1021.867ms
[ok] openhands s257 turn5 ttft=303.679ms hit=0.916349 e2e=1124.909ms
[ok] request s422 turn0 ttft=258.57ms hit=0.0 e2e=1073.727ms
[ok] request s482 turn1 ttft=133.229ms hit=0.0 e2e=1724.719ms
[ok] request s536 turn0 ttft=246.126ms hit=0.0 e2e=1843.718ms
[ok] request s421 turn0 ttft=214.971ms hit=0.0 e2e=1727.534ms
[ok] request s189 turn2 ttft=315.009ms hit=0.558038 e2e=1536.924ms
[ok] request s435 turn0 ttft=293.096ms hit=0.0 e2e=1515.649ms
[ok] openhands s257 turn6 ttft=852.08ms hit=0.495874 e2e=1592.171ms
[ok] request s516 turn0 ttft=545.009ms hit=0.0 e2e=1172.589ms
[ok] openhands s131 turn0 ttft=747.411ms hit=0.527045 e2e=1490.191ms
[ok] request s16 turn0 ttft=236.159ms hit=0.0 e2e=856.222ms
[ok] request s325 turn0 ttft=129.306ms hit=0.0 e2e=643.069ms
[ok] request s552 turn0 ttft=172.796ms hit=0.0 e2e=1133.897ms
[ok] request s482 turn2 ttft=244.547ms hit=0.0 e2e=1213.027ms
[ok] request s246 turn0 ttft=247.981ms hit=0.0 e2e=630.335ms
[ok] request s536 turn1 ttft=429.39ms hit=0.0 e2e=1237.972ms
[ok] openhands s257 turn7 ttft=319.354ms hit=0.95469 e2e=1246.178ms
[ok] openhands s131 turn1 ttft=430.523ms hit=0.913796 e2e=1241.262ms
[ok] request s179 turn0 ttft=338.469ms hit=0.0 e2e=1151.453ms
[ok] request s516 turn1 ttft=124.675ms hit=0.0 e2e=706.934ms
[ok] request s435 turn1 ttft=238.538ms hit=0.0 e2e=939.463ms
[ok] request s230 turn0 ttft=131.77ms hit=0.0 e2e=620.447ms
[ok] request s403 turn0 ttft=132.955ms hit=0.0 e2e=791.682ms
[ok] openhands s257 turn8 ttft=380.162ms hit=0.966003 e2e=1227.464ms
[ok] openhands s131 turn2 ttft=380.668ms hit=0.896387 e2e=1223.052ms
[ok] request s57 turn0 ttft=267.949ms hit=0.0 e2e=1111.171ms
[ok] request s170 turn0 ttft=129.584ms hit=0.0 e2e=985.879ms
[ok] request s516 turn2 ttft=356.37ms hit=0.0 e2e=1703.494ms
[ok] request s500 turn0 ttft=209.399ms hit=0.0 e2e=1553.755ms
[ok] request s435 turn2 ttft=354.575ms hit=0.0 e2e=1704.63ms
[ok] request s179 turn1 ttft=242.041ms hit=0.0 e2e=1707.319ms
[ok] request s406 turn0 ttft=136.203ms hit=0.0 e2e=2169.519ms
[ok] openhands s131 turn3 ttft=179.918ms hit=0.930345 e2e=2182.009ms
[ok] request s215 turn0 ttft=243.868ms hit=0.0 e2e=1444.683ms
[ok] openhands s257 turn9 ttft=833.0ms hit=0.702359 e2e=2156.795ms
[ok] request s119 turn0 ttft=552.672ms hit=0.0 e2e=1762.712ms
[ok] request s273 turn0 ttft=756.141ms hit=0.0 e2e=2079.7ms
[ok] request s242 turn0 ttft=224.281ms hit=0.0 e2e=1098.103ms
[ok] request s332 turn0 ttft=418.36ms hit=0.0 e2e=1416.7ms
[ok] request s179 turn2 ttft=280.035ms hit=0.0 e2e=1163.725ms
[ok] request s435 turn3 ttft=283.661ms hit=0.377025 e2e=1166.626ms
[ok] openhands s2 turn0 ttft=620.995ms hit=0.228146 e2e=1733.98ms
[ok] request s436 turn0 ttft=133.751ms hit=0.0 e2e=1224.054ms
[ok] openhands s131 turn4 ttft=271.626ms hit=0.852538 e2e=1127.455ms
[ok] openhands s257 turn10 ttft=351.681ms hit=0.992425 e2e=1092.662ms
[ok] request s32 turn0 ttft=213.508ms hit=0.0 e2e=951.984ms
[ok] request s224 turn0 ttft=131.686ms hit=0.0 e2e=1121.515ms
[ok] request s391 turn0 ttft=191.77ms hit=0.0 e2e=841.605ms
[ok] request s273 turn1 ttft=251.375ms hit=0.0 e2e=1019.665ms
[ok] openhands s2 turn1 ttft=356.537ms hit=0.975393 e2e=1012.398ms
[ok] request s35 turn0 ttft=257.804ms hit=0.0 e2e=913.936ms
[ok] openhands s257 turn11 ttft=263.676ms hit=0.986749 e2e=915.371ms
[ok] request s179 turn3 ttft=151.579ms hit=0.451499 e2e=804.431ms
[ok] openhands s131 turn5 ttft=244.248ms hit=0.88772 e2e=895.793ms
[ok] request s15 turn0 ttft=170.974ms hit=0.0 e2e=760.197ms
[ok] request s409 turn0 ttft=188.28ms hit=0.0 e2e=1189.645ms
[ok] openhands s2 turn2 ttft=292.231ms hit=0.946288 e2e=1297.723ms
[ok] request s292 turn0 ttft=522.823ms hit=0.0 e2e=613.205ms
[ok] openhands s257 turn12 ttft=496.072ms hit=0.939349 e2e=1515.47ms
[ok] request s169 turn0 ttft=209.668ms hit=0.0 e2e=849.474ms
[ok] openhands s131 turn6 ttft=737.833ms hit=0.87456 e2e=1506.872ms
[ok] request s35 turn1 ttft=283.332ms hit=0.0 e2e=922.816ms
[ok] request s333 turn0 ttft=716.989ms hit=0.0 e2e=1485.91ms
[ok] request s296 turn0 ttft=236.283ms hit=0.0 e2e=694.195ms
[ok] openhands s2 turn3 ttft=294.313ms hit=0.907423 e2e=771.47ms
[ok] request s343 turn0 ttft=131.521ms hit=0.0 e2e=682.21ms
[ok] openhands s257 turn13 ttft=386.428ms hit=0.983515 e2e=1375.987ms
[ok] openhands s131 turn7 ttft=389.616ms hit=0.833725 e2e=1360.941ms
[ok] request s6 turn0 ttft=310.725ms hit=0.0 e2e=1283.111ms
[ok] openhands s2 turn4 ttft=251.53ms hit=0.933273 e2e=1222.451ms
[ok] request s292 turn1 ttft=370.186ms hit=0.0 e2e=1340.612ms
[ok] request s169 turn1 ttft=454.742ms hit=0.0 e2e=1323.839ms
[ok] request s532 turn0 ttft=318.966ms hit=0.0 e2e=1190.288ms
[ok] openhands s384 turn0 ttft=634.758ms hit=0.221418 e2e=1507.984ms
[ok] request s140 turn0 ttft=133.899ms hit=0.0 e2e=879.173ms
[ok] request s272 turn0 ttft=177.475ms hit=0.0 e2e=311.787ms
[ok] openhands s2 turn5 ttft=359.937ms hit=0.943605 e2e=1537.694ms
[ok] request s570 turn0 ttft=254.326ms hit=0.0 e2e=1553.641ms
[ok] openhands s131 turn8 ttft=337.137ms hit=0.920094 e2e=1516.355ms
[ok] openhands s257 turn14 ttft=443.577ms hit=0.989813 e2e=1509.294ms
[ok] request s6 turn1 ttft=444.978ms hit=0.0 e2e=1467.736ms
[ok] request s250 turn0 ttft=333.291ms hit=0.0 e2e=1135.042ms
[ok] request s140 turn1 ttft=237.13ms hit=0.0 e2e=924.209ms
[ok] request s292 turn2 ttft=442.441ms hit=0.0 e2e=1471.667ms
[ok] request s169 turn2 ttft=248.554ms hit=0.544102 e2e=935.345ms
[ok] openhands s384 turn1 ttft=500.086ms hit=0.671413 e2e=1530.749ms
[ok] request s477 turn0 ttft=136.571ms hit=0.0 e2e=818.833ms
[ok] request s408 turn0 ttft=536.085ms hit=0.0 e2e=1454.473ms
[ok] request s446 turn0 ttft=310.96ms hit=0.0 e2e=837.354ms
[ok] openhands s2 turn6 ttft=324.348ms hit=0.975445 e2e=967.219ms
[ok] openhands s257 turn15 ttft=308.16ms hit=0.987691 e2e=934.041ms
[ok] openhands s131 turn9 ttft=331.083ms hit=0.869976 e2e=956.42ms
[ok] request s305 turn0 ttft=133.631ms hit=0.0 e2e=638.788ms
[ok] request s399 turn0 ttft=175.651ms hit=0.0 e2e=936.503ms
[ok] openhands s384 turn2 ttft=305.433ms hit=0.895888 e2e=1069.079ms
[ok] request s382 turn0 ttft=318.454ms hit=0.0 e2e=901.069ms
[ok] openhands s131 turn10 ttft=425.796ms hit=0.871603 e2e=943.899ms
[ok] openhands s2 turn7 ttft=327.026ms hit=0.978032 e2e=975.47ms
[ok] request s292 turn3 ttft=416.912ms hit=0.477167 e2e=822.963ms
[ok] request s6 turn2 ttft=422.854ms hit=0.379822 e2e=828.364ms
[ok] request s348 turn0 ttft=253.138ms hit=0.0 e2e=654.861ms
[ok] openhands s257 turn16 ttft=438.036ms hit=0.988305 e2e=956.881ms
[ok] request s49 turn0 ttft=306.991ms hit=0.0 e2e=1382.21ms
[ok] request s51 turn0 ttft=194.348ms hit=0.0 e2e=1696.736ms
[ok] openhands s384 turn3 ttft=200.964ms hit=0.985895 e2e=1702.812ms
[ok] openhands s131 turn11 ttft=1197.466ms hit=0.454406 e2e=1577.659ms
[ok] openhands s2 turn8 ttft=458.678ms hit=0.973099 e2e=1600.43ms
[ok] request s382 turn1 ttft=703.355ms hit=0.0 e2e=1088.841ms
[ok] request s236 turn0 ttft=941.083ms hit=0.0 e2e=1325.907ms
[ok] openhands s257 turn17 ttft=794.649ms hit=0.982616 e2e=1593.944ms
[ok] openhands s384 turn4 ttft=207.381ms hit=0.980194 e2e=1050.48ms
[ok] request s49 turn1 ttft=180.57ms hit=0.0 e2e=1023.278ms
[ok] request s51 turn1 ttft=214.396ms hit=0.0 e2e=716.149ms
[ok] openhands s2 turn9 ttft=314.671ms hit=0.981356 e2e=1057.675ms
[ok] openhands s131 turn12 ttft=518.067ms hit=0.955556 e2e=1027.278ms
[ok] openhands s257 turn18 ttft=425.391ms hit=0.994981 e2e=1050.48ms
[ok] request s382 turn2 ttft=130.364ms hit=0.0 e2e=732.44ms
[ok] openhands s384 turn5 ttft=203.648ms hit=0.931653 e2e=980.891ms
[ok] openhands s131 turn13 ttft=485.828ms hit=0.91072 e2e=991.995ms
[ok] request s49 turn2 ttft=434.21ms hit=0.0 e2e=994.441ms
[ok] openhands s257 turn19 ttft=447.502ms hit=0.995911 e2e=1007.06ms
[ok] openhands s2 turn10 ttft=334.029ms hit=0.925035 e2e=1016.018ms
[ok] request s51 turn2 ttft=142.825ms hit=0.353591 e2e=653.451ms
[ok] openhands s384 turn6 ttft=201.086ms hit=0.965086 e2e=1338.445ms
[ok] openhands s257 turn20 ttft=451.283ms hit=0.991855 e2e=1921.08ms
[ok] openhands s131 turn14 ttft=863.173ms hit=0.749471 e2e=1891.519ms
[ok] request s51 turn3 ttft=862.485ms hit=0.0 e2e=1221.61ms
[ok] openhands s384 turn7 ttft=614.418ms hit=0.950004 e2e=974.033ms
[ok] openhands s2 turn11 ttft=859.038ms hit=0.14966 e2e=1237.186ms
[ok] openhands s2 turn12 ttft=347.35ms hit=0.98074 e2e=757.808ms
[ok] openhands s257 turn21 ttft=364.568ms hit=0.961609 e2e=893.555ms
[ok] openhands s384 turn8 ttft=383.631ms hit=0.879948 e2e=750.042ms
[ok] request s51 turn4 ttft=142.652ms hit=0.704403 e2e=757.173ms
[ok] openhands s384 turn9 ttft=441.847ms hit=0.910336 e2e=690.704ms
[ok] openhands s2 turn13 ttft=312.562ms hit=0.987953 e2e=698.504ms
[ok] openhands s257 turn22 ttft=421.161ms hit=0.98289 e2e=667.266ms
[ok] openhands s2 turn14 ttft=451.226ms hit=0.987096 e2e=827.683ms
[ok] openhands s384 turn10 ttft=335.75ms hit=0.989364 e2e=833.682ms
[ok] openhands s257 turn23 ttft=446.04ms hit=0.959224 e2e=811.251ms
[ok] request s51 turn5 ttft=143.554ms hit=0.690855 e2e=563.471ms
[ok] openhands s384 turn11 ttft=225.705ms hit=0.98719 e2e=617.523ms
[ok] openhands s257 turn24 ttft=377.044ms hit=0.947226 e2e=621.309ms
[ok] openhands s384 turn12 ttft=213.994ms hit=0.984838 e2e=567.429ms
[ok] openhands s257 turn25 ttft=324.439ms hit=0.990874 e2e=568.643ms
[ok] openhands s384 turn13 ttft=215.06ms hit=0.989531 e2e=569.506ms
[ok] openhands s257 turn26 ttft=326.458ms hit=0.986763 e2e=570.671ms
[ok] openhands s384 turn14 ttft=215.453ms hit=0.992725 e2e=571.351ms
[ok] openhands s257 turn27 ttft=326.296ms hit=0.980825 e2e=566.557ms
[ok] openhands s257 turn28 ttft=273.991ms hit=0.988381 e2e=519.485ms
[ok] openhands s257 turn29 ttft=277.847ms hit=0.986736 e2e=523.462ms
[ok] openhands s257 turn30 ttft=275.419ms hit=0.985144 e2e=520.578ms
[ok] openhands s257 turn31 ttft=418.531ms hit=0.920818 e2e=664.337ms
[ok] openhands s257 turn32 ttft=293.104ms hit=0.985547 e2e=537.934ms
[ok] openhands s447 turn0 ttft=687.194ms hit=0.186886 e2e=1793.114ms
[ok] request s286 turn0 ttft=175.557ms hit=0.0 e2e=1162.297ms
[ok] request s285 turn0 ttft=488.103ms hit=0.0 e2e=1480.232ms
[ok] request s462 turn0 ttft=475.901ms hit=0.0 e2e=1091.529ms
[ok] request s229 turn0 ttft=675.935ms hit=0.0 e2e=1410.974ms
[ok] request s429 turn0 ttft=164.221ms hit=0.0 e2e=775.913ms
[ok] openhands s447 turn1 ttft=292.93ms hit=0.977936 e2e=909.727ms
[ok] request s347 turn0 ttft=193.783ms hit=0.0 e2e=805.653ms
[ok] request s300 turn0 ttft=129.358ms hit=0.0 e2e=1219.517ms
[ok] request s286 turn1 ttft=133.904ms hit=0.0 e2e=1232.788ms
[ok] request s451 turn0 ttft=134.057ms hit=0.0 e2e=1117.018ms
[ok] openhands s447 turn2 ttft=328.228ms hit=0.836972 e2e=1065.477ms
[ok] request s462 turn1 ttft=200.26ms hit=0.0 e2e=817.317ms
[ok] request s13 turn0 ttft=302.286ms hit=0.0 e2e=921.658ms
[ok] request s558 turn0 ttft=138.128ms hit=0.0 e2e=680.422ms
[ok] request s347 turn1 ttft=136.009ms hit=0.357043 e2e=545.155ms
[ok] request s152 turn0 ttft=129.457ms hit=0.0 e2e=594.435ms
[ok] openhands s447 turn3 ttft=292.82ms hit=0.796551 e2e=928.468ms
[ok] request s114 turn0 ttft=261.929ms hit=0.0 e2e=898.743ms
[ok] request s566 turn0 ttft=133.603ms hit=0.0 e2e=272.12ms
[ok] request s103 turn0 ttft=287.465ms hit=0.0 e2e=664.054ms
[ok] request s451 turn1 ttft=163.729ms hit=0.0 e2e=534.174ms
[ok] openhands s447 turn4 ttft=236.287ms hit=0.882514 e2e=1162.707ms
[ok] request s244 turn0 ttft=183.066ms hit=0.0 e2e=1110.794ms
[ok] request s503 turn0 ttft=307.036ms hit=0.0 e2e=913.064ms
[ok] openhands s510 turn0 ttft=619.42ms hit=0.224884 e2e=1232.14ms
[ok] request s114 turn1 ttft=394.319ms hit=0.0 e2e=1003.471ms
[ok] request s466 turn0 ttft=129.224ms hit=0.0 e2e=647.48ms
[ok] request s524 turn0 ttft=183.088ms hit=0.0 e2e=331.528ms
[ok] openhands s447 turn5 ttft=323.123ms hit=0.976605 e2e=700.762ms
[ok] openhands s510 turn1 ttft=177.06ms hit=0.923146 e2e=536.914ms
[ok] request s538 turn0 ttft=143.443ms hit=0.0 e2e=502.788ms
[ok] openhands s447 turn6 ttft=207.466ms hit=0.987921 e2e=695.31ms
[ok] request s168 turn0 ttft=137.485ms hit=0.0 e2e=626.538ms
[ok] request s97 turn0 ttft=163.172ms hit=0.0 e2e=329.708ms
[ok] request s466 turn1 ttft=183.572ms hit=0.0 e2e=923.197ms
[ok] openhands s510 turn2 ttft=283.998ms hit=0.983306 e2e=1034.6ms
[ok] request s503 turn1 ttft=234.834ms hit=0.0 e2e=977.167ms
[ok] request s437 turn0 ttft=241.888ms hit=0.0 e2e=1751.027ms
[ok] request s538 turn1 ttft=335.233ms hit=0.0 e2e=1600.973ms
[ok] openhands s447 turn7 ttft=354.659ms hit=0.989173 e2e=1747.82ms
[ok] request s225 turn0 ttft=170.946ms hit=0.0 e2e=1434.437ms
[ok] request s359 turn0 ttft=607.73ms hit=0.0 e2e=1118.049ms
[ok] request s74 turn0 ttft=813.162ms hit=0.0 e2e=1437.018ms
[ok] openhands s510 turn3 ttft=858.408ms hit=0.472224 e2e=1485.156ms
[ok] request s97 turn1 ttft=835.006ms hit=0.0 e2e=1461.4ms
[ok] request s466 turn2 ttft=382.307ms hit=0.525128 e2e=889.025ms
[ok] request s184 turn0 ttft=297.458ms hit=0.0 e2e=803.85ms
[ok] request s427 turn0 ttft=162.996ms hit=0.0 e2e=782.212ms
[ok] request s490 turn0 ttft=131.601ms hit=0.0 e2e=1213.758ms
[ok] request s538 turn2 ttft=192.401ms hit=0.473198 e2e=1650.923ms
[ok] openhands s510 turn4 ttft=346.582ms hit=0.970733 e2e=1931.209ms
[ok] request s163 turn0 ttft=315.884ms hit=0.0 e2e=1784.054ms
[ok] request s225 turn1 ttft=190.449ms hit=0.0 e2e=1652.701ms
[ok] openhands s447 turn8 ttft=317.684ms hit=0.987595 e2e=2018.115ms
[ok] request s425 turn0 ttft=149.1ms hit=0.0 e2e=1485.776ms
[ok] request s359 turn1 ttft=249.834ms hit=0.266945 e2e=1502.527ms
[ok] request s93 turn0 ttft=326.101ms hit=0.0 e2e=1001.451ms
[ok] openhands s258 turn0 ttft=641.684ms hit=0.210511 e2e=1319.019ms
[ok] request s43 turn0 ttft=132.935ms hit=0.0 e2e=685.663ms
[ok] request s97 turn2 ttft=247.276ms hit=0.0 e2e=1504.538ms
[ok] request s466 turn3 ttft=418.948ms hit=0.535565 e2e=1502.85ms
[ok] request s331 turn0 ttft=140.737ms hit=0.0 e2e=646.22ms
[ok] openhands s258 turn1 ttft=175.832ms hit=0.978536 e2e=927.732ms
[ok] openhands s447 turn9 ttft=324.959ms hit=0.988825 e2e=1080.973ms
[ok] request s445 turn0 ttft=228.296ms hit=0.0 e2e=983.945ms
[ok] openhands s510 turn5 ttft=328.427ms hit=0.991364 e2e=1092.248ms
[ok] request s335 turn0 ttft=133.453ms hit=0.0 e2e=1469.633ms
[ok] request s225 turn2 ttft=138.535ms hit=0.0 e2e=1362.833ms
[ok] request s359 turn2 ttft=237.003ms hit=0.477315 e2e=1231.736ms
[ok] request s542 turn0 ttft=242.629ms hit=0.0 e2e=1246.931ms
[ok] request s43 turn1 ttft=232.736ms hit=0.0 e2e=1230.284ms
[ok] request s97 turn3 ttft=232.743ms hit=0.0 e2e=1229.447ms
[ok] request s346 turn0 ttft=635.391ms hit=0.0 e2e=1147.671ms
[ok] openhands s510 turn6 ttft=601.907ms hit=0.976184 e2e=1113.873ms
[ok] openhands s258 turn2 ttft=567.57ms hit=0.978367 e2e=1077.763ms
[ok] request s185 turn0 ttft=321.919ms hit=0.0 e2e=831.86ms
[ok] openhands s447 turn10 ttft=580.48ms hit=0.971112 e2e=1095.936ms
[ok] request s355 turn0 ttft=125.42ms hit=0.0 e2e=516.837ms
[ok] request s444 turn0 ttft=132.37ms hit=0.0 e2e=1109.484ms
[ok] request s542 turn1 ttft=208.968ms hit=0.0 e2e=881.111ms
[ok] openhands s447 turn11 ttft=328.247ms hit=0.969011 e2e=1241.312ms
[ok] openhands s258 turn3 ttft=411.193ms hit=0.978136 e2e=1211.068ms
[ok] request s40 turn0 ttft=347.378ms hit=0.0 e2e=1146.97ms
[ok] request s335 turn1 ttft=298.33ms hit=0.0 e2e=981.9ms
[ok] openhands s510 turn7 ttft=415.995ms hit=0.985727 e2e=1217.068ms
[ok] request s359 turn3 ttft=210.657ms hit=0.665223 e2e=889.3ms
[ok] request s43 turn2 ttft=208.938ms hit=0.561404 e2e=886.259ms
[ok] request s468 turn0 ttft=153.353ms hit=0.0 e2e=831.371ms
[ok] request s90 turn0 ttft=144.426ms hit=0.0 e2e=724.558ms
[ok] request s355 turn1 ttft=165.646ms hit=0.0 e2e=877.193ms
[ok] request s346 turn1 ttft=171.301ms hit=0.830105 e2e=882.584ms
[ok] request s185 turn1 ttft=168.45ms hit=0.0 e2e=881.505ms
[ok] request s541 turn0 ttft=360.809ms hit=0.0 e2e=1108.968ms
[ok] request s59 turn0 ttft=134.091ms hit=0.0 e2e=1433.682ms
[ok] openhands s258 turn4 ttft=301.391ms hit=0.980092 e2e=1572.824ms
[ok] openhands s510 turn8 ttft=1260.736ms hit=0.988939 e2e=1523.727ms
[ok] openhands s447 turn12 ttft=460.091ms hit=0.890435 e2e=1555.463ms
[ok] request s410 turn0 ttft=323.741ms hit=0.0 e2e=1045.595ms
[ok] request s346 turn2 ttft=265.645ms hit=0.918807 e2e=987.946ms
[ok] openhands s1 turn0 ttft=637.442ms hit=0.225894 e2e=1365.953ms
[ok] request s335 turn2 ttft=475.808ms hit=0.0 e2e=1205.205ms
[ok] request s355 turn2 ttft=265.995ms hit=0.0 e2e=992.311ms
[ok] request s185 turn2 ttft=264.307ms hit=0.0 e2e=989.249ms
[ok] request s559 turn0 ttft=135.726ms hit=0.0 e2e=732.483ms
[ok] request s431 turn0 ttft=131.69ms hit=0.0 e2e=870.654ms
[ok] request s280 turn0 ttft=308.338ms hit=0.0 e2e=1126.227ms
[ok] openhands s258 turn5 ttft=313.841ms hit=0.881348 e2e=1261.592ms
[ok] openhands s447 turn13 ttft=416.181ms hit=0.990033 e2e=1238.858ms
[ok] openhands s1 turn1 ttft=208.694ms hit=0.975935 e2e=1031.104ms
[ok] openhands s510 turn9 ttft=428.727ms hit=0.988094 e2e=1257.031ms
[ok] request s59 turn1 ttft=175.856ms hit=0.0 e2e=999.792ms
[ok] request s146 turn0 ttft=133.071ms hit=0.0 e2e=1086.254ms
[ok] request s185 turn3 ttft=281.275ms hit=0.524053 e2e=1426.532ms
[ok] request s352 turn0 ttft=303.561ms hit=0.0 e2e=1491.103ms
[ok] request s346 turn3 ttft=284.459ms hit=0.88105 e2e=1431.232ms
[ok] request s335 turn3 ttft=282.675ms hit=0.0 e2e=1429.05ms
[ok] request s310 turn0 ttft=151.146ms hit=0.0 e2e=1180.548ms
[ok] request s125 turn0 ttft=454.124ms hit=0.0 e2e=1076.483ms
[ok] openhands s447 turn14 ttft=533.99ms hit=0.991783 e2e=1168.672ms
[ok] openhands s1 turn2 ttft=463.942ms hit=0.666348 e2e=1231.859ms
[ok] openhands s258 turn6 ttft=540.857ms hit=0.964709 e2e=1181.267ms
[ok] openhands s510 turn10 ttft=588.232ms hit=0.985443 e2e=1229.496ms
[ok] request s560 turn0 ttft=138.591ms hit=0.0 e2e=776.76ms
[ok] request s59 turn2 ttft=136.668ms hit=0.0 e2e=924.343ms
[ok] request s293 turn0 ttft=134.534ms hit=0.0 e2e=752.958ms
[ok] request s248 turn0 ttft=670.371ms hit=0.0 e2e=1098.181ms
[ok] request s148 turn0 ttft=126.802ms hit=0.0 e2e=1518.575ms
[ok] request s352 turn1 ttft=480.084ms hit=0.0 e2e=1149.591ms
[ok] request s290 turn0 ttft=260.137ms hit=0.0 e2e=705.357ms
[ok] openhands s510 turn11 ttft=791.986ms hit=0.984426 e2e=1463.186ms
[ok] request s560 turn1 ttft=357.661ms hit=0.0 e2e=915.451ms
[ok] request s79 turn0 ttft=465.912ms hit=0.0 e2e=1023.38ms
[ok] openhands s1 turn3 ttft=389.645ms hit=0.845994 e2e=1518.894ms
[ok] request s125 turn1 ttft=375.529ms hit=0.0 e2e=937.973ms
[ok] openhands s447 turn15 ttft=824.984ms hit=0.96595 e2e=1500.126ms
[ok] openhands s258 turn7 ttft=628.185ms hit=0.729665 e2e=1515.845ms
[ok] request s185 turn4 ttft=484.464ms hit=0.636288 e2e=1159.079ms
[ok] request s335 turn4 ttft=481.78ms hit=0.0 e2e=1156.129ms
[ok] request s59 turn3 ttft=183.534ms hit=0.0 e2e=629.92ms
[ok] request s310 turn1 ttft=478.213ms hit=0.0 e2e=1152.554ms
[ok] request s171 turn0 ttft=132.929ms hit=0.0 e2e=625.931ms
[ok] openhands s1 turn4 ttft=303.759ms hit=0.963375 e2e=1030.416ms
[ok] openhands s510 turn12 ttft=384.309ms hit=0.990643 e2e=993.054ms
[ok] openhands s447 turn16 ttft=408.247ms hit=0.957384 e2e=1020.282ms
[ok] request s290 turn1 ttft=250.119ms hit=0.0 e2e=673.799ms
[ok] request s148 turn1 ttft=130.829ms hit=0.0 e2e=814.413ms
[ok] request s560 turn2 ttft=248.373ms hit=0.334641 e2e=673.087ms
[ok] request s335 turn5 ttft=246.917ms hit=0.873294 e2e=669.314ms
[ok] request s59 turn4 ttft=244.898ms hit=0.689408 e2e=667.575ms
[ok] openhands s447 turn17 ttft=403.989ms hit=0.968055 e2e=652.679ms
[ok] openhands s510 turn13 ttft=348.223ms hit=0.97471 e2e=594.622ms
[ok] openhands s1 turn5 ttft=310.038ms hit=0.988117 e2e=678.482ms
[ok] openhands s510 turn14 ttft=311.637ms hit=0.975622 e2e=554.966ms
[ok] request s560 turn3 ttft=159.049ms hit=0.448729 e2e=403.478ms
[ok] request s335 turn6 ttft=157.66ms hit=0.789514 e2e=401.916ms
[ok] openhands s1 turn6 ttft=311.771ms hit=0.990329 e2e=561.58ms
[ok] openhands s1 turn7 ttft=444.979ms hit=0.917453 e2e=814.094ms
[ok] request s560 turn4 ttft=135.488ms hit=0.770504 e2e=502.895ms
[ok] openhands s510 turn15 ttft=340.355ms hit=0.994729 e2e=823.885ms
[ok] request s335 turn7 ttft=148.062ms hit=0.816066 e2e=506.187ms
[ok] openhands s1 turn8 ttft=204.626ms hit=0.992876 e2e=446.255ms
[ok] openhands s1 turn9 ttft=199.985ms hit=0.966335 e2e=443.996ms
[ok] openhands s1 turn10 ttft=199.706ms hit=0.963733 e2e=444.281ms
[ok] openhands s1 turn11 ttft=206.414ms hit=0.945488 e2e=450.742ms
[ok] openhands s1 turn12 ttft=201.195ms hit=0.985659 e2e=446.518ms
[ok] openhands s1 turn13 ttft=209.061ms hit=0.977371 e2e=453.583ms
[ok] openhands s1 turn14 ttft=212.232ms hit=0.9876 e2e=456.326ms
[ok] openhands s193 turn0 ttft=792.28ms hit=0.224884 e2e=1161.569ms
[ok] request s424 turn0 ttft=169.609ms hit=0.0 e2e=538.573ms
[ok] request s159 turn0 ttft=484.89ms hit=0.0 e2e=855.967ms
[ok] request s239 turn0 ttft=136.621ms hit=0.0 e2e=270.845ms
[ok] openhands s193 turn1 ttft=282.036ms hit=0.96437 e2e=873.726ms
[ok] request s392 turn0 ttft=193.181ms hit=0.0 e2e=779.55ms
[ok] request s265 turn0 ttft=125.219ms hit=0.0 e2e=197.465ms
[ok] request s94 turn0 ttft=129.042ms hit=0.0 e2e=834.487ms
[ok] request s159 turn1 ttft=134.972ms hit=0.406349 e2e=725.69ms
[ok] openhands s193 turn2 ttft=178.107ms hit=0.927056 e2e=649.59ms
[ok] request s463 turn0 ttft=128.009ms hit=0.0 e2e=532.78ms
[ok] request s253 turn0 ttft=129.11ms hit=0.0 e2e=606.049ms
[ok] openhands s193 turn3 ttft=288.767ms hit=0.967582 e2e=665.232ms
[ok] request s265 turn1 ttft=292.429ms hit=0.0 e2e=663.176ms
[ok] request s390 turn0 ttft=140.861ms hit=0.0 e2e=511.72ms
[ok] request s498 turn0 ttft=144.498ms hit=0.0 e2e=1589.465ms
[ok] request s463 turn1 ttft=361.23ms hit=0.0 e2e=1585.278ms
[ok] openhands s193 turn4 ttft=954.326ms hit=0.477461 e2e=1575.79ms
[ok] request s353 turn0 ttft=627.803ms hit=0.0 e2e=1135.022ms
[ok] request s278 turn0 ttft=319.465ms hit=0.0 e2e=817.769ms
[ok] request s539 turn0 ttft=831.196ms hit=0.0 e2e=1452.589ms
[ok] request s470 turn0 ttft=131.544ms hit=0.0 e2e=588.14ms
[ok] request s361 turn0 ttft=135.589ms hit=0.0 e2e=1421.78ms
[ok] request s498 turn1 ttft=463.264ms hit=0.0 e2e=973.314ms
[ok] request s463 turn2 ttft=285.951ms hit=0.597782 e2e=797.797ms
[ok] openhands s193 turn5 ttft=382.356ms hit=0.929782 e2e=1394.252ms
[ok] request s378 turn0 ttft=431.316ms hit=0.0 e2e=945.939ms
[ok] request s470 turn1 ttft=312.477ms hit=0.0 e2e=710.247ms
[ok] openhands s385 turn0 ttft=632.932ms hit=0.220172 e2e=1263.969ms
[ok] request s514 turn0 ttft=244.225ms hit=0.0 e2e=629.065ms
[ok] request s58 turn0 ttft=133.028ms hit=0.0 e2e=442.165ms
[ok] request s525 turn0 ttft=320.326ms hit=0.0 e2e=921.435ms
[ok] openhands s193 turn6 ttft=321.837ms hit=0.970778 e2e=930.925ms
[ok] openhands s385 turn1 ttft=323.121ms hit=0.855778 e2e=925.71ms
[ok] request s85 turn0 ttft=134.778ms hit=0.0 e2e=741.515ms
[ok] request s494 turn0 ttft=127.462ms hit=0.0 e2e=145.787ms
[ok] request s498 turn2 ttft=247.399ms hit=0.0 e2e=868.058ms
[ok] request s470 turn2 ttft=243.51ms hit=0.25422 e2e=864.893ms
[ok] request s219 turn0 ttft=210.176ms hit=0.0 e2e=825.482ms
[ok] request s370 turn0 ttft=271.637ms hit=0.0 e2e=876.004ms
[ok] openhands s385 turn2 ttft=290.979ms hit=0.989758 e2e=903.054ms
[ok] openhands s193 turn7 ttft=294.716ms hit=0.947228 e2e=900.352ms
[ok] request s274 turn0 ttft=179.395ms hit=0.0 e2e=821.775ms
[ok] request s525 turn1 ttft=237.116ms hit=0.0 e2e=970.951ms
[ok] request s494 turn1 ttft=339.29ms hit=0.0 e2e=705.436ms
[ok] request s219 turn1 ttft=292.704ms hit=0.539705 e2e=686.144ms
[ok] request s365 turn0 ttft=337.965ms hit=0.0 e2e=846.587ms
[ok] request s282 turn0 ttft=138.871ms hit=0.0 e2e=529.203ms
[ok] openhands s385 turn3 ttft=296.037ms hit=0.969761 e2e=920.636ms
[ok] openhands s193 turn8 ttft=409.102ms hit=0.988357 e2e=918.907ms
[ok] request s470 turn3 ttft=297.297ms hit=0.526388 e2e=693.147ms
[ok] request s458 turn0 ttft=129.482ms hit=0.0 e2e=1197.499ms
[ok] request s494 turn2 ttft=245.741ms hit=0.0 e2e=1410.72ms
[ok] request s368 turn0 ttft=350.934ms hit=0.0 e2e=1917.002ms
[ok] request s274 turn1 ttft=309.923ms hit=0.0 e2e=1767.599ms
[ok] openhands s193 turn9 ttft=337.036ms hit=0.969213 e2e=2021.767ms
[ok] request s337 turn0 ttft=151.242ms hit=0.0 e2e=1602.703ms
[ok] openhands s385 turn4 ttft=444.037ms hit=0.939687 e2e=2012.953ms
[ok] request s365 turn1 ttft=332.475ms hit=0.0 e2e=1906.846ms
[ok] request s518 turn0 ttft=196.673ms hit=0.0 e2e=1767.353ms
[ok] request s282 turn1 ttft=331.911ms hit=0.0 e2e=1909.086ms
[ok] request s470 turn4 ttft=329.787ms hit=0.623782 e2e=1908.218ms
[ok] request s458 turn1 ttft=322.881ms hit=0.0 e2e=1322.384ms
[ok] request s420 turn0 ttft=420.952ms hit=0.0 e2e=1536.541ms
[ok] request s314 turn0 ttft=225.072ms hit=0.0 e2e=1219.324ms
[ok] openhands s323 turn0 ttft=624.244ms hit=0.225208 e2e=1853.901ms
[ok] request s226 turn0 ttft=168.919ms hit=0.0 e2e=1451.975ms
[ok] openhands s193 turn10 ttft=345.58ms hit=0.940682 e2e=1748.943ms
[ok] openhands s385 turn5 ttft=451.714ms hit=0.946596 e2e=1741.979ms
[ok] request s106 turn0 ttft=248.676ms hit=0.0 e2e=1769.457ms
[ok] request s136 turn0 ttft=189.777ms hit=0.0 e2e=1477.423ms
[ok] request s494 turn3 ttft=242.163ms hit=0.0 e2e=1542.07ms
[ok] request s368 turn1 ttft=211.727ms hit=0.0 e2e=1501.77ms
[ok] request s282 turn2 ttft=397.258ms hit=0.446771 e2e=1281.588ms
[ok] request s365 turn2 ttft=400.585ms hit=0.375918 e2e=1285.845ms
[ok] request s527 turn0 ttft=230.88ms hit=0.0 e2e=1114.235ms
[ok] request s470 turn5 ttft=395.359ms hit=0.770214 e2e=1284.149ms
[ok] request s129 turn0 ttft=422.462ms hit=0.0 e2e=1434.249ms
[ok] openhands s323 turn1 ttft=294.274ms hit=0.963614 e2e=1483.377ms
[ok] request s452 turn0 ttft=166.187ms hit=0.0 e2e=813.761ms
[ok] request s458 turn2 ttft=250.494ms hit=0.361582 e2e=902.423ms
[ok] request s420 turn1 ttft=248.791ms hit=0.0 e2e=900.911ms
[ok] request s533 turn0 ttft=187.913ms hit=0.0 e2e=821.379ms
[ok] openhands s385 turn6 ttft=304.414ms hit=0.946122 e2e=944.1ms
[ok] openhands s193 turn11 ttft=289.14ms hit=0.989691 e2e=923.92ms
[ok] request s480 turn0 ttft=128.211ms hit=0.0 e2e=1245.291ms
[ok] openhands s323 turn2 ttft=286.876ms hit=0.945076 e2e=1314.599ms
[ok] request s268 turn0 ttft=164.567ms hit=0.0 e2e=1186.223ms
[ok] request s368 turn2 ttft=358.324ms hit=0.0 e2e=1069.931ms
[ok] request s129 turn1 ttft=323.318ms hit=0.608076 e2e=799.615ms
[ok] request s430 turn0 ttft=339.456ms hit=0.0 e2e=933.845ms
[ok] request s470 turn6 ttft=326.956ms hit=0.862534 e2e=803.119ms
[ok] request s420 turn2 ttft=310.888ms hit=0.304762 e2e=786.749ms
[ok] request s458 turn3 ttft=313.088ms hit=0.691892 e2e=788.66ms
[ok] request s527 turn1 ttft=330.996ms hit=0.0 e2e=808.951ms
[ok] openhands s385 turn7 ttft=347.781ms hit=0.904928 e2e=1065.236ms
[ok] request s207 turn0 ttft=148.678ms hit=0.0 e2e=620.537ms
[ok] openhands s193 turn12 ttft=463.387ms hit=0.975945 e2e=1061.477ms
[ok] request s494 turn4 ttft=244.941ms hit=0.0 e2e=1079.104ms
[ok] request s279 turn0 ttft=127.944ms hit=0.0 e2e=2200.227ms
[ok] request s295 turn0 ttft=133.509ms hit=0.0 e2e=158.675ms
[ok] request s268 turn1 ttft=740.271ms hit=0.0 e2e=1694.882ms
[ok] request s294 turn0 ttft=1121.46ms hit=0.0 e2e=1580.637ms
[ok] request s458 turn4 ttft=919.684ms hit=0.0 e2e=1628.005ms
[ok] request s554 turn0 ttft=457.467ms hit=0.0 e2e=2215.859ms
[ok] request s527 turn2 ttft=918.378ms hit=0.0 e2e=1626.343ms
[ok] request s494 turn5 ttft=915.272ms hit=0.0 e2e=1625.222ms
[ok] request s420 turn3 ttft=920.721ms hit=0.0 e2e=1635.115ms
[ok] request s255 turn0 ttft=670.186ms hit=0.0 e2e=1269.274ms
[ok] request s129 turn2 ttft=676.107ms hit=0.0 e2e=1639.926ms
[ok] openhands s385 turn8 ttft=379.439ms hit=0.954887 e2e=2234.96ms
[ok] openhands s323 turn3 ttft=289.525ms hit=0.970346 e2e=2294.476ms
[ok] request s480 turn1 ttft=376.392ms hit=0.0 e2e=1964.057ms
[ok] request s470 turn7 ttft=1038.138ms hit=0.0 e2e=1639.429ms
[ok] openhands s193 turn13 ttft=466.422ms hit=0.954806 e2e=2231.38ms
[ok] openhands s68 turn0 ttft=941.938ms hit=0.189489 e2e=1906.225ms
[ok] request s546 turn0 ttft=466.955ms hit=0.0 e2e=954.433ms
[ok] request s78 turn0 ttft=157.755ms hit=0.0 e2e=636.593ms
[ok] openhands s385 turn9 ttft=368.746ms hit=0.980697 e2e=1199.304ms
[ok] openhands s193 turn14 ttft=442.803ms hit=0.929387 e2e=1112.162ms
[ok] request s481 turn0 ttft=244.275ms hit=0.0 e2e=1200.861ms
[ok] openhands s323 turn4 ttft=520.274ms hit=0.977028 e2e=1190.649ms
[ok] request s279 turn1 ttft=277.069ms hit=0.0 e2e=941.822ms
[ok] openhands s68 turn1 ttft=364.432ms hit=0.988878 e2e=1195.594ms
[ok] request s116 turn0 ttft=221.928ms hit=0.0 e2e=886.592ms
[ok] request s78 turn1 ttft=259.234ms hit=0.0 e2e=919.11ms
[ok] request s527 turn3 ttft=259.653ms hit=0.528926 e2e=930.027ms
[ok] request s33 turn0 ttft=231.791ms hit=0.0 e2e=891.738ms
[ok] request s458 turn5 ttft=262.697ms hit=0.781812 e2e=934.812ms
[ok] request s480 turn2 ttft=260.069ms hit=0.0 e2e=924.341ms
[ok] request s420 turn4 ttft=264.856ms hit=0.654313 e2e=928.84ms
[ok] request s255 turn1 ttft=262.67ms hit=0.388467 e2e=926.398ms
[ok] request s350 turn0 ttft=129.035ms hit=0.0 e2e=2280.126ms
[ok] request s33 turn1 ttft=901.622ms hit=0.0 e2e=1347.649ms
[ok] request s420 turn5 ttft=1018.966ms hit=0.0 e2e=1345.135ms
[ok] openhands s193 turn15 ttft=848.479ms hit=0.993175 e2e=2261.182ms
[ok] request s255 turn2 ttft=895.766ms hit=0.0 e2e=1343.325ms
[ok] request s375 turn0 ttft=608.959ms hit=0.0 e2e=941.144ms
[ok] request s212 turn0 ttft=925.904ms hit=0.0 e2e=1257.8ms
[ok] request s95 turn0 ttft=1759.959ms hit=0.0 e2e=2211.996ms
[ok] request s480 turn3 ttft=900.721ms hit=0.0 e2e=1352.521ms
[ok] openhands s385 turn10 ttft=325.548ms hit=0.920991 e2e=2277.61ms
[ok] openhands s68 turn2 ttft=1806.518ms hit=0.343441 e2e=2258.333ms
[ok] request s366 turn0 ttft=1443.909ms hit=0.0 e2e=1895.462ms
[ok] request s304 turn0 ttft=293.011ms hit=0.0 e2e=625.289ms
[ok] openhands s323 turn5 ttft=506.384ms hit=0.98576 e2e=2272.031ms
[ok] request s154 turn0 ttft=1126.772ms hit=0.0 e2e=1578.673ms
[ok] openhands s68 turn3 ttft=461.345ms hit=0.986603 e2e=993.827ms
[ok] openhands s193 turn16 ttft=353.844ms hit=0.982228 e2e=1011.5ms
[ok] openhands s323 turn6 ttft=351.347ms hit=0.964458 e2e=886.926ms
[ok] openhands s385 turn11 ttft=461.148ms hit=0.979949 e2e=1002.344ms
[ok] request s420 turn6 ttft=292.77ms hit=0.756757 e2e=1035.322ms
[ok] request s366 turn1 ttft=294.354ms hit=0.0 e2e=1031.043ms
[ok] request s95 turn1 ttft=288.124ms hit=0.0 e2e=1032.436ms
[ok] openhands s323 turn7 ttft=318.673ms hit=0.970031 e2e=799.269ms
[ok] openhands s68 turn4 ttft=355.2ms hit=0.992225 e2e=607.741ms
[ok] openhands s385 turn12 ttft=519.22ms hit=0.978373 e2e=779.981ms
[ok] openhands s193 turn17 ttft=418.42ms hit=0.995246 e2e=796.154ms
[ok] openhands s323 turn8 ttft=302.61ms hit=0.874093 e2e=671.77ms
[ok] openhands s385 turn13 ttft=259.887ms hit=0.965148 e2e=506.224ms
[ok] openhands s68 turn5 ttft=414.191ms hit=0.994118 e2e=667.714ms
[ok] openhands s323 turn9 ttft=347.523ms hit=0.982313 e2e=720.012ms
[ok] openhands s68 turn6 ttft=351.202ms hit=0.930339 e2e=715.328ms
[ok] openhands s385 turn14 ttft=207.116ms hit=0.921608 e2e=454.826ms
[ok] openhands s323 turn10 ttft=326.282ms hit=0.850281 e2e=701.268ms
[ok] openhands s68 turn7 ttft=428.17ms hit=0.993559 e2e=673.443ms
[ok] openhands s385 turn15 ttft=425.2ms hit=0.930134 e2e=681.522ms
[ok] openhands s68 turn8 ttft=363.542ms hit=0.985308 e2e=733.17ms
[ok] openhands s323 turn11 ttft=406.757ms hit=0.978721 e2e=652.808ms
[ok] openhands s385 turn16 ttft=471.598ms hit=0.968877 e2e=723.742ms
[ok] openhands s385 turn17 ttft=219.267ms hit=0.962065 e2e=459.671ms
[ok] openhands s323 turn12 ttft=304.13ms hit=0.971417 e2e=553.1ms
[ok] openhands s323 turn13 ttft=303.027ms hit=0.969 e2e=549.662ms
[ok] openhands s385 turn18 ttft=292.282ms hit=0.934648 e2e=531.094ms
[ok] openhands s323 turn14 ttft=304.649ms hit=0.980611 e2e=551.544ms
[ok] openhands s385 turn19 ttft=217.088ms hit=0.934744 e2e=456.738ms
[ok] openhands s323 turn15 ttft=437.476ms hit=0.982772 e2e=666.56ms
[ok] openhands s385 turn20 ttft=234.644ms hit=0.951362 e2e=539.687ms
[ok] openhands s323 turn16 ttft=445.161ms hit=0.96952 e2e=700.906ms
[ok] openhands s68 turn9 ttft=476.253ms hit=0.916131 e2e=855.076ms
[ok] openhands s385 turn21 ttft=354.225ms hit=0.960669 e2e=602.222ms
[ok] openhands s68 turn10 ttft=793.005ms hit=0.832844 e2e=1035.024ms
[ok] openhands s385 turn22 ttft=776.574ms hit=0.967487 e2e=1018.716ms
[ok] openhands s323 turn17 ttft=785.161ms hit=0.948727 e2e=1027.377ms
[ok] openhands s68 turn11 ttft=397.787ms hit=0.979302 e2e=647.738ms
[ok] openhands s385 turn23 ttft=312.674ms hit=0.980789 e2e=555.715ms
[ok] openhands s385 turn24 ttft=229.633ms hit=0.979706 e2e=474.456ms
[ok] openhands s385 turn25 ttft=229.406ms hit=0.98365 e2e=473.439ms
[ok] openhands s385 turn26 ttft=233.889ms hit=0.955539 e2e=479.494ms
[ok] openhands s385 turn27 ttft=236.512ms hit=0.965157 e2e=489.894ms
[ok] openhands s385 turn28 ttft=306.305ms hit=0.980035 e2e=546.91ms
[ok] openhands s68 turn12 ttft=400.159ms hit=0.986202 e2e=650.878ms
[ok] openhands s68 turn13 ttft=412.732ms hit=0.979218 e2e=686.455ms
[ok] openhands s385 turn29 ttft=355.641ms hit=0.985439 e2e=604.832ms
[ok] openhands s385 turn30 ttft=251.943ms hit=0.983154 e2e=494.527ms
[ok] openhands s385 turn31 ttft=248.356ms hit=0.987793 e2e=492.931ms
[ok] openhands s385 turn32 ttft=293.01ms hit=0.993447 e2e=538.318ms
[ok] openhands s385 turn33 ttft=297.56ms hit=0.982681 e2e=548.733ms
[ok] openhands s385 turn34 ttft=266.315ms hit=0.964967 e2e=509.592ms
[ok] openhands s68 turn14 ttft=431.454ms hit=0.985157 e2e=683.099ms
[ok] openhands s68 turn15 ttft=982.692ms hit=0.830305 e2e=1905.962ms
[ok] openhands s385 turn35 ttft=410.882ms hit=0.989568 e2e=986.041ms
[ok] openhands s322 turn0 ttft=618.553ms hit=0.21988 e2e=1201.505ms
[ok] request s404 turn0 ttft=303.669ms hit=0.0 e2e=879.768ms
[ok] request s548 turn0 ttft=132.197ms hit=0.0 e2e=559.535ms
[ok] request s345 turn0 ttft=263.71ms hit=0.0 e2e=299.336ms
[ok] request s11 turn0 ttft=232.71ms hit=0.0 e2e=1511.34ms
[ok] openhands s322 turn1 ttft=865.157ms hit=0.907801 e2e=1546.668ms
[ok] openhands s68 turn16 ttft=1106.451ms hit=0.868385 e2e=1790.704ms
[ok] openhands s385 turn36 ttft=878.334ms hit=0.984744 e2e=1561.643ms
[ok] request s428 turn0 ttft=582.673ms hit=0.0 e2e=1153.265ms
[ok] request s404 turn1 ttft=393.395ms hit=0.0 e2e=963.586ms
[ok] request s271 turn0 ttft=793.405ms hit=0.0 e2e=1477.265ms
[ok] request s227 turn0 ttft=150.595ms hit=0.0 e2e=690.287ms
[ok] request s457 turn0 ttft=187.829ms hit=0.0 e2e=799.902ms
[ok] request s389 turn0 ttft=134.915ms hit=0.0 e2e=274.207ms
[ok] request s345 turn1 ttft=238.912ms hit=0.497087 e2e=979.212ms
[ok] openhands s322 turn2 ttft=299.174ms hit=0.933625 e2e=1047.769ms
[ok] openhands s385 turn37 ttft=293.73ms hit=0.97833 e2e=1035.972ms
[ok] request s440 turn0 ttft=172.493ms hit=0.0 e2e=914.488ms
[ok] request s389 turn1 ttft=354.568ms hit=0.0 e2e=386.222ms
[ok] request s398 turn0 ttft=130.968ms hit=0.0 e2e=150.127ms
[ok] request s271 turn1 ttft=139.726ms hit=0.0 e2e=1325.819ms
[ok] request s404 turn2 ttft=141.701ms hit=0.241737 e2e=1328.854ms
[ok] request s227 turn1 ttft=254.42ms hit=0.868868 e2e=1208.419ms
[ok] request s531 turn0 ttft=252.329ms hit=0.0 e2e=1209.548ms
[ok] request s122 turn0 ttft=469.129ms hit=0.0 e2e=982.286ms
[ok] openhands s322 turn3 ttft=360.63ms hit=0.797808 e2e=1036.551ms
[ok] openhands s385 turn38 ttft=508.271ms hit=0.954951 e2e=1022.257ms
[ok] request s187 turn0 ttft=265.08ms hit=0.0 e2e=662.089ms
[ok] request s457 turn1 ttft=360.048ms hit=0.0 e2e=874.855ms
[ok] request s389 turn2 ttft=238.48ms hit=0.0 e2e=264.228ms
[ok] openhands s322 turn4 ttft=349.611ms hit=0.976996 e2e=958.408ms
[ok] openhands s385 turn39 ttft=451.881ms hit=0.971527 e2e=945.942ms
[ok] request s118 turn0 ttft=246.988ms hit=0.0 e2e=977.888ms
[ok] request s121 turn0 ttft=164.111ms hit=0.0 e2e=654.006ms
[ok] request s389 turn3 ttft=341.837ms hit=0.0 e2e=424.592ms
[ok] request s187 turn1 ttft=237.94ms hit=0.0 e2e=1256.493ms
[ok] request s28 turn0 ttft=214.364ms hit=0.0 e2e=1229.795ms
[ok] openhands s322 turn5 ttft=351.214ms hit=0.939048 e2e=1188.254ms
[ok] request s31 turn0 ttft=207.192ms hit=0.0 e2e=878.066ms
[ok] request s166 turn0 ttft=315.588ms hit=0.0 e2e=1200.995ms
[ok] openhands s385 turn40 ttft=351.428ms hit=0.948829 e2e=1022.026ms
[ok] request s389 turn4 ttft=488.277ms hit=0.0 e2e=749.429ms
[ok] request s411 turn0 ttft=136.086ms hit=0.0 e2e=147.029ms
[ok] request s151 turn0 ttft=213.024ms hit=0.0 e2e=1473.609ms
[ok] request s121 turn1 ttft=244.623ms hit=0.0 e2e=1509.769ms
[ok] request s118 turn1 ttft=246.344ms hit=0.0 e2e=1511.114ms
[ok] openhands s67 turn0 ttft=692.355ms hit=0.189489 e2e=1432.765ms
[ok] openhands s322 turn6 ttft=674.338ms hit=0.91217 e2e=1185.856ms
[ok] request s7 turn0 ttft=278.201ms hit=0.0 e2e=789.317ms
[ok] request s289 turn0 ttft=599.675ms hit=0.0 e2e=1112.956ms
[ok] request s187 turn2 ttft=385.842ms hit=0.0 e2e=896.821ms
[ok] openhands s385 turn41 ttft=670.78ms hit=0.946905 e2e=1183.907ms
[ok] request s389 turn5 ttft=552.203ms hit=0.654731 e2e=555.647ms
[ok] request s145 turn0 ttft=130.47ms hit=0.0 e2e=1556.058ms
[ok] openhands s385 turn42 ttft=651.67ms hit=0.966223 e2e=1628.273ms
[ok] request s121 turn2 ttft=352.503ms hit=0.342475 e2e=1330.323ms
[ok] openhands s67 turn1 ttft=298.969ms hit=0.988878 e2e=1648.64ms
[ok] request s464 turn0 ttft=493.689ms hit=0.0 e2e=1472.498ms
[ok] request s118 turn2 ttft=351.3ms hit=0.592593 e2e=1329.083ms
[ok] request s563 turn0 ttft=592.478ms hit=0.0 e2e=1350.88ms
[ok] request s234 turn0 ttft=359.064ms hit=0.0 e2e=1028.731ms
[ok] request s20 turn0 ttft=158.069ms hit=0.0 e2e=707.468ms
[ok] openhands s322 turn7 ttft=747.245ms hit=0.899787 e2e=1420.772ms
[ok] openhands s68 turn17 ttft=724.031ms hit=0.990869 e2e=1485.137ms
[ok] request s289 turn1 ttft=579.648ms hit=0.0 e2e=1253.125ms
[ok] request s187 turn3 ttft=577.276ms hit=0.48855 e2e=1252.047ms
[ok] request s519 turn0 ttft=235.438ms hit=0.0 e2e=375.768ms
[ok] request s20 turn1 ttft=226.204ms hit=0.0 e2e=360.41ms
[ok] request s87 turn0 ttft=132.745ms hit=0.0 e2e=1506.808ms
[ok] request s145 turn1 ttft=469.7ms hit=0.0 e2e=1118.564ms
[ok] openhands s67 turn2 ttft=1163.743ms hit=0.888463 e2e=1574.503ms
[ok] request s289 turn2 ttft=225.823ms hit=0.221262 e2e=890.673ms
[ok] request s118 turn3 ttft=303.613ms hit=0.0 e2e=1096.42ms
[ok] request s121 turn3 ttft=305.936ms hit=0.0 e2e=1098.405ms
[ok] openhands s385 turn43 ttft=532.977ms hit=0.90796 e2e=1687.749ms
[ok] request s234 turn1 ttft=228.821ms hit=0.688542 e2e=896.753ms
[ok] request s187 turn4 ttft=223.33ms hit=0.751836 e2e=893.252ms
[ok] request s380 turn0 ttft=403.233ms hit=0.0 e2e=1560.842ms
[ok] request s52 turn0 ttft=328.081ms hit=0.0 e2e=1237.848ms
[ok] openhands s68 turn18 ttft=573.038ms hit=0.988103 e2e=1482.409ms
[ok] openhands s322 turn8 ttft=236.339ms hit=0.896116 e2e=2290.341ms
[ok] request s556 turn0 ttft=205.63ms hit=0.0 e2e=2263.054ms
[ok] request s376 turn0 ttft=132.036ms hit=0.0 e2e=2326.114ms
[ok] request s145 turn2 ttft=1202.879ms hit=0.0 e2e=2525.031ms
[ok] request s8 turn0 ttft=950.774ms hit=0.0 e2e=2275.022ms
[ok] request s121 turn4 ttft=938.0ms hit=0.800313 e2e=2373.917ms
[ok] openhands s385 turn44 ttft=1534.474ms hit=0.971342 e2e=2975.331ms
[ok] request s283 turn0 ttft=1162.837ms hit=0.0 e2e=2603.406ms
[ok] request s52 turn1 ttft=934.267ms hit=0.0 e2e=2374.484ms
[ok] request s123 turn0 ttft=627.922ms hit=0.0 e2e=1958.826ms
[ok] request s87 turn1 ttft=1315.045ms hit=0.0 e2e=2755.116ms
[ok] openhands s67 turn3 ttft=1663.124ms hit=0.38474 e2e=3102.86ms
[ok] request s187 turn5 ttft=939.238ms hit=0.650572 e2e=2378.641ms
[ok] request s469 turn0 ttft=310.159ms hit=0.0 e2e=1637.312ms
[ok] request s380 turn1 ttft=937.445ms hit=0.471455 e2e=2376.781ms
[ok] request s262 turn0 ttft=1489.753ms hit=0.0 e2e=2928.836ms
[ok] openhands s68 turn19 ttft=1523.951ms hit=0.996887 e2e=2962.296ms
[ok] openhands s322 turn9 ttft=233.632ms hit=0.967491 e2e=1651.344ms
[ok] request s92 turn0 ttft=243.204ms hit=0.0 e2e=1666.595ms
[ok] request s556 turn1 ttft=516.77ms hit=0.0 e2e=1063.739ms
[ok] openhands s3 turn0 ttft=684.501ms hit=0.189031 e2e=1348.61ms
[ok] request s14 turn0 ttft=160.196ms hit=0.0 e2e=703.69ms
[ok] request s48 turn0 ttft=478.801ms hit=0.0 e2e=1027.75ms
[ok] request s459 turn0 ttft=373.668ms hit=0.0 e2e=1230.072ms
[ok] request s145 turn3 ttft=351.835ms hit=0.0 e2e=945.334ms
[ok] request s380 turn2 ttft=242.872ms hit=0.880734 e2e=1023.21ms
[ok] openhands s67 turn4 ttft=597.497ms hit=0.986196 e2e=1609.281ms
[ok] request s123 turn1 ttft=244.692ms hit=0.0 e2e=1025.059ms
[ok] openhands s68 turn20 ttft=482.153ms hit=0.985025 e2e=1621.733ms
[ok] openhands s3 turn1 ttft=365.999ms hit=0.984159 e2e=1267.672ms
[ok] request s238 turn0 ttft=222.935ms hit=0.0 e2e=1005.174ms
[ok] openhands s322 turn10 ttft=325.47ms hit=0.935627 e2e=1228.239ms
[ok] request s99 turn0 ttft=315.554ms hit=0.0 e2e=1328.403ms
[ok] request s529 turn0 ttft=245.191ms hit=0.0 e2e=686.071ms
[ok] request s556 turn2 ttft=237.23ms hit=0.0 e2e=674.555ms
[ok] request s453 turn0 ttft=145.474ms hit=0.0 e2e=832.02ms
[ok] request s145 turn4 ttft=367.502ms hit=0.0 e2e=742.753ms
[ok] request s344 turn0 ttft=507.321ms hit=0.0 e2e=1199.302ms
[ok] openhands s385 turn45 ttft=647.031ms hit=0.992385 e2e=1342.197ms
[ok] openhands s3 turn2 ttft=881.095ms hit=0.975558 e2e=1160.33ms
[ok] request s123 turn2 ttft=191.868ms hit=0.222609 e2e=835.076ms
[ok] openhands s67 turn5 ttft=547.403ms hit=0.991208 e2e=1333.221ms
[ok] request s307 turn0 ttft=184.627ms hit=0.0 e2e=827.815ms
[ok] request s238 turn1 ttft=191.57ms hit=0.0 e2e=834.506ms
[ok] openhands s68 turn21 ttft=518.437ms hit=0.989171 e2e=1429.742ms
[ok] openhands s322 turn11 ttft=493.893ms hit=0.938794 e2e=1156.714ms
[ok] request s556 turn3 ttft=187.755ms hit=0.0 e2e=830.905ms
[ok] request s529 turn1 ttft=189.429ms hit=0.0 e2e=832.318ms
[ok] request s530 turn0 ttft=484.893ms hit=0.0 e2e=1150.087ms
[ok] request s380 turn3 ttft=196.474ms hit=0.731777 e2e=839.418ms
[ok] request s218 turn0 ttft=133.183ms hit=0.0 e2e=8626.423ms
[ok] openhands s3 turn3 ttft=273.351ms hit=0.955768 e2e=8568.985ms
[ok] openhands s258 turn8 ttft=1418.486ms hit=0.12191 e2e=8543.637ms
[ok] request s529 turn2 ttft=7411.246ms hit=0.0 e2e=7773.763ms
[ok] request s371 turn0 ttft=5616.314ms hit=0.0 e2e=5978.272ms
[ok] openhands s68 turn22 ttft=6228.055ms hit=0.028188 e2e=8358.785ms
[ok] request s38 turn0 ttft=530.714ms hit=0.0 e2e=8560.085ms
[ok] request s115 turn0 ttft=6907.976ms hit=0.0 e2e=7269.859ms
[ok] request s393 turn0 ttft=5940.461ms hit=0.0 e2e=6305.862ms
[ok] request s396 turn0 ttft=6263.255ms hit=0.0 e2e=6628.115ms
[ok] openhands s385 turn46 ttft=603.465ms hit=0.986237 e2e=8638.047ms
[ok] request s210 turn0 ttft=6586.539ms hit=0.0 e2e=6951.337ms
[ok] openhands s67 turn6 ttft=1245.262ms hit=0.992271 e2e=8378.174ms
[ok] request s540 turn0 ttft=7232.879ms hit=0.0 e2e=7597.708ms
[ok] openhands s322 turn12 ttft=7593.627ms hit=0.0 e2e=7957.841ms
[ok] request s502 turn0 ttft=7557.43ms hit=0.0 e2e=7921.076ms
[ok] request s423 turn0 ttft=6106.744ms hit=0.0 e2e=8243.356ms
[ok] openhands s3 turn4 ttft=626.36ms hit=0.964427 e2e=1046.62ms
[ok] openhands s67 turn7 ttft=539.915ms hit=0.993278 e2e=1029.404ms
[ok] request s529 turn3 ttft=249.268ms hit=0.818327 e2e=763.564ms
[ok] openhands s68 turn23 ttft=590.984ms hit=0.997552 e2e=1358.014ms
[ok] openhands s385 turn47 ttft=705.437ms hit=0.97294 e2e=1228.216ms
[ok] request s393 turn1 ttft=244.528ms hit=0.610008 e2e=761.038ms
[ok] openhands s258 turn9 ttft=677.931ms hit=0.972029 e2e=1325.368ms
[ok] openhands s3 turn5 ttft=187.653ms hit=0.9815 e2e=779.077ms
[ok] openhands s67 turn8 ttft=242.213ms hit=0.959508 e2e=709.466ms
[ok] openhands s258 turn10 ttft=219.163ms hit=0.982111 e2e=1375.596ms
[ok] openhands s385 turn48 ttft=393.833ms hit=0.968064 e2e=1376.373ms
[ok] request s393 turn2 ttft=746.339ms hit=0.359677 e2e=1016.547ms
[ok] openhands s67 turn9 ttft=485.578ms hit=0.935882 e2e=1198.481ms
[ok] request s529 turn4 ttft=749.686ms hit=0.657615 e2e=1021.186ms
[ok] openhands s3 turn6 ttft=815.861ms hit=0.579698 e2e=1087.102ms
[ok] openhands s385 turn49 ttft=381.599ms hit=0.982387 e2e=1312.536ms
[ok] openhands s3 turn7 ttft=909.992ms hit=0.979308 e2e=1292.969ms
[ok] openhands s67 turn10 ttft=921.017ms hit=0.841298 e2e=1304.754ms
[ok] request s529 turn5 ttft=348.511ms hit=0.807316 e2e=726.94ms
[ok] openhands s258 turn11 ttft=212.745ms hit=0.985675 e2e=653.233ms
[ok] openhands s3 turn8 ttft=348.445ms hit=0.941022 e2e=580.613ms
[ok] openhands s385 turn50 ttft=322.757ms hit=0.973184 e2e=810.711ms
[ok] openhands s3 turn9 ttft=341.25ms hit=0.944562 e2e=1354.078ms
[ok] request s529 turn6 ttft=324.116ms hit=0.831169 e2e=1336.842ms
[ok] request s529 turn7 ttft=280.666ms hit=0.833101 e2e=554.959ms
[ok] openhands s3 turn10 ttft=783.567ms hit=0.73173 e2e=1064.158ms
[ok] openhands s385 turn51 ttft=946.013ms hit=0.991547 e2e=2013.595ms
[ok] openhands s67 turn11 ttft=690.522ms hit=0.995922 e2e=1443.227ms
[ok] openhands s258 turn12 ttft=547.565ms hit=0.989311 e2e=1497.41ms
[ok] openhands s3 turn11 ttft=405.105ms hit=0.98317 e2e=703.134ms
[ok] openhands s385 turn52 ttft=337.752ms hit=0.990896 e2e=627.868ms
[ok] openhands s258 turn13 ttft=209.057ms hit=0.992613 e2e=800.367ms
[ok] openhands s3 turn12 ttft=477.062ms hit=0.968545 e2e=721.369ms
[ok] openhands s385 turn53 ttft=325.126ms hit=0.979298 e2e=615.382ms
[ok] openhands s3 turn13 ttft=816.195ms hit=0.970964 e2e=1981.596ms
[ok] openhands s258 turn14 ttft=1088.088ms hit=0.114119 e2e=1342.265ms
[ok] openhands s385 turn54 ttft=890.942ms hit=0.992665 e2e=1878.508ms
[ok] openhands s67 turn12 ttft=986.904ms hit=0.825526 e2e=2153.632ms
[ok] openhands s258 turn15 ttft=561.535ms hit=0.989571 e2e=827.077ms
[ok] openhands s385 turn55 ttft=554.435ms hit=0.984424 e2e=847.846ms
[ok] openhands s3 turn14 ttft=533.272ms hit=0.984012 e2e=823.397ms
[ok] request s27 turn0 ttft=6420.029ms hit=0.0 e2e=6699.363ms
[ok] request s486 turn0 ttft=5830.783ms hit=0.0 e2e=6414.585ms
[ok] request s269 turn0 ttft=597.658ms hit=0.0 e2e=955.974ms
[ok] openhands s67 turn13 ttft=7991.833ms hit=0.0 e2e=9135.935ms
[ok] request s231 turn0 ttft=6475.37ms hit=0.0 e2e=7366.272ms
[ok] openhands s3 turn15 ttft=2583.622ms hit=0.995384 e2e=10603.927ms
[ok] request s209 turn0 ttft=7186.479ms hit=0.0 e2e=8339.476ms
[ok] request s176 turn0 ttft=7510.415ms hit=0.0 e2e=8663.142ms
[ok] request s56 turn0 ttft=7123.996ms hit=0.0 e2e=8017.842ms
[ok] openhands s258 turn16 ttft=2626.197ms hit=0.969924 e2e=10654.218ms
[ok] request s473 turn0 ttft=5913.914ms hit=0.0 e2e=10276.187ms
[ok] request s336 turn0 ttft=5591.078ms hit=0.0 e2e=9954.182ms
[ok] openhands s385 turn56 ttft=6278.141ms hit=0.035587 e2e=10640.355ms
[ok] request s402 turn0 ttft=6802.72ms hit=0.0 e2e=7696.221ms
[ok] request s363 turn0 ttft=5270.552ms hit=0.0 e2e=9632.903ms
[ok] request s214 turn0 ttft=7833.136ms hit=0.0 e2e=8987.585ms
[ok] request s83 turn0 ttft=2571.924ms hit=0.0 e2e=10601.395ms
[ok] request s190 turn0 ttft=4947.66ms hit=0.0 e2e=9310.471ms
[ok] openhands s196 turn0 ttft=2894.932ms hit=0.499052 e2e=10923.942ms
[ok] request s216 turn0 ttft=3896.469ms hit=0.0 e2e=4811.632ms
[ok] request s517 turn0 ttft=921.308ms hit=0.0 e2e=1587.058ms
[ok] request s18 turn0 ttft=4541.305ms hit=0.0 e2e=5457.883ms
[ok] request s465 turn0 ttft=5508.238ms hit=0.0 e2e=6425.801ms
[ok] request s22 turn0 ttft=1559.82ms hit=0.0 e2e=2232.864ms
[ok] request s192 turn0 ttft=4220.15ms hit=0.0 e2e=5136.982ms
[ok] request s42 turn0 ttft=5187.925ms hit=0.0 e2e=6104.715ms
[ok] request s338 turn0 ttft=2530.258ms hit=0.0 e2e=3201.964ms
[ok] request s156 turn0 ttft=2206.612ms hit=0.0 e2e=2880.293ms
[ok] request s46 turn0 ttft=4866.882ms hit=0.0 e2e=5784.07ms
[ok] request s528 turn0 ttft=3577.075ms hit=0.0 e2e=4494.033ms
[ok] request s251 turn0 ttft=1239.289ms hit=0.0 e2e=1913.922ms
[ok] request s23 turn0 ttft=2852.892ms hit=0.0 e2e=3527.512ms
[ok] openhands s386 turn0 ttft=3495.933ms hit=0.0 e2e=4172.619ms
[ok] request s71 turn0 ttft=1886.063ms hit=0.0 e2e=2560.794ms
[ok] request s141 turn0 ttft=3176.427ms hit=0.0 e2e=3851.179ms
[ok] request s414 turn0 ttft=275.046ms hit=0.0 e2e=949.04ms
[ok] request s12 turn0 ttft=145.698ms hit=0.0 e2e=667.143ms
[ok] request s342 turn0 ttft=142.613ms hit=0.0 e2e=787.107ms
[ok] request s56 turn1 ttft=555.324ms hit=0.547945 e2e=1252.247ms
[ok] request s71 turn1 ttft=684.477ms hit=0.0 e2e=1294.521ms
[ok] request s363 turn1 ttft=549.849ms hit=0.0 e2e=1316.223ms
[ok] request s192 turn1 ttft=688.662ms hit=0.0 e2e=1300.779ms
[ok] request s60 turn0 ttft=910.701ms hit=0.0 e2e=1857.294ms
[ok] request s517 turn1 ttft=693.67ms hit=0.395978 e2e=1305.479ms
[ok] request s83 turn1 ttft=703.434ms hit=0.0 e2e=1319.687ms
[ok] request s465 turn1 ttft=692.642ms hit=0.0 e2e=1308.221ms
[ok] openhands s3 turn16 ttft=501.171ms hit=0.990852 e2e=1921.207ms
[ok] request s27 turn1 ttft=910.884ms hit=0.0 e2e=1682.419ms
[ok] request s535 turn0 ttft=792.192ms hit=0.0 e2e=1564.686ms
[ok] openhands s196 turn1 ttft=1124.715ms hit=0.972115 e2e=1896.519ms
[ok] request s46 turn1 ttft=690.013ms hit=0.0 e2e=1307.383ms
[ok] openhands s67 turn14 ttft=563.841ms hit=0.997117 e2e=1336.104ms
[ok] request s214 turn1 ttft=706.906ms hit=0.651192 e2e=1324.781ms
[ok] openhands s386 turn1 ttft=881.264ms hit=0.933625 e2e=1836.855ms
[ok] openhands s258 turn17 ttft=953.25ms hit=0.765985 e2e=1908.802ms
[ok] request s18 turn1 ttft=691.784ms hit=0.0 e2e=1316.903ms
[ok] openhands s385 turn57 ttft=698.508ms hit=0.972618 e2e=1301.494ms
[ok] request s315 turn0 ttft=624.351ms hit=0.0 e2e=1248.954ms
[ok] request s483 turn0 ttft=322.404ms hit=0.0 e2e=927.145ms
[ok] request s467 turn0 ttft=137.832ms hit=0.0 e2e=656.576ms
[ok] request s478 turn0 ttft=142.87ms hit=0.0 e2e=1186.509ms
[ok] openhands s258 turn18 ttft=865.323ms hit=0.987098 e2e=2083.384ms
[ok] openhands s3 turn17 ttft=903.951ms hit=0.99278 e2e=2126.826ms
[ok] request s568 turn0 ttft=852.21ms hit=0.0 e2e=2074.518ms
[ok] openhands s386 turn2 ttft=899.059ms hit=0.954037 e2e=2118.89ms
[ok] request s416 turn0 ttft=135.96ms hit=0.0 e2e=184.147ms
[ok] openhands s196 turn2 ttft=895.536ms hit=0.992643 e2e=2410.335ms
[ok] request s45 turn0 ttft=705.461ms hit=0.0 e2e=1418.158ms
[ok] openhands s511 turn0 ttft=1027.519ms hit=0.224097 e2e=2182.792ms
[ok] request s517 turn2 ttft=619.439ms hit=0.524805 e2e=2279.016ms
[ok] request s465 turn2 ttft=616.328ms hit=0.307508 e2e=2280.986ms
[ok] request s270 turn0 ttft=502.44ms hit=0.0 e2e=1542.372ms
[ok] request s18 turn2 ttft=610.96ms hit=0.0 e2e=2275.959ms
[ok] request s46 turn2 ttft=615.434ms hit=0.456328 e2e=2280.332ms
[ok] request s109 turn0 ttft=185.124ms hit=0.0 e2e=1222.601ms
[ok] request s483 turn1 ttft=609.436ms hit=0.0 e2e=2274.712ms
[ok] openhands s67 turn15 ttft=833.112ms hit=0.994879 e2e=2797.672ms
[ok] openhands s385 turn58 ttft=1229.993ms hit=0.960004 e2e=2609.166ms
[ok] request s214 turn2 ttft=614.869ms hit=0.65071 e2e=2280.977ms
[ok] request s301 turn0 ttft=548.42ms hit=0.0 e2e=2514.924ms
[ok] request s83 turn2 ttft=620.494ms hit=0.0 e2e=2287.072ms
[ok] request s192 turn2 ttft=327.663ms hit=0.404423 e2e=2294.083ms
[ok] openhands s3 turn18 ttft=725.923ms hit=0.917058 e2e=2011.767ms
[ok] openhands s258 turn19 ttft=733.979ms hit=0.834229 e2e=2020.678ms
[ok] openhands s386 turn3 ttft=1319.604ms hit=0.970532 e2e=1998.613ms
[ok] request s162 turn0 ttft=567.875ms hit=0.0 e2e=1853.442ms
[ok] request s568 turn1 ttft=552.684ms hit=0.0 e2e=1701.884ms
[ok] openhands s511 turn1 ttft=403.329ms hit=0.988028 e2e=1551.097ms
[ok] openhands s196 turn3 ttft=690.579ms hit=0.988657 e2e=1839.623ms
[ok] openhands s67 turn16 ttft=1016.111ms hit=0.994341 e2e=1541.385ms
[ok] request s211 turn0 ttft=340.196ms hit=0.0 e2e=1488.04ms
[ok] request s45 turn1 ttft=257.995ms hit=0.0 e2e=1409.606ms
[ok] request s63 turn0 ttft=660.559ms hit=0.0 e2e=1814.463ms
[ok] request s86 turn0 ttft=165.787ms hit=0.0 e2e=1175.295ms
[ok] openhands s385 turn59 ttft=447.798ms hit=0.975565 e2e=1456.959ms
[ok] request s109 turn1 ttft=394.564ms hit=0.451765 e2e=1696.882ms
[ok] request s214 turn3 ttft=392.727ms hit=0.699666 e2e=1694.788ms
[ok] request s483 turn2 ttft=394.571ms hit=0.368876 e2e=1696.301ms
[ok] request s18 turn3 ttft=399.747ms hit=0.0 e2e=1700.908ms
[ok] request s465 turn3 ttft=402.114ms hit=0.609524 e2e=1702.906ms
[ok] request s201 turn0 ttft=289.153ms hit=0.0 e2e=1589.666ms
[ok] request s517 turn3 ttft=283.543ms hit=0.640534 e2e=1709.841ms
[ok] request s301 turn1 ttft=393.741ms hit=0.0 e2e=1694.147ms
[ok] request s46 turn3 ttft=400.052ms hit=0.659794 e2e=1700.182ms
[ok] request s192 turn3 ttft=391.58ms hit=0.628221 e2e=1691.43ms
[ok] request s407 turn0 ttft=133.543ms hit=0.0 e2e=2586.625ms
[ok] request s149 turn0 ttft=964.416ms hit=0.0 e2e=2226.56ms
[ok] request s287 turn0 ttft=619.618ms hit=0.0 e2e=1513.293ms
[ok] request s150 turn0 ttft=712.535ms hit=0.0 e2e=2237.657ms
[ok] openhands s258 turn20 ttft=973.952ms hit=0.979815 e2e=3342.928ms
[ok] openhands s3 turn19 ttft=1016.441ms hit=0.968735 e2e=3389.971ms
[ok] openhands s386 turn4 ttft=977.094ms hit=0.941649 e2e=3349.154ms
[ok] openhands s511 turn2 ttft=2676.343ms hit=0.9433 e2e=3100.656ms
[ok] request s275 turn0 ttft=938.001ms hit=0.0 e2e=3309.983ms
[ok] openhands s67 turn17 ttft=734.017ms hit=0.929843 e2e=3408.535ms
[ok] request s471 turn0 ttft=360.955ms hit=0.0 e2e=1908.07ms
[ok] request s18 turn4 ttft=410.511ms hit=0.613174 e2e=2082.482ms
[ok] openhands s385 turn60 ttft=1139.467ms hit=0.974107 e2e=3170.935ms
[ok] request s172 turn0 ttft=868.209ms hit=0.0 e2e=2899.321ms
[ok] request s86 turn1 ttft=869.927ms hit=0.0 e2e=2820.458ms
[ok] request s214 turn4 ttft=410.77ms hit=0.862069 e2e=2085.769ms
[ok] request s465 turn4 ttft=407.62ms hit=0.731196 e2e=2081.766ms
[ok] request s197 turn0 ttft=343.504ms hit=0.0 e2e=2018.424ms
[ok] request s45 turn2 ttft=876.409ms hit=0.0 e2e=2828.447ms
[ok] request s517 turn4 ttft=406.17ms hit=0.753099 e2e=2080.518ms
[ok] request s334 turn0 ttft=518.108ms hit=0.0 e2e=2341.675ms
[ok] request s568 turn2 ttft=802.471ms hit=0.447813 e2e=2835.04ms
[ok] openhands s196 turn4 ttft=1066.207ms hit=0.996189 e2e=3410.599ms
[ok] request s523 turn0 ttft=422.616ms hit=0.0 e2e=2246.261ms
[ok] request s419 turn0 ttft=954.511ms hit=0.0 e2e=2987.531ms
[ok] openhands s132 turn0 ttft=1197.292ms hit=0.210511 e2e=3230.127ms
[ok] request s111 turn0 ttft=257.57ms hit=0.0 e2e=1701.975ms
[ok] request s320 turn0 ttft=261.634ms hit=0.0 e2e=1379.562ms
[ok] request s484 turn0 ttft=189.779ms hit=0.0 e2e=1595.171ms
[ok] request s297 turn0 ttft=151.442ms hit=0.0 e2e=1267.785ms
[ok] request s434 turn0 ttft=172.697ms hit=0.0 e2e=1708.177ms
[ok] request s107 turn0 ttft=287.951ms hit=0.0 e2e=1825.625ms
[ok] request s150 turn1 ttft=1062.593ms hit=0.0 e2e=1072.103ms
[ok] request s76 turn0 ttft=127.929ms hit=0.0 e2e=1383.771ms
[ok] request s461 turn0 ttft=248.706ms hit=0.0 e2e=1507.377ms
[ok] request s571 turn0 ttft=1047.836ms hit=0.0 e2e=1940.483ms
[ok] openhands s511 turn3 ttft=326.46ms hit=0.971862 e2e=1982.064ms
[ok] openhands s386 turn5 ttft=1070.899ms hit=0.948454 e2e=1965.177ms
[ok] openhands s3 turn20 ttft=1093.181ms hit=0.99332 e2e=1979.512ms
[ok] openhands s258 turn21 ttft=1062.593ms hit=0.973847 e2e=1956.819ms
[ok] request s150 turn2 ttft=469.453ms hit=0.0 e2e=820.36ms
[ok] request s302 turn0 ttft=641.598ms hit=0.0 e2e=1307.64ms
[ok] openhands s132 turn1 ttft=1620.606ms hit=0.831013 e2e=1986.006ms
[ok] openhands s67 turn18 ttft=771.587ms hit=0.99194 e2e=2017.808ms
[ok] request s243 turn0 ttft=707.076ms hit=0.0 e2e=1952.532ms
[ok] openhands s196 turn5 ttft=1616.935ms hit=0.991414 e2e=2454.923ms
[ok] request s175 turn0 ttft=318.871ms hit=0.0 e2e=1512.03ms
[ok] request s150 turn3 ttft=476.14ms hit=0.0 e2e=1003.275ms
[ok] request s18 turn5 ttft=639.731ms hit=0.495484 e2e=2193.026ms
[ok] openhands s385 turn61 ttft=967.436ms hit=0.995172 e2e=2772.895ms
[ok] request s471 turn1 ttft=642.716ms hit=0.0 e2e=2200.168ms
[ok] request s172 turn1 ttft=634.227ms hit=0.577878 e2e=2191.298ms
[ok] request s523 turn1 ttft=624.728ms hit=0.671916 e2e=2181.498ms
[ok] request s86 turn2 ttft=634.131ms hit=0.272051 e2e=2190.637ms
[ok] request s50 turn0 ttft=249.589ms hit=0.0 e2e=1430.375ms
[ok] request s434 turn1 ttft=242.206ms hit=0.0 e2e=1418.036ms
[ok] request s484 turn1 ttft=624.632ms hit=0.379935 e2e=2181.409ms
[ok] request s465 turn5 ttft=631.211ms hit=0.832746 e2e=2187.701ms
[ok] request s76 turn1 ttft=237.441ms hit=0.0 e2e=1414.591ms
[ok] request s45 turn3 ttft=684.338ms hit=0.0 e2e=2493.518ms
[ok] request s461 turn1 ttft=235.808ms hit=0.0 e2e=1414.071ms
[ok] request s214 turn5 ttft=634.31ms hit=0.903823 e2e=2191.526ms
[ok] request s517 turn5 ttft=740.722ms hit=0.767361 e2e=2186.924ms
[ok] request s475 turn0 ttft=607.388ms hit=0.0 e2e=2417.32ms
[ok] openhands s3 turn21 ttft=576.206ms hit=0.971269 e2e=1239.539ms
[ok] openhands s258 turn22 ttft=584.79ms hit=0.982588 e2e=1253.147ms
[ok] request s167 turn0 ttft=230.038ms hit=0.0 e2e=896.598ms
[ok] openhands s511 turn4 ttft=559.312ms hit=0.968145 e2e=1227.899ms
[ok] openhands s386 turn6 ttft=520.905ms hit=0.906061 e2e=1187.839ms
[ok] request s327 turn0 ttft=558.196ms hit=0.0 e2e=1225.05ms
[ok] request s388 turn0 ttft=132.991ms hit=0.0 e2e=592.064ms
[ok] openhands s132 turn2 ttft=451.81ms hit=0.978485 e2e=910.852ms
[ok] openhands s67 turn19 ttft=444.554ms hit=0.997034 e2e=908.432ms
[ok] request s77 turn0 ttft=236.818ms hit=0.0 e2e=6103.669ms
[ok] openhands s196 turn6 ttft=407.916ms hit=0.996636 e2e=6277.347ms
[ok] request s302 turn1 ttft=294.361ms hit=0.0 e2e=6164.68ms
[ok] request s339 turn0 ttft=1480.707ms hit=0.0 e2e=1831.722ms
[ok] openhands s3 turn22 ttft=6135.447ms hit=0.991581 e2e=6213.194ms
[ok] request s157 turn0 ttft=3287.713ms hit=0.0 e2e=4102.869ms
[ok] openhands s385 turn62 ttft=4559.974ms hit=0.031396 e2e=5374.706ms
[ok] request s298 turn0 ttft=2961.467ms hit=0.0 e2e=3775.911ms
[ok] request s264 turn0 ttft=3617.311ms hit=0.0 e2e=4431.512ms
[ok] request s208 turn0 ttft=4273.62ms hit=0.0 e2e=5087.524ms
[ok] request s101 turn0 ttft=1154.098ms hit=0.0 e2e=1809.358ms
[ok] request s312 turn0 ttft=173.998ms hit=0.0 e2e=825.87ms
[ok] request s204 turn0 ttft=2466.115ms hit=0.0 e2e=3121.331ms
[ok] request s443 turn0 ttft=2635.206ms hit=0.0 e2e=3449.485ms
[ok] request s417 turn0 ttft=540.837ms hit=0.0 e2e=5416.892ms
[ok] request s364 turn0 ttft=3946.635ms hit=0.0 e2e=4760.98ms
[ok] request s496 turn0 ttft=1810.801ms hit=0.0 e2e=2466.378ms
[ok] request s567 turn0 ttft=500.274ms hit=0.0 e2e=1155.579ms
[ok] request s308 turn0 ttft=2139.509ms hit=0.0 e2e=2794.581ms
[ok] request s383 turn0 ttft=828.96ms hit=0.0 e2e=1483.59ms
[ok] request s517 turn6 ttft=884.272ms hit=0.810796 e2e=6007.435ms
[ok] request s471 turn2 ttft=905.394ms hit=0.497087 e2e=6298.546ms
[ok] openhands s132 turn3 ttft=1036.976ms hit=0.978107 e2e=6427.826ms
[ok] openhands s67 turn20 ttft=600.577ms hit=0.961988 e2e=6456.201ms
[ok] request s214 turn6 ttft=618.206ms hit=0.880576 e2e=6011.898ms
[ok] openhands s511 turn5 ttft=746.804ms hit=0.976326 e2e=6445.85ms
[ok] request s167 turn1 ttft=763.78ms hit=0.616867 e2e=5888.739ms
[ok] request s388 turn1 ttft=748.637ms hit=0.0 e2e=5873.49ms
[ok] request s523 turn2 ttft=621.729ms hit=0.555917 e2e=6016.535ms
[ok] request s18 turn6 ttft=627.083ms hit=0.586932 e2e=6021.82ms
[ok] request s76 turn2 ttft=621.254ms hit=0.281938 e2e=6015.946ms
[ok] request s172 turn2 ttft=5366.565ms hit=0.793552 e2e=6019.775ms
[ok] request s545 turn0 ttft=692.749ms hit=0.0 e2e=6086.994ms
[ok] openhands s258 turn23 ttft=1048.031ms hit=0.973983 e2e=6442.266ms
[ok] request s153 turn0 ttft=1021.381ms hit=0.0 e2e=6415.661ms
[ok] openhands s386 turn7 ttft=743.804ms hit=0.957147 e2e=6446.897ms
[ok] openhands s0 turn0 ttft=869.933ms hit=0.229615 e2e=5761.385ms
[ok] request s110 turn0 ttft=912.881ms hit=0.0 e2e=1794.574ms
[ok] openhands s196 turn7 ttft=419.291ms hit=0.99343 e2e=3019.917ms
[ok] request s181 turn0 ttft=299.526ms hit=0.0 e2e=2901.066ms
[ok] request s443 turn1 ttft=802.46ms hit=0.0 e2e=2147.069ms
[ok] request s339 turn1 ttft=824.469ms hit=0.0 e2e=2455.332ms
[ok] request s167 turn2 ttft=1075.387ms hit=0.0 e2e=2135.771ms
[ok] request s523 turn3 ttft=784.456ms hit=0.710453 e2e=2132.966ms
[ok] request s101 turn1 ttft=800.037ms hit=0.0 e2e=2149.798ms
[ok] request s517 turn7 ttft=792.122ms hit=0.831651 e2e=2141.64ms
[ok] openhands s132 turn4 ttft=743.49ms hit=0.981607 e2e=2733.631ms
[ok] request s172 turn3 ttft=1066.252ms hit=0.0 e2e=2127.348ms
[ok] request s388 turn2 ttft=1074.917ms hit=0.0 e2e=2135.795ms
[ok] request s545 turn1 ttft=1065.609ms hit=0.0 e2e=2126.268ms
[ok] request s471 turn3 ttft=790.853ms hit=0.743106 e2e=2139.787ms
[ok] request s526 turn0 ttft=132.79ms hit=0.0 e2e=628.583ms
[ok] request s263 turn0 ttft=880.167ms hit=0.0 e2e=1941.325ms
[ok] openhands s511 turn6 ttft=920.201ms hit=0.848046 e2e=2270.666ms
[ok] openhands s3 turn23 ttft=945.633ms hit=0.986962 e2e=2940.55ms
[ok] openhands s385 turn63 ttft=1081.949ms hit=0.991743 e2e=2716.449ms
[ok] openhands s67 turn21 ttft=935.997ms hit=0.925166 e2e=2728.216ms
[ok] openhands s386 turn8 ttft=854.149ms hit=0.917806 e2e=2646.148ms
[ok] openhands s258 turn24 ttft=701.51ms hit=0.986968 e2e=2695.409ms
[ok] request s18 turn7 ttft=784.957ms hit=0.778116 e2e=2136.421ms
[ok] request s76 turn3 ttft=1069.96ms hit=0.0 e2e=2133.907ms
[ok] request s177 turn0 ttft=457.683ms hit=0.0 e2e=960.233ms
[ok] request s492 turn0 ttft=672.824ms hit=0.0 e2e=1289.167ms
[ok] request s302 turn2 ttft=764.303ms hit=0.372635 e2e=2762.034ms
[ok] request s567 turn1 ttft=794.943ms hit=0.0 e2e=2153.399ms
[ok] openhands s0 turn1 ttft=737.358ms hit=0.899993 e2e=2735.553ms
[ok] request s69 turn0 ttft=963.859ms hit=0.0 e2e=2602.861ms
[ok] request s496 turn1 ttft=796.705ms hit=0.0 e2e=2156.117ms
[ok] openhands s4 turn0 ttft=1001.078ms hit=0.0 e2e=1619.915ms
[ok] request s487 turn0 ttft=928.284ms hit=0.0 e2e=2929.693ms
[ok] request s264 turn1 ttft=804.929ms hit=0.0 e2e=2162.385ms
[ok] request s339 turn2 ttft=4522.565ms hit=0.0 e2e=5575.631ms
[ok] openhands s3 turn24 ttft=813.674ms hit=0.957913 e2e=6340.215ms
[ok] request s526 turn1 ttft=269.359ms hit=0.0 e2e=5795.596ms
[ok] openhands s0 turn2 ttft=838.192ms hit=0.976239 e2e=6367.916ms
[ok] request s443 turn2 ttft=283.039ms hit=0.332036 e2e=5814.378ms
[ok] request s395 turn0 ttft=525.609ms hit=0.0 e2e=6056.73ms
[ok] request s388 turn3 ttft=276.85ms hit=0.583144 e2e=5807.661ms
[ok] openhands s132 turn5 ttft=866.592ms hit=0.901262 e2e=6404.552ms
[ok] openhands s196 turn8 ttft=1220.839ms hit=0.990217 e2e=6760.261ms
[ok] openhands s385 turn64 ttft=865.333ms hit=0.996669 e2e=6396.389ms
[ok] openhands s4 turn1 ttft=833.934ms hit=0.977955 e2e=6372.245ms
[ok] request s567 turn2 ttft=268.327ms hit=0.311057 e2e=5799.492ms
[ok] request s276 turn0 ttft=1175.168ms hit=0.0 e2e=6715.162ms
[ok] request s181 turn1 ttft=633.939ms hit=0.0 e2e=6165.189ms
[ok] request s62 turn0 ttft=831.875ms hit=0.0 e2e=6370.793ms
[ok] openhands s258 turn25 ttft=832.226ms hit=0.973919 e2e=6369.889ms
[ok] openhands s386 turn9 ttft=864.576ms hit=0.922695 e2e=6403.142ms
[ok] request s41 turn0 ttft=2086.262ms hit=0.0 e2e=3120.971ms
[ok] request s61 turn0 ttft=4383.857ms hit=0.0 e2e=5417.297ms
[ok] request s167 turn3 ttft=4518.783ms hit=0.0 e2e=5826.11ms
[ok] openhands s67 turn22 ttft=4502.761ms hit=0.032328 e2e=5809.829ms
[ok] request s545 turn2 ttft=273.475ms hit=0.0 e2e=5821.296ms
[ok] request s220 turn0 ttft=4054.117ms hit=0.0 e2e=5089.691ms
[ok] request s358 turn0 ttft=3400.349ms hit=0.0 e2e=4435.356ms
[ok] request s213 turn0 ttft=4712.56ms hit=0.0 e2e=5747.486ms
[ok] request s471 turn4 ttft=4512.851ms hit=0.0 e2e=5821.575ms
[ok] request s496 turn2 ttft=4505.46ms hit=0.496124 e2e=5814.108ms
[ok] request s221 turn0 ttft=3073.913ms hit=0.0 e2e=4109.17ms
[ok] request s138 turn0 ttft=3730.342ms hit=0.0 e2e=4765.595ms
[ok] request s302 turn3 ttft=4784.961ms hit=0.0 e2e=5820.182ms
[ok] request s543 turn0 ttft=2419.647ms hit=0.0 e2e=3454.586ms
[ok] request s101 turn2 ttft=275.942ms hit=0.0 e2e=5829.57ms
[ok] request s460 turn0 ttft=2747.968ms hit=0.0 e2e=3783.427ms
[ok] request s88 turn0 ttft=1717.186ms hit=0.0 e2e=2145.301ms
[ok] request s205 turn0 ttft=1761.663ms hit=0.0 e2e=2801.084ms
[ok] request s415 turn0 ttft=1389.462ms hit=0.0 e2e=1818.045ms
[ok] request s254 turn0 ttft=1431.186ms hit=0.0 e2e=2474.369ms
[ok] openhands s511 turn7 ttft=1841.348ms hit=0.0 e2e=2286.517ms
[ok] request s339 turn3 ttft=1137.813ms hit=0.625917 e2e=1175.314ms
[ok] openhands s386 turn10 ttft=1090.356ms hit=0.919583 e2e=1532.547ms
[ok] openhands s0 turn3 ttft=1183.573ms hit=0.984401 e2e=1626.89ms
[ok] openhands s4 turn2 ttft=1165.139ms hit=0.985776 e2e=1607.119ms
[ok] openhands s132 turn6 ttft=1170.496ms hit=0.987517 e2e=1611.773ms
[ok] openhands s67 turn23 ttft=1088.447ms hit=0.996531 e2e=1529.662ms
[ok] openhands s258 turn26 ttft=1108.857ms hit=0.986631 e2e=1551.615ms
[ok] openhands s3 turn25 ttft=1187.531ms hit=0.979138 e2e=1625.596ms
[ok] openhands s511 turn8 ttft=1096.584ms hit=0.989596 e2e=1541.293ms
[ok] openhands s385 turn65 ttft=1469.309ms hit=0.988913 e2e=2191.655ms
[ok] request s61 turn1 ttft=880.5ms hit=0.0 e2e=2092.277ms
[ok] openhands s196 turn9 ttft=1385.917ms hit=0.994272 e2e=2661.286ms
[ok] request s388 turn4 ttft=892.183ms hit=0.742459 e2e=2109.621ms
[ok] request s545 turn3 ttft=880.178ms hit=0.332468 e2e=2097.525ms
[ok] request s220 turn1 ttft=878.862ms hit=0.0 e2e=2096.14ms
[ok] request s415 turn1 ttft=873.897ms hit=0.0 e2e=2091.09ms
[ok] request s221 turn1 ttft=939.278ms hit=0.0 e2e=2156.4ms
[ok] request s138 turn1 ttft=1019.657ms hit=0.0 e2e=2236.735ms
[ok] request s101 turn3 ttft=878.744ms hit=0.666667 e2e=2095.835ms
[ok] request s443 turn3 ttft=898.971ms hit=0.674868 e2e=2116.05ms
[ok] request s88 turn1 ttft=877.814ms hit=0.0 e2e=2094.882ms
[ok] request s395 turn1 ttft=898.006ms hit=0.0 e2e=2115.066ms
[ok] openhands s0 turn4 ttft=800.238ms hit=0.90387 e2e=1306.825ms
[ok] openhands s4 turn3 ttft=619.364ms hit=0.696695 e2e=1346.677ms
[ok] openhands s132 turn7 ttft=815.96ms hit=0.987529 e2e=1307.235ms
[ok] openhands s67 turn24 ttft=981.694ms hit=0.99686 e2e=1346.46ms
[ok] openhands s385 turn66 ttft=370.686ms hit=0.997117 e2e=730.749ms
[ok] openhands s386 turn11 ttft=876.158ms hit=0.958258 e2e=1242.721ms
[ok] openhands s3 turn26 ttft=842.89ms hit=0.991022 e2e=1336.003ms
[ok] openhands s511 turn9 ttft=811.653ms hit=0.827784 e2e=1324.631ms
[ok] openhands s196 turn10 ttft=1415.107ms hit=0.994709 e2e=1596.321ms
[ok] openhands s511 turn10 ttft=833.599ms hit=0.964387 e2e=1321.481ms
[ok] openhands s4 turn4 ttft=859.99ms hit=0.971274 e2e=1351.879ms
[ok] openhands s0 turn5 ttft=1096.995ms hit=0.870646 e2e=1283.74ms
[ok] openhands s386 turn12 ttft=839.31ms hit=0.971103 e2e=1331.06ms
[ok] openhands s3 turn27 ttft=1153.307ms hit=0.990094 e2e=1320.152ms
[ok] openhands s132 turn8 ttft=857.554ms hit=0.973333 e2e=1349.753ms
[ok] openhands s67 turn25 ttft=1187.522ms hit=0.983675 e2e=1353.158ms
[ok] request s545 turn4 ttft=807.353ms hit=0.725212 e2e=1823.814ms
[ok] request s220 turn2 ttft=806.88ms hit=0.300469 e2e=1821.723ms
[ok] request s221 turn2 ttft=803.782ms hit=0.0 e2e=1820.365ms
[ok] request s138 turn2 ttft=802.74ms hit=0.0 e2e=1819.088ms
[ok] request s88 turn2 ttft=801.691ms hit=0.622366 e2e=1817.824ms
[ok] openhands s385 turn67 ttft=1062.017ms hit=0.979046 e2e=2087.926ms
[ok] request s388 turn5 ttft=809.711ms hit=0.709469 e2e=1857.834ms
[ok] openhands s67 turn26 ttft=755.263ms hit=0.990114 e2e=1204.964ms
[ok] openhands s511 turn11 ttft=780.678ms hit=0.97535 e2e=1235.434ms
[ok] openhands s3 turn28 ttft=769.967ms hit=0.993731 e2e=1223.434ms
[ok] openhands s386 turn13 ttft=773.342ms hit=0.982133 e2e=1229.245ms
[ok] openhands s0 turn6 ttft=736.356ms hit=0.941124 e2e=1191.106ms
[ok] openhands s4 turn5 ttft=739.713ms hit=0.977929 e2e=1195.786ms
[ok] openhands s196 turn11 ttft=885.126ms hit=0.994899 e2e=1706.643ms
[ok] openhands s385 turn68 ttft=365.971ms hit=0.994618 e2e=1381.878ms
[ok] openhands s511 turn12 ttft=1022.927ms hit=0.980843 e2e=1398.809ms
[ok] request s138 turn3 ttft=758.327ms hit=0.435374 e2e=1258.657ms
[ok] openhands s67 turn27 ttft=873.86ms hit=0.968732 e2e=1373.854ms
[ok] request s388 turn6 ttft=732.575ms hit=0.787692 e2e=1232.333ms
[ok] request s221 turn3 ttft=761.835ms hit=0.471455 e2e=1261.361ms
[ok] openhands s0 turn7 ttft=578.275ms hit=0.909045 e2e=1380.01ms
[ok] openhands s3 turn29 ttft=594.628ms hit=0.993773 e2e=1398.506ms
[ok] request s88 turn3 ttft=758.86ms hit=0.566685 e2e=1258.837ms
[ok] openhands s386 turn14 ttft=584.215ms hit=0.962613 e2e=1386.339ms
[ok] request s220 turn3 ttft=765.047ms hit=0.538192 e2e=1265.147ms
[ok] openhands s4 turn6 ttft=561.122ms hit=0.895276 e2e=1363.343ms
[ok] request s220 turn4 ttft=8551.093ms hit=0.0 e2e=11276.244ms
[ok] openhands s3 turn30 ttft=2993.452ms hit=0.998099 e2e=11859.58ms
[ok] openhands s132 turn9 ttft=2177.932ms hit=0.144211 e2e=2494.077ms
[ok] openhands s511 turn13 ttft=3017.304ms hit=0.985709 e2e=11885.075ms
[ok] openhands s196 turn12 ttft=3296.41ms hit=0.593333 e2e=12163.641ms
[ok] openhands s4 turn7 ttft=4602.066ms hit=0.133637 e2e=11841.145ms
[ok] openhands s67 turn28 ttft=8835.958ms hit=0.030391 e2e=11874.231ms
[ok] request s388 turn7 ttft=8555.18ms hit=0.0 e2e=11287.498ms
[ok] openhands s258 turn27 ttft=10593.801ms hit=0.0 e2e=11233.862ms
[ok] openhands s386 turn15 ttft=3945.494ms hit=0.295923 e2e=11849.877ms
[ok] request s221 turn4 ttft=8553.615ms hit=0.0 e2e=11284.821ms
[ok] openhands s0 turn8 ttft=3655.431ms hit=0.126459 e2e=11882.452ms
[ok] openhands s386 turn16 ttft=825.881ms hit=0.965152 e2e=1141.615ms
[ok] openhands s3 turn31 ttft=896.442ms hit=0.994207 e2e=1214.418ms
[ok] openhands s0 turn9 ttft=890.033ms hit=0.975454 e2e=1148.84ms
[ok] openhands s4 turn8 ttft=884.851ms hit=0.970055 e2e=1202.066ms
[ok] openhands s67 turn29 ttft=937.081ms hit=0.997857 e2e=1235.41ms
[ok] openhands s132 turn10 ttft=451.297ms hit=0.988417 e2e=1040.455ms
[ok] request s221 turn5 ttft=479.526ms hit=0.702011 e2e=1069.349ms
[ok] openhands s196 turn13 ttft=1040.715ms hit=0.996243 e2e=1637.47ms
[ok] openhands s0 turn10 ttft=785.823ms hit=0.844125 e2e=1331.389ms
[ok] openhands s258 turn28 ttft=455.477ms hit=0.965014 e2e=1345.502ms
[ok] openhands s386 turn17 ttft=708.699ms hit=0.935205 e2e=1253.993ms
[ok] openhands s3 turn32 ttft=781.217ms hit=0.994437 e2e=1328.741ms
[ok] openhands s4 turn9 ttft=768.443ms hit=0.984706 e2e=1315.102ms
[ok] openhands s132 turn11 ttft=446.383ms hit=0.980151 e2e=1260.293ms
[ok] openhands s196 turn14 ttft=519.741ms hit=0.990795 e2e=1342.512ms
[ok] request s221 turn6 ttft=144.934ms hit=0.718093 e2e=748.587ms
[ok] openhands s3 turn33 ttft=454.804ms hit=0.993779 e2e=3697.575ms
[ok] openhands s386 turn18 ttft=1149.449ms hit=0.547242 e2e=3609.828ms
[ok] openhands s196 turn15 ttft=2969.271ms hit=0.589247 e2e=3239.677ms
[ok] openhands s4 turn10 ttft=765.954ms hit=0.954428 e2e=3685.179ms
[ok] request s221 turn7 ttft=2374.275ms hit=0.0 e2e=2645.815ms
[ok] openhands s132 turn12 ttft=785.694ms hit=0.969125 e2e=3246.23ms
[ok] openhands s258 turn29 ttft=749.346ms hit=0.95351 e2e=3667.963ms
[ok] openhands s0 turn11 ttft=756.327ms hit=0.986878 e2e=3675.718ms
[ok] openhands s386 turn19 ttft=499.47ms hit=0.963547 e2e=957.539ms
[ok] openhands s4 turn11 ttft=458.614ms hit=0.989576 e2e=916.799ms
[ok] openhands s258 turn30 ttft=453.122ms hit=0.958676 e2e=911.407ms
[ok] openhands s196 turn16 ttft=758.659ms hit=0.994794 e2e=1019.29ms
[ok] openhands s3 turn34 ttft=296.071ms hit=0.996834 e2e=771.707ms
[ok] openhands s386 turn20 ttft=410.196ms hit=0.951437 e2e=928.354ms
[ok] openhands s4 turn12 ttft=604.312ms hit=0.964824 e2e=1122.066ms
[ok] openhands s196 turn17 ttft=623.053ms hit=0.997477 e2e=1158.172ms
[ok] openhands s258 turn31 ttft=386.732ms hit=0.961311 e2e=776.459ms
[ok] openhands s3 turn35 ttft=415.427ms hit=0.998934 e2e=815.056ms
[ok] openhands s386 turn21 ttft=196.026ms hit=0.973384 e2e=769.149ms
[ok] openhands s4 turn13 ttft=467.709ms hit=0.971121 e2e=954.759ms
[ok] openhands s3 turn36 ttft=460.635ms hit=0.996794 e2e=1040.05ms
[ok] openhands s386 turn22 ttft=357.492ms hit=0.940658 e2e=751.356ms
[ok] openhands s258 turn32 ttft=361.838ms hit=0.965043 e2e=744.356ms
[ok] openhands s196 turn18 ttft=644.23ms hit=0.99766 e2e=1157.263ms
[ok] openhands s4 turn14 ttft=966.94ms hit=0.982745 e2e=1118.022ms
[ok] openhands s386 turn23 ttft=450.943ms hit=0.992882 e2e=959.023ms
[ok] openhands s196 turn19 ttft=619.979ms hit=0.992294 e2e=924.068ms
[ok] openhands s3 turn37 ttft=622.27ms hit=0.996419 e2e=1133.037ms
[ok] openhands s258 turn33 ttft=516.719ms hit=0.910872 e2e=953.001ms
[ok] openhands s386 turn24 ttft=463.031ms hit=0.986848 e2e=5607.408ms
[ok] openhands s3 turn38 ttft=5463.639ms hit=0.997656 e2e=5599.92ms
[ok] openhands s4 turn15 ttft=548.236ms hit=0.984418 e2e=5694.506ms
[ok] openhands s258 turn34 ttft=3453.717ms hit=0.044487 e2e=3861.132ms
[ok] openhands s0 turn12 ttft=2014.39ms hit=0.075332 e2e=5410.696ms
[ok] openhands s132 turn13 ttft=1505.112ms hit=0.136408 e2e=4238.777ms
[ok] openhands s196 turn20 ttft=721.77ms hit=0.991702 e2e=5821.817ms
[ok] openhands s0 turn13 ttft=583.204ms hit=0.98092 e2e=4749.147ms
[ok] openhands s196 turn21 ttft=4349.531ms hit=0.596595 e2e=4622.886ms
[ok] openhands s3 turn39 ttft=835.082ms hit=0.979035 e2e=5004.884ms
[ok] openhands s4 turn16 ttft=819.744ms hit=0.981075 e2e=4989.126ms
[ok] openhands s132 turn14 ttft=2326.458ms hit=0.0 e2e=4714.145ms
[ok] openhands s258 turn35 ttft=1626.784ms hit=0.787045 e2e=4742.282ms
[ok] openhands s0 turn14 ttft=820.745ms hit=0.942558 e2e=1027.466ms
[ok] openhands s3 turn40 ttft=757.003ms hit=0.997818 e2e=963.684ms
[ok] openhands s4 turn17 ttft=814.362ms hit=0.984461 e2e=1021.811ms
[ok] openhands s258 turn36 ttft=771.796ms hit=0.994403 e2e=1231.982ms
[ok] openhands s196 turn22 ttft=942.689ms hit=0.995549 e2e=1472.842ms
[ok] openhands s4 turn18 ttft=457.73ms hit=0.988725 e2e=710.537ms
[ok] openhands s3 turn41 ttft=446.969ms hit=0.996586 e2e=798.669ms
[ok] openhands s258 turn37 ttft=326.179ms hit=0.995751 e2e=755.033ms
[ok] openhands s4 turn19 ttft=287.979ms hit=0.978518 e2e=727.598ms
[ok] openhands s3 turn42 ttft=431.493ms hit=0.999106 e2e=896.278ms
[ok] openhands s196 turn23 ttft=475.862ms hit=0.993588 e2e=936.536ms
[ok] openhands s4 turn20 ttft=238.831ms hit=0.942808 e2e=738.018ms
[ok] openhands s132 turn15 ttft=324.345ms hit=0.919457 e2e=828.496ms
[ok] openhands s3 turn43 ttft=477.143ms hit=0.997955 e2e=820.946ms
[ok] openhands s4 turn21 ttft=256.034ms hit=0.938875 e2e=519.402ms
[ok] openhands s196 turn24 ttft=551.767ms hit=0.983471 e2e=819.163ms
[ok] openhands s4 turn22 ttft=461.515ms hit=0.978171 e2e=605.668ms
[ok] openhands s3 turn44 ttft=528.152ms hit=0.999193 e2e=795.001ms
[ok] openhands s196 turn25 ttft=457.051ms hit=0.994438 e2e=873.775ms
[ok] openhands s3 turn45 ttft=586.234ms hit=0.996481 e2e=854.825ms
[ok] openhands s4 turn23 ttft=568.27ms hit=0.977195 e2e=836.487ms
[ok] openhands s196 turn26 ttft=475.749ms hit=0.979061 e2e=952.755ms
[ok] openhands s4 turn24 ttft=491.262ms hit=0.988128 e2e=726.42ms
[ok] openhands s3 turn46 ttft=382.96ms hit=0.996979 e2e=2522.397ms
[ok] openhands s132 turn16 ttft=494.672ms hit=0.933292 e2e=2333.03ms
[ok] openhands s4 turn25 ttft=1785.324ms hit=0.976447 e2e=2277.437ms
[ok] openhands s196 turn27 ttft=1585.037ms hit=0.993529 e2e=2077.196ms
[ok] openhands s0 turn15 ttft=1901.88ms hit=0.069116 e2e=2394.155ms
[ok] openhands s132 turn17 ttft=247.625ms hit=0.975424 e2e=751.072ms
[ok] openhands s3 turn47 ttft=437.57ms hit=0.994061 e2e=947.944ms
[ok] openhands s0 turn16 ttft=482.914ms hit=0.977733 e2e=1252.392ms
[ok] openhands s4 turn26 ttft=1202.339ms hit=0.9844 e2e=1207.333ms
[ok] openhands s196 turn28 ttft=1242.927ms hit=0.998025 e2e=1246.983ms
[ok] openhands s3 turn48 ttft=752.483ms hit=0.993843 e2e=766.158ms
[ok] openhands s4 turn27 ttft=247.523ms hit=0.980542 e2e=611.023ms
[ok] openhands s132 turn18 ttft=981.762ms hit=0.911955 e2e=1346.73ms
[ok] openhands s3 turn49 ttft=358.165ms hit=0.986041 e2e=610.664ms
[ok] openhands s4 turn28 ttft=444.764ms hit=0.977187 e2e=579.676ms
[ok] openhands s3 turn50 ttft=370.434ms hit=0.992679 e2e=680.509ms
[ok] openhands s4 turn29 ttft=221.944ms hit=0.984528 e2e=700.243ms
[ok] openhands s132 turn19 ttft=443.27ms hit=0.930269 e2e=697.169ms
[ok] openhands s3 turn51 ttft=318.75ms hit=0.98284 e2e=680.298ms
[ok] openhands s4 turn30 ttft=234.736ms hit=0.981897 e2e=566.265ms
[ok] openhands s4 turn31 ttft=276.041ms hit=0.98118 e2e=527.196ms
[ok] openhands s132 turn20 ttft=538.66ms hit=0.973322 e2e=795.395ms
[ok] openhands s3 turn52 ttft=443.076ms hit=0.991501 e2e=816.089ms
[ok] openhands s4 turn32 ttft=391.978ms hit=0.978445 e2e=877.668ms
[ok] openhands s3 turn53 ttft=609.254ms hit=0.991951 e2e=856.814ms
[ok] openhands s132 turn21 ttft=608.92ms hit=0.853473 e2e=866.584ms
[ok] openhands s132 turn22 ttft=352.957ms hit=0.943359 e2e=721.28ms
[ok] openhands s4 turn33 ttft=344.378ms hit=0.985297 e2e=712.884ms
[ok] openhands s3 turn54 ttft=462.104ms hit=0.990295 e2e=723.874ms
[ok] openhands s132 turn23 ttft=485.537ms hit=0.9552 e2e=924.086ms
[ok] openhands s3 turn55 ttft=635.497ms hit=0.995345 e2e=898.134ms
[ok] openhands s4 turn34 ttft=529.981ms hit=0.994435 e2e=915.589ms
[ok] openhands s0 turn17 ttft=458.562ms hit=0.983261 e2e=719.397ms
[ok] openhands s132 turn24 ttft=503.963ms hit=0.996256 e2e=881.929ms
[ok] openhands s3 turn56 ttft=601.805ms hit=0.99197 e2e=852.029ms
[ok] openhands s0 turn18 ttft=482.115ms hit=0.958429 e2e=861.251ms
[ok] openhands s4 turn35 ttft=615.363ms hit=0.976967 e2e=874.54ms
[ok] openhands s132 turn25 ttft=497.849ms hit=0.96477 e2e=901.509ms
[ok] openhands s4 turn36 ttft=467.355ms hit=0.983407 e2e=869.953ms
[ok] openhands s3 turn57 ttft=643.17ms hit=0.984758 e2e=893.322ms
[ok] openhands s0 turn19 ttft=597.308ms hit=0.941662 e2e=854.681ms
[ok] openhands s4 turn37 ttft=885.569ms hit=0.981281 e2e=1023.957ms
[ok] openhands s3 turn58 ttft=691.088ms hit=0.976923 e2e=939.663ms
[ok] openhands s0 turn20 ttft=641.614ms hit=0.885339 e2e=1022.388ms
[ok] openhands s132 turn26 ttft=573.302ms hit=0.983108 e2e=830.295ms
[ok] openhands s4 turn38 ttft=539.688ms hit=0.986564 e2e=870.101ms
[ok] openhands s0 turn21 ttft=720.77ms hit=0.991833 e2e=846.912ms
[ok] openhands s132 turn27 ttft=526.16ms hit=0.982394 e2e=857.309ms
[ok] openhands s3 turn59 ttft=544.785ms hit=0.982875 e2e=977.181ms
[ok] openhands s0 turn22 ttft=451.297ms hit=0.948319 e2e=790.743ms
[ok] openhands s4 turn39 ttft=569.285ms hit=0.988264 e2e=709.228ms
[ok] openhands s3 turn60 ttft=343.582ms hit=0.987908 e2e=667.6ms
[ok] openhands s4 turn40 ttft=693.51ms hit=0.986979 e2e=1272.67ms
[ok] openhands s0 turn23 ttft=925.059ms hit=0.811053 e2e=1193.863ms
[ok] openhands s3 turn61 ttft=368.774ms hit=0.971573 e2e=1288.279ms
[ok] openhands s4 turn41 ttft=661.319ms hit=0.996388 e2e=800.117ms
[ok] openhands s0 turn24 ttft=371.883ms hit=0.953993 e2e=801.535ms
[ok] openhands s3 turn62 ttft=492.043ms hit=0.996303 e2e=790.102ms
[ok] openhands s4 turn42 ttft=502.928ms hit=0.960377 e2e=728.854ms
[ok] openhands s0 turn25 ttft=555.84ms hit=0.982916 e2e=740.114ms
[ok] openhands s3 turn63 ttft=501.655ms hit=0.995952 e2e=917.993ms
[ok] openhands s4 turn43 ttft=308.53ms hit=0.990148 e2e=730.108ms
[ok] openhands s0 turn26 ttft=420.898ms hit=0.991962 e2e=730.589ms
[ok] openhands s3 turn64 ttft=351.681ms hit=0.990932 e2e=720.828ms
[ok] openhands s4 turn44 ttft=533.304ms hit=0.971998 e2e=749.208ms
[ok] openhands s0 turn27 ttft=565.97ms hit=0.970202 e2e=751.251ms
[ok] openhands s3 turn65 ttft=347.392ms hit=0.992307 e2e=760.727ms
[ok] openhands s4 turn45 ttft=487.905ms hit=0.982013 e2e=683.008ms
[ok] openhands s0 turn28 ttft=317.974ms hit=0.985771 e2e=774.709ms
[ok] openhands s3 turn66 ttft=448.533ms hit=0.988862 e2e=2732.349ms
[ok] openhands s4 turn46 ttft=2384.621ms hit=0.983777 e2e=2523.946ms
[ok] openhands s0 turn29 ttft=481.865ms hit=0.938275 e2e=2710.195ms
[ok] openhands s132 turn28 ttft=1864.639ms hit=0.064624 e2e=2346.777ms
[ok] openhands s4 turn47 ttft=645.21ms hit=0.981377 e2e=939.142ms
[ok] openhands s3 turn67 ttft=548.598ms hit=0.985756 e2e=984.251ms
[ok] openhands s132 turn29 ttft=541.141ms hit=0.994129 e2e=759.871ms
[ok] openhands s0 turn30 ttft=501.036ms hit=0.963544 e2e=751.559ms
[ok] openhands s4 turn48 ttft=684.181ms hit=0.987065 e2e=861.954ms
[ok] openhands s3 turn68 ttft=713.441ms hit=0.988749 e2e=878.968ms
[ok] openhands s132 turn30 ttft=641.25ms hit=0.981173 e2e=1076.885ms
[ok] openhands s0 turn31 ttft=652.54ms hit=0.987181 e2e=1093.48ms
[ok] openhands s4 turn49 ttft=373.338ms hit=0.992115 e2e=735.616ms
[ok] openhands s3 turn69 ttft=574.618ms hit=0.992626 e2e=1019.428ms
[ok] openhands s132 turn31 ttft=613.075ms hit=0.987584 e2e=868.797ms
[ok] openhands s4 turn50 ttft=296.835ms hit=0.983643 e2e=546.581ms
[ok] openhands s0 turn32 ttft=533.52ms hit=0.96552 e2e=895.544ms
[ok] openhands s4 turn51 ttft=447.979ms hit=0.979031 e2e=818.67ms
[ok] openhands s132 turn32 ttft=662.239ms hit=0.988873 e2e=787.602ms
[ok] openhands s0 turn33 ttft=631.488ms hit=0.966774 e2e=1049.816ms
[ok] openhands s132 turn33 ttft=465.753ms hit=0.995739 e2e=744.2ms
[ok] openhands s4 turn52 ttft=591.38ms hit=0.989219 e2e=732.751ms
[ok] openhands s0 turn34 ttft=349.743ms hit=0.99464 e2e=643.512ms
[ok] openhands s4 turn53 ttft=594.502ms hit=0.988646 e2e=715.447ms
[ok] openhands s0 turn35 ttft=455.289ms hit=0.963398 e2e=720.82ms
[ok] openhands s4 turn54 ttft=392.287ms hit=0.986133 e2e=620.216ms
[ok] openhands s0 turn36 ttft=364.316ms hit=0.988199 e2e=609.606ms
[ok] openhands s4 turn55 ttft=378.069ms hit=0.990196 e2e=697.032ms
[ok] openhands s0 turn37 ttft=437.194ms hit=0.968649 e2e=682.684ms
[ok] openhands s0 turn38 ttft=578.693ms hit=0.993223 e2e=829.376ms
[ok] openhands s4 turn56 ttft=567.895ms hit=0.979366 e2e=814.313ms
[ok] openhands s4 turn57 ttft=520.075ms hit=0.985385 e2e=872.869ms
[ok] openhands s0 turn39 ttft=751.903ms hit=0.961055 e2e=999.767ms
[ok] openhands s4 turn58 ttft=398.443ms hit=0.986944 e2e=631.47ms
[ok] openhands s0 turn40 ttft=385.916ms hit=0.988369 e2e=634.229ms
[ok] openhands s4 turn59 ttft=506.354ms hit=0.989001 e2e=674.526ms
[ok] openhands s0 turn41 ttft=385.393ms hit=0.98736 e2e=749.007ms
[ok] openhands s4 turn60 ttft=277.382ms hit=0.988938 e2e=605.941ms
[ok] openhands s0 turn42 ttft=634.84ms hit=0.982472 e2e=772.248ms
[ok] openhands s4 turn61 ttft=278.15ms hit=0.992883 e2e=523.112ms
[ok] openhands s4 turn62 ttft=441.787ms hit=0.989272 e2e=688.265ms
[ok] openhands s0 turn43 ttft=556.128ms hit=0.9764 e2e=809.105ms
[ok] openhands s4 turn63 ttft=406.513ms hit=0.991169 e2e=791.202ms
[ok] openhands s0 turn44 ttft=653.254ms hit=0.963214 e2e=935.874ms
[ok] openhands s4 turn64 ttft=427.806ms hit=0.992852 e2e=640.685ms
[ok] openhands s0 turn45 ttft=408.439ms hit=0.988521 e2e=771.322ms
[ok] openhands s4 turn65 ttft=276.403ms hit=0.992098 e2e=569.307ms
[ok] openhands s0 turn46 ttft=489.055ms hit=0.973748 e2e=848.559ms
[ok] openhands s4 turn66 ttft=327.699ms hit=0.986162 e2e=585.926ms
[ok] openhands s0 turn47 ttft=415.323ms hit=0.988259 e2e=775.334ms
[ok] openhands s4 turn67 ttft=356.172ms hit=0.981331 e2e=616.102ms
[ok] openhands s4 turn68 ttft=576.531ms hit=0.993974 e2e=821.923ms
[ok] openhands s0 turn48 ttft=603.456ms hit=0.978282 e2e=857.253ms
[ok] openhands s4 turn69 ttft=440.958ms hit=0.984936 e2e=663.845ms
[ok] openhands s0 turn49 ttft=548.491ms hit=0.992207 e2e=799.106ms
[ok] openhands s4 turn70 ttft=281.765ms hit=0.990276 e2e=556.782ms
[ok] openhands s0 turn50 ttft=542.491ms hit=0.989242 e2e=783.283ms
[ok] openhands s4 turn71 ttft=289.353ms hit=0.991649 e2e=705.636ms
[ok] openhands s0 turn51 ttft=468.243ms hit=0.997244 e2e=799.328ms
[ok] openhands s4 turn72 ttft=294.755ms hit=0.991388 e2e=809.885ms
[ok] openhands s0 turn52 ttft=525.25ms hit=0.974781 e2e=888.782ms
[ok] openhands s4 turn73 ttft=346.531ms hit=0.988851 e2e=588.92ms
[ok] openhands s4 turn74 ttft=444.636ms hit=0.994679 e2e=694.094ms
[ok] openhands s0 turn53 ttft=629.727ms hit=0.984485 e2e=888.956ms
[ok] openhands s4 turn75 ttft=471.689ms hit=0.993768 e2e=649.012ms
[ok] openhands s0 turn54 ttft=440.032ms hit=0.996039 e2e=914.028ms
[ok] openhands s4 turn76 ttft=409.012ms hit=0.928603 e2e=654.162ms
[ok] openhands s4 turn77 ttft=300.925ms hit=0.995434 e2e=545.044ms
[ok] openhands s4 turn78 ttft=296.081ms hit=0.992534 e2e=541.881ms
[ok] openhands s4 turn79 ttft=299.239ms hit=0.989722 e2e=543.353ms
[ok] openhands s4 turn80 ttft=299.767ms hit=0.991934 e2e=545.71ms
[ok] openhands s4 turn81 ttft=304.513ms hit=0.994699 e2e=548.986ms
[ok] openhands s4 turn82 ttft=301.853ms hit=0.995125 e2e=545.341ms
[ok] openhands s4 turn83 ttft=308.268ms hit=0.994881 e2e=551.829ms
[ok] openhands s4 turn84 ttft=307.127ms hit=0.99311 e2e=551.228ms
[ok] openhands s4 turn85 ttft=306.633ms hit=0.994259 e2e=550.53ms
[ok] openhands s4 turn86 ttft=305.209ms hit=0.990374 e2e=548.854ms
[ok] openhands s4 turn87 ttft=317.51ms hit=0.992793 e2e=563.086ms
[ok] openhands s4 turn88 ttft=319.879ms hit=0.986565 e2e=566.584ms
[ok] openhands s4 turn89 ttft=317.978ms hit=0.992949 e2e=563.145ms
[ok] openhands s4 turn90 ttft=314.044ms hit=0.992114 e2e=559.499ms
[ok] openhands s4 turn91 ttft=316.969ms hit=0.989793 e2e=562.361ms
[ok] openhands s4 turn92 ttft=320.327ms hit=0.989143 e2e=565.611ms
[ok] openhands s4 turn93 ttft=322.457ms hit=0.995847 e2e=567.855ms
[ok] openhands s4 turn94 ttft=321.682ms hit=0.994269 e2e=566.956ms
[ok] openhands s4 turn95 ttft=324.401ms hit=0.991689 e2e=569.888ms
[ok] openhands s4 turn96 ttft=323.352ms hit=0.997331 e2e=568.586ms
[ok] openhands s4 turn97 ttft=322.836ms hit=0.991479 e2e=568.48ms
[ok] openhands s4 turn98 ttft=337.863ms hit=0.991386 e2e=583.624ms
[ok] openhands s4 turn99 ttft=331.193ms hit=0.990189 e2e=576.908ms
[ok] openhands s4 turn100 ttft=327.065ms hit=0.991566 e2e=573.794ms
[ok] openhands s4 turn101 ttft=333.553ms hit=0.99258 e2e=579.376ms
[ok] openhands s4 turn102 ttft=332.737ms hit=0.995805 e2e=579.215ms
[ok] openhands s4 turn103 ttft=338.901ms hit=0.991674 e2e=584.835ms
[ok] openhands s4 turn104 ttft=339.118ms hit=0.986734 e2e=585.757ms
[ok] openhands s4 turn105 ttft=334.269ms hit=0.9899 e2e=580.693ms
[ok] openhands s4 turn106 ttft=336.64ms hit=0.990515 e2e=582.331ms
[ok] openhands s4 turn107 ttft=352.599ms hit=0.995615 e2e=598.347ms
[ok] openhands s4 turn108 ttft=337.467ms hit=0.997096 e2e=583.899ms
[ok] openhands s4 turn109 ttft=339.478ms hit=0.992975 e2e=585.742ms
[ok] openhands s4 turn110 ttft=338.644ms hit=0.997195 e2e=584.821ms
[ok] openhands s4 turn111 ttft=339.887ms hit=0.994208 e2e=586.226ms
[ok] openhands s4 turn112 ttft=338.267ms hit=0.994135 e2e=584.344ms
[done] issued=1970 ok=1970 err=0 wall=413.1s
[done] /share/dai-sys/zhoulongsheng/agentkv/experiments/evict_position/online_runs/20260913_103350_formal_rep2/lru/replay/replay.jsonl
[done] /share/dai-sys/zhoulongsheng/agentkv/experiments/evict_position/online_runs/20260913_103350_formal_rep2/lru/replay/summary.json
[done] /share/dai-sys/zhoulongsheng/agentkv/experiments/evict_position/online_runs/20260913_103350_formal_rep2/lru/replay/report.md
