[warn] no manifest.json, skip hash check
[index] 572 sessions / 1970 turns from /share/dai-sys/zhoulongsheng/agentkv/experiments/evict_position/workload/workload.jsonl
[arrival] {"type": "waves", "horizon_s": 300.0, "n_waves": 9, "wave_width_s": 20.0, "wave_start_s": [0.0, 37.5, 75.0, 112.5, 150.0, 187.5, 225.0, 262.5, 280.0], "wave_class_counts": [{"openhands": 4, "request": 60}, {"openhands": 4, "request": 60}, {"openhands": 4, "request": 60}, {"openhands": 4, "request": 60}, {"openhands": 4, "request": 60}, {"openhands": 4, "request": 60}, {"openhands": 3, "request": 60}, {"openhands": 3, "request": 60}, {"openhands": 3, "request": 59}], "arrival_seed": 42, "classes": ["openhands", "request"]}
[ok] request s309 turn0 ttft=1529.617ms hit=0.0 e2e=7576.828ms
[ok] request s362 turn0 ttft=1212.096ms hit=0.0 e2e=7614.546ms
[ok] request s113 turn0 ttft=2166.204ms hit=0.0 e2e=8569.857ms
[ok] request s507 turn0 ttft=1848.404ms hit=0.0 e2e=8252.823ms
[ok] request s281 turn0 ttft=1696.488ms hit=0.0 e2e=10474.37ms
[ok] request s547 turn0 ttft=2332.255ms hit=0.0 e2e=11109.525ms
[ok] request s144 turn0 ttft=2916.931ms hit=0.0 e2e=11693.829ms
[ok] request s100 turn0 ttft=1063.641ms hit=0.0 e2e=9840.272ms
[ok] openhands s448 turn0 ttft=3601.191ms hit=0.0 e2e=12382.718ms
[ok] request s143 turn0 ttft=1382.126ms hit=0.0 e2e=10163.461ms
[ok] request s206 turn0 ttft=2652.655ms hit=0.0 e2e=11433.716ms
[ok] request s124 turn0 ttft=748.643ms hit=0.0 e2e=9529.433ms
[ok] openhands s195 turn0 ttft=1128.139ms hit=0.224097 e2e=7307.317ms
[ok] request s400 turn0 ttft=2018.572ms hit=0.0 e2e=10799.444ms
[ok] request s565 turn0 ttft=2345.874ms hit=0.0 e2e=9213.377ms
[ok] request s9 turn0 ttft=2202.563ms hit=0.0 e2e=8895.718ms
[ok] request s191 turn0 ttft=2921.635ms hit=0.0 e2e=11702.797ms
[ok] openhands s512 turn0 ttft=1597.192ms hit=0.225208 e2e=2239.519ms
[ok] request s80 turn0 ttft=4480.899ms hit=0.0 e2e=5414.291ms
[ok] request s180 turn0 ttft=3212.145ms hit=0.0 e2e=4144.274ms
[ok] request s495 turn0 ttft=4167.985ms hit=0.0 e2e=5097.269ms
[ok] request s223 turn0 ttft=3848.553ms hit=0.0 e2e=4780.849ms
[ok] request s44 turn0 ttft=5118.713ms hit=0.0 e2e=6050.868ms
[ok] request s158 turn0 ttft=1898.942ms hit=0.0 e2e=2558.714ms
[ok] request s397 turn0 ttft=2532.736ms hit=0.0 e2e=3194.037ms
[ok] request s182 turn0 ttft=4801.316ms hit=0.0 e2e=5734.241ms
[ok] request s288 turn0 ttft=2897.604ms hit=0.0 e2e=3830.412ms
[ok] request s401 turn0 ttft=810.53ms hit=0.0 e2e=7005.38ms
[ok] request s521 turn0 ttft=5251.046ms hit=0.0 e2e=6370.821ms
[ok] request s160 turn0 ttft=2216.253ms hit=0.0 e2e=2879.297ms
[ok] request s233 turn0 ttft=2580.319ms hit=0.0 e2e=3514.552ms
[ok] request s522 turn0 ttft=3241.421ms hit=0.0 e2e=6690.156ms
[ok] request s228 turn0 ttft=3533.872ms hit=0.0 e2e=4468.108ms
[ok] request s326 turn0 ttft=645.114ms hit=0.0 e2e=1294.114ms
[ok] request s222 turn0 ttft=328.56ms hit=0.0 e2e=977.592ms
[ok] request s30 turn0 ttft=963.005ms hit=0.0 e2e=1612.107ms
[ok] request s340 turn0 ttft=1281.402ms hit=0.0 e2e=1930.594ms
[ok] request s54 turn0 ttft=140.757ms hit=0.0 e2e=661.67ms
[ok] request s75 turn0 ttft=146.297ms hit=0.0 e2e=7856.108ms
[ok] request s557 turn0 ttft=2102.656ms hit=0.0 e2e=7603.84ms
[ok] request s521 turn1 ttft=1882.951ms hit=0.268625 e2e=7297.126ms
[ok] request s80 turn1 ttft=1889.432ms hit=0.0 e2e=7305.576ms
[ok] request s223 turn1 ttft=1887.256ms hit=0.0 e2e=7303.11ms
[ok] request s362 turn1 ttft=1911.856ms hit=0.450308 e2e=7327.356ms
[ok] request s309 turn1 ttft=2266.478ms hit=0.0 e2e=7681.719ms
[ok] openhands s195 turn1 ttft=2237.125ms hit=0.988028 e2e=7893.04ms
[ok] request s547 turn1 ttft=1908.529ms hit=0.0 e2e=7328.307ms
[ok] request s113 turn1 ttft=1910.446ms hit=0.0 e2e=7330.066ms
[ok] openhands s512 turn1 ttft=2217.275ms hit=0.948954 e2e=7878.101ms
[ok] request s144 turn1 ttft=1908.207ms hit=0.0 e2e=7327.91ms
[ok] request s522 turn1 ttft=1884.157ms hit=0.0 e2e=7303.663ms
[ok] request s340 turn1 ttft=1883.352ms hit=0.0 e2e=7302.221ms
[ok] request s501 turn0 ttft=2195.065ms hit=0.0 e2e=7613.551ms
[ok] request s400 turn1 ttft=1906.493ms hit=0.0 e2e=7324.797ms
[ok] request s565 turn1 ttft=1905.416ms hit=0.0 e2e=7323.617ms
[ok] openhands s448 turn1 ttft=2241.313ms hit=0.954386 e2e=7903.866ms
[ok] request s180 turn1 ttft=1897.415ms hit=0.0 e2e=7322.379ms
[ok] request s329 turn0 ttft=612.58ms hit=0.0 e2e=6037.462ms
[ok] request s491 turn0 ttft=1566.978ms hit=0.0 e2e=6989.789ms
[ok] request s360 turn0 ttft=1247.35ms hit=0.0 e2e=6672.561ms
[ok] request s160 turn1 ttft=1893.058ms hit=0.0 e2e=7318.22ms
[ok] request s247 turn0 ttft=1883.305ms hit=0.0 e2e=7308.419ms
[ok] request s418 turn0 ttft=296.807ms hit=0.0 e2e=5721.875ms
[ok] request s54 turn1 ttft=1881.253ms hit=0.0 e2e=7314.524ms
[ok] request s44 turn1 ttft=1892.236ms hit=0.0 e2e=7323.31ms
[ok] request s135 turn0 ttft=933.16ms hit=0.0 e2e=6358.685ms
[ok] request s37 turn0 ttft=3482.718ms hit=0.0 e2e=4279.422ms
[ok] request s91 turn0 ttft=647.934ms hit=0.0 e2e=1424.801ms
[ok] request s455 turn0 ttft=3801.048ms hit=0.0 e2e=4599.743ms
[ok] request s493 turn0 ttft=2215.011ms hit=0.0 e2e=3013.671ms
[ok] openhands s449 turn0 ttft=4437.276ms hit=0.224884 e2e=5241.071ms
[ok] request s550 turn0 ttft=2533.443ms hit=0.0 e2e=3337.29ms
[ok] request s178 turn0 ttft=1597.574ms hit=0.0 e2e=2384.839ms
[ok] request s252 turn0 ttft=1281.016ms hit=0.0 e2e=2068.274ms
[ok] request s186 turn0 ttft=4121.228ms hit=0.0 e2e=4926.29ms
[ok] request s318 turn0 ttft=2851.518ms hit=0.0 e2e=3656.642ms
[ok] request s354 turn0 ttft=964.533ms hit=0.0 e2e=1753.049ms
[ok] request s474 turn0 ttft=2570.686ms hit=0.0 e2e=5563.282ms
[ok] request s173 turn0 ttft=1915.533ms hit=0.0 e2e=2704.788ms
[ok] request s89 turn0 ttft=330.362ms hit=0.0 e2e=1119.768ms
[ok] request s29 turn0 ttft=3169.779ms hit=0.0 e2e=3977.554ms
[ok] request s413 turn0 ttft=150.196ms hit=0.0 e2e=803.834ms
[ok] request s102 turn0 ttft=149.715ms hit=0.0 e2e=3187.057ms
[ok] request s354 turn1 ttft=2002.582ms hit=0.469509 e2e=2164.933ms
[ok] request s247 turn1 ttft=2155.252ms hit=0.0 e2e=2533.065ms
[ok] request s309 turn2 ttft=2075.778ms hit=0.0 e2e=2557.566ms
[ok] request s180 turn2 ttft=2060.807ms hit=0.358042 e2e=2542.443ms
[ok] request s521 turn2 ttft=2083.049ms hit=0.507937 e2e=2564.636ms
[ok] request s455 turn1 ttft=2292.778ms hit=0.0 e2e=2774.329ms
[ok] openhands s448 turn2 ttft=2227.457ms hit=0.905137 e2e=3138.556ms
[ok] request s362 turn2 ttft=2079.847ms hit=0.288045 e2e=2566.989ms
[ok] openhands s195 turn2 ttft=333.59ms hit=0.944934 e2e=3147.717ms
[ok] request s223 turn2 ttft=2082.254ms hit=0.52459 e2e=2569.964ms
[ok] openhands s449 turn1 ttft=2237.123ms hit=0.923146 e2e=2988.808ms
[ok] request s547 turn2 ttft=2076.968ms hit=0.596737 e2e=2565.35ms
[ok] request s501 turn1 ttft=2173.037ms hit=0.0 e2e=2559.529ms
[ok] request s29 turn1 ttft=2161.729ms hit=0.0 e2e=2650.742ms
[ok] request s113 turn2 ttft=2075.024ms hit=0.422442 e2e=2564.079ms
[ok] request s340 turn2 ttft=2073.774ms hit=0.0 e2e=2562.917ms
[ok] openhands s512 turn2 ttft=2224.781ms hit=0.974496 e2e=3140.917ms
[ok] request s252 turn1 ttft=2001.29ms hit=0.0 e2e=2399.949ms
[ok] request s178 turn1 ttft=2004.207ms hit=0.0 e2e=2402.026ms
[ok] request s173 turn1 ttft=2000.121ms hit=0.0 e2e=2398.094ms
[ok] request s400 turn2 ttft=2169.664ms hit=0.0 e2e=2567.299ms
[ok] request s550 turn1 ttft=2007.644ms hit=0.286353 e2e=2405.437ms
[ok] request s491 turn1 ttft=2160.9ms hit=0.0 e2e=2558.904ms
[ok] request s44 turn2 ttft=2157.47ms hit=0.348774 e2e=2555.689ms
[ok] request s329 turn1 ttft=2163.797ms hit=0.0 e2e=2561.732ms
[ok] request s413 turn1 ttft=2002.441ms hit=0.0 e2e=2400.622ms
[ok] request s491 turn2 ttft=1930.454ms hit=0.350205 e2e=2287.616ms
[ok] request s400 turn3 ttft=1929.432ms hit=0.392037 e2e=2289.919ms
[ok] request s309 turn3 ttft=1885.193ms hit=0.51927 e2e=2316.515ms
[ok] request s354 turn2 ttft=2102.476ms hit=0.914286 e2e=2533.377ms
[ok] openhands s195 turn3 ttft=2460.476ms hit=0.971935 e2e=2891.087ms
[ok] request s223 turn3 ttft=1877.42ms hit=0.320401 e2e=2312.256ms
[ok] openhands s448 turn3 ttft=2180.117ms hit=0.968874 e2e=2900.08ms
[ok] request s521 turn3 ttft=1882.921ms hit=0.587965 e2e=2317.881ms
[ok] openhands s449 turn2 ttft=2458.527ms hit=0.983306 e2e=2893.315ms
[ok] request s455 turn2 ttft=1950.057ms hit=0.0 e2e=2316.335ms
[ok] request s113 turn3 ttft=1871.753ms hit=0.485999 e2e=2306.665ms
[ok] request s247 turn2 ttft=1891.373ms hit=0.0 e2e=2326.128ms
[ok] request s178 turn2 ttft=1867.38ms hit=0.0 e2e=2301.983ms
[ok] request s413 turn2 ttft=1924.872ms hit=0.328838 e2e=2289.966ms
[ok] openhands s512 turn3 ttft=2457.197ms hit=0.940024 e2e=2891.999ms
[ok] request s547 turn3 ttft=1944.066ms hit=0.740741 e2e=2315.329ms
[ok] request s340 turn3 ttft=1938.512ms hit=0.0 e2e=2309.202ms
[ok] request s173 turn2 ttft=1933.208ms hit=0.466586 e2e=2303.796ms
[ok] request s501 turn2 ttft=1944.018ms hit=0.0 e2e=2314.554ms
[ok] request s44 turn3 ttft=1929.833ms hit=0.363121 e2e=2299.263ms
[ok] request s180 turn3 ttft=1953.155ms hit=0.593968 e2e=2341.392ms
[ok] request s44 turn4 ttft=2178.037ms hit=0.0 e2e=2504.457ms
[ok] request s521 turn4 ttft=2168.531ms hit=0.745541 e2e=2517.258ms
[ok] request s491 turn3 ttft=2176.151ms hit=0.473198 e2e=2524.434ms
[ok] openhands s449 turn3 ttft=634.119ms hit=0.928636 e2e=3103.352ms
[ok] request s173 turn3 ttft=2160.871ms hit=0.659227 e2e=2513.632ms
[ok] openhands s195 turn4 ttft=361.003ms hit=0.977171 e2e=3117.167ms
[ok] request s247 turn3 ttft=2167.538ms hit=0.395062 e2e=2520.438ms
[ok] openhands s512 turn4 ttft=2466.297ms hit=0.910372 e2e=2999.997ms
[ok] request s309 turn4 ttft=2175.496ms hit=0.609524 e2e=2532.668ms
[ok] request s354 turn3 ttft=2173.743ms hit=0.823813 e2e=2530.819ms
[ok] request s178 turn3 ttft=2167.548ms hit=0.776935 e2e=2524.307ms
[ok] request s501 turn3 ttft=2179.209ms hit=0.0 e2e=2518.494ms
[ok] openhands s448 turn4 ttft=639.731ms hit=0.71081 e2e=3120.156ms
[ok] request s413 turn3 ttft=2184.737ms hit=0.619605 e2e=2540.654ms
[ok] request s247 turn4 ttft=661.392ms hit=0.0 e2e=1233.67ms
[ok] request s44 turn5 ttft=667.474ms hit=0.0 e2e=1243.181ms
[ok] openhands s195 turn5 ttft=951.054ms hit=0.984973 e2e=1824.787ms
[ok] request s178 turn4 ttft=920.35ms hit=0.0 e2e=1231.007ms
[ok] openhands s449 turn4 ttft=959.593ms hit=0.485852 e2e=1835.746ms
[ok] request s501 turn4 ttft=653.12ms hit=0.0 e2e=1232.578ms
[ok] openhands s512 turn5 ttft=941.672ms hit=0.984102 e2e=1819.072ms
[ok] request s354 turn4 ttft=921.783ms hit=0.0 e2e=1237.657ms
[ok] request s173 turn4 ttft=663.005ms hit=0.0 e2e=1242.934ms
[ok] request s521 turn5 ttft=936.551ms hit=0.0 e2e=1246.096ms
[ok] openhands s448 turn5 ttft=948.723ms hit=0.98594 e2e=1826.468ms
[ok] openhands s449 turn5 ttft=468.525ms hit=0.992861 e2e=846.948ms
[ok] openhands s512 turn6 ttft=345.905ms hit=0.842951 e2e=859.73ms
[ok] openhands s448 turn6 ttft=463.74ms hit=0.910608 e2e=854.876ms
[ok] openhands s195 turn6 ttft=200.431ms hit=0.842367 e2e=722.426ms
[ok] openhands s512 turn7 ttft=281.62ms hit=0.942959 e2e=526.119ms
[ok] openhands s449 turn6 ttft=364.606ms hit=0.927715 e2e=630.149ms
[ok] openhands s448 turn7 ttft=379.689ms hit=0.934232 e2e=625.196ms
[ok] openhands s512 turn8 ttft=2273.343ms hit=0.977351 e2e=2594.075ms
[ok] openhands s448 turn8 ttft=2343.029ms hit=0.949404 e2e=2588.957ms
[ok] openhands s449 turn7 ttft=2336.294ms hit=0.916477 e2e=2582.899ms
[ok] request s98 turn0 ttft=1155.04ms hit=0.0 e2e=1203.822ms
[ok] request s82 turn0 ttft=2743.61ms hit=0.0 e2e=2851.9ms
[ok] request s198 turn0 ttft=1468.854ms hit=0.0 e2e=1913.897ms
[ok] request s505 turn0 ttft=1791.581ms hit=0.0 e2e=2231.205ms
[ok] request s377 turn0 ttft=2422.408ms hit=0.0 e2e=2869.875ms
[ok] request s26 turn0 ttft=2105.666ms hit=0.0 e2e=2552.695ms
[ok] openhands s449 turn8 ttft=2341.97ms hit=0.978996 e2e=6179.072ms
[ok] request s387 turn0 ttft=836.794ms hit=0.0 e2e=1283.676ms
[ok] openhands s512 turn9 ttft=2178.992ms hit=0.97225 e2e=6191.96ms
[ok] request s330 turn0 ttft=205.31ms hit=0.0 e2e=649.651ms
[ok] openhands s66 turn0 ttft=3432.389ms hit=0.0 e2e=4140.472ms
[ok] request s96 turn0 ttft=520.157ms hit=0.0 e2e=967.375ms
[ok] request s104 turn0 ttft=3060.191ms hit=0.0 e2e=3506.587ms
[ok] request s555 turn0 ttft=3248.572ms hit=0.0 e2e=3825.162ms
[ok] openhands s195 turn7 ttft=3353.103ms hit=0.795423 e2e=3929.313ms
[ok] openhands s448 turn9 ttft=2349.006ms hit=0.970196 e2e=6188.912ms
[ok] request s108 turn0 ttft=140.164ms hit=0.0 e2e=1222.346ms
[ok] openhands s448 turn10 ttft=505.472ms hit=0.970425 e2e=1828.685ms
[ok] openhands s195 turn8 ttft=364.362ms hit=0.985191 e2e=1837.457ms
[ok] openhands s449 turn9 ttft=476.978ms hit=0.989757 e2e=1787.369ms
[ok] request s256 turn0 ttft=351.025ms hit=0.0 e2e=1857.156ms
[ok] request s562 turn0 ttft=227.712ms hit=0.0 e2e=1540.004ms
[ok] openhands s512 turn10 ttft=395.992ms hit=0.936882 e2e=1707.748ms
[ok] openhands s66 turn1 ttft=499.322ms hit=0.963311 e2e=1827.113ms
[ok] request s387 turn1 ttft=265.656ms hit=0.0 e2e=1573.497ms
[ok] request s509 turn0 ttft=249.564ms hit=0.0 e2e=1559.58ms
[ok] request s377 turn1 ttft=261.317ms hit=0.0 e2e=1580.587ms
[ok] request s198 turn1 ttft=265.458ms hit=0.0 e2e=1585.48ms
[ok] request s26 turn1 ttft=269.158ms hit=0.0 e2e=1579.305ms
[ok] request s203 turn0 ttft=2259.898ms hit=0.0 e2e=2416.255ms
[ok] request s357 turn0 ttft=504.473ms hit=0.0 e2e=3109.305ms
[ok] request s311 turn0 ttft=191.063ms hit=0.0 e2e=2791.763ms
[ok] openhands s260 turn0 ttft=707.175ms hit=0.0 e2e=3427.574ms
[ok] request s564 turn0 ttft=1301.396ms hit=0.0 e2e=2504.963ms
[ok] request s450 turn0 ttft=1619.591ms hit=0.0 e2e=2824.275ms
[ok] request s199 turn0 ttft=350.323ms hit=0.0 e2e=1554.705ms
[ok] request s256 turn1 ttft=1702.806ms hit=0.0 e2e=2906.852ms
[ok] request s562 turn1 ttft=1702.048ms hit=0.439108 e2e=2911.425ms
[ok] request s534 turn0 ttft=149.151ms hit=0.0 e2e=1243.871ms
[ok] openhands s66 turn2 ttft=2288.158ms hit=0.971274 e2e=3497.464ms
[ok] openhands s448 turn11 ttft=2182.948ms hit=0.972536 e2e=3512.472ms
[ok] request s349 turn0 ttft=670.07ms hit=0.0 e2e=1879.36ms
[ok] openhands s512 turn11 ttft=2286.578ms hit=0.914804 e2e=3495.583ms
[ok] request s551 turn0 ttft=988.855ms hit=0.0 e2e=2197.613ms
[ok] request s485 turn0 ttft=1941.545ms hit=0.0 e2e=3150.045ms
[ok] openhands s449 turn10 ttft=2233.177ms hit=0.990003 e2e=3441.425ms
[ok] openhands s195 turn9 ttft=2299.326ms hit=0.984426 e2e=3506.85ms
[ok] request s25 turn0 ttft=153.474ms hit=0.0 e2e=7233.985ms
[ok] request s544 turn0 ttft=467.159ms hit=0.0 e2e=7549.53ms
[ok] openhands s260 turn1 ttft=411.973ms hit=0.715043 e2e=7613.78ms
[ok] request s161 turn0 ttft=213.067ms hit=0.0 e2e=7262.832ms
[ok] request s311 turn1 ttft=283.728ms hit=0.0 e2e=7361.81ms
[ok] request s551 turn1 ttft=430.805ms hit=0.0 e2e=6959.023ms
[ok] request s36 turn0 ttft=3740.133ms hit=0.0 e2e=5632.844ms
[ok] request s562 turn2 ttft=432.83ms hit=0.590883 e2e=6963.633ms
[ok] request s472 turn0 ttft=4372.829ms hit=0.0 e2e=6268.758ms
[ok] request s426 turn0 ttft=515.768ms hit=0.0 e2e=7221.396ms
[ok] request s199 turn1 ttft=436.4ms hit=0.0 e2e=6968.928ms
[ok] request s479 turn0 ttft=4057.384ms hit=0.0 e2e=5951.78ms
[ok] openhands s512 turn12 ttft=798.444ms hit=0.93827 e2e=7541.109ms
[ok] request s53 turn0 ttft=3420.405ms hit=0.0 e2e=5321.616ms
[ok] openhands s66 turn3 ttft=373.85ms hit=0.95794 e2e=7567.641ms
[ok] request s266 turn0 ttft=4690.414ms hit=0.0 e2e=6591.687ms
[ok] request s19 turn0 ttft=791.684ms hit=0.0 e2e=7535.013ms
[ok] openhands s194 turn0 ttft=5009.28ms hit=0.0 e2e=6910.513ms
[ok] openhands s448 turn12 ttft=852.267ms hit=0.9766 e2e=7565.583ms
[ok] openhands s195 turn10 ttft=804.958ms hit=0.832771 e2e=7550.335ms
[ok] openhands s449 turn11 ttft=475.838ms hit=0.986792 e2e=7557.596ms
[ok] request s488 turn0 ttft=2130.79ms hit=0.0 e2e=3744.208ms
[ok] request s515 turn0 ttft=861.005ms hit=0.0 e2e=2474.244ms
[ok] request s10 turn0 ttft=170.652ms hit=0.0 e2e=1205.42ms
[ok] request s442 turn0 ttft=2591.962ms hit=0.0 e2e=4379.732ms
[ok] request s39 turn0 ttft=2909.568ms hit=0.0 e2e=4698.281ms
[ok] openhands s513 turn0 ttft=682.001ms hit=0.0 e2e=1841.313ms
[ok] request s374 turn0 ttft=3228.362ms hit=0.0 e2e=5016.289ms
[ok] request s5 turn0 ttft=1179.859ms hit=0.0 e2e=2795.001ms
[ok] request s73 turn0 ttft=1815.081ms hit=0.0 e2e=3430.14ms
[ok] request s351 turn0 ttft=482.447ms hit=0.0 e2e=1526.305ms
[ok] request s284 turn0 ttft=2274.465ms hit=0.0 e2e=4064.657ms
[ok] request s394 turn0 ttft=545.273ms hit=0.0 e2e=2161.184ms
[ok] request s34 turn0 ttft=1498.699ms hit=0.0 e2e=3114.576ms
[ok] request s328 turn0 ttft=243.982ms hit=0.0 e2e=1451.452ms
[ok] openhands s260 turn2 ttft=322.659ms hit=0.986233 e2e=1532.404ms
[ok] request s412 turn0 ttft=139.604ms hit=0.0 e2e=3833.705ms
[ok] request s235 turn0 ttft=173.064ms hit=0.0 e2e=3623.891ms
[ok] request s544 turn1 ttft=269.135ms hit=0.0 e2e=3725.34ms
[ok] request s25 turn1 ttft=270.897ms hit=0.0 e2e=3726.792ms
[ok] request s562 turn3 ttft=543.992ms hit=0.656691 e2e=3037.292ms
[ok] request s497 turn0 ttft=750.702ms hit=0.0 e2e=3242.312ms
[ok] request s394 turn1 ttft=521.549ms hit=0.0 e2e=3017.703ms
[ok] request s147 turn0 ttft=815.058ms hit=0.0 e2e=3562.283ms
[ok] openhands s449 turn12 ttft=1041.764ms hit=0.95778 e2e=3537.976ms
[ok] request s515 turn1 ttft=530.22ms hit=0.336842 e2e=3024.712ms
[ok] openhands s195 turn11 ttft=552.098ms hit=0.878356 e2e=3600.768ms
[ok] openhands s66 turn4 ttft=576.746ms hit=0.909165 e2e=3626.374ms
[ok] request s39 turn1 ttft=527.245ms hit=0.0 e2e=3029.024ms
[ok] openhands s194 turn1 ttft=693.08ms hit=0.99717 e2e=3623.34ms
[ok] request s488 turn1 ttft=531.602ms hit=0.0 e2e=3033.665ms
[ok] openhands s448 turn13 ttft=854.62ms hit=0.956382 e2e=3610.595ms
[ok] openhands s513 turn1 ttft=841.321ms hit=0.988337 e2e=3597.107ms
[ok] openhands s260 turn3 ttft=544.697ms hit=0.922547 e2e=3047.474ms
[ok] request s36 turn1 ttft=549.184ms hit=0.0 e2e=3051.38ms
[ok] openhands s512 turn13 ttft=541.179ms hit=0.971969 e2e=3593.069ms
[ok] request s202 turn0 ttft=1258.074ms hit=0.0 e2e=1670.83ms
[ok] request s537 turn0 ttft=1894.47ms hit=0.0 e2e=2307.136ms
[ok] request s351 turn1 ttft=2449.522ms hit=0.0 e2e=3035.379ms
[ok] request s373 turn0 ttft=2201.959ms hit=0.0 e2e=2625.596ms
[ok] request s438 turn0 ttft=2355.463ms hit=0.0 e2e=2941.741ms
[ok] request s112 turn0 ttft=307.399ms hit=0.0 e2e=721.579ms
[ok] request s316 turn0 ttft=942.095ms hit=0.0 e2e=1356.268ms
[ok] request s372 turn0 ttft=1578.239ms hit=0.0 e2e=1992.443ms
[ok] request s5 turn1 ttft=2451.807ms hit=0.0 e2e=3039.668ms
[ok] request s139 turn0 ttft=626.498ms hit=0.0 e2e=1041.293ms
[ok] request s394 turn2 ttft=1094.639ms hit=0.683578 e2e=1482.662ms
[ok] request s412 turn1 ttft=1454.787ms hit=0.0 e2e=1845.8ms
[ok] request s544 turn2 ttft=1347.128ms hit=0.0 e2e=1737.996ms
[ok] openhands s513 turn2 ttft=1138.795ms hit=0.957009 e2e=2032.455ms
[ok] request s112 turn1 ttft=1088.537ms hit=0.0 e2e=1471.514ms
[ok] openhands s449 turn13 ttft=1171.57ms hit=0.982528 e2e=2071.775ms
[ok] request s372 turn1 ttft=1087.071ms hit=0.0 e2e=1469.818ms
[ok] openhands s512 turn14 ttft=1156.908ms hit=0.988894 e2e=2024.072ms
[ok] request s316 turn1 ttft=1087.865ms hit=0.0 e2e=1471.933ms
[ok] request s537 turn1 ttft=1078.406ms hit=0.482109 e2e=1476.6ms
[ok] openhands s260 turn4 ttft=1630.983ms hit=0.905718 e2e=2029.04ms
[ok] openhands s66 turn5 ttft=1381.013ms hit=0.980316 e2e=2059.205ms
[ok] openhands s448 turn14 ttft=1639.866ms hit=0.912369 e2e=2038.277ms
[ok] openhands s194 turn2 ttft=1377.527ms hit=0.989462 e2e=2055.978ms
[ok] openhands s195 turn12 ttft=1164.749ms hit=0.960207 e2e=2067.581ms
[ok] request s351 turn2 ttft=1091.752ms hit=0.229391 e2e=1477.938ms
[ok] request s515 turn2 ttft=1089.361ms hit=0.422442 e2e=1516.159ms
[ok] request s394 turn3 ttft=325.336ms hit=0.448336 e2e=455.977ms
[ok] openhands s513 turn3 ttft=1044.031ms hit=0.809922 e2e=1189.486ms
[ok] request s515 turn3 ttft=286.71ms hit=0.649746 e2e=634.744ms
[ok] request s351 turn3 ttft=314.45ms hit=0.532225 e2e=661.227ms
[ok] request s112 turn2 ttft=316.517ms hit=0.265285 e2e=666.633ms
[ok] request s316 turn2 ttft=315.192ms hit=0.503937 e2e=665.149ms
[ok] openhands s260 turn5 ttft=818.351ms hit=0.930784 e2e=1243.598ms
[ok] openhands s66 turn6 ttft=791.544ms hit=0.984093 e2e=1218.357ms
[ok] openhands s449 turn14 ttft=910.081ms hit=0.993177 e2e=1262.987ms
[ok] openhands s512 turn15 ttft=902.403ms hit=0.99543 e2e=1255.243ms
[ok] openhands s448 turn15 ttft=800.124ms hit=0.985461 e2e=1228.86ms
[ok] openhands s194 turn3 ttft=640.999ms hit=0.973234 e2e=1243.466ms
[ok] openhands s513 turn4 ttft=1091.031ms hit=0.978875 e2e=1256.713ms
[ok] request s316 turn3 ttft=308.248ms hit=0.606923 e2e=666.444ms
[ok] request s515 turn4 ttft=305.699ms hit=0.871242 e2e=673.712ms
[ok] request s351 turn4 ttft=310.154ms hit=0.704957 e2e=671.575ms
[ok] openhands s449 turn15 ttft=612.364ms hit=0.988865 e2e=1261.894ms
[ok] openhands s512 turn16 ttft=741.105ms hit=0.990349 e2e=1253.857ms
[ok] openhands s66 turn7 ttft=661.304ms hit=0.984038 e2e=1035.112ms
[ok] openhands s448 turn16 ttft=860.471ms hit=0.996697 e2e=1234.194ms
[ok] request s394 turn4 ttft=519.238ms hit=0.86927 e2e=892.898ms
[ok] openhands s194 turn4 ttft=732.151ms hit=0.989247 e2e=1249.833ms
[ok] openhands s260 turn6 ttft=549.182ms hit=0.839566 e2e=1272.111ms
[ok] openhands s513 turn5 ttft=2305.132ms hit=0.948658 e2e=2887.771ms
[ok] openhands s66 turn8 ttft=2498.441ms hit=0.970371 e2e=2788.248ms
[ok] request s316 turn4 ttft=1942.168ms hit=0.78921 e2e=2228.699ms
[ok] request s515 turn5 ttft=1934.088ms hit=0.793388 e2e=2226.155ms
[ok] request s394 turn5 ttft=1936.645ms hit=0.0 e2e=2223.143ms
[ok] openhands s448 turn17 ttft=2509.074ms hit=0.976393 e2e=2801.037ms
[ok] openhands s194 turn5 ttft=2529.976ms hit=0.989601 e2e=2821.63ms
[ok] openhands s260 turn7 ttft=2512.741ms hit=0.850745 e2e=2812.129ms
[ok] openhands s66 turn9 ttft=441.171ms hit=0.971507 e2e=1007.514ms
[ok] openhands s260 turn8 ttft=615.154ms hit=0.993043 e2e=1051.397ms
[ok] openhands s448 turn18 ttft=744.422ms hit=0.969697 e2e=1042.474ms
[ok] request s515 turn6 ttft=177.268ms hit=0.0 e2e=473.893ms
[ok] openhands s513 turn6 ttft=748.164ms hit=0.924085 e2e=1048.373ms
[ok] openhands s194 turn6 ttft=486.891ms hit=0.988714 e2e=1069.382ms
[ok] openhands s66 turn10 ttft=470.609ms hit=0.86718 e2e=1336.676ms
[ok] openhands s513 turn7 ttft=390.748ms hit=0.947998 e2e=1256.671ms
[ok] openhands s260 turn9 ttft=405.778ms hit=0.938468 e2e=1272.992ms
[ok] openhands s448 turn19 ttft=400.168ms hit=0.96909 e2e=1266.952ms
[ok] request s515 turn7 ttft=403.186ms hit=0.0 e2e=697.154ms
[ok] openhands s194 turn7 ttft=918.101ms hit=0.881391 e2e=1211.671ms
[ok] openhands s513 turn8 ttft=803.556ms hit=0.956201 e2e=1203.524ms
[ok] openhands s66 turn11 ttft=488.416ms hit=0.980684 e2e=1227.984ms
[ok] openhands s194 turn8 ttft=924.073ms hit=0.971612 e2e=1200.831ms
[ok] openhands s448 turn20 ttft=939.24ms hit=0.93027 e2e=1216.828ms
[ok] openhands s260 turn10 ttft=662.576ms hit=0.818811 e2e=1223.361ms
[ok] openhands s260 turn11 ttft=998.686ms hit=0.81677 e2e=1289.767ms
[ok] openhands s194 turn9 ttft=530.036ms hit=0.989898 e2e=1307.089ms
[ok] openhands s448 turn21 ttft=989.123ms hit=0.962974 e2e=1272.622ms
[ok] openhands s66 turn12 ttft=901.173ms hit=0.961252 e2e=1185.492ms
[ok] openhands s513 turn9 ttft=693.098ms hit=0.854495 e2e=1285.861ms
[ok] openhands s66 turn13 ttft=592.594ms hit=0.980492 e2e=1025.275ms
[ok] openhands s260 turn12 ttft=562.5ms hit=0.914956 e2e=1055.427ms
[ok] openhands s194 turn10 ttft=757.168ms hit=0.98848 e2e=1048.26ms
[ok] openhands s448 turn22 ttft=632.591ms hit=0.975215 e2e=916.008ms
[ok] openhands s513 turn10 ttft=598.195ms hit=0.985132 e2e=1032.915ms
[ok] openhands s260 turn13 ttft=791.965ms hit=0.993857 e2e=1078.604ms
[ok] openhands s194 turn11 ttft=540.135ms hit=0.990901 e2e=1096.055ms
[ok] openhands s66 turn14 ttft=688.343ms hit=0.954334 e2e=976.557ms
[ok] openhands s448 turn23 ttft=476.654ms hit=0.975605 e2e=758.718ms
[ok] openhands s513 turn11 ttft=644.585ms hit=0.923027 e2e=1073.549ms
[ok] request s126 turn0 ttft=316.707ms hit=0.0 e2e=874.343ms
[ok] request s433 turn0 ttft=630.237ms hit=0.0 e2e=1194.015ms
[ok] openhands s513 turn12 ttft=2949.94ms hit=0.991168 e2e=3778.131ms
[ok] openhands s194 turn12 ttft=2782.705ms hit=0.988589 e2e=3805.005ms
[ok] openhands s260 turn14 ttft=3145.421ms hit=0.993893 e2e=3711.549ms
[ok] openhands s448 turn24 ttft=2794.176ms hit=0.972693 e2e=3361.059ms
[ok] openhands s66 turn15 ttft=2957.004ms hit=0.981366 e2e=3788.308ms
[ok] openhands s133 turn0 ttft=948.29ms hit=0.0 e2e=1514.436ms
[ok] request s441 turn0 ttft=136.3ms hit=0.0 e2e=609.077ms
[ok] request s306 turn0 ttft=144.046ms hit=0.0 e2e=837.445ms
[ok] request s155 turn0 ttft=142.684ms hit=0.0 e2e=533.868ms
[ok] request s127 turn0 ttft=571.226ms hit=0.0 e2e=1275.928ms
[ok] request s237 turn0 ttft=766.312ms hit=0.0 e2e=1594.649ms
[ok] request s317 turn0 ttft=257.23ms hit=0.0 e2e=959.022ms
[ok] openhands s513 turn13 ttft=806.482ms hit=0.957084 e2e=1634.588ms
[ok] openhands s194 turn13 ttft=591.208ms hit=0.99172 e2e=1664.837ms
[ok] request s126 turn1 ttft=365.449ms hit=0.0 e2e=1070.713ms
[ok] openhands s133 turn1 ttft=801.542ms hit=0.954545 e2e=1629.246ms
[ok] request s433 turn1 ttft=364.631ms hit=0.0 e2e=1069.779ms
[ok] openhands s66 turn16 ttft=799.35ms hit=0.91707 e2e=1627.998ms
[ok] openhands s448 turn25 ttft=653.741ms hit=0.993698 e2e=1647.427ms
[ok] openhands s260 turn15 ttft=909.578ms hit=0.994894 e2e=1614.894ms
[ok] request s306 turn1 ttft=151.615ms hit=0.0 e2e=1110.802ms
[ok] request s313 turn0 ttft=142.566ms hit=0.0 e2e=963.388ms
[ok] request s217 turn0 ttft=642.996ms hit=0.0 e2e=1568.308ms
[ok] request s128 turn0 ttft=980.082ms hit=0.0 e2e=1567.714ms
[ok] request s126 turn2 ttft=1029.616ms hit=0.0 e2e=1618.927ms
[ok] request s237 turn1 ttft=689.611ms hit=0.0 e2e=1278.543ms
[ok] request s317 turn1 ttft=689.158ms hit=0.0 e2e=1277.798ms
[ok] request s165 turn0 ttft=151.644ms hit=0.0 e2e=618.229ms
[ok] openhands s448 turn26 ttft=1088.791ms hit=0.91419 e2e=1839.449ms
[ok] openhands s194 turn14 ttft=835.222ms hit=0.980974 e2e=1883.025ms
[ok] request s127 turn1 ttft=692.826ms hit=0.0 e2e=1285.174ms
[ok] openhands s133 turn2 ttft=1115.031ms hit=0.714902 e2e=1865.803ms
[ok] request s433 turn2 ttft=688.551ms hit=0.0 e2e=1282.313ms
[ok] request s47 turn0 ttft=665.837ms hit=0.0 e2e=1259.351ms
[ok] request s241 turn0 ttft=465.366ms hit=0.0 e2e=941.716ms
[ok] openhands s260 turn16 ttft=1105.068ms hit=0.981018 e2e=1856.237ms
[ok] openhands s66 turn17 ttft=1113.127ms hit=0.986709 e2e=1864.023ms
[ok] openhands s513 turn14 ttft=1254.991ms hit=0.944406 e2e=1848.503ms
[ok] request s476 turn0 ttft=140.05ms hit=0.0 e2e=961.472ms
[ok] request s126 turn3 ttft=1118.275ms hit=0.0 e2e=1332.249ms
[ok] request s24 turn0 ttft=1381.228ms hit=0.0 e2e=2125.234ms
[ok] openhands s260 turn17 ttft=1582.949ms hit=0.995047 e2e=2328.378ms
[ok] request s127 turn2 ttft=1113.274ms hit=0.0 e2e=1855.377ms
[ok] request s47 turn1 ttft=1109.365ms hit=0.0 e2e=1854.103ms
[ok] request s405 turn0 ttft=1064.968ms hit=0.0 e2e=1810.382ms
[ok] request s506 turn0 ttft=747.949ms hit=0.0 e2e=1497.3ms
[ok] openhands s324 turn0 ttft=1239.89ms hit=0.0 e2e=2429.747ms
[ok] openhands s194 turn15 ttft=653.386ms hit=0.98164 e2e=2459.556ms
[ok] request s165 turn1 ttft=1115.454ms hit=0.0 e2e=1865.082ms
[ok] openhands s513 turn15 ttft=1238.304ms hit=0.960137 e2e=2428.279ms
[ok] request s553 turn0 ttft=546.805ms hit=0.0 e2e=1180.044ms
[ok] request s241 turn1 ttft=1109.743ms hit=0.0 e2e=1859.556ms
[ok] request s369 turn0 ttft=234.521ms hit=0.0 e2e=863.599ms
[ok] openhands s133 turn3 ttft=1559.053ms hit=0.66714 e2e=2442.697ms
[ok] openhands s66 turn18 ttft=886.635ms hit=0.992904 e2e=2439.327ms
[ok] openhands s448 turn27 ttft=1523.752ms hit=0.853966 e2e=2407.332ms
[ok] request s70 turn0 ttft=140.415ms hit=0.0 e2e=606.539ms
[ok] request s299 turn0 ttft=147.989ms hit=0.0 e2e=1253.432ms
[ok] request s84 turn0 ttft=919.87ms hit=0.0 e2e=1508.967ms
[ok] request s126 turn4 ttft=942.735ms hit=0.0 e2e=1532.865ms
[ok] request s405 turn1 ttft=414.897ms hit=0.0 e2e=1004.773ms
[ok] request s261 turn0 ttft=289.422ms hit=0.0 e2e=876.162ms
[ok] request s165 turn2 ttft=409.695ms hit=0.396899 e2e=1003.831ms
[ok] openhands s133 turn4 ttft=808.052ms hit=0.81961 e2e=1556.692ms
[ok] openhands s260 turn18 ttft=671.316ms hit=0.984399 e2e=1601.724ms
[ok] request s183 turn0 ttft=603.725ms hit=0.0 e2e=1197.909ms
[ok] openhands s324 turn1 ttft=825.61ms hit=0.963689 e2e=1574.478ms
[ok] request s369 turn1 ttft=409.432ms hit=0.0 e2e=1003.63ms
[ok] openhands s194 turn16 ttft=999.555ms hit=0.998211 e2e=1593.452ms
[ok] openhands s448 turn28 ttft=821.626ms hit=0.972848 e2e=1570.727ms
[ok] openhands s513 turn16 ttft=961.074ms hit=0.968385 e2e=1555.039ms
[ok] request s65 turn0 ttft=145.092ms hit=0.0 e2e=597.758ms
[ok] request s142 turn0 ttft=144.801ms hit=0.0 e2e=1508.944ms
[ok] request s267 turn0 ttft=580.857ms hit=0.0 e2e=2086.665ms
[ok] openhands s260 turn19 ttft=591.541ms hit=0.993314 e2e=2290.049ms
[ok] request s165 turn3 ttft=372.282ms hit=0.524053 e2e=1878.37ms
[ok] request s379 turn0 ttft=266.97ms hit=0.0 e2e=1772.236ms
[ok] request s369 turn2 ttft=368.404ms hit=0.340879 e2e=1876.952ms
[ok] openhands s133 turn5 ttft=562.376ms hit=0.926675 e2e=2449.393ms
[ok] openhands s324 turn2 ttft=587.549ms hit=0.858884 e2e=2478.891ms
[ok] request s126 turn5 ttft=377.214ms hit=0.532225 e2e=1888.405ms
[ok] openhands s448 turn29 ttft=618.64ms hit=0.988789 e2e=2476.134ms
[ok] request s405 turn2 ttft=373.737ms hit=0.471889 e2e=1886.505ms
[ok] request s65 turn1 ttft=336.951ms hit=0.0 e2e=1847.836ms
[ok] request s17 turn0 ttft=553.081ms hit=0.0 e2e=2411.89ms
[ok] openhands s513 turn17 ttft=571.39ms hit=0.954651 e2e=2463.161ms
[ok] openhands s194 turn17 ttft=874.748ms hit=0.981752 e2e=2387.957ms
[ok] request s341 turn0 ttft=518.349ms hit=0.0 e2e=1146.493ms
[ok] openhands s259 turn0 ttft=710.124ms hit=0.0 e2e=2270.72ms
[ok] request s381 turn0 ttft=202.782ms hit=0.0 e2e=1636.079ms
[ok] request s245 turn0 ttft=147.6ms hit=0.0 e2e=1320.607ms
[ok] request s142 turn1 ttft=257.022ms hit=0.0 e2e=1433.981ms
[ok] request s105 turn0 ttft=693.189ms hit=0.0 e2e=695.695ms
[ok] request s55 turn0 ttft=145.809ms hit=0.0 e2e=1012.718ms
[ok] openhands s324 turn3 ttft=801.935ms hit=0.955412 e2e=1986.103ms
[ok] openhands s260 turn20 ttft=811.013ms hit=0.989576 e2e=1999.145ms
[ok] openhands s513 turn18 ttft=796.148ms hit=0.964824 e2e=1980.215ms
[ok] request s341 turn1 ttft=580.635ms hit=0.0 e2e=1397.638ms
[ok] openhands s133 turn6 ttft=797.551ms hit=0.942414 e2e=1985.234ms
[ok] openhands s194 turn18 ttft=735.647ms hit=0.995818 e2e=2245.415ms
[ok] request s117 turn0 ttft=725.873ms hit=0.0 e2e=1883.781ms
[ok] openhands s448 turn30 ttft=740.421ms hit=0.974064 e2e=1897.689ms
[ok] request s356 turn0 ttft=421.461ms hit=0.0 e2e=1578.234ms
[ok] request s405 turn3 ttft=581.697ms hit=0.637609 e2e=1737.879ms
[ok] request s65 turn2 ttft=580.452ms hit=0.706012 e2e=1736.172ms
[ok] openhands s259 turn1 ttft=511.927ms hit=0.776935 e2e=1524.866ms
[ok] request s142 turn2 ttft=245.509ms hit=0.0 e2e=926.714ms
[ok] request s126 turn6 ttft=587.458ms hit=0.6639 e2e=1741.172ms
[ok] request s369 turn3 ttft=589.499ms hit=0.628993 e2e=1745.38ms
[ok] request s105 turn1 ttft=237.573ms hit=0.0 e2e=918.898ms
[ok] request s321 turn0 ttft=258.663ms hit=0.0 e2e=1262.535ms
[ok] request s240 turn0 ttft=258.502ms hit=0.0 e2e=945.398ms
[ok] request s55 turn1 ttft=254.432ms hit=0.0 e2e=1259.522ms
[ok] request s267 turn1 ttft=594.469ms hit=0.0 e2e=1750.285ms
[ok] request s454 turn0 ttft=144.856ms hit=0.0 e2e=2786.534ms
[ok] request s341 turn2 ttft=736.745ms hit=0.0 e2e=2159.087ms
[ok] openhands s194 turn19 ttft=883.139ms hit=0.991937 e2e=2655.211ms
[ok] openhands s448 turn31 ttft=740.565ms hit=0.949359 e2e=2676.881ms
[ok] request s55 turn2 ttft=539.179ms hit=0.0 e2e=2311.119ms
[ok] request s126 turn7 ttft=603.721ms hit=0.0 e2e=2134.744ms
[ok] request s105 turn2 ttft=600.148ms hit=0.0 e2e=2132.048ms
[ok] request s405 turn4 ttft=608.289ms hit=0.0 e2e=2139.26ms
[ok] request s72 turn0 ttft=851.328ms hit=0.0 e2e=3038.707ms
[ok] openhands s324 turn4 ttft=888.364ms hit=0.604063 e2e=3074.753ms
[ok] request s291 turn0 ttft=635.116ms hit=0.0 e2e=2414.148ms
[ok] openhands s513 turn19 ttft=868.399ms hit=0.963154 e2e=3055.768ms
[ok] request s65 turn3 ttft=606.569ms hit=0.0 e2e=2138.178ms
[ok] openhands s133 turn7 ttft=1104.358ms hit=0.886929 e2e=3047.601ms
[ok] request s321 turn1 ttft=601.05ms hit=0.0 e2e=2132.668ms
[ok] request s134 turn0 ttft=789.593ms hit=0.0 e2e=2732.859ms
[ok] openhands s260 turn21 ttft=884.449ms hit=0.979836 e2e=3072.095ms
[ok] openhands s259 turn2 ttft=785.763ms hit=0.969938 e2e=2729.026ms
[ok] request s303 turn0 ttft=189.417ms hit=0.0 e2e=832.672ms
[ok] request s504 turn0 ttft=502.882ms hit=0.0 e2e=1150.055ms
[ok] request s164 turn0 ttft=686.124ms hit=0.0 e2e=2103.422ms
[ok] request s439 turn0 ttft=552.367ms hit=0.0 e2e=1785.304ms
[ok] request s267 turn2 ttft=720.435ms hit=0.0 e2e=2137.901ms
[ok] openhands s130 turn0 ttft=697.519ms hit=0.0 e2e=1468.988ms
[ok] request s549 turn0 ttft=143.52ms hit=0.0 e2e=272.576ms
[ok] request s232 turn0 ttft=153.339ms hit=0.0 e2e=1320.079ms
[ok] openhands s513 turn20 ttft=1041.341ms hit=0.964669 e2e=1656.383ms
[ok] openhands s260 turn22 ttft=954.159ms hit=0.987412 e2e=1649.398ms
[ok] request s81 turn0 ttft=656.34ms hit=0.0 e2e=1268.325ms
[ok] request s164 turn1 ttft=488.69ms hit=0.424544 e2e=1109.889ms
[ok] request s439 turn1 ttft=486.974ms hit=0.3819 e2e=1109.029ms
[ok] request s405 turn5 ttft=496.77ms hit=0.782875 e2e=1117.972ms
[ok] openhands s133 turn8 ttft=764.371ms hit=0.952685 e2e=1669.747ms
[ok] openhands s194 turn20 ttft=804.281ms hit=0.9946 e2e=1710.535ms
[ok] request s319 turn0 ttft=973.027ms hit=0.0 e2e=1592.635ms
[ok] openhands s324 turn5 ttft=769.61ms hit=0.98712 e2e=1675.311ms
[ok] request s55 turn3 ttft=802.568ms hit=0.566372 e2e=1424.752ms
[ok] request s267 turn3 ttft=487.948ms hit=0.637874 e2e=1109.949ms
[ok] request s321 turn2 ttft=495.549ms hit=0.0 e2e=1117.365ms
[ok] openhands s448 turn32 ttft=838.938ms hit=0.9918 e2e=1692.442ms
[ok] openhands s130 turn1 ttft=741.584ms hit=0.986671 e2e=1648.381ms
[ok] openhands s259 turn3 ttft=942.009ms hit=0.970408 e2e=1646.314ms
[ok] request s21 turn0 ttft=135.581ms hit=0.0 e2e=645.041ms
[ok] request s561 turn0 ttft=337.778ms hit=0.0 e2e=962.457ms
[ok] request s120 turn0 ttft=146.084ms hit=0.0 e2e=1753.858ms
[ok] request s439 turn2 ttft=901.621ms hit=0.620499 e2e=1208.027ms
[ok] request s164 turn2 ttft=680.094ms hit=0.517172 e2e=1000.463ms
[ok] request s508 turn0 ttft=967.746ms hit=0.0 e2e=1287.855ms
[ok] request s137 turn0 ttft=858.634ms hit=0.0 e2e=1842.562ms
[ok] openhands s513 turn21 ttft=987.917ms hit=0.992218 e2e=1842.987ms
[ok] openhands s259 turn4 ttft=800.53ms hit=0.987702 e2e=1819.558ms
[ok] request s456 turn0 ttft=649.229ms hit=0.0 e2e=1266.206ms
[ok] request s405 turn6 ttft=677.766ms hit=0.83442 e2e=1294.501ms
[ok] openhands s324 turn6 ttft=842.856ms hit=0.849692 e2e=1878.149ms
[ok] openhands s133 turn9 ttft=848.832ms hit=0.978931 e2e=1883.975ms
[ok] request s249 turn0 ttft=450.222ms hit=0.0 e2e=953.919ms
[ok] openhands s194 turn21 ttft=1253.711ms hit=0.980063 e2e=1873.693ms
[ok] request s267 turn4 ttft=676.628ms hit=0.471021 e2e=1297.518ms
[ok] request s499 turn0 ttft=141.735ms hit=0.0 e2e=637.569ms
[ok] openhands s260 turn23 ttft=870.778ms hit=0.974915 e2e=1896.293ms
[ok] openhands s448 turn33 ttft=803.272ms hit=0.983467 e2e=1841.572ms
[ok] openhands s130 turn2 ttft=991.225ms hit=0.955075 e2e=1855.283ms
[ok] request s367 turn0 ttft=148.373ms hit=0.0 e2e=1209.008ms
[ok] openhands s324 turn7 ttft=1361.609ms hit=0.87747 e2e=1523.843ms
[ok] openhands s259 turn5 ttft=822.714ms hit=0.977332 e2e=1568.026ms
[ok] openhands s133 turn10 ttft=1344.335ms hit=0.979904 e2e=1631.798ms
[ok] openhands s448 turn34 ttft=845.361ms hit=0.977083 e2e=1596.842ms
[ok] openhands s130 turn3 ttft=818.385ms hit=0.894292 e2e=1569.653ms
[ok] openhands s513 turn22 ttft=832.58ms hit=0.974068 e2e=1582.638ms
[ok] openhands s260 turn24 ttft=855.673ms hit=0.990105 e2e=1608.646ms
[ok] request s499 turn1 ttft=675.147ms hit=0.0 e2e=1064.848ms
[ok] request s249 turn1 ttft=654.102ms hit=0.0 e2e=1046.651ms
[ok] request s267 turn5 ttft=652.319ms hit=0.794723 e2e=1045.708ms
[ok] request s456 turn1 ttft=660.262ms hit=0.0 e2e=1052.934ms
[ok] request s439 turn3 ttft=968.262ms hit=0.730101 e2e=1371.733ms
[ok] request s508 turn1 ttft=954.597ms hit=0.0 e2e=1359.399ms
[ok] request s405 turn7 ttft=659.978ms hit=0.787913 e2e=1064.589ms
[ok] openhands s194 turn22 ttft=1126.296ms hit=0.98705 e2e=1647.036ms
[ok] request s249 turn2 ttft=190.65ms hit=0.479625 e2e=506.645ms
[ok] openhands s130 turn4 ttft=742.731ms hit=0.974934 e2e=1059.389ms
[ok] openhands s513 turn23 ttft=590.45ms hit=0.967328 e2e=1069.579ms
[ok] openhands s324 turn8 ttft=627.051ms hit=0.891559 e2e=1233.416ms
[ok] request s456 turn2 ttft=190.17ms hit=0.0 e2e=510.451ms
[ok] openhands s260 turn25 ttft=602.3ms hit=0.98961 e2e=1084.98ms
[ok] request s499 turn2 ttft=194.027ms hit=0.0 e2e=514.395ms
[ok] openhands s448 turn35 ttft=771.429ms hit=0.991486 e2e=1100.799ms
[ok] openhands s259 turn6 ttft=505.631ms hit=0.975553 e2e=1112.916ms
[ok] openhands s133 turn11 ttft=779.564ms hit=0.982904 e2e=1109.003ms
[ok] request s456 turn3 ttft=430.814ms hit=0.0 e2e=739.501ms
[ok] openhands s448 turn36 ttft=447.408ms hit=0.974004 e2e=756.84ms
[ok] openhands s259 turn7 ttft=676.224ms hit=0.976647 e2e=1157.428ms
[ok] openhands s130 turn5 ttft=606.318ms hit=0.973582 e2e=1192.325ms
[ok] request s499 turn3 ttft=280.51ms hit=0.0 e2e=592.827ms
[ok] openhands s324 turn9 ttft=695.117ms hit=0.909271 e2e=1179.203ms
[ok] openhands s133 turn12 ttft=828.419ms hit=0.980426 e2e=1156.743ms
[ok] openhands s260 turn26 ttft=586.513ms hit=0.993538 e2e=1173.207ms
[ok] openhands s513 turn24 ttft=861.608ms hit=0.992641 e2e=1189.964ms
[ok] request s456 turn4 ttft=431.967ms hit=0.0 e2e=721.665ms
[ok] openhands s513 turn25 ttft=619.18ms hit=0.990412 e2e=1034.425ms
[ok] openhands s259 turn8 ttft=470.074ms hit=0.982135 e2e=1057.429ms
[ok] request s499 turn4 ttft=170.547ms hit=0.4096 e2e=458.4ms
[ok] openhands s133 turn13 ttft=627.378ms hit=0.941869 e2e=1043.684ms
[ok] openhands s130 turn6 ttft=637.522ms hit=0.973254 e2e=1054.659ms
[ok] openhands s324 turn10 ttft=487.302ms hit=0.957309 e2e=1050.801ms
[ok] openhands s260 turn27 ttft=569.674ms hit=0.996573 e2e=862.115ms
[ok] openhands s133 turn14 ttft=469.799ms hit=0.932839 e2e=1050.107ms
[ok] openhands s259 turn9 ttft=402.902ms hit=0.951829 e2e=1080.923ms
[ok] openhands s324 turn11 ttft=674.842ms hit=0.926597 e2e=1073.186ms
[ok] openhands s260 turn28 ttft=788.398ms hit=0.910087 e2e=1065.961ms
[ok] openhands s130 turn7 ttft=495.504ms hit=0.936605 e2e=1077.991ms
[ok] openhands s324 turn12 ttft=375.065ms hit=0.992758 e2e=986.19ms
[ok] openhands s259 turn10 ttft=594.007ms hit=0.833456 e2e=1104.638ms
[ok] openhands s130 turn8 ttft=573.828ms hit=0.990947 e2e=1085.093ms
[ok] openhands s260 turn29 ttft=549.01ms hit=0.991937 e2e=1118.993ms
[ok] openhands s133 turn15 ttft=191.74ms hit=0.936567 e2e=506.141ms
[ok] openhands s133 turn16 ttft=611.026ms hit=0.978967 e2e=1323.788ms
[ok] openhands s324 turn13 ttft=595.038ms hit=0.904769 e2e=1470.931ms
[ok] openhands s259 turn11 ttft=900.873ms hit=0.745193 e2e=1318.006ms
[ok] openhands s448 turn37 ttft=1006.946ms hit=0.908543 e2e=1293.087ms
[ok] openhands s130 turn9 ttft=616.73ms hit=0.976318 e2e=1331.701ms
[ok] openhands s260 turn30 ttft=849.922ms hit=0.993654 e2e=1135.928ms
[ok] openhands s259 turn12 ttft=597.997ms hit=0.9702 e2e=1149.298ms
[ok] openhands s324 turn14 ttft=602.222ms hit=0.993724 e2e=1164.443ms
[ok] openhands s130 turn10 ttft=603.753ms hit=0.976567 e2e=1155.952ms
[ok] openhands s260 turn31 ttft=852.2ms hit=0.996511 e2e=1152.177ms
[ok] openhands s448 turn38 ttft=733.678ms hit=0.995505 e2e=1168.868ms
[ok] openhands s133 turn17 ttft=293.977ms hit=0.98343 e2e=586.405ms
[ok] openhands s324 turn15 ttft=626.442ms hit=0.988833 e2e=923.447ms
[ok] openhands s259 turn13 ttft=440.127ms hit=0.984693 e2e=936.118ms
[ok] openhands s448 turn39 ttft=615.443ms hit=0.982926 e2e=899.86ms
[ok] openhands s133 turn18 ttft=341.235ms hit=0.963205 e2e=626.482ms
[ok] openhands s130 turn11 ttft=475.981ms hit=0.986097 e2e=931.535ms
[ok] openhands s448 turn40 ttft=558.421ms hit=0.983966 e2e=814.694ms
[ok] openhands s324 turn16 ttft=422.396ms hit=0.989128 e2e=834.404ms
[ok] openhands s133 turn19 ttft=557.464ms hit=0.962251 e2e=825.446ms
[ok] openhands s324 turn17 ttft=301.352ms hit=0.990813 e2e=675.746ms
[ok] openhands s448 turn41 ttft=447.301ms hit=0.994572 e2e=979.507ms
[ok] openhands s133 turn20 ttft=234.705ms hit=0.981522 e2e=754.661ms
[ok] openhands s324 turn18 ttft=302.454ms hit=0.990227 e2e=689.026ms
[ok] openhands s448 turn42 ttft=340.705ms hit=0.993998 e2e=718.205ms
[ok] openhands s133 turn21 ttft=207.478ms hit=0.94484 e2e=474.853ms
[ok] openhands s133 turn22 ttft=287.374ms hit=0.940862 e2e=536.963ms
[ok] openhands s448 turn43 ttft=471.29ms hit=0.98409 e2e=727.582ms
[ok] openhands s133 turn23 ttft=223.467ms hit=0.958314 e2e=467.192ms
[ok] openhands s133 turn24 ttft=213.433ms hit=0.980485 e2e=456.792ms
[ok] openhands s133 turn25 ttft=218.545ms hit=0.967842 e2e=461.074ms
[ok] openhands s133 turn26 ttft=211.644ms hit=0.977185 e2e=455.713ms
[ok] openhands s133 turn27 ttft=208.629ms hit=0.99173 e2e=1168.546ms
[ok] request s432 turn0 ttft=449.023ms hit=0.0 e2e=951.529ms
[ok] request s489 turn0 ttft=132.947ms hit=0.0 e2e=634.592ms
[ok] openhands s257 turn0 ttft=641.506ms hit=0.0 e2e=1270.51ms
[ok] openhands s133 turn28 ttft=237.5ms hit=0.984105 e2e=854.236ms
[ok] request s520 turn0 ttft=261.436ms hit=0.0 e2e=886.34ms
[ok] openhands s257 turn1 ttft=254.115ms hit=0.960177 e2e=659.558ms
[ok] request s569 turn0 ttft=251.815ms hit=0.0 e2e=661.748ms
[ok] request s64 turn0 ttft=133.354ms hit=0.0 e2e=763.008ms
[ok] request s189 turn0 ttft=297.412ms hit=0.0 e2e=785.81ms
[ok] openhands s133 turn29 ttft=352.806ms hit=0.925227 e2e=841.385ms
[ok] openhands s257 turn2 ttft=272.947ms hit=0.928786 e2e=760.362ms
[ok] request s277 turn0 ttft=129.764ms hit=0.0 e2e=574.16ms
[ok] request s482 turn0 ttft=133.596ms hit=0.0 e2e=645.841ms
[ok] request s200 turn0 ttft=172.578ms hit=0.0 e2e=214.811ms
[ok] request s188 turn0 ttft=161.087ms hit=0.0 e2e=881.488ms
[ok] openhands s257 turn3 ttft=315.413ms hit=0.924188 e2e=1045.168ms
[ok] openhands s133 turn30 ttft=312.915ms hit=0.963863 e2e=1034.179ms
[ok] request s174 turn0 ttft=247.651ms hit=0.0 e2e=1129.693ms
[ok] request s277 turn1 ttft=261.598ms hit=0.0 e2e=908.844ms
[ok] request s189 turn1 ttft=253.871ms hit=0.0 e2e=1014.276ms
[ok] request s422 turn0 ttft=245.027ms hit=0.0 e2e=621.793ms
[ok] openhands s257 turn4 ttft=310.659ms hit=0.853618 e2e=690.57ms
[ok] request s482 turn1 ttft=268.528ms hit=0.0 e2e=645.607ms
[ok] request s536 turn0 ttft=132.846ms hit=0.0 e2e=511.287ms
[ok] openhands s257 turn5 ttft=189.013ms hit=0.916349 e2e=1291.424ms
[ok] request s421 turn0 ttft=177.376ms hit=0.0 e2e=1279.539ms
[ok] request s189 turn2 ttft=338.058ms hit=0.558038 e2e=1913.226ms
[ok] request s482 turn2 ttft=260.342ms hit=0.0 e2e=2088.081ms
[ok] openhands s131 turn0 ttft=267.961ms hit=0.0 e2e=1739.659ms
[ok] request s435 turn0 ttft=351.133ms hit=0.0 e2e=2057.564ms
[ok] request s536 turn1 ttft=363.658ms hit=0.0 e2e=1611.924ms
[ok] request s516 turn0 ttft=210.323ms hit=0.0 e2e=1454.694ms
[ok] request s16 turn0 ttft=184.902ms hit=0.0 e2e=1481.594ms
[ok] openhands s257 turn6 ttft=788.497ms hit=0.495874 e2e=1433.78ms
[ok] request s325 turn0 ttft=574.22ms hit=0.0 e2e=1219.13ms
[ok] request s552 turn0 ttft=260.269ms hit=0.0 e2e=902.447ms
[ok] request s246 turn0 ttft=132.336ms hit=0.0 e2e=353.249ms
[ok] request s179 turn0 ttft=137.061ms hit=0.0 e2e=670.676ms
[ok] openhands s131 turn1 ttft=159.74ms hit=0.913796 e2e=783.587ms
[ok] request s435 turn1 ttft=170.982ms hit=0.0 e2e=693.016ms
[ok] openhands s257 turn7 ttft=337.809ms hit=0.95469 e2e=863.767ms
[ok] request s516 turn1 ttft=200.075ms hit=0.0 e2e=723.931ms
[ok] request s230 turn0 ttft=289.068ms hit=0.0 e2e=814.869ms
[ok] openhands s131 turn2 ttft=158.354ms hit=0.896387 e2e=595.078ms
[ok] request s403 turn0 ttft=146.694ms hit=0.0 e2e=582.772ms
[ok] request s57 turn0 ttft=145.596ms hit=0.0 e2e=910.522ms
[ok] request s179 turn1 ttft=143.675ms hit=0.0 e2e=908.289ms
[ok] request s170 turn0 ttft=228.605ms hit=0.0 e2e=1136.11ms
[ok] openhands s257 turn8 ttft=362.425ms hit=0.966003 e2e=1275.47ms
[ok] openhands s131 turn3 ttft=269.071ms hit=0.930345 e2e=1177.944ms
[ok] request s500 turn0 ttft=133.183ms hit=0.0 e2e=2491.893ms
[ok] request s435 turn2 ttft=253.08ms hit=0.0 e2e=2377.986ms
[ok] request s406 turn0 ttft=230.873ms hit=0.0 e2e=2205.575ms
[ok] request s516 turn2 ttft=387.74ms hit=0.0 e2e=2377.827ms
[ok] request s273 turn0 ttft=145.409ms hit=0.0 e2e=2450.102ms
[ok] request s119 turn0 ttft=1041.477ms hit=0.0 e2e=2487.169ms
[ok] request s242 turn0 ttft=231.488ms hit=0.0 e2e=1218.25ms
[ok] openhands s2 turn0 ttft=857.905ms hit=0.0 e2e=1853.356ms
[ok] openhands s257 turn9 ttft=1088.318ms hit=0.702359 e2e=2539.501ms
[ok] openhands s131 turn4 ttft=288.23ms hit=0.852538 e2e=2610.472ms
[ok] request s332 turn0 ttft=540.579ms hit=0.0 e2e=1539.193ms
[ok] request s179 turn2 ttft=461.233ms hit=0.0 e2e=2568.863ms
[ok] request s215 turn0 ttft=723.629ms hit=0.0 e2e=2174.553ms
[ok] request s436 turn0 ttft=185.672ms hit=0.0 e2e=1464.22ms
[ok] request s32 turn0 ttft=186.297ms hit=0.0 e2e=1183.021ms
[ok] request s224 turn0 ttft=209.815ms hit=0.0 e2e=1198.718ms
[ok] request s435 turn3 ttft=259.629ms hit=0.377025 e2e=1251.492ms
[ok] request s273 turn1 ttft=304.453ms hit=0.0 e2e=940.911ms
[ok] openhands s131 turn5 ttft=410.461ms hit=0.88772 e2e=1160.662ms
[ok] openhands s2 turn1 ttft=309.402ms hit=0.975393 e2e=1184.553ms
[ok] request s391 turn0 ttft=385.634ms hit=0.0 e2e=1138.16ms
[ok] openhands s257 turn10 ttft=429.449ms hit=0.992425 e2e=1181.677ms
[ok] request s35 turn0 ttft=181.088ms hit=0.0 e2e=819.767ms
[ok] request s15 turn0 ttft=167.61ms hit=0.0 e2e=701.374ms
[ok] request s179 turn3 ttft=247.485ms hit=0.451499 e2e=784.242ms
[ok] request s292 turn0 ttft=394.642ms hit=0.0 e2e=567.108ms
[ok] request s409 turn0 ttft=135.979ms hit=0.0 e2e=1287.142ms
[ok] request s35 turn1 ttft=361.302ms hit=0.0 e2e=774.022ms
[ok] request s333 turn0 ttft=590.643ms hit=0.0 e2e=1244.215ms
[ok] openhands s257 turn11 ttft=482.674ms hit=0.986749 e2e=1371.98ms
[ok] openhands s2 turn2 ttft=324.282ms hit=0.946288 e2e=1376.58ms
[ok] request s169 turn0 ttft=197.902ms hit=0.0 e2e=611.844ms
[ok] openhands s131 turn6 ttft=476.786ms hit=0.87456 e2e=1367.946ms
[ok] request s296 turn0 ttft=159.95ms hit=0.0 e2e=488.587ms
[ok] request s140 turn0 ttft=219.997ms hit=0.0 e2e=613.126ms
[ok] openhands s384 turn0 ttft=729.372ms hit=0.0 e2e=1276.34ms
[ok] request s532 turn0 ttft=529.064ms hit=0.0 e2e=959.585ms
[ok] openhands s131 turn7 ttft=689.817ms hit=0.833725 e2e=1912.268ms
[ok] request s343 turn0 ttft=691.512ms hit=0.0 e2e=1916.47ms
[ok] request s169 turn1 ttft=568.109ms hit=0.0 e2e=1338.92ms
[ok] openhands s257 turn12 ttft=555.657ms hit=0.939349 e2e=1938.976ms
[ok] request s6 turn0 ttft=547.199ms hit=0.0 e2e=1598.969ms
[ok] request s292 turn1 ttft=475.705ms hit=0.0 e2e=1701.077ms
[ok] openhands s2 turn3 ttft=708.009ms hit=0.907423 e2e=1933.047ms
[ok] request s272 turn0 ttft=340.18ms hit=0.0 e2e=928.152ms
[ok] request s570 turn0 ttft=142.513ms hit=0.0 e2e=1255.506ms
[ok] request s6 turn1 ttft=225.814ms hit=0.0 e2e=799.733ms
[ok] request s292 turn2 ttft=222.847ms hit=0.0 e2e=801.694ms
[ok] request s408 turn0 ttft=513.61ms hit=0.0 e2e=1098.919ms
[ok] openhands s257 turn13 ttft=676.188ms hit=0.983515 e2e=1392.553ms
[ok] request s169 turn2 ttft=225.649ms hit=0.0 e2e=804.494ms
[ok] openhands s384 turn1 ttft=552.112ms hit=0.671413 e2e=1404.531ms
[ok] request s140 turn1 ttft=259.762ms hit=0.0 e2e=838.452ms
[ok] request s250 turn0 ttft=203.173ms hit=0.0 e2e=783.17ms
[ok] openhands s131 turn8 ttft=799.762ms hit=0.920094 e2e=1387.218ms
[ok] openhands s2 turn4 ttft=685.617ms hit=0.933273 e2e=1404.206ms
[ok] request s477 turn0 ttft=182.155ms hit=0.0 e2e=1229.414ms
[ok] request s446 turn0 ttft=150.093ms hit=0.0 e2e=957.5ms
[ok] request s305 turn0 ttft=320.412ms hit=0.0 e2e=976.597ms
[ok] openhands s131 turn9 ttft=464.247ms hit=0.869976 e2e=1131.823ms
[ok] openhands s384 turn2 ttft=335.839ms hit=0.908331 e2e=1146.231ms
[ok] openhands s257 turn14 ttft=459.329ms hit=0.989813 e2e=1117.337ms
[ok] openhands s2 turn5 ttft=473.905ms hit=0.943605 e2e=1143.262ms
[ok] request s6 turn2 ttft=139.082ms hit=0.0 e2e=831.209ms
[ok] request s292 turn3 ttft=136.793ms hit=0.0 e2e=829.811ms
[ok] request s399 turn0 ttft=244.466ms hit=0.0 e2e=941.982ms
[ok] request s382 turn0 ttft=133.52ms hit=0.0 e2e=898.806ms
[ok] request s49 turn0 ttft=137.528ms hit=0.0 e2e=266.903ms
[ok] request s51 turn0 ttft=248.854ms hit=0.0 e2e=646.256ms
[ok] openhands s257 turn15 ttft=502.667ms hit=0.987691 e2e=906.444ms
[ok] openhands s2 turn6 ttft=380.089ms hit=0.975445 e2e=936.362ms
[ok] openhands s131 turn10 ttft=501.065ms hit=0.871603 e2e=899.815ms
[ok] openhands s384 turn3 ttft=523.712ms hit=0.985895 e2e=928.73ms
[ok] request s348 turn0 ttft=307.255ms hit=0.0 e2e=967.175ms
[ok] request s51 turn1 ttft=606.829ms hit=0.0 e2e=873.195ms
[ok] request s382 turn1 ttft=988.401ms hit=0.0 e2e=1256.706ms
[ok] openhands s131 turn11 ttft=1182.643ms hit=0.454406 e2e=1450.008ms
[ok] request s236 turn0 ttft=325.498ms hit=0.0 e2e=1490.493ms
[ok] openhands s2 turn7 ttft=450.239ms hit=0.978032 e2e=1464.89ms
[ok] request s49 turn1 ttft=335.205ms hit=0.0 e2e=1500.084ms
[ok] openhands s257 turn16 ttft=1174.747ms hit=0.976678 e2e=1444.683ms
[ok] openhands s384 turn4 ttft=818.585ms hit=0.980194 e2e=1461.27ms
[ok] request s49 turn2 ttft=288.23ms hit=0.0 e2e=682.245ms
[ok] openhands s257 turn17 ttft=513.422ms hit=0.982616 e2e=917.45ms
[ok] openhands s384 turn5 ttft=395.652ms hit=0.931653 e2e=933.165ms
[ok] openhands s131 turn12 ttft=515.154ms hit=0.955556 e2e=911.689ms
[ok] openhands s2 turn8 ttft=518.509ms hit=0.973099 e2e=924.339ms
[ok] request s51 turn2 ttft=144.87ms hit=0.0 e2e=674.984ms
[ok] request s382 turn2 ttft=142.034ms hit=0.0 e2e=672.945ms
[ok] openhands s384 turn6 ttft=515.691ms hit=0.965086 e2e=821.355ms
[ok] openhands s257 turn18 ttft=405.562ms hit=0.994981 e2e=844.18ms
[ok] openhands s2 turn9 ttft=530.227ms hit=0.981356 e2e=835.86ms
[ok] openhands s131 turn13 ttft=575.6ms hit=0.91072 e2e=831.184ms
[ok] openhands s384 turn7 ttft=706.982ms hit=0.950004 e2e=1480.721ms
[ok] openhands s257 turn19 ttft=485.373ms hit=0.995911 e2e=1494.794ms
[ok] request s51 turn3 ttft=1138.837ms hit=0.0 e2e=1416.33ms
[ok] openhands s131 turn14 ttft=1186.125ms hit=0.749471 e2e=1463.206ms
[ok] openhands s2 turn10 ttft=713.12ms hit=0.925035 e2e=1488.128ms
[ok] openhands s257 turn20 ttft=385.375ms hit=0.991855 e2e=786.707ms
[ok] openhands s384 turn8 ttft=412.938ms hit=0.879948 e2e=776.548ms
[ok] request s51 turn4 ttft=140.194ms hit=0.704403 e2e=776.584ms
[ok] openhands s257 turn21 ttft=397.983ms hit=0.961609 e2e=785.846ms
[ok] openhands s384 turn9 ttft=520.936ms hit=0.910336 e2e=777.848ms
[ok] openhands s2 turn11 ttft=503.227ms hit=0.979592 e2e=756.231ms
[ok] openhands s257 turn22 ttft=570.466ms hit=0.98289 e2e=827.25ms
[ok] openhands s384 turn10 ttft=346.645ms hit=0.989364 e2e=859.01ms
[ok] openhands s2 turn12 ttft=473.015ms hit=0.98074 e2e=854.399ms
[ok] request s51 turn5 ttft=204.4ms hit=0.690855 e2e=460.502ms
[ok] openhands s384 turn11 ttft=345.385ms hit=0.98719 e2e=748.094ms
[ok] openhands s2 turn13 ttft=476.14ms hit=0.987953 e2e=742.534ms
[ok] openhands s257 turn23 ttft=475.923ms hit=0.959224 e2e=729.027ms
[ok] openhands s257 turn24 ttft=509.356ms hit=0.947226 e2e=760.433ms
[ok] openhands s2 turn14 ttft=337.151ms hit=0.987096 e2e=774.939ms
[ok] openhands s384 turn12 ttft=476.673ms hit=0.984838 e2e=767.82ms
[ok] openhands s257 turn25 ttft=420.779ms hit=0.990874 e2e=671.085ms
[ok] openhands s384 turn13 ttft=412.909ms hit=0.989531 e2e=659.752ms
[ok] openhands s257 turn26 ttft=412.522ms hit=0.986763 e2e=663.059ms
[ok] openhands s384 turn14 ttft=406.231ms hit=0.992725 e2e=652.329ms
[ok] openhands s257 turn27 ttft=290.325ms hit=0.980825 e2e=536.213ms
[ok] openhands s257 turn28 ttft=310.139ms hit=0.988381 e2e=556.04ms
[ok] openhands s257 turn29 ttft=297.477ms hit=0.986736 e2e=543.468ms
[ok] openhands s257 turn30 ttft=381.13ms hit=0.985144 e2e=628.188ms
[ok] openhands s257 turn31 ttft=448.526ms hit=0.920818 e2e=695.473ms
[ok] openhands s257 turn32 ttft=315.787ms hit=0.985547 e2e=564.113ms
[ok] request s285 turn0 ttft=620.376ms hit=0.0 e2e=1756.094ms
[ok] openhands s447 turn0 ttft=810.824ms hit=0.0 e2e=2071.027ms
[ok] request s286 turn0 ttft=305.281ms hit=0.0 e2e=1440.34ms
[ok] request s462 turn0 ttft=500.623ms hit=0.0 e2e=1121.006ms
[ok] request s229 turn0 ttft=692.843ms hit=0.0 e2e=1439.398ms
[ok] request s429 turn0 ttft=185.024ms hit=0.0 e2e=804.438ms
[ok] request s347 turn0 ttft=141.665ms hit=0.0 e2e=626.909ms
[ok] request s300 turn0 ttft=159.264ms hit=0.0 e2e=639.613ms
[ok] openhands s447 turn1 ttft=300.781ms hit=0.977936 e2e=784.068ms
[ok] request s451 turn0 ttft=130.146ms hit=0.0 e2e=1132.39ms
[ok] request s286 turn1 ttft=135.802ms hit=0.0 e2e=1021.762ms
[ok] request s13 turn0 ttft=263.661ms hit=0.0 e2e=911.052ms
[ok] request s347 turn1 ttft=250.585ms hit=0.357043 e2e=636.524ms
[ok] request s462 turn1 ttft=388.221ms hit=0.0 e2e=777.533ms
[ok] openhands s447 turn2 ttft=394.632ms hit=0.836972 e2e=906.55ms
[ok] request s558 turn0 ttft=209.648ms hit=0.0 e2e=596.332ms
[ok] request s152 turn0 ttft=137.684ms hit=0.0 e2e=604.099ms
[ok] request s114 turn0 ttft=256.688ms hit=0.0 e2e=898.173ms
[ok] openhands s447 turn3 ttft=294.82ms hit=0.796551 e2e=936.513ms
[ok] request s566 turn0 ttft=133.631ms hit=0.0 e2e=270.026ms
[ok] request s103 turn0 ttft=174.57ms hit=0.0 e2e=664.047ms
[ok] request s451 turn1 ttft=154.808ms hit=0.0 e2e=647.396ms
[ok] request s244 turn0 ttft=184.854ms hit=0.0 e2e=1189.563ms
[ok] openhands s447 turn4 ttft=237.524ms hit=0.882514 e2e=1241.944ms
[ok] request s503 turn0 ttft=497.315ms hit=0.0 e2e=878.287ms
[ok] request s114 turn1 ttft=587.536ms hit=0.0 e2e=969.243ms
[ok] request s466 turn0 ttft=182.578ms hit=0.0 e2e=563.328ms
[ok] openhands s510 turn0 ttft=694.868ms hit=0.0 e2e=1198.485ms
[ok] request s524 turn0 ttft=142.204ms hit=0.0 e2e=292.45ms
[ok] openhands s447 turn5 ttft=210.778ms hit=0.976605 e2e=698.597ms
[ok] request s538 turn0 ttft=224.391ms hit=0.0 e2e=966.915ms
[ok] openhands s510 turn1 ttft=291.68ms hit=0.923146 e2e=1036.534ms
[ok] request s97 turn0 ttft=185.055ms hit=0.0 e2e=588.458ms
[ok] request s503 turn1 ttft=290.596ms hit=0.0 e2e=916.617ms
[ok] openhands s447 turn6 ttft=370.823ms hit=0.987921 e2e=1119.781ms
[ok] request s466 turn1 ttft=288.754ms hit=0.0 e2e=916.834ms
[ok] request s168 turn0 ttft=257.245ms hit=0.0 e2e=1129.324ms
[ok] request s437 turn0 ttft=258.609ms hit=0.0 e2e=879.222ms
[ok] openhands s510 turn2 ttft=245.933ms hit=0.983306 e2e=863.98ms
[ok] request s427 turn0 ttft=179.634ms hit=0.0 e2e=246.805ms
[ok] request s225 turn0 ttft=128.24ms hit=0.0 e2e=1834.241ms
[ok] request s74 turn0 ttft=207.228ms hit=0.0 e2e=1814.5ms
[ok] request s538 turn1 ttft=228.274ms hit=0.0 e2e=1836.322ms
[ok] openhands s447 turn7 ttft=334.371ms hit=0.989173 e2e=1947.391ms
[ok] request s184 turn0 ttft=693.813ms hit=0.0 e2e=1225.8ms
[ok] request s466 turn2 ttft=869.707ms hit=0.0 e2e=1403.05ms
[ok] request s97 turn1 ttft=333.193ms hit=0.0 e2e=1625.318ms
[ok] openhands s510 turn3 ttft=958.391ms hit=0.472224 e2e=1614.929ms
[ok] request s490 turn0 ttft=494.256ms hit=0.0 e2e=910.149ms
[ok] request s359 turn0 ttft=889.825ms hit=0.0 e2e=1546.95ms
[ok] request s163 turn0 ttft=141.59ms hit=0.0 e2e=1801.143ms
[ok] request s225 turn1 ttft=382.966ms hit=0.0 e2e=1667.384ms
[ok] request s359 turn1 ttft=756.736ms hit=0.0 e2e=1321.164ms
[ok] request s43 turn0 ttft=483.935ms hit=0.0 e2e=930.181ms
[ok] openhands s447 turn8 ttft=446.849ms hit=0.987595 e2e=1732.662ms
[ok] request s466 turn3 ttft=638.585ms hit=0.535565 e2e=1328.435ms
[ok] openhands s258 turn0 ttft=877.859ms hit=0.0 e2e=1569.091ms
[ok] request s93 turn0 ttft=683.442ms hit=0.0 e2e=1252.016ms
[ok] request s425 turn0 ttft=418.827ms hit=0.0 e2e=1886.037ms
[ok] openhands s510 turn4 ttft=333.066ms hit=0.970733 e2e=1927.955ms
[ok] request s331 turn0 ttft=171.323ms hit=0.0 e2e=617.737ms
[ok] request s97 turn2 ttft=757.513ms hit=0.0 e2e=1328.031ms
[ok] request s538 turn2 ttft=682.94ms hit=0.0 e2e=1374.817ms
[ok] request s445 turn0 ttft=140.369ms hit=0.0 e2e=1781.195ms
[ok] openhands s447 turn9 ttft=545.102ms hit=0.988825 e2e=1813.651ms
[ok] request s335 turn0 ttft=424.229ms hit=0.0 e2e=1818.043ms
[ok] request s542 turn0 ttft=231.0ms hit=0.0 e2e=1501.312ms
[ok] openhands s510 turn5 ttft=428.425ms hit=0.991364 e2e=1823.153ms
[ok] openhands s258 turn1 ttft=309.347ms hit=0.978536 e2e=1833.172ms
[ok] request s225 turn2 ttft=299.478ms hit=0.0 e2e=1443.131ms
[ok] request s43 turn1 ttft=572.47ms hit=0.0 e2e=1442.672ms
[ok] request s185 turn0 ttft=496.138ms hit=0.0 e2e=1070.453ms
[ok] request s359 turn2 ttft=574.33ms hit=0.477315 e2e=1444.347ms
[ok] request s346 turn0 ttft=696.341ms hit=0.0 e2e=1388.013ms
[ok] request s355 turn0 ttft=180.409ms hit=0.0 e2e=753.141ms
[ok] request s97 turn3 ttft=568.094ms hit=0.0 e2e=1439.843ms
[ok] request s444 turn0 ttft=139.76ms hit=0.0 e2e=785.39ms
[ok] request s40 turn0 ttft=270.743ms hit=0.0 e2e=1205.264ms
[ok] openhands s258 turn2 ttft=313.854ms hit=0.978367 e2e=1250.735ms
[ok] openhands s447 turn10 ttft=338.005ms hit=0.971112 e2e=1275.595ms
[ok] openhands s510 turn6 ttft=347.518ms hit=0.976184 e2e=1292.678ms
[ok] request s468 turn0 ttft=133.603ms hit=0.0 e2e=1119.791ms
[ok] request s59 turn0 ttft=136.518ms hit=0.0 e2e=486.202ms
[ok] request s43 turn2 ttft=236.359ms hit=0.561404 e2e=921.358ms
[ok] request s185 turn1 ttft=235.511ms hit=0.0 e2e=920.197ms
[ok] request s90 turn0 ttft=274.145ms hit=0.0 e2e=1005.542ms
[ok] request s355 turn1 ttft=231.639ms hit=0.0 e2e=916.154ms
[ok] request s359 turn3 ttft=235.576ms hit=0.665223 e2e=919.756ms
[ok] request s346 turn1 ttft=234.571ms hit=0.830105 e2e=918.268ms
[ok] request s335 turn1 ttft=258.236ms hit=0.0 e2e=1126.515ms
[ok] request s542 turn1 ttft=256.25ms hit=0.0 e2e=1125.554ms
[ok] request s541 turn0 ttft=315.663ms hit=0.0 e2e=541.433ms
[ok] openhands s510 turn7 ttft=319.747ms hit=0.985727 e2e=1761.857ms
[ok] openhands s258 turn3 ttft=323.194ms hit=0.978136 e2e=1767.731ms
[ok] openhands s447 turn11 ttft=345.869ms hit=0.969011 e2e=1798.068ms
[ok] request s355 turn2 ttft=303.518ms hit=0.0 e2e=1102.731ms
[ok] request s431 turn0 ttft=133.348ms hit=0.0 e2e=808.699ms
[ok] request s59 turn1 ttft=373.559ms hit=0.0 e2e=1309.674ms
[ok] request s185 turn2 ttft=306.1ms hit=0.0 e2e=1108.543ms
[ok] openhands s1 turn0 ttft=703.301ms hit=0.0 e2e=1761.382ms
[ok] request s335 turn2 ttft=423.702ms hit=0.0 e2e=1104.304ms
[ok] request s346 turn2 ttft=424.849ms hit=0.918807 e2e=1106.262ms
[ok] request s410 turn0 ttft=507.488ms hit=0.0 e2e=1445.108ms
[ok] request s559 turn0 ttft=323.023ms hit=0.0 e2e=1126.923ms
[ok] request s280 turn0 ttft=141.28ms hit=0.0 e2e=1524.813ms
[ok] openhands s510 turn8 ttft=630.369ms hit=0.988939 e2e=1555.191ms
[ok] request s352 turn0 ttft=224.954ms hit=0.0 e2e=1147.394ms
[ok] openhands s447 turn12 ttft=530.216ms hit=0.890435 e2e=1585.526ms
[ok] openhands s258 turn4 ttft=388.397ms hit=0.980092 e2e=1609.372ms
[ok] openhands s1 turn1 ttft=360.286ms hit=0.975935 e2e=1289.72ms
[ok] request s146 turn0 ttft=537.561ms hit=0.0 e2e=1466.653ms
[ok] request s346 turn3 ttft=392.792ms hit=0.88105 e2e=995.616ms
[ok] request s335 turn3 ttft=275.291ms hit=0.6658 e2e=998.386ms
[ok] request s310 turn0 ttft=139.839ms hit=0.0 e2e=1141.804ms
[ok] request s125 turn0 ttft=232.893ms hit=0.0 e2e=824.675ms
[ok] request s185 turn3 ttft=395.559ms hit=0.0 e2e=1001.063ms
[ok] request s59 turn2 ttft=277.845ms hit=0.0 e2e=1003.154ms
[ok] request s248 turn0 ttft=368.255ms hit=0.0 e2e=645.263ms
[ok] request s560 turn0 ttft=142.053ms hit=0.0 e2e=1746.405ms
[ok] request s293 turn0 ttft=739.254ms hit=0.0 e2e=1764.674ms
[ok] request s335 turn4 ttft=399.254ms hit=0.0 e2e=976.349ms
[ok] openhands s447 turn13 ttft=838.995ms hit=0.990033 e2e=1864.716ms
[ok] request s148 turn0 ttft=421.864ms hit=0.0 e2e=1454.433ms
[ok] request s185 turn4 ttft=395.695ms hit=0.0 e2e=977.867ms
[ok] openhands s1 turn2 ttft=721.36ms hit=0.666348 e2e=1884.919ms
[ok] request s79 turn0 ttft=246.496ms hit=0.0 e2e=819.568ms
[ok] openhands s510 turn9 ttft=446.626ms hit=0.988094 e2e=1892.651ms
[ok] request s59 turn3 ttft=394.371ms hit=0.0 e2e=976.867ms
[ok] request s125 turn1 ttft=397.643ms hit=0.0 e2e=979.834ms
[ok] openhands s258 turn5 ttft=850.311ms hit=0.881348 e2e=1883.253ms
[ok] request s352 turn1 ttft=378.762ms hit=0.0 e2e=1293.698ms
[ok] request s310 turn1 ttft=399.242ms hit=0.0 e2e=981.673ms
[ok] request s290 turn0 ttft=138.655ms hit=0.0 e2e=788.928ms
[ok] request s171 turn0 ttft=144.816ms hit=0.0 e2e=1072.66ms
[ok] request s560 turn1 ttft=251.667ms hit=0.0 e2e=898.955ms
[ok] openhands s447 turn14 ttft=452.53ms hit=0.991783 e2e=1100.453ms
[ok] openhands s510 turn10 ttft=498.251ms hit=0.985443 e2e=1154.872ms
[ok] openhands s1 turn3 ttft=365.11ms hit=0.845994 e2e=1158.537ms
[ok] openhands s258 turn6 ttft=450.508ms hit=0.964709 e2e=1107.079ms
[ok] request s59 turn4 ttft=256.734ms hit=0.689408 e2e=1330.468ms
[ok] request s335 turn5 ttft=261.378ms hit=0.873294 e2e=1338.48ms
[ok] request s148 turn1 ttft=256.177ms hit=0.0 e2e=1333.811ms
[ok] request s290 turn1 ttft=135.895ms hit=0.0 e2e=1089.548ms
[ok] openhands s510 turn11 ttft=595.473ms hit=0.984426 e2e=986.215ms
[ok] openhands s258 turn7 ttft=608.193ms hit=0.729665 e2e=1033.815ms
[ok] openhands s1 turn4 ttft=357.914ms hit=0.963375 e2e=1039.245ms
[ok] openhands s447 turn15 ttft=627.384ms hit=0.96595 e2e=1020.194ms
[ok] request s560 turn2 ttft=176.205ms hit=0.0 e2e=444.006ms
[ok] request s335 turn6 ttft=278.783ms hit=0.789514 e2e=672.199ms
[ok] openhands s447 turn16 ttft=448.162ms hit=0.957384 e2e=990.904ms
[ok] openhands s1 turn5 ttft=327.445ms hit=0.988117 e2e=1004.457ms
[ok] openhands s510 turn12 ttft=547.416ms hit=0.990643 e2e=962.413ms
[ok] request s560 turn3 ttft=144.07ms hit=0.0 e2e=649.724ms
[ok] openhands s447 turn17 ttft=444.144ms hit=0.968055 e2e=999.03ms
[ok] openhands s1 turn6 ttft=331.635ms hit=0.990329 e2e=1020.963ms
[ok] openhands s510 turn13 ttft=389.293ms hit=0.97471 e2e=938.359ms
[ok] request s335 turn7 ttft=274.36ms hit=0.0 e2e=785.899ms
[ok] request s560 turn4 ttft=281.269ms hit=0.0 e2e=819.785ms
[ok] openhands s510 turn14 ttft=350.42ms hit=0.975622 e2e=591.217ms
[ok] openhands s1 turn7 ttft=350.277ms hit=0.917453 e2e=596.953ms
[ok] openhands s510 turn15 ttft=353.286ms hit=0.994729 e2e=598.384ms
[ok] openhands s1 turn8 ttft=346.316ms hit=0.992876 e2e=588.33ms
[ok] openhands s1 turn9 ttft=201.935ms hit=0.966335 e2e=446.395ms
[ok] openhands s1 turn10 ttft=208.242ms hit=0.963733 e2e=452.203ms
[ok] openhands s1 turn11 ttft=205.648ms hit=0.945488 e2e=450.154ms
[ok] openhands s1 turn12 ttft=212.742ms hit=0.985659 e2e=455.703ms
[ok] openhands s1 turn13 ttft=223.878ms hit=0.977371 e2e=467.411ms
[ok] openhands s1 turn14 ttft=224.767ms hit=0.9876 e2e=468.048ms
[ok] request s239 turn0 ttft=133.062ms hit=0.0 e2e=226.611ms
[ok] openhands s193 turn0 ttft=721.574ms hit=0.0 e2e=1210.889ms
[ok] request s159 turn0 ttft=412.208ms hit=0.0 e2e=901.835ms
[ok] request s424 turn0 ttft=229.178ms hit=0.0 e2e=632.51ms
[ok] request s392 turn0 ttft=246.632ms hit=0.0 e2e=852.279ms
[ok] openhands s193 turn1 ttft=292.518ms hit=0.96437 e2e=901.412ms
[ok] request s265 turn0 ttft=173.025ms hit=0.0 e2e=267.114ms
[ok] request s94 turn0 ttft=133.043ms hit=0.0 e2e=866.68ms
[ok] request s159 turn1 ttft=251.795ms hit=0.406349 e2e=874.354ms
[ok] openhands s193 turn2 ttft=297.214ms hit=0.927056 e2e=847.702ms
[ok] request s463 turn0 ttft=208.093ms hit=0.0 e2e=750.777ms
[ok] request s253 turn0 ttft=146.716ms hit=0.0 e2e=946.723ms
[ok] request s265 turn1 ttft=320.229ms hit=0.0 e2e=1269.108ms
[ok] request s498 turn0 ttft=165.753ms hit=0.0 e2e=868.75ms
[ok] openhands s193 turn3 ttft=364.188ms hit=0.967582 e2e=1070.588ms
[ok] request s390 turn0 ttft=360.701ms hit=0.0 e2e=1187.935ms
[ok] request s463 turn1 ttft=181.435ms hit=0.0 e2e=2645.409ms
[ok] request s539 turn0 ttft=256.12ms hit=0.0 e2e=2727.707ms
[ok] request s353 turn0 ttft=213.198ms hit=0.0 e2e=2492.031ms
[ok] openhands s385 turn0 ttft=743.064ms hit=0.0 e2e=1492.339ms
[ok] request s470 turn0 ttft=726.091ms hit=0.0 e2e=2127.955ms
[ok] request s278 turn0 ttft=923.224ms hit=0.0 e2e=2445.139ms
[ok] request s378 turn0 ttft=641.08ms hit=0.0 e2e=1179.067ms
[ok] request s58 turn0 ttft=129.255ms hit=0.0 e2e=543.356ms
[ok] request s514 turn0 ttft=444.644ms hit=0.0 e2e=861.58ms
[ok] openhands s193 turn4 ttft=1002.944ms hit=0.477461 e2e=2528.858ms
[ok] request s361 turn0 ttft=586.243ms hit=0.0 e2e=1814.271ms
[ok] request s498 turn1 ttft=526.786ms hit=0.0 e2e=1932.134ms
[ok] request s525 turn0 ttft=133.557ms hit=0.0 e2e=1169.017ms
[ok] request s494 turn0 ttft=135.773ms hit=0.0 e2e=155.366ms
[ok] request s85 turn0 ttft=371.756ms hit=0.0 e2e=1139.072ms
[ok] request s219 turn0 ttft=183.08ms hit=0.0 e2e=821.799ms
[ok] openhands s193 turn5 ttft=458.726ms hit=0.929782 e2e=1226.978ms
[ok] openhands s385 turn1 ttft=322.29ms hit=0.855778 e2e=1230.846ms
[ok] request s463 turn2 ttft=342.016ms hit=0.597782 e2e=986.78ms
[ok] request s370 turn0 ttft=131.728ms hit=0.0 e2e=645.038ms
[ok] request s498 turn2 ttft=249.726ms hit=0.0 e2e=770.345ms
[ok] request s470 turn1 ttft=253.978ms hit=0.0 e2e=774.256ms
[ok] request s274 turn0 ttft=343.397ms hit=0.0 e2e=1162.376ms
[ok] request s494 turn1 ttft=271.587ms hit=0.0 e2e=790.255ms
[ok] request s282 turn0 ttft=209.242ms hit=0.0 e2e=626.607ms
[ok] request s525 turn1 ttft=281.878ms hit=0.0 e2e=1079.65ms
[ok] openhands s385 turn2 ttft=466.641ms hit=0.989758 e2e=1385.171ms
[ok] request s219 turn1 ttft=365.336ms hit=0.539705 e2e=793.804ms
[ok] openhands s193 turn6 ttft=349.793ms hit=0.970778 e2e=1392.455ms
[ok] request s470 turn2 ttft=232.487ms hit=0.25422 e2e=653.248ms
[ok] request s365 turn0 ttft=270.276ms hit=0.0 e2e=947.912ms
[ok] request s458 turn0 ttft=144.504ms hit=0.0 e2e=788.29ms
[ok] openhands s193 turn7 ttft=311.501ms hit=0.947228 e2e=1913.497ms
[ok] request s368 turn0 ttft=306.669ms hit=0.0 e2e=1908.439ms
[ok] openhands s385 turn3 ttft=310.698ms hit=0.969761 e2e=1918.268ms
[ok] request s337 turn0 ttft=135.934ms hit=0.0 e2e=2117.77ms
[ok] request s494 turn2 ttft=329.986ms hit=0.0 e2e=1884.988ms
[ok] request s365 turn1 ttft=290.378ms hit=0.0 e2e=1910.449ms
[ok] request s518 turn0 ttft=263.276ms hit=0.0 e2e=1873.446ms
[ok] request s282 turn1 ttft=296.188ms hit=0.0 e2e=1918.994ms
[ok] request s470 turn3 ttft=293.137ms hit=0.526388 e2e=1915.596ms
[ok] request s274 turn1 ttft=269.886ms hit=0.0 e2e=2017.327ms
[ok] request s458 turn1 ttft=618.639ms hit=0.0 e2e=1985.622ms
[ok] request s420 turn0 ttft=539.129ms hit=0.0 e2e=1788.81ms
[ok] request s314 turn0 ttft=226.454ms hit=0.0 e2e=1472.191ms
[ok] openhands s323 turn0 ttft=738.782ms hit=0.0 e2e=2107.632ms
[ok] openhands s385 turn4 ttft=484.587ms hit=0.939687 e2e=1494.535ms
[ok] request s226 turn0 ttft=191.215ms hit=0.0 e2e=1198.515ms
[ok] request s106 turn0 ttft=254.595ms hit=0.0 e2e=1516.449ms
[ok] openhands s193 turn8 ttft=372.049ms hit=0.988357 e2e=1506.179ms
[ok] request s136 turn0 ttft=230.576ms hit=0.0 e2e=1034.691ms
[ok] request s368 turn1 ttft=253.181ms hit=0.0 e2e=1061.192ms
[ok] request s129 turn0 ttft=160.836ms hit=0.0 e2e=1223.867ms
[ok] request s365 turn2 ttft=217.439ms hit=0.375918 e2e=1023.123ms
[ok] request s282 turn2 ttft=215.197ms hit=0.446771 e2e=1023.692ms
[ok] request s527 turn0 ttft=151.775ms hit=0.0 e2e=959.935ms
[ok] request s494 turn3 ttft=270.622ms hit=0.0 e2e=1089.728ms
[ok] openhands s323 turn1 ttft=265.717ms hit=0.963614 e2e=1073.721ms
[ok] request s470 turn4 ttft=215.379ms hit=0.623782 e2e=1023.13ms
[ok] request s458 turn2 ttft=370.904ms hit=0.361582 e2e=1044.512ms
[ok] openhands s385 turn5 ttft=473.973ms hit=0.946596 e2e=1272.18ms
[ok] request s533 turn0 ttft=229.561ms hit=0.0 e2e=896.791ms
[ok] request s452 turn0 ttft=415.643ms hit=0.0 e2e=1213.72ms
[ok] openhands s193 turn9 ttft=356.764ms hit=0.969213 e2e=1282.094ms
[ok] request s420 turn1 ttft=369.876ms hit=0.0 e2e=1046.592ms
[ok] request s480 turn0 ttft=248.605ms hit=0.0 e2e=1331.595ms
[ok] openhands s323 turn2 ttft=221.3ms hit=0.945076 e2e=1299.328ms
[ok] request s368 turn2 ttft=203.337ms hit=0.0 e2e=1282.06ms
[ok] request s268 turn0 ttft=139.324ms hit=0.0 e2e=1479.465ms
[ok] request s470 turn5 ttft=498.397ms hit=0.770214 e2e=1353.474ms
[ok] openhands s385 turn6 ttft=518.309ms hit=0.946122 e2e=1374.426ms
[ok] request s129 turn1 ttft=277.25ms hit=0.608076 e2e=1412.694ms
[ok] request s207 turn0 ttft=167.513ms hit=0.0 e2e=1015.35ms
[ok] request s527 turn1 ttft=502.583ms hit=0.0 e2e=1362.177ms
[ok] openhands s193 turn10 ttft=394.429ms hit=0.940682 e2e=1385.826ms
[ok] request s430 turn0 ttft=476.988ms hit=0.0 e2e=1336.508ms
[ok] request s494 turn4 ttft=502.518ms hit=0.0 e2e=1361.709ms
[ok] openhands s323 turn3 ttft=241.811ms hit=0.970346 e2e=1997.689ms
[ok] request s458 turn3 ttft=272.369ms hit=0.0 e2e=2167.834ms
[ok] request s420 turn2 ttft=269.811ms hit=0.0 e2e=2164.888ms
[ok] request s279 turn0 ttft=303.577ms hit=0.0 e2e=2075.754ms
[ok] request s554 turn0 ttft=137.189ms hit=0.0 e2e=1818.953ms
[ok] request s295 turn0 ttft=167.617ms hit=0.0 e2e=190.363ms
[ok] request s480 turn1 ttft=825.769ms hit=0.0 e2e=2172.65ms
[ok] request s546 turn0 ttft=319.669ms hit=0.0 e2e=1249.656ms
[ok] request s268 turn1 ttft=526.423ms hit=0.0 e2e=1709.283ms
[ok] request s494 turn5 ttft=603.568ms hit=0.0 e2e=1534.412ms
[ok] openhands s193 turn11 ttft=917.869ms hit=0.989691 e2e=2101.958ms
[ok] request s470 turn6 ttft=604.97ms hit=0.0 e2e=1541.942ms
[ok] request s527 turn2 ttft=600.031ms hit=0.0 e2e=1539.807ms
[ok] request s129 turn2 ttft=603.421ms hit=0.0 e2e=1542.897ms
[ok] request s294 turn0 ttft=967.137ms hit=0.0 e2e=1890.101ms
[ok] openhands s385 turn7 ttft=950.78ms hit=0.904928 e2e=2139.727ms
[ok] openhands s68 turn0 ttft=854.105ms hit=0.0 e2e=2208.008ms
[ok] request s255 turn0 ttft=632.746ms hit=0.0 e2e=1572.675ms
[ok] request s78 turn0 ttft=142.45ms hit=0.0 e2e=956.624ms
[ok] openhands s323 turn4 ttft=303.272ms hit=0.977028 e2e=974.278ms
[ok] request s481 turn0 ttft=136.964ms hit=0.0 e2e=1189.117ms
[ok] request s458 turn4 ttft=167.729ms hit=0.734426 e2e=1083.998ms
[ok] request s420 turn3 ttft=166.307ms hit=0.626939 e2e=1082.295ms
[ok] request s279 turn1 ttft=163.752ms hit=0.0 e2e=1080.962ms
[ok] openhands s68 turn1 ttft=504.78ms hit=0.988878 e2e=1182.893ms
[ok] request s33 turn0 ttft=190.543ms hit=0.0 e2e=866.355ms
[ok] openhands s385 turn8 ttft=508.113ms hit=0.954887 e2e=1190.725ms
[ok] request s116 turn0 ttft=500.32ms hit=0.0 e2e=1182.669ms
[ok] openhands s193 turn12 ttft=386.324ms hit=0.975945 e2e=1201.19ms
[ok] openhands s323 turn5 ttft=306.425ms hit=0.98576 e2e=985.595ms
[ok] request s78 turn1 ttft=246.493ms hit=0.0 e2e=892.988ms
[ok] request s480 turn2 ttft=263.313ms hit=0.0 e2e=920.427ms
[ok] request s255 turn1 ttft=265.111ms hit=0.388467 e2e=911.624ms
[ok] request s470 turn7 ttft=269.276ms hit=0.829211 e2e=919.394ms
[ok] request s350 turn0 ttft=216.096ms hit=0.0 e2e=865.982ms
[ok] request s527 turn3 ttft=265.913ms hit=0.528926 e2e=915.506ms
[ok] request s95 turn0 ttft=131.738ms hit=0.0 e2e=2098.922ms
[ok] request s154 turn0 ttft=1426.314ms hit=0.0 e2e=1753.477ms
[ok] request s366 turn0 ttft=1633.326ms hit=0.0 e2e=2073.056ms
[ok] request s458 turn5 ttft=1511.011ms hit=0.0 e2e=1839.53ms
[ok] openhands s193 turn13 ttft=1702.636ms hit=0.954806 e2e=2142.223ms
[ok] request s33 turn1 ttft=1229.11ms hit=0.0 e2e=1561.719ms
[ok] request s480 turn3 ttft=915.837ms hit=0.0 e2e=1248.158ms
[ok] request s212 turn0 ttft=1113.775ms hit=0.0 e2e=1443.717ms
[ok] request s255 turn2 ttft=914.503ms hit=0.0 e2e=1246.792ms
[ok] request s375 turn0 ttft=792.85ms hit=0.0 e2e=1124.897ms
[ok] openhands s385 turn9 ttft=1709.471ms hit=0.980697 e2e=2154.077ms
[ok] request s304 turn0 ttft=476.961ms hit=0.0 e2e=809.102ms
[ok] openhands s68 turn2 ttft=1714.323ms hit=0.343441 e2e=2158.951ms
[ok] request s420 turn4 ttft=1511.603ms hit=0.0 e2e=1843.808ms
[ok] openhands s323 turn6 ttft=1591.403ms hit=0.964458 e2e=2036.1ms
[ok] openhands s193 turn14 ttft=448.722ms hit=0.929387 e2e=961.101ms
[ok] openhands s323 turn7 ttft=461.894ms hit=0.970031 e2e=1038.871ms
[ok] openhands s68 turn3 ttft=519.457ms hit=0.986603 e2e=1035.591ms
[ok] openhands s385 turn10 ttft=330.37ms hit=0.920991 e2e=1046.408ms
[ok] request s95 turn1 ttft=229.891ms hit=0.0 e2e=745.664ms
[ok] request s420 turn5 ttft=253.432ms hit=0.806723 e2e=771.346ms
[ok] request s366 turn1 ttft=257.037ms hit=0.0 e2e=778.756ms
[ok] openhands s385 turn11 ttft=452.463ms hit=0.979949 e2e=709.304ms
[ok] openhands s193 turn15 ttft=470.626ms hit=0.993175 e2e=719.446ms
[ok] openhands s323 turn8 ttft=330.046ms hit=0.874093 e2e=725.867ms
[ok] openhands s68 turn4 ttft=280.871ms hit=0.992225 e2e=530.163ms
[ok] openhands s193 turn16 ttft=599.456ms hit=0.982228 e2e=885.278ms
[ok] openhands s68 turn5 ttft=458.747ms hit=0.994118 e2e=876.525ms
[ok] openhands s385 turn12 ttft=583.528ms hit=0.978373 e2e=872.21ms
[ok] openhands s323 turn9 ttft=334.599ms hit=0.982313 e2e=893.44ms
[ok] request s420 turn6 ttft=414.823ms hit=0.756757 e2e=696.871ms
[ok] openhands s193 turn17 ttft=419.175ms hit=0.995246 e2e=897.538ms
[ok] openhands s323 turn10 ttft=551.218ms hit=0.850281 e2e=882.094ms
[ok] openhands s68 turn6 ttft=637.194ms hit=0.930339 e2e=889.358ms
[ok] openhands s385 turn13 ttft=480.509ms hit=0.965148 e2e=732.42ms
[ok] openhands s68 turn7 ttft=764.708ms hit=0.993559 e2e=1018.834ms
[ok] openhands s323 turn11 ttft=712.258ms hit=0.978721 e2e=959.971ms
[ok] openhands s385 turn14 ttft=520.962ms hit=0.921608 e2e=768.873ms
[ok] openhands s323 turn12 ttft=427.643ms hit=0.971417 e2e=674.188ms
[ok] openhands s385 turn15 ttft=421.261ms hit=0.930134 e2e=668.109ms
[ok] openhands s68 turn8 ttft=415.124ms hit=0.985308 e2e=682.098ms
[ok] openhands s385 turn16 ttft=352.823ms hit=0.968877 e2e=600.613ms
[ok] openhands s323 turn13 ttft=258.121ms hit=0.969 e2e=499.991ms
[ok] openhands s385 turn17 ttft=253.868ms hit=0.962065 e2e=494.288ms
[ok] openhands s323 turn14 ttft=339.888ms hit=0.980611 e2e=586.07ms
[ok] openhands s323 turn15 ttft=429.602ms hit=0.982772 e2e=563.797ms
[ok] openhands s385 turn18 ttft=217.71ms hit=0.934648 e2e=515.575ms
[ok] openhands s323 turn16 ttft=441.246ms hit=0.96952 e2e=654.374ms
[ok] openhands s385 turn19 ttft=232.65ms hit=0.934744 e2e=488.179ms
[ok] openhands s323 turn17 ttft=489.392ms hit=0.948727 e2e=747.63ms
[ok] openhands s385 turn20 ttft=377.846ms hit=0.951362 e2e=629.884ms
[ok] openhands s68 turn9 ttft=494.945ms hit=0.916131 e2e=893.536ms
[ok] openhands s68 turn10 ttft=781.389ms hit=0.832844 e2e=1022.061ms
[ok] openhands s385 turn21 ttft=675.067ms hit=0.960669 e2e=915.768ms
[ok] openhands s68 turn11 ttft=514.137ms hit=0.979302 e2e=764.181ms
[ok] openhands s385 turn22 ttft=509.119ms hit=0.967487 e2e=753.392ms
[ok] openhands s385 turn23 ttft=242.571ms hit=0.980789 e2e=486.826ms
[ok] openhands s385 turn24 ttft=265.118ms hit=0.979706 e2e=509.287ms
[ok] openhands s385 turn25 ttft=253.068ms hit=0.98365 e2e=496.999ms
[ok] openhands s385 turn26 ttft=257.536ms hit=0.955539 e2e=589.394ms
[ok] openhands s68 turn12 ttft=381.122ms hit=0.986202 e2e=685.854ms
[ok] openhands s385 turn27 ttft=263.604ms hit=0.965157 e2e=585.528ms
[ok] openhands s68 turn13 ttft=542.14ms hit=0.979218 e2e=679.71ms
[ok] openhands s385 turn28 ttft=272.353ms hit=0.980035 e2e=514.736ms
[ok] openhands s385 turn29 ttft=259.043ms hit=0.985439 e2e=503.994ms
[ok] openhands s385 turn30 ttft=261.503ms hit=0.983154 e2e=505.949ms
[ok] openhands s385 turn31 ttft=330.692ms hit=0.987793 e2e=575.432ms
[ok] openhands s385 turn32 ttft=269.811ms hit=0.993447 e2e=646.022ms
[ok] openhands s68 turn14 ttft=325.274ms hit=0.985157 e2e=663.685ms
[ok] request s548 turn0 ttft=921.744ms hit=0.0 e2e=1454.146ms
[ok] openhands s322 turn0 ttft=1085.566ms hit=0.0 e2e=2100.711ms
[ok] request s11 turn0 ttft=599.257ms hit=0.0 e2e=1132.99ms
[ok] openhands s68 turn15 ttft=1519.504ms hit=0.830305 e2e=2054.504ms
[ok] request s271 turn0 ttft=278.367ms hit=0.0 e2e=813.368ms
[ok] openhands s385 turn33 ttft=452.656ms hit=0.982681 e2e=2215.574ms
[ok] request s404 turn0 ttft=1244.976ms hit=0.0 e2e=1780.912ms
[ok] request s345 turn0 ttft=142.295ms hit=0.0 e2e=195.821ms
[ok] request s428 turn0 ttft=139.136ms hit=0.0 e2e=879.904ms
[ok] request s389 turn0 ttft=243.539ms hit=0.0 e2e=271.587ms
[ok] request s457 turn0 ttft=885.387ms hit=0.0 e2e=1316.575ms
[ok] openhands s322 turn1 ttft=1212.212ms hit=0.907801 e2e=1783.133ms
[ok] request s271 turn1 ttft=762.644ms hit=0.0 e2e=1194.885ms
[ok] openhands s385 turn34 ttft=1208.089ms hit=0.964967 e2e=1782.489ms
[ok] request s404 turn1 ttft=761.646ms hit=0.0 e2e=1196.361ms
[ok] request s440 turn0 ttft=564.295ms hit=0.0 e2e=998.74ms
[ok] request s345 turn1 ttft=736.173ms hit=0.0 e2e=1170.316ms
[ok] openhands s68 turn16 ttft=1221.435ms hit=0.868385 e2e=1797.257ms
[ok] request s227 turn0 ttft=1210.772ms hit=0.0 e2e=1644.827ms
[ok] request s389 turn1 ttft=289.327ms hit=0.0 e2e=324.411ms
[ok] request s531 turn0 ttft=133.942ms hit=0.0 e2e=920.883ms
[ok] request s398 turn0 ttft=252.153ms hit=0.0 e2e=268.388ms
[ok] request s187 turn0 ttft=202.53ms hit=0.0 e2e=833.882ms
[ok] request s122 turn0 ttft=271.049ms hit=0.0 e2e=1155.305ms
[ok] openhands s322 turn2 ttft=364.511ms hit=0.933625 e2e=1125.99ms
[ok] request s389 turn2 ttft=262.515ms hit=0.0 e2e=467.128ms
[ok] request s227 turn1 ttft=264.201ms hit=0.868868 e2e=1311.104ms
[ok] request s457 turn1 ttft=261.458ms hit=0.0 e2e=1318.621ms
[ok] request s404 turn2 ttft=266.757ms hit=0.241737 e2e=1314.693ms
[ok] request s118 turn0 ttft=133.099ms hit=0.0 e2e=1183.192ms
[ok] openhands s385 turn35 ttft=412.998ms hit=0.989568 e2e=1052.39ms
[ok] request s121 turn0 ttft=307.945ms hit=0.0 e2e=947.976ms
[ok] openhands s322 turn3 ttft=426.952ms hit=0.797808 e2e=1079.12ms
[ok] request s28 turn0 ttft=142.789ms hit=0.0 e2e=2270.388ms
[ok] request s389 turn3 ttft=198.834ms hit=0.0 e2e=1788.088ms
[ok] request s187 turn1 ttft=138.181ms hit=0.0 e2e=2263.989ms
[ok] request s411 turn0 ttft=139.868ms hit=0.0 e2e=150.881ms
[ok] request s166 turn0 ttft=137.809ms hit=0.0 e2e=2140.21ms
[ok] request s151 turn0 ttft=309.761ms hit=0.0 e2e=1834.551ms
[ok] openhands s322 turn4 ttft=514.889ms hit=0.976996 e2e=2163.509ms
[ok] openhands s67 turn0 ttft=844.129ms hit=0.0 e2e=1514.093ms
[ok] request s118 turn1 ttft=260.662ms hit=0.0 e2e=1668.143ms
[ok] request s121 turn1 ttft=350.698ms hit=0.0 e2e=1581.499ms
[ok] request s7 turn0 ttft=321.547ms hit=0.0 e2e=871.741ms
[ok] request s289 turn0 ttft=639.37ms hit=0.0 e2e=1194.05ms
[ok] openhands s385 turn36 ttft=406.239ms hit=0.984744 e2e=2180.512ms
[ok] request s31 turn0 ttft=511.216ms hit=0.0 e2e=2163.819ms
[ok] request s389 turn4 ttft=401.709ms hit=0.0 e2e=428.183ms
[ok] request s145 turn0 ttft=140.86ms hit=0.0 e2e=1148.598ms
[ok] request s464 turn0 ttft=495.409ms hit=0.0 e2e=1270.652ms
[ok] openhands s322 turn5 ttft=460.651ms hit=0.939048 e2e=1364.499ms
[ok] request s187 turn2 ttft=389.573ms hit=0.0 e2e=1168.962ms
[ok] request s563 turn0 ttft=174.496ms hit=0.0 e2e=951.937ms
[ok] openhands s67 turn1 ttft=319.417ms hit=0.988878 e2e=1369.771ms
[ok] openhands s385 turn37 ttft=577.718ms hit=0.97833 e2e=1356.129ms
[ok] request s289 turn1 ttft=143.928ms hit=0.0 e2e=1213.925ms
[ok] request s121 turn2 ttft=147.214ms hit=0.342475 e2e=1216.435ms
[ok] request s234 turn0 ttft=133.723ms hit=0.0 e2e=1077.916ms
[ok] request s118 turn2 ttft=148.118ms hit=0.592593 e2e=1218.164ms
[ok] request s389 turn5 ttft=152.652ms hit=0.0 e2e=599.675ms
[ok] request s20 turn0 ttft=138.239ms hit=0.0 e2e=1801.854ms
[ok] request s519 turn0 ttft=254.932ms hit=0.0 e2e=559.364ms
[ok] request s145 turn1 ttft=500.03ms hit=0.0 e2e=1464.201ms
[ok] request s87 turn0 ttft=581.441ms hit=0.0 e2e=1612.426ms
[ok] openhands s322 turn6 ttft=454.252ms hit=0.91217 e2e=1630.847ms
[ok] request s187 turn3 ttft=249.336ms hit=0.0 e2e=1044.967ms
[ok] openhands s68 turn17 ttft=683.33ms hit=0.990869 e2e=1594.148ms
[ok] request s52 turn0 ttft=194.603ms hit=0.0 e2e=986.583ms
[ok] request s380 turn0 ttft=398.249ms hit=0.0 e2e=1308.964ms
[ok] openhands s67 turn2 ttft=446.588ms hit=0.888463 e2e=1645.104ms
[ok] openhands s385 turn38 ttft=595.431ms hit=0.954951 e2e=1630.834ms
[ok] request s20 turn1 ttft=1468.786ms hit=0.0 e2e=1685.088ms
[ok] request s289 turn2 ttft=309.826ms hit=0.0 e2e=2775.372ms
[ok] request s234 turn1 ttft=305.326ms hit=0.0 e2e=2775.22ms
[ok] request s121 turn3 ttft=307.399ms hit=0.0 e2e=2776.995ms
[ok] request s118 turn3 ttft=305.388ms hit=0.0 e2e=2774.66ms
[ok] request s556 turn0 ttft=173.912ms hit=0.0 e2e=2529.342ms
[ok] request s145 turn2 ttft=1387.892ms hit=0.0 e2e=1767.476ms
[ok] request s376 turn0 ttft=455.386ms hit=0.0 e2e=3222.823ms
[ok] request s262 turn0 ttft=1429.814ms hit=0.0 e2e=2938.561ms
[ok] openhands s68 turn18 ttft=1719.868ms hit=0.988103 e2e=3233.854ms
[ok] request s187 turn4 ttft=1314.543ms hit=0.0 e2e=2648.718ms
[ok] openhands s322 turn7 ttft=1485.456ms hit=0.824804 e2e=2819.227ms
[ok] request s123 turn0 ttft=643.821ms hit=0.0 e2e=1977.286ms
[ok] request s8 turn0 ttft=967.747ms hit=0.0 e2e=2300.379ms
[ok] request s87 turn1 ttft=1321.675ms hit=0.0 e2e=2653.959ms
[ok] request s52 turn1 ttft=1316.097ms hit=0.0 e2e=2647.601ms
[ok] request s469 turn0 ttft=324.879ms hit=0.0 e2e=1655.14ms
[ok] request s283 turn0 ttft=1292.919ms hit=0.0 e2e=2623.94ms
[ok] openhands s67 turn3 ttft=1730.485ms hit=0.38474 e2e=3247.651ms
[ok] request s380 turn1 ttft=1315.587ms hit=0.0 e2e=2647.615ms
[ok] openhands s385 turn39 ttft=1709.181ms hit=0.971527 e2e=3225.204ms
[ok] request s92 turn0 ttft=134.748ms hit=0.0 e2e=1791.121ms
[ok] request s145 turn3 ttft=272.506ms hit=0.0 e2e=1207.279ms
[ok] request s556 turn1 ttft=379.53ms hit=0.0 e2e=1325.116ms
[ok] request s121 turn4 ttft=389.073ms hit=0.0 e2e=1434.038ms
[ok] openhands s3 turn0 ttft=794.525ms hit=0.0 e2e=1976.631ms
[ok] request s48 turn0 ttft=593.985ms hit=0.0 e2e=1655.117ms
[ok] request s14 turn0 ttft=284.193ms hit=0.0 e2e=1331.933ms
[ok] request s459 turn0 ttft=501.761ms hit=0.0 e2e=1135.168ms
[ok] request s99 turn0 ttft=534.992ms hit=0.0 e2e=1484.694ms
[ok] openhands s67 turn4 ttft=622.121ms hit=0.986196 e2e=1752.554ms
[ok] request s238 turn0 ttft=220.44ms hit=0.0 e2e=1161.919ms
[ok] request s187 turn5 ttft=226.59ms hit=0.650572 e2e=1170.809ms
[ok] request s380 turn2 ttft=222.321ms hit=0.880734 e2e=1167.329ms
[ok] request s123 turn1 ttft=222.547ms hit=0.0 e2e=1168.829ms
[ok] openhands s68 turn19 ttft=492.088ms hit=0.996887 e2e=1768.969ms
[ok] openhands s385 turn40 ttft=644.303ms hit=0.948829 e2e=1600.139ms
[ok] openhands s3 turn1 ttft=266.438ms hit=0.984159 e2e=1269.736ms
[ok] request s529 turn0 ttft=306.014ms hit=0.0 e2e=1315.865ms
[ok] request s556 turn2 ttft=246.976ms hit=0.0 e2e=776.532ms
[ok] openhands s322 turn8 ttft=356.987ms hit=0.896116 e2e=1370.748ms
[ok] request s453 turn0 ttft=136.15ms hit=0.0 e2e=996.253ms
[ok] request s145 turn4 ttft=256.768ms hit=0.0 e2e=788.197ms
[ok] request s344 turn0 ttft=145.934ms hit=0.0 e2e=675.405ms
[ok] request s530 turn0 ttft=690.264ms hit=0.0 e2e=1509.668ms
[ok] openhands s385 turn41 ttft=653.902ms hit=0.946905 e2e=1616.481ms
[ok] request s123 turn2 ttft=349.124ms hit=0.222609 e2e=1031.515ms
[ok] request s218 turn0 ttft=189.308ms hit=0.0 e2e=866.88ms
[ok] request s307 turn0 ttft=368.246ms hit=0.0 e2e=1193.649ms
[ok] openhands s3 turn2 ttft=477.157ms hit=0.992378 e2e=1163.26ms
[ok] openhands s322 turn9 ttft=466.301ms hit=0.967491 e2e=1153.317ms
[ok] request s380 turn3 ttft=352.77ms hit=0.731777 e2e=1039.002ms
[ok] request s238 turn1 ttft=356.975ms hit=0.0 e2e=1042.958ms
[ok] openhands s68 turn20 ttft=595.462ms hit=0.985025 e2e=1636.363ms
[ok] openhands s67 turn5 ttft=712.978ms hit=0.991208 e2e=1539.688ms
[ok] request s38 turn0 ttft=227.834ms hit=0.0 e2e=1143.607ms
[ok] request s529 turn1 ttft=246.464ms hit=0.0 e2e=1163.838ms
[ok] request s556 turn3 ttft=242.347ms hit=0.0 e2e=1160.402ms
[ok] request s423 turn0 ttft=136.059ms hit=0.0 e2e=1181.816ms
[ok] openhands s385 turn42 ttft=946.563ms hit=0.966223 e2e=1347.299ms
[ok] openhands s67 turn6 ttft=586.229ms hit=0.992271 e2e=1369.094ms
[ok] openhands s3 turn3 ttft=588.882ms hit=0.955768 e2e=1372.658ms
[ok] request s502 turn0 ttft=800.797ms hit=0.0 e2e=2240.259ms
[ok] request s540 turn0 ttft=477.222ms hit=0.0 e2e=1918.072ms
[ok] openhands s68 turn21 ttft=766.689ms hit=0.989171 e2e=2325.918ms
[ok] request s115 turn0 ttft=156.318ms hit=0.0 e2e=1595.999ms
[ok] openhands s322 turn10 ttft=851.311ms hit=0.935627 e2e=2292.161ms
[ok] request s529 turn2 ttft=146.289ms hit=0.333116 e2e=1147.819ms
[ok] request s210 turn0 ttft=141.854ms hit=0.0 e2e=1280.561ms
[ok] openhands s67 turn7 ttft=964.002ms hit=0.993278 e2e=972.344ms
[ok] request s396 turn0 ttft=955.037ms hit=0.0 e2e=962.401ms
[ok] openhands s3 turn4 ttft=944.899ms hit=0.964427 e2e=946.192ms
[ok] request s529 turn3 ttft=1254.618ms hit=0.0 e2e=1569.881ms
[ok] openhands s67 turn8 ttft=1761.045ms hit=0.959508 e2e=2146.844ms
[ok] openhands s385 turn43 ttft=1441.725ms hit=0.90796 e2e=3129.37ms
[ok] openhands s3 turn5 ttft=1763.559ms hit=0.919182 e2e=2153.399ms
[ok] request s393 turn0 ttft=2109.759ms hit=0.0 e2e=2811.095ms
[ok] request s371 turn0 ttft=2098.425ms hit=0.0 e2e=2488.293ms
[ok] openhands s258 turn8 ttft=2362.537ms hit=0.0 e2e=3063.749ms
[ok] openhands s68 turn22 ttft=1775.819ms hit=0.971192 e2e=2167.33ms
[ok] openhands s322 turn11 ttft=1582.979ms hit=0.880639 e2e=1903.248ms
[ok] openhands s3 turn6 ttft=1196.578ms hit=0.579698 e2e=2213.775ms
[ok] openhands s67 turn9 ttft=729.469ms hit=0.935882 e2e=2304.165ms
[ok] openhands s322 turn12 ttft=1624.423ms hit=0.62685 e2e=1918.069ms
[ok] openhands s68 turn23 ttft=1301.485ms hit=0.997552 e2e=2326.918ms
[ok] request s529 turn4 ttft=1451.983ms hit=0.0 e2e=1749.513ms
[ok] request s393 turn1 ttft=1448.835ms hit=0.0 e2e=1746.028ms
[ok] openhands s385 turn44 ttft=761.942ms hit=0.971342 e2e=2345.217ms
[ok] openhands s258 turn9 ttft=990.918ms hit=0.972029 e2e=2302.833ms
[ok] request s529 turn5 ttft=337.552ms hit=0.0 e2e=610.699ms
[ok] openhands s258 turn10 ttft=801.902ms hit=0.982111 e2e=1180.657ms
[ok] openhands s3 turn7 ttft=806.173ms hit=0.979308 e2e=1187.06ms
[ok] openhands s67 turn10 ttft=812.715ms hit=0.841298 e2e=1194.427ms
[ok] request s393 turn2 ttft=335.428ms hit=0.0 e2e=610.82ms
[ok] openhands s3 turn8 ttft=223.93ms hit=0.941022 e2e=620.042ms
[ok] openhands s385 turn45 ttft=328.49ms hit=0.992385 e2e=820.617ms
[ok] openhands s3 turn9 ttft=250.89ms hit=0.944562 e2e=617.926ms
[ok] request s529 turn6 ttft=272.713ms hit=0.831169 e2e=644.119ms
[ok] request s529 turn7 ttft=427.372ms hit=0.0 e2e=713.078ms
[ok] openhands s67 turn11 ttft=616.827ms hit=0.995922 e2e=903.168ms
[ok] openhands s385 turn46 ttft=445.543ms hit=0.986237 e2e=1486.245ms
[ok] openhands s3 turn10 ttft=856.02ms hit=0.737583 e2e=1221.789ms
[ok] openhands s258 turn11 ttft=565.424ms hit=0.985675 e2e=1324.317ms
[ok] openhands s3 turn11 ttft=266.257ms hit=0.98317 e2e=645.232ms
[ok] openhands s385 turn47 ttft=331.438ms hit=0.97294 e2e=674.939ms
[ok] openhands s3 turn12 ttft=255.849ms hit=0.968545 e2e=525.561ms
[ok] openhands s3 turn13 ttft=412.889ms hit=0.970964 e2e=1420.898ms
[ok] openhands s385 turn48 ttft=532.045ms hit=0.968064 e2e=1593.036ms
[ok] openhands s258 turn12 ttft=699.715ms hit=0.989311 e2e=1384.177ms
[ok] openhands s67 turn12 ttft=1080.35ms hit=0.825526 e2e=1342.612ms
[ok] openhands s385 turn49 ttft=484.377ms hit=0.982387 e2e=862.871ms
[ok] openhands s3 turn14 ttft=399.333ms hit=0.984012 e2e=773.6ms
[ok] openhands s258 turn13 ttft=223.686ms hit=0.992613 e2e=589.303ms
[ok] openhands s3 turn15 ttft=591.187ms hit=0.984738 e2e=728.372ms
[ok] openhands s385 turn50 ttft=522.869ms hit=0.973184 e2e=723.623ms
[ok] openhands s3 turn16 ttft=487.676ms hit=0.990852 e2e=801.576ms
[ok] openhands s385 turn51 ttft=482.847ms hit=0.991547 e2e=864.457ms
[ok] openhands s258 turn14 ttft=469.765ms hit=0.985573 e2e=848.003ms
[ok] openhands s3 turn17 ttft=811.963ms hit=0.99278 e2e=955.759ms
[ok] openhands s67 turn13 ttft=628.515ms hit=0.996292 e2e=968.807ms
[ok] openhands s258 turn15 ttft=469.903ms hit=0.989571 e2e=751.509ms
[ok] openhands s385 turn52 ttft=389.181ms hit=0.990896 e2e=817.015ms
[ok] openhands s3 turn18 ttft=550.684ms hit=0.917058 e2e=1214.15ms
[ok] openhands s258 turn16 ttft=374.486ms hit=0.969924 e2e=1037.818ms
[ok] openhands s385 turn53 ttft=602.507ms hit=0.979298 e2e=871.363ms
[ok] openhands s67 turn14 ttft=367.191ms hit=0.997117 e2e=630.353ms
[ok] openhands s3 turn19 ttft=555.324ms hit=0.968735 e2e=1275.292ms
[ok] openhands s258 turn17 ttft=748.45ms hit=0.765985 e2e=1267.408ms
[ok] openhands s67 turn15 ttft=896.481ms hit=0.994879 e2e=1174.129ms
[ok] openhands s385 turn54 ttft=888.844ms hit=0.992665 e2e=1152.976ms
[ok] openhands s67 turn16 ttft=3528.138ms hit=0.994341 e2e=3831.906ms
[ok] openhands s258 turn18 ttft=771.087ms hit=0.987098 e2e=3843.515ms
[ok] openhands s3 turn20 ttft=780.348ms hit=0.99332 e2e=3853.582ms
[ok] openhands s196 turn0 ttft=2725.892ms hit=0.574584 e2e=3931.862ms
[ok] request s214 turn0 ttft=1021.523ms hit=0.0 e2e=1998.214ms
[ok] request s190 turn0 ttft=1344.256ms hit=0.0 e2e=2320.553ms
[ok] request s176 turn0 ttft=699.884ms hit=0.0 e2e=1680.48ms
[ok] request s209 turn0 ttft=498.957ms hit=0.0 e2e=1358.434ms
[ok] request s83 turn0 ttft=2403.357ms hit=0.0 e2e=3616.555ms
[ok] request s336 turn0 ttft=1991.04ms hit=0.0 e2e=2971.117ms
[ok] request s363 turn0 ttft=1668.355ms hit=0.0 e2e=2649.17ms
[ok] request s56 turn0 ttft=180.104ms hit=0.0 e2e=1035.84ms
[ok] request s473 turn0 ttft=2314.108ms hit=0.0 e2e=3294.308ms
[ok] openhands s385 turn55 ttft=973.379ms hit=0.984424 e2e=4203.756ms
[ok] request s402 turn0 ttft=138.424ms hit=0.0 e2e=745.65ms
[ok] request s27 turn0 ttft=1465.712ms hit=0.0 e2e=1598.552ms
[ok] request s486 turn0 ttft=806.703ms hit=0.0 e2e=1426.706ms
[ok] request s56 turn1 ttft=666.009ms hit=0.0 e2e=1164.964ms
[ok] openhands s3 turn21 ttft=1201.55ms hit=0.971269 e2e=2257.537ms
[ok] openhands s385 turn56 ttft=1028.879ms hit=0.97379 e2e=1813.335ms
[ok] openhands s258 turn19 ttft=924.389ms hit=0.834229 e2e=2267.499ms
[ok] request s363 turn1 ttft=667.581ms hit=0.0 e2e=1249.702ms
[ok] request s42 turn0 ttft=481.928ms hit=0.0 e2e=951.556ms
[ok] request s46 turn0 ttft=163.502ms hit=0.0 e2e=629.572ms
[ok] request s214 turn1 ttft=674.682ms hit=0.0 e2e=1256.471ms
[ok] request s83 turn1 ttft=669.256ms hit=0.0 e2e=1251.816ms
[ok] request s465 turn0 ttft=693.56ms hit=0.0 e2e=1275.373ms
[ok] openhands s67 turn17 ttft=876.579ms hit=0.929843 e2e=2285.132ms
[ok] request s231 turn0 ttft=1179.515ms hit=0.0 e2e=2243.839ms
[ok] openhands s196 turn1 ttft=1060.706ms hit=0.972115 e2e=1851.112ms
[ok] request s18 turn0 ttft=137.796ms hit=0.0 e2e=1227.114ms
[ok] openhands s3 turn22 ttft=1825.182ms hit=0.991581 e2e=2138.065ms
[ok] request s192 turn0 ttft=866.736ms hit=0.0 e2e=2141.06ms
[ok] openhands s67 turn18 ttft=908.47ms hit=0.99194 e2e=2184.529ms
[ok] openhands s258 turn20 ttft=1826.818ms hit=0.979815 e2e=2143.815ms
[ok] openhands s196 turn2 ttft=1075.13ms hit=0.992643 e2e=2594.128ms
[ok] request s83 turn2 ttft=747.178ms hit=0.0 e2e=2015.043ms
[ok] request s214 turn2 ttft=749.456ms hit=0.65071 e2e=2022.004ms
[ok] request s528 turn0 ttft=690.875ms hit=0.0 e2e=1962.91ms
[ok] openhands s385 turn57 ttft=722.182ms hit=0.972618 e2e=1992.451ms
[ok] request s141 turn0 ttft=355.233ms hit=0.0 e2e=1317.597ms
[ok] request s27 turn1 ttft=818.977ms hit=0.0 e2e=2345.795ms
[ok] request s465 turn1 ttft=749.84ms hit=0.0 e2e=2020.134ms
[ok] request s46 turn1 ttft=754.75ms hit=0.0 e2e=2024.719ms
[ok] openhands s386 turn0 ttft=564.35ms hit=0.0 e2e=1641.45ms
[ok] request s216 turn0 ttft=1017.868ms hit=0.0 e2e=2287.786ms
[ok] request s18 turn1 ttft=256.924ms hit=0.0 e2e=1104.827ms
[ok] request s23 turn0 ttft=152.008ms hit=0.0 e2e=997.599ms
[ok] request s338 turn0 ttft=135.767ms hit=0.0 e2e=676.201ms
[ok] openhands s258 turn21 ttft=738.096ms hit=0.973847 e2e=1208.275ms
[ok] openhands s386 turn1 ttft=268.077ms hit=0.933625 e2e=735.7ms
[ok] openhands s3 turn23 ttft=570.363ms hit=0.986962 e2e=1219.481ms
[ok] openhands s67 turn19 ttft=449.383ms hit=0.997034 e2e=1232.778ms
[ok] request s71 turn0 ttft=367.965ms hit=0.0 e2e=838.641ms
[ok] request s156 turn0 ttft=692.587ms hit=0.0 e2e=1162.322ms
[ok] request s269 turn0 ttft=584.947ms hit=0.0 e2e=927.587ms
[ok] openhands s67 turn20 ttft=843.008ms hit=0.961988 e2e=1686.877ms
[ok] request s18 turn2 ttft=886.1ms hit=0.0 e2e=1911.286ms
[ok] request s517 turn0 ttft=908.071ms hit=0.0 e2e=1578.29ms
[ok] request s214 turn3 ttft=891.767ms hit=0.699666 e2e=1916.804ms
[ok] request s465 turn2 ttft=890.549ms hit=0.307508 e2e=1914.737ms
[ok] request s46 turn2 ttft=888.655ms hit=0.456328 e2e=1913.537ms
[ok] openhands s258 turn22 ttft=680.835ms hit=0.982588 e2e=1704.883ms
[ok] openhands s196 turn3 ttft=1083.809ms hit=0.988657 e2e=2357.01ms
[ok] request s22 turn0 ttft=884.675ms hit=0.0 e2e=2160.422ms
[ok] openhands s385 turn58 ttft=903.466ms hit=0.960004 e2e=2180.03ms
[ok] request s251 turn0 ttft=878.816ms hit=0.0 e2e=1906.915ms
[ok] request s192 turn1 ttft=1056.084ms hit=0.0 e2e=2332.153ms
[ok] openhands s386 turn2 ttft=684.333ms hit=0.954037 e2e=1712.413ms
[ok] request s71 turn1 ttft=435.076ms hit=0.0 e2e=1112.022ms
[ok] request s414 turn0 ttft=276.463ms hit=0.0 e2e=939.453ms
[ok] openhands s3 turn24 ttft=972.888ms hit=0.957913 e2e=1649.314ms
[ok] request s12 turn0 ttft=169.92ms hit=0.0 e2e=686.119ms
[ok] request s342 turn0 ttft=144.957ms hit=0.0 e2e=1270.921ms
[ok] openhands s386 turn3 ttft=1044.84ms hit=0.970532 e2e=2519.502ms
[ok] request s60 turn0 ttft=1488.79ms hit=0.0 e2e=2518.879ms
[ok] request s46 turn3 ttft=1225.324ms hit=0.659794 e2e=1976.046ms
[ok] openhands s3 turn25 ttft=1055.816ms hit=0.979138 e2e=2533.135ms
[ok] request s465 turn3 ttft=1227.641ms hit=0.609524 e2e=1983.215ms
[ok] request s214 turn4 ttft=1230.509ms hit=0.862069 e2e=1985.838ms
[ok] request s192 turn2 ttft=1225.426ms hit=0.0 e2e=1980.452ms
[ok] request s483 turn0 ttft=947.061ms hit=0.0 e2e=1587.165ms
[ok] openhands s258 turn23 ttft=1769.583ms hit=0.973983 e2e=2524.494ms
[ok] request s535 turn0 ttft=1479.165ms hit=0.0 e2e=2233.298ms
[ok] request s18 turn3 ttft=1235.303ms hit=0.0 e2e=1990.162ms
[ok] request s517 turn1 ttft=1234.261ms hit=0.395978 e2e=1988.346ms
[ok] openhands s385 turn59 ttft=1723.581ms hit=0.975565 e2e=2477.381ms
[ok] openhands s196 turn4 ttft=975.481ms hit=0.996189 e2e=2583.222ms
[ok] request s315 turn0 ttft=1270.883ms hit=0.0 e2e=1912.178ms
[ok] openhands s67 turn21 ttft=1516.226ms hit=0.925166 e2e=2554.003ms
[ok] request s478 turn0 ttft=310.659ms hit=0.0 e2e=946.685ms
[ok] request s467 turn0 ttft=626.308ms hit=0.0 e2e=1269.807ms
[ok] request s568 turn0 ttft=137.125ms hit=0.0 e2e=668.063ms
[ok] request s301 turn0 ttft=134.821ms hit=0.0 e2e=1282.568ms
[ok] request s416 turn0 ttft=1370.404ms hit=0.0 e2e=1538.504ms
[ok] request s45 turn0 ttft=1253.383ms hit=0.0 e2e=2904.219ms
[ok] openhands s258 turn24 ttft=936.558ms hit=0.986968 e2e=3375.689ms
[ok] openhands s386 turn4 ttft=1207.091ms hit=0.941649 e2e=3367.502ms
[ok] request s192 turn3 ttft=993.295ms hit=0.0 e2e=2824.131ms
[ok] openhands s196 turn5 ttft=1250.244ms hit=0.991414 e2e=3411.756ms
[ok] request s214 turn5 ttft=1324.232ms hit=0.0 e2e=2827.061ms
[ok] request s483 turn1 ttft=1778.485ms hit=0.0 e2e=2823.11ms
[ok] request s568 turn1 ttft=1735.384ms hit=0.0 e2e=2780.786ms
[ok] openhands s67 turn22 ttft=2073.204ms hit=0.890491 e2e=2818.31ms
[ok] openhands s385 turn60 ttft=1349.321ms hit=0.974107 e2e=3184.189ms
[ok] request s465 turn4 ttft=1000.111ms hit=0.0 e2e=2834.28ms
[ok] request s18 turn4 ttft=991.603ms hit=0.0 e2e=2826.533ms
[ok] request s517 turn2 ttft=1776.909ms hit=0.0 e2e=2824.926ms
[ok] openhands s3 turn26 ttft=981.478ms hit=0.991022 e2e=3430.649ms
[ok] request s270 turn0 ttft=1716.022ms hit=0.0 e2e=2765.583ms
[ok] request s109 turn0 ttft=1694.11ms hit=0.0 e2e=2443.014ms
[ok] openhands s511 turn0 ttft=1209.664ms hit=0.0 e2e=3376.393ms
[ok] request s63 turn0 ttft=839.105ms hit=0.0 e2e=1481.447ms
[ok] request s162 turn0 ttft=1046.842ms hit=0.0 e2e=1804.334ms
[ok] request s211 turn0 ttft=516.648ms hit=0.0 e2e=1159.359ms
[ok] request s86 turn0 ttft=200.543ms hit=0.0 e2e=836.673ms
[ok] request s301 turn1 ttft=1100.339ms hit=0.0 e2e=1857.326ms
[ok] request s201 turn0 ttft=139.536ms hit=0.0 e2e=601.906ms
[ok] request s407 turn0 ttft=184.328ms hit=0.0 e2e=1316.787ms
[ok] request s149 turn0 ttft=907.026ms hit=0.0 e2e=2260.212ms
[ok] request s287 turn0 ttft=1215.544ms hit=0.0 e2e=1664.895ms
[ok] request s150 turn0 ttft=1307.307ms hit=0.0 e2e=2242.128ms
[ok] openhands s67 turn23 ttft=1043.654ms hit=0.996531 e2e=3384.406ms
[ok] openhands s3 turn27 ttft=1097.879ms hit=0.990094 e2e=3438.874ms
[ok] openhands s386 turn5 ttft=1060.021ms hit=0.948454 e2e=3402.869ms
[ok] openhands s511 turn1 ttft=1063.978ms hit=0.988028 e2e=3409.345ms
[ok] openhands s258 turn25 ttft=2930.748ms hit=0.973919 e2e=3403.618ms
[ok] request s275 turn0 ttft=1001.231ms hit=0.0 e2e=3345.624ms
[ok] openhands s196 turn6 ttft=1128.976ms hit=0.996636 e2e=3476.701ms
[ok] request s419 turn0 ttft=1626.973ms hit=0.0 e2e=3534.917ms
[ok] request s523 turn0 ttft=885.742ms hit=0.0 e2e=2793.367ms
[ok] request s517 turn3 ttft=1804.764ms hit=0.0 e2e=3711.856ms
[ok] request s172 turn0 ttft=1542.356ms hit=0.0 e2e=3449.086ms
[ok] request s45 turn1 ttft=950.478ms hit=0.0 e2e=3901.737ms
[ok] request s214 turn6 ttft=1402.173ms hit=0.880576 e2e=3723.429ms
[ok] request s86 turn1 ttft=1389.887ms hit=0.0 e2e=3709.257ms
[ok] request s483 turn2 ttft=1654.304ms hit=0.0 e2e=3720.692ms
[ok] request s197 turn0 ttft=661.179ms hit=0.0 e2e=2567.989ms
[ok] request s568 turn2 ttft=1650.987ms hit=0.0 e2e=3719.512ms
[ok] request s465 turn5 ttft=1396.789ms hit=0.832746 e2e=3718.192ms
[ok] request s334 turn0 ttft=985.546ms hit=0.0 e2e=2891.646ms
[ok] request s109 turn1 ttft=1643.81ms hit=0.451765 e2e=3712.585ms
[ok] request s18 turn5 ttft=1648.163ms hit=0.0 e2e=3716.702ms
[ok] openhands s385 turn61 ttft=1313.789ms hit=0.995172 e2e=4266.494ms
[ok] openhands s132 turn0 ttft=1456.658ms hit=0.0 e2e=3780.586ms
[ok] request s111 turn0 ttft=452.28ms hit=0.0 e2e=2258.414ms
[ok] request s461 turn0 ttft=246.748ms hit=0.0 e2e=1291.37ms
[ok] request s297 turn0 ttft=139.816ms hit=0.0 e2e=1824.611ms
[ok] request s150 turn1 ttft=839.428ms hit=0.0 e2e=864.633ms
[ok] request s76 turn0 ttft=125.701ms hit=0.0 e2e=1169.539ms
[ok] request s434 turn0 ttft=136.865ms hit=0.0 e2e=1497.684ms
[ok] request s471 turn0 ttft=559.878ms hit=0.0 e2e=2482.296ms
[ok] request s484 turn0 ttft=345.105ms hit=0.0 e2e=2154.559ms
[ok] request s107 turn0 ttft=253.151ms hit=0.0 e2e=1617.164ms
[ok] request s320 turn0 ttft=242.718ms hit=0.0 e2e=1938.706ms
[ok] request s150 turn2 ttft=254.236ms hit=0.0 e2e=330.247ms
[ok] request s150 turn3 ttft=355.815ms hit=0.0 e2e=962.58ms
[ok] request s302 turn0 ttft=212.632ms hit=0.0 e2e=1333.079ms
[ok] openhands s386 turn6 ttft=768.105ms hit=0.906061 e2e=2277.082ms
[ok] openhands s3 turn28 ttft=827.775ms hit=0.993731 e2e=2335.568ms
[ok] openhands s196 turn7 ttft=1011.899ms hit=0.99343 e2e=2319.668ms
[ok] openhands s258 turn26 ttft=1139.201ms hit=0.986631 e2e=2288.775ms
[ok] openhands s511 turn2 ttft=814.866ms hit=0.9433 e2e=2324.168ms
[ok] openhands s67 turn24 ttft=837.671ms hit=0.99686 e2e=2348.814ms
[ok] openhands s132 turn1 ttft=351.779ms hit=0.831013 e2e=1501.261ms
[ok] request s475 turn0 ttft=539.233ms hit=0.0 e2e=1689.62ms
[ok] request s571 turn0 ttft=780.289ms hit=0.0 e2e=2291.447ms
[ok] request s243 turn0 ttft=865.598ms hit=0.0 e2e=2021.155ms
[ok] request s484 turn1 ttft=513.398ms hit=0.379935 e2e=1993.968ms
[ok] request s86 turn2 ttft=527.553ms hit=0.272051 e2e=2008.455ms
[ok] request s172 turn1 ttft=539.841ms hit=0.577878 e2e=2016.437ms
[ok] request s461 turn1 ttft=520.838ms hit=0.0 e2e=2006.902ms
[ok] request s18 turn6 ttft=526.929ms hit=0.586932 e2e=2012.806ms
[ok] request s523 turn1 ttft=535.315ms hit=0.671916 e2e=2021.028ms
[ok] request s517 turn4 ttft=534.412ms hit=0.753099 e2e=2019.916ms
[ok] request s45 turn2 ttft=531.59ms hit=0.0 e2e=2016.9ms
[ok] request s50 turn0 ttft=332.479ms hit=0.0 e2e=1810.554ms
[ok] request s175 turn0 ttft=242.707ms hit=0.0 e2e=2138.791ms
[ok] request s76 turn1 ttft=521.268ms hit=0.0 e2e=2007.17ms
[ok] request s434 turn1 ttft=520.495ms hit=0.0 e2e=2006.296ms
[ok] request s471 turn1 ttft=519.81ms hit=0.0 e2e=2005.531ms
[ok] request s327 turn0 ttft=340.029ms hit=0.0 e2e=1487.734ms
[ok] openhands s385 turn62 ttft=1031.465ms hit=0.993244 e2e=1575.678ms
[ok] openhands s67 turn25 ttft=728.7ms hit=0.983675 e2e=1270.635ms
[ok] openhands s386 turn7 ttft=683.282ms hit=0.957147 e2e=1230.073ms
[ok] request s167 turn0 ttft=797.759ms hit=0.0 e2e=1346.153ms
[ok] openhands s132 turn2 ttft=730.493ms hit=0.978485 e2e=1277.71ms
[ok] openhands s3 turn29 ttft=745.284ms hit=0.993773 e2e=1294.033ms
[ok] openhands s511 turn3 ttft=733.989ms hit=0.971862 e2e=1281.677ms
[ok] openhands s196 turn8 ttft=889.096ms hit=0.990217 e2e=2041.775ms
[ok] request s77 turn0 ttft=318.213ms hit=0.0 e2e=1472.474ms
[ok] request s388 turn0 ttft=646.878ms hit=0.0 e2e=1800.973ms
[ok] request s302 turn1 ttft=353.006ms hit=0.0 e2e=1506.365ms
[ok] request s153 turn0 ttft=145.604ms hit=0.0 e2e=1148.201ms
[ok] request s545 turn0 ttft=811.392ms hit=0.0 e2e=2185.137ms
[ok] openhands s67 turn26 ttft=780.301ms hit=0.990114 e2e=2457.329ms
[ok] openhands s3 turn30 ttft=768.425ms hit=0.993975 e2e=2459.9ms
[ok] request s45 turn3 ttft=676.833ms hit=0.0 e2e=2366.801ms
[ok] openhands s386 turn8 ttft=2052.375ms hit=0.917806 e2e=2383.961ms
[ok] openhands s511 turn4 ttft=2118.581ms hit=0.968145 e2e=2450.25ms
[ok] request s471 turn2 ttft=657.16ms hit=0.497087 e2e=2349.073ms
[ok] openhands s132 turn3 ttft=2116.542ms hit=0.978107 e2e=2425.666ms
[ok] request s167 turn1 ttft=1333.426ms hit=0.0 e2e=2386.086ms
[ok] request s523 turn2 ttft=1522.216ms hit=0.555917 e2e=2575.144ms
[ok] openhands s385 turn63 ttft=1027.883ms hit=0.991743 e2e=2962.418ms
[ok] request s417 turn0 ttft=1315.581ms hit=0.0 e2e=2375.34ms
[ok] openhands s196 turn9 ttft=1147.917ms hit=0.994272 e2e=2207.301ms
[ok] request s302 turn2 ttft=556.411ms hit=0.0 e2e=1611.946ms
[ok] openhands s0 turn0 ttft=1440.538ms hit=0.0 e2e=2704.258ms
[ok] request s388 turn1 ttft=556.742ms hit=0.0 e2e=1613.81ms
[ok] request s76 turn2 ttft=1316.064ms hit=0.0 e2e=2579.723ms
[ok] request s208 turn0 ttft=989.022ms hit=0.0 e2e=2049.24ms
[ok] request s364 turn0 ttft=661.339ms hit=0.0 e2e=1721.321ms
[ok] request s264 turn0 ttft=336.404ms hit=0.0 e2e=1394.074ms
[ok] request s157 turn0 ttft=139.128ms hit=0.0 e2e=1066.073ms
[ok] request s172 turn2 ttft=1661.962ms hit=0.793552 e2e=2591.194ms
[ok] request s517 turn5 ttft=1319.378ms hit=0.767361 e2e=2583.904ms
[ok] request s18 turn7 ttft=1324.638ms hit=0.778116 e2e=2588.979ms
[ok] request s298 turn0 ttft=145.36ms hit=0.0 e2e=741.324ms
[ok] request s339 turn0 ttft=204.558ms hit=0.0 e2e=335.843ms
[ok] request s204 turn0 ttft=634.202ms hit=0.0 e2e=1514.46ms
[ok] openhands s0 turn1 ttft=692.149ms hit=0.899993 e2e=1429.476ms
[ok] openhands s3 turn31 ttft=1051.578ms hit=0.994207 e2e=1938.821ms
[ok] openhands s132 turn4 ttft=1037.16ms hit=0.981607 e2e=1921.643ms
[ok] request s443 turn0 ttft=963.496ms hit=0.0 e2e=1848.758ms
[ok] openhands s386 turn9 ttft=1038.843ms hit=0.922695 e2e=1926.346ms
[ok] request s471 turn3 ttft=471.667ms hit=0.743106 e2e=1356.394ms
[ok] request s545 turn1 ttft=801.568ms hit=0.0 e2e=1686.044ms
[ok] openhands s67 turn27 ttft=1063.83ms hit=0.968732 e2e=1953.299ms
[ok] openhands s511 turn5 ttft=1024.916ms hit=0.976326 e2e=1912.913ms
[ok] openhands s385 turn64 ttft=1170.235ms hit=0.996669 e2e=2085.785ms
[ok] request s264 turn1 ttft=375.478ms hit=0.0 e2e=2209.166ms
[ok] request s76 turn3 ttft=378.013ms hit=0.554513 e2e=2211.884ms
[ok] request s167 turn2 ttft=390.475ms hit=0.695652 e2e=2228.062ms
[ok] request s496 turn0 ttft=407.513ms hit=0.0 e2e=2244.749ms
[ok] request s523 turn3 ttft=389.934ms hit=0.710453 e2e=2226.857ms
[ok] request s172 turn3 ttft=376.781ms hit=0.625153 e2e=2213.414ms
[ok] request s308 turn0 ttft=639.473ms hit=0.0 e2e=2573.228ms
[ok] openhands s196 turn10 ttft=858.519ms hit=0.994709 e2e=2791.818ms
[ok] request s302 turn3 ttft=383.794ms hit=0.63745 e2e=2220.686ms
[ok] request s388 turn2 ttft=382.43ms hit=0.308806 e2e=2219.049ms
[ok] request s517 turn6 ttft=376.787ms hit=0.810796 e2e=2212.925ms
[ok] request s101 turn0 ttft=133.556ms hit=0.0 e2e=2053.904ms
[ok] openhands s511 turn6 ttft=690.962ms hit=0.848046 e2e=1394.52ms
[ok] openhands s258 turn27 ttft=646.156ms hit=0.966404 e2e=1591.075ms
[ok] request s383 turn0 ttft=804.611ms hit=0.0 e2e=1748.773ms
[ok] request s567 turn0 ttft=477.759ms hit=0.0 e2e=1421.722ms
[ok] request s471 turn4 ttft=561.883ms hit=0.744619 e2e=1266.184ms
[ok] openhands s132 turn5 ttft=654.738ms hit=0.901262 e2e=1862.261ms
[ok] openhands s385 turn65 ttft=624.699ms hit=0.988913 e2e=1198.009ms
[ok] openhands s67 turn28 ttft=868.901ms hit=0.997377 e2e=1841.542ms
[ok] openhands s0 turn2 ttft=656.677ms hit=0.976239 e2e=1866.047ms
[ok] openhands s3 turn32 ttft=651.803ms hit=0.994437 e2e=1859.828ms
[ok] request s181 turn0 ttft=219.544ms hit=0.0 e2e=769.329ms
[ok] request s545 turn2 ttft=559.022ms hit=0.0 e2e=1271.007ms
[ok] request s312 turn0 ttft=520.319ms hit=0.0 e2e=1100.729ms
[ok] request s443 turn1 ttft=561.585ms hit=0.0 e2e=1274.955ms
[ok] openhands s386 turn10 ttft=828.788ms hit=0.919583 e2e=1781.97ms
[ok] request s339 turn1 ttft=522.348ms hit=0.0 e2e=1477.108ms
[ok] request s110 turn0 ttft=1125.394ms hit=0.0 e2e=1647.996ms
[ok] request s487 turn0 ttft=165.098ms hit=0.0 e2e=2454.609ms
[ok] request s339 turn2 ttft=730.106ms hit=0.0 e2e=1497.66ms
[ok] openhands s3 turn33 ttft=2029.277ms hit=0.993779 e2e=2339.159ms
[ok] request s388 turn3 ttft=659.053ms hit=0.583144 e2e=2279.021ms
[ok] request s69 turn0 ttft=880.92ms hit=0.0 e2e=2505.197ms
[ok] openhands s0 turn3 ttft=759.191ms hit=0.984401 e2e=2381.923ms
[ok] request s167 turn3 ttft=660.604ms hit=0.753828 e2e=2286.687ms
[ok] openhands s196 turn11 ttft=1079.122ms hit=0.994899 e2e=2707.174ms
[ok] request s496 turn1 ttft=659.598ms hit=0.0 e2e=2285.263ms
[ok] openhands s132 turn6 ttft=763.16ms hit=0.987517 e2e=2391.213ms
[ok] request s443 turn2 ttft=731.11ms hit=0.332036 e2e=1913.34ms
[ok] request s177 turn0 ttft=309.169ms hit=0.0 e2e=993.714ms
[ok] openhands s67 turn29 ttft=992.739ms hit=0.997857 e2e=2484.018ms
[ok] request s263 turn0 ttft=796.141ms hit=0.0 e2e=1978.129ms
[ok] openhands s386 turn11 ttft=1220.524ms hit=0.958258 e2e=2402.224ms
[ok] request s517 turn7 ttft=914.366ms hit=0.831651 e2e=2407.125ms
[ok] request s181 turn1 ttft=738.367ms hit=0.0 e2e=1920.181ms
[ok] request s492 turn0 ttft=512.341ms hit=0.0 e2e=1323.52ms
[ok] openhands s258 turn28 ttft=619.271ms hit=0.965014 e2e=1310.258ms
[ok] request s101 turn1 ttft=766.432ms hit=0.0 e2e=1948.313ms
[ok] request s567 turn1 ttft=743.773ms hit=0.0 e2e=1925.038ms
[ok] request s545 turn3 ttft=737.422ms hit=0.332468 e2e=1918.501ms
[ok] openhands s4 turn0 ttft=839.429ms hit=0.0 e2e=1654.041ms
[ok] openhands s385 turn66 ttft=899.697ms hit=0.997117 e2e=2511.0ms
[ok] request s526 turn0 ttft=139.76ms hit=0.0 e2e=1515.513ms
[ok] request s339 turn3 ttft=660.447ms hit=0.625917 e2e=663.049ms
[ok] request s276 turn0 ttft=141.152ms hit=0.0 e2e=1978.092ms
[ok] request s62 turn0 ttft=413.27ms hit=0.0 e2e=2330.754ms
[ok] openhands s4 turn1 ttft=833.922ms hit=0.977955 e2e=2312.32ms
[ok] openhands s132 turn7 ttft=492.152ms hit=0.987529 e2e=2415.32ms
[ok] request s395 turn0 ttft=528.026ms hit=0.0 e2e=2009.82ms
[ok] openhands s258 turn29 ttft=809.512ms hit=0.95351 e2e=2292.142ms
[ok] openhands s385 turn67 ttft=1438.892ms hit=0.979046 e2e=2314.89ms
[ok] openhands s0 turn4 ttft=519.414ms hit=0.90387 e2e=2444.273ms
[ok] openhands s386 turn12 ttft=399.651ms hit=0.971103 e2e=2323.163ms
[ok] openhands s196 turn12 ttft=674.071ms hit=0.98971 e2e=2809.374ms
[ok] request s443 turn3 ttft=609.768ms hit=0.674868 e2e=2614.564ms
[ok] request s388 turn4 ttft=738.653ms hit=0.742459 e2e=2743.11ms
[ok] openhands s3 turn34 ttft=736.673ms hit=0.992782 e2e=2740.745ms
[ok] request s545 turn4 ttft=602.935ms hit=0.725212 e2e=2606.726ms
[ok] request s61 turn0 ttft=248.778ms hit=0.0 e2e=2242.398ms
[ok] request s496 turn2 ttft=723.177ms hit=0.496124 e2e=2726.902ms
[ok] request s101 turn2 ttft=606.706ms hit=0.0 e2e=2610.164ms
[ok] request s567 turn2 ttft=605.714ms hit=0.311057 e2e=2608.9ms
[ok] request s213 turn0 ttft=568.421ms hit=0.0 e2e=2571.386ms
[ok] request s220 turn0 ttft=139.08ms hit=0.0 e2e=2387.136ms
[ok] request s526 turn1 ttft=142.999ms hit=0.0 e2e=2244.62ms
[ok] request s138 turn0 ttft=298.157ms hit=0.0 e2e=2068.762ms
[ok] request s358 turn0 ttft=249.202ms hit=0.0 e2e=1741.744ms
[ok] openhands s511 turn7 ttft=437.15ms hit=0.664711 e2e=2057.473ms
[ok] openhands s258 turn30 ttft=483.517ms hit=0.958676 e2e=1772.826ms
[ok] openhands s132 turn8 ttft=522.398ms hit=0.973333 e2e=1813.574ms
[ok] openhands s0 turn5 ttft=488.821ms hit=0.870646 e2e=1780.784ms
[ok] request s221 turn0 ttft=567.272ms hit=0.0 e2e=1861.639ms
[ok] openhands s4 turn2 ttft=522.973ms hit=0.985776 e2e=1817.077ms
[ok] openhands s386 turn13 ttft=516.858ms hit=0.982133 e2e=1810.144ms
[ok] request s543 turn0 ttft=213.105ms hit=0.0 e2e=1221.328ms
[ok] openhands s385 turn68 ttft=804.677ms hit=0.994618 e2e=1819.95ms
[ok] request s395 turn1 ttft=226.206ms hit=0.0 e2e=1234.611ms
[ok] request s460 turn0 ttft=534.576ms hit=0.0 e2e=1549.877ms
[ok] openhands s196 turn13 ttft=750.982ms hit=0.996243 e2e=2268.064ms
[ok] request s61 turn1 ttft=287.016ms hit=0.0 e2e=1689.611ms
[ok] request s205 turn0 ttft=388.613ms hit=0.0 e2e=1912.142ms
[ok] request s41 turn0 ttft=570.987ms hit=0.0 e2e=2232.458ms
[ok] openhands s3 turn35 ttft=483.088ms hit=0.986899 e2e=2289.258ms
[ok] request s388 turn5 ttft=290.633ms hit=0.709469 e2e=1693.365ms
[ok] openhands s511 turn8 ttft=404.158ms hit=0.989596 e2e=1806.669ms
[ok] request s101 turn3 ttft=286.496ms hit=0.666667 e2e=1690.352ms
[ok] request s254 turn0 ttft=183.551ms hit=0.0 e2e=1585.785ms
[ok] request s88 turn0 ttft=493.505ms hit=0.0 e2e=1772.147ms
[ok] request s138 turn1 ttft=583.106ms hit=0.0 e2e=1861.715ms
[ok] openhands s258 turn31 ttft=706.358ms hit=0.827282 e2e=1427.289ms
[ok] openhands s4 turn3 ttft=445.737ms hit=0.696695 e2e=1876.646ms
[ok] request s220 turn1 ttft=456.267ms hit=0.0 e2e=1735.323ms
[ok] request s221 turn1 ttft=617.313ms hit=0.0 e2e=1338.696ms
[ok] request s415 turn0 ttft=168.579ms hit=0.0 e2e=1447.159ms
[ok] openhands s0 turn6 ttft=577.611ms hit=0.941124 e2e=1857.044ms
[ok] openhands s386 turn14 ttft=592.944ms hit=0.962613 e2e=1875.819ms
[ok] openhands s386 turn15 ttft=428.952ms hit=0.968474 e2e=1010.573ms
[ok] openhands s3 turn36 ttft=871.999ms hit=0.996794 e2e=1495.923ms
[ok] openhands s0 turn7 ttft=432.847ms hit=0.909045 e2e=1020.243ms
[ok] openhands s511 turn9 ttft=728.056ms hit=0.827784 e2e=1505.622ms
[ok] openhands s196 turn14 ttft=665.806ms hit=0.990795 e2e=1542.6ms
[ok] openhands s4 turn4 ttft=436.379ms hit=0.971274 e2e=1025.476ms
[ok] request s388 turn6 ttft=356.701ms hit=0.787692 e2e=944.469ms
[ok] openhands s258 turn32 ttft=432.141ms hit=0.965043 e2e=1215.074ms
[ok] request s221 turn2 ttft=311.63ms hit=0.0 e2e=1086.648ms
[ok] request s415 turn1 ttft=310.497ms hit=0.0 e2e=1085.268ms
[ok] request s138 turn2 ttft=314.074ms hit=0.0 e2e=1090.188ms
[ok] request s88 turn1 ttft=307.17ms hit=0.0 e2e=1091.957ms
[ok] request s220 turn2 ttft=314.094ms hit=0.0 e2e=1089.941ms
[ok] openhands s511 turn10 ttft=642.203ms hit=0.964387 e2e=1755.491ms
[ok] openhands s0 turn8 ttft=1602.28ms hit=0.885216 e2e=1765.489ms
[ok] openhands s3 turn37 ttft=665.026ms hit=0.992433 e2e=1781.547ms
[ok] openhands s386 turn16 ttft=1528.059ms hit=0.965152 e2e=1710.597ms
[ok] openhands s4 turn5 ttft=599.156ms hit=0.977929 e2e=1721.247ms
[ok] openhands s258 turn33 ttft=564.512ms hit=0.910872 e2e=1145.282ms
[ok] request s388 turn7 ttft=630.273ms hit=0.676175 e2e=1212.018ms
[ok] openhands s196 turn15 ttft=1047.429ms hit=0.986086 e2e=1784.095ms
[ok] request s221 turn3 ttft=270.323ms hit=0.0 e2e=1136.812ms
[ok] request s138 turn3 ttft=288.113ms hit=0.0 e2e=1135.026ms
[ok] request s220 turn3 ttft=284.512ms hit=0.0 e2e=1132.181ms
[ok] request s88 turn2 ttft=285.325ms hit=0.0 e2e=1134.397ms
[ok] openhands s3 turn38 ttft=613.192ms hit=0.997656 e2e=1231.191ms
[ok] openhands s196 turn16 ttft=907.475ms hit=0.994794 e2e=1207.339ms
[ok] openhands s0 turn9 ttft=613.243ms hit=0.975454 e2e=1237.812ms
[ok] openhands s386 turn17 ttft=850.974ms hit=0.935205 e2e=1152.104ms
[ok] openhands s511 turn11 ttft=618.513ms hit=0.97535 e2e=1245.713ms
[ok] openhands s4 turn6 ttft=888.602ms hit=0.895276 e2e=1215.072ms
[ok] openhands s4 turn7 ttft=929.907ms hit=0.984055 e2e=1883.226ms
[ok] openhands s3 turn39 ttft=1173.227ms hit=0.979035 e2e=1844.555ms
[ok] openhands s511 turn12 ttft=668.699ms hit=0.980843 e2e=1889.647ms
[ok] openhands s258 turn34 ttft=778.911ms hit=0.901878 e2e=1107.807ms
[ok] request s221 turn4 ttft=700.709ms hit=0.640801 e2e=1926.904ms
[ok] request s220 turn4 ttft=699.023ms hit=0.649417 e2e=1924.815ms
[ok] request s88 turn3 ttft=697.593ms hit=0.566685 e2e=1923.079ms
[ok] openhands s386 turn18 ttft=1336.998ms hit=0.547242 e2e=1805.461ms
[ok] openhands s0 turn10 ttft=673.82ms hit=0.844125 e2e=1899.258ms
[ok] openhands s196 turn17 ttft=1413.271ms hit=0.997477 e2e=1882.859ms
[ok] openhands s3 turn40 ttft=932.449ms hit=0.98626 e2e=1983.729ms
[ok] openhands s386 turn19 ttft=832.206ms hit=0.963547 e2e=1991.032ms
[ok] openhands s0 turn11 ttft=795.759ms hit=0.986878 e2e=1956.248ms
[ok] openhands s258 turn35 ttft=1671.863ms hit=0.787045 e2e=1970.315ms
[ok] request s221 turn5 ttft=1108.576ms hit=0.0 e2e=1406.201ms
[ok] openhands s196 turn18 ttft=1641.14ms hit=0.99766 e2e=1938.36ms
[ok] openhands s511 turn13 ttft=843.419ms hit=0.985709 e2e=2006.071ms
[ok] openhands s4 turn8 ttft=838.805ms hit=0.970055 e2e=1999.94ms
[ok] openhands s3 turn41 ttft=721.236ms hit=0.992753 e2e=1166.121ms
[ok] openhands s4 turn9 ttft=703.245ms hit=0.984706 e2e=1150.376ms
[ok] openhands s386 turn20 ttft=728.618ms hit=0.951437 e2e=1178.749ms
[ok] openhands s258 turn36 ttft=697.822ms hit=0.994403 e2e=1146.994ms
[ok] request s221 turn6 ttft=369.571ms hit=0.718093 e2e=1072.416ms
[ok] openhands s196 turn19 ttft=923.854ms hit=0.992294 e2e=1626.821ms
[ok] openhands s386 turn21 ttft=818.852ms hit=0.973384 e2e=1380.137ms
[ok] openhands s3 turn42 ttft=792.079ms hit=0.991479 e2e=1432.182ms
[ok] openhands s258 turn37 ttft=804.872ms hit=0.995751 e2e=1447.253ms
[ok] openhands s4 turn10 ttft=773.517ms hit=0.954428 e2e=1416.107ms
[ok] openhands s196 turn20 ttft=853.188ms hit=0.991702 e2e=1251.668ms
[ok] openhands s132 turn9 ttft=319.971ms hit=0.957034 e2e=1194.655ms
[ok] request s221 turn7 ttft=247.957ms hit=0.747664 e2e=1114.152ms
[ok] openhands s386 turn22 ttft=324.477ms hit=0.940658 e2e=826.865ms
[ok] openhands s3 turn43 ttft=459.736ms hit=0.99416 e2e=752.64ms
[ok] openhands s4 turn11 ttft=479.409ms hit=0.989576 e2e=734.626ms
[ok] openhands s386 turn23 ttft=547.851ms hit=0.992882 e2e=939.674ms
[ok] openhands s3 turn44 ttft=539.99ms hit=0.969697 e2e=932.136ms
[ok] openhands s196 turn21 ttft=788.936ms hit=0.990442 e2e=1234.983ms
[ok] openhands s4 turn12 ttft=460.26ms hit=0.964824 e2e=853.209ms
[ok] openhands s132 turn10 ttft=192.619ms hit=0.988417 e2e=1007.262ms
[ok] openhands s386 turn24 ttft=691.848ms hit=0.986848 e2e=1563.245ms
[ok] openhands s4 turn13 ttft=1427.648ms hit=0.971121 e2e=1586.445ms
[ok] openhands s3 turn45 ttft=685.146ms hit=0.996481 e2e=1605.917ms
[ok] openhands s0 turn12 ttft=882.271ms hit=0.719082 e2e=1391.09ms
[ok] openhands s132 turn11 ttft=600.331ms hit=0.980151 e2e=1109.902ms
[ok] openhands s196 turn22 ttft=1031.028ms hit=0.995549 e2e=1857.126ms
[ok] openhands s4 turn14 ttft=721.424ms hit=0.982745 e2e=1067.619ms
[ok] openhands s3 turn46 ttft=523.649ms hit=0.996979 e2e=1060.739ms
[ok] openhands s0 turn13 ttft=388.931ms hit=0.98092 e2e=802.654ms
[ok] openhands s132 turn12 ttft=386.26ms hit=0.969125 e2e=795.961ms
[ok] openhands s0 turn14 ttft=420.049ms hit=0.942558 e2e=846.709ms
[ok] openhands s4 turn15 ttft=558.845ms hit=0.984418 e2e=839.584ms
[ok] openhands s3 turn47 ttft=562.073ms hit=0.994061 e2e=832.271ms
[ok] openhands s196 turn23 ttft=652.247ms hit=0.993588 e2e=1139.013ms
[ok] openhands s196 turn24 ttft=633.738ms hit=0.983471 e2e=1069.635ms
[ok] openhands s4 turn16 ttft=760.353ms hit=0.981075 e2e=1033.115ms
[ok] openhands s3 turn48 ttft=758.789ms hit=0.993843 e2e=1026.123ms
[ok] openhands s4 turn17 ttft=526.766ms hit=0.984461 e2e=938.675ms
[ok] openhands s3 turn49 ttft=519.276ms hit=0.986041 e2e=931.258ms
[ok] openhands s196 turn25 ttft=679.601ms hit=0.994438 e2e=941.898ms
[ok] openhands s4 turn18 ttft=536.014ms hit=0.988725 e2e=909.257ms
[ok] openhands s3 turn50 ttft=528.383ms hit=0.992679 e2e=1004.554ms
[ok] openhands s196 turn26 ttft=802.965ms hit=0.979061 e2e=1197.77ms
[ok] openhands s4 turn19 ttft=227.934ms hit=0.978518 e2e=491.891ms
[ok] openhands s4 turn20 ttft=284.331ms hit=0.942808 e2e=665.317ms
[ok] openhands s3 turn51 ttft=483.365ms hit=0.98284 e2e=872.888ms
[ok] openhands s3 turn52 ttft=523.033ms hit=0.991501 e2e=821.884ms
[ok] openhands s4 turn21 ttft=508.43ms hit=0.938875 e2e=802.432ms
[ok] openhands s196 turn27 ttft=687.623ms hit=0.993529 e2e=1137.245ms
[ok] openhands s0 turn15 ttft=767.336ms hit=0.986476 e2e=1137.981ms
[ok] openhands s4 turn22 ttft=645.802ms hit=0.978171 e2e=1134.192ms
[ok] openhands s196 turn28 ttft=765.342ms hit=0.998025 e2e=1454.796ms
[ok] openhands s3 turn53 ttft=931.305ms hit=0.991951 e2e=1475.82ms
[ok] openhands s132 turn13 ttft=738.838ms hit=0.942453 e2e=1271.747ms
[ok] openhands s4 turn23 ttft=253.52ms hit=0.977195 e2e=609.128ms
[ok] openhands s0 turn16 ttft=373.775ms hit=0.977733 e2e=739.152ms
[ok] openhands s4 turn24 ttft=357.791ms hit=0.988128 e2e=615.062ms
[ok] openhands s3 turn54 ttft=472.963ms hit=0.990295 e2e=875.057ms
[ok] openhands s132 turn14 ttft=583.85ms hit=0.911762 e2e=851.173ms
[ok] openhands s4 turn25 ttft=497.783ms hit=0.976447 e2e=637.399ms
[ok] openhands s3 turn55 ttft=438.937ms hit=0.995345 e2e=739.178ms
[ok] openhands s4 turn26 ttft=485.318ms hit=0.9844 e2e=623.645ms
[ok] openhands s3 turn56 ttft=355.58ms hit=0.99197 e2e=613.592ms
[ok] openhands s4 turn27 ttft=494.614ms hit=0.980542 e2e=633.21ms
[ok] openhands s3 turn57 ttft=357.957ms hit=0.984758 e2e=635.031ms
[ok] openhands s4 turn28 ttft=405.34ms hit=0.977187 e2e=904.183ms
[ok] openhands s3 turn58 ttft=375.515ms hit=0.976923 e2e=1017.413ms
[ok] openhands s132 turn15 ttft=353.438ms hit=0.803204 e2e=730.224ms
[ok] openhands s4 turn29 ttft=249.015ms hit=0.984528 e2e=644.986ms
[ok] openhands s4 turn30 ttft=423.119ms hit=0.981897 e2e=674.252ms
[ok] openhands s3 turn59 ttft=626.483ms hit=0.982875 e2e=885.081ms
[ok] openhands s4 turn31 ttft=866.978ms hit=0.98118 e2e=870.065ms
[ok] openhands s3 turn60 ttft=1063.062ms hit=0.987908 e2e=1471.734ms
[ok] openhands s4 turn32 ttft=309.195ms hit=0.978445 e2e=576.849ms
[ok] openhands s0 turn17 ttft=1137.828ms hit=0.983261 e2e=1414.163ms
[ok] openhands s132 turn16 ttft=510.267ms hit=0.754576 e2e=1071.182ms
[ok] openhands s3 turn61 ttft=735.025ms hit=0.971573 e2e=1069.862ms
[ok] openhands s0 turn18 ttft=726.97ms hit=0.958429 e2e=1047.694ms
[ok] openhands s4 turn33 ttft=718.327ms hit=0.985297 e2e=1038.646ms
[ok] openhands s132 turn17 ttft=749.021ms hit=0.975424 e2e=887.655ms
[ok] openhands s4 turn34 ttft=429.441ms hit=0.994435 e2e=839.123ms
[ok] openhands s0 turn19 ttft=392.621ms hit=0.941662 e2e=801.552ms
[ok] openhands s3 turn62 ttft=578.334ms hit=0.996303 e2e=1110.28ms
[ok] openhands s132 turn18 ttft=518.927ms hit=0.911955 e2e=1049.984ms
[ok] openhands s3 turn63 ttft=478.351ms hit=0.995952 e2e=743.489ms
[ok] openhands s0 turn20 ttft=744.984ms hit=0.885339 e2e=1027.341ms
[ok] openhands s4 turn35 ttft=512.982ms hit=0.976967 e2e=1040.525ms
[ok] openhands s0 turn21 ttft=444.37ms hit=0.991833 e2e=915.035ms
[ok] openhands s4 turn36 ttft=417.339ms hit=0.983407 e2e=882.66ms
[ok] openhands s3 turn64 ttft=603.204ms hit=0.990932 e2e=907.326ms
[ok] openhands s132 turn19 ttft=892.978ms hit=0.930269 e2e=1032.216ms
[ok] openhands s0 turn22 ttft=597.13ms hit=0.948319 e2e=1086.114ms
[ok] openhands s4 turn37 ttft=741.551ms hit=0.981281 e2e=1077.335ms
[ok] openhands s3 turn65 ttft=744.158ms hit=0.989245 e2e=1063.805ms
[ok] openhands s132 turn20 ttft=595.823ms hit=0.973322 e2e=1425.881ms
[ok] openhands s4 turn38 ttft=489.298ms hit=0.986564 e2e=1319.628ms
[ok] openhands s3 turn66 ttft=609.266ms hit=0.988862 e2e=1390.109ms
[ok] openhands s0 turn23 ttft=970.009ms hit=0.811053 e2e=1313.699ms
[ok] openhands s132 turn21 ttft=619.421ms hit=0.853473 e2e=1087.887ms
[ok] openhands s0 turn24 ttft=607.38ms hit=0.953993 e2e=892.006ms
[ok] openhands s3 turn67 ttft=418.76ms hit=0.985756 e2e=686.696ms
[ok] openhands s4 turn39 ttft=538.724ms hit=0.988264 e2e=1005.854ms
[ok] openhands s132 turn22 ttft=642.103ms hit=0.943359 e2e=981.682ms
[ok] openhands s4 turn40 ttft=814.74ms hit=0.986979 e2e=962.944ms
[ok] openhands s0 turn25 ttft=850.169ms hit=0.982916 e2e=984.648ms
[ok] openhands s3 turn68 ttft=774.75ms hit=0.988749 e2e=1325.448ms
[ok] openhands s132 turn23 ttft=376.735ms hit=0.9552 e2e=931.583ms
[ok] openhands s4 turn41 ttft=597.331ms hit=0.996388 e2e=920.508ms
[ok] openhands s0 turn26 ttft=753.181ms hit=0.991962 e2e=905.815ms
[ok] openhands s3 turn69 ttft=398.176ms hit=0.992626 e2e=959.606ms
[ok] openhands s132 turn24 ttft=405.352ms hit=0.996256 e2e=821.569ms
[ok] openhands s4 turn42 ttft=389.709ms hit=0.960377 e2e=801.529ms
[ok] openhands s0 turn27 ttft=566.954ms hit=0.970202 e2e=824.935ms
[ok] openhands s132 turn25 ttft=390.52ms hit=0.96477 e2e=788.34ms
[ok] openhands s4 turn43 ttft=379.247ms hit=0.990148 e2e=777.131ms
[ok] openhands s0 turn28 ttft=514.416ms hit=0.985771 e2e=780.534ms
[ok] openhands s4 turn44 ttft=807.926ms hit=0.971998 e2e=935.636ms
[ok] openhands s0 turn29 ttft=706.694ms hit=0.938275 e2e=1041.482ms
[ok] openhands s132 turn26 ttft=535.243ms hit=0.983108 e2e=857.515ms
[ok] openhands s4 turn45 ttft=438.886ms hit=0.982013 e2e=857.798ms
[ok] openhands s132 turn27 ttft=570.011ms hit=0.982394 e2e=718.566ms
[ok] openhands s0 turn30 ttft=533.106ms hit=0.963544 e2e=785.676ms
[ok] openhands s0 turn31 ttft=518.703ms hit=0.987181 e2e=782.352ms
[ok] openhands s4 turn46 ttft=511.301ms hit=0.983777 e2e=763.098ms
[ok] openhands s4 turn47 ttft=586.425ms hit=0.981377 e2e=728.479ms
[ok] openhands s0 turn32 ttft=529.839ms hit=0.96552 e2e=855.745ms
[ok] openhands s4 turn48 ttft=594.274ms hit=0.987065 e2e=736.63ms
[ok] openhands s0 turn33 ttft=439.693ms hit=0.966774 e2e=734.356ms
[ok] openhands s4 turn49 ttft=518.325ms hit=0.992115 e2e=660.457ms
[ok] openhands s0 turn34 ttft=384.315ms hit=0.99464 e2e=665.05ms
[ok] openhands s4 turn50 ttft=614.896ms hit=0.983643 e2e=757.485ms
[ok] openhands s0 turn35 ttft=469.048ms hit=0.963398 e2e=771.136ms
[ok] openhands s4 turn51 ttft=394.905ms hit=0.979031 e2e=670.469ms
[ok] openhands s0 turn36 ttft=381.454ms hit=0.988199 e2e=658.174ms
[ok] openhands s4 turn52 ttft=609.58ms hit=0.989219 e2e=752.745ms
[ok] openhands s0 turn37 ttft=470.917ms hit=0.968649 e2e=765.615ms
[ok] openhands s4 turn53 ttft=542.43ms hit=0.988646 e2e=675.677ms
[ok] openhands s0 turn38 ttft=393.852ms hit=0.993223 e2e=659.23ms
[ok] openhands s4 turn54 ttft=408.37ms hit=0.986133 e2e=1155.447ms
[ok] openhands s0 turn39 ttft=527.005ms hit=0.961055 e2e=1148.973ms
[ok] openhands s132 turn28 ttft=568.344ms hit=0.840115 e2e=839.978ms
[ok] openhands s4 turn55 ttft=506.618ms hit=0.990196 e2e=935.841ms
[ok] openhands s132 turn29 ttft=643.136ms hit=0.994129 e2e=794.5ms
[ok] openhands s0 turn40 ttft=630.398ms hit=0.988369 e2e=966.488ms
[ok] openhands s132 turn30 ttft=501.916ms hit=0.981173 e2e=898.838ms
[ok] openhands s4 turn56 ttft=630.826ms hit=0.979366 e2e=782.744ms
[ok] openhands s0 turn41 ttft=486.263ms hit=0.98736 e2e=916.449ms
[ok] openhands s4 turn57 ttft=518.63ms hit=0.985385 e2e=910.804ms
[ok] openhands s132 turn31 ttft=745.863ms hit=0.987584 e2e=881.614ms
[ok] openhands s0 turn42 ttft=504.487ms hit=0.982472 e2e=900.623ms
[ok] openhands s4 turn58 ttft=530.529ms hit=0.986944 e2e=963.98ms
[ok] openhands s132 turn32 ttft=787.669ms hit=0.988873 e2e=923.778ms
[ok] openhands s0 turn43 ttft=562.647ms hit=0.9764 e2e=962.334ms
[ok] openhands s132 turn33 ttft=540.934ms hit=0.995739 e2e=970.267ms
[ok] openhands s4 turn59 ttft=696.944ms hit=0.989001 e2e=958.824ms
[ok] openhands s0 turn44 ttft=564.402ms hit=0.963214 e2e=844.726ms
[ok] openhands s4 turn60 ttft=421.013ms hit=0.988938 e2e=775.14ms
[ok] openhands s0 turn45 ttft=510.229ms hit=0.988521 e2e=788.78ms
[ok] openhands s4 turn61 ttft=430.81ms hit=0.992883 e2e=855.977ms
[ok] openhands s0 turn46 ttft=596.307ms hit=0.973748 e2e=954.81ms
[ok] openhands s4 turn62 ttft=435.261ms hit=0.989272 e2e=779.245ms
[ok] openhands s0 turn47 ttft=510.054ms hit=0.988259 e2e=781.371ms
[ok] openhands s4 turn63 ttft=444.099ms hit=0.991169 e2e=845.779ms
[ok] openhands s0 turn48 ttft=581.59ms hit=0.978282 e2e=854.331ms
[ok] openhands s4 turn64 ttft=466.597ms hit=0.992852 e2e=721.18ms
[ok] openhands s0 turn49 ttft=471.242ms hit=0.992207 e2e=867.403ms
[ok] openhands s4 turn65 ttft=331.063ms hit=0.992098 e2e=721.435ms
[ok] openhands s4 turn66 ttft=401.698ms hit=0.986162 e2e=661.826ms
[ok] openhands s0 turn50 ttft=689.052ms hit=0.989242 e2e=963.571ms
[ok] openhands s0 turn51 ttft=677.747ms hit=0.997244 e2e=955.204ms
[ok] openhands s4 turn67 ttft=534.097ms hit=0.981331 e2e=795.331ms
[ok] openhands s4 turn68 ttft=463.993ms hit=0.993974 e2e=928.93ms
[ok] openhands s0 turn52 ttft=789.481ms hit=0.974781 e2e=1077.968ms
[ok] openhands s4 turn69 ttft=513.977ms hit=0.984936 e2e=850.309ms
[ok] openhands s0 turn53 ttft=631.866ms hit=0.984485 e2e=1051.427ms
[ok] openhands s4 turn70 ttft=353.382ms hit=0.990276 e2e=706.082ms
[ok] openhands s0 turn54 ttft=578.186ms hit=0.996039 e2e=959.805ms
[ok] openhands s4 turn71 ttft=333.095ms hit=0.991649 e2e=586.632ms
[ok] openhands s4 turn72 ttft=324.243ms hit=0.991388 e2e=576.034ms
[ok] openhands s4 turn73 ttft=328.668ms hit=0.988851 e2e=580.028ms
[ok] openhands s4 turn74 ttft=329.483ms hit=0.994679 e2e=620.389ms
[ok] openhands s4 turn75 ttft=332.738ms hit=0.993768 e2e=584.533ms
[ok] openhands s4 turn76 ttft=470.978ms hit=0.928603 e2e=723.778ms
[ok] openhands s4 turn77 ttft=342.4ms hit=0.995434 e2e=594.959ms
[ok] openhands s4 turn78 ttft=464.663ms hit=0.992534 e2e=717.167ms
[ok] openhands s4 turn79 ttft=345.454ms hit=0.989722 e2e=598.182ms
[ok] openhands s4 turn80 ttft=351.107ms hit=0.991934 e2e=613.448ms
[ok] openhands s4 turn81 ttft=417.614ms hit=0.994699 e2e=670.842ms
[ok] openhands s4 turn82 ttft=354.306ms hit=0.995125 e2e=607.058ms
[ok] openhands s4 turn83 ttft=360.862ms hit=0.994881 e2e=684.369ms
[ok] openhands s4 turn84 ttft=359.214ms hit=0.99311 e2e=613.372ms
[ok] openhands s4 turn85 ttft=374.181ms hit=0.994259 e2e=627.979ms
[ok] openhands s4 turn86 ttft=358.211ms hit=0.990374 e2e=612.236ms
[ok] openhands s4 turn87 ttft=358.11ms hit=0.992793 e2e=612.555ms
[ok] openhands s4 turn88 ttft=372.999ms hit=0.986565 e2e=628.644ms
[ok] openhands s4 turn89 ttft=365.832ms hit=0.992949 e2e=622.458ms
[ok] openhands s4 turn90 ttft=376.114ms hit=0.992114 e2e=634.184ms
[ok] openhands s4 turn91 ttft=372.007ms hit=0.989793 e2e=628.638ms
[ok] openhands s4 turn92 ttft=376.896ms hit=0.989143 e2e=633.79ms
[ok] openhands s4 turn93 ttft=401.205ms hit=0.995847 e2e=658.203ms
[ok] openhands s4 turn94 ttft=380.965ms hit=0.994269 e2e=637.827ms
[ok] openhands s4 turn95 ttft=511.224ms hit=0.991689 e2e=768.227ms
[ok] openhands s4 turn96 ttft=382.447ms hit=0.997331 e2e=639.658ms
[ok] openhands s4 turn97 ttft=384.634ms hit=0.991479 e2e=641.898ms
[ok] openhands s4 turn98 ttft=386.499ms hit=0.991386 e2e=644.195ms
[ok] openhands s4 turn99 ttft=394.506ms hit=0.990189 e2e=652.923ms
[ok] openhands s4 turn100 ttft=390.041ms hit=0.991566 e2e=648.068ms
[ok] openhands s4 turn101 ttft=402.761ms hit=0.99258 e2e=661.082ms
[ok] openhands s4 turn102 ttft=422.819ms hit=0.995805 e2e=681.861ms
[ok] openhands s4 turn103 ttft=400.75ms hit=0.991674 e2e=659.647ms
[ok] openhands s4 turn104 ttft=404.649ms hit=0.986734 e2e=663.133ms
[ok] openhands s4 turn105 ttft=408.168ms hit=0.9899 e2e=668.079ms
[ok] openhands s4 turn106 ttft=477.808ms hit=0.990515 e2e=736.803ms
[ok] openhands s4 turn107 ttft=430.138ms hit=0.995615 e2e=689.406ms
[ok] openhands s4 turn108 ttft=426.259ms hit=0.997096 e2e=684.855ms
[ok] openhands s4 turn109 ttft=579.517ms hit=0.992975 e2e=818.323ms
[ok] openhands s4 turn110 ttft=405.381ms hit=0.997195 e2e=665.435ms
[ok] openhands s4 turn111 ttft=432.025ms hit=0.994208 e2e=691.413ms
[ok] openhands s4 turn112 ttft=414.999ms hit=0.994135 e2e=673.423ms
[done] issued=1970 ok=1970 err=0 wall=393.2s
[done] /share/dai-sys/zhoulongsheng/agentkv/experiments/evict_position/online_runs/20260913_100114_formal_rep1/precompute/replay/replay.jsonl
[done] /share/dai-sys/zhoulongsheng/agentkv/experiments/evict_position/online_runs/20260913_100114_formal_rep1/precompute/replay/summary.json
[done] /share/dai-sys/zhoulongsheng/agentkv/experiments/evict_position/online_runs/20260913_100114_formal_rep1/precompute/replay/report.md
