n,positive_rate,token_positive_rate,brier,token_brier,bernoulli_nll,token_bernoulli_nll,token_ece10,mean_probability,token_mean_probability,bucket_config,seed,method,time_s,bucket_left_s,bucket_right_s,u
23786,4.204153703859413e-05,7.938932766862414e-06,0.008512709461931951,0.005807951883679434,0.06959586071066771,0.05745325361034271,0.05406080670195209,0.06436198055668275,0.05406874563471896,k5,seed_41,log_survival,1.25,0.0,5.0,0.25
23786,4.204153703859413e-05,7.938932766862414e-06,0.004789736535643141,0.0035394614873986313,0.0561414733637672,0.04830684962274997,0.04634820859354778,0.05331723615942457,0.04635614752631464,k5,seed_41,linear_survival,1.25,0.0,5.0,0.25
23786,4.204153703859413e-05,7.938932766862414e-06,4.2041536954512056e-05,7.938932750985547e-06,0.0008712389482025458,0.00016452161418136765,7.939764266382468e-06,1.0000000000000003e-09,1.0000000000000003e-09,k5,seed_41,right_step,1.25,0.0,5.0,0.25
23666,0.04876193695597059,0.03617705307735013,0.057066167640574005,0.04433235244921082,0.21511717887067863,0.18269662222963265,0.06643113342813796,0.1206641465970039,0.1026081865054881,k5,seed_41,log_survival,2.5,0.0,5.0,0.5
23666,0.04876193695597059,0.03617705307735013,0.05119440899601466,0.04036856825182661,0.20126535981284105,0.1726512447490072,0.056770475611643514,0.10698122440715163,0.09294752868899364,k5,seed_41,linear_survival,2.5,0.0,5.0,0.5
23666,0.04876193695597059,0.03617705307735013,0.04876193685844672,0.036177053004996025,1.010506583214238,0.7497066890830699,0.03617705207735013,1.0000000000000003e-09,1e-09,k5,seed_41,right_step,2.5,0.0,5.0,0.5
23666,0.1357643877292318,0.12675639435693042,0.11032759977705654,0.10130485610691267,0.3578939370481503,0.3373136672780323,0.025496658071970317,0.1700233510648726,0.14623795304682327,k5,seed_41,log_survival,3.75,0.0,5.0,0.75
23666,0.1357643877292318,0.12675639435693042,0.10809278245325822,0.10055563602620037,0.35271230667000286,0.33550813373099836,0.019684954476564452,0.16047183661072745,0.13942129303349046,k5,seed_41,linear_survival,3.75,0.0,5.0,0.75
23666,0.1357643877292318,0.12675639435693042,0.13576438745770303,0.12675639410341766,2.813481498967371,2.6268064576647268,0.12675639335693042,1.0000000000000003e-09,1e-09,k5,seed_41,right_step,3.75,0.0,5.0,0.75
23583,0.360937963787474,0.34783147557309296,0.1956915668863453,0.20325503831318545,0.5687718075147419,0.5869051694928497,0.08609411570649009,0.28726980131485647,0.2661016974336448,k5,seed_41,log_survival,8.75,5.0,20.0,0.25
23583,0.360937963787474,0.34783147557309296,0.1983963420388658,0.20678885127218138,0.5750098894099149,0.5954808543843355,0.09873812753574181,0.2757647546233774,0.2528396480375049,k5,seed_41,linear_survival,8.75,5.0,20.0,0.25
23583,0.360937963787474,0.34783147557309296,0.2155547428809929,0.22786031157649703,0.6255333822935395,0.6622521868486307,0.16226706663460116,0.21356097795147708,0.18556440893849177,k5,seed_41,right_step,8.75,5.0,20.0,0.25
23576,0.4186036647438073,0.40652758729056376,0.20888441325866114,0.2152749016672879,0.6019441744172493,0.6155313698945322,0.06955612478096168,0.3526226841176527,0.3369714625096021,k5,seed_41,log_survival,12.5,5.0,20.0,0.5
23576,0.4186036647438073,0.40652758729056376,0.2118294353057291,0.21902843697295432,0.6080821224976822,0.6236622291048864,0.08640257639268278,0.33797482093554565,0.32012501089788103,k5,seed_41,linear_survival,12.5,5.0,20.0,0.5
23576,0.4186036647438073,0.40652758729056376,0.25315621737099875,0.2685267681834891,0.7290734581442987,0.7753728094435758,0.22092376994755814,0.21358420277729043,0.18560381734300563,k5,seed_41,right_step,12.5,5.0,20.0,0.5
23576,0.44854937224295893,0.43381370867774605,0.21080988096342312,0.21221905054584758,0.6110354526531921,0.6105598336767026,0.04653544582688213,0.4106778792688069,0.39944319691999297,k5,seed_41,log_survival,16.25,5.0,20.0,0.75
23576,0.44854937224295893,0.43381370867774605,0.21218859402748702,0.21385725028567923,0.6135878271045295,0.6138533673596537,0.058049543096370365,0.4001701300146732,0.38738560767531866,k5,seed_41,linear_survival,16.25,5.0,20.0,0.75
23576,0.44854937224295893,0.43381370867774605,0.2736679317730187,0.2857278417370907,0.7885127528491492,0.8211592455774679,0.24820989133474042,0.21358420277729043,0.18560381734300563,k5,seed_41,right_step,16.25,5.0,20.0,0.75
23472,0.4912235855487389,0.49259835179263883,0.21250179030587654,0.21295415855011138,0.6147175408562857,0.6129783253689962,0.04945876404039259,0.46946412648052166,0.46235550715302437,k5,seed_41,log_survival,30.0,20.0,60.0,0.25
23472,0.4912235855487389,0.49259835179263883,0.21249491806362716,0.2129658261932095,0.6147008519933349,0.6130006362644207,0.0505385907679301,0.4692210897930785,0.4620524947277566,k5,seed_41,linear_survival,30.0,20.0,60.0,0.25
23472,0.4912235855487389,0.49259835179263883,0.21250133959966544,0.213342101000056,0.6146804142794399,0.6136850950805736,0.055872677864779396,0.462542590804244,0.4549106474245834,k5,seed_41,right_step,30.0,20.0,60.0,0.25
23353,0.5007065473386717,0.5026516019544864,0.21318380460296318,0.21259273520776936,0.6167812133723803,0.6126069333629754,0.05325316129077171,0.47819576945685427,0.47012262110126796,k5,seed_41,log_survival,40.0,20.0,60.0,0.5
23353,0.5007065473386717,0.5026516019544864,0.21317851753665418,0.21261371113873048,0.616767442456266,0.6126485325204711,0.05346895339354803,0.4778732841820218,0.4697226656457349,k5,seed_41,linear_survival,40.0,20.0,60.0,0.5
23353,0.5007065473386717,0.5026516019544864,0.21342611030424086,0.21370032993128496,0.6172138352266543,0.6147284631843646,0.0626329184767043,0.46445407905814673,0.4554246941764202,k5,seed_41,right_step,40.0,20.0,60.0,0.5
23353,0.5020339999143579,0.5042510740797715,0.21349677573316198,0.2121825771140797,0.6175324038322088,0.6118543424278237,0.052790732775155315,0.48482240608721433,0.47716818785756865,k5,seed_41,log_survival,50.0,20.0,60.0,0.75
23353,0.5020339999143579,0.5042510740797715,0.21348617107135504,0.21218935632078803,0.6175090170499429,0.6118674464786364,0.053111101751755714,0.4845828867439593,0.47687165138039217,k5,seed_41,linear_survival,50.0,20.0,60.0,0.75
23353,0.5020339999143579,0.5042510740797715,0.2136353754999473,0.21358380032375804,0.6177389244034892,0.6145125939618515,0.06404113873624433,0.46445407905814673,0.4554246941764202,k5,seed_41,right_step,50.0,20.0,60.0,0.75
23353,0.5020339999143579,0.5042510740797715,0.2137589869384819,0.21209363763666764,0.618073427868993,0.6117345481192253,0.04217004672430393,0.49136528484276515,0.4840782281751579,k5,seed_41,log_survival,90.0,60.0,180.0,0.25
23353,0.5020339999143579,0.5042510740797715,0.21375898998016948,0.21209363953425592,0.6180734343547382,0.6117345521673727,0.04217005306684943,0.4913652521539559,0.4840782038944861,k5,seed_41,linear_survival,90.0,60.0,180.0,0.25
23353,0.5020339999143579,0.5042510740797715,0.21376216649805668,0.2120970385106007,0.6180803865567456,0.6117418352361452,0.042193649407786346,0.4912924893058968,0.48402063711504956,k5,seed_41,right_step,90.0,60.0,180.0,0.25
23353,0.5020339999143579,0.5042510740797715,0.21375582795192188,0.2120902509109914,0.6180665104604106,0.6117272901082269,0.042017984857922235,0.4914380585811894,0.4841358030438794,k5,seed_41,log_survival,120.0,60.0,180.0,0.5
23353,0.5020339999143579,0.5042510740797715,0.21375583199249715,0.21209025343109514,0.6180665190782592,0.6117272954850054,0.042017993273642903,0.49143801500201484,0.4841357706739226,k5,seed_41,linear_survival,120.0,60.0,180.0,0.5
23353,0.5020339999143579,0.5042510740797715,0.21376216649805668,0.2120970385106007,0.6180803865567456,0.6117418352361452,0.042193649407786346,0.4912924893058968,0.48402063711504956,k5,seed_41,right_step,120.0,60.0,180.0,0.5
23353,0.5020339999143579,0.5042510740797715,0.21375268951585835,0.21208687831854717,0.6180596342904143,0.6117200611774496,0.04203238981681107,0.49151081053002754,0.48419336172762334,k5,seed_41,log_survival,150.0,60.0,180.0,0.75
23353,0.5020339999143579,0.5042510740797715,0.21375269253503967,0.21208688020111846,0.6180596407314504,0.6117200651944739,0.04203239612036878,0.49151077785007385,0.4841933374533592,k5,seed_41,linear_survival,150.0,60.0,180.0,0.75
23353,0.5020339999143579,0.5042510740797715,0.21376216649805668,0.2120970385106007,0.6180803865567456,0.6117418352361452,0.042193649407786346,0.4912924893058968,0.48402063711504956,k5,seed_41,right_step,150.0,60.0,180.0,0.75
23786,4.204153703859413e-05,7.938932766862414e-06,0.00754218574985537,0.005211480790954146,0.0666087243287882,0.05559141629550154,0.05260470163340063,0.06208030691963374,0.05261264056616749,k5,seed_42,log_survival,1.25,0.0,5.0,0.25
23786,4.204153703859413e-05,7.938932766862414e-06,0.0045032768040333595,0.003337172841292225,0.05476579283616019,0.04742639998957335,0.04559058681615127,0.052139742700347144,0.04559852574891813,k5,seed_42,linear_survival,1.25,0.0,5.0,0.25
23786,4.204153703859413e-05,7.938932766862414e-06,4.2041536954512056e-05,7.938932750985547e-06,0.0008712389482025458,0.00016452161418136765,7.939764266382468e-06,1.0000000000000003e-09,1.0000000000000003e-09,k5,seed_42,right_step,1.25,0.0,5.0,0.25
23666,0.04876193695597059,0.03617705307735013,0.054998368836042484,0.04292352141339208,0.21076351152893041,0.18015978685788278,0.0641044632678962,0.11705893585469189,0.10028151634524633,k5,seed_42,log_survival,2.5,0.0,5.0,0.5
23666,0.04876193695597059,0.03617705307735013,0.050350767920125716,0.03972531570348423,0.19942286147757404,0.17167599377117268,0.05524762222862053,0.10462028999944595,0.09142467530597066,k5,seed_42,linear_survival,2.5,0.0,5.0,0.5
23666,0.04876193695597059,0.03617705307735013,0.04876193685844672,0.036177053004996025,1.010506583214238,0.7497066890830699,0.03617705207735013,1.0000000000000003e-09,1e-09,k5,seed_42,right_step,2.5,0.0,5.0,0.5
23666,0.1357643877292318,0.12675639435693042,0.10947285102908952,0.10103060676855079,0.3560396516589014,0.33693484991164063,0.027971105896049803,0.16568532896603472,0.14342887081331956,k5,seed_42,log_survival,3.75,0.0,5.0,0.75
23666,0.1357643877292318,0.12675639435693042,0.10780386772644038,0.10052704076647288,0.3523035701302257,0.3357269117604699,0.022221646617875082,0.15693043499916892,0.13713701295895597,k5,seed_42,linear_survival,3.75,0.0,5.0,0.75
23666,0.1357643877292318,0.12675639435693042,0.13576438745770303,0.12675639410341766,2.813481498967371,2.6268064576647268,0.12675639335693042,1.0000000000000003e-09,1e-09,k5,seed_42,right_step,3.75,0.0,5.0,0.75
23583,0.360937963787474,0.34783147557309296,0.19833320570429525,0.20584224993112166,0.5750856638103613,0.5932333208077905,0.09203596905424793,0.2803794528258924,0.25969677589975704,k5,seed_42,log_survival,8.75,5.0,20.0,0.25
23583,0.360937963787474,0.34783147557309296,0.20099878147245817,0.20907118031250163,0.5813454270027171,0.6012644553411808,0.10348855055812471,0.26977560095474873,0.24772578621335148,k5,seed_42,linear_survival,8.75,5.0,20.0,0.25
23583,0.360937963787474,0.34783147557309296,0.21819924333660207,0.22962865420831563,0.6327163816828335,0.6673422539933631,0.16526681918289138,0.20887086455192028,0.18256465639020156,k5,seed_42,right_step,8.75,5.0,20.0,0.25
23576,0.4186036647438073,0.40652758729056376,0.21123715393781214,0.2180490925127451,0.6070967546654963,0.6215560561409569,0.08227567932896276,0.34422612043746126,0.32815344433895227,k5,seed_42,log_survival,12.5,5.0,20.0,0.5
23576,0.4186036647438073,0.40652758729056376,0.21427001170677173,0.22167961946334724,0.6136366437170593,0.629557318255748,0.09707584209539948,0.3306828695578033,0.31289431134927187,k5,seed_42,linear_survival,12.5,5.0,20.0,0.5
23576,0.4186036647438073,0.40652758729056376,0.25569994454711015,0.2703110833513661,0.7360038882151679,0.7795941132652797,0.22392456894799692,0.20889045718443958,0.18260301834256684,k5,seed_42,right_step,12.5,5.0,20.0,0.5
23576,0.44854937224295893,0.43381370867774605,0.21325203345609542,0.21516020973897798,0.6153518013147421,0.6165741304597726,0.05651687368648147,0.4013228282825547,0.38899765253647467,k5,seed_42,log_survival,16.25,5.0,20.0,0.75
23576,0.44854937224295893,0.43381370867774605,0.2147379984063145,0.21684475799733385,0.6183745310239738,0.6200125908070718,0.06277606621384721,0.3915790757444852,0.37803995785262434,k5,seed_42,linear_survival,16.25,5.0,20.0,0.75
23576,0.44854937224295893,0.43381370867774605,0.27647824910020885,0.2877729271571081,0.7966813848535895,0.8260834321376768,0.25121069033517923,0.20889045718443958,0.18260301834256684,k5,seed_42,right_step,16.25,5.0,20.0,0.75
23472,0.4912235855487389,0.49259835179263883,0.21502655975411414,0.21642521891274685,0.6191424640480541,0.6201974612037628,0.05915950884536099,0.46003649945033637,0.45073009166193523,k5,seed_42,log_survival,30.0,20.0,60.0,0.25
23472,0.4912235855487389,0.49259835179263883,0.2150286681922975,0.21644749640373884,0.619143515590524,0.6202408707397589,0.0599815988855215,0.4597747387683564,0.45045751372388443,k5,seed_42,linear_survival,30.0,20.0,60.0,0.25
23472,0.4912235855487389,0.49259835179263883,0.21523241424760392,0.21703970504887046,0.6194763820874626,0.6213468986568564,0.06774190995890979,0.452742109075185,0.4434632268217564,k5,seed_42,right_step,30.0,20.0,60.0,0.25
23353,0.5007065473386717,0.5026516019544864,0.21572905931807015,0.21619746962964131,0.6212538760199617,0.6201163305393391,0.06037629171169519,0.46905279523773286,0.4583183575970943,k5,seed_42,log_survival,40.0,20.0,60.0,0.5
23353,0.5007065473386717,0.5026516019544864,0.2157365915962591,0.21623298510092417,0.6212653440040095,0.6201866134980037,0.061045902222648274,0.468705485340295,0.45795821890611516,k5,seed_42,linear_survival,40.0,20.0,60.0,0.5
23353,0.5007065473386717,0.5026516019544864,0.2164018840042455,0.217765228829876,0.6224654950505153,0.6231397243790374,0.07474674419772769,0.4545750284449514,0.4439576433996023,k5,seed_42,right_step,40.0,20.0,60.0,0.5
23353,0.5020339999143579,0.5042510740797715,0.21575684126494038,0.2153276294053825,0.6214052692573052,0.6184084663999831,0.05365921070494026,0.4760286590448567,0.4652258040908226,k5,seed_42,log_survival,50.0,20.0,60.0,0.75
23353,0.5020339999143579,0.5042510740797715,0.21575520417220032,0.21534675265825326,0.6213995830929663,0.6184463238098952,0.05428367522762991,0.47577071378796676,0.46495850665937155,k5,seed_42,linear_survival,50.0,20.0,60.0,0.75
23353,0.5020339999143579,0.5042510740797715,0.2165245339776425,0.21744224826830716,0.6227526232701656,0.6224768452580681,0.07613026312933899,0.4545750284449514,0.4439576433996023,k5,seed_42,right_step,50.0,20.0,60.0,0.75
23353,0.5020339999143579,0.5042510740797715,0.21584917399131617,0.2149894416006517,0.621641891694536,0.6177905915281144,0.046071011598975586,0.4829543867533643,0.47205757789756825,k5,seed_42,log_survival,90.0,60.0,180.0,0.25
23353,0.5020339999143579,0.5042510740797715,0.21584918238502113,0.21498944823652683,0.6216419090273548,0.6177906052097775,0.04607107592262626,0.48295429806905193,0.47205750979282046,k5,seed_42,linear_survival,90.0,60.0,180.0,0.25
23353,0.5020339999143579,0.5042510740797715,0.21585516640624705,0.21499744574260157,0.6216542886356354,0.6178071123266761,0.046149283096139436,0.48283594223563864,0.47195879441262795,k5,seed_42,right_step,90.0,60.0,180.0,0.25
23353,0.5020339999143579,0.5042510740797715,0.21584323807259329,0.21498147896563596,0.6216296083095291,0.6177741554938387,0.045995556659087646,0.4830727721207654,0.4721563159591162,k5,seed_42,log_survival,120.0,60.0,180.0,0.5
23353,0.5020339999143579,0.5042510740797715,0.21584324919445988,0.21498148776514361,0.621629631280578,0.6177741736368146,0.045995642403995916,0.4830726539024652,0.47215622517301303,k5,seed_42,linear_survival,120.0,60.0,180.0,0.5
23353,0.5020339999143579,0.5042510740797715,0.21585516640624705,0.21499744574260157,0.6216542886356354,0.6178071123266761,0.046149283096139436,0.48283594223563864,0.47195879441262795,k5,seed_42,right_step,120.0,60.0,180.0,0.5
23353,0.5020339999143579,0.5042510740797715,0.21583735854542033,0.214973557765033,0.6216174382899438,0.6177578040967225,0.046016612119874456,0.48319109837902524,0.472255008627619,k5,seed_42,log_survival,150.0,60.0,180.0,0.75
23353,0.5020339999143579,0.5042510740797715,0.21583736683456348,0.214973564328452,0.6216174554137666,0.617757817629559,0.046016676413488576,0.4831910097358786,0.4722549405532054,k5,seed_42,linear_survival,150.0,60.0,180.0,0.75
23353,0.5020339999143579,0.5042510740797715,0.21585516640624705,0.21499744574260157,0.6216542886356354,0.6178071123266761,0.046149283096139436,0.48283594223563864,0.47195879441262795,k5,seed_42,right_step,150.0,60.0,180.0,0.75
23786,4.204153703859413e-05,7.938932766862414e-06,0.008503760188654902,0.006074929750299693,0.07185528515968287,0.060159966762528945,0.05663175998517256,0.0667280743850673,0.05663969891793942,k5,seed_43,log_survival,1.25,0.0,5.0,0.25
23786,4.204153703859413e-05,7.938932766862414e-06,0.004954389098372265,0.0037300623350091343,0.05846004969623333,0.05060019117335127,0.04854655879802212,0.055589789631124986,0.04855449773078898,k5,seed_43,linear_survival,1.25,0.0,5.0,0.25
23786,4.204153703859413e-05,7.938932766862414e-06,4.2041536954512056e-05,7.938932750985547e-06,0.0008712389482025458,0.00016452161418136765,7.939764266382468e-06,1.0000000000000003e-09,1.0000000000000003e-09,k5,seed_43,right_step,1.25,0.0,5.0,0.25
23666,0.04876193695597059,0.03617705307735013,0.056915193596708755,0.04489589879130692,0.21716229701005088,0.18668016740553792,0.07129070809716795,0.12538621079588172,0.10746776117451808,k5,seed_43,log_survival,2.5,0.0,5.0,0.5
23666,0.04876193695597059,0.03617705307735013,0.05138560693041946,0.04083886566422571,0.20377299315815775,0.17624931905116495,0.06115178850471079,0.11150935205055935,0.09732884158206093,k5,seed_43,linear_survival,2.5,0.0,5.0,0.5
23666,0.04876193695597059,0.03617705307735013,0.04876193685844672,0.036177053004996025,1.010506583214238,0.7497066890830699,0.03617705207735013,1.0000000000000003e-09,1e-09,k5,seed_43,right_step,2.5,0.0,5.0,0.5
23666,0.1357643877292318,0.12675639435693042,0.108867885778667,0.10080631537190268,0.3557335830712363,0.3371056567568552,0.03473091024712276,0.17699817288236966,0.1531548933489632,k5,seed_43,log_survival,3.75,0.0,5.0,0.75
23666,0.1357643877292318,0.12675639435693042,0.10708216185068889,0.10013141988360717,0.35162366741800694,0.3354483296065554,0.02811034832369515,0.16726402807583904,0.14599326237309138,k5,seed_43,linear_survival,3.75,0.0,5.0,0.75
23666,0.1357643877292318,0.12675639435693042,0.13576438745770303,0.12675639410341766,2.813481498967371,2.6268064576647268,0.12675639335693042,1.0000000000000003e-09,1e-09,k5,seed_43,right_step,3.75,0.0,5.0,0.75
23583,0.360937963787474,0.34783147557309296,0.19331087247328055,0.20100538621467226,0.5634776084672845,0.5812540187856362,0.07787275885204878,0.29666494947183786,0.2744067107507198,k5,seed_43,log_survival,8.75,5.0,20.0,0.25
23583,0.360937963787474,0.34783147557309296,0.19598558619606912,0.2044763701888168,0.5694182000495593,0.589454346140404,0.09050074897800899,0.284717568830179,0.2609705152178743,k5,seed_43,linear_survival,8.75,5.0,20.0,0.25
23583,0.360937963787474,0.34783147557309296,0.21198042091100708,0.22446415332805006,0.6135598996638353,0.6494992274422299,0.1534191440082521,0.22273386438139345,0.19441233156484083,k5,seed_43,right_step,8.75,5.0,20.0,0.25
23576,0.4186036647438073,0.40652758729056376,0.20632852389887585,0.2127269977463612,0.596362640510215,0.6094619419004752,0.06196103428345079,0.36186340781582615,0.3445665530071129,k5,seed_43,log_survival,12.5,5.0,20.0,0.5
23576,0.4186036647438073,0.40652758729056376,0.20914266213587998,0.21647471656585648,0.6022402113123877,0.6174985554880625,0.07899153290218178,0.3467051287173826,0.32753605438838196,k5,seed_43,linear_survival,12.5,5.0,20.0,0.5
23576,0.4186036647438073,0.40652758729056376,0.24805783433260847,0.2641544911226393,0.7114048094255607,0.7569242840429131,0.21208003446526727,0.22275312803721217,0.1944475528252965,k5,seed_43,right_step,12.5,5.0,20.0,0.5
23576,0.44854937224295893,0.43381370867774605,0.20923485044221732,0.21050793889993166,0.6072616591166541,0.6064605967574612,0.0395476634205834,0.4195207960220684,0.40624531355541416,k5,seed_43,log_survival,16.25,5.0,20.0,0.75
23576,0.44854937224295893,0.43381370867774605,0.21042496089860332,0.2120662219121607,0.6095220662807106,0.609591022851566,0.04910937422569536,0.4086811290574679,0.3940803051699247,k5,seed_43,linear_survival,16.25,5.0,20.0,0.75
23576,0.44854937224295893,0.43381370867774605,0.26799743176590046,0.2809217901197434,0.7679019131072641,0.8004287797509703,0.23936615585244958,0.22275312803721217,0.1944475528252965,k5,seed_43,right_step,16.25,5.0,20.0,0.75
23472,0.4912235855487389,0.49259835179263883,0.21176059969264263,0.2122294851429476,0.6125281999297831,0.6110674523402869,0.04062298082499836,0.47795138316284547,0.468303625137976,k5,seed_43,log_survival,30.0,20.0,60.0,0.25
23472,0.4912235855487389,0.49259835179263883,0.21175602297820853,0.21224560586795896,0.6125169192362219,0.6110989663737378,0.04110385477967706,0.47770318505435,0.46801102542344736,k5,seed_43,linear_survival,30.0,20.0,60.0,0.25
23472,0.4912235855487389,0.49259835179263883,0.21178681498651697,0.21266919597359282,0.6125506032835077,0.6118649756868715,0.04514733711611325,0.47092829746968945,0.4608983234143166,k5,seed_43,right_step,30.0,20.0,60.0,0.25
23353,0.5007065473386717,0.5026516019544864,0.21225626170512427,0.21183920686243712,0.6140700613646195,0.6106147740552744,0.04414841987667076,0.48665568871271303,0.4760385204135928,k5,seed_43,log_survival,40.0,20.0,60.0,0.5
23353,0.5007065473386717,0.5026516019544864,0.21225445209812047,0.2118667866683149,0.6140641832215321,0.6106700539535206,0.044104389760411714,0.48632638290872204,0.4756522143707211,k5,seed_43,linear_survival,40.0,20.0,60.0,0.5
23353,0.5007065473386717,0.5026516019544864,0.21255537130761487,0.2130613790381103,0.6146275434702602,0.6129494612217795,0.053361005054270536,0.472714121215261,0.4614146871733723,k5,seed_43,right_step,40.0,20.0,60.0,0.5
23353,0.5020339999143579,0.5042510740797715,0.21253007341407185,0.21121910047356376,0.6147055739906881,0.6094224213918117,0.04163723378843475,0.49337708401989355,0.4830574860501003,k5,seed_43,log_survival,50.0,20.0,60.0,0.75
23353,0.5020339999143579,0.5042510740797715,0.21252199577062444,0.2112313407909662,0.6146877367466641,0.6094468423836409,0.04191678359774418,0.4931325137554526,0.48277097796939555,k5,seed_43,linear_survival,50.0,20.0,60.0,0.75
23353,0.5020339999143579,0.5042510740797715,0.2127480558976949,0.21279329533689917,0.6150799584230059,0.6124044341257797,0.054657947054329734,0.472714121215261,0.4614146871733723,k5,seed_43,right_step,50.0,20.0,60.0,0.75
23353,0.5020339999143579,0.5042510740797715,0.21277626184168016,0.21107143819820687,0.6152239369847875,0.6091965934380059,0.03477723666587331,0.500016644736735,0.48995376619220327,k5,seed_43,log_survival,90.0,60.0,180.0,0.25
23353,0.5020339999143579,0.5042510740797715,0.21277626215616485,0.21107143901811193,0.6152239379687714,0.6091965953078485,0.03477726181261497,0.5000166084586275,0.48995373761079275,k5,seed_43,linear_survival,90.0,60.0,180.0,0.25
23353,0.5020339999143579,0.5042510740797715,0.2127758173298011,0.21107292022004748,0.6152234976604057,0.6091998320923839,0.03482295538503421,0.49993864460218307,0.48988974156807,k5,seed_43,right_step,90.0,60.0,180.0,0.25
23353,0.5020339999143579,0.5042510740797715,0.2127767280462164,0.21106997272017794,0.6152244202942455,0.6091933888683454,0.03469804714992858,0.5000946206794243,0.4900177717569917,k5,seed_43,log_survival,120.0,60.0,180.0,0.5
23353,0.5020339999143579,0.5042510740797715,0.2127767284488056,0.21106997380097867,0.6152244215728357,0.6091933913360382,0.03469808068176553,0.5000945723150719,0.4900177336535156,k5,seed_43,linear_survival,120.0,60.0,180.0,0.5
23353,0.5020339999143579,0.5042510740797715,0.2127758173298011,0.21107292022004748,0.6152234976604057,0.6091998320923839,0.03482295538503421,0.49993864460218307,0.48988974156807,k5,seed_43,right_step,120.0,60.0,180.0,0.5
23353,0.5020339999143579,0.5042510740797715,0.2127772159183177,0.21106852376734672,0.6152249475439356,0.6091902183510296,0.034652350761324856,0.5001725724399386,0.49008175827004286,k5,seed_43,log_survival,150.0,60.0,180.0,0.75
23353,0.5020339999143579,0.5042510740797715,0.21277721620772352,0.21106852456864766,0.6152249484778459,0.6091902201827317,0.03465237590661021,0.5001725361715164,0.4900817296962384,k5,seed_43,linear_survival,150.0,60.0,180.0,0.75
23353,0.5020339999143579,0.5042510740797715,0.2127758173298011,0.21107292022004748,0.6152234976604057,0.6091998320923839,0.03482295538503421,0.49993864460218307,0.48988974156807,k5,seed_43,right_step,150.0,60.0,180.0,0.75
23786,0.0,0.0,0.00010686954053727074,2.52317232467569e-05,0.0037937022267918587,0.002474833658607268,0.002461606652794967,0.003736687321620892,0.002461606652794967,k10,seed_41,log_survival,0.5,0.0,2.0,0.25
23786,0.0,0.0,8.146103941298093e-05,2.0827738690807516e-05,0.003628863541263543,0.002436203614255547,0.0024254073098411567,0.0035859685608846353,0.0024254073098411567,k10,seed_41,linear_survival,0.5,0.0,2.0,0.25
23786,0.0,0.0,1.0000000000000003e-18,1.0000000000000003e-18,9.999999722180688e-10,9.999999722180686e-10,1e-09,1.0000000000000003e-09,1.0000000000000003e-09,k10,seed_41,right_step,0.5,0.0,2.0,0.25
23786,4.204153703859413e-05,7.938932766862414e-06,0.0004297407572988758,0.00010200155033319496,0.007757764861809825,0.004981837402380558,0.004890042649576306,0.007366505102704505,0.0048979815823431685,k10,seed_41,log_survival,1.0,0.0,2.0,0.5
23786,4.204153703859413e-05,7.938932766862414e-06,0.00036646122800294107,9.098089771530704e-05,0.007524281989491346,0.004927994830288157,0.004842875686915451,0.007171937121769271,0.0048508146196823134,k10,seed_41,linear_survival,1.0,0.0,2.0,0.5
23786,4.204153703859413e-05,7.938932766862414e-06,4.2041536954512056e-05,7.938932750985547e-06,0.0008712389482025458,0.00016452161418136765,7.939764266382468e-06,1.0000000000000003e-09,1.0000000000000003e-09,k10,seed_41,right_step,1.0,0.0,2.0,0.5
23786,4.204153703859413e-05,7.938932766862414e-06,0.0008397208005022233,0.0002066499855786749,0.011534238917057349,0.007453417771379011,0.007302877226428362,0.010899307077403563,0.007310816159195225,k10,seed_41,log_survival,1.5,0.0,2.0,0.75
23786,4.204153703859413e-05,7.938932766862414e-06,0.0007730541917240572,0.00019498509626195195,0.01134649897952827,0.007410897365697331,0.007268282996756607,0.010757905682653906,0.007276221929523469,k10,seed_41,linear_survival,1.5,0.0,2.0,0.75
23786,4.204153703859413e-05,7.938932766862414e-06,4.2041536954512056e-05,7.938932750985547e-06,0.0008712389482025458,0.00016452161418136765,7.939764266382468e-06,1.0000000000000003e-09,1.0000000000000003e-09,k10,seed_41,right_step,1.5,0.0,2.0,0.75
23666,0.07301614129975492,0.06357033795642643,0.06708340726570396,0.05808650694287714,0.24552334274170604,0.22091402957488954,0.020878319286335847,0.07131812970235137,0.05672304588967904,k10,seed_41,log_survival,2.75,2.0,5.0,0.25
23666,0.07301614129975492,0.06357033795642643,0.06682258319555555,0.05810471050569179,0.24600813268982777,0.2217391698813373,0.020377911405760094,0.06279646871860739,0.05098650973915777,k10,seed_41,linear_survival,2.75,2.0,5.0,0.25
23666,0.07301614129975492,0.06357033795642643,0.07259798701164002,0.06263460211087181,0.36372203476019443,0.31533322424303095,0.0538707884347997,0.014347646028145677,0.009699549521626733,k10,seed_41,right_step,2.75,2.0,5.0,0.25
23666,0.12667962477816277,0.11459295320375726,0.10334039508979215,0.09404925218450873,0.3420722727340899,0.3186854197550641,0.025548953579174694,0.12191682580865577,0.09952760462353516,k10,seed_41,log_survival,3.5,2.0,5.0,0.5
23666,0.12667962477816277,0.11459295320375726,0.10282418621000768,0.09448848607868754,0.34164079262363584,0.3202939649220933,0.031923140063165815,0.11124529140906908,0.09227346995668882,k10,seed_41,linear_survival,3.5,2.0,5.0,0.5
23666,0.12667962477816277,0.11459295320375726,0.12215229386343378,0.11201353628294877,0.599773789142021,0.5584144287803071,0.10489340368213053,0.014347646028145677,0.009699549521626733,k10,seed_41,right_step,3.5,2.0,5.0,0.5
23666,0.1831319192089918,0.1637958467400135,0.13287361382524956,0.12325653702158482,0.41667637608342173,0.39510091887020815,0.03571330471298338,0.1672404140324285,0.13873658656850357,k10,seed_41,log_survival,4.25,2.0,5.0,0.75
23666,0.1831319192089918,0.1637958467400135,0.13271306279298511,0.12368633439067184,0.4166165870818527,0.39631870930494056,0.04066139264028784,0.15969411409953077,0.13356043017421984,k10,seed_41,linear_survival,4.25,2.0,5.0,0.75
23666,0.1831319192089918,0.1637958467400135,0.1755705624297881,0.15993451017713703,0.8602883975929771,0.7970020510745327,0.15409629721838675,0.014347646028145677,0.009699549521626733,k10,seed_41,right_step,4.25,2.0,5.0,0.75
23655,0.28133586979496933,0.25941417033640807,0.16863013372616054,0.17030512562232336,0.5056407204016237,0.5095730429463413,0.0537232001657432,0.252014662806518,0.22271233288844952,k10,seed_41,log_survival,6.25,5.0,10.0,0.25
23655,0.28133586979496933,0.25941417033640807,0.16905887871786948,0.17088272549398123,0.5065840873778722,0.511051420404666,0.05735358534408283,0.24779010298887788,0.21793721801054783,k10,seed_41,linear_survival,6.25,5.0,10.0,0.25
23655,0.28133586979496933,0.25941417033640807,0.17417572693071331,0.1775949359614018,0.5191553179134608,0.5309557740112415,0.0899316250038542,0.20812697976308137,0.17481610841391942,k10,seed_41,right_step,6.25,5.0,10.0,0.25
23583,0.32883857015646867,0.31479062261671903,0.18529531806439684,0.19150459392998057,0.5461128775449761,0.5595769452292582,0.06623267180021578,0.29265573545286006,0.26698633834877705,k10,seed_41,log_survival,7.5,5.0,10.0,0.5
23583,0.32883857015646867,0.31479062261671903,0.18590220022703813,0.19237115167116206,0.5474578454012923,0.5616622391915447,0.0702894256962383,0.28717389451930536,0.26079590013705944,k10,seed_41,linear_survival,7.5,5.0,10.0,0.5
23583,0.32883857015646867,0.31479062261671903,0.20092634197209344,0.21216428780838875,0.5876752303939989,0.6211203865953586,0.1402212175007746,0.20786020018923448,0.17456940511594443,k10,seed_41,right_step,7.5,5.0,10.0,0.5
23583,0.360937963787474,0.34783147557309296,0.1942412714132714,0.20104972478714622,0.5676163877251665,0.582035901785974,0.06043045832721444,0.33083521262343923,0.30842708124057056,k10,seed_41,log_survival,8.75,5.0,10.0,0.75
23583,0.360937963787474,0.34783147557309296,0.19464151910033164,0.2015596869606806,0.568458389570339,0.5831815640873969,0.063049540624235,0.32683074168434073,0.30390914764761695,k10,seed_41,linear_survival,8.75,5.0,10.0,0.75
23583,0.360937963787474,0.34783147557309296,0.22094731565844308,0.2343119036520125,0.6388178250785784,0.6796744606679544,0.17326207045714848,0.20786020018923448,0.17456940511594443,k10,seed_41,right_step,8.75,5.0,10.0,0.75
23576,0.4186036647438073,0.40652758729056376,0.2094654344088402,0.2163415678548292,0.6063129630012905,0.6184114604101407,0.05627915952767847,0.39431398849840976,0.37798500803834617,k10,seed_41,log_survival,12.5,10.0,20.0,0.25
23576,0.4186036647438073,0.40652758729056376,0.20954760554940483,0.21651551671482647,0.6064511245896772,0.6187428847889882,0.05645287930161948,0.39224727812009025,0.3754700531777361,k10,seed_41,linear_survival,12.5,10.0,20.0,0.25
23576,0.4186036647438073,0.40652758729056376,0.2115815138572326,0.21947427300692793,0.6115888532390146,0.62512342227561,0.07408696553437741,0.36650292118989564,0.347052026116608,k10,seed_41,right_step,12.5,10.0,20.0,0.25
23576,0.43853919239904987,0.4257421565070971,0.2158315303812287,0.21912998290987912,0.6221432874606199,0.6255708988969799,0.053334509662310264,0.4206949463118372,0.40717063700321193,k10,seed_41,log_survival,15.0,10.0,20.0,0.5
23576,0.43853919239904987,0.4257421565070971,0.2158641992968355,0.21925681442537015,0.6221712848740887,0.6257736277903485,0.059184836103331744,0.41799163505028475,0.40388808023886397,k10,seed_41,linear_survival,15.0,10.0,20.0,0.5
23576,0.43853919239904987,0.4257421565070971,0.2204931119621335,0.2257002080867101,0.634229261116767,0.6396359257197525,0.08755094938666581,0.36650292118989564,0.347052026116608,k10,seed_41,right_step,15.0,10.0,20.0,0.5
23555,0.45828911059223093,0.44688031425153235,0.21754275269290937,0.21970195423297925,0.6256129271454606,0.6273865570129671,0.057260040904169536,0.44564175725700367,0.43455000415278744,k10,seed_41,log_survival,17.5,10.0,20.0,0.75
23555,0.45828911059223093,0.44688031425153235,0.2175393302261868,0.21976194080510147,0.6255773773334252,0.6274621534747317,0.05751548754997675,0.44365383535489405,0.4321415161491106,k10,seed_41,linear_survival,17.5,10.0,20.0,0.75
23555,0.45828911059223093,0.44688031425153235,0.22573338689630187,0.23088907772343645,0.6455481722493451,0.6507544407846837,0.10806824084903124,0.36644609573484077,0.3469217922138327,k10,seed_41,right_step,17.5,10.0,20.0,0.75
23472,0.4912235855487389,0.49259835179263883,0.2199068237454955,0.22215862214681978,0.6304713374373137,0.6331786262719751,0.04757041652194884,0.4768974963733264,0.46841975515460077,k10,seed_41,log_survival,30.0,20.0,60.0,0.25
23472,0.4912235855487389,0.49259835179263883,0.21990366172543338,0.22217345472879038,0.6304628044666385,0.6332067205724675,0.048479045183459184,0.4766549489539808,0.4681371932353825,k10,seed_41,linear_survival,30.0,20.0,60.0,0.25
23472,0.4912235855487389,0.49259835179263883,0.21991339374584495,0.2225551734543693,0.6304228923180246,0.6338892636228254,0.06037978295986757,0.46973800699734997,0.4609972682307535,k10,seed_41,right_step,30.0,20.0,60.0,0.25
23353,0.5007065473386717,0.5026516019544864,0.22084990372750807,0.2219712275139843,0.6328260650508454,0.6330172048046055,0.047836673367723286,0.485542529021783,0.4760845560942695,k10,seed_41,log_survival,40.0,20.0,60.0,0.5
23353,0.5007065473386717,0.5026516019544864,0.22084966035144146,0.2219959220232081,0.6328230989393322,0.6330651505834397,0.04790947888599351,0.485220563029548,0.47571122687434986,k10,seed_41,linear_survival,40.0,20.0,60.0,0.5
23353,0.5007065473386717,0.5026516019544864,0.22111429012634307,0.2230789710388147,0.6332521907966974,0.6350997224858406,0.06446424127529961,0.4713239677098062,0.4614150832485777,k10,seed_41,right_step,40.0,20.0,60.0,0.5
23353,0.5020339999143579,0.5042510740797715,0.2208844643534302,0.22127292119416947,0.6329696721813276,0.6316622761238279,0.045171770066408955,0.49240811191015293,0.48313635195792826,k10,seed_41,log_survival,50.0,20.0,60.0,0.75
23353,0.5020339999143579,0.5042510740797715,0.22087797609778578,0.22128371249486858,0.6329550054123949,0.6316828035302559,0.045733759237512474,0.49216886068941895,0.4828592986872359,k10,seed_41,linear_survival,50.0,20.0,60.0,0.75
23353,0.5020339999143579,0.5042510740797715,0.2210614183935503,0.22269898358092982,0.6331797466390664,0.634324234564383,0.06604757193876996,0.4713239677098062,0.4614150832485777,k10,seed_41,right_step,50.0,20.0,60.0,0.75
23353,0.5020339999143579,0.5042510740797715,0.22114079359921146,0.2211658256572183,0.6335213855867898,0.6315142398863672,0.04317335543135676,0.4992036545454161,0.4900635533908504,k10,seed_41,log_survival,90.0,60.0,180.0,0.25
23353,0.5020339999143579,0.5042510740797715,0.22114079537800096,0.2211658253417336,0.6335213901892561,0.6315142394487644,0.0431733620330506,0.49920360519827905,0.4900635290049507,k10,seed_41,linear_survival,90.0,60.0,180.0,0.25
23353,0.5020339999143579,0.5042510740797715,0.22114145362757243,0.22116551599655923,0.6335230419654408,0.6315135623634054,0.04403561454684453,0.49911715834928977,0.490007370500122,k10,seed_41,right_step,90.0,60.0,180.0,0.25
23353,0.5020339999143579,0.5042510740797715,0.22114016298984937,0.22116614883318608,0.6335197886002207,0.6315149451444667,0.04380480105816836,0.4992901178292814,0.4901197200185754,k10,seed_41,log_survival,120.0,60.0,180.0,0.5
23353,0.5020339999143579,0.5042510740797715,0.22114016532697933,0.22116614839889598,0.6335197946673274,0.6315149445330897,0.043804809783034596,0.4992900520472684,0.4901196875097793,k10,seed_41,linear_survival,120.0,60.0,180.0,0.5
23353,0.5020339999143579,0.5042510740797715,0.22114145362757243,0.22116551599655923,0.6335230419654408,0.6315135623634054,0.04403561454684453,0.49911715834928977,0.490007370500122,k10,seed_41,right_step,120.0,60.0,180.0,0.5
23353,0.5020339999143579,0.5042510740797715,0.2211395617475747,0.22116648550398696,0.633518250917167,0.6315156781044717,0.0441614359021459,0.49937654822214533,0.4901758703919042,k10,seed_41,log_survival,150.0,60.0,180.0,0.75
23353,0.5020339999143579,0.5042510740797715,0.22113956347450758,0.2211664851680465,0.6335182554153858,0.631515677625016,0.04416144245776322,0.4993764988962576,0.490175846014608,k10,seed_41,linear_survival,150.0,60.0,180.0,0.75
23353,0.5020339999143579,0.5042510740797715,0.22114145362757243,0.22116551599655923,0.6335230419654408,0.6315135623634054,0.04403561454684453,0.49911715834928977,0.490007370500122,k10,seed_41,right_step,150.0,60.0,180.0,0.75
23353,0.5020339999143579,0.5042510740797715,0.22113837670447703,0.2211678150244338,0.6335152746705769,0.6315185686523294,0.043426492368037264,0.4995820462320336,0.4903032818462805,k10,seed_41,log_survival,285.0,180.0,600.0,0.25
23353,0.5020339999143579,0.5042510740797715,0.22113838038833006,0.22116781439932193,0.6335152839243632,0.6315185675585545,0.043426500967000084,0.4995819542830812,0.49030324139219017,k10,seed_41,linear_survival,285.0,180.0,600.0,0.25
23353,0.5020339999143579,0.5042510740797715,0.2211389898205857,0.22116683564918505,0.6335167724493187,0.631516438733235,0.04412830329541811,0.49946294574524686,0.49023200451943666,k10,seed_41,right_step,285.0,180.0,600.0,0.25
23353,0.5020339999143579,0.5042510740797715,0.22113781798866616,0.22116881636802307,0.6335138872540298,0.6315207442029623,0.043448492074747935,0.4997010853848558,0.49037453219158794,k10,seed_41,log_survival,390.0,180.0,600.0,0.5
23353,0.5020339999143579,0.5042510740797715,0.22113782281670974,0.2211688155060078,0.6335138994246765,0.6315207426857913,0.043465786766320055,0.49970096282091564,0.4903744782649437,k10,seed_41,linear_survival,390.0,180.0,600.0,0.5
23353,0.5020339999143579,0.5042510740797715,0.2211389898205857,0.22116683564918505,0.6335167724493187,0.631516438733235,0.04412830329541811,0.49946294574524686,0.49023200451943666,k10,seed_41,right_step,390.0,180.0,600.0,0.5
23353,0.5020339999143579,0.5042510740797715,0.22113731354742777,0.22116983963712816,0.6335126099834708,0.6315229653147989,0.04350041969605789,0.4998200632557238,0.4904457555735781,k10,seed_41,log_survival,495.0,180.0,600.0,0.75
23353,0.5020339999143579,0.5042510740797715,0.22113731710572473,0.22116983896924272,0.6335126189857431,0.6315229641328393,0.04350042820606596,0.4998199713587499,0.49044571513769725,k10,seed_41,linear_survival,495.0,180.0,600.0,0.75
23353,0.5020339999143579,0.5042510740797715,0.2211389898205857,0.22116683564918505,0.6335167724493187,0.631516438733235,0.04412830329541811,0.49946294574524686,0.49023200451943666,k10,seed_41,right_step,495.0,180.0,600.0,0.75
23353,0.5020339999143579,0.5042510740797715,0.2211390593738499,0.22117282405450303,0.6335157770830618,0.6315293683806322,0.04351623285212863,0.5000793119588435,0.49060392087976823,k10,seed_41,log_survival,900.0,600.0,1800.0,0.25
23353,0.5020339999143579,0.5042510740797715,0.2211390599030388,0.22117282205800814,0.6335157796253611,0.6315293645626239,0.04351624977400647,0.500079187814641,0.4906038624414485,k10,seed_41,linear_survival,900.0,600.0,1800.0,0.25
23353,0.5020339999143579,0.5042510740797715,0.22113686325537502,0.2211708847890267,0.6335114426434973,0.6315252319177317,0.04325447698319158,0.4999389798965842,0.49051695201045065,k10,seed_41,right_step,900.0,600.0,1800.0,0.25
23353,0.5020339999143579,0.5042510740797715,0.22114132860878033,0.22117479527786338,0.6335202590148884,0.6315335704841097,0.04350589992888476,0.5002195612069702,0.4906908507704369,k10,seed_41,log_survival,1200.0,600.0,1800.0,0.5
23353,0.5020339999143579,0.5042510740797715,0.22114132918622176,0.22117479256829228,0.6335202621450685,0.6315335652955684,0.043505922415274643,0.5002193957326977,0.49069077287244633,k10,seed_41,linear_survival,1200.0,600.0,1800.0,0.5
23353,0.5020339999143579,0.5042510740797715,0.22113686325537502,0.2211708847890267,0.6335114426434973,0.6315252319177317,0.04325447698319158,0.4999389798965842,0.49051695201045065,k10,seed_41,right_step,1200.0,600.0,1800.0,0.5
23353,0.5020339999143579,0.5042510740797715,0.22114367076780686,0.22117679838769283,0.6335248881057771,0.6315378381109705,0.04325720030927175,0.5003597277179863,0.4907777417121191,k10,seed_41,log_survival,1500.0,600.0,1800.0,0.75
23353,0.5020339999143579,0.5042510740797715,0.22114367110492397,0.22117679631987902,0.6335248902588939,0.6315378341462061,0.04325721717850305,0.5003596036507543,0.4907776833034442,k10,seed_41,linear_survival,1500.0,600.0,1800.0,0.75
23353,0.5020339999143579,0.5042510740797715,0.22113686325537502,0.2211708847890267,0.6335114426434973,0.6315252319177317,0.04325447698319158,0.4999389798965842,0.49051695201045065,k10,seed_41,right_step,1500.0,600.0,1800.0,0.75
23353,0.5020339999143579,0.5042510740797715,0.2207133575572271,0.22103557217231987,0.6321411110701013,0.6310174378566363,0.04056010331644134,0.5039876164036186,0.49202725363438377,k10,seed_41,log_survival,3150.0,1800.0,7200.0,0.25
23353,0.5020339999143579,0.5042510740797715,0.2207371503008062,0.22104805535081404,0.6322059468634484,0.6310526920203281,0.04200823260703104,0.5033677856803965,0.49189800046052945,k10,seed_41,linear_survival,3150.0,1800.0,7200.0,0.25
23353,0.5020339999143579,0.5042510740797715,0.22114608565914548,0.22117883331276847,0.6335296640239606,0.631542171144457,0.04268563194107635,0.5004998115688111,0.490864593734442,k10,seed_41,right_step,3150.0,1800.0,7200.0,0.25
22998,0.5159579093834247,0.5151976659155013,0.2224383373031186,0.2225653841442487,0.6354728343914863,0.6342402349442106,0.04640774093489012,0.5089170390404713,0.4955352808906957,k10,seed_41,log_survival,4500.0,1800.0,7200.0,0.5
22998,0.5159579093834247,0.5151976659155013,0.22246518447050012,0.22257996153324516,0.6356206553235668,0.6342913503134133,0.045881051132881434,0.5081504933346013,0.4953728891550756,k10,seed_41,linear_survival,4500.0,1800.0,7200.0,0.5
22998,0.5159579093834247,0.5151976659155013,0.22422197360478746,0.2230079118065125,0.6413974179653796,0.6357666884569956,0.043460995437862145,0.5023729302953526,0.4932886164316281,k10,seed_41,right_step,4500.0,1800.0,7200.0,0.5
22998,0.5159579093834247,0.5151976659155013,0.22218822719940393,0.2224927944330372,0.634746221247483,0.6340154236911089,0.04469786470991744,0.5115681461557704,0.49652853089706817,k10,seed_41,log_survival,5850.0,1800.0,7200.0,0.75
22998,0.5159579093834247,0.5151976659155013,0.2221170165992189,0.22248594800295732,0.6345855979358274,0.6340022333425575,0.044352082628168754,0.5110392748542255,0.49641502551679934,k10,seed_41,linear_survival,5850.0,1800.0,7200.0,0.75
22998,0.5159579093834247,0.5151976659155013,0.22422197360478746,0.2230079118065125,0.6413974179653796,0.6357666884569956,0.043460995437862145,0.5023729302953526,0.4932886164316281,k10,seed_41,right_step,5850.0,1800.0,7200.0,0.75
23786,0.0,0.0,6.909987362517768e-05,1.9183130332249695e-05,0.0032809972179949935,0.0024442375415219425,0.002434284402627997,0.0032444575440090753,0.0024342844026279974,k10,seed_42,log_survival,0.5,0.0,2.0,0.25
23786,0.0,0.0,5.473862371360112e-05,1.6535902840966908e-05,0.003174796913019934,0.002414994692556573,0.0024064921811296006,0.0031461782732295674,0.0024064921811296006,k10,seed_42,linear_survival,0.5,0.0,2.0,0.25
23786,0.0,0.0,1.0000000000000003e-18,1.0000000000000003e-18,9.999999722180688e-10,9.999999722180686e-10,1e-09,1.0000000000000003e-09,1.0000000000000003e-09,k10,seed_42,right_step,0.5,0.0,2.0,0.25
23786,4.204153703859413e-05,7.938932766862414e-06,0.0002966570836062074,8.068456957621072e-05,0.006798530038344181,0.004933141391089072,0.004841446742156876,0.006419815214392964,0.004849385674923737,k10,seed_42,log_survival,1.0,0.0,2.0,0.5
23786,4.204153703859413e-05,7.938932766862414e-06,0.0002606947841810342,7.402565788203602e-05,0.006649173107149057,0.004892740082172004,0.004805045429492338,0.006292356546459135,0.004812984362259201,k10,seed_42,linear_survival,1.0,0.0,2.0,0.5
23786,4.204153703859413e-05,7.938932766862414e-06,4.2041536954512056e-05,7.938932750985547e-06,0.0008712389482025458,0.00016452161418136765,7.939764266382468e-06,1.0000000000000003e-09,1.0000000000000003e-09,k10,seed_42,right_step,1.0,0.0,2.0,0.5
23786,4.204153703859413e-05,7.938932766862414e-06,0.0005723164274862608,0.00016375908681432846,0.01006244306014607,0.007374152830653127,0.007238371220411712,0.00953158304119715,0.007246310153178574,k10,seed_42,log_survival,1.5,0.0,2.0,0.75
23786,4.204153703859413e-05,7.938932766862414e-06,0.0005342372788930576,0.00015667672896252355,0.009943506501813719,0.0073426046843118094,0.007211537610621938,0.009438534819688702,0.007219476543388801,k10,seed_42,linear_survival,1.5,0.0,2.0,0.75
23786,4.204153703859413e-05,7.938932766862414e-06,4.2041536954512056e-05,7.938932750985547e-06,0.0008712389482025458,0.00016452161418136765,7.939764266382468e-06,1.0000000000000003e-09,1.0000000000000003e-09,k10,seed_42,right_step,1.5,0.0,2.0,0.75
23666,0.07301614129975492,0.06357033795642643,0.06621029159147435,0.05770808902299574,0.24111950484611352,0.21829675764882717,0.01961953773864275,0.0716560121105063,0.05846730764513823,k10,seed_42,log_survival,2.75,2.0,5.0,0.25
23666,0.07301614129975492,0.06357033795642643,0.06607766895779298,0.05778117965102177,0.24189369547325118,0.21927424052063588,0.019422379797635034,0.06274825153225938,0.052444311715823325,k10,seed_42,linear_survival,2.75,2.0,5.0,0.25
23666,0.07301614129975492,0.06357033795642643,0.07226233547220122,0.0625624904396936,0.36426907005100445,0.31328860881690784,0.053943095801755866,0.012589109690351312,0.009627242154670566,k10,seed_42,right_step,2.75,2.0,5.0,0.25
23666,0.12667962477816277,0.11459295320375726,0.10223214768182172,0.0931721027772268,0.3369632953124762,0.31460567454565086,0.024043439509291595,0.12409164536881696,0.10288521372524047,k10,seed_42,log_survival,3.5,2.0,5.0,0.5
23666,0.12667962477816277,0.11459295320375726,0.10188672033406933,0.09369418582536278,0.3368140347520243,0.3163544711127823,0.030951236045171335,0.11290739337416744,0.09526138127697609,k10,seed_42,linear_survival,3.5,2.0,5.0,0.5
23666,0.12667962477816277,0.11459295320375726,0.12245584087742127,0.11203122111387749,0.6039665204578945,0.554180696581655,0.10496571104908671,0.012589109690351312,0.009627242154670566,k10,seed_42,right_step,3.5,2.0,5.0,0.5
23666,0.1831319192089918,0.1637958467400135,0.1307353187433486,0.12192838012047133,0.4098169719882527,0.39020456361406,0.030301457685492708,0.1709920949925018,0.14352281117856736,k10,seed_42,log_survival,4.25,2.0,5.0,0.75
23666,0.1831319192089918,0.1637958467400135,0.13077680867590072,0.12241049738452046,0.41012352985543093,0.3914730518552466,0.03565040766734905,0.16306653521607553,0.13807845083812886,k10,seed_42,linear_survival,4.25,2.0,5.0,0.75
23666,0.1831319192089918,0.1637958467400135,0.1761424594058653,0.1599298239626449,0.8720618141447859,0.7898622524171187,0.1541686045853429,0.012589109690351312,0.009627242154670566,k10,seed_42,right_step,4.25,2.0,5.0,0.75
23655,0.28133586979496933,0.25941417033640807,0.1669790556647153,0.168879979312655,0.500135599715658,0.5051857969826986,0.05144072308643697,0.25279676521617617,0.22333133729377547,k10,seed_42,log_survival,6.25,5.0,10.0,0.25
23655,0.28133586979496933,0.25941417033640807,0.16737816669675298,0.1693715112914743,0.5009943101769656,0.506426195424178,0.05516118065917062,0.24919628525881224,0.21941267010898943,k10,seed_42,linear_survival,6.25,5.0,10.0,0.25
23655,0.28133586979496933,0.25941417033640807,0.17210748869098152,0.17532508290477838,0.5122837410854312,0.5234237127828955,0.08657279123800164,0.2132334711858779,0.18089029862863618,k10,seed_42,right_step,6.25,5.0,10.0,0.25
23583,0.32883857015646867,0.31479062261671903,0.1833583523129423,0.18985270227920445,0.5398501829832255,0.5545551053872714,0.06587570096017246,0.2894832794804465,0.26269264776897455,k10,seed_42,log_survival,7.5,5.0,10.0,0.5
23583,0.32883857015646867,0.31479062261671903,0.18398118940092648,0.19069035701587675,0.5411894678499874,0.5565421004333075,0.0697269966160116,0.28480645564862606,0.25760196856730855,k10,seed_42,linear_survival,7.5,5.0,10.0,0.5
23583,0.32883857015646867,0.31479062261671903,0.19830407986474313,0.20905704814958398,0.578528987799557,0.6098313827653763,0.13422620072383076,0.21288449909857848,0.1805644218928883,k10,seed_42,right_step,7.5,5.0,10.0,0.5
23583,0.360937963787474,0.34783147557309296,0.1920891172271406,0.19921657717140243,0.5609404554444615,0.576612241309768,0.062300299001690325,0.3241871000659897,0.29984282424301056,k10,seed_42,log_survival,8.75,5.0,10.0,0.75
23583,0.360937963787474,0.34783147557309296,0.19254791394957196,0.1997603076979907,0.5618710371722768,0.5778246272483163,0.06581764776872676,0.32076743392364987,0.2961207419045187,k10,seed_42,linear_survival,8.75,5.0,10.0,0.75
23583,0.360937963787474,0.34783147557309296,0.21816923526898857,0.2306952828982349,0.6290248691835225,0.6662332970314709,0.16726705368020464,0.21288449909857848,0.1805644218928883,k10,seed_42,right_step,8.75,5.0,10.0,0.75
23576,0.4186036647438073,0.40652758729056376,0.20737230731078432,0.21467309917726196,0.6010762892958826,0.6141623602938446,0.05305163726714674,0.3852352134206432,0.3669898704964895,k10,seed_42,log_survival,12.5,10.0,20.0,0.25
23576,0.4186036647438073,0.40652758729056376,0.2074774440333051,0.2148895429903515,0.6012558641999617,0.6145877346762672,0.05634144828164699,0.3830513083415784,0.36425693524879926,k10,seed_42,linear_survival,12.5,10.0,20.0,0.25
23576,0.4186036647438073,0.40652758729056376,0.21001210030437026,0.2185085391949529,0.6077178132174259,0.6227507873960577,0.07249485838376946,0.35673440128363154,0.3346610940572105,k10,seed_42,right_step,12.5,10.0,20.0,0.25
23576,0.43853919239904987,0.4257421565070971,0.21386700099458378,0.21726180411543355,0.6182103099871716,0.6210623653383612,0.04708414648623046,0.41222248400487554,0.39741630307328224,k10,seed_42,log_survival,15.0,10.0,20.0,0.5
23576,0.43853919239904987,0.4257421565070971,0.21391604149727314,0.21742519039266525,0.6182541902548128,0.6213349988856213,0.049371347693578364,0.4093682153995254,0.393852776440388,k10,seed_42,linear_survival,15.0,10.0,20.0,0.5
23576,0.43853919239904987,0.4257421565070971,0.2194865990517334,0.225133054558613,0.6330078561865567,0.6385315481010264,0.09108106244988662,0.35673440128363154,0.3346610940572105,k10,seed_42,right_step,15.0,10.0,20.0,0.5
23555,0.45828911059223093,0.44688031425153235,0.21558078713653564,0.2175711825666016,0.6217626553322403,0.6223375943275404,0.043828500113180534,0.43770096838247946,0.4258894827808035,k10,seed_42,log_survival,17.5,10.0,20.0,0.75
23555,0.45828911059223093,0.44688031425153235,0.2155776748818023,0.21764371790284345,0.6217130708975864,0.6224328982915672,0.045722735310373325,0.4356034173683959,0.42327685029388384,k10,seed_42,linear_survival,17.5,10.0,20.0,0.75
23555,0.45828911059223093,0.44688031425153235,0.22506371504287692,0.23053578024947452,0.6451701922154665,0.650123449125821,0.11236175811743265,0.3566754997919445,0.3345185561340997,k10,seed_42,right_step,17.5,10.0,20.0,0.75
23472,0.4912235855487389,0.49259835179263883,0.21817196151996868,0.22075390343259177,0.6272055219552286,0.6297529868652121,0.04900988607455721,0.46948932037314844,0.4604168235961421,k10,seed_42,log_survival,30.0,20.0,60.0,0.25
23472,0.4912235855487389,0.49259835179263883,0.2181709385878317,0.22076887418192911,0.627200696190577,0.6297818678868236,0.04982827349893593,0.4692297439329242,0.4601481047917108,k10,seed_42,linear_survival,30.0,20.0,60.0,0.25
23472,0.4912235855487389,0.49259835179263883,0.21823724901645286,0.22116335122971884,0.6272648314987956,0.6304913714836454,0.056787553308284756,0.4622376142296942,0.4532399170508215,k10,seed_42,right_step,30.0,20.0,60.0,0.25
23353,0.5007065473386717,0.5026516019544864,0.2189518324820107,0.22054589077232237,0.6292380103861184,0.6295746581233554,0.05820885098625227,0.4781743387355531,0.4678467765334762,k10,seed_42,log_survival,40.0,20.0,60.0,0.5
23353,0.5007065473386717,0.5026516019544864,0.2189548161722528,0.22057146755902893,0.6292408481649152,0.6296251766341571,0.05827880516798806,0.4778299493771671,0.46749174496980467,k10,seed_42,linear_survival,40.0,20.0,60.0,0.5
23353,0.5007065473386717,0.5026516019544864,0.21934090445355958,0.22169638199779615,0.6298950198408345,0.6317525038538148,0.06466973491775677,0.46378148367244665,0.45366182393160376,k10,seed_42,right_step,40.0,20.0,60.0,0.5
23353,0.5020339999143579,0.5042510740797715,0.21906857514250605,0.2198883255920879,0.6295501722448184,0.6283005157352662,0.05263611230281545,0.4851099484487432,0.47467019047577413,k10,seed_42,log_survival,50.0,20.0,60.0,0.75
23353,0.5020339999143579,0.5042510740797715,0.21906385610164314,0.21990050648522325,0.6295386161682557,0.6283245290708417,0.05297240803417095,0.4848541822295273,0.4744067054889051,k10,seed_42,linear_survival,50.0,20.0,60.0,0.75
23353,0.5020339999143579,0.5042510740797715,0.21942766359336086,0.22140554952049898,0.6300999382801549,0.631160986579518,0.06613836337530068,0.46378148367244665,0.45366182393160376,k10,seed_42,right_step,50.0,20.0,60.0,0.75
23353,0.5020339999143579,0.5042510740797715,0.21928753826044203,0.21973285960864686,0.630034738069406,0.6280494326127041,0.0406673952961707,0.49195725597818846,0.4813794324827383,k10,seed_42,log_survival,90.0,60.0,180.0,0.25
23353,0.5020339999143579,0.5042510740797715,0.21928753887133282,0.21973285950246302,0.6300347387686945,0.6280494319085529,0.04066909354621284,0.4919572127378443,0.4813794066505353,k10,seed_42,linear_survival,90.0,60.0,180.0,0.25
23353,0.5020339999143579,0.5042510740797715,0.2192887698441155,0.21973441143648087,0.6300368596449072,0.6280522920668641,0.04096766562562918,0.4918784150818875,0.4813216660080056,k10,seed_42,right_step,90.0,60.0,180.0,0.25
23353,0.5020339999143579,0.5042510740797715,0.2192863304785924,0.2197313211721406,0.6300326664235473,0.6280466019067816,0.04132579152866124,0.4920360680366854,0.4814371817304604,k10,seed_42,log_survival,120.0,60.0,180.0,0.5
23353,0.5020339999143579,0.5042510740797715,0.21928633126870678,0.21973132101886655,0.630032667301921,0.6280466009407606,0.041325805951372176,0.49203601039380107,0.48143714729306497,k10,seed_42,linear_survival,120.0,60.0,180.0,0.5
23353,0.5020339999143579,0.5042510740797715,0.2192887698441155,0.21973441143648087,0.6300368596449072,0.6280522920668641,0.04096766562562918,0.4918784150818875,0.4813216660080056,k10,seed_42,right_step,120.0,60.0,180.0,0.5
23353,0.5020339999143579,0.5042510740797715,0.21928514646194092,0.21972979610941218,0.6300306446460726,0.6280437999206326,0.04122770662519657,0.49211485127374344,0.4814949137594862,k10,seed_42,log_survival,150.0,60.0,180.0,0.75
23353,0.5020339999143579,0.5042510740797715,0.21928514703623725,0.21972979598569162,0.630030645264353,0.6280437991757536,0.041227717380564056,0.4921148080497578,0.48149488793559464,k10,seed_42,linear_survival,150.0,60.0,180.0,0.75
23353,0.5020339999143579,0.5042510740797715,0.2192887698441155,0.21973441143648087,0.6300368596449072,0.6280522920668641,0.04096766562562918,0.4918784150818875,0.4813216660080056,k10,seed_42,right_step,150.0,60.0,180.0,0.75
23353,0.5020339999143579,0.5042510740797715,0.21928322691534582,0.21972687959376602,0.6300274780611365,0.6280384120537369,0.04026692276859089,0.4922517769459143,0.48159802443085253,k10,seed_42,log_survival,285.0,180.0,600.0,0.25
23353,0.5020339999143579,0.5042510740797715,0.21928322701384625,0.2197268795207679,0.6300274779171873,0.628038411622505,0.040266929480333606,0.49225175382657044,0.48159800934827846,k10,seed_42,linear_survival,285.0,180.0,600.0,0.25
23353,0.5020339999143579,0.5042510740797715,0.21928398617392436,0.21972828440293818,0.6300286726758584,0.6280410266258448,0.04106973162552611,0.4921936057057146,0.4815526285781244,k10,seed_42,right_step,285.0,180.0,600.0,0.25
23353,0.5020339999143579,0.5042510740797715,0.21928248036076373,0.219725482701687,0.6300263101978663,0.6280358144409331,0.0405469645459569,0.4923099327688861,0.48164341022610097,k10,seed_42,log_survival,390.0,180.0,600.0,0.5
23353,0.5020339999143579,0.5042510740797715,0.21928248048240456,0.21972548259920702,0.6300263099842914,0.6280358138539502,0.04054697356933796,0.4923099019474264,0.48164339011843244,k10,seed_42,linear_survival,390.0,180.0,600.0,0.5
23353,0.5020339999143579,0.5042510740797715,0.21928398617392436,0.21972828440293818,0.6300286726758584,0.6280410266258448,0.04106973162552611,0.4921936057057146,0.4815526285781244,k10,seed_42,right_step,390.0,180.0,600.0,0.5
23353,0.5020339999143579,0.5042510740797715,0.21928174649563376,0.21972409371897525,0.6300251690616782,0.6280332337748539,0.040555428712407714,0.492368073181129,0.4816887859675157,k10,seed_42,log_survival,495.0,180.0,600.0,0.75
23353,0.5020339999143579,0.5042510740797715,0.21928174657959928,0.21972409363825565,0.6300251688852674,0.6280332333256118,0.04055543547763979,0.49236805006828227,0.4816887708885866,k10,seed_42,linear_survival,495.0,180.0,600.0,0.75
23353,0.5020339999143579,0.5042510740797715,0.21928398617392436,0.21972828440293818,0.6300286726758584,0.6280410266258448,0.04106973162552611,0.4921936057057146,0.4815526285781244,k10,seed_42,right_step,495.0,180.0,600.0,0.75
23353,0.5020339999143579,0.5042510740797715,0.21927957454819022,0.219720527046808,0.6300215156804283,0.6280265607472958,0.040302995249276594,0.4925125372246825,0.48180087054083426,k10,seed_42,log_survival,900.0,600.0,1800.0,0.25
23353,0.5020339999143579,0.5042510740797715,0.21927957485667415,0.21972052686159269,0.6300215154651638,0.6280265596450736,0.040303009158002424,0.49251248590261215,0.48180083816350494,k10,seed_42,linear_survival,900.0,600.0,1800.0,0.25
23353,0.5020339999143579,0.5042510740797715,0.21928102530543034,0.2197227126379138,0.6300240546282425,0.6280306700429367,0.04039116627709457,0.4924261981891382,0.4817341516587405,k10,seed_42,right_step,900.0,600.0,1800.0,0.25
23353,0.5020339999143579,0.5042510740797715,0.2192781513695657,0.2197183580814518,0.6300190351911595,0.6280224873909367,0.04031816846342568,0.4925988420309341,0.4818675678303234,k10,seed_42,log_survival,1200.0,600.0,1800.0,0.5
23353,0.5020339999143579,0.5042510740797715,0.219278151749263,0.21971835781865065,0.6300190348323064,0.628022485883425,0.04031818700553825,0.4925987736160861,0.48186752466826915,k10,seed_42,linear_survival,1200.0,600.0,1800.0,0.5
23353,0.5020339999143579,0.5042510740797715,0.21928102530543034,0.2197227126379138,0.6300240546282425,0.6280306700429367,0.04039116627709457,0.4924261981891382,0.4817341516587405,k10,seed_42,right_step,1200.0,600.0,1800.0,0.5
23353,0.5020339999143579,0.5042510740797715,0.21927675572211144,0.2197162057180639,0.6300166130821718,0.6280184499354972,0.04028951396197113,0.4926851126297667,0.4819342435387877,k10,seed_42,log_survival,1500.0,600.0,1800.0,0.75
23353,0.5020339999143579,0.5042510740797715,0.21927675598319685,0.21971620550908774,0.6300166127591644,0.6280184487764517,0.04028952780582557,0.49268506132956,0.48193421117303353,k10,seed_42,linear_survival,1500.0,600.0,1800.0,0.75
23353,0.5020339999143579,0.5042510740797715,0.21928102530543034,0.2197227126379138,0.6300240546282425,0.6280306700429367,0.04039116627709457,0.4924261981891382,0.4817341516587405,k10,seed_42,right_step,1500.0,600.0,1800.0,0.75
23353,0.5020339999143579,0.5042510740797715,0.21894671898127951,0.21959840141297102,0.6289387950604827,0.6276227763313597,0.039352524650965955,0.49635237122274234,0.4831653066760182,k10,seed_42,log_survival,3150.0,1800.0,7200.0,0.25
23353,0.5020339999143579,0.5042510740797715,0.21890542519606457,0.21959568862158368,0.6288764434205283,0.6276256066631037,0.04049764080332841,0.4955990273752752,0.4830227121488585,k10,seed_42,linear_survival,3150.0,1800.0,7200.0,0.25
23353,0.5020339999143579,0.5042510740797715,0.21927538755847567,0.2197140699329039,0.6300142492753927,0.6280144483426927,0.03994581544934602,0.492771349043034,0.4820008976777979,k10,seed_42,right_step,3150.0,1800.0,7200.0,0.25
22998,0.5159579093834247,0.5151976659155013,0.22133832126287484,0.22121781741088992,0.6339626615887328,0.6311098781903889,0.04233411783893753,0.5012673738163731,0.48655139539764425,k10,seed_42,log_survival,4500.0,1800.0,7200.0,0.5
22998,0.5159579093834247,0.5151976659155013,0.22112529284667903,0.22118834270870946,0.6335671062410781,0.6310605943988044,0.040512492477318404,0.5003691764212501,0.48637785900671016,k10,seed_42,linear_survival,4500.0,1800.0,7200.0,0.5
22998,0.5159579093834247,0.5151976659155013,0.22234912865004797,0.22151332270732085,0.6377147348995255,0.632144082292007,0.04109823835659047,0.4946649311824769,0.4843176787300301,k10,seed_42,right_step,4500.0,1800.0,7200.0,0.5
22998,0.5159579093834247,0.5151976659155013,0.2213388629541044,0.22118231979181527,0.6338893174422622,0.6309985579973921,0.04255781970231729,0.5038227094509484,0.4875261726241507,k10,seed_42,log_survival,5850.0,1800.0,7200.0,0.75
22998,0.5159579093834247,0.5151976659155013,0.22107987081897557,0.22114286358791252,0.6331597341377567,0.6308881495031462,0.04399440168062883,0.5032212990406367,0.48740794914505015,k10,seed_42,linear_survival,5850.0,1800.0,7200.0,0.75
22998,0.5159579093834247,0.5151976659155013,0.22234912865004797,0.22151332270732085,0.6377147348995255,0.632144082292007,0.04109823835659047,0.4946649311824769,0.4843176787300301,k10,seed_42,right_step,5850.0,1800.0,7200.0,0.75
23786,0.0,0.0,7.140409012004971e-05,1.8390391102281493e-05,0.0034506163428291354,0.002454954492737825,0.0024454546562925027,0.0034129652933961654,0.0024454546562925027,k10,seed_43,log_survival,0.5,0.0,2.0,0.25
23786,0.0,0.0,5.717309061486719e-05,1.611490767270526e-05,0.003340990682950374,0.0024269686666076873,0.002418705234392963,0.0033111507921285283,0.002418705234392963,k10,seed_43,linear_survival,0.5,0.0,2.0,0.25
23786,0.0,0.0,1.0000000000000003e-18,1.0000000000000003e-18,9.999999722180688e-10,9.999999722180686e-10,1e-09,1.0000000000000003e-09,1.0000000000000003e-09,k10,seed_43,right_step,0.5,0.0,2.0,0.25
23786,4.204153703859413e-05,7.938932766862414e-06,0.0003057845094028834,7.802235935352254e-05,0.007101783281256171,0.004947780048404296,0.004864579988715851,0.006754526496672271,0.004872518921482713,k10,seed_43,log_survival,1.0,0.0,2.0,0.5
23786,4.204153703859413e-05,7.938932766862414e-06,0.0002700300181436124,7.226564570199578e-05,0.006948107424649477,0.004909294908333826,0.0048294715360190634,0.0066223015842570565,0.004837410468785926,k10,seed_43,linear_survival,1.0,0.0,2.0,0.5
23786,4.204153703859413e-05,7.938932766862414e-06,4.2041536954512056e-05,7.938932750985547e-06,0.0008712389482025458,0.00016452161418136765,7.939764266382468e-06,1.0000000000000003e-09,1.0000000000000003e-09,k10,seed_43,right_step,1.0,0.0,2.0,0.5
23786,4.204153703859413e-05,7.938932766862414e-06,0.0005935192877710257,0.00015892921751243226,0.010535264361626986,0.007399498796062817,0.007274108327787907,0.01003010530606686,0.0072820472605547686,k10,seed_43,log_survival,1.5,0.0,2.0,0.75
23786,4.204153703859413e-05,7.938932766862414e-06,0.0005555435305407233,0.00015277372518767825,0.010413253382290303,0.007369592017781518,0.007248176770412027,0.009933452376385585,0.007256115703178889,k10,seed_43,linear_survival,1.5,0.0,2.0,0.75
23786,4.204153703859413e-05,7.938932766862414e-06,4.2041536954512056e-05,7.938932750985547e-06,0.0008712389482025458,0.00016452161418136765,7.939764266382468e-06,1.0000000000000003e-09,1.0000000000000003e-09,k10,seed_43,right_step,1.5,0.0,2.0,0.75
23666,0.07301614129975492,0.06357033795642643,0.0659933517352368,0.05781004261538714,0.2411325406670378,0.21956594717408845,0.01695583318395417,0.0688511624185612,0.056105310140021014,k10,seed_43,log_survival,2.75,2.0,5.0,0.25
23666,0.07301614129975492,0.06357033795642643,0.0661505018364969,0.057943338341657394,0.24273514072954927,0.22067964095861223,0.022173758593693135,0.06120036611494276,0.0506176963852722,k10,seed_43,linear_survival,2.75,2.0,5.0,0.25
23666,0.07301614129975492,0.06357033795642643,0.07228274997607244,0.06254769035009955,0.3620973084547507,0.3141377537439857,0.05390118262568517,0.013241586066922838,0.009669155330741261,k10,seed_43,right_step,2.75,2.0,5.0,0.25
23666,0.12667962477816277,0.11459295320375726,0.10131962035252232,0.0938283279816536,0.33565107038433956,0.31744805785794683,0.026980447857767022,0.11884302646727302,0.09854894797701004,k10,seed_43,log_survival,3.5,2.0,5.0,0.5
23666,0.12667962477816277,0.11459295320375726,0.10162885511945552,0.09441520686338808,0.3368994499992841,0.31935327322164203,0.031137247859442604,0.10915914616296268,0.09156623743980316,k10,seed_43,linear_survival,3.5,2.0,5.0,0.5
23666,0.12667962477816277,0.11459295320375726,0.1224401920126931,0.11211270757649126,0.6034018517102934,0.5581303639715507,0.104923797873016,0.013241586066922838,0.009669155330741261,k10,seed_43,right_step,3.5,2.0,5.0,0.5
23666,0.1831319192089918,0.1637958467400135,0.13007455313592625,0.12287894350281195,0.40827525072229653,0.3930291737123551,0.0367637186327498,0.16402972935468974,0.13752386487646315,k10,seed_43,log_survival,4.25,2.0,5.0,0.75
23666,0.1831319192089918,0.1637958467400135,0.13058686949016687,0.12342882683837604,0.4095953369672574,0.39446267946413854,0.039922251790513626,0.1571179262109826,0.1325147784943341,k10,seed_43,linear_survival,4.25,2.0,5.0,0.75
23666,0.1831319192089918,0.1637958467400135,0.1759555189208262,0.15997696842636874,0.8639618908773791,0.7922866835088862,0.15412669140927224,0.013241586066922838,0.009669155330741261,k10,seed_43,right_step,4.25,2.0,5.0,0.75
23655,0.28133586979496933,0.25941417033640807,0.16750457299506083,0.17060098948792066,0.5011027138871441,0.5094768360138336,0.059965151634169975,0.2450006141890947,0.2171705174603778,k10,seed_43,log_survival,6.25,5.0,10.0,0.25
23655,0.28133586979496933,0.25941417033640807,0.1680174246192249,0.17116524191758078,0.502244651775795,0.5109884430602756,0.061861579915939276,0.24145273461967118,0.21307319109256953,k10,seed_43,linear_survival,6.25,5.0,10.0,0.25
23655,0.28133586979496933,0.25941417033640807,0.17345636053010546,0.17781888379397803,0.5156145417612439,0.5316828266072309,0.0860208645186748,0.2050788148056713,0.1734504479029501,k10,seed_43,right_step,6.25,5.0,10.0,0.25
23583,0.32883857015646867,0.31479062261671903,0.183669483663852,0.1917978479555234,0.5404936010019283,0.5593719951871731,0.07528527009539317,0.28211803697523347,0.25771853707975056,k10,seed_43,log_survival,7.5,5.0,10.0,0.5
23583,0.32883857015646867,0.31479062261671903,0.18443257158682597,0.19271177996285693,0.5421822295293315,0.5616194017542561,0.08076685913430784,0.27750739554061893,0.2523982895283658,k10,seed_43,linear_survival,7.5,5.0,10.0,0.5
23583,0.32883857015646867,0.31479062261671903,0.20016526320308292,0.21252589505708117,0.5837311320509234,0.622718711754239,0.1416241673383439,0.2047763006169245,0.17316645527837513,k10,seed_43,right_step,7.5,5.0,10.0,0.5
23583,0.360937963787474,0.34783147557309296,0.19217425161098295,0.20131717382244105,0.5610988303024309,0.5814629838019333,0.0680271745187051,0.3172470568087116,0.29590305354862917,k10,seed_43,log_survival,8.75,5.0,10.0,0.75
23583,0.360937963787474,0.34783147557309296,0.19271798667836154,0.2018941553407102,0.5622628496820624,0.5827880898612969,0.0698927835058115,0.3138729430024662,0.29201420665336114,k10,seed_43,linear_survival,8.75,5.0,10.0,0.75
23583,0.360937963787474,0.34783147557309296,0.22019761416869715,0.23482809924048645,0.6351747720133094,0.6819598056798448,0.1746650202947178,0.2047763006169245,0.17316645527837513,k10,seed_43,right_step,8.75,5.0,10.0,0.75
23576,0.4186036647438073,0.40652758729056376,0.2077493848819007,0.2166536143150149,0.6000344209942026,0.6179438983910919,0.05496150670000728,0.37633517126492305,0.3611874169609564,k10,seed_43,log_survival,12.5,10.0,20.0,0.25
23576,0.4186036647438073,0.40652758729056376,0.20790006686082665,0.216897015235314,0.6003338979545056,0.618455231492491,0.056579424045959545,0.37449984611214954,0.3588612035249576,k10,seed_43,linear_survival,12.5,10.0,20.0,0.25
23576,0.4186036647438073,0.40652758729056376,0.2107441873381737,0.22063970019172485,0.6068353870980039,0.6270349108670451,0.07886132844075995,0.35024881227418336,0.3316561447080186,k10,seed_43,right_step,12.5,10.0,20.0,0.25
23576,0.43853919239904987,0.4257421565070971,0.2139330140434751,0.2188602894797591,0.6171694859264725,0.6240796674951008,0.04659254966534526,0.40115335025471915,0.389103725632197,k10,seed_43,log_survival,15.0,10.0,20.0,0.5
23576,0.43853919239904987,0.4257421565070971,0.2140734890287244,0.21909306352900282,0.617434556675534,0.6245269085617758,0.05077078774914007,0.39875087995011566,0.38606626234189667,k10,seed_43,linear_survival,15.0,10.0,20.0,0.5
23576,0.43853919239904987,0.4257421565070971,0.22038673394925426,0.22716522775882966,0.633024709552755,0.642902610242533,0.09521066819644916,0.35024881227418336,0.3316561447080186,k10,seed_43,right_step,15.0,10.0,20.0,0.5
23555,0.45828911059223093,0.44688031425153235,0.21506886770769285,0.21850376805561428,0.6195371542938741,0.6238332774989325,0.05432764000342004,0.4246861806336179,0.4153339006481767,k10,seed_43,log_survival,17.5,10.0,20.0,0.75
23555,0.45828911059223093,0.44688031425153235,0.21515616584439257,0.21865506604793924,0.6196919873083346,0.624106091715715,0.05733230022808877,0.4229180868960133,0.4131040231816981,k10,seed_43,linear_survival,17.5,10.0,20.0,0.75
23555,0.45828911059223093,0.44688031425153235,0.22598040622380652,0.23235918454154642,0.6451641190920233,0.6541716089599343,0.11536031121022258,0.35018883818656665,0.3315200030413098,k10,seed_43,right_step,17.5,10.0,20.0,0.75
23472,0.4912235855487389,0.49259835179263883,0.21772062454966487,0.22134678436260402,0.6251295068499998,0.6304900024249481,0.05621987816550398,0.4547029422440771,0.44824970461258284,k10,seed_43,log_survival,30.0,20.0,60.0,0.25
23472,0.4912235855487389,0.49259835179263883,0.2177277322195162,0.2213715512311131,0.6251417805715763,0.630538466505708,0.05640333585167056,0.45446131710498394,0.44796474796723135,k10,seed_43,linear_survival,30.0,20.0,60.0,0.25
23472,0.4912235855487389,0.49259835179263883,0.21803778379687094,0.22199599054618244,0.6257383631481076,0.6317210689969697,0.06290883131272186,0.4475719968217253,0.4408113131228359,k10,seed_43,right_step,30.0,20.0,60.0,0.25
23353,0.5007065473386717,0.5026516019544864,0.21847904719308514,0.22107746068478043,0.6270889938974931,0.6302326561163122,0.05948460533196982,0.46320478674854165,0.4559227440684166,k10,seed_43,log_survival,40.0,20.0,60.0,0.5
23353,0.5007065473386717,0.5026516019544864,0.21849273786156234,0.22111577824242662,0.6271140341376205,0.6303081435780791,0.05923097502398493,0.4628840906699938,0.4555463715959417,k10,seed_43,linear_survival,40.0,20.0,60.0,0.5
23353,0.5007065473386717,0.5026516019544864,0.21936910354620257,0.22270576815119458,0.6288327567851393,0.6333854893668536,0.06978259054199369,0.44904276068012977,0.44122490159503747,k10,seed_43,right_step,40.0,20.0,60.0,0.5
23353,0.5020339999143579,0.5042510740797715,0.21842957345555647,0.22016525237130782,0.6270532561779879,0.6284344477294476,0.05194101561417507,0.4700430145452658,0.46298634024067437,k10,seed_43,log_survival,50.0,20.0,60.0,0.75
23353,0.5020339999143579,0.5042510740797715,0.2184332901435087,0.22018599746563583,0.6270590073618703,0.6284749626342967,0.0521162088995113,0.46980475566492574,0.4627071065963938,k10,seed_43,linear_survival,50.0,20.0,60.0,0.75
23353,0.5020339999143579,0.5042510740797715,0.21953108113428668,0.2223578544984474,0.6292037435485396,0.6326659557108278,0.07115119084980648,0.44904276068012977,0.44122490159503747,k10,seed_43,right_step,50.0,20.0,60.0,0.75
23353,0.5020339999143579,0.5042510740797715,0.21839760922589516,0.2198220210839893,0.6270093544645755,0.6278145379584484,0.04517044819286364,0.4767894977994997,0.4699166131967828,k10,seed_43,log_survival,90.0,60.0,180.0,0.25
23353,0.5020339999143579,0.5042510740797715,0.21839760957480997,0.21982202097460155,0.6270093553443133,0.6278145377871676,0.04522286818692986,0.47678947087761553,0.4699165958885691,k10,seed_43,linear_survival,90.0,60.0,180.0,0.25
23353,0.5020339999143579,0.5042510740797715,0.21839875925044708,0.2198230600488183,0.6270116050237259,0.6278165262502268,0.04513273206407324,0.4767254206598577,0.4698678415968459,k10,seed_43,right_step,90.0,60.0,180.0,0.25
23353,0.5020339999143579,0.5042510740797715,0.21839647671236265,0.21982099273074582,0.6270071386497094,0.6278125709063277,0.04518164374145346,0.4768535569853041,0.4699653732547756,k10,seed_43,log_survival,120.0,60.0,180.0,0.5
23353,0.5020339999143579,0.5042510740797715,0.2183964771612978,0.2198209925766247,0.6270071397903283,0.6278125706613309,0.04518165709677633,0.4768535210953733,0.46996535018029223,k10,seed_43,linear_survival,120.0,60.0,180.0,0.5
23353,0.5020339999143579,0.5042510740797715,0.21839875925044708,0.2198230600488183,0.6270116050237259,0.6278165262502268,0.04513273206407324,0.4767254206598577,0.4698678415968459,k10,seed_43,right_step,120.0,60.0,180.0,0.5
23353,0.5020339999143579,0.5042510740797715,0.21839536168541204,0.21981997497667694,0.6270049575341092,0.6278106250723132,0.04396661700131926,0.47691759822614477,0.4700141217755276,k10,seed_43,log_survival,150.0,60.0,180.0,0.75
23353,0.5020339999143579,0.5042510740797715,0.21839536200991047,0.21981997485488777,0.6270049583653129,0.6278106248761033,0.043966627014757634,0.47691757131313117,0.47001410447201547,k10,seed_43,linear_survival,150.0,60.0,180.0,0.75
23353,0.5020339999143579,0.5042510740797715,0.21839875925044708,0.2198230600488183,0.6270116050237259,0.6278165262502268,0.04513273206407324,0.4767254206598577,0.4698678415968459,k10,seed_43,right_step,150.0,60.0,180.0,0.75
23353,0.5020339999143579,0.5042510740797715,0.21839226667469347,0.21981788983191453,0.6269988939570506,0.6278066571463317,0.043940301106069,0.4770592911760212,0.47011623252977736,k10,seed_43,log_survival,285.0,180.0,600.0,0.25
23353,0.5020339999143579,0.5042510740797715,0.21839226789694796,0.21981788972229407,0.6269988966244814,0.6278066569700193,0.043940312495963516,0.4770592537751434,0.4701162120437629,k10,seed_43,linear_survival,285.0,180.0,600.0,0.25
23353,0.5020339999143579,0.5042510740797715,0.2183942641206481,0.21981896780939075,0.6270028110728764,0.627808700434901,0.043872648485480975,0.4769816215308889,0.4700628587637386,k10,seed_43,right_step,285.0,180.0,600.0,0.25
23353,0.5020339999143579,0.5042510740797715,0.21839029377959288,0.2198168242627111,0.6269950255746857,0.6278046388221563,0.043783827762094114,0.4771369358782155,0.4701695926343871,k10,seed_43,log_survival,390.0,180.0,600.0,0.5
23353,0.5020339999143579,0.5042510740797715,0.21839029538428,0.21981682410583525,0.6269950290820038,0.627804638565573,0.04378384293019474,0.47713688601939797,0.4701695653237871,k10,seed_43,linear_survival,390.0,180.0,600.0,0.5
23353,0.5020339999143579,0.5042510740797715,0.2183942641206481,0.21981896780939075,0.6270028110728764,0.627808700434901,0.043872648485480975,0.4769816215308889,0.4700628587637386,k10,seed_43,right_step,390.0,180.0,600.0,0.5
23353,0.5020339999143579,0.5042510740797715,0.2183883453978503,0.21981577108570077,0.626991205855776,0.6278026454343748,0.043998576624206524,0.4772145556510039,0.470222939083698,k10,seed_43,log_survival,495.0,180.0,600.0,0.75
23353,0.5020339999143579,0.5042510740797715,0.21838834658264425,0.21981577096001434,0.6269912084493477,0.6278026452258194,0.04399858791061018,0.47721451826365235,0.47022291860381144,k10,seed_43,linear_survival,495.0,180.0,600.0,0.75
23353,0.5020339999143579,0.5042510740797715,0.2183942641206481,0.21981896780939075,0.6270028110728764,0.627808700434901,0.043872648485480975,0.4769816215308889,0.4700628587637386,k10,seed_43,right_step,495.0,180.0,600.0,0.75
23353,0.5020339999143579,0.5042510740797715,0.2183849031864462,0.21981335995461285,0.6269844639961492,0.6277980365594917,0.04367795085023007,0.4773594462052535,0.47032695698333554,k10,seed_43,log_survival,900.0,600.0,1800.0,0.25
23353,0.5020339999143579,0.5042510740797715,0.21838490374107697,0.21981335997877485,0.6269844652505933,0.6277980366480487,0.043677960460133974,0.4773594168834026,0.4703269382604217,k10,seed_43,linear_survival,900.0,600.0,1800.0,0.25
23353,0.5020339999143579,0.5042510740797715,0.21838642149204063,0.21981473028483126,0.6269874347305228,0.6278006769550568,0.043704548605352,0.47729215050790674,0.47027627188383575,k10,seed_43,right_step,900.0,600.0,1800.0,0.25
23353,0.5020339999143579,0.5042510740797715,0.2183834036600408,0.21981200086206035,0.6269815307019431,0.6277954188778156,0.04367911664763759,0.4774267223482856,0.47037762959749135,k10,seed_43,log_survival,1200.0,600.0,1800.0,0.5
23353,0.5020339999143579,0.5042510740797715,0.2183834043822131,0.2198120008855478,0.626981532339885,0.6277954189781267,0.04367912946752598,0.4774266832588986,0.4703776046370078,k10,seed_43,linear_survival,1200.0,600.0,1800.0,0.5
23353,0.5020339999143579,0.5042510740797715,0.21838642149204063,0.21981473028483126,0.6269874347305228,0.6278006769550568,0.043704548605352,0.47729215050790674,0.47027627188383575,k10,seed_43,right_step,1200.0,600.0,1800.0,0.5
23353,0.5020339999143579,0.5042510740797715,0.2183819228868104,0.21981065299407607,0.626978634800792,0.627792823887592,0.0439825993678459,0.4774939789466261,0.4704282897314063,k10,seed_43,log_survival,1500.0,600.0,1800.0,0.75
23353,0.5020339999143579,0.5042510740797715,0.218381923415449,0.2198106530051501,0.6269786360032732,0.6277928239495061,0.043982608932980456,0.4774939496343944,0.4704282710135938,k10,seed_43,linear_survival,1500.0,600.0,1800.0,0.75
23353,0.5020339999143579,0.5042510740797715,0.21838642149204063,0.21981473028483126,0.6269874347305228,0.6278006769550568,0.043704548605352,0.47729215050790674,0.47027627188383575,k10,seed_43,right_step,1500.0,600.0,1800.0,0.75
23353,0.5020339999143579,0.5042510740797715,0.2183717831695123,0.2197378172235868,0.626942389392438,0.6275375083237379,0.043897542305967284,0.481389697014882,0.47160171356993547,k10,seed_43,log_survival,3150.0,1800.0,7200.0,0.25
23353,0.5020339999143579,0.5042510740797715,0.2182919044448021,0.2197326879709556,0.626799864592995,0.627536893847965,0.04457225970365603,0.48063411965776004,0.4714583727446403,k10,seed_43,linear_survival,3150.0,1800.0,7200.0,0.25
23353,0.5020339999143579,0.5042510740797715,0.21838046084078466,0.21980931633758166,0.6269757762457017,0.6277902515664323,0.04404063023501489,0.47756121600989027,0.4704789373901799,k10,seed_43,right_step,3150.0,1800.0,7200.0,0.25
22998,0.5159579093834247,0.5151976659155013,0.2207808801068424,0.22166560042384487,0.6318698821175434,0.6316901085495279,0.04487475396875688,0.4865756982091124,0.4751725375071192,k10,seed_43,log_survival,4500.0,1800.0,7200.0,0.5
22998,0.5159579093834247,0.5151976659155013,0.22062642159161372,0.2216489682776165,0.6316304549639352,0.6316765367221651,0.043671670256721445,0.48566295355371836,0.4749970160588941,k10,seed_43,linear_survival,4500.0,1800.0,7200.0,0.5
22998,0.5159579093834247,0.5151976659155013,0.22160160716727112,0.22194342158747438,0.634619622560026,0.6326175218384076,0.0473621052909727,0.47945779035305713,0.4730172441478943,k10,seed_43,right_step,4500.0,1800.0,7200.0,0.5
22998,0.5159579093834247,0.5151976659155013,0.22084644235887235,0.22163474033634173,0.6319660189919118,0.6315781879319909,0.043620337522672095,0.4893828761188696,0.476106949701504,k10,seed_43,log_survival,5850.0,1800.0,7200.0,0.75
22998,0.5159579093834247,0.5151976659155013,0.220642676305951,0.22160615714396345,0.6314573379027504,0.6315117753669591,0.04384794041677625,0.48876553515404886,0.475986902014394,k10,seed_43,linear_survival,5850.0,1800.0,7200.0,0.75
22998,0.5159579093834247,0.5151976659155013,0.22160160716727112,0.22194342158747438,0.634619622560026,0.6326175218384076,0.0473621052909727,0.47945779035305713,0.4730172441478943,k10,seed_43,right_step,5850.0,1800.0,7200.0,0.75
23786,0.0,0.0,1.034430184131368e-08,4.630063571888788e-09,6.538846088786066e-05,4.174013497705231e-05,4.173781958274391e-05,6.53832876359487e-05,4.173781958274391e-05,k20,seed_41,log_survival,0.25,0.0,1.0,0.25
23786,0.0,0.0,1.0334403801173046e-08,4.626803726679299e-09,6.537294278485371e-05,4.173318933822612e-05,4.173087557449932e-05,6.536777448447152e-05,4.1730875574499326e-05,k20,seed_41,linear_survival,0.25,0.0,1.0,0.25
23786,0.0,0.0,1.0000000000000003e-18,1.0000000000000003e-18,9.999999722180688e-10,9.999999722180686e-10,1e-09,1.0000000000000003e-09,1.0000000000000003e-09,k20,seed_41,right_step,0.25,0.0,1.0,0.25
23786,0.0,0.0,4.1364002169582236e-08,1.851590577691984e-08,0.00013077692177335614,8.348026991510448e-05,8.347100906291577e-05,0.00013075623096769088,8.347100906291578e-05,k20,seed_41,log_survival,0.5,0.0,1.0,0.5
23786,0.0,0.0,4.1337615204692184e-08,1.8507214906717036e-08,0.00013075622656540253,8.34710076132656e-05,8.346175111002688e-05,0.00013073554896660626,8.346175111002688e-05,k20,seed_41,linear_survival,0.5,0.0,1.0,0.5
23786,0.0,0.0,1.0000000000000003e-18,1.0000000000000003e-18,9.999999722180688e-10,9.999999722180686e-10,1e-09,1.0000000000000003e-09,1.0000000000000003e-09,k20,seed_41,right_step,0.5,0.0,1.0,0.5
23786,0.0,0.0,9.303931076596565e-08,4.165100846351511e-08,0.00019616538266004684,0.0001252204048726689,0.00012519956958626557,0.0001961188333005045,0.00012519956958626554,k20,seed_41,log_survival,0.75,0.0,1.0,0.75
23786,0.0,0.0,9.300963421055741e-08,4.164123354011334e-08,0.00019614985794858184,0.00012521345705805004,0.00012519262666504032,0.00019610332344990942,0.00012519262666504032,k20,seed_41,linear_survival,0.75,0.0,1.0,0.75
23786,0.0,0.0,1.0000000000000003e-18,1.0000000000000003e-18,9.999999722180688e-10,9.999999722180686e-10,1e-09,1.0000000000000003e-09,1.0000000000000003e-09,k20,seed_41,right_step,0.75,0.0,1.0,0.75
23786,4.204153703859413e-05,7.938932766862414e-06,0.00011599362607504666,2.7972747047305082e-05,0.004196646169800518,0.002605510431653835,0.00254441428930371,0.003931126348935762,0.002552353222070572,k20,seed_41,log_survival,1.25,1.0,2.0,0.25
23786,4.204153703859413e-05,7.938932766862414e-06,0.00010374099951774969,2.5753911494809605e-05,0.004089347458212822,0.002577383529609328,0.0025174256539962684,0.0038301701255885816,0.002525364586763131,k20,seed_41,linear_survival,1.25,1.0,2.0,0.25
23786,4.204153703859413e-05,7.938932766862414e-06,4.220585874160715e-05,8.012767360541165e-06,0.0007370939205051711,0.0002567593665347615,0.00017297549868919545,0.00026147109793321253,0.00016692350222005377,k20,seed_41,right_step,1.25,1.0,2.0,0.25
23786,4.204153703859413e-05,7.938932766862414e-06,0.0003123808414346407,8.175867212180241e-05,0.007875875970907232,0.004995744407176924,0.00491132447781312,0.00753054275035561,0.004919263410579982,k20,seed_41,log_survival,1.5,1.0,2.0,0.5
23786,4.204153703859413e-05,7.938932766862414e-06,0.0002815152123326779,7.614627166954444e-05,0.00772630414362831,0.004957077941318859,0.004875866738539344,0.007398869153243951,0.0048838056713062065,k20,seed_41,linear_survival,1.5,1.0,2.0,0.5
23786,4.204153703859413e-05,7.938932766862414e-06,4.220585874160715e-05,8.012767360541165e-06,0.0007370939205051711,0.0002567593665347615,0.00017297549868919545,0.00026147109793321253,0.00016692350222005377,k20,seed_41,right_step,1.5,1.0,2.0,0.5
23786,0.00193391070377533,0.0029382471317598207,0.0024682104476496775,0.003054567983771244,0.020892473275337758,0.022055686335716237,0.006934379344314677,0.011064211347705006,0.00726845938435461,k20,seed_41,log_survival,1.75,1.0,2.0,0.75
23786,0.00193391070377533,0.0029382471317598207,0.0024352373400460207,0.0030485883603389784,0.02077744025318568,0.022029006973632043,0.006909430514533779,0.010967568180899322,0.007242246755849283,k20,seed_41,linear_survival,1.75,1.0,2.0,0.75
23786,0.00193391070377533,0.0029382471317598207,0.0019330869021635154,0.0029372891916932737,0.018469285662570296,0.02697232040874676,0.0028855006605555036,0.00026147109793321253,0.00016692350222005377,k20,seed_41,right_step,1.75,1.0,2.0,0.75
23666,0.025859883376996535,0.021092492416115334,0.02619138642403644,0.020856681105384706,0.11989936406207512,0.09933241473842065,0.009756275004412765,0.03466958066034318,0.025751222690150555,k20,seed_41,log_survival,2.25,2.0,3.0,0.25
23666,0.025859883376996535,0.021092492416115334,0.026017707133803043,0.02077933194704113,0.1192834596385704,0.09900238141211107,0.010522899756499022,0.033253212691903435,0.024872389642091992,k20,seed_41,linear_survival,2.25,2.0,3.0,0.25
23666,0.025859883376996535,0.021092492416115334,0.026097010002071874,0.020935568550148123,0.13392663508409727,0.11034222364288226,0.016031207950747656,0.014528291746172664,0.009593453140398688,k20,seed_41,right_step,2.25,2.0,3.0,0.25
23666,0.04876193695597059,0.03617705307735013,0.04884061340610595,0.03552822584289651,0.20361718776658358,0.15356611864632744,0.019746438221660022,0.05381036878661873,0.0412951654810032,k20,seed_41,log_survival,2.5,2.0,3.0,0.5
23666,0.04876193695597059,0.03617705307735013,0.048426205907100506,0.03533199680320933,0.20250152718456102,0.15297166025608702,0.019702296591397432,0.051978133637634205,0.0401513261437853,k20,seed_41,linear_survival,2.5,2.0,3.0,0.5
23666,0.04876193695597059,0.03617705307735013,0.048590242822086065,0.035728281037407654,0.2447744113396772,0.18171767719158674,0.029232555210199924,0.014528291746172664,0.009593453140398688,k20,seed_41,right_step,2.5,2.0,3.0,0.5
23666,0.07301614129975492,0.06357033795642643,0.06965774477259686,0.05884998641970997,0.2616569885274461,0.22395146441984737,0.021303263939579955,0.07203793382523097,0.056268276752186604,k20,seed_41,log_survival,2.75,2.0,3.0,0.75
23666,0.07301614129975492,0.06357033795642643,0.06933069701445005,0.05873323039179853,0.2609707602697696,0.22376137419744518,0.02200549473552495,0.07070305458336497,0.0554302626454786,k20,seed_41,linear_survival,2.75,2.0,3.0,0.75
23666,0.07301614129975492,0.06357033795642643,0.07221175937174576,0.06255819169105925,0.35532512878214684,0.31363064644250527,0.05397688481602774,0.014528291746172664,0.009593453140398688,k20,seed_41,right_step,2.75,2.0,3.0,0.75
23666,0.12667962477816277,0.11459295320375726,0.10814577776327276,0.09561161933980013,0.3591642090448224,0.3224454549305173,0.027121864489925172,0.12432598040248112,0.10086699609967183,k20,seed_41,log_survival,3.5,3.0,5.0,0.25
23666,0.12667962477816277,0.11459295320375726,0.10790098475389494,0.0955792561445874,0.35922146393737503,0.32262965013380474,0.02742379731196523,0.12115504701530315,0.09858210400117726,k20,seed_41,linear_survival,3.5,3.0,5.0,0.25
23666,0.12667962477816277,0.11459295320375726,0.10960628989068229,0.0977220453476762,0.376045378094684,0.3355097779386249,0.04711936131660863,0.08942797552909575,0.0707091991471719,k20,seed_41,right_step,3.5,3.0,5.0,0.25
23666,0.1607369221668216,0.15299019236661282,0.12956529673670933,0.1205324485889098,0.41190367300545216,0.38788437264626985,0.03290958415122986,0.15697189564289837,0.12941615146276636,k20,seed_41,log_survival,4.0,3.0,5.0,0.5
23666,0.1607369221668216,0.15299019236661282,0.12921756854625038,0.12056927482970045,0.41157412623155143,0.38824396997635124,0.03429219299587038,0.15288211850151057,0.12645500885518263,k20,seed_41,linear_survival,4.0,3.0,5.0,0.5
23666,0.1607369221668216,0.15299019236661282,0.1353829666680869,0.1283273898108876,0.4515673537402637,0.4283248690873434,0.08453846821603507,0.08942797552909575,0.0707091991471719,k20,seed_41,right_step,4.0,3.0,5.0,0.5
23666,0.20485084086875688,0.18291318992699254,0.1460898926620014,0.13579816621181034,0.45037069440605376,0.4250644270878129,0.036652314201769606,0.1875795543097015,0.15648845995108446,k20,seed_41,log_survival,4.5,3.0,5.0,0.75
23666,0.20485084086875688,0.18291318992699254,0.145983623401569,0.1358292357502382,0.4502537590007479,0.425256186504405,0.03747640463407906,0.18460918998771797,0.154327913709188,k20,seed_41,linear_survival,4.5,3.0,5.0,0.75
23666,0.20485084086875688,0.18291318992699254,0.16258964041580998,0.15095526718783617,0.5251514554952842,0.4954886937433131,0.11407404427063252,0.08942797552909575,0.0707091991471719,k20,seed_41,right_step,4.5,3.0,5.0,0.75
23655,0.2609596279856267,0.2414716418090768,0.16925023133255515,0.1644630954554905,0.5073581637026644,0.49448567131087096,0.054132531243052666,0.24391089400473195,0.21065911222850336,k20,seed_41,log_survival,5.75,5.0,8.0,0.25
23655,0.2609596279856267,0.2414716418090768,0.16936508358852367,0.16465495701136784,0.5075601301696838,0.4949672314902858,0.05596486255131901,0.24208069601697615,0.20885445987564866,k20,seed_41,linear_survival,5.75,5.0,8.0,0.25
23655,0.2609596279856267,0.2414716418090768,0.17169233479790882,0.16801861043670574,0.5123645662336204,0.5040881112222784,0.07181907499207606,0.21631210684641655,0.18216446526002208,k20,seed_41,right_step,5.75,5.0,8.0,0.25
23655,0.29494821390826464,0.27305050651492363,0.17849465195408648,0.17821824056181934,0.5307340768141992,0.5281087399221207,0.05482955790593173,0.27024434658371377,0.23790904765526713,k20,seed_41,log_survival,6.5,5.0,8.0,0.5
23655,0.29494821390826464,0.27305050651492363,0.17869168037901562,0.17847731257130803,0.5311187500615948,0.5287365304036021,0.0579156552307068,0.26784928518753576,0.23554445449127528,k20,seed_41,linear_survival,6.5,5.0,8.0,0.5
23655,0.29494821390826464,0.27305050651492363,0.18562979882970945,0.1872286273705103,0.5475142187270787,0.5535935644519837,0.0928885600701074,0.21631210684641655,0.18216446526002208,k20,seed_41,right_step,6.5,5.0,8.0,0.5
23583,0.31887376500021203,0.3015752748780457,0.18512483870180116,0.18767328248920753,0.5472960572440912,0.5506231568157245,0.0541963121596545,0.29500434249164786,0.26364783270608677,k20,seed_41,log_survival,7.25,5.0,8.0,0.75
23583,0.31887376500021203,0.3015752748780457,0.18525836815471003,0.18786754028150976,0.5475448639780793,0.5510736380451576,0.055143890611065026,0.2932409454681551,0.26190472571019563,k20,seed_41,linear_survival,7.25,5.0,8.0,0.75
23583,0.31887376500021203,0.3015752748780457,0.19755479065944692,0.20361924784309418,0.5773946548337249,0.5958196261876698,0.1197405973960647,0.21593077580256123,0.18183467748198096,k20,seed_41,right_step,7.25,5.0,8.0,0.75
23583,0.3690794216172667,0.35323047958503123,0.1986052041997053,0.2032343637705932,0.5793862767690301,0.5868072168463193,0.0595293061923929,0.3379125962550356,0.3104049253837845,k20,seed_41,log_survival,9.0,8.0,12.0,0.25
23583,0.3690794216172667,0.35323047958503123,0.19870315918742562,0.20338120543938906,0.5795808558482591,0.5871278867986933,0.06063433934822687,0.3369914962051621,0.30924386399577264,k20,seed_41,linear_survival,9.0,8.0,12.0,0.25
23583,0.3690794216172667,0.35323047958503123,0.20061263343698574,0.206165036317349,0.583328565653771,0.5932822051018244,0.07576764335111084,0.319011002023353,0.2885947417862672,k20,seed_41,right_step,9.0,8.0,12.0,0.25
23583,0.3803163295594284,0.3636552192451886,0.20229952292434059,0.20581776320561324,0.5886952670644668,0.5934027757075688,0.05342476973644654,0.35618467370958184,0.3314196994840083,k20,seed_41,log_survival,10.0,8.0,12.0,0.5
23583,0.3803163295594284,0.3636552192451886,0.20240439184751327,0.20596727061639722,0.5889029686511129,0.5937194189167491,0.054031729975999684,0.3549719903869712,0.3298929862052782,k20,seed_41,linear_survival,10.0,8.0,12.0,0.5
23583,0.3803163295594284,0.3636552192451886,0.20642552147781285,0.21153032229718233,0.5972846764519988,0.6061682364341938,0.08205060133152814,0.319011002023353,0.2885947417862672,k20,seed_41,right_step,10.0,8.0,12.0,0.5
23583,0.3887546113725989,0.3787178879867799,0.20498825080319794,0.21054643695769656,0.5954537322121036,0.6046325025937833,0.046077638431268046,0.3738506454933127,0.3516714737880858,k20,seed_41,log_survival,11.0,8.0,12.0,0.75
23583,0.3887546113725989,0.3787178879867799,0.20504068943699166,0.2106363231134401,0.59555366740087,0.6048206791164468,0.04688735257441313,0.37295248456878033,0.3505421084147836,k20,seed_41,linear_survival,11.0,8.0,12.0,0.75
23583,0.3887546113725989,0.3787178879867799,0.2109137663338299,0.2195750023596981,0.6080897281340578,0.6253784228169221,0.09395605697395619,0.319011002023353,0.2885947417862672,k20,seed_41,right_step,11.0,8.0,12.0,0.75
23576,0.43107397353240584,0.41684057044642875,0.21712326042480595,0.2196182716296695,0.62803576761278,0.6267733251278925,0.0416853619946255,0.41037507376590393,0.3914775274586029,k20,seed_41,log_survival,14.0,12.0,20.0,0.25
23576,0.43107397353240584,0.41684057044642875,0.21713131317907855,0.2196460308773622,0.6280802178592747,0.6268154112087069,0.04265023375992073,0.40928598351501455,0.3902989796147885,k20,seed_41,linear_survival,14.0,12.0,20.0,0.25
23576,0.43107397353240584,0.41684057044642875,0.21810946605365675,0.2208901286361626,0.6336416438384086,0.629926019776486,0.05320831801756822,0.3909412278283522,0.37121580336741156,k20,seed_41,right_step,14.0,12.0,20.0,0.25
23576,0.4460044112656939,0.43064415770595416,0.21732908388487202,0.21992170752508627,0.6273847182700184,0.6277015346550151,0.03969534800076551,0.4290620854103394,0.41092981948758023,k20,seed_41,log_survival,16.0,12.0,20.0,0.5
23576,0.4460044112656939,0.43064415770595416,0.21730613600785442,0.21991641115210894,0.6273372223942466,0.6276619470521915,0.042155019424895676,0.42763073920167693,0.40938215586216536,k20,seed_41,linear_survival,16.0,12.0,20.0,0.5
23576,0.4460044112656939,0.43064415770595416,0.21948455932448716,0.22254474369310526,0.636683338138242,0.6336364325016509,0.06653352404782262,0.3909412278283522,0.37121580336741156,k20,seed_41,right_step,16.0,12.0,20.0,0.5
23555,0.45892591806410526,0.44777370353513546,0.2191289969164292,0.22102001139765096,0.6305901938202543,0.6302716433652129,0.04752346120511195,0.44693857330322845,0.4294252765246461,k20,seed_41,log_survival,18.0,12.0,20.0,0.75
23555,0.45892591806410526,0.44777370353513546,0.2190907407635166,0.22100673417473307,0.6305057825892715,0.6302229522867595,0.04994833279745571,0.44588049065561625,0.4282820736164667,k20,seed_41,linear_survival,18.0,12.0,20.0,0.75
23555,0.45892591806410526,0.44777370353513546,0.2227170764201331,0.22588128017178405,0.6436248146501281,0.6406484554188674,0.08363739403998185,0.39085084914796153,0.37103690914531456,k20,seed_41,right_step,18.0,12.0,20.0,0.75
23550,0.47617834394904457,0.4750017232645085,0.22112058140713128,0.2234563286976881,0.6343581294001337,0.6357398458991566,0.0491608970324824,0.4699715645332337,0.4533584054888004,k20,seed_41,log_survival,22.5,20.0,30.0,0.25
23550,0.47617834394904457,0.4750017232645085,0.2211122007426251,0.2234593965071443,0.634339302358503,0.6357447715567888,0.049599726005638195,0.469815801630814,0.45319090318163224,k20,seed_41,linear_survival,22.5,20.0,30.0,0.25
23550,0.47617834394904457,0.4750017232645085,0.22092210011866228,0.22358541117910796,0.6339019656414019,0.6359190717196275,0.0504757930249889,0.46426644050069604,0.4476456504929532,k20,seed_41,right_step,22.5,20.0,30.0,0.25
23533,0.4788169804104874,0.4828816255291004,0.22161596314757256,0.2248905594044665,0.6354398717971075,0.6388638762621934,0.041356669799191725,0.47560703840676244,0.4589930452370347,k20,seed_41,log_survival,25.0,20.0,30.0,0.5
23533,0.4788169804104874,0.4828816255291004,0.2216008618683204,0.22489166967904972,0.6354070863252271,0.6388645897977959,0.04286137370125365,0.47540118272524773,0.4587723061909041,k20,seed_41,linear_survival,25.0,20.0,30.0,0.5
23533,0.4788169804104874,0.4828816255291004,0.2211581416190941,0.22519638051990076,0.6344175043757722,0.6393452034566663,0.05000839028928123,0.46431334972080474,0.44771368035783105,k20,seed_41,right_step,25.0,20.0,30.0,0.5
23472,0.4897324471710975,0.4900106591547563,0.22229358112743483,0.22445843353069955,0.6369046232838241,0.6380532759283001,0.04358634628765308,0.4813498914751891,0.46453994746322436,k20,seed_41,log_survival,27.5,20.0,30.0,0.75
23472,0.4897324471710975,0.4900106591547563,0.2222846571748942,0.2244599492333481,0.6368852798097434,0.6380554417948714,0.043281267555857386,0.48119643997883316,0.46437556153303866,k20,seed_41,linear_survival,27.5,20.0,30.0,0.75
23472,0.4897324471710975,0.4900106591547563,0.22204131535377775,0.22515241887911416,0.6362883627837438,0.6392708882306939,0.05325555957546794,0.46455694314219964,0.4477841330205651,k20,seed_41,right_step,27.5,20.0,30.0,0.75
23361,0.4969393433500278,0.498461719291995,0.22287670435704943,0.22386393139784103,0.6384269418457325,0.6369288439071086,0.04241659015436016,0.48945842238174486,0.4713191920898363,k20,seed_41,log_survival,33.75,30.0,45.0,0.25
23361,0.4969393433500278,0.498461719291995,0.22287689299783633,0.22386432369896617,0.6384273224699437,0.6369296342936965,0.0424189260117348,0.48945204808147996,0.47131300771545,k20,seed_41,linear_survival,33.75,30.0,45.0,0.25
23361,0.4969393433500278,0.498461719291995,0.22290161176902987,0.2239406263320131,0.6384763533477562,0.6370793640098665,0.04245478107587901,0.48823614470185317,0.47014308198897947,k20,seed_41,right_step,33.75,30.0,45.0,0.25
23353,0.5007065473386717,0.5026516019544864,0.22287584111610587,0.2239986791467722,0.6384616621107768,0.6373465041991903,0.03956959082173515,0.4907554889523566,0.4726751798457592,k20,seed_41,log_survival,37.5,30.0,45.0,0.5
23353,0.5007065473386717,0.5026516019544864,0.2228761962862288,0.22399930661927922,0.6384623779607566,0.6373477726373328,0.03957347305588587,0.4907469995753064,0.47266694004715,k20,seed_41,linear_survival,37.5,30.0,45.0,0.5
23353,0.5007065473386717,0.5026516019544864,0.22295143002870665,0.224175987453923,0.6386130335614655,0.6376980924607587,0.041134964409274284,0.4883148037014808,0.4703259989007277,k20,seed_41,right_step,37.5,30.0,45.0,0.5
23353,0.5007065473386717,0.5026516019544864,0.2228440818720087,0.22391595509539708,0.638398281697643,0.637182912571402,0.03978493418201092,0.4919694554143324,0.4738435813030665,k20,seed_41,log_survival,41.25,30.0,45.0,0.75
23353,0.5007065473386717,0.5026516019544864,0.22284432480880498,0.22391640251607028,0.6383987700940431,0.6371838158662864,0.039787805091409556,0.4919630975122191,0.4738374106203612,k20,seed_41,linear_survival,41.25,30.0,45.0,0.75
23353,0.5007065473386717,0.5026516019544864,0.22295143002870665,0.224175987453923,0.6386130335614655,0.6376980924607587,0.041134964409274284,0.4883148037014808,0.4703259989007277,k20,seed_41,right_step,41.25,30.0,45.0,0.75
23353,0.5020339999143579,0.5042510740797715,0.2227792832320474,0.2234214297867381,0.6382897269063695,0.6361691472469072,0.03947223701283125,0.49326710920038624,0.4750677934813122,k20,seed_41,log_survival,48.75,45.0,60.0,0.25
23353,0.5020339999143579,0.5042510740797715,0.22277928533841057,0.22342143012878424,0.6382897316827499,0.6361691479754875,0.03947224525991028,0.4932670633284447,0.4750677688838626,k20,seed_41,linear_survival,48.75,45.0,60.0,0.25
23353,0.5020339999143579,0.5042510740797715,0.22278161210444594,0.22342329287187562,0.6382945118448834,0.636172839719638,0.039368624191642936,0.49317919544913197,0.4750078811935723,k20,seed_41,right_step,48.75,45.0,60.0,0.25
23353,0.5020339999143579,0.5042510740797715,0.22277698175583557,0.2234195806714457,0.6382849980402239,0.6361654837219142,0.03929917940888977,0.49335499235907804,0.4751276893658299,k20,seed_41,log_survival,52.5,45.0,60.0,0.5
23353,0.5020339999143579,0.5042510740797715,0.22277698453810887,0.22341958111628657,0.6382850043537601,0.6361654846692262,0.03929919036965909,0.4933549312077575,0.47512765657415296,k20,seed_41,linear_survival,52.5,45.0,60.0,0.5
23353,0.5020339999143579,0.5042510740797715,0.22278161210444594,0.22342329287187562,0.6382945118448834,0.636172839719638,0.039368624191642936,0.49317919544913197,0.4750078811935723,k20,seed_41,right_step,52.5,45.0,60.0,0.5
23353,0.5020339999143579,0.5042510740797715,0.22277470763647717,0.22341774550916113,0.638280325178097,0.636161849116625,0.039396963015458766,0.49344284494211305,0.4751875688545104,k20,seed_41,log_survival,56.25,45.0,60.0,0.75
23353,0.5020339999143579,0.5042510740797715,0.22277470970354082,0.22341774583438248,0.6382803298720321,0.6361618498090151,0.0393969712222218,0.4934427990870703,0.47518754426444326,k20,seed_41,linear_survival,56.25,45.0,60.0,0.75
23353,0.5020339999143579,0.5042510740797715,0.22278161210444594,0.22342329287187562,0.6382945118448834,0.636172839719638,0.039368624191642936,0.49317919544913197,0.4750078811935723,k20,seed_41,right_step,56.25,45.0,60.0,0.75
23353,0.5020339999143579,0.5042510740797715,0.22277094580301154,0.22341484184290536,0.6382725433252505,0.6361560818723883,0.039925116670412895,0.49358521739340466,0.47528436301646,k20,seed_41,log_survival,67.5,60.0,90.0,0.25
23353,0.5020339999143579,0.5042510740797715,0.22277094674758166,0.22341484196521744,0.6382725455363977,0.636156082157698,0.03992511965924089,0.49358519920949917,0.47528435353990317,k20,seed_41,linear_survival,67.5,60.0,90.0,0.25
23353,0.5020339999143579,0.5042510740797715,0.22277246083470642,0.22341592428307208,0.6382757082517877,0.6361582434030567,0.03916157973342147,0.49353066696638304,0.47524743195473357,k20,seed_41,right_step,67.5,60.0,90.0,0.25
23353,0.5020339999143579,0.5042510740797715,0.22276944159415363,0.22341376476345073,0.6382694005253962,0.6361539314479137,0.039964161127990706,0.4936397556948215,0.475321287759255,k20,seed_41,log_survival,75.0,60.0,90.0,0.5
23353,0.5020339999143579,0.5042510740797715,0.2227694428467258,0.2234137649237628,0.6382694034594055,0.6361539318224032,0.03996416509996063,0.49363973145261547,0.47532127512507255,k20,seed_41,linear_survival,75.0,60.0,90.0,0.5
23353,0.5020339999143579,0.5042510740797715,0.22277246083470642,0.22341592428307208,0.6382757082517877,0.6361582434030567,0.03916157973342147,0.49353066696638304,0.47524743195473357,k20,seed_41,right_step,75.0,60.0,90.0,0.5
23353,0.5020339999143579,0.5042510740797715,0.22276794819784754,0.22341269304055109,0.6382662798346072,0.636151792122771,0.04003050119414847,0.4936942818751358,0.47535820618495894,k20,seed_41,log_survival,82.5,60.0,90.0,0.75
23353,0.5020339999143579,0.5042510740797715,0.22276794913213868,0.22341269315870815,0.6382662820244761,0.636151792399196,0.04003050417318954,0.49369426369573155,0.4753581967102421,k20,seed_41,linear_survival,82.5,60.0,90.0,0.75
23353,0.5020339999143579,0.5042510740797715,0.22277246083470642,0.22341592428307208,0.6382757082517877,0.6361582434030567,0.03916157973342147,0.49353066696638304,0.47524743195473357,k20,seed_41,right_step,82.5,60.0,90.0,0.75
23353,0.5020339999143579,0.5042510740797715,0.22276484635807173,0.2234109258541597,0.63825971192737,0.6361482186492851,0.03999497000205142,0.4937885999318134,0.4754210685251181,k20,seed_41,log_survival,97.5,90.0,120.0,0.25
23353,0.5020339999143579,0.5042510740797715,0.22276484716679865,0.22341092592906678,0.6382597138533391,0.6361482188654292,0.039994971139474624,0.4937885891476411,0.47542106325230127,k20,seed_41,linear_survival,97.5,90.0,120.0,0.25
23353,0.5020339999143579,0.5042510740797715,0.22276646560382052,0.22341162667005351,0.6382631812352916,0.6361496638901056,0.040207709390590526,0.4937487959388478,0.4753951182954116,k20,seed_41,right_step,97.5,90.0,120.0,0.25
23353,0.5020339999143579,0.5042510740797715,0.22276323351555558,0.22341022796024657,0.6382562556584895,0.6361467794637065,0.0398446665014124,0.4938283967337633,0.47544701523899063,k20,seed_41,log_survival,105.0,90.0,120.0,0.5
23353,0.5020339999143579,0.5042510740797715,0.22276323459031808,0.22341022805874075,0.638256258219315,0.6361467797490231,0.039844668014983056,0.4938283823564344,0.47544700820919095,k20,seed_41,linear_survival,105.0,90.0,120.0,0.5
23353,0.5020339999143579,0.5042510740797715,0.22276646560382052,0.22341162667005351,0.6382631812352916,0.6361496638901056,0.040207709390590526,0.4937487959388478,0.4753951182954116,k20,seed_41,right_step,105.0,90.0,120.0,0.5
23353,0.5020339999143579,0.5042510740797715,0.22276162707096062,0.22340953298624078,0.6382528124198029,0.6361453463300594,0.03998207126068782,0.4938681863470491,0.47547295843796344,k20,seed_41,log_survival,112.5,90.0,120.0,0.75
23353,0.5020339999143579,0.5042510740797715,0.22276162787437878,0.2234095330590755,0.638252814335073,0.6361453465418901,0.0399820723912135,0.4938681755652279,0.4754729531660807,k20,seed_41,linear_survival,112.5,90.0,120.0,0.75
23353,0.5020339999143579,0.5042510740797715,0.22276646560382052,0.22341162667005351,0.6382631812352916,0.6361496638901056,0.040207709390590526,0.4937487959388478,0.4753951182954116,k20,seed_41,right_step,112.5,90.0,120.0,0.75
23353,0.5020339999143579,0.5042510740797715,0.22275825496934976,0.22340836665610397,0.6382455863288233,0.6361429301353617,0.0398112415425122,0.49394190034630236,0.4755190383356718,k20,seed_41,log_survival,135.0,120.0,180.0,0.25
23353,0.5020339999143579,0.5042510740797715,0.22275825617675585,0.2234083667595443,0.638245589179113,0.6361429304069481,0.03981124230630927,0.4939418916125478,0.47551903486938746,k20,seed_41,linear_survival,135.0,120.0,180.0,0.25
23353,0.5020339999143579,0.5042510740797715,0.2227600270189807,0.2234088409300709,0.6382493822024743,0.6361439192450362,0.039901354919627284,0.49390796877402116,0.4754988981229704,k20,seed_41,right_step,135.0,120.0,180.0,0.25
23353,0.5020339999143579,0.5042510740797715,0.2227564884225455,0.22340789435510083,0.6382418015496741,0.6361419451061859,0.03984240351800879,0.4939758260945774,0.4755391762371119,k20,seed_41,log_survival,150.0,120.0,180.0,0.5
23353,0.5020339999143579,0.5042510740797715,0.2227564900290525,0.22340789449212056,0.6382418053437877,0.6361419454664777,0.0398424045187877,0.4939758144510745,0.47553917161580445,k20,seed_41,linear_survival,150.0,120.0,180.0,0.5
23353,0.5020339999143579,0.5042510740797715,0.2227600270189807,0.2234088409300709,0.6382493822024743,0.6361439192450362,0.039901354919627284,0.49390796877402116,0.4754988981229704,k20,seed_41,right_step,150.0,120.0,180.0,0.5
23353,0.5020339999143579,0.5042510740797715,0.22275472737351443,0.22340742402571007,0.6382380278563193,0.6361409641552823,0.03993771220561305,0.49400974602110137,0.4755593118278986,k20,seed_41,log_survival,165.0,120.0,180.0,0.75
23353,0.5020339999143579,0.5042510740797715,0.2227547285758706,0.2234074241277997,0.6382380306972022,0.636140964424134,0.039937712941384575,0.4940097372896011,0.4755593083622215,k20,seed_41,linear_survival,165.0,120.0,180.0,0.75
23353,0.5020339999143579,0.5042510740797715,0.2227600270189807,0.2234088409300709,0.6382493822024743,0.6361439192450362,0.039901354919627284,0.49390796877402116,0.4754988981229704,k20,seed_41,right_step,165.0,120.0,180.0,0.75
23353,0.5020339999143579,0.5042510740797715,0.2227516051785699,0.22340614607543374,0.6382313651644126,0.6361383603909326,0.039369221688331645,0.49409080402393313,0.4756123612322228,k20,seed_41,log_survival,210.0,180.0,300.0,0.25
23353,0.5020339999143579,0.5042510740797715,0.22275160605841574,0.22340614610089662,0.6382313673197872,0.6361383605123614,0.039369223850196776,0.4940907889600013,0.475612353207009,k20,seed_41,linear_survival,210.0,180.0,300.0,0.25
23353,0.5020339999143579,0.5042510740797715,0.22275297181721024,0.2234069556665817,0.638234265240066,0.6361399872804275,0.039928671543590546,0.49404366012812784,0.4755794451086385,k20,seed_41,right_step,210.0,180.0,300.0,0.25
23353,0.5020339999143579,0.5042510740797715,0.2227502474741498,0.22340534097684916,0.6382284832948373,0.6361367427913727,0.039351906578484815,0.494137937874386,0.4756452720045622,k20,seed_41,log_survival,240.0,180.0,300.0,0.5
23353,0.5020339999143579,0.5042510740797715,0.22275024864117138,0.22340534100833903,0.6382284861563414,0.6361367429480836,0.039351909459388434,0.4941379177918747,0.4756452613053795,k20,seed_41,linear_survival,240.0,180.0,300.0,0.5
23353,0.5020339999143579,0.5042510740797715,0.22275297181721024,0.2234069556665817,0.638234265240066,0.6361399872804275,0.039928671543590546,0.49404366012812784,0.4755794451086385,k20,seed_41,right_step,240.0,180.0,300.0,0.5
23353,0.5020339999143579,0.5042510740797715,0.2227488986947873,0.22340454036713597,0.6382256196160843,0.6361351344758134,0.03926851471988157,0.4941850616835841,0.47567817742731056,k20,seed_41,log_survival,270.0,180.0,300.0,0.75
23353,0.5020339999143579,0.5042510740797715,0.22274889956547705,0.22340454038890897,0.6382256217529684,0.6361351345894515,0.03926851686833069,0.4941850466237482,0.47567816940375,k20,seed_41,linear_survival,270.0,180.0,300.0,0.75
23353,0.5020339999143579,0.5042510740797715,0.22275297181721024,0.2234069556665817,0.638234265240066,0.6361399872804275,0.039928671543590546,0.49404366012812784,0.4755794451086385,k20,seed_41,right_step,270.0,180.0,300.0,0.75
23353,0.5020339999143579,0.5042510740797715,0.22274507073111355,0.2234029453710818,0.6382174927692131,0.6361319050848254,0.039801159552133675,0.49429773155169,0.4757513725027068,k20,seed_41,log_survival,337.5,300.0,450.0,0.25
23353,0.5020339999143579,0.5042510740797715,0.22274507314938058,0.22340294532807037,0.6382174985336464,0.6361319051095713,0.0398011628170493,0.4942977028774197,0.47575136048434097,k20,seed_41,linear_survival,337.5,300.0,450.0,0.25
23353,0.5020339999143579,0.5042510740797715,0.22274755883133285,0.22340374424260628,0.6382227741129232,0.636133535438328,0.039459064916916996,0.4942321754556216,0.4757110775021205,k20,seed_41,right_step,337.5,300.0,450.0,0.25
23353,0.5020339999143579,0.5042510740797715,0.222742600398645,0.22340215338287633,0.638212247623411,0.6361302889900633,0.039934629415939595,0.4943632685241303,0.47579165948884783,k20,seed_41,log_survival,375.0,300.0,450.0,0.5
23353,0.5020339999143579,0.5042510740797715,0.2227426036059239,0.22340215332051622,0.6382122552756737,0.6361302890125543,0.03993463375215577,0.49436323029921775,0.4757916434665614,k20,seed_41,linear_survival,375.0,300.0,450.0,0.5
23353,0.5020339999143579,0.5042510740797715,0.22274755883133285,0.22340374424260628,0.6382227741129232,0.636133535438328,0.039459064916916996,0.4942321754556216,0.4757110775021205,k20,seed_41,right_step,375.0,300.0,450.0,0.5
23353,0.5020339999143579,0.5042510740797715,0.22274014780829848,0.22340136827046964,0.6382070386305112,0.6361286871414288,0.039820444145379635,0.49442878638411714,0.4758319384638463,k20,seed_41,log_survival,412.5,300.0,450.0,0.75
23353,0.5020339999143579,0.5042510740797715,0.22274015020096277,0.22340136821994386,0.6382070443444857,0.636128687150421,0.03982044740749316,0.49442875772101585,0.4758319264487818,k20,seed_41,linear_survival,412.5,300.0,450.0,0.75
23353,0.5020339999143579,0.5042510740797715,0.22274755883133285,0.22340374424260628,0.6382227741129232,0.636133535438328,0.039459064916916996,0.4942321754556216,0.4757110775021205,k20,seed_41,right_step,412.5,300.0,450.0,0.75
23353,0.5020339999143579,0.5042510740797715,0.2227347825357017,0.22339976608410725,0.6381957063914516,0.636125424308978,0.04084570792059819,0.49453957380057517,0.4759000619009855,k20,seed_41,log_survival,487.5,450.0,600.0,0.25
23353,0.5020339999143579,0.5042510740797715,0.22273478585414355,0.22339976647707377,0.638195713893081,0.6361254251880553,0.04084570951588082,0.49453955822820883,0.475900056040174,k20,seed_41,linear_survival,487.5,450.0,600.0,0.25
23353,0.5020339999143579,0.5042510740797715,0.22273771293449723,0.2234005900263533,0.6382018657456182,0.6361270995263326,0.040713206195459206,0.49449428514281385,0.4758722094310022,k20,seed_41,right_step,487.5,450.0,600.0,0.25
23353,0.5020339999143579,0.5042510740797715,0.222731862732522,0.22339894568262073,0.6381895684523965,0.6361237564115121,0.040798646685106486,0.4945848520725854,0.47592791046286864,k20,seed_41,log_survival,525.0,450.0,600.0,0.5
23353,0.5020339999143579,0.5042510740797715,0.22273186714737347,0.22339894620449607,0.6381895784369557,0.6361237575794884,0.040798648799047425,0.4945848313136038,0.47592790264934576,k20,seed_41,linear_survival,525.0,450.0,600.0,0.5
23353,0.5020339999143579,0.5042510740797715,0.22273771293449723,0.2234005900263533,0.6382018657456182,0.6361270995263326,0.040713206195459206,0.49449428514281385,0.4758722094310022,k20,seed_41,right_step,525.0,450.0,600.0,0.5
23353,0.5020339999143579,0.5042510740797715,0.22272895351034364,0.22339812881877244,0.6381834519006213,0.6361220958281611,0.04108086186178445,0.49463011996510664,0.4759557551179906,k20,seed_41,log_survival,562.5,450.0,600.0,0.75
23353,0.5020339999143579,0.5042510740797715,0.22272895681418686,0.2233981292086201,0.6381834593758448,0.6361220967010502,0.04108086344287981,0.4946301043989988,0.4759557492585175,k20,seed_41,linear_survival,562.5,450.0,600.0,0.75
23353,0.5020339999143579,0.5042510740797715,0.22273771293449723,0.2234005900263533,0.6382018657456182,0.6361270995263326,0.040713206195459206,0.49449428514281385,0.4758722094310022,k20,seed_41,right_step,562.5,450.0,600.0,0.75
23353,0.5020339999143579,0.5042510740797715,0.2227249302956017,0.2233968725315011,0.6381749520962111,0.6361195426373373,0.04100989700574858,0.4947040274871174,0.47600166982793296,k20,seed_41,log_survival,750.0,600.0,1200.0,0.25
23353,0.5020339999143579,0.5042510740797715,0.2227249308962692,0.22339687256158364,0.6381749535493935,0.636119542725464,0.04100989759510287,0.4947040215113688,0.47600166725159887,k20,seed_41,linear_survival,750.0,600.0,1200.0,0.25
23353,0.5020339999143579,0.5042510740797715,0.22272605485458374,0.22339731548944597,0.6381773567083704,0.636120442553163,0.040916618730023814,0.4946753774843938,0.47598359586768924,k20,seed_41,right_step,750.0,600.0,1200.0,0.25
23353,0.5020339999143579,0.5042510740797715,0.22272380935272307,0.22339643101563708,0.6381725548512844,0.6361186457297343,0.04087834031194698,0.49473267350518396,0.4760197420703856,k20,seed_41,log_survival,900.0,600.0,1200.0,0.5
23353,0.5020339999143579,0.5042510740797715,0.22272381015182297,0.22339643105523632,0.6381725567854268,0.6361186458461628,0.04087834109597798,0.4947326655383438,0.4760197386355084,k20,seed_41,linear_survival,900.0,600.0,1200.0,0.5
23353,0.5020339999143579,0.5042510740797715,0.22272605485458374,0.22339731548944597,0.6381773567083704,0.636120442553163,0.040916618730023814,0.4946753774843938,0.47598359586768924,k20,seed_41,right_step,900.0,600.0,1200.0,0.5
23353,0.5020339999143579,0.5042510740797715,0.22272269202326192,0.22339599094108759,0.6381701649690753,0.6361177518291046,0.04092958467981627,0.49476131553983066,0.4760378125953996,k20,seed_41,log_survival,1050.0,600.0,1200.0,0.75
23353,0.5020339999143579,0.5042510740797715,0.22272269262124514,0.22339599097040405,0.638170166417107,0.6361177519156208,0.04092958526248116,0.4947613095653188,0.476037810019418,k20,seed_41,linear_survival,1050.0,600.0,1200.0,0.75
23353,0.5020339999143579,0.5042510740797715,0.22272605485458374,0.22339731548944597,0.6381773567083704,0.636120442553163,0.040916618730023814,0.4946753774843938,0.47598359586768924,k20,seed_41,right_step,1050.0,600.0,1200.0,0.75
23353,0.5020339999143579,0.5042510740797715,0.22272007996132057,0.22339505220121494,0.6381645538554098,0.6361158390274139,0.040888249925455075,0.4948221950312498,0.47607603894285877,k20,seed_41,log_survival,1500.0,1200.0,2400.0,0.25
23353,0.5020339999143579,0.5042510740797715,0.22272008091027284,0.22339505225717735,0.6381645561723371,0.636115839191579,0.040888250506143434,0.4948221867757278,0.4760760355198825,k20,seed_41,linear_survival,1500.0,1200.0,2400.0,0.25
23353,0.5020339999143579,0.5042510740797715,0.2227215783045356,0.22339555230708683,0.638167782445074,0.6361168609341997,0.04092461601532267,0.49478995359229394,0.4760558814033275,k20,seed_41,right_step,1500.0,1200.0,2400.0,0.25
23353,0.5020339999143579,0.5042510740797715,0.22271858655544782,0.22339455398354363,0.6381613353055912,0.6361148210605002,0.04062286405341072,0.49485443096497767,0.4760961941999947,k20,seed_41,log_survival,1800.0,1200.0,2400.0,0.5
23353,0.5020339999143579,0.5042510740797715,0.2227185878174533,0.2233945540572844,0.6381613383886942,0.6361148212775746,0.04062286483009507,0.49485441995916185,0.47609618963643735,k20,seed_41,linear_survival,1800.0,1200.0,2400.0,0.5
23353,0.5020339999143579,0.5042510740797715,0.2227215783045356,0.22339555230708683,0.638167782445074,0.6361168609341997,0.04092461601532267,0.49478995359229394,0.4760558814033275,k20,seed_41,right_step,1800.0,1200.0,2400.0,0.5
23353,0.5020339999143579,0.5042510740797715,0.22271709808201892,0.2233940576527588,0.6381581267875991,0.6361138070313598,0.04065918352109401,0.49488666139579796,0.4761163471753521,k20,seed_41,log_survival,2100.0,1200.0,2400.0,0.75
23353,0.5020339999143579,0.5042510740797715,0.2227170990260767,0.22339405770740794,0.6381581290953284,0.6361138071928065,0.040659184102803385,0.49488665314259583,0.4761163437529923,k20,seed_41,linear_survival,2100.0,1200.0,2400.0,0.75
23353,0.5020339999143579,0.5042510740797715,0.2227215783045356,0.22339555230708683,0.638167782445074,0.6361168609341997,0.04092461601532267,0.49478995359229394,0.4760558814033275,k20,seed_41,right_step,2100.0,1200.0,2400.0,0.75
23177,0.5119730767571299,0.5103324966221111,0.22383732666512937,0.22430907921863721,0.6403321526349255,0.6381156195915997,0.04086626632114709,0.5000569177125929,0.47883283056163917,k20,seed_41,log_survival,3600.0,2400.0,7200.0,0.25
23177,0.5119730767571299,0.5103324966221111,0.22414670229104963,0.22437007326647973,0.6410893224891927,0.6382665095302026,0.04221885526380734,0.49922971865657,0.4786627102892061,k20,seed_41,linear_survival,3600.0,2400.0,7200.0,0.25
23177,0.5119730767571299,0.5103324966221111,0.2254537968853613,0.22467232996857825,0.6453804793383735,0.6392627114565508,0.040237658466577446,0.49595008453248046,0.4774877051160308,k20,seed_41,right_step,3600.0,2400.0,7200.0,0.25
22998,0.5159579093834247,0.5151976659155013,0.22362231810566585,0.22497646110155178,0.63935947465088,0.6393852316990455,0.04258805784907206,0.5044092236918907,0.4812211248813191,k20,seed_41,log_survival,4800.0,2400.0,7200.0,0.5
22998,0.5159579093834247,0.5151976659155013,0.22376931936121802,0.22500884311353916,0.6397662415371704,0.6394698437647323,0.04196731913716911,0.5034061738978909,0.4810118478101626,k20,seed_41,linear_survival,4800.0,2400.0,7200.0,0.5
22998,0.5159579093834247,0.5151976659155013,0.22598276369801476,0.22553052266467244,0.6465267291073701,0.6410708833559173,0.04190407276513281,0.49681353383643184,0.4786507136448031,k20,seed_41,right_step,4800.0,2400.0,7200.0,0.5
22998,0.5159579093834247,0.5151976659155013,0.2233446188784874,0.22489627236171722,0.6385324001392294,0.6391608277440167,0.042760946738638846,0.5073869184720288,0.48233690041649596,k20,seed_41,log_survival,6000.0,2400.0,7200.0,0.75
22998,0.5159579093834247,0.5151976659155013,0.22331547175265637,0.22489390384327204,0.638496376696203,0.639156855853861,0.042882063390807704,0.5067024939286204,0.4821924148928424,k20,seed_41,linear_survival,6000.0,2400.0,7200.0,0.75
22998,0.5159579093834247,0.5151976659155013,0.22598276369801476,0.22553052266467244,0.6465267291073701,0.6410708833559173,0.04190407276513281,0.49681353383643184,0.4786507136448031,k20,seed_41,right_step,6000.0,2400.0,7200.0,0.75
23786,0.0,0.0,1.3988682999457883e-08,7.85203952558345e-09,8.250746983192692e-05,5.8374659823839515e-05,5.837073324738399e-05,8.250047433366258e-05,5.8370733247383985e-05,k20,seed_42,log_survival,0.25,0.0,1.0,0.25
23786,0.0,0.0,1.3978279354160401e-08,7.847032452695805e-09,8.248648507310212e-05,5.836288092986356e-05,5.835895685767391e-05,8.247949477832985e-05,5.8358956857673905e-05,k20,seed_42,linear_survival,0.25,0.0,1.0,0.25
23786,0.0,0.0,1.0000000000000003e-18,1.0000000000000003e-18,9.999999722180688e-10,9.999999722180686e-10,1e-09,1.0000000000000003e-09,1.0000000000000003e-09,k20,seed_42,right_step,0.25,0.0,1.0,0.25
23786,0.0,0.0,5.594085527670612e-08,3.14014797356271e-08,0.00016501493781243654,0.00011674931898652786,0.00011673361379409118,0.0001649869581329084,0.00011673361379409118,k20,seed_42,log_survival,0.5,0.0,1.0,0.5
23786,0.0,0.0,5.591311741663604e-08,3.1388129810781235e-08,0.000164986953506964,0.00011673361156780648,0.00011671791305422285,0.00016495898770526994,0.00011671791305422285,k20,seed_42,linear_survival,0.5,0.0,1.0,0.5
23786,0.0,0.0,1.0000000000000003e-18,1.0000000000000003e-18,9.999999722180688e-10,9.999999722180686e-10,1e-09,1.0000000000000003e-09,1.0000000000000003e-09,k20,seed_42,right_step,0.5,0.0,1.0,0.5
23786,0.0,0.0,1.258357134386265e-07,7.063830818729966e-08,0.00024752240583579435,0.0001751239781538266,0.00017508864397559648,0.0002474594567614615,0.0001750886439755965,k20,seed_42,log_survival,0.75,0.0,1.0,0.75
23786,0.0,0.0,1.2580451418742887e-07,7.062329207425697e-08,0.00024750141413471324,0.00017511219591896467,0.0001750768692553569,0.00024743848067503265,0.0001750768692553569,k20,seed_42,linear_survival,0.75,0.0,1.0,0.75
23786,0.0,0.0,1.0000000000000003e-18,1.0000000000000003e-18,9.999999722180688e-10,9.999999722180686e-10,1e-09,1.0000000000000003e-09,1.0000000000000003e-09,k20,seed_42,right_step,0.75,0.0,1.0,0.75
23786,4.204153703859413e-05,7.938932766862414e-06,0.00012301970106868003,3.017319924695704e-05,0.004091710361872502,0.0026972434787029586,0.002637166246191622,0.0038339128281660306,0.0026451051789584848,k20,seed_42,log_survival,1.25,1.0,2.0,0.25
23786,4.204153703859413e-05,7.938932766862414e-06,0.00010664635284130146,2.7152509777955445e-05,0.003971049358962671,0.0026657042654305877,0.002607201959700803,0.003721859382389385,0.0026151408924676655,k20,seed_42,linear_survival,1.25,1.0,2.0,0.25
23786,4.204153703859413e-05,7.938932766862414e-06,4.226489745420201e-05,8.064430135944543e-06,0.0008585076950261779,0.00033329398702897637,0.00023930812229520037,0.0003299179736447953,0.0002334358254564909,k20,seed_42,right_step,1.25,1.0,2.0,0.25
23786,4.204153703859413e-05,7.938932766862414e-06,0.0003369315155682,8.925825531749938e-05,0.007609330636969488,0.0051149010990083005,0.005028119622237625,0.007259155724930874,0.0050360585550044855,k20,seed_42,log_survival,1.5,1.0,2.0,0.5
23786,4.204153703859413e-05,7.938932766862414e-06,0.00029582794806021565,8.164697725190254e-05,0.007439372989321398,0.005071198293135838,0.004988907027133949,0.007113800792170005,0.0049968459599008105,k20,seed_42,linear_survival,1.5,1.0,2.0,0.5
23786,4.204153703859413e-05,7.938932766862414e-06,4.226489745420201e-05,8.064430135944543e-06,0.0008585076950261779,0.00033329398702897637,0.00023930812229520037,0.0003299179736447953,0.0002334358254564909,k20,seed_42,right_step,1.5,1.0,2.0,0.5
23786,0.00193391070377533,0.0029382471317598207,0.002515613525638328,0.00307357544203447,0.020511637862606458,0.022582206651686563,0.005609092259757258,0.010611869876668978,0.007407430851291693,k20,seed_42,log_survival,1.75,1.0,2.0,0.75
23786,0.00193391070377533,0.0029382471317598207,0.002472011165367005,0.0030654984094992035,0.02037862621883921,0.022550782399306465,0.005582098879009946,0.010505742201950623,0.007378551027333954,k20,seed_42,linear_survival,1.75,1.0,2.0,0.75
23786,0.00193391070377533,0.0029382471317598207,0.0019323174803721707,0.002936432067784835,0.018615882789853655,0.025384056497690023,0.002794535326427545,0.0003299179736447953,0.0002334358254564909,k20,seed_42,right_step,1.75,1.0,2.0,0.75
23666,0.025859883376996535,0.021092492416115334,0.02632945777220403,0.020941817485006918,0.12004338395172308,0.10037680389632662,0.014108300174186544,0.033924047436960876,0.024685904902198054,k20,seed_42,log_survival,2.25,2.0,3.0,0.25
23666,0.025859883376996535,0.021092492416115334,0.0261811666718109,0.02087018051466283,0.11945658775959919,0.10006478900195227,0.014345890145344178,0.032564299565266325,0.02389543675031866,k20,seed_42,linear_survival,2.25,2.0,3.0,0.25
23666,0.025859883376996535,0.021092492416115334,0.026247862667381557,0.020994239870210454,0.13400154989299115,0.11117201742920652,0.016504720072873357,0.01389849974916259,0.009757689602144662,k20,seed_42,right_step,2.25,2.0,3.0,0.25
23666,0.04876193695597059,0.03617705307735013,0.04878252024463194,0.035599512589114,0.20027758097196752,0.15442407673659675,0.014284572824350939,0.0529952480483559,0.03906279768042844,k20,seed_42,log_survival,2.5,2.0,3.0,0.5
23666,0.04876193695597059,0.03617705307735013,0.04842102917050141,0.03542066737291674,0.19930666613646014,0.15389324165342555,0.01386336215342605,0.051230099381370055,0.03803318389849266,k20,seed_42,linear_survival,2.5,2.0,3.0,0.5
23666,0.04876193695597059,0.03617705307735013,0.04878484338338347,0.03579724064667187,0.2481083766419956,0.18305067099699457,0.029142677958898904,0.01389849974916259,0.009757689602144662,k20,seed_42,right_step,2.5,2.0,3.0,0.5
23666,0.07301614129975492,0.06357033795642643,0.0692668241976116,0.0588481538573773,0.25708215055319766,0.22472117714461656,0.023354197881254854,0.07118570999832989,0.05292574535952116,k20,seed_42,log_survival,2.75,2.0,3.0,0.75
23666,0.07301614129975492,0.06357033795642643,0.06900432170721861,0.058757970911948426,0.25656293241523187,0.22460265704334512,0.023285499627381502,0.06989589919747378,0.05217093104666666,k20,seed_42,linear_survival,2.75,2.0,3.0,0.75
23666,0.07301614129975492,0.06357033795642643,0.07245296251376246,0.06263919050620709,0.359235711815169,0.313648449131865,0.053812648354281775,0.01389849974916259,0.009757689602144662,k20,seed_42,right_step,2.75,2.0,3.0,0.75
23666,0.12667962477816277,0.11459295320375726,0.10641874145913865,0.09529238088619088,0.3535902246947372,0.32267406617145966,0.03081440721163532,0.12187084433087815,0.09629168012352847,k20,seed_42,log_survival,3.5,3.0,5.0,0.25
23666,0.12667962477816277,0.11459295320375726,0.10625278219192563,0.09533061803624754,0.3536492752325865,0.3230489075981531,0.0313917647391869,0.11902798127816702,0.09408686999328829,k20,seed_42,linear_survival,3.5,3.0,5.0,0.25
23666,0.12667962477816277,0.11459295320375726,0.10787930413689224,0.09779050449623808,0.36698668155966907,0.3384335220059971,0.0511458894140978,0.08856169901357752,0.06630867819484065,k20,seed_42,right_step,3.5,3.0,5.0,0.25
23666,0.1607369221668216,0.15299019236661282,0.12837173299864602,0.12081272364746753,0.4089342075984893,0.3900216686738217,0.04086007552895736,0.1531729343443435,0.12472628741752968,k20,seed_42,log_survival,4.0,3.0,5.0,0.5
23666,0.1607369221668216,0.15299019236661282,0.12816233649010061,0.12094884541412008,0.4088372194874155,0.39063769200235876,0.04275455353493516,0.14949426354275652,0.12186506179173595,k20,seed_42,linear_survival,4.0,3.0,5.0,0.5
23666,0.1607369221668216,0.15299019236661282,0.13418695039264447,0.12929830458936656,0.4448838802778852,0.43624614550720187,0.08954095476551192,0.08856169901357752,0.06630867819484065,k20,seed_42,right_step,4.0,3.0,5.0,0.5
23666,0.20485084086875688,0.18291318992699254,0.14547131131949778,0.13611680848052188,0.4487618265968402,0.4272335862720585,0.04364734462806289,0.18264042701274086,0.15173353013937244,k20,seed_42,log_survival,4.5,3.0,5.0,0.75
23666,0.20485084086875688,0.18291318992699254,0.14550546332684944,0.13624273499884482,0.44896528857538687,0.42766201193739434,0.04424673336681558,0.17996054580734605,0.1496432535901836,k20,seed_42,linear_survival,4.5,3.0,5.0,0.75
23666,0.20485084086875688,0.18291318992699254,0.16218393555489416,0.15252172155683735,0.520665921367345,0.5072300912264481,0.11876229429952163,0.08856169901357752,0.06630867819484065,k20,seed_42,right_step,4.5,3.0,5.0,0.75
23655,0.2609596279856267,0.2414716418090768,0.16866847428254436,0.16581459072546004,0.5058334420804749,0.49885054026680226,0.058258490739033296,0.2370934664905369,0.20440238265867453,k20,seed_42,log_survival,5.75,5.0,8.0,0.25
23655,0.2609596279856267,0.2414716418090768,0.1687830537706017,0.16598819262276007,0.5060966993889439,0.49934149026952857,0.05939338374246165,0.23544829339047815,0.2028358519867744,k20,seed_42,linear_survival,5.75,5.0,8.0,0.25
23655,0.2609596279856267,0.2414716418090768,0.17122856884301121,0.1693741074886977,0.511874942175844,0.50944296910626,0.07690067861884751,0.2104277428043095,0.17740919348559583,k20,seed_42,right_step,5.75,5.0,8.0,0.25
23655,0.29494821390826464,0.27305050651492363,0.17963669205561691,0.1802123053389526,0.5329562332522487,0.5331185967799318,0.06433996964744147,0.2626259571826672,0.23031902912062105,k20,seed_42,log_survival,6.5,5.0,8.0,0.5
23655,0.29494821390826464,0.27305050651492363,0.17984127137611552,0.1804611646196512,0.5334195574438942,0.5337818422059717,0.06601696512927616,0.2604688439766468,0.22826251048795296,k20,seed_42,linear_survival,6.5,5.0,8.0,0.5
23655,0.29494821390826464,0.27305050651492363,0.1871557391869802,0.1893425947288183,0.5520451712547356,0.560644510681986,0.09883672501292134,0.2104277428043095,0.17740919348559583,k20,seed_42,right_step,6.5,5.0,8.0,0.5
23583,0.31887376500021203,0.3015752748780457,0.18682236818826176,0.19040136696161533,0.5505741063327912,0.557113711016297,0.06427895276233957,0.2867770540468598,0.2548758427951161,k20,seed_42,log_survival,7.25,5.0,8.0,0.75
23583,0.31887376500021203,0.3015752748780457,0.1869707186852501,0.19059781346238472,0.5508930586729905,0.5576011173216934,0.06597344685957132,0.2851857902845397,0.25335735976013785,k20,seed_42,linear_survival,7.25,5.0,8.0,0.75
23583,0.31887376500021203,0.3015752748780457,0.19993671921444361,0.2066199740170844,0.5841110760564623,0.6053609577506223,0.12449234499859134,0.21012164494701455,0.17708292987945434,k20,seed_42,right_step,7.25,5.0,8.0,0.75
23583,0.3690794216172667,0.35323047958503123,0.20022918729134784,0.20561998547263496,0.582196147140346,0.5917510150506974,0.07099736976111362,0.3303424062944681,0.30205406556685005,k20,seed_42,log_survival,9.0,8.0,12.0,0.25
23583,0.3690794216172667,0.35323047958503123,0.20035214853778832,0.20581297367617088,0.5824477071964481,0.5921837898191349,0.07126837626492115,0.3293067894303083,0.30076009249537283,k20,seed_42,linear_survival,9.0,8.0,12.0,0.25
23583,0.3690794216172667,0.35323047958503123,0.20268089069553713,0.20926850094183655,0.5871604539364498,0.6000443202772591,0.08744551958829228,0.3102071720637148,0.2787821697203657,k20,seed_42,right_step,9.0,8.0,12.0,0.25
23583,0.3803163295594284,0.3636552192451886,0.20375674955716697,0.20778777265503265,0.5913633215915537,0.5974567070293432,0.06192152870842533,0.34976877151571795,0.32443849308121264,k20,seed_42,log_survival,10.0,8.0,12.0,0.5
23583,0.3803163295594284,0.3636552192451886,0.20388786128595557,0.20798873611349789,0.5916259976421354,0.5978875855900108,0.06348515947853697,0.34840640679690166,0.3227380152703799,k20,seed_42,linear_survival,10.0,8.0,12.0,0.5
23583,0.3803163295594284,0.3636552192451886,0.2087011783845474,0.21483533291580134,0.6018142471827074,0.6135029111118647,0.09232250160552664,0.3102071720637148,0.2787821697203657,k20,seed_42,right_step,10.0,8.0,12.0,0.5
23583,0.3887546113725989,0.3787178879867799,0.20624536775399233,0.2121860958447945,0.597769885175212,0.6080540049977943,0.051918876397266556,0.36851425434213897,0.34597311223042937,k20,seed_42,log_survival,11.0,8.0,12.0,0.75
23583,0.3887546113725989,0.3787178879867799,0.20631148130913293,0.21231030324965144,0.5978960873514773,0.6083143019484487,0.05299582722439208,0.36750602416349515,0.344715938045387,k20,seed_42,linear_survival,11.0,8.0,12.0,0.75
23583,0.3887546113725989,0.3787178879867799,0.2132996544145268,0.22317238551298252,0.6129658074213149,0.6336335355163651,0.10273052233215817,0.3102071720637148,0.2787821697203657,k20,seed_42,right_step,11.0,8.0,12.0,0.75
23576,0.43107397353240584,0.41684057044642875,0.218287848137345,0.2208093434364309,0.629636648706811,0.6290545660903006,0.055869756114003084,0.40650899289754144,0.38767138934111217,k20,seed_42,log_survival,14.0,12.0,20.0,0.25
23576,0.43107397353240584,0.41684057044642875,0.2182911622698146,0.2208409666439337,0.6296858734661563,0.6291018646637331,0.058156069499083085,0.4053648659345223,0.38642227296440856,k20,seed_42,linear_survival,14.0,12.0,20.0,0.25
23576,0.43107397353240584,0.41684057044642875,0.2193488429656088,0.22224342213738632,0.6359358255625448,0.632595355428114,0.059495624643936776,0.38660216172635137,0.3666916811125935,k20,seed_42,right_step,14.0,12.0,20.0,0.25
23576,0.4460044112656939,0.43064415770595416,0.21879783182956,0.22139012842992056,0.6296503386139026,0.6306350535261637,0.04757022955147328,0.42563061070180425,0.4077926920713816,k20,seed_42,log_survival,16.0,12.0,20.0,0.5
23576,0.4460044112656939,0.43064415770595416,0.21876262114284856,0.22138328252332176,0.6295806756079968,0.6305856304783789,0.04993587628178598,0.42412757014269337,0.4061528648162237,k20,seed_42,linear_survival,16.0,12.0,20.0,0.5
23576,0.4460044112656939,0.43064415770595416,0.2210651510212989,0.22428748099101528,0.6396851438029332,0.6371153752918899,0.07243697147149436,0.38660216172635137,0.3666916811125935,k20,seed_42,right_step,16.0,12.0,20.0,0.5
23555,0.45892591806410526,0.44777370353513546,0.22080681870156627,0.22266279236038786,0.6333676006175749,0.633633399575062,0.04917231709991808,0.4439188379816206,0.4269207392614933,k20,seed_42,log_survival,18.0,12.0,20.0,0.75
23555,0.45892591806410526,0.44777370353513546,0.22075535967805704,0.22264458308120974,0.6332552028204581,0.6335695114379071,0.050223234698519165,0.44280821553791805,0.4257098756354836,k20,seed_42,linear_survival,18.0,12.0,20.0,0.75
23555,0.45892591806410526,0.44777370353513546,0.22450393918840447,0.22788964350402896,0.6470582129978882,0.6446518190742502,0.08974701297300382,0.3865256081340663,0.3665240164394951,k20,seed_42,right_step,18.0,12.0,20.0,0.75
23550,0.47617834394904457,0.4750017232645085,0.2229266627023591,0.22530175906732386,0.6375299236416172,0.6396135557652456,0.049160782243240136,0.46715090853664354,0.45184127199204627,k20,seed_42,log_survival,22.5,20.0,30.0,0.25
23550,0.47617834394904457,0.4750017232645085,0.2229187604766445,0.22530966735957317,0.6375120211103268,0.6396279003019638,0.049261196402897146,0.4669976685413677,0.45164834347552524,k20,seed_42,linear_survival,22.5,20.0,30.0,0.25
23550,0.47617834394904457,0.4750017232645085,0.22271975877163122,0.22549715248461769,0.637041686110266,0.6399060562289963,0.049401354935296106,0.46160985326818144,0.4456741526802654,k20,seed_42,right_step,22.5,20.0,30.0,0.25
23533,0.4788169804104874,0.4828816255291004,0.22346024443309695,0.2266495466378698,0.6387020437770513,0.6425442554768984,0.04167049072479967,0.4726193263425514,0.45790731257281053,k20,seed_42,log_survival,25.0,20.0,30.0,0.5
23533,0.4788169804104874,0.4828816255291004,0.22344583197824833,0.22665694394354888,0.6386705534737787,0.6425574101474285,0.04245525901404035,0.4724169076213875,0.45765350043826186,k20,seed_42,linear_survival,25.0,20.0,30.0,0.5
23533,0.4788169804104874,0.4828816255291004,0.2229897406092914,0.22711455508029665,0.6376238280741786,0.6433151642430559,0.054452420692934385,0.4616533413070934,0.4457448024417486,k20,seed_42,right_step,25.0,20.0,30.0,0.5
23472,0.4897324471710975,0.4900106591547563,0.2239828533169108,0.22621909523588637,0.6398652489992203,0.6417520963620923,0.043499690320134496,0.4782425314425574,0.46387975174284307,k20,seed_42,log_survival,27.5,20.0,30.0,0.75
23472,0.4897324471710975,0.4900106591547563,0.22397457435714138,0.22622459051905214,0.6398471746105097,0.641762200342457,0.04375510292150259,0.47809160702086523,0.4636908182530708,k20,seed_42,linear_survival,27.5,20.0,30.0,0.75
23472,0.4897324471710975,0.4900106591547563,0.22371134635020734,0.22712878051336133,0.6391676540036834,0.643359875020418,0.06150325009505118,0.4619336086974762,0.445822043252821,k20,seed_42,right_step,27.5,20.0,30.0,0.75
23361,0.4969393433500278,0.498461719291995,0.22460305365844446,0.22579822011785206,0.6414220273542484,0.6409952782786419,0.04194579329234242,0.486117827071355,0.47093648225647217,k20,seed_42,log_survival,33.75,30.0,45.0,0.25
23361,0.4969393433500278,0.498461719291995,0.22460320087373536,0.22579843922367746,0.6414222861993697,0.6409956839147776,0.04195002289865998,0.4861103787397321,0.47093108142961004,k20,seed_42,linear_survival,33.75,30.0,45.0,0.25
23361,0.4969393433500278,0.498461719291995,0.22462502404630758,0.22585934665967697,0.6414607386274664,0.6411128571531999,0.043118673668404835,0.4848451670811646,0.4698657921009682,k20,seed_42,right_step,33.75,30.0,45.0,0.25
23353,0.5007065473386717,0.5026516019544864,0.22461095639355025,0.2258913736337453,0.6414836593757322,0.6412825239334018,0.04298335532238881,0.48746063305738674,0.47216228083581857,k20,seed_42,log_survival,37.5,30.0,45.0,0.5
23353,0.5007065473386717,0.5026516019544864,0.2246112614193679,0.22589175501996522,0.6414842210075069,0.6412832458035126,0.04269272316983992,0.48745071523106026,0.4721550849453513,k20,seed_42,linear_survival,37.5,30.0,45.0,0.5
23353,0.5007065473386717,0.5026516019544864,0.22468146592414628,0.22603595137790117,0.6416150876770677,0.6415642805368533,0.045044829148572565,0.4849197645024078,0.47002349104176344,k20,seed_42,right_step,37.5,30.0,45.0,0.5
23353,0.5007065473386717,0.5026516019544864,0.22458244779059605,0.22582404585348223,0.6414317672059499,0.6411518905802774,0.04212735143925218,0.48872361666179565,0.4732262708160006,k20,seed_42,log_survival,41.25,30.0,45.0,0.75
23353,0.5007065473386717,0.5026516019544864,0.2245826462548481,0.22582431244078247,0.6414321246501664,0.641152390621565,0.04213155458365776,0.4887161905953865,0.4732208818971453,k20,seed_42,linear_survival,41.25,30.0,45.0,0.75
23353,0.5007065473386717,0.5026516019544864,0.22468146592414628,0.22603595137790117,0.6416150876770677,0.6415642805368533,0.045044829148572565,0.4849197645024078,0.47002349104176344,k20,seed_42,right_step,41.25,30.0,45.0,0.75
23353,0.5020339999143579,0.5042510740797715,0.22454084844773647,0.22541150089395184,0.6413714077656825,0.6403121037254529,0.04209390194889134,0.4900544991317752,0.4743396891034014,k20,seed_42,log_survival,48.75,45.0,60.0,0.25
23353,0.5020339999143579,0.5042510740797715,0.22454084956321022,0.2254115013515876,0.6413714094430932,0.6403121041612747,0.04209391279353257,0.49005446576578415,0.47433967007380745,k20,seed_42,linear_survival,48.75,45.0,60.0,0.25
23353,0.5020339999143579,0.5042510740797715,0.2245444612961677,0.22541528955060186,0.6413783584688709,0.6403194883240195,0.04211265830569999,0.4899816659597127,0.47428667884893916,k20,seed_42,right_step,48.75,45.0,60.0,0.25
23353,0.5020339999143579,0.5042510740797715,0.22453725397119503,0.2254077225253943,0.6413644962692385,0.6403047412902307,0.042051842095832834,0.4901273100529933,0.4743926866681065,k20,seed_42,log_survival,52.5,45.0,60.0,0.5
23353,0.5020339999143579,0.5042510740797715,0.22453725544379624,0.2254077231286101,0.6413644984718926,0.6403047418545627,0.04205185655446055,0.4901272655718556,0.4743926612986758,k20,seed_42,linear_survival,52.5,45.0,60.0,0.5
23353,0.5020339999143579,0.5042510740797715,0.2245444612961677,0.22541528955060186,0.6413783584688709,0.6403194883240195,0.04211265830569999,0.4899816659597127,0.47428667884893916,k20,seed_42,right_step,52.5,45.0,60.0,0.5
23353,0.5020339999143579,0.5042510740797715,0.22453367784449055,0.22540395443447822,0.6413576239425097,0.6402974010010529,0.0420602126816023,0.4902000987336441,0.47444567154809697,k20,seed_42,log_survival,56.25,45.0,60.0,0.75
23353,0.5020339999143579,0.5042510740797715,0.2245336789379258,0.2254039548816693,0.6413576255690816,0.6402974014117288,0.042060223500770995,0.49020006537792704,0.4744456525235441,k20,seed_42,linear_survival,56.25,45.0,60.0,0.75
23353,0.5020339999143579,0.5042510740797715,0.2245444612961677,0.22541528955060186,0.6413783584688709,0.6403194883240195,0.04211265830569999,0.4899816659597127,0.47428667884893916,k20,seed_42,right_step,56.25,45.0,60.0,0.75
23353,0.5020339999143579,0.5042510740797715,0.2245267523463677,0.2253975110314189,0.6413440816549645,0.6402848488130547,0.04198339788225429,0.4903365585094254,0.47454309647524245,k20,seed_42,log_survival,67.5,60.0,90.0,0.25
23353,0.5020339999143579,0.5042510740797715,0.22452675368607503,0.2253975112057042,0.641344084099297,0.6402848487588245,0.04198340408955644,0.4903365318284769,0.47454308227556824,k20,seed_42,linear_survival,67.5,60.0,90.0,0.25
23353,0.5020339999143579,0.5042510740797715,0.22453012004559877,0.2254001966107653,0.6413507907485245,0.6402900828406426,0.042003089437173624,0.4902728651839985,0.47449864374841244,k20,seed_42,right_step,67.5,60.0,90.0,0.25
23353,0.5020339999143579,0.5042510740797715,0.22452339898758386,0.22539483273539063,0.6413374031731983,0.6402796307139947,0.042039565588082195,0.4904002340423615,0.47458753973328727,k20,seed_42,log_survival,75.0,60.0,90.0,0.5
23353,0.5020339999143579,0.5042510740797715,0.22452340076314212,0.22539483296320093,0.6413374064077882,0.6402796306302675,0.04203957386622882,0.49040019847295535,0.47458752080272415,k20,seed_42,linear_survival,75.0,60.0,90.0,0.5
23353,0.5020339999143579,0.5042510740797715,0.22453012004559877,0.2254001966107653,0.6413507907485245,0.6402900828406426,0.042003089437173624,0.4902728651839985,0.47449864374841244,k20,seed_42,right_step,75.0,60.0,90.0,0.5
23353,0.5020339999143579,0.5042510740797715,0.2245200599531649,0.22539216171582332,0.6413307552768686,0.6402744285323451,0.041984950853350744,0.4904638917905955,0.47463197352605097,k20,seed_42,log_survival,82.5,60.0,90.0,0.75
23353,0.5020339999143579,0.5042510740797715,0.22452006127680002,0.22539216188325548,0.6413307576844222,0.6402744284609839,0.0419849570625364,0.49046386511743373,0.47463195932987995,k20,seed_42,linear_survival,82.5,60.0,90.0,0.75
23353,0.5020339999143579,0.5042510740797715,0.22453012004559877,0.2254001966107653,0.6413507907485245,0.6402900828406426,0.042003089437173624,0.4902728651839985,0.47449864374841244,k20,seed_42,right_step,82.5,60.0,90.0,0.75
23353,0.5020339999143579,0.5042510740797715,0.22451396642101457,0.22538712852667808,0.6413188357671956,0.6402647058255827,0.04196299714847895,0.4905858679770732,0.4747163266110146,k20,seed_42,log_survival,97.5,90.0,120.0,0.25
23353,0.5020339999143579,0.5042510740797715,0.22451396699055995,0.225387128515508,0.6413188364871327,0.640264705425416,0.041963003058150046,0.49058584580258435,0.4747163150951451,k20,seed_42,linear_survival,97.5,90.0,120.0,0.25
23353,0.5020339999143579,0.5042510740797715,0.22451673522704874,0.22538949796586788,0.641324137939656,0.6402692422570021,0.0419555694953299,0.4905275317619122,0.47467639785703575,k20,seed_42,right_step,97.5,90.0,120.0,0.25
23353,0.5020339999143579,0.5042510740797715,0.2245112095284287,0.22538476503410154,0.6413135592331805,0.6402601824215726,0.041903382265444794,0.49064418940537935,0.4747562476860444,k20,seed_42,log_survival,105.0,90.0,120.0,0.5
23353,0.5020339999143579,0.5042510740797715,0.22451121027975235,0.22538476501581625,0.6413135601741294,0.6402601818795202,0.041903390141752477,0.4906441598432564,0.4747562323332545,k20,seed_42,linear_survival,105.0,90.0,120.0,0.5
23353,0.5020339999143579,0.5042510740797715,0.22451673522704874,0.22538949796586788,0.641324137939656,0.6402692422570021,0.0419555694953299,0.4905275317619122,0.47467639785703575,k20,seed_42,right_step,105.0,90.0,120.0,0.5
23353,0.5020339999143579,0.5042510740797715,0.22450846453718254,0.22538240748304908,0.6413083083174872,0.6402556720366603,0.04188099580749856,0.4907024960526247,0.47479616108467965,k20,seed_42,log_survival,112.5,90.0,120.0,0.75
23353,0.5020339999143579,0.5042510740797715,0.22450846509462596,0.22538240746679258,0.6413083090089738,0.6402556716237481,0.04188100171379021,0.49070247388392846,0.4747961495713638,k20,seed_42,linear_survival,112.5,90.0,120.0,0.75
23353,0.5020339999143579,0.5042510740797715,0.22451673522704874,0.22538949796586788,0.641324137939656,0.6402692422570021,0.0419555694953299,0.4905275317619122,0.47467639785703575,k20,seed_42,right_step,112.5,90.0,120.0,0.75
23353,0.5020339999143579,0.5042510740797715,0.2245039347914946,0.2253778794634106,0.6412997342195087,0.6402469872003924,0.04186707820940049,0.4908150861983876,0.47487481731914943,k20,seed_42,log_survival,135.0,120.0,180.0,0.25
23353,0.5020339999143579,0.5042510740797715,0.22450393529009235,0.22537787963684924,0.6412997350136453,0.6402469873458206,0.04186708447467341,0.4908150674782521,0.47487480687416905,k20,seed_42,linear_survival,135.0,120.0,180.0,0.25
23353,0.5020339999143579,0.5042510740797715,0.2245057314351808,0.22538005586843704,0.6413030830000188,0.6402511746625442,0.04189837826989807,0.4907607879246005,0.47483606680947316,k20,seed_42,right_step,135.0,120.0,180.0,0.25
23353,0.5020339999143579,0.5042510740797715,0.22450214848838002,0.22537570870694856,0.6412964073040455,0.64024281180138,0.04187437734718844,0.4908693719891797,0.4749135608641337,k20,seed_42,log_survival,150.0,120.0,180.0,0.5
23353,0.5020339999143579,0.5042510740797715,0.22450214914680885,0.2253757089352909,0.6412964083486914,0.6402428119885368,0.041874385690012776,0.4908693470319037,0.47491354693886495,k20,seed_42,linear_survival,150.0,120.0,180.0,0.5
23353,0.5020339999143579,0.5042510740797715,0.2245057314351808,0.22538005586843704,0.6413030830000188,0.6402511746625442,0.04189837826989807,0.4907607879246005,0.47483606680947316,k20,seed_42,right_step,150.0,120.0,180.0,0.5
23353,0.5020339999143579,0.5042510740797715,0.22450037251628235,0.22537354359468625,0.6412931022376468,0.6402386484583351,0.04184967076608638,0.49092364530133437,0.4749522974464839,k20,seed_42,log_survival,165.0,120.0,180.0,0.75
23353,0.5020339999143579,0.5042510740797715,0.22450037300533018,0.22537354376376212,0.6412931030104803,0.6402386485936423,0.04184967702159689,0.4909236265855555,0.4749522870035609,k20,seed_42,linear_survival,165.0,120.0,180.0,0.75
23353,0.5020339999143579,0.5042510740797715,0.2245057314351808,0.22538005586843704,0.6413030830000188,0.6402511746625442,0.04189837826989807,0.4907607879246005,0.47483606680947316,k20,seed_42,right_step,165.0,120.0,180.0,0.75
23353,0.5020339999143579,0.5042510740797715,0.2244966556030209,0.22536823182997529,0.6412862176752766,0.6402283826818875,0.041769108586743924,0.49104364365522063,0.4750430911751514,k20,seed_42,log_survival,210.0,180.0,300.0,0.25
23353,0.5020339999143579,0.5042510740797715,0.22449665615361183,0.22536823232238984,0.6412862184359676,0.640228383353015,0.04176911981220327,0.4910436166160551,0.4750430731137984,k20,seed_42,linear_survival,210.0,180.0,300.0,0.25
23353,0.5020339999143579,0.5042510740797715,0.22449860686565654,0.22537138412226282,0.6412898190043501,0.6402344971640935,0.041811475037355404,0.4909779061392071,0.47499102706825674,k20,seed_42,right_step,210.0,180.0,300.0,0.25
23353,0.5020339999143579,0.5042510740797715,0.224494719053257,0.22536508939161404,0.6412826475737637,0.6402222891693992,0.041726749620749994,0.49110936314022036,0.47509514323826274,k20,seed_42,log_survival,240.0,180.0,300.0,0.5
23353,0.5020339999143579,0.5042510740797715,0.22449471977680047,0.22536509004204075,0.6412826485641283,0.6402222900500766,0.04172676458705108,0.49110932709290317,0.47509511915934016,k20,seed_42,linear_survival,240.0,180.0,300.0,0.5
23353,0.5020339999143579,0.5042510740797715,0.22449860686565654,0.22537138412226282,0.6412898190043501,0.6402344971640935,0.041811475037355404,0.4909779061392071,0.47499102706825674,k20,seed_42,right_step,240.0,180.0,300.0,0.5
23353,0.5020339999143579,0.5042510740797715,0.22449279720049353,0.22536195679798768,0.6412791086734837,0.6402162166114833,0.04169238743779288,0.49117506460156257,0.47514718326191335,k20,seed_42,log_survival,270.0,180.0,300.0,0.75
23353,0.5020339999143579,0.5042510740797715,0.22449279773522232,0.22536195728121558,0.641279109398341,0.6402162172613722,0.04169239865941239,0.49117503756975117,0.47514716520488187,k20,seed_42,linear_survival,270.0,180.0,300.0,0.75
23353,0.5020339999143579,0.5042510740797715,0.22449860686565654,0.22537138412226282,0.6412898190043501,0.6402344971640935,0.041811475037355404,0.4909779061392071,0.47499102706825674,k20,seed_42,right_step,270.0,180.0,300.0,0.75
23353,0.5020339999143579,0.5042510740797715,0.22448886251466,0.22535588969012166,0.6412718639297615,0.6402044619687846,0.04161244316153113,0.4913015116550104,0.4752453233663138,k20,seed_42,log_survival,337.5,300.0,450.0,0.25
23353,0.5020339999143579,0.5042510740797715,0.22448886304638288,0.2253558900912504,0.6412718646740625,0.6402044625090039,0.04161245220279319,0.49130148857775113,0.47524530911202206,k20,seed_42,linear_survival,337.5,300.0,450.0,0.25
23353,0.5020339999143579,0.5042510740797715,0.22449089002887757,0.2253588340399143,0.6412756009481451,0.6402101649930138,0.04165004602199501,0.49124074804659923,0.4751992112504235,k20,seed_42,right_step,337.5,300.0,450.0,0.25
23353,0.5020339999143579,0.5042510740797715,0.22448684778617817,0.22535295321390367,0.6412681540161905,0.6401987756892618,0.04166543652262182,0.4913622598747352,0.4752914259772699,k20,seed_42,log_survival,375.0,300.0,450.0,0.5
23353,0.5020339999143579,0.5042510740797715,0.22448684848668155,0.22535295374428582,0.6412681549895186,0.6401987763992651,0.04166544857846318,0.4913622291089032,0.4752914069736207,k20,seed_42,linear_survival,375.0,300.0,450.0,0.5
23353,0.5020339999143579,0.5042510740797715,0.22449089002887757,0.2253588340399143,0.6412756009481451,0.6402101649930138,0.04165004602199501,0.49124074804659923,0.4751992112504235,k20,seed_42,right_step,375.0,300.0,450.0,0.5
23353,0.5020339999143579,0.5042510740797715,0.22448484583073794,0.22535002460457448,0.641264471186029,0.6401931061433187,0.0416278288349398,0.49142299271154477,0.4753375190864018,k20,seed_42,log_survival,412.5,300.0,450.0,0.75
23353,0.5020339999143579,0.5042510740797715,0.22448484634977353,0.2253500249990206,0.6412644719017218,0.6401931066681049,0.04162783787623251,0.4914229696400552,0.47533750483521936,k20,seed_42,linear_survival,412.5,300.0,450.0,0.75
23353,0.5020339999143579,0.5042510740797715,0.22449089002887757,0.2253588340399143,0.6412756009481451,0.6402101649930138,0.04165004602199501,0.49124074804659923,0.4751992112504235,k20,seed_42,right_step,412.5,300.0,450.0,0.75
23353,0.5020339999143579,0.5042510740797715,0.2244801268692159,0.22534393690447782,0.6412555969413445,0.6401813073328997,0.04167334258628558,0.491547563835847,0.4754303877476774,k20,seed_42,log_survival,487.5,450.0,600.0,0.25
23353,0.5020339999143579,0.5042510740797715,0.2244801276723411,0.22534393726538468,0.64125559812134,0.6401813076454587,0.041673350801595545,0.4915475371987047,0.4754303723148692,k20,seed_42,linear_survival,487.5,450.0,600.0,0.25
23353,0.5020339999143579,0.5042510740797715,0.2244828566356588,0.2253471038554547,0.641260815417903,0.6401874533198416,0.04167920845489826,0.4914837101712071,0.47538360269681795,k20,seed_42,right_step,487.5,450.0,600.0,0.25
23353,0.5020339999143579,0.5042510740797715,0.2244774113639597,0.22534077810338526,0.6412504090796605,0.6401751790054616,0.04140907689008084,0.49161139973737894,0.47547716250751376,k20,seed_42,log_survival,525.0,450.0,600.0,0.5
23353,0.5020339999143579,0.5042510740797715,0.22447741242433025,0.2253407785795767,0.6412504106287351,0.6401751794099811,0.04140908783629868,0.4916113642262022,0.47547714193292034,k20,seed_42,linear_survival,525.0,450.0,600.0,0.5
23353,0.5020339999143579,0.5042510740797715,0.2244828566356588,0.2253471038554547,0.641260815417903,0.6401874533198416,0.04167920845489826,0.4914837101712071,0.47538360269681795,k20,seed_42,right_step,525.0,450.0,600.0,0.5
23353,0.5020339999143579,0.5042510740797715,0.22447471010419098,0.22533762744464858,0.6412452518069118,0.6401690683251906,0.041372438920493075,0.4916752178833236,0.475523926980054,k20,seed_42,log_survival,562.5,450.0,600.0,0.75
23353,0.5020339999143579,0.5042510740797715,0.2244747108916263,0.22533762779803088,0.6412452529505291,0.6401690686194106,0.041372447129806075,0.4916751912536998,0.4755239115509716,k20,seed_42,linear_survival,562.5,450.0,600.0,0.75
23353,0.5020339999143579,0.5042510740797715,0.2244828566356588,0.2253471038554547,0.641260815417903,0.6401874533198416,0.04167920845489826,0.4914837101712071,0.47538360269681795,k20,seed_42,right_step,562.5,450.0,600.0,0.75
23353,0.5020339999143579,0.5042510740797715,0.22447055393268775,0.22533259830619018,0.6412373852875825,0.6401593486207556,0.04131144003160343,0.4917772980736378,0.47560103687271316,k20,seed_42,log_survival,750.0,600.0,1200.0,0.25
23353,0.5020339999143579,0.5042510740797715,0.22447055417539205,0.22533259841786757,0.6412373855946312,0.6401593486729967,0.04131144375835146,0.49177728831144485,0.47560103040023544,k20,seed_42,linear_survival,750.0,600.0,1200.0,0.25
23353,0.5020339999143579,0.5042510740797715,0.2244720230742292,0.22533448492074723,0.6412401250971955,0.6401629752797646,0.04133580642331352,0.4917390182811973,0.4755706811690228,k20,seed_42,right_step,750.0,600.0,1200.0,0.25
23353,0.5020339999143579,0.5042510740797715,0.22446909006812446,0.22533071515434203,0.6412346567663807,0.6401557294152836,0.04129555690773677,0.4918155713568053,0.4756313882607444,k20,seed_42,log_survival,900.0,600.0,1200.0,0.5
23353,0.5020339999143579,0.5042510740797715,0.22446909038930019,0.22533071530185037,0.6412346571701696,0.6401557294815925,0.041295561876170034,0.4918155583416924,0.4756313796314481,k20,seed_42,linear_survival,900.0,600.0,1200.0,0.5
23353,0.5020339999143579,0.5042510740797715,0.2244720230742292,0.22533448492074723,0.6412401250971955,0.6401629752797646,0.04133580642331352,0.4917390182811973,0.4755706811690228,k20,seed_42,right_step,900.0,600.0,1200.0,0.5
23353,0.5020339999143579,0.5042510740797715,0.22446763147689364,0.22532883546311017,0.6412319395275291,0.6401521176599049,0.04127119608419654,0.4918538381324165,0.47566173533412753,k20,seed_42,log_survival,1050.0,600.0,1200.0,0.75
23353,0.5020339999143579,0.5042510740797715,0.22446763171595363,0.22532883557269565,0.6412319398261637,0.6401521177071269,0.041271199810384705,0.4918538283719398,0.4756617288626608,k20,seed_42,linear_survival,1050.0,600.0,1200.0,0.75
23353,0.5020339999143579,0.5042510740797715,0.2244720230742292,0.22533448492074723,0.6412401250971955,0.6401629752797646,0.04133580642331352,0.4917390182811973,0.4755706811690228,k20,seed_42,right_step,1050.0,600.0,1200.0,0.75
23353,0.5020339999143579,0.5042510740797715,0.22446450090396577,0.22532522158236767,0.6412260590848275,0.6401451888579108,0.04126101314893869,0.4919375617421907,0.47572307258814134,k20,seed_42,log_survival,1500.0,1200.0,2400.0,0.25
23353,0.5020339999143579,0.5042510740797715,0.22446450124156686,0.2253252216324556,0.6412260595619081,0.6401451887625372,0.04126101689855153,0.49193754761521385,0.47572306533616604,k20,seed_42,linear_survival,1500.0,1200.0,2400.0,0.25
23353,0.5020339999143579,0.5042510740797715,0.22446617815535233,0.2253269592304034,0.6412292335649715,0.6401485133511777,0.04124683774459934,0.49189209840218734,0.47569207809387337,k20,seed_42,right_step,1500.0,1200.0,2400.0,0.25
23353,0.5020339999143579,0.5042510740797715,0.22446283112000986,0.2253234876606876,0.6412229006471911,0.6401418724894358,0.04123671884987795,0.49198301566217173,0.47575406224689143,k20,seed_42,log_survival,1800.0,1200.0,2400.0,0.5
23353,0.5020339999143579,0.5042510740797715,0.22446283156592473,0.2253234877257423,0.6412229012735609,0.6401418723580518,0.04123672384922319,0.4919829968282404,0.4757540525784587,k20,seed_42,linear_survival,1800.0,1200.0,2400.0,0.5
23353,0.5020339999143579,0.5042510740797715,0.22446617815535233,0.2253269592304034,0.6412292335649715,0.6401485133511777,0.04124683774459934,0.49189209840218734,0.47569207809387337,k20,seed_42,right_step,1800.0,1200.0,2400.0,0.5
23353,0.5020339999143579,0.5042510740797715,0.2244611687971531,0.22532175746276883,0.6412197582417289,0.6401385642415712,0.041212427050489886,0.49202846016518753,0.4757850470714254,k20,seed_42,log_survival,2100.0,1200.0,2400.0,0.75
23353,0.5020339999143579,0.5042510740797715,0.22446116912842576,0.22532175751026345,0.6412197587042034,0.6401385641398686,0.0412124307998949,0.4920284460412669,0.4757850398207515,k20,seed_42,linear_survival,2100.0,1200.0,2400.0,0.75
23353,0.5020339999143579,0.5042510740797715,0.22446617815535233,0.2253269592304034,0.6412292335649715,0.6401485133511777,0.04124683774459934,0.49189209840218734,0.47569207809387337,k20,seed_42,right_step,2100.0,1200.0,2400.0,0.75
23177,0.5119730767571299,0.5103324966221111,0.22584752218042495,0.2262306546821608,0.643803998153004,0.6420955345305577,0.044207026563982635,0.4971112232078649,0.47827221187512686,k20,seed_42,log_survival,3600.0,2400.0,7200.0,0.25
23177,0.5119730767571299,0.5103324966221111,0.2258811670202429,0.22625307803334535,0.6439656751515892,0.6421618074392842,0.04421108014088972,0.49622753428117516,0.4781077397934696,k20,seed_42,linear_survival,3600.0,2400.0,7200.0,0.25
23177,0.5119730767571299,0.5103324966221111,0.22704296520998288,0.22654967350887034,0.6475897952820117,0.6430295317540803,0.04458449534073678,0.49290051704514626,0.4769617306000476,k20,seed_42,right_step,3600.0,2400.0,7200.0,0.25
22998,0.5159579093834247,0.5151976659155013,0.22582442693957283,0.22675831443884073,0.6434844452423274,0.6431025352917312,0.04507241585010146,0.5014003610545125,0.48037496592182555,k20,seed_42,log_survival,4800.0,2400.0,7200.0,0.5
22998,0.5159579093834247,0.5151976659155013,0.22562913154211797,0.22674749019412427,0.6430257411767929,0.6430789610461837,0.04405140261958088,0.5003471633429538,0.48017463763728363,k20,seed_42,linear_survival,4800.0,2400.0,7200.0,0.5
22998,0.5159579093834247,0.5151976659155013,0.22752906923752442,0.22726214849254042,0.6486282739148804,0.6445001592441748,0.04745488081761964,0.49365749277230037,0.47787091807012744,k20,seed_42,right_step,4800.0,2400.0,7200.0,0.5
22998,0.5159579093834247,0.5151976659155013,0.2256167917723552,0.2266570545813082,0.6432501330722367,0.642909163945404,0.04534378940717991,0.5044016015702735,0.4814638857719814,k20,seed_42,log_survival,6000.0,2400.0,7200.0,0.75
22998,0.5159579093834247,0.5151976659155013,0.2253619794390677,0.2266290138141521,0.6423385391339171,0.6428011870208524,0.045315965255950025,0.5036919986282805,0.48132649742086175,k20,seed_42,linear_survival,6000.0,2400.0,7200.0,0.75
22998,0.5159579093834247,0.5151976659155013,0.22752906923752442,0.22726214849254042,0.6486282739148804,0.6445001592441748,0.04745488081761964,0.49365749277230037,0.47787091807012744,k20,seed_42,right_step,6000.0,2400.0,7200.0,0.75
23786,0.0,0.0,8.397713302884585e-09,5.003547796515729e-09,6.124092488295384e-05,4.572749434186985e-05,4.5724992245710426e-05,6.123672536617126e-05,4.5724992245710426e-05,k20,seed_43,log_survival,0.25,0.0,1.0,0.25
23786,0.0,0.0,8.391776492566507e-09,5.000649339622515e-09,6.122832732329312e-05,4.5719988536988026e-05,4.571748789049392e-05,6.122413077592389e-05,4.571748789049392e-05,k20,seed_43,linear_survival,0.25,0.0,1.0,0.25
23786,0.0,0.0,1.0000000000000003e-18,1.0000000000000003e-18,9.999999722180688e-10,9.999999722180686e-10,1e-09,1.0000000000000003e-09,1.0000000000000003e-09,k20,seed_43,right_step,0.25,0.0,1.0,0.25
23786,0.0,0.0,3.3582934327621534e-08,2.0010325217618116e-08,0.00012248184779204115,9.145498800612857e-05,9.144498026601318e-05,0.00012246505104517304,9.144498026601318e-05,k20,seed_43,log_survival,0.5,0.0,1.0,0.5
23786,0.0,0.0,3.356710597026007e-08,2.000259735848802e-08,0.00012246504840532132,9.14449789772606e-05,9.143497510340493e-05,0.00012244825957800928,9.143497510340493e-05,k20,seed_43,linear_survival,0.5,0.0,1.0,0.5
23786,0.0,0.0,1.0000000000000003e-18,1.0000000000000003e-18,9.999999722180688e-10,9.999999722180686e-10,1e-09,1.0000000000000003e-09,1.0000000000000003e-09,k20,seed_43,right_step,0.5,0.0,1.0,0.5
23786,0.0,0.0,7.554379180746273e-08,4.501453636948831e-08,0.00018372277074158081,0.0001371824816763988,0.00013715996571109587,0.0001836849810312134,0.0001371599657110959,k20,seed_43,log_survival,0.75,0.0,1.0,0.75
23786,0.0,0.0,7.55259884330828e-08,4.5005844056597216e-08,0.00018371016922012548,0.00013717497393751326,0.00013715246232229918,0.00018367238842052023,0.00013715246232229915,k20,seed_43,linear_survival,0.75,0.0,1.0,0.75
23786,0.0,0.0,1.0000000000000003e-18,1.0000000000000003e-18,9.999999722180688e-10,9.999999722180686e-10,1e-09,1.0000000000000003e-09,1.0000000000000003e-09,k20,seed_43,right_step,0.75,0.0,1.0,0.75
23786,4.204153703859413e-05,7.938932766862414e-06,0.00012434416749927235,2.8998194726188068e-05,0.0041451204558726725,0.0026115955312288977,0.002550140105122651,0.0038759898478689984,0.0025580790378895136,k20,seed_43,log_survival,1.25,1.0,2.0,0.25
23786,4.204153703859413e-05,7.938932766862414e-06,0.00010839650015516367,2.6399277912983363e-05,0.004022159683721195,0.002581616466455863,0.0025215130836238535,0.003761470864927302,0.002529452016390716,k20,seed_43,linear_survival,1.25,1.0,2.0,0.25
23786,4.204153703859413e-05,7.938932766862414e-06,4.217478839411963e-05,8.01875109773089e-06,0.0007209842159639519,0.00027279952715947265,0.00018917260883311973,0.00024489651727741777,0.00018286994954274015,k20,seed_43,right_step,1.25,1.0,2.0,0.25
23786,4.204153703859413e-05,7.938932766862414e-06,0.0003434190649888373,8.560545690821541e-05,0.007790492755048919,0.00499216874738019,0.00490563341589853,0.007426803871929677,0.004913572348665392,k20,seed_43,log_survival,1.5,1.0,2.0,0.5
23786,4.204153703859413e-05,7.938932766862414e-06,0.00030333107376273057,7.903000245198703e-05,0.00761779566160835,0.0049508002281778,0.004868095150921645,0.007278045213828272,0.004876034083688509,k20,seed_43,linear_survival,1.5,1.0,2.0,0.5
23786,4.204153703859413e-05,7.938932766862414e-06,4.217478839411963e-05,8.01875109773089e-06,0.0007209842159639519,0.00027279952715947265,0.00018917260883311973,0.00024489651727741777,0.00018286994954274015,k20,seed_43,right_step,1.5,1.0,2.0,0.5
23786,0.00193391070377533,0.0029382471317598207,0.002528893586258399,0.003058058331667176,0.02065933598116692,0.021785117691844137,0.006030239543389437,0.010903379935478172,0.007250316380609264,k20,seed_43,log_survival,1.75,1.0,2.0,0.75
23786,0.00193391070377533,0.0029382471317598207,0.00248632042878306,0.003051079648814258,0.02052489610047298,0.021756471851616974,0.0060047392286898095,0.010794619562729244,0.007222616150986303,k20,seed_43,linear_survival,1.75,1.0,2.0,0.75
23786,0.00193391070377533,0.0029382471317598207,0.0019329416581022408,0.0029367470445294014,0.019065896123662388,0.025862737290505484,0.0028004287991125593,0.00024489651727741777,0.00018286994954274015,k20,seed_43,right_step,1.75,1.0,2.0,0.75
23666,0.025859883376996535,0.021092492416115334,0.0260845127493941,0.020780197512103346,0.11762761955443174,0.09887808934742502,0.010002409094304702,0.03368017105484378,0.023830545193389136,k20,seed_43,log_survival,2.25,2.0,3.0,0.25
23666,0.025859883376996535,0.021092492416115334,0.025978318349309058,0.020742296470642508,0.11724279808956488,0.09872053556445741,0.009469438546804806,0.0324739502453054,0.023179305058960303,k20,seed_43,linear_survival,2.25,2.0,3.0,0.25
23666,0.025859883376996535,0.021092492416115334,0.02612132308779607,0.020938661343530805,0.1321848092307731,0.11048333896200259,0.016351758515608304,0.014316821804405556,0.009567005172230896,k20,seed_43,right_step,2.25,2.0,3.0,0.25
23666,0.04876193695597059,0.03617705307735013,0.04821673901325452,0.03518034886180301,0.19656973573237496,0.15215935821843604,0.013971190200495377,0.052202299721035086,0.03764411891225075,k20,seed_43,log_survival,2.5,2.0,3.0,0.5
23666,0.04876193695597059,0.03617705307735013,0.047956410527596145,0.03508217397068171,0.19586387572741637,0.15184505249687702,0.013666515068188695,0.05063107868620524,0.03679160494568971,k20,seed_43,linear_survival,2.5,2.0,3.0,0.5
23666,0.04876193695597059,0.03617705307735013,0.04859606376133588,0.035710111260873714,0.2416755071010607,0.1808103031700195,0.027956320110107836,0.014316821804405556,0.009567005172230896,k20,seed_43,right_step,2.5,2.0,3.0,0.5
23666,0.07301614129975492,0.06357033795642643,0.06878424181209213,0.058497778948477235,0.2544722772075334,0.22341219727366488,0.023711437261533182,0.06994000447490822,0.051031867249574335,k20,seed_43,log_survival,2.75,2.0,3.0,0.75
23666,0.07301614129975492,0.06357033795642643,0.0685916545636864,0.058461202821888096,0.2541031663932181,0.22341442281401883,0.023881020678369006,0.06878820712710508,0.05040390483241911,k20,seed_43,linear_survival,2.75,2.0,3.0,0.75
23666,0.07301614129975492,0.06357033795642643,0.07220727586677864,0.06252490812471954,0.3520237743814969,0.3124061235236584,0.054003332784195536,0.014316821804405556,0.009567005172230896,k20,seed_43,right_step,2.75,2.0,3.0,0.75
23666,0.12667962477816277,0.11459295320375726,0.10573035056119055,0.09519580713427836,0.3503098665556464,0.32237132933964124,0.032965197518711534,0.12111660683450955,0.09397917372341556,k20,seed_43,log_survival,3.5,3.0,5.0,0.25
23666,0.12667962477816277,0.11459295320375726,0.10559509254243878,0.09526721034782917,0.350493839338255,0.3228159422220138,0.03285893004332292,0.11810303835607952,0.09178567540709404,k20,seed_43,linear_survival,3.5,3.0,5.0,0.25
23666,0.12667962477816277,0.11459295320375726,0.10764227399817317,0.09794794755407035,0.3652441177527782,0.3387573117248832,0.053438043935950454,0.08694533556800493,0.06401620471914851,k20,seed_43,right_step,3.5,3.0,5.0,0.25
23666,0.1607369221668216,0.15299019236661282,0.12773686667780682,0.12087637244622398,0.4053338593735605,0.3894893717622349,0.04114090233564019,0.15315407669756811,0.12240266919742429,k20,seed_43,log_survival,4.0,3.0,5.0,0.5
23666,0.1607369221668216,0.15299019236661282,0.127530830484774,0.1210424773227956,0.40526888466422195,0.3901804215685034,0.04295096014693078,0.1492607411441541,0.11955514609503953,k20,seed_43,linear_survival,4.0,3.0,5.0,0.5
23666,0.1607369221668216,0.15299019236661282,0.13438757291862463,0.1299010571533096,0.44369052623045935,0.43731664803692555,0.09066310564359936,0.08694533556800493,0.06401620471914851,k20,seed_43,right_step,4.0,3.0,5.0,0.5
23666,0.20485084086875688,0.18291318992699254,0.1434931777966307,0.136025244193236,0.4423527592251406,0.42631219389110936,0.04068437225344517,0.18325047169473957,0.14940552173006239,k20,seed_43,log_survival,4.5,3.0,5.0,0.75
23666,0.20485084086875688,0.18291318992699254,0.14355295981335653,0.13617303710980344,0.4425971873392465,0.42678620889475305,0.042748576675809564,0.1804184439322287,0.14732461678298503,k20,seed_43,linear_survival,4.5,3.0,5.0,0.75
23666,0.20485084086875688,0.18291318992699254,0.16152053376390688,0.15315527513749191,0.5169847918060926,0.5080753859390356,0.12030761380487251,0.08694533556800493,0.06401620471914851,k20,seed_43,right_step,4.5,3.0,5.0,0.75
23655,0.2609596279856267,0.2414716418090768,0.16694008062051005,0.1651888577268997,0.5003187629533031,0.49636633900891314,0.056999857622598016,0.23824008182626102,0.20328061892274768,k20,seed_43,log_survival,5.75,5.0,8.0,0.25
23655,0.2609596279856267,0.2414716418090768,0.16705201322152777,0.16538950457583676,0.5005565901189061,0.496918155989329,0.058276250048832995,0.23660463397598522,0.20154875334986294,k20,seed_43,linear_survival,5.75,5.0,8.0,0.25
23655,0.2609596279856267,0.2414716418090768,0.1694052829152516,0.16903409222049803,0.5056472832910223,0.5075062681987008,0.072941500281808,0.21156804913307553,0.1750684161188687,k20,seed_43,right_step,5.75,5.0,8.0,0.25
23655,0.29494821390826464,0.27305050651492363,0.17734348055106067,0.17913907621842315,0.5262879587482746,0.529910304773255,0.060076140058914984,0.2637857750415127,0.23030027290866112,k20,seed_43,log_survival,6.5,5.0,8.0,0.5
23655,0.29494821390826464,0.27305050651492363,0.17755053027841752,0.17941851830647304,0.5267328974277614,0.5306299435473362,0.06177607704701073,0.2616412188188949,0.2280290905808572,k20,seed_43,linear_survival,6.5,5.0,8.0,0.5
23655,0.29494821390826464,0.27305050651492363,0.18470778308978336,0.18882204083200874,0.5439672286945629,0.5583890789717381,0.1030127636012712,0.21156804913307553,0.1750684161188687,k20,seed_43,right_step,6.5,5.0,8.0,0.5
23583,0.31887376500021203,0.3015752748780457,0.184391562877607,0.18901030562521062,0.543833279752699,0.553319612882888,0.06012676515811568,0.2879721137043884,0.2559008812110481,k20,seed_43,log_survival,7.25,5.0,8.0,0.75
23583,0.31887376500021203,0.3015752748780457,0.18454372815674572,0.18922326407833268,0.5441467784150613,0.553834778906409,0.06166600579722516,0.28639095248581437,0.2542260478654576,k20,seed_43,linear_survival,7.25,5.0,8.0,0.75
23583,0.31887376500021203,0.3015752748780457,0.19729280961611986,0.20601404084396352,0.5754661192531723,0.6029517687010073,0.1276987285022624,0.2112996391638848,0.1748042930734578,k20,seed_43,right_step,7.25,5.0,8.0,0.75
23583,0.3690794216172667,0.35323047958503123,0.19833480446952145,0.2045424529797372,0.5770934930955768,0.5890090477378309,0.06632976780943105,0.3316272860401973,0.3044155369166341,k20,seed_43,log_survival,9.0,8.0,12.0,0.25
23583,0.3690794216172667,0.35323047958503123,0.19845690385480158,0.20472649456536854,0.5773370253108184,0.5894177246180051,0.06645645811223348,0.33059768188331917,0.3030700005685416,k20,seed_43,linear_survival,9.0,8.0,12.0,0.25
23583,0.3690794216172667,0.35323047958503123,0.20072645284560836,0.208031529900059,0.58172868632363,0.5968289469415592,0.08274091342435236,0.3114213902597909,0.2806999661294576,k20,seed_43,right_step,9.0,8.0,12.0,0.25
23583,0.3803163295594284,0.3636552192451886,0.2018488195965299,0.20682142687701807,0.5862632209697318,0.5950239791767074,0.05919988016762409,0.3511287416379879,0.32720773243634566,k20,seed_43,log_survival,10.0,8.0,12.0,0.5
23583,0.3803163295594284,0.3636552192451886,0.20197897034018564,0.20700686470498547,0.5865180357014967,0.5954178302762884,0.06051241335642418,0.34977397350684747,0.3254400350076256,k20,seed_43,linear_survival,10.0,8.0,12.0,0.5
23583,0.3803163295594284,0.3636552192451886,0.20667150761067332,0.2135306568650536,0.5960666519849657,0.6101191023069066,0.08692536162863815,0.3114213902597909,0.2806999661294576,k20,seed_43,right_step,10.0,8.0,12.0,0.5
23583,0.3887546113725989,0.3787178879867799,0.20437988706023946,0.21130912202819382,0.5928383686972096,0.6057899428427449,0.0506787776374235,0.36995310047612484,0.34911654616217663,k20,seed_43,log_survival,11.0,8.0,12.0,0.75
23583,0.3887546113725989,0.3787178879867799,0.2044457434776144,0.21141971014333655,0.592961444405687,0.6060192698242579,0.05164614355695181,0.3689502651303758,0.34781006944670956,k20,seed_43,linear_survival,11.0,8.0,12.0,0.75
23583,0.3887546113725989,0.3787178879867799,0.21125932084961827,0.22177683035984952,0.6071335066365343,0.6298841514176752,0.0980988187466938,0.3114213902597909,0.2806999661294576,k20,seed_43,right_step,11.0,8.0,12.0,0.75
23576,0.43107397353240584,0.41684057044642875,0.2168652747099634,0.2199404848516517,0.6266068379826929,0.6270373401942977,0.0492784833690888,0.406172737131208,0.38923812190023777,k20,seed_43,log_survival,14.0,12.0,20.0,0.25
23576,0.43107397353240584,0.41684057044642875,0.21687458441278243,0.2199647753878541,0.6266326245108583,0.627064741718348,0.04982227499695435,0.40523029843262304,0.3881899077214352,k20,seed_43,linear_survival,14.0,12.0,20.0,0.25
23576,0.43107397353240584,0.41684057044642875,0.21782363640543448,0.22109952509189204,0.6309982264567096,0.6296003197126009,0.06308801863579756,0.38812645291169834,0.3701825253682867,k20,seed_43,right_step,14.0,12.0,20.0,0.25
23576,0.4460044112656939,0.43064415770595416,0.21739548067361145,0.22059418620865034,0.6269593160905275,0.6288266017085604,0.0508909917388984,0.4235739357329845,0.4075748706919972,k20,seed_43,log_survival,16.0,12.0,20.0,0.5
23576,0.4460044112656939,0.43064415770595416,0.2173835939519959,0.22059216670139414,0.6269225905876972,0.6287884708144041,0.051589130928987384,0.42233414395354785,0.40619729007458366,k20,seed_43,linear_survival,16.0,12.0,20.0,0.5
23576,0.4460044112656939,0.43064415770595416,0.2195759072596577,0.22305166306589824,0.6348184030383324,0.6339202013166965,0.0737528508055154,0.38812645291169834,0.3701825253682867,k20,seed_43,right_step,16.0,12.0,20.0,0.5
23555,0.45892591806410526,0.44777370353513546,0.21914371317010825,0.22170000236764542,0.6301946412491096,0.6314865086305258,0.050596802454370475,0.440264559025332,0.42504512625330143,k20,seed_43,log_survival,18.0,12.0,20.0,0.75
23555,0.45892591806410526,0.44777370353513546,0.21911998438603308,0.22169283653185687,0.630134478973108,0.6314469732955494,0.051618370990088085,0.4393472690020028,0.42402686913841714,k20,seed_43,linear_survival,18.0,12.0,20.0,0.75
23555,0.45892591806410526,0.44777370353513546,0.2228411184979953,0.22632841277700874,0.6417766055041599,0.6407639959025279,0.08683565484924731,0.3880418747947826,0.3700117310606254,k20,seed_43,right_step,18.0,12.0,20.0,0.75
23550,0.47617834394904457,0.4750017232645085,0.22116298621103275,0.22440417629167134,0.634152326054155,0.6376109064918293,0.04631663253004455,0.46207072487273165,0.4483971110477033,k20,seed_43,log_survival,22.5,20.0,30.0,0.25
23550,0.47617834394904457,0.4750017232645085,0.22115753843917252,0.22441392191347453,0.6341393569057562,0.6376288681793466,0.04622750994619752,0.4619184845266623,0.44820524376071025,k20,seed_43,linear_survival,22.5,20.0,30.0,0.25
23550,0.47617834394904457,0.4750017232645085,0.2210361663658311,0.22463481219554493,0.6338146334172123,0.6379656662808053,0.05360698443032758,0.4564913585757999,0.4422990428210087,k20,seed_43,right_step,22.5,20.0,30.0,0.25
23533,0.4788169804104874,0.4828816255291004,0.22166773935080558,0.2258535650121327,0.635280169234417,0.6407929981463313,0.04796861520694143,0.4675860392083973,0.4543932877173932,k20,seed_43,log_survival,25.0,20.0,30.0,0.5
23533,0.4788169804104874,0.4828816255291004,0.2216566206126823,0.2258634043366644,0.6352553252633368,0.6408109142757479,0.0446831328181234,0.46738486884847436,0.4541408040815923,k20,seed_43,linear_survival,25.0,20.0,30.0,0.5
23533,0.4788169804104874,0.4828816255291004,0.2213541507800644,0.226381443085083,0.6344965530189607,0.6416729525650271,0.0537594877403442,0.45654215161710343,0.4423674734013703,k20,seed_43,right_step,25.0,20.0,30.0,0.5
23472,0.4897324471710975,0.4900106591547563,0.2222969265837513,0.2253016956442541,0.6366786811833807,0.6397632260270047,0.046053126723663934,0.4731862317024937,0.46020607081797943,k20,seed_43,log_survival,27.5,20.0,30.0,0.75
23472,0.4897324471710975,0.4900106591547563,0.22229082303234746,0.22530886417818435,0.6366649697419698,0.6397765424792624,0.046135936835222435,0.4730362038433996,0.4600180812580895,k20,seed_43,linear_survival,27.5,20.0,30.0,0.75
23472,0.4897324471710975,0.4900106591547563,0.22225043892941976,0.2262989007367998,0.6364019702270163,0.6415194901502013,0.060606162712992934,0.45675781324857584,0.4423483162641974,k20,seed_43,right_step,27.5,20.0,30.0,0.75
23361,0.4969393433500278,0.498461719291995,0.22291078029717304,0.2247762382090446,0.6383115588721986,0.6388196818133604,0.04717222825732779,0.48113756225692467,0.4672494675685535,k20,seed_43,log_survival,33.75,30.0,45.0,0.25
23361,0.4969393433500278,0.498461719291995,0.22291100497428293,0.22477648885014184,0.6383120260160616,0.6388201843325276,0.04716916160391025,0.4811310511610055,0.4672436638349156,k20,seed_43,linear_survival,33.75,30.0,45.0,0.25
23361,0.4969393433500278,0.498461719291995,0.22294020371234471,0.22483422964532992,0.6383662911633554,0.6389305112855945,0.0479277394472774,0.47993143314084846,0.4661459546399443,k20,seed_43,right_step,33.75,30.0,45.0,0.25
23353,0.5007065473386717,0.5026516019544864,0.22291731022342348,0.22491612097630975,0.6383658269553771,0.6392334314140758,0.0484244704961039,0.48241606129335385,0.46852617496416715,k20,seed_43,log_survival,37.5,30.0,45.0,0.5
23353,0.5007065473386717,0.5026516019544864,0.2229177078176702,0.2249165560062766,0.6383666483269231,0.6392343090347616,0.04846612720263681,0.4824073898792395,0.4685184419821465,k20,seed_43,linear_survival,37.5,30.0,45.0,0.5
23353,0.5007065473386717,0.5026516019544864,0.22300094304066617,0.22505526850725413,0.6385256430749746,0.6395036137849345,0.04823903655140137,0.48000755231408393,0.4663217168944079,k20,seed_43,right_step,37.5,30.0,45.0,0.5
23353,0.5007065473386717,0.5026516019544864,0.22288175391120044,0.22485202471476226,0.6382984358463206,0.6391094842100052,0.04666763824266904,0.4836138025543939,0.4696225956462057,k20,seed_43,log_survival,41.25,30.0,45.0,0.75
23353,0.5007065473386717,0.5026516019544864,0.22288202655135175,0.2248523289683294,0.6382990007664168,0.6391100974146003,0.04666946971030922,0.48360730866181734,0.4696168045260158,k20,seed_43,linear_survival,41.25,30.0,45.0,0.75
23353,0.5007065473386717,0.5026516019544864,0.22300094304066617,0.22505526850725413,0.6385256430749746,0.6395036137849345,0.04823903655140137,0.48000755231408393,0.4663217168944079,k20,seed_43,right_step,41.25,30.0,45.0,0.75
23353,0.5020339999143579,0.5042510740797715,0.22287031301258534,0.2243787215043902,0.6382920315636975,0.6381340643133625,0.04660248405288244,0.4848738869438041,0.47076712715957375,k20,seed_43,log_survival,48.75,45.0,60.0,0.25
23353,0.5020339999143579,0.5042510740797715,0.22287031595938178,0.22437872252013394,0.6382920379705428,0.6381340663569833,0.046602491789008715,0.48487385796663435,0.47076710819130135,k20,seed_43,linear_survival,48.75,45.0,60.0,0.25
23353,0.5020339999143579,0.5042510740797715,0.2228747619484951,0.2243822243342072,0.6383012216164323,0.6381410962913994,0.04655429010327887,0.4848072274443951,0.4707151670698851,k20,seed_43,right_step,48.75,45.0,60.0,0.25
23353,0.5020339999143579,0.5042510740797715,0.22286588155608,0.22437522933488915,0.6382828769626404,0.6381270545847756,0.04661546538470637,0.48494052711906416,0.4708190746004369,k20,seed_43,log_survival,52.5,45.0,60.0,0.5
23353,0.5020339999143579,0.5042510740797715,0.22286588547105382,0.224375230681883,0.6382828854772998,0.6381270572939678,0.04661547570566839,0.48494048848887367,0.47081904931271756,k20,seed_43,linear_survival,52.5,45.0,60.0,0.5
23353,0.5020339999143579,0.5042510740797715,0.2228747619484951,0.2243822243342072,0.6383012216164323,0.6381410962913994,0.04655429010327887,0.4848072274443951,0.4707151670698851,k20,seed_43,right_step,52.5,45.0,60.0,0.5
23353,0.5020339999143579,0.5042510740797715,0.22286146755783964,0.22437174781470412,0.6382737577780042,0.6381200670877021,0.04656221616485714,0.4850071479792304,0.47087100939744114,k20,seed_43,log_survival,56.25,45.0,60.0,0.75
23353,0.5020339999143579,0.5042510740797715,0.22286147048351132,0.22437174881945457,0.638273764143156,0.6381200691078714,0.04656222389218631,0.48500711901111293,0.4708709904341337,k20,seed_43,linear_survival,56.25,45.0,60.0,0.75
23353,0.5020339999143579,0.5042510740797715,0.2228747619484951,0.2243822243342072,0.6383012216164323,0.6381410962913994,0.04655429010327887,0.4848072274443951,0.4707151670698851,k20,seed_43,right_step,56.25,45.0,60.0,0.75
23353,0.5020339999143579,0.5042510740797715,0.22285325812321363,0.2243664569757839,0.6382567747453817,0.6381094652700401,0.046573318312676096,0.48513236269928084,0.47096103551525753,k20,seed_43,log_survival,67.5,60.0,90.0,0.25
23353,0.5020339999143579,0.5042510740797715,0.22285326044393888,0.22436645728555923,0.6382567799265633,0.6381094659578144,0.04657332348562983,0.4851323395789883,0.4709610243775846,k20,seed_43,linear_survival,67.5,60.0,90.0,0.25
23353,0.5020339999143579,0.5042510740797715,0.22285707099675414,0.22436827693284855,0.6382646739745942,0.6381131018042316,0.04662308645937332,0.48507374953335225,0.47092293155555,k20,seed_43,right_step,67.5,60.0,90.0,0.25
23353,0.5020339999143579,0.5042510740797715,0.22284945954425378,0.22436464325336536,0.6382489043526308,0.6381058417103976,0.04675271823761832,0.4851909604469324,0.47099913204796917,k20,seed_43,log_survival,75.0,60.0,90.0,0.5
23353,0.5020339999143579,0.5042510740797715,0.22284946262716596,0.22436464366215322,0.6382489112386156,0.6381058426185967,0.04675272516574154,0.4851909296246243,0.4709991171996191,k20,seed_43,linear_survival,75.0,60.0,90.0,0.5
23353,0.5020339999143579,0.5042510740797715,0.22285707099675414,0.22436827693284855,0.6382646739745942,0.6381131018042316,0.04662308645937332,0.48507374953335225,0.47092293155555,k20,seed_43,right_step,75.0,60.0,90.0,0.5
23353,0.5020339999143579,0.5042510740797715,0.22284567524278606,0.22436283575922195,0.6382410627674654,0.6381022311150404,0.046555163313926055,0.4852495427834312,0.4710372211565062,k20,seed_43,log_survival,82.5,60.0,90.0,0.75
23353,0.5020339999143579,0.5042510740797715,0.2228456775464354,0.22436283606263066,0.6382410679152676,0.638102231789566,0.04655516851062615,0.48524951967026025,0.4710372100216536,k20,seed_43,linear_survival,82.5,60.0,90.0,0.75
23353,0.5020339999143579,0.5042510740797715,0.22285707099675414,0.22436827693284855,0.6382646739745942,0.6381131018042316,0.04662308645937332,0.48507374953335225,0.47092293155555,k20,seed_43,right_step,82.5,60.0,90.0,0.75
23353,0.5020339999143579,0.5042510740797715,0.22283914821950562,0.2243592264009426,0.6382275789279046,0.6380950164515822,0.04649376083599781,0.4853490601677058,0.4711064169776115,k20,seed_43,log_survival,97.5,90.0,120.0,0.25
23353,0.5020339999143579,0.5042510740797715,0.22283914915919703,0.2243592265822157,0.6382275810022853,0.638095016829839,0.04649376408270253,0.4853490480455262,0.4711064096251859,k20,seed_43,linear_survival,97.5,90.0,120.0,0.25
23353,0.5020339999143579,0.5042510740797715,0.22284190520174713,0.2243610344869915,0.6382332499610639,0.6380986334737214,0.04631619928176331,0.4853081097158962,0.4710753028436882,k20,seed_43,right_step,97.5,90.0,120.0,0.25
23353,0.5020339999143579,0.5042510740797715,0.22283639851337048,0.22435742239788395,0.638221922779387,0.6380914079824347,0.04675695573361557,0.4853900025361653,0.47113752620895727,k20,seed_43,log_survival,105.0,90.0,120.0,0.5
23353,0.5020339999143579,0.5042510740797715,0.22283639976187358,0.2243574226374491,0.6382219255361794,0.6380914084821917,0.046756960038722845,0.48538998637515596,0.4711375164066837,k20,seed_43,linear_survival,105.0,90.0,120.0,0.5
23353,0.5020339999143579,0.5042510740797715,0.22284190520174713,0.2243610344869915,0.6382332499610639,0.6380986334737214,0.04631619928176331,0.4853081097158962,0.4710753028436882,k20,seed_43,right_step,105.0,90.0,120.0,0.5
23353,0.5020339999143579,0.5042510740797715,0.22283365607671163,0.2243556224746162,0.6382162815044838,0.6380878080611558,0.046475370192950095,0.48543093682412053,0.4711686305391664,k20,seed_43,log_survival,112.5,90.0,120.0,0.75
23353,0.5020339999143579,0.5042510740797715,0.2228336570097768,0.22435562265269168,0.6382162835652931,0.6380878084325347,0.046475373417846653,0.4854309247047859,0.4711686231881816,k20,seed_43,linear_survival,112.5,90.0,120.0,0.75
23353,0.5020339999143579,0.5042510740797715,0.22284190520174713,0.2243610344869915,0.6382332499610639,0.6380986334737214,0.04631619928176331,0.4853081097158962,0.4710753028436882,k20,seed_43,right_step,112.5,90.0,120.0,0.75
23353,0.5020339999143579,0.5042510740797715,0.22282875134197586,0.22435235488034347,0.6382061551330023,0.6380812583759173,0.046505303834361064,0.4855021378406722,0.4712225323558787,k20,seed_43,log_survival,135.0,120.0,180.0,0.25
23353,0.5020339999143579,0.5042510740797715,0.22282875198379135,0.2243523550383956,0.6382061565489393,0.6380812587020055,0.046505305478626066,0.4855021316407795,0.471222528674948,k20,seed_43,linear_survival,135.0,120.0,180.0,0.25
23353,0.5020339999143579,0.5042510740797715,0.22283092090290668,0.2243538266279434,0.6382106550921832,0.6380842166826284,0.04649190500555609,0.48547186303441575,0.47119972996967935,k20,seed_43,right_step,135.0,120.0,180.0,0.25
23353,0.5020339999143579,0.5042510740797715,0.2228265855596203,0.2243508852042842,0.6382016628385505,0.6380783043948386,0.04644423520546996,0.4855324085130168,0.4712453322878117,k20,seed_43,log_survival,150.0,120.0,180.0,0.5
23353,0.5020339999143579,0.5042510740797715,0.22282658641385072,0.22435088541432607,0.6382016647234577,0.6380783048281463,0.04644423739876721,0.48553240024714334,0.4712453273802166,k20,seed_43,linear_survival,150.0,120.0,180.0,0.5
23353,0.5020339999143579,0.5042510740797715,0.22283092090290668,0.2243538266279434,0.6382106550921832,0.6380842166826284,0.04649190500555609,0.48547186303441575,0.47119972996967935,k20,seed_43,right_step,150.0,120.0,180.0,0.5
23353,0.5020339999143579,0.5042510740797715,0.22282442355355414,0.224349417598724,0.6381971782050098,0.638075354737705,0.04668955622265158,0.4855626750524248,0.4712681297659472,k20,seed_43,log_survival,165.0,120.0,180.0,0.75
23353,0.5020339999143579,0.5042510740797715,0.22282442419308465,0.2243494177557349,0.6381971796164342,0.6380753550615783,0.04668955787018832,0.48556266885350713,0.47126812608548524,k20,seed_43,linear_survival,165.0,120.0,180.0,0.75
23353,0.5020339999143579,0.5042510740797715,0.22283092090290668,0.2243538266279434,0.6382106550921832,0.6380842166826284,0.04649190500555609,0.48547186303441575,0.47119972996967935,k20,seed_43,right_step,165.0,120.0,180.0,0.75
23353,0.5020339999143579,0.5042510740797715,0.22282039685765118,0.22434658553679565,0.6381888256858741,0.6380696523051047,0.0466389139726414,0.4856255605611275,0.4713155305516703,k20,seed_43,log_survival,210.0,180.0,300.0,0.25
23353,0.5020339999143579,0.5042510740797715,0.2228203975196831,0.22434658573543362,0.6381888271772157,0.6380696527414683,0.0466389159484305,0.48562555314287353,0.4713155259240753,k20,seed_43,linear_survival,210.0,180.0,300.0,0.25
23353,0.5020339999143579,0.5042510740797715,0.22282226532149327,0.22434795206262195,0.6381927012285654,0.6380724094028303,0.04664994123856343,0.4855929374598709,0.4712909247907539,k20,seed_43,right_step,210.0,180.0,300.0,0.25
23353,0.5020339999143579,0.5042510740797715,0.22281853287784756,0.22434522161409656,0.63818495921258,0.6380669006039338,0.04662931736136589,0.4856581787160149,0.4713401332270734,k20,seed_43,log_survival,240.0,180.0,300.0,0.5
23353,0.5020339999143579,0.5042510740797715,0.22281853375852934,0.224345221877938,0.6381849611970358,0.6380669011836541,0.04662931999531124,0.48565816882587626,0.4713401270573967,k20,seed_43,linear_survival,240.0,180.0,300.0,0.5
23353,0.5020339999143579,0.5042510740797715,0.22282226532149327,0.22434795206262195,0.6381927012285654,0.6380724094028303,0.04664994123856343,0.4855929374598709,0.4712909247907539,k20,seed_43,right_step,240.0,180.0,300.0,0.5
23353,0.5020339999143579,0.5042510740797715,0.22281667337904051,0.22434386029301068,0.6381811018036697,0.6380641542968932,0.04663737865343093,0.48569079192583314,0.47136473281763824,k20,seed_43,log_survival,270.0,180.0,300.0,0.75
23353,0.5020339999143579,0.5042510740797715,0.22281667403803193,0.22434386049013522,0.6381811032890121,0.63806415473011,0.046637380627300024,0.48569078450887887,0.4713647281907182,k20,seed_43,linear_survival,270.0,180.0,300.0,0.75
23353,0.5020339999143579,0.5042510740797715,0.22282226532149327,0.22434795206262195,0.6381927012285654,0.6380724094028303,0.04664994123856343,0.4855929374598709,0.4712909247907539,k20,seed_43,right_step,270.0,180.0,300.0,0.75
23353,0.5020339999143579,0.5042510740797715,0.22281186933051075,0.22434062712179048,0.6381711092059268,0.6380576493527048,0.046727911160775515,0.48577575961558095,0.4714267136141766,k20,seed_43,log_survival,337.5,300.0,450.0,0.25
23353,0.5020339999143579,0.5042510740797715,0.22281187110392234,0.2243406275000927,0.6381711132162712,0.638057650195489,0.04672791578258482,0.4857757419673556,0.471426703775917,k20,seed_43,linear_survival,337.5,300.0,450.0,0.25
23353,0.5020339999143579,0.5042510740797715,0.2228148183581909,0.22434250157202515,0.6381772534541346,0.6380614133815603,0.046625689815258026,0.4857234001918815,0.47138932932403954,k20,seed_43,right_step,337.5,300.0,450.0,0.25
23353,0.5020339999143579,0.5042510740797715,0.22280893116614714,0.2243387582367787,0.6381649867947201,0.6380538968453034,0.046785639664738025,0.48582810727074477,0.4714640913440989,k20,seed_43,log_survival,375.0,300.0,450.0,0.5
23353,0.5020339999143579,0.5042510740797715,0.222808933523438,0.22433875873807857,0.6381649921278877,0.6380538979626329,0.046785645801020265,0.48582808374282976,0.47146407822779446,k20,seed_43,linear_survival,375.0,300.0,450.0,0.5
23353,0.5020339999143579,0.5042510740797715,0.2228148183581909,0.22434250157202515,0.6381772534541346,0.6380614133815603,0.046625689815258026,0.4857234001918815,0.47138932932403954,k20,seed_43,right_step,375.0,300.0,450.0,0.5
23353,0.5020339999143579,0.5042510740797715,0.22280600385420973,0.2243368949123339,0.6381588862022829,0.6380501558518428,0.04677464939353322,0.4858804431619518,0.4715014625158692,k20,seed_43,log_survival,412.5,300.0,450.0,0.75
23353,0.5020339999143579,0.5042510740797715,0.2228060056167378,0.22433689528598277,0.6381588901916937,0.6380501566850537,0.046774653978103514,0.48588042551830385,0.47150145267967186,k20,seed_43,linear_survival,412.5,300.0,450.0,0.75
23353,0.5020339999143579,0.5042510740797715,0.2228148183581909,0.22434250157202515,0.6381772534541346,0.6380614133815603,0.046625689815258026,0.4857234001918815,0.47138932932403954,k20,seed_43,right_step,412.5,300.0,450.0,0.75
23353,0.5020339999143579,0.5042510740797715,0.22279759861857032,0.22433175151769688,0.6381414711687572,0.6380398253401054,0.04672018080478746,0.4860144412774902,0.47159597559816513,k20,seed_43,log_survival,487.5,450.0,600.0,0.25
23353,0.5020339999143579,0.5042510740797715,0.2227976033541738,0.22433175248118267,0.6381414816199752,0.6380398274348392,0.046720192157871925,0.48601439755654213,0.47159595250736114,k20,seed_43,linear_survival,487.5,450.0,600.0,0.25
23353,0.5020339999143579,0.5042510740797715,0.2228030873838219,0.22433503714380534,0.6381528074104121,0.6380464263648187,0.04683065992006058,0.48593276729377793,0.4715388271315494,k20,seed_43,right_step,487.5,450.0,600.0,0.25
23353,0.5020339999143579,0.5042510740797715,0.22279213747594312,0.2243284792625299,0.6381301906577108,0.6380332519766326,0.046714388460306865,0.4860960861020212,0.47165310866584187,k20,seed_43,log_survival,525.0,450.0,600.0,0.5
23353,0.5020339999143579,0.5042510740797715,0.22279214376132944,0.22432848053556373,0.638130204535848,0.638033254745324,0.04671440360791604,0.4860960278193063,0.4716530778831729,k20,seed_43,linear_survival,525.0,450.0,600.0,0.5
23353,0.5020339999143579,0.5042510740797715,0.2228030873838219,0.22433503714380534,0.6381528074104121,0.6380464263648187,0.04683065992006058,0.48593276729377793,0.4715388271315494,k20,seed_43,right_step,525.0,450.0,600.0,0.5
23353,0.5020339999143579,0.5042510740797715,0.22278670391279215,0.224325220360876,0.6381189658026187,0.6380267062456472,0.04673397855113879,0.4861777017851989,0.47171022634218573,k20,seed_43,log_survival,562.5,450.0,600.0,0.75
23353,0.5020339999143579,0.5042510740797715,0.22278670860528865,0.2243252213069484,0.6381189761686265,0.638026708303955,0.046733989917174985,0.4861776580820705,0.4717102032589847,k20,seed_43,linear_survival,562.5,450.0,600.0,0.75
23353,0.5020339999143579,0.5042510740797715,0.2228030873838219,0.22433503714380534,0.6381528074104121,0.6380464263648187,0.04683065992006058,0.48593276729377793,0.4715388271315494,k20,seed_43,right_step,562.5,450.0,600.0,0.75
23353,0.5020339999143579,0.5042510740797715,0.2227787052390726,0.22432023655324004,0.6381024340436144,0.6380167110975907,0.04669793798567748,0.48630609318782464,0.47180118533502735,k20,seed_43,log_survival,750.0,600.0,1200.0,0.25
23353,0.5020339999143579,0.5042510740797715,0.22277870643852873,0.2243202368138376,0.6381024367321881,0.6380167116599822,0.04669794161931076,0.4863060786902733,0.4718011769544526,k20,seed_43,linear_survival,750.0,600.0,1200.0,0.25
23353,0.5020339999143579,0.5042510740797715,0.22278129788605158,0.22432197479533675,0.6381077965290068,0.6380201881184566,0.04676513507508147,0.4862592883448346,0.47176732863479653,k20,seed_43,right_step,750.0,600.0,1200.0,0.25
23353,0.5020339999143579,0.5042510740797715,0.22277612128661417,0.22431850295929676,0.6380970892135758,0.6380132437781806,0.046683753598460456,0.48635288836352525,0.47183503644711605,k20,seed_43,log_survival,900.0,600.0,1200.0,0.5
23353,0.5020339999143579,0.5042510740797715,0.22277612288063137,0.22431850330434117,0.6380970927878721,0.6380132445229285,0.04668375844409259,0.48635286903571195,0.4718350252741087,k20,seed_43,linear_survival,900.0,600.0,1200.0,0.5
23353,0.5020339999143579,0.5042510740797715,0.22278129788605158,0.22432197479533675,0.6381077965290068,0.6380201881184566,0.04676513507508147,0.4862592883448346,0.47176732863479653,k20,seed_43,right_step,900.0,600.0,1200.0,0.5
23353,0.5020339999143579,0.5042510740797715,0.22277354602078775,0.2243167740098775,0.638091762025819,0.6380097861544206,0.04666366925830709,0.4863996738753197,0.4718688819727013,k20,seed_43,log_survival,1050.0,600.0,1200.0,0.75
23353,0.5020339999143579,0.5042510740797715,0.2227735472123596,0.2243167742668476,0.6380917646986917,0.6380097867091514,0.04666367289223992,0.48639965938115065,0.4718688735937649,k20,seed_43,linear_survival,1050.0,600.0,1200.0,0.75
23353,0.5020339999143579,0.5042510740797715,0.22278129788605158,0.22432197479533675,0.6381077965290068,0.6380201881184566,0.04676513507508147,0.4862592883448346,0.47176732863479653,k20,seed_43,right_step,1050.0,600.0,1200.0,0.75
23353,0.5020339999143579,0.5042510740797715,0.22276750127569941,0.2243129178980849,0.6380791919875451,0.6380020412499199,0.04653400450127648,0.4864936569356661,0.4719371341652257,k20,seed_43,log_survival,1500.0,1200.0,2400.0,0.25
23353,0.5020339999143579,0.5042510740797715,0.22276750301032755,0.22431291828675518,0.6380791958409247,0.6380020420575145,0.04653400814950982,0.4864936420249008,0.47193712574858027,k20,seed_43,linear_survival,1500.0,1200.0,2400.0,0.25
23353,0.5020339999143579,0.5042510740797715,0.22277097943371332,0.22431504970135677,0.6380864524672898,0.6380063382205122,0.0465553255320162,0.4864464497265894,0.471902721913421,k20,seed_43,right_step,1500.0,1200.0,2400.0,0.25
23353,0.5020339999143579,0.5042510740797715,0.22276403216322965,0.22431079075935847,0.6380719498309608,0.6379977540664167,0.04652355703884643,0.4865408542018438,0.47197154080485537,k20,seed_43,log_survival,1800.0,1200.0,2400.0,0.5
23353,0.5020339999143579,0.5042510740797715,0.22276403447052887,0.22431079127522813,0.6380719549580741,0.6379977551382251,0.04652356189907594,0.48654083432321205,0.4719715295837395,k20,seed_43,linear_survival,1800.0,1200.0,2400.0,0.5
23353,0.5020339999143579,0.5042510740797715,0.22277097943371332,0.22431504970135677,0.6380864524672898,0.6380063382205122,0.0465553255320162,0.4864464497265894,0.471902721913421,k20,seed_43,right_step,1800.0,1200.0,2400.0,0.5
23353,0.5020339999143579,0.5042510740797715,0.22276057208799432,0.2243086682816405,0.6380647259837182,0.637993476664282,0.04650509790188922,0.48658804152870605,0.4720059418339272,k20,seed_43,log_survival,2100.0,1200.0,2400.0,0.75
23353,0.5020339999143579,0.5042510740797715,0.2227605738143173,0.22430866866677557,0.6380647298210111,0.6379934774644005,0.04650510154795503,0.4865880266215234,0.4720059334188988,k20,seed_43,linear_survival,2100.0,1200.0,2400.0,0.75
23353,0.5020339999143579,0.5042510740797715,0.22277097943371332,0.22431504970135677,0.6380864524672898,0.6380063382205122,0.0465553255320162,0.4864464497265894,0.471902721913421,k20,seed_43,right_step,2100.0,1200.0,2400.0,0.75
23177,0.5119730767571299,0.5103324966221111,0.2242828724311825,0.22529176293027264,0.6407951054893515,0.6400507787742328,0.05070532631398102,0.4913481933221303,0.47456530692269605,k20,seed_43,log_survival,3600.0,2400.0,7200.0,0.25
23177,0.5119730767571299,0.5103324966221111,0.2243789533227722,0.22531656637485115,0.6410883025140617,0.6401233553177514,0.050058300774515896,0.4907193701339682,0.47444372321891193,k20,seed_43,linear_survival,3600.0,2400.0,7200.0,0.25
23177,0.5119730767571299,0.5103324966221111,0.22532080196854812,0.2255564555865347,0.6443350844011434,0.6409260956000051,0.04943091831343976,0.48753784714165255,0.4732827990151971,k20,seed_43,right_step,3600.0,2400.0,7200.0,0.25
22998,0.5159579093834247,0.5151976659155013,0.22436081418506662,0.22586513947340706,0.6404062561054739,0.6410949859655314,0.04936992515006878,0.4955047324678947,0.47668670110698025,k20,seed_43,log_survival,4800.0,2400.0,7200.0,0.5
22998,0.5159579093834247,0.5151976659155013,0.22430948972470488,0.22586762511756858,0.6403867240813911,0.641118228653528,0.04943256943667144,0.4947366473168984,0.476536166408865,k20,seed_43,linear_survival,4800.0,2400.0,7200.0,0.5
22998,0.5159579093834247,0.5151976659155013,0.22585917713605355,0.22628594730387006,0.6454899181747773,0.6424413252412241,0.052178752538150665,0.4883400815155478,0.4742019680403912,k20,seed_43,right_step,4800.0,2400.0,7200.0,0.5
22998,0.5159579093834247,0.5151976659155013,0.22420776790318137,0.22578378222780712,0.6398396884889473,0.640864317414121,0.04778359574967999,0.4984630742984717,0.47780790804511997,k20,seed_43,log_survival,6000.0,2400.0,7200.0,0.75
22998,0.5159579093834247,0.5151976659155013,0.22407735635056722,0.22576932925206,0.6395607006502745,0.6408345032660351,0.04722945976256163,0.49793493021757385,0.4777032655931019,k20,seed_43,linear_survival,6000.0,2400.0,7200.0,0.75
22998,0.5159579093834247,0.5151976659155013,0.22585917713605355,0.22628594730387006,0.6454899181747773,0.6424413252412241,0.052178752538150665,0.4883400815155478,0.4742019680403912,k20,seed_43,right_step,6000.0,2400.0,7200.0,0.75
