[warn] no manifest.json, skip hash check
[index] 572 sessions / 1970 turns from /share/dai-sys/zhoulongsheng/agentkv/experiments/evict_position/workload/workload.jsonl
[arrival] {"type": "waves", "horizon_s": 300.0, "n_waves": 9, "wave_width_s": 20.0, "wave_start_s": [0.0, 37.5, 75.0, 112.5, 150.0, 187.5, 225.0, 262.5, 280.0], "wave_class_counts": [{"openhands": 4, "request": 60}, {"openhands": 4, "request": 60}, {"openhands": 4, "request": 60}, {"openhands": 4, "request": 60}, {"openhands": 4, "request": 60}, {"openhands": 4, "request": 60}, {"openhands": 3, "request": 60}, {"openhands": 3, "request": 60}, {"openhands": 3, "request": 59}], "arrival_seed": 42, "classes": ["openhands", "request"]}
[ok] request s309 turn0 ttft=1491.746ms hit=0.0 e2e=7292.743ms
[ok] request s565 turn0 ttft=345.05ms hit=0.0 e2e=8908.015ms
[ok] request s206 turn0 ttft=2437.337ms hit=0.0 e2e=11132.794ms
[ok] request s143 turn0 ttft=1167.982ms hit=0.0 e2e=9862.904ms
[ok] request s547 turn0 ttft=2121.36ms hit=0.0 e2e=10821.434ms
[ok] request s400 turn0 ttft=1803.895ms hit=0.0 e2e=10503.687ms
[ok] request s191 turn0 ttft=2808.238ms hit=0.0 e2e=11507.68ms
[ok] request s100 turn0 ttft=853.174ms hit=0.0 e2e=9552.388ms
[ok] openhands s448 turn0 ttft=3389.883ms hit=0.0 e2e=12088.814ms
[ok] request s281 turn0 ttft=1489.085ms hit=0.0 e2e=10187.717ms
[ok] request s124 turn0 ttft=642.554ms hit=0.0 e2e=9235.45ms
[ok] request s144 turn0 ttft=2759.89ms hit=0.0 e2e=11458.557ms
[ok] request s362 turn0 ttft=1176.084ms hit=0.0 e2e=7444.43ms
[ok] request s288 turn0 ttft=2602.491ms hit=0.0 e2e=3637.075ms
[ok] request s113 turn0 ttft=2128.759ms hit=0.0 e2e=8399.819ms
[ok] request s180 turn0 ttft=2921.554ms hit=0.0 e2e=3955.76ms
[ok] request s495 turn0 ttft=3874.331ms hit=0.0 e2e=4908.358ms
[ok] openhands s195 turn0 ttft=1084.211ms hit=0.224097 e2e=7131.149ms
[ok] request s521 turn0 ttft=4957.811ms hit=0.0 e2e=6179.185ms
[ok] request s507 turn0 ttft=1810.239ms hit=0.0 e2e=8088.134ms
[ok] request s9 turn0 ttft=2162.036ms hit=0.0 e2e=8722.956ms
[ok] request s401 turn0 ttft=766.773ms hit=0.0 e2e=6818.613ms
[ok] request s223 turn0 ttft=3556.996ms hit=0.0 e2e=4596.702ms
[ok] request s44 turn0 ttft=4827.717ms hit=0.0 e2e=5867.333ms
[ok] request s228 turn0 ttft=3241.31ms hit=0.0 e2e=4280.86ms
[ok] request s182 turn0 ttft=4511.524ms hit=0.0 e2e=5551.024ms
[ok] request s80 turn0 ttft=4194.934ms hit=0.0 e2e=5233.327ms
[ok] request s522 turn0 ttft=3203.582ms hit=0.0 e2e=6503.756ms
[ok] request s158 turn0 ttft=1601.405ms hit=0.0 e2e=2381.138ms
[ok] request s233 turn0 ttft=2286.333ms hit=0.0 e2e=3334.845ms
[ok] request s326 turn0 ttft=457.319ms hit=0.0 e2e=1113.395ms
[ok] request s30 turn0 ttft=773.902ms hit=0.0 e2e=1431.044ms
[ok] request s397 turn0 ttft=2236.123ms hit=0.0 e2e=3017.408ms
[ok] openhands s512 turn0 ttft=1409.829ms hit=0.225208 e2e=2066.949ms
[ok] request s222 turn0 ttft=157.09ms hit=0.0 e2e=797.242ms
[ok] request s340 turn0 ttft=1092.388ms hit=0.0 e2e=1750.14ms
[ok] request s160 turn0 ttft=1920.503ms hit=0.0 e2e=2703.48ms
[ok] request s54 turn0 ttft=150.035ms hit=0.0 e2e=8643.022ms
[ok] request s557 turn0 ttft=4442.254ms hit=0.0 e2e=8056.044ms
[ok] request s362 turn1 ttft=4012.616ms hit=0.450308 e2e=7800.709ms
[ok] request s223 turn1 ttft=4003.184ms hit=0.0 e2e=7795.647ms
[ok] request s75 turn0 ttft=2544.359ms hit=0.0 e2e=8549.216ms
[ok] request s521 turn1 ttft=4007.313ms hit=0.268625 e2e=7799.713ms
[ok] request s309 turn1 ttft=4482.009ms hit=0.0 e2e=8274.139ms
[ok] request s144 turn1 ttft=4125.942ms hit=0.0 e2e=7917.806ms
[ok] request s113 turn1 ttft=4011.607ms hit=0.0 e2e=7803.24ms
[ok] request s180 turn1 ttft=4010.785ms hit=0.0 e2e=7802.113ms
[ok] request s44 turn1 ttft=4188.032ms hit=0.0 e2e=7796.036ms
[ok] request s565 turn1 ttft=4138.956ms hit=0.0 e2e=7929.898ms
[ok] openhands s195 turn1 ttft=4596.443ms hit=0.988028 e2e=8387.179ms
[ok] request s400 turn1 ttft=4130.433ms hit=0.0 e2e=7920.983ms
[ok] openhands s448 turn1 ttft=2671.022ms hit=0.954386 e2e=8520.719ms
[ok] request s547 turn1 ttft=4132.632ms hit=0.0 e2e=7925.48ms
[ok] request s501 turn0 ttft=4127.309ms hit=0.0 e2e=7920.041ms
[ok] openhands s512 turn1 ttft=4566.297ms hit=0.948954 e2e=8358.956ms
[ok] request s37 turn0 ttft=3703.61ms hit=0.0 e2e=4439.0ms
[ok] request s474 turn0 ttft=2353.285ms hit=0.0 e2e=5709.266ms
[ok] openhands s449 turn0 ttft=4656.163ms hit=0.224884 e2e=5391.854ms
[ok] request s418 turn0 ttft=2401.957ms hit=0.0 e2e=6028.131ms
[ok] request s360 turn0 ttft=3354.207ms hit=0.0 e2e=6980.168ms
[ok] request s340 turn1 ttft=4178.696ms hit=0.0 e2e=7804.067ms
[ok] request s80 turn1 ttft=4187.607ms hit=0.0 e2e=7812.946ms
[ok] request s135 turn0 ttft=3038.752ms hit=0.0 e2e=6664.02ms
[ok] request s160 turn1 ttft=4179.085ms hit=0.0 e2e=7804.322ms
[ok] request s186 turn0 ttft=4339.726ms hit=0.0 e2e=5078.165ms
[ok] request s329 turn0 ttft=2722.274ms hit=0.0 e2e=6348.011ms
[ok] request s29 turn0 ttft=3387.628ms hit=0.0 e2e=4126.555ms
[ok] request s247 turn0 ttft=3993.001ms hit=0.0 e2e=7619.318ms
[ok] request s491 turn0 ttft=3675.984ms hit=0.0 e2e=7302.35ms
[ok] request s455 turn0 ttft=4023.665ms hit=0.0 e2e=4763.279ms
[ok] request s522 turn1 ttft=4189.355ms hit=0.0 e2e=7816.355ms
[ok] request s413 turn0 ttft=479.828ms hit=0.0 e2e=955.012ms
[ok] request s173 turn0 ttft=2384.972ms hit=0.0 e2e=2860.184ms
[ok] request s91 turn0 ttft=1115.552ms hit=0.0 e2e=1590.856ms
[ok] request s550 turn0 ttft=2889.82ms hit=0.0 e2e=3496.162ms
[ok] request s89 turn0 ttft=798.26ms hit=0.0 e2e=1274.34ms
[ok] request s493 turn0 ttft=2704.03ms hit=0.0 e2e=3180.262ms
[ok] request s178 turn0 ttft=2069.976ms hit=0.0 e2e=2546.376ms
[ok] request s354 turn0 ttft=1435.53ms hit=0.0 e2e=1912.123ms
[ok] request s252 turn0 ttft=1752.944ms hit=0.0 e2e=2229.736ms
[ok] request s102 turn0 ttft=186.713ms hit=0.0 e2e=642.398ms
[ok] request s318 turn0 ttft=3070.459ms hit=0.0 e2e=3818.247ms
[ok] request s354 turn1 ttft=4332.638ms hit=0.469509 e2e=4530.821ms
[ok] request s400 turn2 ttft=4358.399ms hit=0.0 e2e=4769.751ms
[ok] request s309 turn2 ttft=4367.301ms hit=0.0 e2e=4778.605ms
[ok] request s340 turn2 ttft=4349.327ms hit=0.0 e2e=4761.344ms
[ok] openhands s448 turn2 ttft=2911.747ms hit=0.905137 e2e=5347.81ms
[ok] request s362 turn2 ttft=2351.403ms hit=0.288045 e2e=4792.157ms
[ok] request s180 turn2 ttft=4366.181ms hit=0.358042 e2e=4781.086ms
[ok] request s501 turn1 ttft=4358.527ms hit=0.0 e2e=4774.166ms
[ok] request s491 turn1 ttft=4343.815ms hit=0.0 e2e=4760.73ms
[ok] request s455 turn1 ttft=2703.529ms hit=0.0 e2e=5144.691ms
[ok] request s29 turn1 ttft=2585.806ms hit=0.0 e2e=5026.68ms
[ok] openhands s512 turn2 ttft=2910.252ms hit=0.974496 e2e=5350.861ms
[ok] request s223 turn2 ttft=2349.234ms hit=0.52459 e2e=4789.653ms
[ok] openhands s195 turn2 ttft=2627.813ms hit=0.944934 e2e=5358.403ms
[ok] request s54 turn1 ttft=2565.04ms hit=0.0 e2e=5005.491ms
[ok] request s521 turn2 ttft=2348.391ms hit=0.507937 e2e=4788.619ms
[ok] openhands s449 turn1 ttft=2909.065ms hit=0.923146 e2e=5349.096ms
[ok] request s113 turn2 ttft=4392.385ms hit=0.422442 e2e=4789.906ms
[ok] request s547 turn2 ttft=4386.242ms hit=0.596737 e2e=4783.158ms
[ok] request s178 turn1 ttft=4337.084ms hit=0.0 e2e=4760.873ms
[ok] request s44 turn2 ttft=4364.973ms hit=0.348774 e2e=4787.605ms
[ok] request s252 turn1 ttft=4358.575ms hit=0.0 e2e=4758.116ms
[ok] request s247 turn1 ttft=4348.359ms hit=0.0 e2e=4771.191ms
[ok] request s329 turn1 ttft=4373.72ms hit=0.0 e2e=4772.963ms
[ok] request s413 turn1 ttft=4344.871ms hit=0.0 e2e=4767.974ms
[ok] request s550 turn1 ttft=4342.517ms hit=0.286353 e2e=4765.578ms
[ok] request s173 turn1 ttft=4344.358ms hit=0.0 e2e=4767.33ms
[ok] request s113 turn3 ttft=1835.651ms hit=0.485999 e2e=2273.744ms
[ok] request s223 turn3 ttft=1924.705ms hit=0.320401 e2e=2279.991ms
[ok] request s44 turn3 ttft=1831.389ms hit=0.363121 e2e=2271.212ms
[ok] request s521 turn3 ttft=1923.59ms hit=0.587965 e2e=2278.861ms
[ok] openhands s449 turn2 ttft=2431.305ms hit=0.983306 e2e=2871.088ms
[ok] request s340 turn3 ttft=1852.048ms hit=0.0 e2e=2296.197ms
[ok] request s501 turn2 ttft=1847.097ms hit=0.0 e2e=2291.01ms
[ok] request s178 turn2 ttft=1919.07ms hit=0.0 e2e=2278.552ms
[ok] request s354 turn2 ttft=2069.55ms hit=0.914286 e2e=2513.538ms
[ok] request s400 turn3 ttft=1857.621ms hit=0.392037 e2e=2301.231ms
[ok] openhands s512 turn3 ttft=2431.307ms hit=0.940024 e2e=2874.671ms
[ok] request s180 turn3 ttft=1851.176ms hit=0.593968 e2e=2294.373ms
[ok] openhands s448 turn3 ttft=2167.679ms hit=0.968874 e2e=2884.755ms
[ok] request s309 turn3 ttft=1857.146ms hit=0.51927 e2e=2300.508ms
[ok] request s455 turn2 ttft=1846.607ms hit=0.0 e2e=2289.836ms
[ok] openhands s195 turn3 ttft=2439.148ms hit=0.971935 e2e=2882.201ms
[ok] request s413 turn2 ttft=1913.507ms hit=0.328838 e2e=2279.206ms
[ok] request s491 turn2 ttft=1929.207ms hit=0.350205 e2e=2294.786ms
[ok] request s173 turn2 ttft=1913.563ms hit=0.466586 e2e=2278.604ms
[ok] request s547 turn3 ttft=1921.703ms hit=0.740741 e2e=2286.689ms
[ok] request s247 turn2 ttft=1917.428ms hit=0.0 e2e=2282.364ms
[ok] openhands s448 turn4 ttft=606.942ms hit=0.71081 e2e=3060.603ms
[ok] openhands s449 turn3 ttft=338.722ms hit=0.946495 e2e=3064.257ms
[ok] openhands s195 turn4 ttft=602.471ms hit=0.977171 e2e=3056.228ms
[ok] openhands s512 turn4 ttft=529.17ms hit=0.910372 e2e=2945.276ms
[ok] request s491 turn3 ttft=2150.9ms hit=0.473198 e2e=2480.513ms
[ok] request s247 turn3 ttft=2147.458ms hit=0.0 e2e=2476.806ms
[ok] request s413 turn3 ttft=2153.768ms hit=0.619605 e2e=2482.822ms
[ok] request s521 turn4 ttft=2165.356ms hit=0.745541 e2e=2494.177ms
[ok] request s354 turn3 ttft=2159.17ms hit=0.823813 e2e=2487.783ms
[ok] request s501 turn3 ttft=2062.737ms hit=0.0 e2e=2492.211ms
[ok] request s44 turn4 ttft=2068.179ms hit=0.730177 e2e=2497.443ms
[ok] request s309 turn4 ttft=2157.531ms hit=0.609524 e2e=2486.524ms
[ok] request s178 turn3 ttft=2059.793ms hit=0.776935 e2e=2490.748ms
[ok] request s173 turn3 ttft=2151.891ms hit=0.659227 e2e=2481.01ms
[ok] openhands s449 turn4 ttft=1141.59ms hit=0.494686 e2e=1999.43ms
[ok] request s178 turn4 ttft=1061.715ms hit=0.0 e2e=1375.354ms
[ok] request s247 turn4 ttft=823.939ms hit=0.0 e2e=1386.485ms
[ok] request s521 turn5 ttft=820.921ms hit=0.0 e2e=1393.625ms
[ok] openhands s195 turn5 ttft=509.811ms hit=0.984973 e2e=2001.007ms
[ok] request s501 turn4 ttft=1066.361ms hit=0.0 e2e=1389.958ms
[ok] openhands s448 turn5 ttft=324.259ms hit=0.98594 e2e=2015.749ms
[ok] request s354 turn4 ttft=1067.292ms hit=0.0 e2e=1392.491ms
[ok] request s173 turn4 ttft=1060.844ms hit=0.0 e2e=1384.777ms
[ok] openhands s512 turn5 ttft=503.662ms hit=0.984102 e2e=1995.778ms
[ok] request s44 turn5 ttft=1070.899ms hit=0.0 e2e=1396.363ms
[ok] openhands s448 turn6 ttft=454.951ms hit=0.910608 e2e=832.093ms
[ok] openhands s512 turn6 ttft=449.969ms hit=0.842951 e2e=827.473ms
[ok] openhands s449 turn5 ttft=351.904ms hit=0.992861 e2e=840.841ms
[ok] openhands s195 turn6 ttft=199.018ms hit=0.842367 e2e=2549.16ms
[ok] openhands s449 turn6 ttft=2191.926ms hit=0.927715 e2e=2436.886ms
[ok] openhands s512 turn7 ttft=2094.656ms hit=0.942959 e2e=2339.945ms
[ok] openhands s448 turn7 ttft=2150.631ms hit=0.934232 e2e=2444.424ms
[ok] request s82 turn0 ttft=136.301ms hit=0.0 e2e=233.002ms
[ok] openhands s66 turn0 ttft=712.164ms hit=0.0 e2e=1236.246ms
[ok] request s555 turn0 ttft=394.719ms hit=0.0 e2e=919.149ms
[ok] openhands s448 turn8 ttft=571.735ms hit=0.949404 e2e=1455.009ms
[ok] openhands s449 turn7 ttft=401.097ms hit=0.916477 e2e=1467.1ms
[ok] openhands s512 turn8 ttft=578.016ms hit=0.977351 e2e=1461.204ms
[ok] request s104 turn0 ttft=210.783ms hit=0.0 e2e=604.411ms
[ok] request s98 turn0 ttft=920.078ms hit=0.0 e2e=957.898ms
[ok] request s96 turn0 ttft=285.281ms hit=0.0 e2e=828.39ms
[ok] request s198 turn0 ttft=1238.548ms hit=0.0 e2e=1781.335ms
[ok] openhands s512 turn9 ttft=2206.899ms hit=0.97225 e2e=2749.245ms
[ok] request s377 turn0 ttft=2192.325ms hit=0.0 e2e=2737.48ms
[ok] request s26 turn0 ttft=1875.476ms hit=0.0 e2e=2420.239ms
[ok] openhands s66 turn1 ttft=2202.726ms hit=0.963311 e2e=2747.041ms
[ok] request s387 turn0 ttft=606.209ms hit=0.0 e2e=1150.197ms
[ok] openhands s448 turn9 ttft=2158.605ms hit=0.970196 e2e=2766.992ms
[ok] request s505 turn0 ttft=1559.427ms hit=0.0 e2e=2103.201ms
[ok] openhands s449 turn8 ttft=2217.365ms hit=0.978996 e2e=2760.722ms
[ok] request s330 turn0 ttft=150.19ms hit=0.0 e2e=775.621ms
[ok] request s203 turn0 ttft=1434.056ms hit=0.0 e2e=1502.863ms
[ok] request s108 turn0 ttft=144.887ms hit=0.0 e2e=3814.814ms
[ok] request s256 turn0 ttft=354.434ms hit=0.0 e2e=3829.77ms
[ok] openhands s512 turn10 ttft=466.849ms hit=0.936882 e2e=3817.772ms
[ok] request s562 turn0 ttft=176.698ms hit=0.0 e2e=3512.721ms
[ok] openhands s66 turn2 ttft=461.368ms hit=0.971274 e2e=3937.881ms
[ok] request s387 turn1 ttft=2117.76ms hit=0.0 e2e=3347.989ms
[ok] openhands s448 turn10 ttft=346.43ms hit=0.970425 e2e=3947.913ms
[ok] openhands s449 turn9 ttft=417.523ms hit=0.989757 e2e=3893.525ms
[ok] request s485 turn0 ttft=1119.498ms hit=0.0 e2e=1901.15ms
[ok] request s450 turn0 ttft=798.863ms hit=0.0 e2e=1584.663ms
[ok] request s377 turn1 ttft=2120.454ms hit=0.0 e2e=3647.654ms
[ok] request s357 turn0 ttft=2069.567ms hit=0.0 e2e=2858.728ms
[ok] request s564 turn0 ttft=482.48ms hit=0.0 e2e=1271.315ms
[ok] openhands s195 turn7 ttft=2376.362ms hit=0.795423 e2e=3584.385ms
[ok] request s551 turn0 ttft=175.129ms hit=0.0 e2e=954.855ms
[ok] openhands s260 turn0 ttft=2387.916ms hit=0.0 e2e=3176.897ms
[ok] request s198 turn1 ttft=2122.605ms hit=0.0 e2e=3652.271ms
[ok] request s311 turn0 ttft=1753.124ms hit=0.0 e2e=2542.071ms
[ok] request s26 turn1 ttft=2438.727ms hit=0.0 e2e=3648.518ms
[ok] request s509 turn0 ttft=2284.732ms hit=0.0 e2e=3495.327ms
[ok] request s349 turn0 ttft=149.026ms hit=0.0 e2e=6267.728ms
[ok] request s199 turn0 ttft=2094.726ms hit=0.0 e2e=6285.724ms
[ok] request s544 turn0 ttft=2136.615ms hit=0.0 e2e=5653.533ms
[ok] request s256 turn1 ttft=2145.506ms hit=0.0 e2e=5666.737ms
[ok] request s161 turn0 ttft=1498.075ms hit=0.0 e2e=5019.038ms
[ok] openhands s449 turn10 ttft=2477.835ms hit=0.990003 e2e=6192.961ms
[ok] request s534 turn0 ttft=2253.12ms hit=0.0 e2e=5967.938ms
[ok] openhands s195 turn8 ttft=2446.024ms hit=0.985191 e2e=5971.241ms
[ok] request s551 turn1 ttft=1846.772ms hit=0.0 e2e=5371.684ms
[ok] openhands s448 turn11 ttft=2547.487ms hit=0.972536 e2e=6268.291ms
[ok] request s25 turn0 ttft=1817.097ms hit=0.0 e2e=5341.98ms
[ok] request s562 turn1 ttft=2146.918ms hit=0.439108 e2e=5671.597ms
[ok] openhands s66 turn3 ttft=2371.329ms hit=0.95794 e2e=6272.089ms
[ok] openhands s260 turn1 ttft=2443.256ms hit=0.715043 e2e=5967.951ms
[ok] request s19 turn0 ttft=1183.662ms hit=0.0 e2e=4708.146ms
[ok] openhands s512 turn11 ttft=2540.862ms hit=0.914804 e2e=6261.603ms
[ok] request s311 turn1 ttft=1848.391ms hit=0.0 e2e=5372.448ms
[ok] request s39 turn0 ttft=1069.012ms hit=0.0 e2e=1856.906ms
[ok] openhands s194 turn0 ttft=3292.525ms hit=0.044889 e2e=4080.165ms
[ok] request s53 turn0 ttft=1705.434ms hit=0.0 e2e=2492.92ms
[ok] request s442 turn0 ttft=754.29ms hit=0.0 e2e=1541.627ms
[ok] request s266 turn0 ttft=2977.002ms hit=0.0 e2e=3764.185ms
[ok] request s36 turn0 ttft=2025.028ms hit=0.0 e2e=2812.04ms
[ok] request s488 turn0 ttft=248.521ms hit=0.0 e2e=907.555ms
[ok] request s472 turn0 ttft=2660.14ms hit=0.0 e2e=3447.416ms
[ok] request s374 turn0 ttft=1390.829ms hit=0.0 e2e=2178.017ms
[ok] request s284 turn0 ttft=549.392ms hit=0.0 e2e=1225.794ms
[ok] request s479 turn0 ttft=2343.711ms hit=0.0 e2e=3131.027ms
[ok] request s426 turn0 ttft=861.985ms hit=0.0 e2e=4401.629ms
[ok] request s73 turn0 ttft=151.395ms hit=0.0 e2e=642.455ms
[ok] request s34 turn0 ttft=148.829ms hit=0.0 e2e=838.399ms
[ok] openhands s449 turn11 ttft=1913.059ms hit=0.986792 e2e=2236.393ms
[ok] request s515 turn0 ttft=680.88ms hit=0.0 e2e=1911.14ms
[ok] request s544 turn1 ttft=462.156ms hit=0.0 e2e=1690.473ms
[ok] request s394 turn0 ttft=367.961ms hit=0.0 e2e=1595.592ms
[ok] request s5 turn0 ttft=989.636ms hit=0.0 e2e=2222.061ms
[ok] request s36 turn1 ttft=443.643ms hit=0.0 e2e=1675.863ms
[ok] openhands s448 turn12 ttft=660.404ms hit=0.9766 e2e=2266.91ms
[ok] openhands s260 turn2 ttft=791.69ms hit=0.986233 e2e=2256.356ms
[ok] openhands s195 turn9 ttft=807.09ms hit=0.984426 e2e=2272.647ms
[ok] request s25 turn1 ttft=454.15ms hit=0.0 e2e=1692.431ms
[ok] openhands s194 turn1 ttft=536.808ms hit=0.99717 e2e=2254.002ms
[ok] request s39 turn1 ttft=447.145ms hit=0.0 e2e=1685.667ms
[ok] request s199 turn1 ttft=463.398ms hit=0.0 e2e=1701.772ms
[ok] openhands s512 turn12 ttft=1001.529ms hit=0.93827 e2e=2239.752ms
[ok] request s488 turn1 ttft=445.02ms hit=0.0 e2e=1683.149ms
[ok] openhands s66 turn4 ttft=653.562ms hit=0.909165 e2e=2262.822ms
[ok] request s562 turn2 ttft=455.87ms hit=0.590883 e2e=1693.833ms
[ok] openhands s513 turn0 ttft=645.569ms hit=0.228646 e2e=1290.584ms
[ok] request s10 turn0 ttft=171.454ms hit=0.0 e2e=655.807ms
[ok] request s351 turn0 ttft=459.635ms hit=0.0 e2e=974.234ms
[ok] request s328 turn0 ttft=144.28ms hit=0.0 e2e=3721.765ms
[ok] request s412 turn0 ttft=652.266ms hit=0.0 e2e=3736.271ms
[ok] openhands s512 turn13 ttft=3057.925ms hit=0.971969 e2e=3712.593ms
[ok] request s515 turn1 ttft=2514.288ms hit=0.336842 e2e=3164.546ms
[ok] request s147 turn0 ttft=2483.392ms hit=0.0 e2e=3137.78ms
[ok] openhands s449 turn12 ttft=3049.509ms hit=0.95778 e2e=3709.074ms
[ok] request s562 turn3 ttft=2499.985ms hit=0.656691 e2e=3159.315ms
[ok] openhands s66 turn5 ttft=2515.602ms hit=0.980316 e2e=3730.121ms
[ok] openhands s194 turn2 ttft=2846.296ms hit=0.989462 e2e=3743.991ms
[ok] openhands s195 turn10 ttft=2851.228ms hit=0.832771 e2e=3749.741ms
[ok] request s544 turn2 ttft=2510.582ms hit=0.0 e2e=3169.88ms
[ok] openhands s448 turn13 ttft=2322.409ms hit=0.956382 e2e=3758.07ms
[ok] request s5 turn1 ttft=2508.492ms hit=0.0 e2e=3167.781ms
[ok] request s235 turn0 ttft=2802.32ms hit=0.0 e2e=3461.389ms
[ok] openhands s260 turn3 ttft=2827.356ms hit=0.922547 e2e=3727.728ms
[ok] request s351 turn1 ttft=2499.313ms hit=0.0 e2e=3158.438ms
[ok] openhands s513 turn1 ttft=2508.684ms hit=0.988337 e2e=3724.932ms
[ok] request s394 turn1 ttft=2511.529ms hit=0.0 e2e=3170.306ms
[ok] request s438 turn0 ttft=1847.952ms hit=0.0 e2e=2515.904ms
[ok] request s202 turn0 ttft=586.709ms hit=0.0 e2e=1246.59ms
[ok] request s373 turn0 ttft=1532.26ms hit=0.0 e2e=2198.893ms
[ok] request s372 turn0 ttft=903.78ms hit=0.0 e2e=1563.894ms
[ok] request s316 turn0 ttft=268.373ms hit=0.0 e2e=929.851ms
[ok] request s537 turn0 ttft=1221.881ms hit=0.0 e2e=1882.223ms
[ok] request s497 turn0 ttft=2164.994ms hit=0.0 e2e=2835.628ms
[ok] request s139 turn0 ttft=141.548ms hit=0.0 e2e=671.745ms
[ok] request s112 turn0 ttft=141.076ms hit=0.0 e2e=1569.233ms
[ok] request s412 turn1 ttft=722.856ms hit=0.0 e2e=1213.122ms
[ok] openhands s448 turn14 ttft=1234.88ms hit=0.912369 e2e=1731.259ms
[ok] openhands s513 turn2 ttft=1221.294ms hit=0.957009 e2e=1720.159ms
[ok] openhands s194 turn3 ttft=1253.781ms hit=0.973234 e2e=1751.855ms
[ok] openhands s449 turn13 ttft=1261.756ms hit=0.982528 e2e=1760.692ms
[ok] openhands s66 turn6 ttft=1217.411ms hit=0.984093 e2e=1718.292ms
[ok] openhands s512 turn14 ttft=1268.12ms hit=0.988894 e2e=1769.963ms
[ok] openhands s260 turn4 ttft=1226.398ms hit=0.905718 e2e=1725.246ms
[ok] openhands s195 turn11 ttft=1237.857ms hit=0.878356 e2e=1739.224ms
[ok] request s316 turn1 ttft=1130.911ms hit=0.0 e2e=2334.565ms
[ok] request s394 turn2 ttft=1136.799ms hit=0.683578 e2e=2342.604ms
[ok] request s537 turn1 ttft=1130.641ms hit=0.482109 e2e=2336.743ms
[ok] request s515 turn2 ttft=1071.879ms hit=0.422442 e2e=2353.196ms
[ok] request s351 turn2 ttft=1139.305ms hit=0.229391 e2e=2345.515ms
[ok] request s372 turn1 ttft=1134.17ms hit=0.0 e2e=2340.172ms
[ok] openhands s66 turn7 ttft=792.761ms hit=0.984038 e2e=1143.029ms
[ok] request s112 turn1 ttft=901.494ms hit=0.0 e2e=1278.608ms
[ok] openhands s194 turn4 ttft=871.263ms hit=0.989247 e2e=1378.306ms
[ok] openhands s512 turn15 ttft=834.476ms hit=0.99543 e2e=1341.295ms
[ok] openhands s448 turn15 ttft=986.037ms hit=0.985461 e2e=1364.832ms
[ok] openhands s449 turn14 ttft=662.774ms hit=0.993177 e2e=1354.074ms
[ok] openhands s513 turn3 ttft=690.712ms hit=0.809922 e2e=1383.255ms
[ok] openhands s195 turn12 ttft=954.455ms hit=0.960207 e2e=1334.989ms
[ok] openhands s260 turn5 ttft=655.155ms hit=0.930784 e2e=1347.076ms
[ok] request s394 turn3 ttft=604.038ms hit=0.448336 e2e=737.421ms
[ok] request s351 turn3 ttft=603.178ms hit=0.532225 e2e=907.808ms
[ok] request s316 turn2 ttft=608.179ms hit=0.503937 e2e=916.855ms
[ok] openhands s260 turn6 ttft=739.75ms hit=0.839566 e2e=1253.886ms
[ok] openhands s448 turn16 ttft=899.769ms hit=0.996697 e2e=1271.824ms
[ok] openhands s513 turn4 ttft=877.072ms hit=0.978875 e2e=1253.138ms
[ok] request s112 turn2 ttft=389.028ms hit=0.265285 e2e=701.688ms
[ok] openhands s512 turn16 ttft=765.21ms hit=0.990349 e2e=1284.476ms
[ok] request s515 turn3 ttft=603.762ms hit=0.649746 e2e=916.614ms
[ok] openhands s194 turn5 ttft=625.919ms hit=0.989601 e2e=1301.861ms
[ok] openhands s449 turn15 ttft=955.047ms hit=0.988865 e2e=1268.044ms
[ok] openhands s66 turn8 ttft=731.785ms hit=0.970371 e2e=1251.54ms
[ok] openhands s260 turn7 ttft=463.096ms hit=0.850745 e2e=1176.568ms
[ok] request s515 turn4 ttft=280.065ms hit=0.0 e2e=674.963ms
[ok] request s351 turn4 ttft=287.674ms hit=0.704957 e2e=684.767ms
[ok] openhands s513 turn5 ttft=712.617ms hit=0.948658 e2e=1241.853ms
[ok] openhands s66 turn9 ttft=727.953ms hit=0.971507 e2e=1256.873ms
[ok] request s394 turn4 ttft=450.323ms hit=0.0 e2e=859.015ms
[ok] openhands s194 turn6 ttft=613.383ms hit=0.988714 e2e=1272.521ms
[ok] request s316 turn3 ttft=273.921ms hit=0.606923 e2e=684.548ms
[ok] openhands s448 turn17 ttft=723.177ms hit=0.976393 e2e=1253.457ms
[ok] openhands s448 turn18 ttft=2500.002ms hit=0.969697 e2e=3268.25ms
[ok] openhands s194 turn7 ttft=2930.598ms hit=0.881391 e2e=3209.894ms
[ok] request s515 turn5 ttft=2417.568ms hit=0.0 e2e=2697.665ms
[ok] openhands s66 turn10 ttft=2274.88ms hit=0.86718 e2e=3295.789ms
[ok] openhands s260 turn8 ttft=470.531ms hit=0.993043 e2e=3396.891ms
[ok] request s394 turn5 ttft=2414.137ms hit=0.0 e2e=2697.277ms
[ok] openhands s513 turn6 ttft=2265.868ms hit=0.924085 e2e=3286.815ms
[ok] request s316 turn4 ttft=2413.196ms hit=0.0 e2e=2695.001ms
[ok] openhands s66 turn11 ttft=885.937ms hit=0.980684 e2e=1183.905ms
[ok] openhands s513 turn7 ttft=881.207ms hit=0.947998 e2e=1180.609ms
[ok] request s515 turn6 ttft=330.573ms hit=0.0 e2e=620.31ms
[ok] openhands s448 turn19 ttft=774.622ms hit=0.96909 e2e=1201.822ms
[ok] openhands s194 turn8 ttft=567.989ms hit=0.971612 e2e=1217.899ms
[ok] openhands s260 turn9 ttft=765.686ms hit=0.938468 e2e=1193.203ms
[ok] openhands s513 turn8 ttft=994.908ms hit=0.956201 e2e=1282.53ms
[ok] openhands s66 turn12 ttft=905.521ms hit=0.961252 e2e=1193.308ms
[ok] request s515 turn7 ttft=430.368ms hit=0.0 e2e=719.004ms
[ok] openhands s260 turn10 ttft=800.151ms hit=0.818811 e2e=1301.951ms
[ok] openhands s194 turn9 ttft=545.732ms hit=0.989898 e2e=1318.346ms
[ok] openhands s448 turn20 ttft=1006.161ms hit=0.93027 e2e=1295.9ms
[ok] openhands s66 turn13 ttft=764.92ms hit=0.980492 e2e=917.194ms
[ok] openhands s194 turn10 ttft=537.023ms hit=0.98848 e2e=985.377ms
[ok] openhands s260 turn11 ttft=696.386ms hit=0.995439 e2e=969.312ms
[ok] openhands s448 turn21 ttft=682.819ms hit=0.962974 e2e=956.261ms
[ok] openhands s513 turn9 ttft=671.459ms hit=0.854495 e2e=963.273ms
[ok] openhands s66 turn14 ttft=766.46ms hit=0.954334 e2e=1057.958ms
[ok] openhands s448 turn22 ttft=682.672ms hit=0.975215 e2e=970.106ms
[ok] openhands s260 turn12 ttft=650.791ms hit=0.914956 e2e=1094.042ms
[ok] openhands s194 turn11 ttft=537.437ms hit=0.990901 e2e=1111.267ms
[ok] openhands s513 turn10 ttft=792.598ms hit=0.985132 e2e=1087.746ms
[ok] openhands s66 turn15 ttft=882.681ms hit=0.981366 e2e=1034.843ms
[ok] openhands s194 turn12 ttft=581.812ms hit=0.988589 e2e=1120.506ms
[ok] openhands s260 turn13 ttft=788.025ms hit=0.993857 e2e=1084.574ms
[ok] openhands s448 turn23 ttft=504.452ms hit=0.975605 e2e=794.554ms
[ok] openhands s513 turn11 ttft=664.289ms hit=0.923027 e2e=1095.172ms
[ok] openhands s66 turn16 ttft=874.031ms hit=0.91707 e2e=1009.338ms
[ok] openhands s194 turn13 ttft=567.617ms hit=0.99172 e2e=1159.464ms
[ok] openhands s260 turn14 ttft=663.83ms hit=0.993893 e2e=1066.145ms
[ok] openhands s448 turn24 ttft=321.346ms hit=0.972693 e2e=716.822ms
[ok] openhands s513 turn12 ttft=594.24ms hit=0.991168 e2e=1134.374ms
[ok] openhands s66 turn17 ttft=211.308ms hit=0.986709 e2e=769.012ms
[ok] openhands s260 turn15 ttft=731.695ms hit=0.994894 e2e=1031.618ms
[ok] openhands s513 turn13 ttft=752.029ms hit=0.957084 e2e=1041.713ms
[ok] openhands s194 turn14 ttft=534.637ms hit=0.980974 e2e=1087.774ms
[ok] openhands s66 turn18 ttft=262.781ms hit=0.992904 e2e=552.043ms
[ok] openhands s448 turn25 ttft=620.221ms hit=0.993698 e2e=1059.976ms
[ok] request s155 turn0 ttft=249.975ms hit=0.0 e2e=581.498ms
[ok] request s433 turn0 ttft=2338.085ms hit=0.0 e2e=3111.585ms
[ok] request s317 turn0 ttft=550.859ms hit=0.0 e2e=1207.577ms
[ok] openhands s448 turn26 ttft=2586.436ms hit=0.91419 e2e=3512.826ms
[ok] openhands s133 turn0 ttft=2656.825ms hit=0.520037 e2e=3435.509ms
[ok] request s441 turn0 ttft=1705.794ms hit=0.0 e2e=2482.617ms
[ok] openhands s513 turn14 ttft=2596.693ms hit=0.944406 e2e=3528.236ms
[ok] request s126 turn0 ttft=2021.436ms hit=0.0 e2e=2800.156ms
[ok] request s306 turn0 ttft=1387.953ms hit=0.0 e2e=2166.314ms
[ok] request s127 turn0 ttft=752.995ms hit=0.0 e2e=1531.099ms
[ok] openhands s260 turn16 ttft=2340.563ms hit=0.981018 e2e=3572.864ms
[ok] openhands s194 turn15 ttft=2781.801ms hit=0.98164 e2e=3559.315ms
[ok] request s237 turn0 ttft=1072.106ms hit=0.0 e2e=1849.398ms
[ok] request s313 turn0 ttft=199.884ms hit=0.0 e2e=1122.45ms
[ok] request s217 turn0 ttft=146.05ms hit=0.0 e2e=805.777ms
[ok] openhands s260 turn17 ttft=821.344ms hit=0.995047 e2e=1400.938ms
[ok] request s306 turn1 ttft=347.303ms hit=0.0 e2e=932.252ms
[ok] openhands s448 turn27 ttft=767.21ms hit=0.933869 e2e=1481.915ms
[ok] request s128 turn0 ttft=755.416ms hit=0.0 e2e=1469.733ms
[ok] request s433 turn1 ttft=357.28ms hit=0.0 e2e=940.696ms
[ok] openhands s133 turn1 ttft=606.522ms hit=0.954545 e2e=1512.731ms
[ok] request s47 turn0 ttft=574.433ms hit=0.0 e2e=1159.744ms
[ok] request s317 turn1 ttft=354.8ms hit=0.0 e2e=939.835ms
[ok] request s237 turn1 ttft=346.826ms hit=0.0 e2e=931.561ms
[ok] openhands s194 turn16 ttft=542.639ms hit=0.998211 e2e=1532.493ms
[ok] request s127 turn1 ttft=348.894ms hit=0.0 e2e=933.054ms
[ok] request s241 turn0 ttft=261.34ms hit=0.0 e2e=844.694ms
[ok] openhands s513 turn15 ttft=605.386ms hit=0.960137 e2e=1512.489ms
[ok] request s126 turn1 ttft=351.375ms hit=0.0 e2e=935.724ms
[ok] request s165 turn0 ttft=139.82ms hit=0.0 e2e=1126.758ms
[ok] request s476 turn0 ttft=137.575ms hit=0.0 e2e=1783.3ms
[ok] request s553 turn0 ttft=151.215ms hit=0.0 e2e=629.746ms
[ok] openhands s324 turn0 ttft=1174.314ms hit=0.0 e2e=1893.939ms
[ok] request s47 turn1 ttft=801.978ms hit=0.0 e2e=1406.472ms
[ok] openhands s448 turn28 ttft=989.718ms hit=0.972848 e2e=1995.885ms
[ok] openhands s194 turn17 ttft=1192.265ms hit=0.981752 e2e=1918.475ms
[ok] request s24 turn0 ttft=981.157ms hit=0.0 e2e=1589.194ms
[ok] openhands s133 turn2 ttft=628.906ms hit=0.714902 e2e=2004.432ms
[ok] request s126 turn2 ttft=1142.322ms hit=0.0 e2e=1752.74ms
[ok] request s433 turn2 ttft=804.585ms hit=0.0 e2e=1414.651ms
[ok] request s241 turn1 ttft=800.318ms hit=0.0 e2e=1409.696ms
[ok] openhands s260 turn18 ttft=602.488ms hit=0.984399 e2e=2014.228ms
[ok] request s405 turn0 ttft=664.935ms hit=0.0 e2e=1273.795ms
[ok] request s506 turn0 ttft=458.079ms hit=0.0 e2e=956.45ms
[ok] request s165 turn1 ttft=317.285ms hit=0.0 e2e=815.349ms
[ok] openhands s513 turn16 ttft=611.385ms hit=0.968385 e2e=1988.114ms
[ok] request s127 turn2 ttft=803.148ms hit=0.0 e2e=1412.5ms
[ok] request s369 turn0 ttft=138.898ms hit=0.0 e2e=939.836ms
[ok] request s126 turn3 ttft=193.515ms hit=0.574635 e2e=263.343ms
[ok] openhands s324 turn1 ttft=847.832ms hit=0.963689 e2e=1124.124ms
[ok] request s70 turn0 ttft=604.534ms hit=0.0 e2e=1122.061ms
[ok] openhands s513 turn17 ttft=599.244ms hit=0.954651 e2e=1120.509ms
[ok] openhands s448 turn29 ttft=618.066ms hit=0.988789 e2e=1140.401ms
[ok] openhands s133 turn3 ttft=604.309ms hit=0.909737 e2e=1124.42ms
[ok] request s299 turn0 ttft=481.253ms hit=0.0 e2e=987.406ms
[ok] request s405 turn1 ttft=192.991ms hit=0.0 e2e=698.969ms
[ok] openhands s194 turn18 ttft=693.441ms hit=0.995818 e2e=1220.529ms
[ok] request s84 turn0 ttft=162.311ms hit=0.0 e2e=673.052ms
[ok] openhands s260 turn19 ttft=605.576ms hit=0.993314 e2e=1115.991ms
[ok] request s165 turn2 ttft=190.977ms hit=0.396899 e2e=700.592ms
[ok] request s183 turn0 ttft=136.774ms hit=0.0 e2e=1437.294ms
[ok] openhands s260 turn20 ttft=484.416ms hit=0.989576 e2e=1238.123ms
[ok] request s142 turn0 ttft=178.294ms hit=0.0 e2e=645.572ms
[ok] request s369 turn1 ttft=527.847ms hit=0.0 e2e=1327.65ms
[ok] request s261 turn0 ttft=481.743ms hit=0.0 e2e=1281.222ms
[ok] request s126 turn4 ttft=477.254ms hit=0.0 e2e=1082.823ms
[ok] openhands s133 turn4 ttft=599.733ms hit=0.81961 e2e=1403.972ms
[ok] openhands s194 turn19 ttft=551.759ms hit=0.991937 e2e=1161.611ms
[ok] request s165 turn3 ttft=173.835ms hit=0.0 e2e=646.24ms
[ok] openhands s448 turn30 ttft=482.7ms hit=0.974064 e2e=967.253ms
[ok] openhands s324 turn2 ttft=603.628ms hit=0.858884 e2e=1409.489ms
[ok] request s405 turn2 ttft=176.114ms hit=0.0 e2e=649.818ms
[ok] openhands s513 turn18 ttft=592.748ms hit=0.964824 e2e=1396.934ms
[ok] request s65 turn0 ttft=357.457ms hit=0.0 e2e=969.485ms
[ok] request s17 turn0 ttft=144.771ms hit=0.0 e2e=2123.234ms
[ok] request s341 turn0 ttft=659.281ms hit=0.0 e2e=1151.592ms
[ok] request s267 turn0 ttft=731.673ms hit=0.0 e2e=2106.845ms
[ok] request s381 turn0 ttft=457.356ms hit=0.0 e2e=957.388ms
[ok] request s245 turn0 ttft=148.89ms hit=0.0 e2e=640.974ms
[ok] openhands s448 turn31 ttft=817.723ms hit=0.949359 e2e=2154.354ms
[ok] request s65 turn1 ttft=536.283ms hit=0.520678 e2e=1615.046ms
[ok] openhands s133 turn5 ttft=676.36ms hit=0.926675 e2e=2175.697ms
[ok] openhands s194 turn20 ttft=1125.427ms hit=0.9946 e2e=2204.012ms
[ok] request s142 turn1 ttft=546.072ms hit=0.0 e2e=1623.374ms
[ok] openhands s324 turn3 ttft=706.928ms hit=0.955412 e2e=2208.011ms
[ok] request s379 turn0 ttft=838.914ms hit=0.0 e2e=1917.643ms
[ok] openhands s259 turn0 ttft=976.986ms hit=0.0 e2e=1600.534ms
[ok] request s369 turn2 ttft=544.177ms hit=0.0 e2e=1622.843ms
[ok] openhands s260 turn21 ttft=716.308ms hit=0.979836 e2e=2218.868ms
[ok] request s405 turn3 ttft=541.013ms hit=0.637609 e2e=1619.18ms
[ok] openhands s513 turn19 ttft=683.613ms hit=0.963154 e2e=2185.583ms
[ok] request s126 turn5 ttft=544.214ms hit=0.532225 e2e=1622.428ms
[ok] request s105 turn0 ttft=776.888ms hit=0.0 e2e=777.763ms
[ok] request s55 turn0 ttft=138.601ms hit=0.0 e2e=2149.82ms
[ok] request s126 turn6 ttft=1046.995ms hit=0.0 e2e=1905.656ms
[ok] request s142 turn2 ttft=1052.336ms hit=0.0 e2e=1913.199ms
[ok] request s356 turn0 ttft=1034.142ms hit=0.0 e2e=1894.152ms
[ok] openhands s194 turn21 ttft=1489.989ms hit=0.980063 e2e=2495.3ms
[ok] request s65 turn2 ttft=909.951ms hit=0.0 e2e=1920.816ms
[ok] openhands s324 turn4 ttft=1230.11ms hit=0.604063 e2e=2504.841ms
[ok] openhands s513 turn20 ttft=1194.406ms hit=0.964669 e2e=2468.257ms
[ok] request s117 turn0 ttft=1207.296ms hit=0.0 e2e=2216.644ms
[ok] openhands s259 turn1 ttft=724.975ms hit=0.776935 e2e=2481.09ms
[ok] openhands s133 turn6 ttft=1185.673ms hit=0.942414 e2e=2460.771ms
[ok] request s405 turn4 ttft=904.878ms hit=0.0 e2e=1915.987ms
[ok] request s267 turn1 ttft=1039.444ms hit=0.0 e2e=2050.283ms
[ok] openhands s448 turn32 ttft=763.044ms hit=0.9918 e2e=2520.695ms
[ok] request s369 turn3 ttft=908.0ms hit=0.0 e2e=1918.396ms
[ok] openhands s260 turn22 ttft=944.862ms hit=0.987412 e2e=2480.165ms
[ok] request s341 turn1 ttft=1043.651ms hit=0.0 e2e=2054.131ms
[ok] request s240 turn0 ttft=512.168ms hit=0.0 e2e=1269.412ms
[ok] request s454 turn0 ttft=209.331ms hit=0.0 e2e=952.999ms
[ok] request s105 turn1 ttft=404.903ms hit=0.0 e2e=1162.272ms
[ok] request s321 turn0 ttft=716.86ms hit=0.0 e2e=1588.607ms
[ok] request s72 turn0 ttft=140.805ms hit=0.0 e2e=710.203ms
[ok] request s55 turn1 ttft=138.365ms hit=0.0 e2e=1220.222ms
[ok] request s134 turn0 ttft=140.686ms hit=0.0 e2e=1091.246ms
[ok] request s341 turn2 ttft=529.102ms hit=0.0 e2e=1547.619ms
[ok] request s321 turn1 ttft=480.578ms hit=0.0 e2e=1843.469ms
[ok] request s439 turn0 ttft=449.391ms hit=0.0 e2e=1813.372ms
[ok] request s291 turn0 ttft=944.932ms hit=0.0 e2e=2396.446ms
[ok] request s65 turn3 ttft=489.488ms hit=0.833488 e2e=1853.287ms
[ok] openhands s324 turn5 ttft=804.902ms hit=0.98712 e2e=2431.576ms
[ok] openhands s259 turn2 ttft=928.651ms hit=0.969938 e2e=2384.801ms
[ok] openhands s260 turn23 ttft=1059.741ms hit=0.974915 e2e=2427.377ms
[ok] openhands s513 turn21 ttft=719.303ms hit=0.992218 e2e=2398.667ms
[ok] openhands s133 turn7 ttft=932.893ms hit=0.886929 e2e=2390.261ms
[ok] request s164 turn0 ttft=766.432ms hit=0.0 e2e=2135.746ms
[ok] request s126 turn7 ttft=498.122ms hit=0.788385 e2e=1867.206ms
[ok] openhands s194 turn22 ttft=772.901ms hit=0.98705 e2e=2453.849ms
[ok] request s405 turn5 ttft=490.152ms hit=0.782875 e2e=1858.8ms
[ok] request s267 turn2 ttft=485.615ms hit=0.274678 e2e=1856.518ms
[ok] request s105 turn2 ttft=486.22ms hit=0.0 e2e=1854.918ms
[ok] openhands s448 turn33 ttft=790.15ms hit=0.983467 e2e=2419.091ms
[ok] request s55 turn2 ttft=523.618ms hit=0.0 e2e=1265.617ms
[ok] request s303 turn0 ttft=253.314ms hit=0.0 e2e=872.31ms
[ok] request s504 turn0 ttft=561.66ms hit=0.0 e2e=1189.395ms
[ok] openhands s130 turn0 ttft=765.611ms hit=0.0 e2e=1508.089ms
[ok] request s549 turn0 ttft=134.467ms hit=0.0 e2e=276.89ms
[ok] request s232 turn0 ttft=140.591ms hit=0.0 e2e=611.425ms
[ok] request s561 turn0 ttft=263.986ms hit=0.0 e2e=878.539ms
[ok] openhands s260 turn24 ttft=962.026ms hit=0.990105 e2e=1583.432ms
[ok] request s439 turn1 ttft=384.504ms hit=0.3819 e2e=1005.679ms
[ok] openhands s133 turn8 ttft=796.02ms hit=0.952685 e2e=1589.243ms
[ok] openhands s513 turn22 ttft=761.304ms hit=0.974068 e2e=1559.468ms
[ok] request s319 turn0 ttft=896.754ms hit=0.0 e2e=1521.894ms
[ok] openhands s130 turn1 ttft=587.442ms hit=0.986671 e2e=1562.53ms
[ok] openhands s259 turn3 ttft=924.325ms hit=0.970408 e2e=1551.54ms
[ok] request s55 turn3 ttft=674.151ms hit=0.566372 e2e=1301.093ms
[ok] request s321 turn2 ttft=388.866ms hit=0.0 e2e=1015.593ms
[ok] openhands s324 turn6 ttft=577.514ms hit=0.849692 e2e=1601.632ms
[ok] request s164 turn1 ttft=381.571ms hit=0.424544 e2e=1007.916ms
[ok] request s405 turn6 ttft=380.085ms hit=0.83442 e2e=1006.223ms
[ok] request s267 turn3 ttft=376.16ms hit=0.637874 e2e=1002.123ms
[ok] openhands s448 turn34 ttft=781.185ms hit=0.977083 e2e=1581.686ms
[ok] request s81 turn0 ttft=580.897ms hit=0.0 e2e=1207.014ms
[ok] request s21 turn0 ttft=134.667ms hit=0.0 e2e=630.371ms
[ok] request s120 turn0 ttft=148.013ms hit=0.0 e2e=853.431ms
[ok] request s439 turn2 ttft=618.918ms hit=0.620499 e2e=897.757ms
[ok] request s164 turn2 ttft=391.896ms hit=0.517172 e2e=679.62ms
[ok] request s508 turn0 ttft=612.805ms hit=0.0 e2e=899.823ms
[ok] openhands s130 turn2 ttft=909.249ms hit=0.955075 e2e=1540.997ms
[ok] request s267 turn4 ttft=384.355ms hit=0.471021 e2e=954.173ms
[ok] openhands s133 turn9 ttft=769.832ms hit=0.978931 e2e=1552.123ms
[ok] openhands s259 turn4 ttft=885.352ms hit=0.987702 e2e=1522.003ms
[ok] request s137 turn0 ttft=928.466ms hit=0.0 e2e=1501.618ms
[ok] openhands s448 turn35 ttft=577.921ms hit=0.991486 e2e=1537.772ms
[ok] openhands s513 turn23 ttft=881.279ms hit=0.967328 e2e=1519.352ms
[ok] request s456 turn0 ttft=292.828ms hit=0.0 e2e=868.359ms
[ok] openhands s260 turn25 ttft=600.544ms hit=0.98961 e2e=1565.131ms
[ok] request s405 turn7 ttft=390.523ms hit=0.787913 e2e=964.827ms
[ok] openhands s324 turn7 ttft=762.257ms hit=0.87747 e2e=1546.561ms
[ok] request s249 turn0 ttft=136.579ms hit=0.0 e2e=595.564ms
[ok] request s499 turn0 ttft=137.104ms hit=0.0 e2e=1487.272ms
[ok] openhands s260 turn26 ttft=885.554ms hit=0.993538 e2e=1455.003ms
[ok] request s267 turn5 ttft=529.403ms hit=0.794723 e2e=884.866ms
[ok] openhands s130 turn3 ttft=606.959ms hit=0.894292 e2e=1448.345ms
[ok] openhands s324 turn8 ttft=892.55ms hit=0.891559 e2e=1466.93ms
[ok] request s439 turn3 ttft=606.33ms hit=0.730101 e2e=1180.502ms
[ok] openhands s513 turn24 ttft=606.533ms hit=0.992641 e2e=1476.879ms
[ok] request s367 turn0 ttft=824.856ms hit=0.0 e2e=1400.637ms
[ok] request s249 turn1 ttft=483.892ms hit=0.0 e2e=840.151ms
[ok] openhands s448 turn36 ttft=691.963ms hit=0.974004 e2e=1053.57ms
[ok] openhands s133 turn10 ttft=612.435ms hit=0.979904 e2e=1484.596ms
[ok] request s456 turn1 ttft=523.08ms hit=0.0 e2e=886.411ms
[ok] openhands s259 turn5 ttft=603.032ms hit=0.977332 e2e=1446.69ms
[ok] request s508 turn1 ttft=810.235ms hit=0.0 e2e=1172.717ms
[ok] openhands s260 turn27 ttft=633.895ms hit=0.996573 e2e=956.89ms
[ok] openhands s130 turn4 ttft=675.943ms hit=0.974934 e2e=1120.37ms
[ok] openhands s259 turn6 ttft=691.926ms hit=0.975553 e2e=1136.15ms
[ok] request s249 turn2 ttft=234.89ms hit=0.479625 e2e=550.153ms
[ok] openhands s133 turn11 ttft=566.445ms hit=0.982904 e2e=1144.811ms
[ok] request s499 turn1 ttft=475.386ms hit=0.0 e2e=804.01ms
[ok] request s456 turn2 ttft=232.655ms hit=0.0 e2e=551.527ms
[ok] openhands s324 turn9 ttft=447.663ms hit=0.909271 e2e=1152.34ms
[ok] openhands s513 turn25 ttft=556.62ms hit=0.990412 e2e=1135.66ms
[ok] openhands s130 turn5 ttft=799.108ms hit=0.973582 e2e=1088.012ms
[ok] openhands s259 turn7 ttft=796.449ms hit=0.976647 e2e=1084.646ms
[ok] request s456 turn3 ttft=371.901ms hit=0.0 e2e=662.246ms
[ok] openhands s133 turn12 ttft=670.648ms hit=0.980426 e2e=1082.028ms
[ok] request s499 turn2 ttft=219.652ms hit=0.0 e2e=503.579ms
[ok] openhands s260 turn28 ttft=551.177ms hit=0.910087 e2e=1103.221ms
[ok] openhands s324 turn10 ttft=664.916ms hit=0.957309 e2e=1076.65ms
[ok] request s456 turn4 ttft=423.966ms hit=0.0 e2e=706.858ms
[ok] openhands s260 turn29 ttft=738.91ms hit=0.991937 e2e=1024.069ms
[ok] openhands s259 turn8 ttft=759.462ms hit=0.982135 e2e=1043.789ms
[ok] openhands s133 turn13 ttft=450.421ms hit=0.941869 e2e=1039.042ms
[ok] request s499 turn3 ttft=166.586ms hit=0.0 e2e=449.884ms
[ok] openhands s130 turn6 ttft=412.491ms hit=0.973254 e2e=1050.247ms
[ok] openhands s324 turn11 ttft=624.58ms hit=0.926597 e2e=1034.5ms
[ok] openhands s260 turn30 ttft=787.743ms hit=0.993654 e2e=1079.955ms
[ok] openhands s133 turn14 ttft=823.637ms hit=0.932839 e2e=1242.2ms
[ok] openhands s324 turn12 ttft=974.699ms hit=0.992758 e2e=1269.622ms
[ok] openhands s130 turn7 ttft=562.089ms hit=0.936605 e2e=1274.226ms
[ok] request s499 turn4 ttft=388.169ms hit=0.0 e2e=680.211ms
[ok] openhands s259 turn9 ttft=554.182ms hit=0.951829 e2e=1279.987ms
[ok] openhands s448 turn37 ttft=840.994ms hit=0.908543 e2e=1262.484ms
[ok] openhands s260 turn31 ttft=1100.63ms hit=0.996511 e2e=1244.362ms
[ok] openhands s133 turn15 ttft=364.046ms hit=0.936567 e2e=643.082ms
[ok] openhands s448 turn38 ttft=963.758ms hit=0.995505 e2e=1244.681ms
[ok] openhands s259 turn10 ttft=948.326ms hit=0.833456 e2e=1228.385ms
[ok] openhands s324 turn13 ttft=673.158ms hit=0.904769 e2e=1254.254ms
[ok] openhands s130 turn8 ttft=820.346ms hit=0.990947 e2e=1223.968ms
[ok] openhands s133 turn16 ttft=724.192ms hit=0.978967 e2e=875.366ms
[ok] openhands s324 turn14 ttft=450.662ms hit=0.993724 e2e=887.423ms
[ok] openhands s448 turn39 ttft=590.008ms hit=0.982926 e2e=869.481ms
[ok] openhands s130 turn9 ttft=601.682ms hit=0.976318 e2e=880.796ms
[ok] openhands s259 turn11 ttft=582.758ms hit=0.892132 e2e=875.926ms
[ok] openhands s259 turn12 ttft=561.668ms hit=0.9702 e2e=972.858ms
[ok] openhands s130 turn10 ttft=581.019ms hit=0.976567 e2e=979.693ms
[ok] openhands s448 turn40 ttft=570.513ms hit=0.983966 e2e=968.815ms
[ok] openhands s324 turn15 ttft=427.914ms hit=0.988833 e2e=989.778ms
[ok] openhands s133 turn17 ttft=193.7ms hit=0.98343 e2e=838.935ms
[ok] openhands s259 turn13 ttft=774.0ms hit=0.984693 e2e=1000.81ms
[ok] openhands s324 turn16 ttft=762.462ms hit=0.989128 e2e=999.689ms
[ok] openhands s130 turn11 ttft=648.366ms hit=0.986097 e2e=1153.988ms
[ok] openhands s448 turn41 ttft=629.513ms hit=0.994572 e2e=1140.454ms
[ok] openhands s133 turn18 ttft=196.815ms hit=0.963205 e2e=620.726ms
[ok] openhands s324 turn17 ttft=325.422ms hit=0.990813 e2e=802.432ms
[ok] openhands s448 turn42 ttft=451.329ms hit=0.993998 e2e=796.71ms
[ok] openhands s133 turn19 ttft=283.252ms hit=0.962251 e2e=622.948ms
[ok] openhands s324 turn18 ttft=540.256ms hit=0.990227 e2e=662.902ms
[ok] openhands s448 turn43 ttft=332.257ms hit=0.98409 e2e=577.993ms
[ok] openhands s133 turn20 ttft=191.674ms hit=0.981522 e2e=434.692ms
[ok] openhands s133 turn21 ttft=206.32ms hit=0.94484 e2e=449.991ms
[ok] openhands s133 turn22 ttft=205.859ms hit=0.940862 e2e=451.158ms
[ok] openhands s133 turn23 ttft=206.438ms hit=0.958314 e2e=451.303ms
[ok] openhands s133 turn24 ttft=201.248ms hit=0.980485 e2e=444.887ms
[ok] openhands s133 turn25 ttft=204.461ms hit=0.967842 e2e=447.844ms
[ok] openhands s133 turn26 ttft=204.525ms hit=0.977185 e2e=449.819ms
[ok] openhands s133 turn27 ttft=206.257ms hit=0.99173 e2e=449.596ms
[ok] openhands s133 turn28 ttft=207.556ms hit=0.984105 e2e=451.022ms
[ok] openhands s133 turn29 ttft=208.86ms hit=0.925227 e2e=452.732ms
[ok] request s432 turn0 ttft=316.281ms hit=0.0 e2e=799.375ms
[ok] openhands s133 turn30 ttft=622.602ms hit=0.963863 e2e=1110.632ms
[ok] openhands s257 turn0 ttft=630.643ms hit=0.0 e2e=1118.576ms
[ok] request s489 turn0 ttft=130.084ms hit=0.0 e2e=522.127ms
[ok] request s520 turn0 ttft=130.232ms hit=0.0 e2e=616.44ms
[ok] request s569 turn0 ttft=130.078ms hit=0.0 e2e=495.004ms
[ok] openhands s257 turn1 ttft=277.758ms hit=0.960177 e2e=645.509ms
[ok] request s64 turn0 ttft=136.361ms hit=0.0 e2e=615.276ms
[ok] request s189 turn0 ttft=148.575ms hit=0.0 e2e=511.965ms
[ok] openhands s257 turn2 ttft=283.958ms hit=0.928786 e2e=651.132ms
[ok] request s277 turn0 ttft=129.67ms hit=0.0 e2e=610.047ms
[ok] request s482 turn0 ttft=167.147ms hit=0.0 e2e=766.905ms
[ok] openhands s257 turn3 ttft=284.608ms hit=0.924188 e2e=887.586ms
[ok] request s200 turn0 ttft=230.269ms hit=0.0 e2e=276.246ms
[ok] request s188 turn0 ttft=145.83ms hit=0.0 e2e=1244.684ms
[ok] request s189 turn1 ttft=134.125ms hit=0.417278 e2e=1119.219ms
[ok] request s174 turn0 ttft=133.105ms hit=0.0 e2e=1120.59ms
[ok] request s277 turn1 ttft=286.064ms hit=0.0 e2e=923.361ms
[ok] openhands s257 turn4 ttft=299.481ms hit=0.853618 e2e=1050.362ms
[ok] request s422 turn0 ttft=260.549ms hit=0.0 e2e=892.899ms
[ok] request s482 turn1 ttft=176.041ms hit=0.0 e2e=795.97ms
[ok] request s536 turn0 ttft=131.922ms hit=0.0 e2e=744.052ms
[ok] request s421 turn0 ttft=212.958ms hit=0.0 e2e=960.493ms
[ok] openhands s257 turn5 ttft=296.4ms hit=0.916349 e2e=1048.02ms
[ok] request s435 turn0 ttft=232.641ms hit=0.0 e2e=1851.741ms
[ok] request s189 turn2 ttft=252.168ms hit=0.558038 e2e=1877.639ms
[ok] request s482 turn2 ttft=251.497ms hit=0.0 e2e=1636.179ms
[ok] openhands s131 turn0 ttft=187.044ms hit=0.527045 e2e=1561.668ms
[ok] request s552 turn0 ttft=159.986ms hit=0.0 e2e=560.741ms
[ok] openhands s257 turn6 ttft=886.752ms hit=0.495874 e2e=1410.414ms
[ok] request s16 turn0 ttft=672.932ms hit=0.0 e2e=1199.042ms
[ok] request s536 turn1 ttft=372.77ms hit=0.0 e2e=1441.936ms
[ok] request s325 turn0 ttft=468.269ms hit=0.0 e2e=881.066ms
[ok] request s516 turn0 ttft=243.285ms hit=0.0 e2e=1517.07ms
[ok] openhands s131 turn1 ttft=160.186ms hit=0.913796 e2e=531.061ms
[ok] request s179 turn0 ttft=137.683ms hit=0.0 e2e=508.319ms
[ok] request s246 turn0 ttft=146.84ms hit=0.0 e2e=1281.471ms
[ok] openhands s257 turn7 ttft=217.056ms hit=0.95469 e2e=1352.546ms
[ok] openhands s131 turn2 ttft=265.822ms hit=0.896387 e2e=1561.38ms
[ok] request s230 turn0 ttft=144.553ms hit=0.0 e2e=1439.064ms
[ok] request s435 turn1 ttft=229.503ms hit=0.0 e2e=1523.666ms
[ok] request s516 turn1 ttft=143.518ms hit=0.0 e2e=1328.581ms
[ok] request s403 turn0 ttft=130.142ms hit=0.0 e2e=1466.595ms
[ok] request s179 turn1 ttft=361.242ms hit=0.0 e2e=1327.013ms
[ok] request s57 turn0 ttft=217.227ms hit=0.0 e2e=1167.261ms
[ok] request s170 turn0 ttft=263.981ms hit=0.0 e2e=945.292ms
[ok] openhands s257 turn8 ttft=257.342ms hit=0.966003 e2e=931.851ms
[ok] request s500 turn0 ttft=134.859ms hit=0.0 e2e=825.02ms
[ok] openhands s131 turn3 ttft=320.766ms hit=0.930345 e2e=1454.177ms
[ok] request s406 turn0 ttft=185.176ms hit=0.0 e2e=1316.559ms
[ok] request s273 turn0 ttft=188.31ms hit=0.0 e2e=1823.63ms
[ok] request s119 turn0 ttft=616.411ms hit=0.0 e2e=1594.849ms
[ok] request s435 turn2 ttft=797.065ms hit=0.0 e2e=1777.395ms
[ok] openhands s257 turn9 ttft=857.069ms hit=0.702359 e2e=1835.976ms
[ok] request s179 turn2 ttft=439.953ms hit=0.0 e2e=1417.483ms
[ok] request s215 turn0 ttft=302.648ms hit=0.0 e2e=1280.891ms
[ok] request s516 turn2 ttft=756.45ms hit=0.0 e2e=1737.99ms
[ok] openhands s2 turn0 ttft=620.605ms hit=0.228146 e2e=1267.187ms
[ok] openhands s131 turn4 ttft=561.494ms hit=0.852538 e2e=1208.28ms
[ok] request s332 turn0 ttft=306.462ms hit=0.0 e2e=951.332ms
[ok] request s242 turn0 ttft=129.958ms hit=0.0 e2e=701.181ms
[ok] openhands s257 turn10 ttft=244.558ms hit=0.992425 e2e=1102.325ms
[ok] request s436 turn0 ttft=248.718ms hit=0.0 e2e=1113.983ms
[ok] openhands s2 turn1 ttft=347.88ms hit=0.975393 e2e=1049.477ms
[ok] openhands s131 turn5 ttft=502.513ms hit=0.88772 e2e=1030.998ms
[ok] request s273 turn1 ttft=325.265ms hit=0.0 e2e=849.469ms
[ok] request s32 turn0 ttft=345.894ms hit=0.0 e2e=1050.111ms
[ok] request s179 turn3 ttft=229.493ms hit=0.451499 e2e=752.464ms
[ok] request s224 turn0 ttft=210.17ms hit=0.0 e2e=734.34ms
[ok] request s435 turn3 ttft=232.817ms hit=0.377025 e2e=756.706ms
[ok] request s391 turn0 ttft=134.917ms hit=0.0 e2e=896.338ms
[ok] openhands s2 turn2 ttft=357.41ms hit=0.946288 e2e=750.87ms
[ok] openhands s131 turn6 ttft=344.941ms hit=0.87456 e2e=738.699ms
[ok] request s35 turn0 ttft=339.06ms hit=0.0 e2e=853.255ms
[ok] request s15 turn0 ttft=140.549ms hit=0.0 e2e=534.866ms
[ok] openhands s257 turn11 ttft=368.205ms hit=0.986749 e2e=1008.499ms
[ok] request s292 turn0 ttft=528.128ms hit=0.0 e2e=848.999ms
[ok] request s409 turn0 ttft=138.851ms hit=0.0 e2e=1545.428ms
[ok] openhands s131 turn7 ttft=692.79ms hit=0.833725 e2e=1591.689ms
[ok] request s333 turn0 ttft=846.991ms hit=0.0 e2e=1515.851ms
[ok] openhands s257 turn12 ttft=711.209ms hit=0.939349 e2e=1610.88ms
[ok] request s169 turn0 ttft=453.945ms hit=0.0 e2e=882.769ms
[ok] openhands s2 turn3 ttft=444.587ms hit=0.907423 e2e=1616.613ms
[ok] request s296 turn0 ttft=158.001ms hit=0.0 e2e=565.556ms
[ok] request s35 turn1 ttft=462.457ms hit=0.0 e2e=1017.141ms
[ok] request s343 turn0 ttft=141.267ms hit=0.0 e2e=1482.121ms
[ok] openhands s131 turn8 ttft=605.978ms hit=0.920094 e2e=1536.916ms
[ok] request s6 turn0 ttft=557.286ms hit=0.0 e2e=1487.938ms
[ok] openhands s257 turn13 ttft=436.705ms hit=0.983515 e2e=1549.944ms
[ok] request s292 turn1 ttft=375.51ms hit=0.0 e2e=1310.486ms
[ok] request s169 turn1 ttft=422.47ms hit=0.0 e2e=959.42ms
[ok] openhands s2 turn4 ttft=313.551ms hit=0.933273 e2e=1558.659ms
[ok] request s532 turn0 ttft=319.809ms hit=0.0 e2e=856.281ms
[ok] openhands s384 turn0 ttft=634.329ms hit=0.221418 e2e=1173.282ms
[ok] request s140 turn0 ttft=135.764ms hit=0.0 e2e=547.202ms
[ok] request s272 turn0 ttft=551.825ms hit=0.0 e2e=907.695ms
[ok] request s570 turn0 ttft=140.686ms hit=0.0 e2e=1251.847ms
[ok] request s169 turn2 ttft=299.534ms hit=0.544102 e2e=728.4ms
[ok] openhands s131 turn9 ttft=639.127ms hit=0.869976 e2e=1321.842ms
[ok] openhands s257 turn14 ttft=753.098ms hit=0.989813 e2e=1298.337ms
[ok] openhands s384 turn1 ttft=642.752ms hit=0.671413 e2e=1328.555ms
[ok] request s6 turn1 ttft=304.825ms hit=0.0 e2e=738.074ms
[ok] openhands s2 turn5 ttft=382.181ms hit=0.943605 e2e=1333.361ms
[ok] request s250 turn0 ttft=179.506ms hit=0.0 e2e=604.286ms
[ok] request s292 turn2 ttft=302.164ms hit=0.0 e2e=735.294ms
[ok] request s408 turn0 ttft=489.822ms hit=0.0 e2e=922.599ms
[ok] request s140 turn1 ttft=294.176ms hit=0.0 e2e=726.655ms
[ok] request s477 turn0 ttft=137.325ms hit=0.0 e2e=1177.098ms
[ok] request s446 turn0 ttft=568.197ms hit=0.0 e2e=1116.804ms
[ok] openhands s257 turn15 ttft=574.819ms hit=0.987691 e2e=1237.48ms
[ok] openhands s2 turn6 ttft=463.086ms hit=0.975445 e2e=1262.074ms
[ok] openhands s131 turn10 ttft=566.282ms hit=0.871603 e2e=1232.282ms
[ok] openhands s384 turn2 ttft=322.88ms hit=0.908331 e2e=1268.009ms
[ok] request s305 turn0 ttft=268.07ms hit=0.0 e2e=921.137ms
[ok] request s292 turn3 ttft=256.956ms hit=0.0 e2e=671.322ms
[ok] request s399 turn0 ttft=196.525ms hit=0.0 e2e=610.76ms
[ok] request s6 turn2 ttft=251.818ms hit=0.0 e2e=676.284ms
[ok] request s382 turn0 ttft=140.395ms hit=0.0 e2e=584.592ms
[ok] request s49 turn0 ttft=652.13ms hit=0.0 e2e=792.506ms
[ok] openhands s131 turn11 ttft=1292.305ms hit=0.454406 e2e=1710.438ms
[ok] openhands s257 turn16 ttft=1288.815ms hit=0.988305 e2e=1706.132ms
[ok] openhands s384 turn3 ttft=497.634ms hit=0.985895 e2e=1724.04ms
[ok] request s348 turn0 ttft=1280.777ms hit=0.0 e2e=1702.113ms
[ok] request s51 turn0 ttft=968.383ms hit=0.0 e2e=1390.441ms
[ok] request s382 turn1 ttft=420.746ms hit=0.0 e2e=840.397ms
[ok] openhands s2 turn7 ttft=309.567ms hit=0.978032 e2e=1729.592ms
[ok] request s236 turn0 ttft=334.796ms hit=0.0 e2e=755.374ms
[ok] request s49 turn1 ttft=137.558ms hit=0.0 e2e=788.106ms
[ok] openhands s2 turn8 ttft=450.351ms hit=0.973099 e2e=953.666ms
[ok] openhands s131 turn12 ttft=446.134ms hit=0.955556 e2e=949.591ms
[ok] openhands s257 turn17 ttft=449.952ms hit=0.982616 e2e=963.686ms
[ok] openhands s384 turn4 ttft=323.694ms hit=0.980194 e2e=970.845ms
[ok] request s382 turn2 ttft=134.848ms hit=0.0 e2e=1018.47ms
[ok] request s51 turn1 ttft=136.563ms hit=0.0 e2e=1020.776ms
[ok] request s49 turn2 ttft=141.265ms hit=0.0 e2e=902.859ms
[ok] openhands s131 turn13 ttft=577.263ms hit=0.91072 e2e=837.271ms
[ok] openhands s257 turn18 ttft=474.979ms hit=0.994981 e2e=847.49ms
[ok] openhands s384 turn5 ttft=569.219ms hit=0.931653 e2e=831.708ms
[ok] openhands s2 turn9 ttft=327.032ms hit=0.981356 e2e=853.75ms
[ok] openhands s384 turn6 ttft=606.347ms hit=0.965086 e2e=1360.645ms
[ok] openhands s131 turn14 ttft=1071.795ms hit=0.749471 e2e=1346.244ms
[ok] openhands s2 turn10 ttft=612.491ms hit=0.925035 e2e=1367.598ms
[ok] request s51 turn2 ttft=714.879ms hit=0.0 e2e=991.361ms
[ok] openhands s257 turn19 ttft=400.743ms hit=0.995911 e2e=1378.296ms
[ok] openhands s384 turn7 ttft=380.351ms hit=0.950004 e2e=743.131ms
[ok] openhands s257 turn20 ttft=385.175ms hit=0.991855 e2e=752.853ms
[ok] request s51 turn3 ttft=137.392ms hit=0.691892 e2e=701.781ms
[ok] openhands s384 turn8 ttft=462.224ms hit=0.879948 e2e=710.087ms
[ok] openhands s2 turn11 ttft=409.694ms hit=0.979592 e2e=659.419ms
[ok] openhands s257 turn21 ttft=414.73ms hit=0.961609 e2e=722.019ms
[ok] request s51 turn4 ttft=219.28ms hit=0.704403 e2e=476.19ms
[ok] openhands s2 turn12 ttft=499.29ms hit=0.98074 e2e=896.31ms
[ok] openhands s257 turn22 ttft=596.967ms hit=0.98289 e2e=870.819ms
[ok] openhands s384 turn9 ttft=368.484ms hit=0.910336 e2e=903.057ms
[ok] openhands s384 turn10 ttft=449.507ms hit=0.989364 e2e=862.842ms
[ok] openhands s257 turn23 ttft=450.357ms hit=0.959224 e2e=848.165ms
[ok] openhands s2 turn13 ttft=319.274ms hit=0.987953 e2e=870.618ms
[ok] request s51 turn5 ttft=173.84ms hit=0.0 e2e=835.785ms
[ok] openhands s257 turn24 ttft=520.39ms hit=0.947226 e2e=779.669ms
[ok] openhands s2 turn14 ttft=515.658ms hit=0.987096 e2e=770.615ms
[ok] openhands s384 turn11 ttft=369.611ms hit=0.98719 e2e=786.916ms
[ok] openhands s384 turn12 ttft=404.924ms hit=0.984838 e2e=651.557ms
[ok] openhands s257 turn25 ttft=411.119ms hit=0.990874 e2e=663.12ms
[ok] openhands s384 turn13 ttft=407.995ms hit=0.989531 e2e=652.981ms
[ok] openhands s257 turn26 ttft=410.397ms hit=0.986763 e2e=664.103ms
[ok] openhands s384 turn14 ttft=403.515ms hit=0.992725 e2e=648.393ms
[ok] openhands s257 turn27 ttft=409.845ms hit=0.980825 e2e=660.422ms
[ok] openhands s257 turn28 ttft=287.026ms hit=0.988381 e2e=533.593ms
[ok] openhands s257 turn29 ttft=288.845ms hit=0.986736 e2e=534.901ms
[ok] openhands s257 turn30 ttft=292.697ms hit=0.985144 e2e=538.769ms
[ok] openhands s257 turn31 ttft=440.267ms hit=0.920818 e2e=687.374ms
[ok] openhands s257 turn32 ttft=304.008ms hit=0.985547 e2e=551.538ms
[ok] request s286 turn0 ttft=184.162ms hit=0.0 e2e=1172.58ms
[ok] request s285 turn0 ttft=495.179ms hit=0.0 e2e=1490.154ms
[ok] openhands s447 turn0 ttft=692.669ms hit=0.186886 e2e=1803.549ms
[ok] request s429 turn0 ttft=148.551ms hit=0.0 e2e=640.633ms
[ok] request s462 turn0 ttft=458.277ms hit=0.0 e2e=959.062ms
[ok] request s229 turn0 ttft=662.513ms hit=0.0 e2e=1277.487ms
[ok] request s347 turn0 ttft=200.603ms hit=0.0 e2e=808.036ms
[ok] openhands s447 turn1 ttft=289.844ms hit=0.977936 e2e=902.014ms
[ok] request s300 turn0 ttft=127.044ms hit=0.0 e2e=869.684ms
[ok] request s286 turn1 ttft=127.504ms hit=0.0 e2e=760.851ms
[ok] request s451 turn0 ttft=126.096ms hit=0.0 e2e=645.575ms
[ok] request s13 turn0 ttft=181.337ms hit=0.0 e2e=792.768ms
[ok] request s462 turn1 ttft=207.299ms hit=0.0 e2e=820.706ms
[ok] openhands s447 turn2 ttft=319.303ms hit=0.836972 e2e=936.876ms
[ok] request s558 turn0 ttft=132.227ms hit=0.0 e2e=946.551ms
[ok] request s347 turn1 ttft=131.732ms hit=0.357043 e2e=833.101ms
[ok] request s152 turn0 ttft=129.05ms hit=0.0 e2e=858.584ms
[ok] request s451 turn1 ttft=274.464ms hit=0.0 e2e=786.227ms
[ok] request s114 turn0 ttft=251.488ms hit=0.0 e2e=763.848ms
[ok] openhands s447 turn3 ttft=401.261ms hit=0.796551 e2e=919.957ms
[ok] request s103 turn0 ttft=172.41ms hit=0.0 e2e=658.924ms
[ok] request s566 turn0 ttft=130.059ms hit=0.0 e2e=598.539ms
[ok] request s244 turn0 ttft=241.495ms hit=0.0 e2e=1190.015ms
[ok] openhands s447 turn4 ttft=424.687ms hit=0.882514 e2e=1377.44ms
[ok] request s503 turn0 ttft=316.058ms hit=0.0 e2e=926.242ms
[ok] request s114 turn1 ttft=537.124ms hit=0.0 e2e=1152.011ms
[ok] openhands s510 turn0 ttft=631.841ms hit=0.224884 e2e=1246.817ms
[ok] request s466 turn0 ttft=130.411ms hit=0.0 e2e=661.278ms
[ok] request s524 turn0 ttft=254.001ms hit=0.0 e2e=509.107ms
[ok] openhands s447 turn5 ttft=318.539ms hit=0.976605 e2e=688.33ms
[ok] request s538 turn0 ttft=151.02ms hit=0.0 e2e=393.305ms
[ok] openhands s510 turn1 ttft=173.771ms hit=0.923146 e2e=416.178ms
[ok] request s97 turn0 ttft=175.049ms hit=0.0 e2e=451.733ms
[ok] request s466 turn1 ttft=183.149ms hit=0.0 e2e=800.071ms
[ok] request s503 turn1 ttft=234.345ms hit=0.0 e2e=853.107ms
[ok] openhands s510 turn2 ttft=410.067ms hit=0.983306 e2e=1033.337ms
[ok] request s168 turn0 ttft=371.843ms hit=0.0 e2e=1109.394ms
[ok] openhands s447 turn6 ttft=377.02ms hit=0.987921 e2e=1114.146ms
[ok] request s538 turn1 ttft=209.748ms hit=0.0 e2e=1500.621ms
[ok] request s437 turn0 ttft=248.088ms hit=0.0 e2e=1545.828ms
[ok] request s225 turn0 ttft=126.39ms hit=0.0 e2e=1420.733ms
[ok] request s359 turn0 ttft=528.601ms hit=0.0 e2e=929.162ms
[ok] request s466 turn2 ttft=405.915ms hit=0.0 e2e=807.243ms
[ok] request s184 turn0 ttft=217.809ms hit=0.0 e2e=614.018ms
[ok] request s97 turn1 ttft=635.788ms hit=0.0 e2e=1150.58ms
[ok] request s74 turn0 ttft=735.531ms hit=0.0 e2e=1251.044ms
[ok] openhands s447 turn7 ttft=879.651ms hit=0.989173 e2e=1395.911ms
[ok] openhands s510 turn3 ttft=891.481ms hit=0.472224 e2e=1406.332ms
[ok] request s490 turn0 ttft=130.763ms hit=0.0 e2e=505.222ms
[ok] request s427 turn0 ttft=426.698ms hit=0.0 e2e=854.977ms
[ok] request s97 turn2 ttft=207.741ms hit=0.0 e2e=1198.127ms
[ok] request s163 turn0 ttft=334.162ms hit=0.0 e2e=1462.377ms
[ok] request s466 turn3 ttft=211.017ms hit=0.535565 e2e=1204.574ms
[ok] request s225 turn1 ttft=347.27ms hit=0.0 e2e=1350.991ms
[ok] request s425 turn0 ttft=156.236ms hit=0.0 e2e=1151.179ms
[ok] request s359 turn1 ttft=211.93ms hit=0.266945 e2e=1206.493ms
[ok] request s538 turn2 ttft=301.17ms hit=0.473198 e2e=1545.618ms
[ok] openhands s447 turn8 ttft=323.956ms hit=0.987595 e2e=1568.005ms
[ok] openhands s510 turn4 ttft=321.99ms hit=0.970733 e2e=1803.699ms
[ok] openhands s258 turn0 ttft=629.226ms hit=0.210511 e2e=1253.42ms
[ok] request s93 turn0 ttft=317.933ms hit=0.0 e2e=937.43ms
[ok] request s43 turn0 ttft=137.637ms hit=0.0 e2e=671.457ms
[ok] request s331 turn0 ttft=226.397ms hit=0.0 e2e=972.207ms
[ok] openhands s447 turn9 ttft=322.28ms hit=0.988825 e2e=1067.822ms
[ok] openhands s510 turn5 ttft=326.209ms hit=0.991364 e2e=1077.981ms
[ok] request s445 turn0 ttft=167.452ms hit=0.0 e2e=1878.491ms
[ok] openhands s258 turn1 ttft=176.961ms hit=0.978536 e2e=1893.276ms
[ok] request s359 turn2 ttft=364.858ms hit=0.477315 e2e=1731.824ms
[ok] request s335 turn0 ttft=217.01ms hit=0.0 e2e=1581.2ms
[ok] request s97 turn3 ttft=253.837ms hit=0.0 e2e=1739.868ms
[ok] request s225 turn2 ttft=366.707ms hit=0.0 e2e=1736.044ms
[ok] request s355 turn0 ttft=126.9ms hit=0.0 e2e=785.445ms
[ok] request s43 turn1 ttft=262.589ms hit=0.0 e2e=1737.971ms
[ok] request s542 turn0 ttft=265.208ms hit=0.0 e2e=1740.283ms
[ok] request s346 turn0 ttft=639.393ms hit=0.0 e2e=1422.103ms
[ok] openhands s447 turn10 ttft=525.192ms hit=0.971112 e2e=1698.39ms
[ok] request s185 turn0 ttft=434.74ms hit=0.0 e2e=1106.29ms
[ok] openhands s510 turn6 ttft=365.503ms hit=0.976184 e2e=1720.199ms
[ok] openhands s258 turn2 ttft=233.581ms hit=0.978367 e2e=857.237ms
[ok] request s444 turn0 ttft=248.965ms hit=0.0 e2e=877.483ms
[ok] request s40 turn0 ttft=132.273ms hit=0.0 e2e=668.144ms
[ok] request s468 turn0 ttft=201.444ms hit=0.0 e2e=1097.336ms
[ok] request s335 turn1 ttft=241.983ms hit=0.0 e2e=1140.139ms
[ok] request s359 turn3 ttft=243.384ms hit=0.665223 e2e=1142.265ms
[ok] openhands s510 turn7 ttft=310.982ms hit=0.985727 e2e=1208.956ms
[ok] openhands s447 turn11 ttft=335.548ms hit=0.969011 e2e=1242.228ms
[ok] request s541 turn0 ttft=149.462ms hit=0.0 e2e=378.687ms
[ok] request s59 turn0 ttft=214.998ms hit=0.0 e2e=699.008ms
[ok] request s90 turn0 ttft=281.212ms hit=0.0 e2e=1839.573ms
[ok] request s43 turn2 ttft=290.401ms hit=0.561404 e2e=1720.906ms
[ok] request s355 turn1 ttft=290.77ms hit=0.0 e2e=1726.54ms
[ok] request s185 turn1 ttft=397.625ms hit=0.0 e2e=1720.351ms
[ok] request s346 turn1 ttft=286.518ms hit=0.830105 e2e=1722.084ms
[ok] openhands s258 turn3 ttft=303.001ms hit=0.978136 e2e=1865.93ms
[ok] request s542 turn1 ttft=400.826ms hit=0.0 e2e=1723.545ms
[ok] request s335 turn2 ttft=395.357ms hit=0.0 e2e=1054.331ms
[ok] request s559 turn0 ttft=206.631ms hit=0.0 e2e=852.562ms
[ok] request s59 turn1 ttft=175.998ms hit=0.0 e2e=821.606ms
[ok] request s410 turn0 ttft=392.427ms hit=0.0 e2e=1170.949ms
[ok] openhands s1 turn0 ttft=711.146ms hit=0.225894 e2e=1490.466ms
[ok] openhands s510 turn8 ttft=706.704ms hit=0.988939 e2e=1605.627ms
[ok] openhands s447 turn12 ttft=466.87ms hit=0.890435 e2e=1633.304ms
[ok] request s431 turn0 ttft=235.065ms hit=0.0 e2e=1132.385ms
[ok] openhands s258 turn4 ttft=291.71ms hit=0.980092 e2e=1193.392ms
[ok] request s280 turn0 ttft=131.647ms hit=0.0 e2e=1164.386ms
[ok] request s346 turn2 ttft=409.241ms hit=0.918807 e2e=1183.343ms
[ok] openhands s447 turn13 ttft=389.906ms hit=0.990033 e2e=1163.89ms
[ok] request s146 turn0 ttft=316.626ms hit=0.0 e2e=1094.037ms
[ok] request s185 turn2 ttft=400.442ms hit=0.0 e2e=1188.67ms
[ok] openhands s1 turn1 ttft=390.462ms hit=0.975935 e2e=1179.516ms
[ok] openhands s510 turn9 ttft=397.303ms hit=0.988094 e2e=1185.463ms
[ok] request s355 turn2 ttft=266.77ms hit=0.0 e2e=1190.773ms
[ok] request s352 turn0 ttft=139.843ms hit=0.0 e2e=1007.681ms
[ok] openhands s258 turn5 ttft=276.931ms hit=0.881348 e2e=2209.888ms
[ok] request s310 turn0 ttft=143.256ms hit=0.0 e2e=2079.888ms
[ok] request s335 turn3 ttft=268.012ms hit=0.6658 e2e=2215.094ms
[ok] request s59 turn2 ttft=263.354ms hit=0.0 e2e=2210.104ms
[ok] request s248 turn0 ttft=469.503ms hit=0.0 e2e=601.194ms
[ok] request s125 turn0 ttft=142.538ms hit=0.0 e2e=2171.267ms
[ok] request s293 turn0 ttft=408.311ms hit=0.0 e2e=1882.456ms
[ok] request s346 turn3 ttft=886.473ms hit=0.0 e2e=1782.826ms
[ok] request s352 turn1 ttft=648.48ms hit=0.0 e2e=1546.585ms
[ok] request s148 turn0 ttft=671.192ms hit=0.0 e2e=1568.964ms
[ok] request s185 turn3 ttft=881.698ms hit=0.0 e2e=1779.108ms
[ok] request s560 turn0 ttft=549.781ms hit=0.0 e2e=2203.282ms
[ok] request s79 turn0 ttft=155.231ms hit=0.0 e2e=935.544ms
[ok] openhands s447 turn14 ttft=665.426ms hit=0.991783 e2e=2321.878ms
[ok] openhands s510 turn10 ttft=594.731ms hit=0.985443 e2e=2377.964ms
[ok] openhands s1 turn2 ttft=465.161ms hit=0.666348 e2e=2381.197ms
[ok] request s290 turn0 ttft=211.961ms hit=0.0 e2e=1407.283ms
[ok] openhands s258 turn6 ttft=301.257ms hit=0.964709 e2e=1500.917ms
[ok] request s171 turn0 ttft=129.843ms hit=0.0 e2e=1473.133ms
[ok] request s335 turn4 ttft=383.829ms hit=0.842105 e2e=1378.72ms
[ok] request s125 turn1 ttft=262.331ms hit=0.0 e2e=973.525ms
[ok] request s59 turn3 ttft=385.094ms hit=0.544681 e2e=1379.986ms
[ok] openhands s510 turn11 ttft=455.072ms hit=0.984426 e2e=1168.502ms
[ok] openhands s1 turn3 ttft=385.859ms hit=0.845994 e2e=1220.866ms
[ok] request s310 turn1 ttft=385.495ms hit=0.0 e2e=1383.636ms
[ok] openhands s447 turn15 ttft=485.08ms hit=0.96595 e2e=1198.656ms
[ok] request s148 turn1 ttft=157.725ms hit=0.0 e2e=860.267ms
[ok] request s560 turn1 ttft=155.168ms hit=0.0 e2e=857.487ms
[ok] request s185 turn4 ttft=157.513ms hit=0.636288 e2e=859.557ms
[ok] openhands s258 turn7 ttft=361.359ms hit=0.729665 e2e=997.816ms
[ok] request s290 turn1 ttft=291.759ms hit=0.0 e2e=923.106ms
[ok] openhands s510 turn12 ttft=414.391ms hit=0.990643 e2e=1046.94ms
[ok] openhands s447 turn16 ttft=436.455ms hit=0.957384 e2e=1077.169ms
[ok] openhands s1 turn4 ttft=322.149ms hit=0.963375 e2e=1090.811ms
[ok] request s335 turn5 ttft=255.736ms hit=0.873294 e2e=1035.013ms
[ok] request s560 turn2 ttft=147.092ms hit=0.334641 e2e=796.849ms
[ok] request s59 turn4 ttft=370.049ms hit=0.689408 e2e=1033.911ms
[ok] openhands s447 turn17 ttft=444.454ms hit=0.968055 e2e=712.422ms
[ok] openhands s510 turn13 ttft=397.381ms hit=0.97471 e2e=653.883ms
[ok] openhands s1 turn5 ttft=335.661ms hit=0.988117 e2e=735.285ms
[ok] openhands s510 turn14 ttft=325.804ms hit=0.975622 e2e=810.143ms
[ok] openhands s1 turn6 ttft=324.495ms hit=0.990329 e2e=816.158ms
[ok] request s560 turn3 ttft=259.047ms hit=0.448729 e2e=579.056ms
[ok] request s335 turn6 ttft=255.766ms hit=0.789514 e2e=583.016ms
[ok] openhands s1 turn7 ttft=356.262ms hit=0.917453 e2e=729.618ms
[ok] openhands s510 turn15 ttft=361.406ms hit=0.994729 e2e=740.084ms
[ok] request s560 turn4 ttft=150.876ms hit=0.770504 e2e=657.225ms
[ok] request s335 turn7 ttft=333.298ms hit=0.0 e2e=574.766ms
[ok] openhands s1 turn8 ttft=329.038ms hit=0.992876 e2e=595.358ms
[ok] openhands s1 turn9 ttft=206.185ms hit=0.966335 e2e=452.128ms
[ok] openhands s1 turn10 ttft=277.094ms hit=0.963733 e2e=523.297ms
[ok] openhands s1 turn11 ttft=212.165ms hit=0.945488 e2e=456.891ms
[ok] openhands s1 turn12 ttft=213.097ms hit=0.985659 e2e=457.499ms
[ok] openhands s1 turn13 ttft=217.577ms hit=0.977371 e2e=463.275ms
[ok] openhands s1 turn14 ttft=222.044ms hit=0.9876 e2e=464.739ms
[ok] request s239 turn0 ttft=200.568ms hit=0.0 e2e=294.424ms
[ok] openhands s193 turn0 ttft=1013.334ms hit=0.224884 e2e=1505.836ms
[ok] request s159 turn0 ttft=705.289ms hit=0.0 e2e=1197.771ms
[ok] request s424 turn0 ttft=508.451ms hit=0.0 e2e=880.56ms
[ok] request s392 turn0 ttft=133.006ms hit=0.0 e2e=616.842ms
[ok] request s265 turn0 ttft=126.812ms hit=0.0 e2e=502.104ms
[ok] openhands s193 turn1 ttft=289.119ms hit=0.96437 e2e=899.253ms
[ok] request s94 turn0 ttft=225.638ms hit=0.0 e2e=830.348ms
[ok] request s159 turn1 ttft=246.426ms hit=0.406349 e2e=743.21ms
[ok] request s463 turn0 ttft=148.01ms hit=0.0 e2e=637.62ms
[ok] openhands s193 turn2 ttft=288.055ms hit=0.927056 e2e=909.337ms
[ok] request s253 turn0 ttft=175.375ms hit=0.0 e2e=787.273ms
[ok] request s390 turn0 ttft=135.734ms hit=0.0 e2e=874.11ms
[ok] request s265 turn1 ttft=144.144ms hit=0.0 e2e=758.795ms
[ok] request s498 turn0 ttft=131.476ms hit=0.0 e2e=631.302ms
[ok] openhands s193 turn3 ttft=289.367ms hit=0.967582 e2e=675.67ms
[ok] request s463 turn1 ttft=167.048ms hit=0.0 e2e=545.179ms
[ok] request s539 turn0 ttft=135.05ms hit=0.0 e2e=513.471ms
[ok] request s353 turn0 ttft=136.52ms hit=0.0 e2e=1321.248ms
[ok] openhands s193 turn4 ttft=899.279ms hit=0.477461 e2e=1992.587ms
[ok] request s463 turn2 ttft=415.095ms hit=0.0 e2e=1396.42ms
[ok] request s278 turn0 ttft=778.886ms hit=0.0 e2e=1875.878ms
[ok] request s498 turn1 ttft=613.467ms hit=0.0 e2e=1594.613ms
[ok] request s361 turn0 ttft=266.16ms hit=0.0 e2e=1241.07ms
[ok] request s470 turn0 ttft=577.404ms hit=0.0 e2e=1558.366ms
[ok] openhands s385 turn0 ttft=624.498ms hit=0.220172 e2e=1020.778ms
[ok] request s378 turn0 ttft=310.842ms hit=0.0 e2e=704.133ms
[ok] request s514 turn0 ttft=139.571ms hit=0.0 e2e=787.727ms
[ok] openhands s193 turn5 ttft=360.95ms hit=0.929782 e2e=976.284ms
[ok] openhands s385 turn1 ttft=373.396ms hit=0.855778 e2e=878.709ms
[ok] request s58 turn0 ttft=333.679ms hit=0.0 e2e=950.704ms
[ok] request s525 turn0 ttft=134.84ms hit=0.0 e2e=633.347ms
[ok] request s470 turn1 ttft=252.425ms hit=0.0 e2e=869.456ms
[ok] request s85 turn0 ttft=191.373ms hit=0.0 e2e=808.951ms
[ok] request s498 turn2 ttft=243.206ms hit=0.0 e2e=872.401ms
[ok] request s494 turn0 ttft=220.375ms hit=0.0 e2e=237.874ms
[ok] openhands s193 turn6 ttft=337.619ms hit=0.970778 e2e=965.074ms
[ok] request s219 turn0 ttft=443.391ms hit=0.0 e2e=958.322ms
[ok] openhands s385 turn2 ttft=445.309ms hit=0.989758 e2e=961.018ms
[ok] request s370 turn0 ttft=145.208ms hit=0.0 e2e=648.357ms
[ok] request s525 turn1 ttft=249.064ms hit=0.0 e2e=1260.692ms
[ok] request s274 turn0 ttft=246.292ms hit=0.0 e2e=932.61ms
[ok] openhands s385 turn3 ttft=357.388ms hit=0.969761 e2e=1127.668ms
[ok] request s470 turn2 ttft=363.446ms hit=0.25422 e2e=1003.477ms
[ok] openhands s193 turn7 ttft=485.02ms hit=0.947228 e2e=1127.271ms
[ok] request s365 turn0 ttft=186.559ms hit=0.0 e2e=826.211ms
[ok] request s494 turn1 ttft=246.577ms hit=0.0 e2e=632.806ms
[ok] request s219 turn1 ttft=160.563ms hit=0.539705 e2e=673.011ms
[ok] request s282 turn0 ttft=139.527ms hit=0.0 e2e=652.607ms
[ok] request s458 turn0 ttft=131.962ms hit=0.0 e2e=1229.674ms
[ok] openhands s193 turn8 ttft=348.328ms hit=0.988357 e2e=1980.64ms
[ok] request s368 turn0 ttft=233.252ms hit=0.0 e2e=1860.799ms
[ok] request s494 turn2 ttft=263.997ms hit=0.0 e2e=1376.923ms
[ok] openhands s385 turn4 ttft=348.611ms hit=0.939687 e2e=1977.04ms
[ok] request s365 turn1 ttft=271.268ms hit=0.0 e2e=1534.049ms
[ok] request s518 turn0 ttft=238.882ms hit=0.0 e2e=1375.442ms
[ok] request s337 turn0 ttft=311.263ms hit=0.0 e2e=1695.595ms
[ok] request s282 turn1 ttft=245.309ms hit=0.0 e2e=1394.966ms
[ok] request s274 turn1 ttft=243.887ms hit=0.0 e2e=1750.238ms
[ok] request s470 turn3 ttft=273.73ms hit=0.526388 e2e=1539.439ms
[ok] request s314 turn0 ttft=161.181ms hit=0.0 e2e=1275.489ms
[ok] request s458 turn1 ttft=234.846ms hit=0.0 e2e=1349.946ms
[ok] request s420 turn0 ttft=472.987ms hit=0.0 e2e=1594.37ms
[ok] openhands s323 turn0 ttft=671.919ms hit=0.225208 e2e=1911.204ms
[ok] openhands s193 turn9 ttft=435.063ms hit=0.969213 e2e=1610.821ms
[ok] request s106 turn0 ttft=519.367ms hit=0.0 e2e=1568.143ms
[ok] openhands s385 turn5 ttft=549.593ms hit=0.946596 e2e=1599.075ms
[ok] request s226 turn0 ttft=215.879ms hit=0.0 e2e=1251.486ms
[ok] request s136 turn0 ttft=288.224ms hit=0.0 e2e=1485.331ms
[ok] request s365 turn2 ttft=228.611ms hit=0.375918 e2e=1418.555ms
[ok] request s470 turn4 ttft=223.548ms hit=0.623782 e2e=1414.689ms
[ok] request s368 turn1 ttft=246.688ms hit=0.0 e2e=1568.321ms
[ok] request s282 turn2 ttft=225.352ms hit=0.446771 e2e=1416.314ms
[ok] request s494 turn3 ttft=366.184ms hit=0.0 e2e=1567.413ms
[ok] request s129 turn0 ttft=272.647ms hit=0.0 e2e=1214.744ms
[ok] openhands s323 turn1 ttft=270.749ms hit=0.963614 e2e=1206.721ms
[ok] request s527 turn0 ttft=134.366ms hit=0.0 e2e=973.553ms
[ok] openhands s193 turn10 ttft=383.142ms hit=0.940682 e2e=924.001ms
[ok] request s452 turn0 ttft=486.827ms hit=0.0 e2e=912.731ms
[ok] request s420 turn1 ttft=271.478ms hit=0.0 e2e=938.27ms
[ok] request s458 turn2 ttft=272.425ms hit=0.361582 e2e=940.034ms
[ok] openhands s385 turn6 ttft=490.393ms hit=0.946122 e2e=919.075ms
[ok] request s533 turn0 ttft=191.778ms hit=0.0 e2e=596.924ms
[ok] request s480 turn0 ttft=148.841ms hit=0.0 e2e=893.014ms
[ok] openhands s323 turn2 ttft=179.91ms hit=0.945076 e2e=923.822ms
[ok] openhands s385 turn7 ttft=311.266ms hit=0.904928 e2e=1226.919ms
[ok] request s494 turn4 ttft=317.93ms hit=0.0 e2e=1002.381ms
[ok] request s268 turn0 ttft=393.983ms hit=0.0 e2e=1192.075ms
[ok] request s129 turn1 ttft=279.253ms hit=0.608076 e2e=965.875ms
[ok] request s430 turn0 ttft=194.387ms hit=0.0 e2e=878.24ms
[ok] request s527 turn1 ttft=206.267ms hit=0.0 e2e=890.812ms
[ok] openhands s193 turn11 ttft=400.834ms hit=0.989691 e2e=1203.529ms
[ok] request s470 turn5 ttft=322.335ms hit=0.770214 e2e=1010.772ms
[ok] request s368 turn2 ttft=320.281ms hit=0.0 e2e=1008.416ms
[ok] request s458 turn3 ttft=260.804ms hit=0.691892 e2e=1078.599ms
[ok] request s207 turn0 ttft=188.0ms hit=0.0 e2e=1005.549ms
[ok] request s420 turn2 ttft=249.934ms hit=0.304762 e2e=1080.604ms
[ok] openhands s323 turn3 ttft=235.226ms hit=0.970346 e2e=1052.658ms
[ok] request s279 turn0 ttft=134.601ms hit=0.0 e2e=2059.338ms
[ok] openhands s385 turn8 ttft=348.491ms hit=0.954887 e2e=1931.671ms
[ok] request s554 turn0 ttft=282.105ms hit=0.0 e2e=1862.31ms
[ok] openhands s193 turn12 ttft=349.875ms hit=0.975945 e2e=1930.788ms
[ok] request s480 turn1 ttft=244.353ms hit=0.0 e2e=1955.465ms
[ok] request s470 turn6 ttft=817.99ms hit=0.0 e2e=1688.324ms
[ok] request s546 turn0 ttft=238.789ms hit=0.0 e2e=949.597ms
[ok] request s295 turn0 ttft=288.606ms hit=0.0 e2e=314.317ms
[ok] request s527 turn2 ttft=820.619ms hit=0.0 e2e=1692.028ms
[ok] request s294 turn0 ttft=886.812ms hit=0.0 e2e=1588.89ms
[ok] request s458 turn4 ttft=530.814ms hit=0.0 e2e=1251.645ms
[ok] request s494 turn5 ttft=629.553ms hit=0.0 e2e=1701.622ms
[ok] request s420 turn3 ttft=529.515ms hit=0.0 e2e=1250.258ms
[ok] request s268 turn1 ttft=823.637ms hit=0.0 e2e=1699.766ms
[ok] request s255 turn0 ttft=551.948ms hit=0.0 e2e=1272.646ms
[ok] openhands s68 turn0 ttft=835.645ms hit=0.189489 e2e=1908.075ms
[ok] request s129 turn2 ttft=823.001ms hit=0.0 e2e=1699.424ms
[ok] openhands s323 turn4 ttft=769.687ms hit=0.977028 e2e=1842.127ms
[ok] request s78 turn0 ttft=140.327ms hit=0.0 e2e=1171.941ms
[ok] openhands s385 turn9 ttft=324.952ms hit=0.980697 e2e=1325.704ms
[ok] openhands s193 turn13 ttft=323.667ms hit=0.954806 e2e=1321.159ms
[ok] request s116 turn0 ttft=180.272ms hit=0.0 e2e=1249.466ms
[ok] request s481 turn0 ttft=256.658ms hit=0.0 e2e=1566.735ms
[ok] request s279 turn1 ttft=259.862ms hit=0.0 e2e=1450.534ms
[ok] openhands s323 turn5 ttft=375.477ms hit=0.98576 e2e=1565.729ms
[ok] request s480 turn2 ttft=249.351ms hit=0.0 e2e=1330.994ms
[ok] openhands s68 turn1 ttft=371.872ms hit=0.988878 e2e=1561.97ms
[ok] request s33 turn0 ttft=235.322ms hit=0.0 e2e=1259.58ms
[ok] request s458 turn5 ttft=268.39ms hit=0.781812 e2e=1291.588ms
[ok] request s420 turn4 ttft=264.306ms hit=0.654313 e2e=1289.591ms
[ok] request s470 turn7 ttft=267.111ms hit=0.829211 e2e=1300.945ms
[ok] request s527 turn3 ttft=263.506ms hit=0.528926 e2e=1298.137ms
[ok] request s255 turn1 ttft=263.65ms hit=0.388467 e2e=1290.079ms
[ok] openhands s385 turn10 ttft=358.045ms hit=0.920991 e2e=2368.242ms
[ok] request s95 turn0 ttft=223.036ms hit=0.0 e2e=2068.049ms
[ok] request s78 turn1 ttft=348.193ms hit=0.0 e2e=2204.113ms
[ok] openhands s193 turn14 ttft=426.474ms hit=0.929387 e2e=2283.149ms
[ok] request s350 turn0 ttft=248.505ms hit=0.0 e2e=2389.51ms
[ok] request s212 turn0 ttft=1002.026ms hit=0.0 e2e=1571.616ms
[ok] openhands s68 turn2 ttft=1648.259ms hit=0.343441 e2e=2218.621ms
[ok] request s33 turn1 ttft=729.709ms hit=0.0 e2e=1299.807ms
[ok] request s420 turn5 ttft=732.492ms hit=0.0 e2e=1302.041ms
[ok] request s304 turn0 ttft=371.447ms hit=0.0 e2e=942.316ms
[ok] request s154 turn0 ttft=1321.505ms hit=0.0 e2e=1895.217ms
[ok] request s255 turn2 ttft=727.15ms hit=0.0 e2e=1300.549ms
[ok] request s375 turn0 ttft=689.433ms hit=0.0 e2e=1260.52ms
[ok] request s366 turn0 ttft=1639.805ms hit=0.0 e2e=2213.156ms
[ok] request s480 turn3 ttft=1055.542ms hit=0.0 e2e=1628.655ms
[ok] openhands s323 turn6 ttft=1525.623ms hit=0.964458 e2e=2098.493ms
[ok] openhands s385 turn11 ttft=336.758ms hit=0.979949 e2e=863.153ms
[ok] openhands s193 turn15 ttft=336.815ms hit=0.993175 e2e=858.509ms
[ok] openhands s323 turn7 ttft=296.605ms hit=0.970031 e2e=819.996ms
[ok] openhands s68 turn3 ttft=298.065ms hit=0.986603 e2e=815.566ms
[ok] request s95 turn1 ttft=168.343ms hit=0.0 e2e=685.611ms
[ok] openhands s193 turn16 ttft=370.753ms hit=0.982228 e2e=895.19ms
[ok] openhands s385 turn12 ttft=366.53ms hit=0.978373 e2e=877.758ms
[ok] request s420 turn6 ttft=196.649ms hit=0.756757 e2e=708.533ms
[ok] request s366 turn1 ttft=194.309ms hit=0.0 e2e=705.977ms
[ok] openhands s323 turn8 ttft=191.695ms hit=0.874093 e2e=598.104ms
[ok] openhands s68 turn4 ttft=246.763ms hit=0.992225 e2e=744.195ms
[ok] openhands s193 turn17 ttft=370.207ms hit=0.995246 e2e=744.843ms
[ok] openhands s323 turn9 ttft=261.967ms hit=0.982313 e2e=630.215ms
[ok] openhands s385 turn13 ttft=212.482ms hit=0.965148 e2e=581.017ms
[ok] openhands s68 turn5 ttft=248.18ms hit=0.994118 e2e=635.663ms
[ok] openhands s323 turn10 ttft=221.793ms hit=0.850281 e2e=766.508ms
[ok] openhands s385 turn14 ttft=325.331ms hit=0.921608 e2e=644.832ms
[ok] openhands s68 turn6 ttft=308.101ms hit=0.930339 e2e=570.926ms
[ok] openhands s323 turn11 ttft=313.365ms hit=0.978721 e2e=693.527ms
[ok] openhands s385 turn15 ttft=354.936ms hit=0.930134 e2e=611.592ms
[ok] openhands s68 turn7 ttft=350.888ms hit=0.993559 e2e=603.397ms
[ok] openhands s323 turn12 ttft=316.798ms hit=0.971417 e2e=694.571ms
[ok] openhands s68 turn8 ttft=434.365ms hit=0.985308 e2e=688.706ms
[ok] openhands s385 turn16 ttft=432.578ms hit=0.968877 e2e=682.456ms
[ok] openhands s323 turn13 ttft=322.311ms hit=0.969 e2e=567.453ms
[ok] openhands s385 turn17 ttft=335.538ms hit=0.962065 e2e=586.354ms
[ok] openhands s323 turn14 ttft=214.06ms hit=0.980611 e2e=562.944ms
[ok] openhands s385 turn18 ttft=223.753ms hit=0.934648 e2e=504.55ms
[ok] openhands s323 turn15 ttft=429.809ms hit=0.982772 e2e=564.681ms
[ok] openhands s385 turn19 ttft=235.813ms hit=0.934744 e2e=480.64ms
[ok] openhands s323 turn16 ttft=197.837ms hit=0.96952 e2e=613.502ms
[ok] openhands s385 turn20 ttft=226.674ms hit=0.951362 e2e=816.126ms
[ok] openhands s323 turn17 ttft=349.674ms hit=0.948727 e2e=601.481ms
[ok] openhands s68 turn9 ttft=494.053ms hit=0.916131 e2e=752.094ms
[ok] openhands s385 turn21 ttft=258.949ms hit=0.960669 e2e=1012.009ms
[ok] openhands s68 turn10 ttft=714.536ms hit=0.832844 e2e=1024.622ms
[ok] openhands s385 turn22 ttft=465.182ms hit=0.967487 e2e=601.343ms
[ok] openhands s68 turn11 ttft=286.659ms hit=0.979302 e2e=528.112ms
[ok] openhands s385 turn23 ttft=234.44ms hit=0.980789 e2e=479.022ms
[ok] openhands s385 turn24 ttft=237.907ms hit=0.979706 e2e=485.022ms
[ok] openhands s385 turn25 ttft=238.292ms hit=0.98365 e2e=483.056ms
[ok] openhands s385 turn26 ttft=242.964ms hit=0.955539 e2e=487.535ms
[ok] openhands s68 turn12 ttft=424.003ms hit=0.986202 e2e=674.261ms
[ok] openhands s385 turn27 ttft=341.48ms hit=0.965157 e2e=585.295ms
[ok] openhands s68 turn13 ttft=430.203ms hit=0.979218 e2e=687.315ms
[ok] openhands s385 turn28 ttft=344.388ms hit=0.980035 e2e=594.41ms
[ok] openhands s385 turn29 ttft=251.574ms hit=0.985439 e2e=495.772ms
[ok] openhands s385 turn30 ttft=252.267ms hit=0.983154 e2e=497.038ms
[ok] openhands s385 turn31 ttft=261.566ms hit=0.987793 e2e=507.434ms
[ok] openhands s385 turn32 ttft=261.028ms hit=0.993447 e2e=505.987ms
[ok] openhands s68 turn14 ttft=309.741ms hit=0.985157 e2e=665.099ms
[ok] openhands s385 turn33 ttft=260.912ms hit=0.982681 e2e=686.262ms
[ok] openhands s68 turn15 ttft=1035.605ms hit=0.830305 e2e=1859.723ms
[ok] openhands s385 turn34 ttft=828.742ms hit=0.964967 e2e=1653.442ms
[ok] openhands s322 turn0 ttft=633.982ms hit=0.21988 e2e=1953.995ms
[ok] request s404 turn0 ttft=315.263ms hit=0.0 e2e=1631.15ms
[ok] request s548 turn0 ttft=243.669ms hit=0.0 e2e=1309.951ms
[ok] request s345 turn0 ttft=276.256ms hit=0.0 e2e=315.789ms
[ok] openhands s68 turn16 ttft=1025.188ms hit=0.868385 e2e=1804.905ms
[ok] request s428 turn0 ttft=200.48ms hit=0.0 e2e=863.45ms
[ok] request s271 turn0 ttft=519.617ms hit=0.0 e2e=1186.736ms
[ok] request s11 turn0 ttft=727.389ms hit=0.0 e2e=1508.975ms
[ok] openhands s385 turn35 ttft=392.947ms hit=0.989568 e2e=1031.882ms
[ok] openhands s322 turn1 ttft=258.593ms hit=0.907801 e2e=893.502ms
[ok] request s389 turn0 ttft=149.042ms hit=0.0 e2e=178.388ms
[ok] request s227 turn0 ttft=158.084ms hit=0.0 e2e=1155.652ms
[ok] request s404 turn1 ttft=248.735ms hit=0.0 e2e=1138.785ms
[ok] request s457 turn0 ttft=225.521ms hit=0.0 e2e=1113.976ms
[ok] request s440 turn0 ttft=347.241ms hit=0.0 e2e=867.191ms
[ok] request s271 turn1 ttft=296.409ms hit=0.0 e2e=695.726ms
[ok] openhands s322 turn2 ttft=397.148ms hit=0.933625 e2e=918.953ms
[ok] openhands s385 turn36 ttft=515.784ms hit=0.984744 e2e=916.135ms
[ok] request s345 turn1 ttft=255.466ms hit=0.497087 e2e=920.691ms
[ok] request s398 turn0 ttft=136.172ms hit=0.0 e2e=153.572ms
[ok] request s389 turn1 ttft=401.877ms hit=0.0 e2e=673.701ms
[ok] request s531 turn0 ttft=134.502ms hit=0.0 e2e=1199.947ms
[ok] openhands s322 turn3 ttft=369.06ms hit=0.797808 e2e=1270.56ms
[ok] request s187 turn0 ttft=330.323ms hit=0.0 e2e=853.791ms
[ok] request s404 turn2 ttft=343.34ms hit=0.0 e2e=752.89ms
[ok] request s227 turn1 ttft=392.885ms hit=0.0 e2e=1034.897ms
[ok] request s122 turn0 ttft=403.309ms hit=0.0 e2e=1178.531ms
[ok] openhands s385 turn37 ttft=484.883ms hit=0.97833 e2e=1260.861ms
[ok] request s457 turn1 ttft=341.258ms hit=0.0 e2e=753.921ms
[ok] request s389 turn2 ttft=341.999ms hit=0.0 e2e=374.76ms
[ok] request s118 turn0 ttft=134.345ms hit=0.0 e2e=1135.69ms
[ok] openhands s322 turn4 ttft=327.126ms hit=0.976996 e2e=1086.944ms
[ok] request s28 turn0 ttft=141.954ms hit=0.0 e2e=654.674ms
[ok] request s121 turn0 ttft=349.038ms hit=0.0 e2e=978.125ms
[ok] openhands s385 turn38 ttft=444.575ms hit=0.954951 e2e=1075.084ms
[ok] request s187 turn1 ttft=128.342ms hit=0.0 e2e=2003.791ms
[ok] request s389 turn3 ttft=375.002ms hit=0.0 e2e=1415.75ms
[ok] request s166 turn0 ttft=130.725ms hit=0.0 e2e=1892.626ms
[ok] request s411 turn0 ttft=136.462ms hit=0.0 e2e=148.931ms
[ok] openhands s322 turn5 ttft=371.322ms hit=0.939048 e2e=1902.139ms
[ok] request s118 turn1 ttft=179.635ms hit=0.0 e2e=1467.522ms
[ok] request s31 turn0 ttft=242.912ms hit=0.0 e2e=1915.254ms
[ok] request s151 turn0 ttft=290.962ms hit=0.0 e2e=1593.376ms
[ok] openhands s385 turn39 ttft=476.109ms hit=0.971527 e2e=1890.914ms
[ok] request s7 turn0 ttft=212.524ms hit=0.0 e2e=626.997ms
[ok] request s289 turn0 ttft=523.893ms hit=0.0 e2e=950.311ms
[ok] openhands s67 turn0 ttft=729.763ms hit=0.189489 e2e=1273.626ms
[ok] request s121 turn1 ttft=315.977ms hit=0.0 e2e=1307.887ms
[ok] request s389 turn4 ttft=497.608ms hit=0.0 e2e=663.39ms
[ok] request s145 turn0 ttft=496.5ms hit=0.0 e2e=1230.214ms
[ok] openhands s67 turn1 ttft=510.284ms hit=0.988878 e2e=1265.675ms
[ok] openhands s322 turn6 ttft=964.977ms hit=0.91217 e2e=1261.953ms
[ok] openhands s68 turn17 ttft=610.429ms hit=0.990869 e2e=1090.229ms
[ok] request s464 turn0 ttft=510.047ms hit=0.0 e2e=990.966ms
[ok] request s563 turn0 ttft=201.629ms hit=0.0 e2e=668.036ms
[ok] request s187 turn2 ttft=518.068ms hit=0.0 e2e=1126.548ms
[ok] openhands s385 turn40 ttft=424.496ms hit=0.948829 e2e=1166.127ms
[ok] request s289 turn1 ttft=265.762ms hit=0.0 e2e=733.918ms
[ok] request s121 turn2 ttft=264.107ms hit=0.342475 e2e=733.034ms
[ok] request s118 turn2 ttft=271.059ms hit=0.592593 e2e=739.175ms
[ok] request s234 turn0 ttft=153.692ms hit=0.0 e2e=804.5ms
[ok] request s389 turn5 ttft=575.086ms hit=0.0 e2e=1086.064ms
[ok] openhands s67 turn2 ttft=519.903ms hit=0.888463 e2e=1518.294ms
[ok] request s20 turn0 ttft=480.179ms hit=0.0 e2e=1483.638ms
[ok] request s519 turn0 ttft=133.113ms hit=0.0 e2e=309.176ms
[ok] request s145 turn1 ttft=392.553ms hit=0.0 e2e=1109.601ms
[ok] request s87 turn0 ttft=435.71ms hit=0.0 e2e=2843.467ms
[ok] openhands s322 turn7 ttft=495.954ms hit=0.899787 e2e=2773.481ms
[ok] request s118 turn3 ttft=363.165ms hit=0.0 e2e=2540.639ms
[ok] request s380 turn0 ttft=348.127ms hit=0.0 e2e=2526.32ms
[ok] openhands s385 turn41 ttft=710.228ms hit=0.946905 e2e=3122.382ms
[ok] request s289 turn2 ttft=366.546ms hit=0.0 e2e=2544.098ms
[ok] openhands s68 turn18 ttft=539.048ms hit=0.988103 e2e=3134.664ms
[ok] request s121 turn3 ttft=365.734ms hit=0.0 e2e=2543.19ms
[ok] request s187 turn3 ttft=370.722ms hit=0.0 e2e=2547.87ms
[ok] request s52 turn0 ttft=258.111ms hit=0.0 e2e=2207.828ms
[ok] request s234 turn1 ttft=153.132ms hit=0.0 e2e=2092.242ms
[ok] request s20 turn1 ttft=898.852ms hit=0.0 e2e=1124.384ms
[ok] request s145 turn2 ttft=771.383ms hit=0.0 e2e=1344.758ms
[ok] request s283 turn0 ttft=511.935ms hit=0.0 e2e=978.086ms
[ok] request s556 turn0 ttft=1370.4ms hit=0.0 e2e=1945.609ms
[ok] request s8 turn0 ttft=197.654ms hit=0.0 e2e=658.869ms
[ok] request s262 turn0 ttft=723.806ms hit=0.0 e2e=1304.764ms
[ok] openhands s67 turn3 ttft=1496.931ms hit=0.38474 e2e=2078.708ms
[ok] request s376 turn0 ttft=1046.807ms hit=0.0 e2e=1627.283ms
[ok] request s469 turn0 ttft=392.594ms hit=0.0 e2e=2114.592ms
[ok] openhands s67 turn4 ttft=549.245ms hit=0.986196 e2e=2091.519ms
[ok] request s187 turn4 ttft=349.522ms hit=0.751836 e2e=1891.489ms
[ok] request s145 turn3 ttft=599.477ms hit=0.0 e2e=1510.744ms
[ok] request s380 turn1 ttft=353.326ms hit=0.471455 e2e=1895.175ms
[ok] openhands s385 turn42 ttft=627.324ms hit=0.966223 e2e=2481.089ms
[ok] request s123 turn0 ttft=592.632ms hit=0.0 e2e=2446.192ms
[ok] request s121 turn4 ttft=352.684ms hit=0.800313 e2e=1898.96ms
[ok] openhands s68 turn19 ttft=515.107ms hit=0.996887 e2e=2495.322ms
[ok] request s87 turn1 ttft=360.308ms hit=0.0 e2e=1906.309ms
[ok] request s92 turn0 ttft=256.615ms hit=0.0 e2e=1801.377ms
[ok] request s52 turn1 ttft=349.765ms hit=0.0 e2e=1895.491ms
[ok] request s556 turn1 ttft=595.856ms hit=0.0 e2e=1514.599ms
[ok] request s14 turn0 ttft=290.949ms hit=0.0 e2e=1331.86ms
[ok] request s48 turn0 ttft=603.724ms hit=0.0 e2e=1656.272ms
[ok] openhands s322 turn8 ttft=402.917ms hit=0.896116 e2e=2127.607ms
[ok] openhands s3 turn0 ttft=813.801ms hit=0.0 e2e=1978.601ms
[ok] request s99 turn0 ttft=138.754ms hit=0.0 e2e=690.957ms
[ok] request s459 turn0 ttft=138.112ms hit=0.0 e2e=1013.997ms
[ok] request s145 turn4 ttft=395.811ms hit=0.0 e2e=738.683ms
[ok] request s556 turn2 ttft=390.249ms hit=0.0 e2e=743.429ms
[ok] openhands s68 turn20 ttft=500.593ms hit=0.985025 e2e=1404.976ms
[ok] openhands s322 turn9 ttft=478.371ms hit=0.967491 e2e=1131.831ms
[ok] request s187 turn5 ttft=396.115ms hit=0.650572 e2e=1050.222ms
[ok] request s380 turn2 ttft=392.445ms hit=0.880734 e2e=1049.771ms
[ok] request s529 turn0 ttft=511.956ms hit=0.0 e2e=1193.327ms
[ok] request s238 turn0 ttft=835.668ms hit=0.0 e2e=1516.195ms
[ok] openhands s3 turn1 ttft=466.272ms hit=0.984159 e2e=1146.505ms
[ok] request s453 turn0 ttft=213.445ms hit=0.0 e2e=871.366ms
[ok] openhands s67 turn5 ttft=870.056ms hit=0.991208 e2e=1551.873ms
[ok] openhands s385 turn43 ttft=807.632ms hit=0.90796 e2e=1634.158ms
[ok] request s123 turn1 ttft=392.917ms hit=0.0 e2e=1050.177ms
[ok] request s344 turn0 ttft=128.285ms hit=0.0 e2e=550.95ms
[ok] openhands s68 turn21 ttft=630.502ms hit=0.989171 e2e=1621.346ms
[ok] request s556 turn3 ttft=368.22ms hit=0.0 e2e=1086.546ms
[ok] request s38 turn0 ttft=180.273ms hit=0.0 e2e=642.734ms
[ok] request s218 turn0 ttft=375.192ms hit=0.0 e2e=970.334ms
[ok] request s529 turn1 ttft=317.384ms hit=0.0 e2e=787.673ms
[ok] openhands s322 turn10 ttft=626.666ms hit=0.935627 e2e=1350.289ms
[ok] openhands s67 turn6 ttft=661.06ms hit=0.992271 e2e=1384.439ms
[ok] request s307 turn0 ttft=570.241ms hit=0.0 e2e=1293.358ms
[ok] request s238 turn1 ttft=316.547ms hit=0.0 e2e=786.802ms
[ok] request s530 turn0 ttft=622.265ms hit=0.0 e2e=1617.283ms
[ok] openhands s385 turn44 ttft=525.633ms hit=0.971342 e2e=1379.843ms
[ok] openhands s3 turn2 ttft=392.508ms hit=0.975558 e2e=1388.622ms
[ok] request s123 turn2 ttft=314.848ms hit=0.222609 e2e=786.711ms
[ok] request s380 turn3 ttft=320.789ms hit=0.731777 e2e=791.933ms
[ok] request s423 turn0 ttft=136.612ms hit=0.0 e2e=1248.529ms
[ok] request s502 turn0 ttft=490.205ms hit=0.0 e2e=2397.085ms
[ok] openhands s67 turn7 ttft=490.341ms hit=0.993278 e2e=2399.057ms
[ok] openhands s3 turn3 ttft=484.114ms hit=0.955768 e2e=2393.729ms
[ok] request s115 turn0 ttft=223.203ms hit=0.0 e2e=1949.521ms
[ok] openhands s322 turn11 ttft=575.656ms hit=0.938794 e2e=2311.684ms
[ok] openhands s68 turn22 ttft=717.322ms hit=0.971192 e2e=2579.677ms
[ok] request s540 turn0 ttft=537.62ms hit=0.0 e2e=2273.512ms
[ok] request s529 turn2 ttft=264.635ms hit=0.333116 e2e=1994.949ms
[ok] request s210 turn0 ttft=171.83ms hit=0.0 e2e=1873.782ms
[ok] request s371 turn0 ttft=360.179ms hit=0.0 e2e=909.817ms
[ok] request s393 turn0 ttft=682.501ms hit=0.0 e2e=1231.841ms
[ok] openhands s258 turn8 ttft=1229.01ms hit=0.0 e2e=1779.768ms
[ok] request s396 turn0 ttft=1004.007ms hit=0.0 e2e=1555.767ms
[ok] openhands s385 turn45 ttft=840.303ms hit=0.992385 e2e=1393.243ms
[ok] openhands s3 turn4 ttft=418.409ms hit=0.964427 e2e=1842.278ms
[ok] openhands s67 turn8 ttft=774.83ms hit=0.959508 e2e=1840.104ms
[ok] openhands s68 turn23 ttft=1623.123ms hit=0.997552 e2e=2060.737ms
[ok] request s529 turn3 ttft=967.335ms hit=0.0 e2e=1544.942ms
[ok] request s393 turn1 ttft=721.891ms hit=0.0 e2e=1299.192ms
[ok] openhands s258 turn9 ttft=626.418ms hit=0.972029 e2e=1856.857ms
[ok] openhands s385 turn46 ttft=445.71ms hit=0.986237 e2e=1886.485ms
[ok] openhands s322 turn12 ttft=1148.78ms hit=0.683837 e2e=1728.606ms
[ok] openhands s3 turn5 ttft=320.833ms hit=0.9815 e2e=1097.845ms
[ok] openhands s67 turn9 ttft=368.809ms hit=0.935882 e2e=1094.267ms
[ok] openhands s385 turn47 ttft=454.358ms hit=0.97294 e2e=1971.494ms
[ok] openhands s258 turn10 ttft=542.428ms hit=0.982111 e2e=2072.115ms
[ok] request s529 turn4 ttft=265.667ms hit=0.657615 e2e=1545.496ms
[ok] request s393 turn2 ttft=263.883ms hit=0.359677 e2e=1544.099ms
[ok] openhands s67 turn10 ttft=1173.442ms hit=0.841298 e2e=1545.25ms
[ok] openhands s3 turn6 ttft=1179.982ms hit=0.579698 e2e=1445.587ms
[ok] openhands s3 turn7 ttft=279.009ms hit=0.979308 e2e=727.624ms
[ok] openhands s385 turn48 ttft=345.825ms hit=0.968064 e2e=709.828ms
[ok] request s529 turn5 ttft=143.953ms hit=0.807316 e2e=527.066ms
[ok] openhands s3 turn8 ttft=311.672ms hit=0.941022 e2e=725.364ms
[ok] openhands s385 turn49 ttft=356.974ms hit=0.982387 e2e=720.375ms
[ok] openhands s258 turn11 ttft=203.683ms hit=0.985675 e2e=835.312ms
[ok] openhands s3 turn9 ttft=489.983ms hit=0.944562 e2e=879.82ms
[ok] openhands s385 turn50 ttft=457.836ms hit=0.973184 e2e=811.478ms
[ok] openhands s67 turn11 ttft=402.58ms hit=0.995922 e2e=931.47ms
[ok] request s529 turn6 ttft=525.58ms hit=0.831169 e2e=905.136ms
[ok] openhands s3 turn10 ttft=840.226ms hit=0.73173 e2e=1359.002ms
[ok] openhands s385 turn51 ttft=710.071ms hit=0.991547 e2e=1145.631ms
[ok] openhands s258 turn12 ttft=330.332ms hit=0.989311 e2e=598.816ms
[ok] request s529 turn7 ttft=370.532ms hit=0.0 e2e=643.7ms
[ok] openhands s3 turn11 ttft=431.274ms hit=0.98317 e2e=1298.058ms
[ok] openhands s67 turn12 ttft=1064.579ms hit=0.825526 e2e=1877.745ms
[ok] openhands s258 turn13 ttft=457.896ms hit=0.992613 e2e=1266.458ms
[ok] openhands s385 turn52 ttft=1004.049ms hit=0.990896 e2e=1817.719ms
[ok] openhands s3 turn12 ttft=723.293ms hit=0.968545 e2e=1108.147ms
[ok] openhands s385 turn53 ttft=344.11ms hit=0.979298 e2e=837.884ms
[ok] openhands s3 turn13 ttft=379.521ms hit=0.970964 e2e=731.192ms
[ok] openhands s258 turn14 ttft=255.099ms hit=0.985573 e2e=604.248ms
[ok] openhands s385 turn54 ttft=707.002ms hit=0.992665 e2e=853.245ms
[ok] openhands s258 turn15 ttft=334.018ms hit=0.989571 e2e=596.541ms
[ok] openhands s3 turn14 ttft=328.219ms hit=0.984012 e2e=584.407ms
[ok] openhands s258 turn16 ttft=368.212ms hit=0.969924 e2e=855.049ms
[ok] openhands s3 turn15 ttft=631.993ms hit=0.984738 e2e=814.47ms
[ok] openhands s385 turn55 ttft=621.748ms hit=0.984424 e2e=1030.235ms
[ok] openhands s67 turn13 ttft=299.415ms hit=0.996292 e2e=1219.499ms
[ok] openhands s3 turn16 ttft=523.067ms hit=0.990852 e2e=1085.712ms
[ok] openhands s258 turn17 ttft=793.205ms hit=0.765985 e2e=1078.379ms
[ok] openhands s385 turn56 ttft=587.887ms hit=0.97379 e2e=846.512ms
[ok] openhands s3 turn17 ttft=393.562ms hit=0.99278 e2e=842.052ms
[ok] openhands s258 turn18 ttft=830.608ms hit=0.987098 e2e=834.306ms
[ok] openhands s67 turn14 ttft=456.93ms hit=0.997117 e2e=1263.796ms
[ok] openhands s3 turn18 ttft=567.242ms hit=0.917058 e2e=1057.161ms
[ok] openhands s258 turn19 ttft=705.11ms hit=0.834229 e2e=1048.636ms
[ok] openhands s385 turn57 ttft=507.933ms hit=0.972618 e2e=1267.88ms
[ok] openhands s67 turn15 ttft=796.708ms hit=0.994879 e2e=1051.136ms
[ok] openhands s3 turn19 ttft=471.335ms hit=0.968735 e2e=1284.36ms
[ok] openhands s258 turn20 ttft=727.555ms hit=0.979815 e2e=1243.429ms
[ok] openhands s385 turn58 ttft=476.209ms hit=0.960004 e2e=1029.251ms
[ok] openhands s67 turn16 ttft=3845.577ms hit=0.994341 e2e=4148.598ms
[ok] request s27 turn0 ttft=149.773ms hit=0.0 e2e=439.694ms
[ok] request s402 turn0 ttft=536.574ms hit=0.0 e2e=1090.968ms
[ok] request s209 turn0 ttft=1069.615ms hit=0.0 e2e=1736.584ms
[ok] request s83 turn0 ttft=2343.186ms hit=0.0 e2e=3994.863ms
[ok] request s473 turn0 ttft=2767.688ms hit=0.0 e2e=3672.57ms
[ok] openhands s3 turn20 ttft=2724.776ms hit=0.885554 e2e=3979.428ms
[ok] request s214 turn0 ttft=1712.08ms hit=0.0 e2e=2381.935ms
[ok] openhands s385 turn59 ttft=2953.812ms hit=0.913483 e2e=3860.421ms
[ok] openhands s258 turn21 ttft=2703.42ms hit=0.973847 e2e=3958.118ms
[ok] request s336 turn0 ttft=2444.047ms hit=0.0 e2e=3350.52ms
[ok] request s190 turn0 ttft=2036.054ms hit=0.0 e2e=2705.707ms
[ok] openhands s196 turn0 ttft=2665.737ms hit=0.571886 e2e=4318.54ms
[ok] request s363 turn0 ttft=2359.481ms hit=0.0 e2e=3029.154ms
[ok] request s176 turn0 ttft=1390.381ms hit=0.0 e2e=2061.324ms
[ok] request s56 turn0 ttft=858.434ms hit=0.0 e2e=1415.212ms
[ok] request s231 turn0 ttft=230.011ms hit=0.0 e2e=772.221ms
[ok] request s486 turn0 ttft=848.717ms hit=0.0 e2e=1809.58ms
[ok] request s56 turn1 ttft=643.864ms hit=0.547945 e2e=1157.046ms
[ok] openhands s258 turn22 ttft=721.284ms hit=0.982588 e2e=1816.325ms
[ok] openhands s3 turn21 ttft=712.558ms hit=0.971269 e2e=1810.786ms
[ok] request s465 turn0 ttft=553.593ms hit=0.0 e2e=1624.33ms
[ok] openhands s67 turn17 ttft=945.447ms hit=0.929843 e2e=2045.84ms
[ok] openhands s196 turn1 ttft=729.244ms hit=0.972115 e2e=1800.961ms
[ok] openhands s385 turn60 ttft=994.945ms hit=0.974107 e2e=1631.323ms
[ok] request s42 turn0 ttft=724.162ms hit=0.0 e2e=1360.304ms
[ok] request s363 turn1 ttft=642.895ms hit=0.0 e2e=1278.733ms
[ok] request s27 turn1 ttft=651.585ms hit=0.0 e2e=1287.141ms
[ok] request s214 turn1 ttft=645.431ms hit=0.0 e2e=1280.698ms
[ok] request s83 turn1 ttft=647.063ms hit=0.0 e2e=1282.082ms
[ok] request s18 turn0 ttft=202.287ms hit=0.0 e2e=716.143ms
[ok] request s46 turn0 ttft=513.305ms hit=0.0 e2e=1039.128ms
[ok] request s192 turn0 ttft=141.74ms hit=0.0 e2e=1282.031ms
[ok] request s216 turn0 ttft=957.439ms hit=0.0 e2e=965.699ms
[ok] openhands s67 turn18 ttft=944.979ms hit=0.99194 e2e=2183.229ms
[ok] openhands s258 turn23 ttft=892.672ms hit=0.973983 e2e=2317.263ms
[ok] openhands s3 turn22 ttft=931.76ms hit=0.991581 e2e=2360.099ms
[ok] openhands s196 turn2 ttft=1191.35ms hit=0.992643 e2e=2362.542ms
[ok] openhands s386 turn0 ttft=836.879ms hit=0.0 e2e=1757.562ms
[ok] request s528 turn0 ttft=908.221ms hit=0.0 e2e=2080.569ms
[ok] request s465 turn1 ttft=868.887ms hit=0.0 e2e=1788.92ms
[ok] openhands s385 turn61 ttft=2009.706ms hit=0.995172 e2e=2321.293ms
[ok] request s46 turn1 ttft=922.992ms hit=0.0 e2e=1728.256ms
[ok] request s23 turn0 ttft=421.348ms hit=0.0 e2e=1112.338ms
[ok] request s214 turn2 ttft=811.437ms hit=0.65071 e2e=1738.027ms
[ok] request s141 turn0 ttft=630.261ms hit=0.0 e2e=1442.027ms
[ok] request s18 turn1 ttft=807.158ms hit=0.0 e2e=1735.448ms
[ok] request s338 turn0 ttft=295.458ms hit=0.0 e2e=797.07ms
[ok] request s192 turn1 ttft=341.542ms hit=0.0 e2e=849.963ms
[ok] request s83 turn2 ttft=925.911ms hit=0.0 e2e=1737.629ms
[ok] request s156 turn0 ttft=142.662ms hit=0.0 e2e=1529.793ms
[ok] openhands s67 turn19 ttft=696.642ms hit=0.997034 e2e=1978.298ms
[ok] request s71 turn0 ttft=640.623ms hit=0.0 e2e=1922.535ms
[ok] request s22 turn0 ttft=484.009ms hit=0.0 e2e=1584.648ms
[ok] request s269 turn0 ttft=305.911ms hit=0.0 e2e=637.595ms
[ok] request s251 turn0 ttft=375.034ms hit=0.0 e2e=1283.769ms
[ok] openhands s386 turn1 ttft=608.727ms hit=0.933625 e2e=1710.475ms
[ok] openhands s196 turn3 ttft=705.097ms hit=0.988657 e2e=1614.844ms
[ok] request s18 turn2 ttft=426.621ms hit=0.0 e2e=1175.449ms
[ok] openhands s3 turn23 ttft=620.16ms hit=0.986962 e2e=1723.291ms
[ok] request s465 turn2 ttft=435.977ms hit=0.307508 e2e=1183.642ms
[ok] request s46 turn2 ttft=434.788ms hit=0.456328 e2e=1182.195ms
[ok] request s214 turn3 ttft=429.716ms hit=0.699666 e2e=1178.379ms
[ok] request s192 turn2 ttft=425.971ms hit=0.404423 e2e=1175.386ms
[ok] openhands s258 turn24 ttft=526.005ms hit=0.986968 e2e=1775.833ms
[ok] request s517 turn0 ttft=215.291ms hit=0.0 e2e=963.251ms
[ok] request s414 turn0 ttft=270.777ms hit=0.0 e2e=1875.358ms
[ok] openhands s385 turn62 ttft=497.185ms hit=0.993244 e2e=2109.412ms
[ok] openhands s386 turn2 ttft=1485.533ms hit=0.954037 e2e=1815.914ms
[ok] request s315 turn0 ttft=169.125ms hit=0.0 e2e=548.407ms
[ok] request s535 turn0 ttft=476.12ms hit=0.0 e2e=871.411ms
[ok] openhands s3 turn24 ttft=1272.472ms hit=0.957913 e2e=1781.482ms
[ok] request s192 turn3 ttft=842.518ms hit=0.628221 e2e=1237.125ms
[ok] request s342 turn0 ttft=1008.427ms hit=0.0 e2e=1517.216ms
[ok] openhands s67 turn20 ttft=810.392ms hit=0.961988 e2e=1808.764ms
[ok] openhands s258 turn25 ttft=1015.556ms hit=0.973919 e2e=1798.51ms
[ok] request s46 turn3 ttft=732.788ms hit=0.659794 e2e=1241.609ms
[ok] request s12 turn0 ttft=709.792ms hit=0.0 e2e=1810.367ms
[ok] request s71 turn1 ttft=743.629ms hit=0.0 e2e=1252.38ms
[ok] request s18 turn3 ttft=738.77ms hit=0.0 e2e=1246.73ms
[ok] request s465 turn3 ttft=736.487ms hit=0.609524 e2e=1245.191ms
[ok] request s517 turn1 ttft=729.539ms hit=0.395978 e2e=1237.458ms
[ok] openhands s196 turn4 ttft=740.516ms hit=0.996189 e2e=1842.804ms
[ok] request s60 turn0 ttft=799.159ms hit=0.0 e2e=1196.715ms
[ok] request s214 turn4 ttft=733.665ms hit=0.862069 e2e=1241.912ms
[ok] openhands s386 turn3 ttft=744.682ms hit=0.970532 e2e=2567.261ms
[ok] request s467 turn0 ttft=966.792ms hit=0.0 e2e=2461.774ms
[ok] request s478 turn0 ttft=763.943ms hit=0.0 e2e=2145.324ms
[ok] openhands s196 turn5 ttft=1156.856ms hit=0.991414 e2e=2537.765ms
[ok] openhands s258 turn26 ttft=1006.679ms hit=0.986631 e2e=2507.663ms
[ok] request s517 turn2 ttft=576.849ms hit=0.524805 e2e=1957.685ms
[ok] openhands s67 turn21 ttft=883.204ms hit=0.925166 e2e=2550.263ms
[ok] request s18 turn4 ttft=581.703ms hit=0.613174 e2e=1962.502ms
[ok] request s214 turn5 ttft=576.922ms hit=0.903823 e2e=1956.836ms
[ok] request s465 turn4 ttft=579.968ms hit=0.731196 e2e=1960.598ms
[ok] request s568 turn0 ttft=444.681ms hit=0.0 e2e=1824.553ms
[ok] openhands s3 turn25 ttft=732.132ms hit=0.979138 e2e=2563.096ms
[ok] request s483 turn0 ttft=959.454ms hit=0.0 e2e=2792.487ms
[ok] openhands s385 turn63 ttft=995.191ms hit=0.991743 e2e=2827.847ms
[ok] request s301 turn0 ttft=237.391ms hit=0.0 e2e=1503.283ms
[ok] request s45 turn0 ttft=488.432ms hit=0.0 e2e=1762.665ms
[ok] request s270 turn0 ttft=176.05ms hit=0.0 e2e=1441.474ms
[ok] openhands s511 turn0 ttft=696.842ms hit=0.0 e2e=2087.582ms
[ok] request s109 turn0 ttft=150.033ms hit=0.0 e2e=1120.558ms
[ok] request s416 turn0 ttft=799.817ms hit=0.0 e2e=803.816ms
[ok] openhands s3 turn26 ttft=906.921ms hit=0.991022 e2e=1965.292ms
[ok] openhands s386 turn4 ttft=838.102ms hit=0.941649 e2e=1901.066ms
[ok] openhands s196 turn6 ttft=894.281ms hit=0.996636 e2e=1956.359ms
[ok] request s162 turn0 ttft=537.725ms hit=0.0 e2e=1987.043ms
[ok] request s517 turn3 ttft=589.503ms hit=0.640534 e2e=1821.465ms
[ok] openhands s385 turn64 ttft=922.622ms hit=0.996669 e2e=2372.944ms
[ok] request s214 turn6 ttft=585.399ms hit=0.880576 e2e=1817.24ms
[ok] request s211 turn0 ttft=240.638ms hit=0.0 e2e=1342.978ms
[ok] request s18 turn5 ttft=588.889ms hit=0.495484 e2e=1820.049ms
[ok] request s568 turn1 ttft=581.906ms hit=0.0 e2e=1812.758ms
[ok] request s301 turn1 ttft=578.847ms hit=0.0 e2e=1810.941ms
[ok] openhands s67 turn22 ttft=692.995ms hit=0.996292 e2e=1809.728ms
[ok] openhands s511 turn1 ttft=393.59ms hit=0.988028 e2e=1510.06ms
[ok] request s63 turn0 ttft=548.467ms hit=0.0 e2e=1666.288ms
[ok] request s465 turn5 ttft=584.652ms hit=0.832746 e2e=1816.184ms
[ok] request s483 turn1 ttft=581.812ms hit=0.0 e2e=1813.121ms
[ok] request s201 turn0 ttft=134.467ms hit=0.0 e2e=701.646ms
[ok] request s109 turn1 ttft=149.204ms hit=0.0 e2e=918.281ms
[ok] request s45 turn1 ttft=153.216ms hit=0.0 e2e=922.057ms
[ok] request s86 turn0 ttft=247.802ms hit=0.0 e2e=1027.661ms
[ok] request s149 turn0 ttft=499.425ms hit=0.0 e2e=1596.715ms
[ok] request s287 turn0 ttft=546.801ms hit=0.0 e2e=883.174ms
[ok] request s150 turn0 ttft=643.594ms hit=0.0 e2e=1579.401ms
[ok] openhands s3 turn27 ttft=457.625ms hit=0.990094 e2e=3314.196ms
[ok] request s275 turn0 ttft=553.423ms hit=0.0 e2e=2926.343ms
[ok] openhands s511 turn2 ttft=495.078ms hit=0.9433 e2e=2867.199ms
[ok] openhands s385 turn65 ttft=2166.395ms hit=0.988913 e2e=2858.272ms
[ok] request s407 turn0 ttft=876.756ms hit=0.0 e2e=3249.911ms
[ok] openhands s386 turn5 ttft=900.581ms hit=0.948454 e2e=3275.616ms
[ok] openhands s196 turn7 ttft=932.105ms hit=0.99343 e2e=3306.695ms
[ok] openhands s67 turn23 ttft=683.782ms hit=0.996531 e2e=3524.668ms
[ok] request s334 turn0 ttft=328.649ms hit=0.0 e2e=2372.735ms
[ok] request s484 turn0 ttft=146.348ms hit=0.0 e2e=1620.81ms
[ok] request s197 turn0 ttft=239.046ms hit=0.0 e2e=2050.11ms
[ok] request s523 turn0 ttft=231.921ms hit=0.0 e2e=2276.076ms
[ok] request s111 turn0 ttft=239.691ms hit=0.0 e2e=1727.646ms
[ok] request s18 turn6 ttft=954.636ms hit=0.586932 e2e=3009.368ms
[ok] request s483 turn2 ttft=951.005ms hit=0.0 e2e=3005.442ms
[ok] request s517 turn4 ttft=775.062ms hit=0.753099 e2e=3011.954ms
[ok] openhands s132 turn0 ttft=1024.749ms hit=0.0 e2e=3261.362ms
[ok] request s419 turn0 ttft=783.564ms hit=0.0 e2e=3019.903ms
[ok] request s471 turn0 ttft=146.159ms hit=0.0 e2e=1950.612ms
[ok] request s568 turn2 ttft=955.059ms hit=0.0 e2e=3008.388ms
[ok] request s172 turn0 ttft=878.207ms hit=0.0 e2e=2933.235ms
[ok] request s86 turn1 ttft=949.361ms hit=0.0 e2e=3003.725ms
[ok] request s45 turn2 ttft=949.699ms hit=0.0 e2e=3005.808ms
[ok] request s150 turn1 ttft=170.585ms hit=0.0 e2e=998.252ms
[ok] request s297 turn0 ttft=147.33ms hit=0.0 e2e=1670.568ms
[ok] request s320 turn0 ttft=242.668ms hit=0.0 e2e=1781.934ms
[ok] request s434 turn0 ttft=141.406ms hit=0.0 e2e=2104.152ms
[ok] request s107 turn0 ttft=242.925ms hit=0.0 e2e=2298.131ms
[ok] request s150 turn2 ttft=557.002ms hit=0.0 e2e=1125.304ms
[ok] request s461 turn0 ttft=733.681ms hit=0.0 e2e=2033.092ms
[ok] request s302 turn0 ttft=281.933ms hit=0.0 e2e=902.945ms
[ok] openhands s3 turn28 ttft=739.007ms hit=0.993731 e2e=2400.983ms
[ok] openhands s386 turn6 ttft=667.621ms hit=0.906061 e2e=2332.813ms
[ok] request s76 turn0 ttft=643.633ms hit=0.0 e2e=2308.622ms
[ok] openhands s385 turn66 ttft=1946.981ms hit=0.997117 e2e=2390.339ms
[ok] openhands s511 turn3 ttft=727.143ms hit=0.971862 e2e=2393.644ms
[ok] request s150 turn3 ttft=243.534ms hit=0.0 e2e=824.903ms
[ok] openhands s258 turn27 ttft=784.417ms hit=0.966404 e2e=2155.032ms
[ok] request s18 turn7 ttft=353.659ms hit=0.778116 e2e=1540.872ms
[ok] request s86 turn2 ttft=345.515ms hit=0.0 e2e=1533.494ms
[ok] request s243 turn0 ttft=637.078ms hit=0.0 e2e=2120.333ms
[ok] openhands s67 turn24 ttft=650.107ms hit=0.99686 e2e=2135.198ms
[ok] request s571 turn0 ttft=783.567ms hit=0.0 e2e=2454.122ms
[ok] openhands s196 turn8 ttft=1077.41ms hit=0.990217 e2e=2842.527ms
[ok] openhands s132 turn1 ttft=638.758ms hit=0.831013 e2e=2124.164ms
[ok] request s475 turn0 ttft=427.522ms hit=0.0 e2e=1799.72ms
[ok] request s484 turn1 ttft=328.381ms hit=0.379935 e2e=1545.504ms
[ok] request s45 turn3 ttft=470.168ms hit=0.0 e2e=1842.43ms
[ok] request s471 turn1 ttft=350.681ms hit=0.0 e2e=1538.381ms
[ok] request s172 turn1 ttft=348.376ms hit=0.577878 e2e=1537.664ms
[ok] request s523 turn1 ttft=356.495ms hit=0.671916 e2e=1545.397ms
[ok] request s517 turn5 ttft=323.481ms hit=0.767361 e2e=1541.66ms
[ok] request s175 turn0 ttft=196.444ms hit=0.0 e2e=1688.529ms
[ok] request s50 turn0 ttft=229.822ms hit=0.0 e2e=1867.383ms
[ok] request s327 turn0 ttft=467.36ms hit=0.0 e2e=1632.248ms
[ok] openhands s3 turn29 ttft=476.625ms hit=0.993773 e2e=1852.489ms
[ok] openhands s196 turn9 ttft=1032.083ms hit=0.994272 e2e=1361.148ms
[ok] request s302 turn1 ttft=492.932ms hit=0.0 e2e=1329.829ms
[ok] openhands s132 turn2 ttft=539.66ms hit=0.978485 e2e=1382.024ms
[ok] openhands s511 turn4 ttft=977.907ms hit=0.968145 e2e=1823.316ms
[ok] request s434 turn1 ttft=947.497ms hit=0.0 e2e=1792.655ms
[ok] openhands s386 turn7 ttft=437.39ms hit=0.957147 e2e=1820.433ms
[ok] request s461 turn1 ttft=813.531ms hit=0.0 e2e=1658.825ms
[ok] openhands s385 turn67 ttft=1001.987ms hit=0.979046 e2e=1847.04ms
[ok] request s167 turn0 ttft=702.057ms hit=0.0 e2e=1546.994ms
[ok] openhands s67 turn25 ttft=812.174ms hit=0.983675 e2e=2197.164ms
[ok] request s471 turn2 ttft=510.704ms hit=0.497087 e2e=1882.26ms
[ok] request s77 turn0 ttft=337.017ms hit=0.0 e2e=1708.31ms
[ok] request s388 turn0 ttft=649.823ms hit=0.0 e2e=2036.368ms
[ok] request s76 turn1 ttft=692.8ms hit=0.0 e2e=2078.524ms
[ok] request s172 turn2 ttft=349.061ms hit=0.793552 e2e=1603.418ms
[ok] request s517 turn6 ttft=228.879ms hit=0.810796 e2e=1600.495ms
[ok] request s523 turn2 ttft=230.778ms hit=0.555917 e2e=1602.209ms
[ok] request s153 turn0 ttft=137.497ms hit=0.0 e2e=1384.72ms
[ok] request s545 turn0 ttft=193.469ms hit=0.0 e2e=2795.567ms
[ok] openhands s258 turn28 ttft=991.865ms hit=0.965014 e2e=2793.837ms
[ok] openhands s3 turn30 ttft=819.004ms hit=0.993975 e2e=2816.906ms
[ok] request s417 turn0 ttft=928.754ms hit=0.0 e2e=2397.623ms
[ok] openhands s0 turn0 ttft=1005.21ms hit=0.0 e2e=2731.091ms
[ok] openhands s386 turn8 ttft=1003.601ms hit=0.917806 e2e=2729.148ms
[ok] request s302 turn2 ttft=755.526ms hit=0.0 e2e=2229.874ms
[ok] request s208 turn0 ttft=602.428ms hit=0.0 e2e=2076.476ms
[ok] openhands s511 turn5 ttft=961.975ms hit=0.976326 e2e=2753.713ms
[ok] openhands s196 turn10 ttft=1336.76ms hit=0.994709 e2e=2810.694ms
[ok] request s167 turn1 ttft=750.087ms hit=0.0 e2e=2223.806ms
[ok] openhands s132 turn3 ttft=964.443ms hit=0.978107 e2e=2757.508ms
[ok] openhands s67 turn26 ttft=538.084ms hit=0.990114 e2e=2004.336ms
[ok] request s364 turn0 ttft=283.846ms hit=0.0 e2e=1749.868ms
[ok] openhands s385 turn68 ttft=1305.899ms hit=0.994618 e2e=2780.115ms
[ok] request s471 turn3 ttft=580.332ms hit=0.0 e2e=2251.194ms
[ok] request s388 turn1 ttft=579.0ms hit=0.0 e2e=2249.531ms
[ok] request s264 turn0 ttft=286.081ms hit=0.0 e2e=2265.18ms
[ok] request s76 turn2 ttft=578.406ms hit=0.0 e2e=2248.82ms
[ok] request s298 turn0 ttft=319.987ms hit=0.0 e2e=1609.498ms
[ok] request s517 turn7 ttft=820.996ms hit=0.0 e2e=2246.204ms
[ok] request s172 turn3 ttft=577.536ms hit=0.0 e2e=2248.076ms
[ok] request s443 turn0 ttft=145.252ms hit=0.0 e2e=1282.069ms
[ok] request s523 turn3 ttft=573.524ms hit=0.0 e2e=2244.099ms
[ok] request s157 turn0 ttft=626.246ms hit=0.0 e2e=1938.4ms
[ok] request s339 turn0 ttft=456.756ms hit=0.0 e2e=599.346ms
[ok] request s204 turn0 ttft=939.416ms hit=0.0 e2e=1917.664ms
[ok] openhands s258 turn29 ttft=1551.597ms hit=0.95351 e2e=1986.858ms
[ok] openhands s3 turn31 ttft=830.147ms hit=0.994207 e2e=1856.61ms
[ok] openhands s0 turn1 ttft=1394.05ms hit=0.899993 e2e=1842.558ms
[ok] openhands s132 turn4 ttft=813.066ms hit=0.981607 e2e=1840.568ms
[ok] openhands s386 turn9 ttft=818.389ms hit=0.922695 e2e=1846.995ms
[ok] request s496 turn0 ttft=676.026ms hit=0.0 e2e=1715.249ms
[ok] openhands s196 turn11 ttft=1043.208ms hit=0.994899 e2e=2082.044ms
[ok] request s308 turn0 ttft=787.374ms hit=0.0 e2e=2043.084ms
[ok] request s302 turn3 ttft=622.853ms hit=0.63745 e2e=1661.644ms
[ok] request s101 turn0 ttft=139.484ms hit=0.0 e2e=1059.859ms
[ok] request s167 turn2 ttft=621.641ms hit=0.695652 e2e=1660.34ms
[ok] openhands s67 turn27 ttft=819.701ms hit=0.968732 e2e=2236.362ms
[ok] request s545 turn1 ttft=888.188ms hit=0.0 e2e=1926.873ms
[ok] openhands s511 turn6 ttft=751.96ms hit=0.848046 e2e=1790.401ms
[ok] request s471 turn4 ttft=271.733ms hit=0.0 e2e=1326.917ms
[ok] request s383 turn0 ttft=191.901ms hit=0.0 e2e=1240.849ms
[ok] request s388 turn2 ttft=268.088ms hit=0.0 e2e=1323.354ms
[ok] request s443 turn1 ttft=269.16ms hit=0.0 e2e=1319.701ms
[ok] request s76 turn3 ttft=271.269ms hit=0.0 e2e=1321.551ms
[ok] request s264 turn1 ttft=265.625ms hit=0.0 e2e=1322.811ms
[ok] openhands s3 turn32 ttft=1217.867ms hit=0.994437 e2e=1228.869ms
[ok] request s567 turn0 ttft=632.255ms hit=0.0 e2e=1234.356ms
[ok] openhands s132 turn5 ttft=1202.51ms hit=0.901262 e2e=1213.488ms
[ok] openhands s386 turn10 ttft=1123.575ms hit=0.919583 e2e=1136.202ms
[ok] openhands s258 turn30 ttft=415.357ms hit=0.958676 e2e=1248.333ms
[ok] openhands s0 turn2 ttft=1205.232ms hit=0.976239 e2e=1216.895ms
[ok] request s339 turn1 ttft=417.76ms hit=0.0 e2e=1019.831ms
[ok] request s312 turn0 ttft=307.777ms hit=0.0 e2e=908.419ms
[ok] openhands s67 turn28 ttft=479.699ms hit=0.997377 e2e=829.542ms
[ok] request s181 turn0 ttft=234.849ms hit=0.0 e2e=583.191ms
[ok] request s110 turn0 ttft=401.947ms hit=0.0 e2e=602.69ms
[ok] request s339 turn2 ttft=377.307ms hit=0.0 e2e=696.154ms
[ok] request s339 turn3 ttft=148.273ms hit=0.0 e2e=327.906ms
[ok] openhands s3 turn33 ttft=642.947ms hit=0.993779 e2e=2362.562ms
[ok] openhands s386 turn11 ttft=543.005ms hit=0.958258 e2e=2253.331ms
[ok] request s443 turn2 ttft=524.862ms hit=0.332036 e2e=2086.532ms
[ok] openhands s196 turn12 ttft=945.279ms hit=0.98971 e2e=2675.293ms
[ok] openhands s0 turn3 ttft=634.942ms hit=0.984401 e2e=2351.954ms
[ok] request s167 turn3 ttft=872.8ms hit=0.0 e2e=2602.747ms
[ok] request s69 turn0 ttft=581.833ms hit=0.0 e2e=2298.262ms
[ok] openhands s132 turn6 ttft=629.311ms hit=0.987517 e2e=2356.656ms
[ok] request s487 turn0 ttft=896.831ms hit=0.0 e2e=2626.075ms
[ok] request s101 turn1 ttft=874.862ms hit=0.0 e2e=2604.845ms
[ok] request s496 turn1 ttft=877.074ms hit=0.0 e2e=2606.347ms
[ok] request s545 turn2 ttft=871.681ms hit=0.0 e2e=2602.703ms
[ok] openhands s67 turn29 ttft=780.144ms hit=0.997857 e2e=2350.92ms
[ok] openhands s258 turn31 ttft=524.776ms hit=0.961311 e2e=1920.898ms
[ok] request s567 turn1 ttft=379.986ms hit=0.0 e2e=1775.941ms
[ok] request s388 turn3 ttft=527.358ms hit=0.583144 e2e=2097.493ms
[ok] request s181 turn1 ttft=375.045ms hit=0.0 e2e=1775.495ms
[ok] request s263 turn0 ttft=250.671ms hit=0.0 e2e=1647.807ms
[ok] openhands s4 turn0 ttft=690.593ms hit=0.0 e2e=1731.772ms
[ok] request s177 turn0 ttft=160.06ms hit=0.0 e2e=1077.96ms
[ok] request s492 turn0 ttft=480.062ms hit=0.0 e2e=1407.247ms
[ok] request s526 turn0 ttft=132.596ms hit=0.0 e2e=751.62ms
[ok] openhands s386 turn12 ttft=414.903ms hit=0.971103 e2e=1861.179ms
[ok] openhands s132 turn7 ttft=1491.968ms hit=0.987529 e2e=1818.425ms
[ok] request s276 turn0 ttft=411.842ms hit=0.0 e2e=1858.837ms
[ok] openhands s0 turn4 ttft=1496.892ms hit=0.90387 e2e=1824.64ms
[ok] request s545 turn3 ttft=427.695ms hit=0.332468 e2e=1438.14ms
[ok] request s526 turn1 ttft=369.561ms hit=0.0 e2e=1258.422ms
[ok] request s213 turn0 ttft=411.301ms hit=0.0 e2e=1303.036ms
[ok] request s62 turn0 ttft=460.109ms hit=0.0 e2e=1958.494ms
[ok] openhands s4 turn1 ttft=404.741ms hit=0.977955 e2e=1861.087ms
[ok] openhands s196 turn13 ttft=774.43ms hit=0.996243 e2e=2272.596ms
[ok] request s101 turn2 ttft=428.297ms hit=0.0 e2e=1672.087ms
[ok] openhands s258 turn32 ttft=562.954ms hit=0.965043 e2e=1805.821ms
[ok] request s443 turn3 ttft=446.829ms hit=0.674868 e2e=1692.703ms
[ok] request s496 turn2 ttft=427.496ms hit=0.496124 e2e=1674.733ms
[ok] openhands s3 turn34 ttft=645.209ms hit=0.992782 e2e=1690.823ms
[ok] request s395 turn0 ttft=590.65ms hit=0.0 e2e=1637.126ms
[ok] openhands s511 turn7 ttft=431.439ms hit=0.664711 e2e=1328.435ms
[ok] request s567 turn2 ttft=425.512ms hit=0.311057 e2e=1671.849ms
[ok] request s388 turn4 ttft=424.686ms hit=0.742459 e2e=1670.821ms
[ok] request s61 turn0 ttft=209.078ms hit=0.0 e2e=982.812ms
[ok] request s220 turn0 ttft=140.245ms hit=0.0 e2e=1346.58ms
[ok] openhands s386 turn13 ttft=308.739ms hit=0.982133 e2e=2007.985ms
[ok] request s138 turn0 ttft=246.841ms hit=0.0 e2e=1916.981ms
[ok] openhands s0 turn5 ttft=324.516ms hit=0.870646 e2e=1994.364ms
[ok] openhands s132 turn8 ttft=330.925ms hit=0.973333 e2e=2004.246ms
[ok] openhands s4 turn2 ttft=1895.194ms hit=0.985776 e2e=2301.992ms
[ok] request s220 turn1 ttft=225.031ms hit=0.0 e2e=1539.558ms
[ok] request s543 turn0 ttft=511.314ms hit=0.0 e2e=1848.031ms
[ok] openhands s3 turn35 ttft=638.054ms hit=0.986899 e2e=2782.94ms
[ok] openhands s511 turn8 ttft=646.377ms hit=0.989596 e2e=2789.706ms
[ok] request s41 turn0 ttft=206.893ms hit=0.0 e2e=1527.772ms
[ok] request s221 turn0 ttft=1053.537ms hit=0.0 e2e=2511.08ms
[ok] openhands s196 turn14 ttft=1367.031ms hit=0.990795 e2e=2823.55ms
[ok] openhands s258 turn33 ttft=1197.571ms hit=0.910872 e2e=2836.933ms
[ok] request s358 turn0 ttft=624.487ms hit=0.0 e2e=2769.435ms
[ok] request s545 turn4 ttft=1019.494ms hit=0.0 e2e=2477.33ms
[ok] request s395 turn1 ttft=787.274ms hit=0.0 e2e=2242.193ms
[ok] request s61 turn1 ttft=782.062ms hit=0.0 e2e=2238.729ms
[ok] request s460 turn0 ttft=728.193ms hit=0.0 e2e=2184.573ms
[ok] request s388 turn5 ttft=785.536ms hit=0.709469 e2e=2241.727ms
[ok] request s101 turn3 ttft=789.749ms hit=0.666667 e2e=2247.738ms
[ok] openhands s386 turn14 ttft=285.744ms hit=0.962613 e2e=1751.052ms
[ok] request s205 turn0 ttft=246.087ms hit=0.0 e2e=1704.32ms
[ok] openhands s0 turn6 ttft=270.854ms hit=0.941124 e2e=1729.914ms
[ok] request s254 turn0 ttft=242.014ms hit=0.0 e2e=1380.933ms
[ok] request s138 turn1 ttft=167.116ms hit=0.0 e2e=1298.175ms
[ok] request s88 turn0 ttft=253.133ms hit=0.0 e2e=1433.216ms
[ok] openhands s4 turn3 ttft=363.11ms hit=0.696695 e2e=1426.028ms
[ok] request s415 turn0 ttft=166.648ms hit=0.0 e2e=1114.029ms
[ok] openhands s511 turn9 ttft=502.36ms hit=0.827784 e2e=1319.046ms
[ok] openhands s3 turn36 ttft=947.129ms hit=0.996794 e2e=1395.246ms
[ok] openhands s386 turn15 ttft=326.192ms hit=0.968474 e2e=900.245ms
[ok] openhands s196 turn15 ttft=760.833ms hit=0.986086 e2e=1381.302ms
[ok] request s220 turn2 ttft=241.216ms hit=0.300469 e2e=815.481ms
[ok] request s221 turn1 ttft=296.284ms hit=0.0 e2e=870.319ms
[ok] request s388 turn6 ttft=234.516ms hit=0.787692 e2e=808.363ms
[ok] openhands s0 turn7 ttft=322.436ms hit=0.909045 e2e=896.099ms
[ok] openhands s4 turn4 ttft=193.203ms hit=0.971274 e2e=1040.839ms
[ok] request s138 turn2 ttft=143.549ms hit=0.0 e2e=1451.246ms
[ok] openhands s511 turn10 ttft=604.056ms hit=0.964387 e2e=1399.721ms
[ok] openhands s3 turn37 ttft=522.227ms hit=0.992433 e2e=1543.951ms
[ok] request s88 turn1 ttft=535.668ms hit=0.0 e2e=1466.778ms
[ok] openhands s386 turn16 ttft=551.891ms hit=0.965152 e2e=1486.229ms
[ok] request s415 turn1 ttft=526.676ms hit=0.0 e2e=1460.798ms
[ok] openhands s0 turn8 ttft=596.973ms hit=0.885216 e2e=1532.455ms
[ok] request s220 turn3 ttft=529.016ms hit=0.0 e2e=1200.894ms
[ok] openhands s4 turn5 ttft=457.691ms hit=0.977929 e2e=1264.098ms
[ok] openhands s196 turn16 ttft=819.677ms hit=0.994794 e2e=1788.609ms
[ok] request s221 turn2 ttft=527.783ms hit=0.0 e2e=1202.379ms
[ok] openhands s258 turn34 ttft=543.168ms hit=0.986809 e2e=1217.5ms
[ok] request s388 turn7 ttft=527.517ms hit=0.0 e2e=1201.674ms
[ok] openhands s511 turn11 ttft=233.232ms hit=0.97535 e2e=1047.676ms
[ok] request s138 turn3 ttft=610.163ms hit=0.435374 e2e=1852.712ms
[ok] openhands s386 turn17 ttft=717.729ms hit=0.935205 e2e=1963.044ms
[ok] openhands s0 turn9 ttft=800.871ms hit=0.975454 e2e=2040.996ms
[ok] openhands s3 turn38 ttft=809.892ms hit=0.997656 e2e=2056.742ms
[ok] openhands s196 turn17 ttft=1745.723ms hit=0.997477 e2e=2088.816ms
[ok] openhands s258 turn35 ttft=1633.153ms hit=0.787045 e2e=2787.443ms
[ok] request s221 turn3 ttft=1072.766ms hit=0.0 e2e=2226.809ms
[ok] openhands s4 turn6 ttft=1620.693ms hit=0.895276 e2e=2774.439ms
[ok] request s220 turn4 ttft=1077.243ms hit=0.0 e2e=2230.682ms
[ok] request s88 turn2 ttft=1338.308ms hit=0.0 e2e=2491.449ms
[ok] openhands s511 turn12 ttft=1116.388ms hit=0.980843 e2e=2272.655ms
[ok] openhands s0 turn10 ttft=305.43ms hit=0.844125 e2e=1621.764ms
[ok] openhands s386 turn18 ttft=873.609ms hit=0.547242 e2e=1560.781ms
[ok] openhands s196 turn18 ttft=620.195ms hit=0.99766 e2e=1290.573ms
[ok] openhands s3 turn39 ttft=809.955ms hit=0.979035 e2e=1646.895ms
[ok] openhands s511 turn13 ttft=460.215ms hit=0.985709 e2e=1452.088ms
[ok] openhands s258 turn36 ttft=483.673ms hit=0.994403 e2e=1466.783ms
[ok] openhands s4 turn7 ttft=344.832ms hit=0.984055 e2e=1472.028ms
[ok] request s221 turn4 ttft=525.676ms hit=0.640801 e2e=1151.686ms
[ok] openhands s196 turn19 ttft=641.771ms hit=0.992294 e2e=1093.169ms
[ok] openhands s3 turn40 ttft=649.043ms hit=0.98626 e2e=1117.674ms
[ok] request s88 turn3 ttft=524.125ms hit=0.566685 e2e=1152.704ms
[ok] openhands s0 turn11 ttft=512.381ms hit=0.986878 e2e=1140.603ms
[ok] openhands s386 turn19 ttft=502.796ms hit=0.963547 e2e=1130.679ms
[ok] openhands s386 turn20 ttft=674.98ms hit=0.951437 e2e=1121.029ms
[ok] openhands s4 turn8 ttft=762.441ms hit=0.970055 e2e=1390.388ms
[ok] request s221 turn5 ttft=222.973ms hit=0.702011 e2e=528.956ms
[ok] openhands s258 turn37 ttft=755.145ms hit=0.995751 e2e=1404.936ms
[ok] openhands s196 turn20 ttft=774.926ms hit=0.991702 e2e=1083.36ms
[ok] openhands s3 turn41 ttft=807.74ms hit=0.992753 e2e=1117.117ms
[ok] openhands s386 turn21 ttft=527.867ms hit=0.973384 e2e=1152.008ms
[ok] openhands s4 turn9 ttft=520.836ms hit=0.984706 e2e=1145.424ms
[ok] openhands s3 turn42 ttft=515.562ms hit=0.991479 e2e=1141.376ms
[ok] openhands s196 turn21 ttft=812.689ms hit=0.990442 e2e=1334.25ms
[ok] request s221 turn6 ttft=345.859ms hit=0.538569 e2e=862.823ms
[ok] openhands s386 turn22 ttft=308.257ms hit=0.940658 e2e=1138.613ms
[ok] openhands s3 turn43 ttft=588.173ms hit=0.99416 e2e=1201.83ms
[ok] openhands s4 turn10 ttft=879.909ms hit=0.954428 e2e=1185.514ms
[ok] openhands s196 turn22 ttft=459.559ms hit=0.995549 e2e=1158.166ms
[ok] openhands s132 turn9 ttft=198.125ms hit=0.983254 e2e=851.35ms
[ok] request s221 turn7 ttft=163.059ms hit=0.0 e2e=810.431ms
[ok] openhands s386 turn23 ttft=592.074ms hit=0.992882 e2e=732.303ms
[ok] openhands s3 turn44 ttft=469.707ms hit=0.969697 e2e=731.362ms
[ok] openhands s4 turn11 ttft=456.39ms hit=0.989576 e2e=714.243ms
[ok] openhands s386 turn24 ttft=637.802ms hit=0.986848 e2e=1551.302ms
[ok] openhands s3 turn45 ttft=565.012ms hit=0.996481 e2e=1569.749ms
[ok] openhands s4 turn12 ttft=480.379ms hit=0.964824 e2e=1485.066ms
[ok] openhands s196 turn23 ttft=763.089ms hit=0.993588 e2e=1799.815ms
[ok] openhands s0 turn12 ttft=743.755ms hit=0.719082 e2e=1237.104ms
[ok] openhands s132 turn10 ttft=792.848ms hit=0.988417 e2e=1605.034ms
[ok] openhands s4 turn13 ttft=715.859ms hit=0.971121 e2e=913.421ms
[ok] openhands s3 turn46 ttft=704.253ms hit=0.996979 e2e=995.718ms
[ok] openhands s196 turn24 ttft=605.011ms hit=0.983471 e2e=1138.562ms
[ok] openhands s0 turn13 ttft=576.92ms hit=0.98092 e2e=1102.288ms
[ok] openhands s132 turn11 ttft=527.383ms hit=0.980151 e2e=1052.375ms
[ok] openhands s4 turn14 ttft=479.175ms hit=0.982745 e2e=947.158ms
[ok] openhands s3 turn47 ttft=339.113ms hit=0.994061 e2e=856.339ms
[ok] openhands s132 turn12 ttft=464.672ms hit=0.969125 e2e=1088.95ms
[ok] openhands s0 turn14 ttft=930.244ms hit=0.942558 e2e=1084.077ms
[ok] openhands s4 turn15 ttft=428.466ms hit=0.984418 e2e=717.421ms
[ok] openhands s3 turn48 ttft=432.165ms hit=0.993843 e2e=710.623ms
[ok] openhands s196 turn25 ttft=751.091ms hit=0.994438 e2e=1183.295ms
[ok] openhands s3 turn49 ttft=558.405ms hit=0.986041 e2e=974.165ms
[ok] openhands s4 turn16 ttft=539.45ms hit=0.981075 e2e=955.217ms
[ok] openhands s196 turn26 ttft=756.078ms hit=0.979061 e2e=1216.425ms
[ok] openhands s4 turn17 ttft=418.725ms hit=0.984461 e2e=685.06ms
[ok] openhands s3 turn50 ttft=427.34ms hit=0.992679 e2e=677.758ms
[ok] openhands s4 turn18 ttft=584.406ms hit=0.988725 e2e=792.988ms
[ok] openhands s196 turn27 ttft=484.236ms hit=0.993529 e2e=1080.153ms
[ok] openhands s3 turn51 ttft=565.706ms hit=0.98284 e2e=1036.871ms
[ok] openhands s4 turn19 ttft=278.338ms hit=0.978518 e2e=869.978ms
[ok] openhands s196 turn28 ttft=478.113ms hit=0.998025 e2e=1034.535ms
[ok] openhands s4 turn20 ttft=296.108ms hit=0.942808 e2e=562.721ms
[ok] openhands s3 turn52 ttft=728.123ms hit=0.991501 e2e=1006.072ms
[ok] openhands s3 turn53 ttft=488.971ms hit=0.991951 e2e=749.921ms
[ok] openhands s4 turn21 ttft=478.051ms hit=0.938875 e2e=730.073ms
[ok] openhands s0 turn15 ttft=326.788ms hit=0.986476 e2e=807.127ms
[ok] openhands s4 turn22 ttft=361.209ms hit=0.978171 e2e=844.314ms
[ok] openhands s3 turn54 ttft=529.084ms hit=0.990295 e2e=845.011ms
[ok] openhands s0 turn16 ttft=382.442ms hit=0.977733 e2e=969.528ms
[ok] openhands s4 turn23 ttft=518.272ms hit=0.977195 e2e=960.407ms
[ok] openhands s132 turn13 ttft=330.35ms hit=0.979655 e2e=595.93ms
[ok] openhands s3 turn55 ttft=677.949ms hit=0.995345 e2e=950.964ms
[ok] openhands s4 turn24 ttft=351.738ms hit=0.988128 e2e=828.896ms
[ok] openhands s132 turn14 ttft=463.459ms hit=0.911762 e2e=793.801ms
[ok] openhands s3 turn56 ttft=511.899ms hit=0.99197 e2e=818.914ms
[ok] openhands s4 turn25 ttft=501.431ms hit=0.976447 e2e=641.621ms
[ok] openhands s3 turn57 ttft=442.516ms hit=0.984758 e2e=742.14ms
[ok] openhands s4 turn26 ttft=393.377ms hit=0.9844 e2e=634.912ms
[ok] openhands s3 turn58 ttft=371.906ms hit=0.976923 e2e=747.04ms
[ok] openhands s4 turn27 ttft=244.582ms hit=0.980542 e2e=646.135ms
[ok] openhands s4 turn28 ttft=316.368ms hit=0.977187 e2e=755.755ms
[ok] openhands s3 turn59 ttft=517.759ms hit=0.982875 e2e=965.065ms
[ok] openhands s132 turn15 ttft=274.243ms hit=0.845477 e2e=669.102ms
[ok] openhands s3 turn60 ttft=515.225ms hit=0.987908 e2e=776.25ms
[ok] openhands s4 turn29 ttft=500.169ms hit=0.984528 e2e=754.051ms
[ok] openhands s4 turn30 ttft=631.993ms hit=0.981897 e2e=819.825ms
[ok] openhands s3 turn61 ttft=492.534ms hit=0.971573 e2e=933.37ms
[ok] openhands s0 turn17 ttft=262.092ms hit=0.983261 e2e=656.395ms
[ok] openhands s4 turn31 ttft=337.742ms hit=0.98118 e2e=793.277ms
[ok] openhands s3 turn62 ttft=509.492ms hit=0.996303 e2e=777.098ms
[ok] openhands s0 turn18 ttft=304.168ms hit=0.958429 e2e=561.41ms
[ok] openhands s4 turn32 ttft=928.164ms hit=0.978445 e2e=1071.321ms
[ok] openhands s0 turn19 ttft=820.712ms hit=0.941662 e2e=1053.729ms
[ok] openhands s132 turn16 ttft=517.157ms hit=0.794291 e2e=828.348ms
[ok] openhands s3 turn63 ttft=666.14ms hit=0.995952 e2e=1079.832ms
[ok] openhands s4 turn33 ttft=1052.174ms hit=0.985297 e2e=1193.733ms
[ok] openhands s0 turn20 ttft=603.194ms hit=0.885339 e2e=1185.692ms
[ok] openhands s3 turn64 ttft=834.722ms hit=0.990932 e2e=1170.009ms
[ok] openhands s132 turn17 ttft=822.652ms hit=0.780339 e2e=1178.058ms
[ok] openhands s4 turn34 ttft=805.475ms hit=0.994435 e2e=932.903ms
[ok] openhands s3 turn65 ttft=526.397ms hit=0.992307 e2e=943.933ms
[ok] openhands s132 turn18 ttft=646.183ms hit=0.911955 e2e=911.244ms
[ok] openhands s0 turn21 ttft=633.514ms hit=0.991833 e2e=920.634ms
[ok] openhands s4 turn35 ttft=285.107ms hit=0.976967 e2e=825.446ms
[ok] openhands s0 turn22 ttft=573.16ms hit=0.948319 e2e=727.539ms
[ok] openhands s3 turn66 ttft=389.161ms hit=0.988862 e2e=690.969ms
[ok] openhands s4 turn36 ttft=1129.602ms hit=0.983407 e2e=1495.998ms
[ok] openhands s132 turn19 ttft=1224.231ms hit=0.930269 e2e=1371.477ms
[ok] openhands s0 turn23 ttft=901.567ms hit=0.811053 e2e=1455.157ms
[ok] openhands s3 turn67 ttft=1010.973ms hit=0.976768 e2e=1364.526ms
[ok] openhands s4 turn37 ttft=577.7ms hit=0.981281 e2e=988.2ms
[ok] openhands s132 turn20 ttft=790.537ms hit=0.973322 e2e=937.71ms
[ok] openhands s0 turn24 ttft=405.233ms hit=0.953993 e2e=997.27ms
[ok] openhands s3 turn68 ttft=561.538ms hit=0.988749 e2e=987.227ms
[ok] openhands s132 turn21 ttft=624.326ms hit=0.853473 e2e=1077.673ms
[ok] openhands s4 turn38 ttft=623.155ms hit=0.986564 e2e=1069.166ms
[ok] openhands s3 turn69 ttft=602.601ms hit=0.983763 e2e=872.364ms
[ok] openhands s0 turn25 ttft=597.219ms hit=0.982916 e2e=884.121ms
[ok] openhands s132 turn22 ttft=731.728ms hit=0.943359 e2e=855.683ms
[ok] openhands s0 turn26 ttft=640.177ms hit=0.991962 e2e=963.374ms
[ok] openhands s4 turn39 ttft=573.916ms hit=0.988264 e2e=888.547ms
[ok] openhands s132 turn23 ttft=407.741ms hit=0.9552 e2e=788.884ms
[ok] openhands s4 turn40 ttft=512.606ms hit=0.986979 e2e=660.756ms
[ok] openhands s0 turn27 ttft=458.638ms hit=0.970202 e2e=877.398ms
[ok] openhands s132 turn24 ttft=402.568ms hit=0.996256 e2e=768.171ms
[ok] openhands s4 turn41 ttft=609.708ms hit=0.996388 e2e=757.884ms
[ok] openhands s0 turn28 ttft=330.589ms hit=0.985771 e2e=772.574ms
[ok] openhands s132 turn25 ttft=462.765ms hit=0.96477 e2e=1034.215ms
[ok] openhands s4 turn42 ttft=636.824ms hit=0.960377 e2e=1024.236ms
[ok] openhands s0 turn29 ttft=550.841ms hit=0.938275 e2e=811.421ms
[ok] openhands s4 turn43 ttft=401.757ms hit=0.990148 e2e=833.71ms
[ok] openhands s0 turn30 ttft=644.102ms hit=0.963544 e2e=977.193ms
[ok] openhands s132 turn26 ttft=446.442ms hit=0.983108 e2e=773.293ms
[ok] openhands s132 turn27 ttft=510.435ms hit=0.982394 e2e=661.941ms
[ok] openhands s4 turn44 ttft=429.024ms hit=0.971998 e2e=793.65ms
[ok] openhands s0 turn31 ttft=423.761ms hit=0.987181 e2e=768.14ms
[ok] openhands s4 turn45 ttft=570.061ms hit=0.982013 e2e=712.615ms
[ok] openhands s0 turn32 ttft=418.962ms hit=0.96552 e2e=666.894ms
[ok] openhands s4 turn46 ttft=599.472ms hit=0.983777 e2e=741.481ms
[ok] openhands s0 turn33 ttft=551.057ms hit=0.966774 e2e=858.679ms
[ok] openhands s4 turn47 ttft=524.679ms hit=0.981377 e2e=666.545ms
[ok] openhands s0 turn34 ttft=374.917ms hit=0.99464 e2e=674.934ms
[ok] openhands s4 turn48 ttft=616.965ms hit=0.987065 e2e=759.505ms
[ok] openhands s0 turn35 ttft=477.643ms hit=0.963398 e2e=772.4ms
[ok] openhands s4 turn49 ttft=386.208ms hit=0.992115 e2e=678.08ms
[ok] openhands s0 turn36 ttft=396.361ms hit=0.988199 e2e=663.515ms
[ok] openhands s4 turn50 ttft=606.514ms hit=0.983643 e2e=749.058ms
[ok] openhands s0 turn37 ttft=466.429ms hit=0.968649 e2e=758.81ms
[ok] openhands s4 turn51 ttft=393.66ms hit=0.979031 e2e=669.549ms
[ok] openhands s0 turn38 ttft=381.21ms hit=0.993223 e2e=661.938ms
[ok] openhands s4 turn52 ttft=405.743ms hit=0.989219 e2e=807.257ms
[ok] openhands s0 turn39 ttft=538.709ms hit=0.961055 e2e=803.273ms
[ok] openhands s4 turn53 ttft=915.119ms hit=0.988646 e2e=1045.488ms
[ok] openhands s0 turn40 ttft=625.138ms hit=0.988369 e2e=1046.456ms
[ok] openhands s132 turn28 ttft=481.539ms hit=0.840115 e2e=758.453ms
[ok] openhands s4 turn54 ttft=504.957ms hit=0.986133 e2e=820.012ms
[ok] openhands s132 turn29 ttft=527.825ms hit=0.994129 e2e=678.765ms
[ok] openhands s0 turn41 ttft=422.829ms hit=0.98736 e2e=828.916ms
[ok] openhands s4 turn55 ttft=513.205ms hit=0.990196 e2e=834.451ms
[ok] openhands s132 turn30 ttft=669.497ms hit=0.981173 e2e=805.082ms
[ok] openhands s0 turn42 ttft=436.158ms hit=0.982472 e2e=762.613ms
[ok] openhands s132 turn31 ttft=727.983ms hit=0.987584 e2e=854.393ms
[ok] openhands s4 turn56 ttft=603.365ms hit=0.979366 e2e=750.125ms
[ok] openhands s0 turn43 ttft=564.799ms hit=0.9764 e2e=981.001ms
[ok] openhands s4 turn57 ttft=538.327ms hit=0.985385 e2e=977.792ms
[ok] openhands s132 turn32 ttft=822.331ms hit=0.988873 e2e=958.667ms
[ok] openhands s0 turn44 ttft=569.939ms hit=0.963214 e2e=968.637ms
[ok] openhands s132 turn33 ttft=534.272ms hit=0.995739 e2e=828.604ms
[ok] openhands s4 turn58 ttft=522.911ms hit=0.986944 e2e=817.235ms
[ok] openhands s0 turn45 ttft=428.304ms hit=0.988521 e2e=722.303ms
[ok] openhands s4 turn59 ttft=435.003ms hit=0.989001 e2e=797.886ms
[ok] openhands s0 turn46 ttft=525.541ms hit=0.973748 e2e=792.227ms
[ok] openhands s4 turn60 ttft=432.69ms hit=0.988938 e2e=704.938ms
[ok] openhands s0 turn47 ttft=446.864ms hit=0.988259 e2e=718.126ms
[ok] openhands s4 turn61 ttft=445.053ms hit=0.992883 e2e=777.305ms
[ok] openhands s0 turn48 ttft=523.672ms hit=0.978282 e2e=873.214ms
[ok] openhands s4 turn62 ttft=466.235ms hit=0.989272 e2e=720.69ms
[ok] openhands s0 turn49 ttft=473.272ms hit=0.992207 e2e=878.451ms
[ok] openhands s4 turn63 ttft=315.233ms hit=0.991169 e2e=736.063ms
[ok] openhands s0 turn50 ttft=469.308ms hit=0.989242 e2e=880.663ms
[ok] openhands s4 turn64 ttft=323.767ms hit=0.992852 e2e=588.208ms
[ok] openhands s4 turn65 ttft=598.242ms hit=0.992098 e2e=857.721ms
[ok] openhands s0 turn51 ttft=606.879ms hit=0.997244 e2e=881.567ms
[ok] openhands s4 turn66 ttft=449.711ms hit=0.986162 e2e=855.069ms
[ok] openhands s0 turn52 ttft=707.785ms hit=0.974781 e2e=965.316ms
[ok] openhands s0 turn53 ttft=667.663ms hit=0.984485 e2e=943.043ms
[ok] openhands s4 turn67 ttft=662.312ms hit=0.981331 e2e=923.707ms
[ok] openhands s4 turn68 ttft=436.327ms hit=0.993974 e2e=731.674ms
[ok] openhands s0 turn54 ttft=635.041ms hit=0.996039 e2e=924.885ms
[ok] openhands s4 turn69 ttft=328.299ms hit=0.984936 e2e=594.243ms
[ok] openhands s4 turn70 ttft=332.884ms hit=0.990276 e2e=587.077ms
[ok] openhands s4 turn71 ttft=340.364ms hit=0.991649 e2e=592.586ms
[ok] openhands s4 turn72 ttft=343.294ms hit=0.991388 e2e=597.016ms
[ok] openhands s4 turn73 ttft=333.473ms hit=0.988851 e2e=585.496ms
[ok] openhands s4 turn74 ttft=326.922ms hit=0.994679 e2e=579.248ms
[ok] openhands s4 turn75 ttft=331.781ms hit=0.993768 e2e=583.495ms
[ok] openhands s4 turn76 ttft=456.89ms hit=0.928603 e2e=710.625ms
[ok] openhands s4 turn77 ttft=342.29ms hit=0.995434 e2e=597.427ms
[ok] openhands s4 turn78 ttft=343.007ms hit=0.992534 e2e=596.41ms
[ok] openhands s4 turn79 ttft=355.971ms hit=0.989722 e2e=610.206ms
[ok] openhands s4 turn80 ttft=348.396ms hit=0.991934 e2e=605.313ms
[ok] openhands s4 turn81 ttft=358.299ms hit=0.994699 e2e=612.126ms
[ok] openhands s4 turn82 ttft=367.359ms hit=0.995125 e2e=621.025ms
[ok] openhands s4 turn83 ttft=355.008ms hit=0.994881 e2e=609.436ms
[ok] openhands s4 turn84 ttft=429.653ms hit=0.99311 e2e=684.683ms
[ok] openhands s4 turn85 ttft=496.098ms hit=0.994259 e2e=750.106ms
[ok] openhands s4 turn86 ttft=369.731ms hit=0.990374 e2e=624.675ms
[ok] openhands s4 turn87 ttft=364.393ms hit=0.992793 e2e=619.269ms
[ok] openhands s4 turn88 ttft=377.022ms hit=0.986565 e2e=633.853ms
[ok] openhands s4 turn89 ttft=370.424ms hit=0.992949 e2e=627.79ms
[ok] openhands s4 turn90 ttft=373.591ms hit=0.992114 e2e=630.752ms
[ok] openhands s4 turn91 ttft=380.918ms hit=0.989793 e2e=637.919ms
[ok] openhands s4 turn92 ttft=384.707ms hit=0.989143 e2e=643.041ms
[ok] openhands s4 turn93 ttft=381.245ms hit=0.995847 e2e=639.113ms
[ok] openhands s4 turn94 ttft=452.803ms hit=0.994269 e2e=709.227ms
[ok] openhands s4 turn95 ttft=385.36ms hit=0.991689 e2e=644.807ms
[ok] openhands s4 turn96 ttft=385.1ms hit=0.997331 e2e=643.206ms
[ok] openhands s4 turn97 ttft=391.058ms hit=0.991479 e2e=651.144ms
[ok] openhands s4 turn98 ttft=386.863ms hit=0.991386 e2e=645.081ms
[ok] openhands s4 turn99 ttft=402.572ms hit=0.990189 e2e=661.436ms
[ok] openhands s4 turn100 ttft=404.509ms hit=0.991566 e2e=663.261ms
[ok] openhands s4 turn101 ttft=390.358ms hit=0.99258 e2e=649.297ms
[ok] openhands s4 turn102 ttft=393.02ms hit=0.995805 e2e=652.191ms
[ok] openhands s4 turn103 ttft=488.267ms hit=0.991674 e2e=727.511ms
[ok] openhands s4 turn104 ttft=430.141ms hit=0.986734 e2e=689.642ms
[ok] openhands s4 turn105 ttft=399.631ms hit=0.9899 e2e=659.898ms
[ok] openhands s4 turn106 ttft=419.115ms hit=0.990515 e2e=678.771ms
[ok] openhands s4 turn107 ttft=402.539ms hit=0.995615 e2e=662.515ms
[ok] openhands s4 turn108 ttft=407.285ms hit=0.997096 e2e=666.563ms
[ok] openhands s4 turn109 ttft=402.043ms hit=0.992975 e2e=663.268ms
[ok] openhands s4 turn110 ttft=402.828ms hit=0.997195 e2e=662.875ms
[ok] openhands s4 turn111 ttft=421.49ms hit=0.994208 e2e=681.864ms
[ok] openhands s4 turn112 ttft=407.666ms hit=0.994135 e2e=668.822ms
[done] issued=1970 ok=1970 err=0 wall=391.4s
[done] /share/dai-sys/zhoulongsheng/agentkv/experiments/evict_position/online_runs/20260913_110634_formal_rep3/precompute/replay/replay.jsonl
[done] /share/dai-sys/zhoulongsheng/agentkv/experiments/evict_position/online_runs/20260913_110634_formal_rep3/precompute/replay/summary.json
[done] /share/dai-sys/zhoulongsheng/agentkv/experiments/evict_position/online_runs/20260913_110634_formal_rep3/precompute/replay/report.md
